-4.000000000000000000e+00 -1.235387980849680289e+01
-3.999394939493949419e+00 -1.235218025567369082e+01
-3.998789878987898838e+00 -1.235048073918916067e+01
-3.998184818481848257e+00 -1.234878125904321067e+01
-3.997579757975797676e+00 -1.234708181523583548e+01
-3.996974697469747095e+00 -1.234538240776704221e+01
-3.996369636963696514e+00 -1.234368303663682909e+01
-3.995764576457645934e+00 -1.234198370184519433e+01
-3.995159515951595353e+00 -1.234028440339213972e+01
-3.994554455445544772e+00 -1.233858514127766526e+01
-3.993949394939493747e+00 -1.233688591550176916e+01
-3.993344334433443166e+00 -1.233518672606444966e+01
-3.992739273927392585e+00 -1.233348757296571385e+01
-3.992134213421342004e+00 -1.233178845620555641e+01
-3.991529152915291423e+00 -1.233008937578397557e+01
-3.990924092409240842e+00 -1.232839033170097842e+01
-3.990319031903190261e+00 -1.232669132395655787e+01
-3.989713971397139680e+00 -1.232499235255071746e+01
-3.989108910891089099e+00 -1.232329341748345719e+01
-3.988503850385038518e+00 -1.232159451875477707e+01
-3.987898789878987937e+00 -1.231989565636467532e+01
-3.987293729372937356e+00 -1.231819683031315193e+01
-3.986688668866886776e+00 -1.231649804060021047e+01
-3.986083608360836195e+00 -1.231479928722584560e+01
-3.985478547854785614e+00 -1.231310057019006265e+01
-3.984873487348735033e+00 -1.231140188949285807e+01
-3.984268426842684452e+00 -1.230970324513423364e+01
-3.983663366336633871e+00 -1.230800463711418580e+01
-3.983058305830582846e+00 -1.230630606543271988e+01
-3.982453245324532265e+00 -1.230460753008983232e+01
-3.981848184818481684e+00 -1.230290903108552492e+01
-3.981243124312431103e+00 -1.230121056841979765e+01
-3.980638063806380522e+00 -1.229951214209264876e+01
-3.980033003300329941e+00 -1.229781375210408001e+01
-3.979427942794279360e+00 -1.229611539845408963e+01
-3.978822882288228779e+00 -1.229441708114268117e+01
-3.978217821782178198e+00 -1.229271880016984930e+01
-3.977612761276127618e+00 -1.229102055553559758e+01
-3.977007700770077037e+00 -1.228932234723992778e+01
-3.976402640264026456e+00 -1.228762417528283279e+01
-3.975797579757975875e+00 -1.228592603966431973e+01
-3.975192519251925294e+00 -1.228422794038438681e+01
-3.974587458745874713e+00 -1.228252987744303226e+01
-3.973982398239824132e+00 -1.228083185084025786e+01
-3.973377337733773551e+00 -1.227913386057606537e+01
-3.972772277227722970e+00 -1.227743590665044771e+01
-3.972167216721672389e+00 -1.227573798906341196e+01
-3.971562156215621364e+00 -1.227404010781495280e+01
-3.970957095709570783e+00 -1.227234226290507912e+01
-3.970352035203520202e+00 -1.227064445433377671e+01
-3.969746974697469621e+00 -1.226894668210105976e+01
-3.969141914191419040e+00 -1.226724894620692297e+01
-3.968536853685368460e+00 -1.226555124665135921e+01
-3.967931793179317879e+00 -1.226385358343438092e+01
-3.967326732673267298e+00 -1.226215595655597923e+01
-3.966721672167216717e+00 -1.226045836601615591e+01
-3.966116611661166136e+00 -1.225876081181491806e+01
-3.965511551155115555e+00 -1.225706329395225502e+01
-3.964906490649064974e+00 -1.225536581242817036e+01
-3.964301430143014393e+00 -1.225366836724266584e+01
-3.963696369636963812e+00 -1.225197095839574324e+01
-3.963091309130913231e+00 -1.225027358588739546e+01
-3.962486248624862650e+00 -1.224857624971763492e+01
-3.961881188118812069e+00 -1.224687894988644743e+01
-3.961276127612761488e+00 -1.224518168639384008e+01
-3.960671067106710463e+00 -1.224348445923981288e+01
-3.960066006600659883e+00 -1.224178726842436404e+01
-3.959460946094609302e+00 -1.224009011394749891e+01
-3.958855885588558721e+00 -1.223839299580920681e+01
-3.958250825082508140e+00 -1.223669591400949841e+01
-3.957645764576457559e+00 -1.223499886854837015e+01
-3.957040704070406978e+00 -1.223330185942581849e+01
-3.956435643564356397e+00 -1.223160488664184697e+01
-3.955830583058305816e+00 -1.222990795019645560e+01
-3.955225522552255235e+00 -1.222821105008964437e+01
-3.954620462046204654e+00 -1.222651418632141151e+01
-3.954015401540154073e+00 -1.222481735889176058e+01
-3.953410341034103492e+00 -1.222312056780068623e+01
-3.952805280528052911e+00 -1.222142381304819025e+01
-3.952200220022002330e+00 -1.221972709463427620e+01
-3.951595159515951750e+00 -1.221803041255893874e+01
-3.950990099009901169e+00 -1.221633376682218319e+01
-3.950385038503850588e+00 -1.221463715742400780e+01
-3.949779977997799563e+00 -1.221294058436441077e+01
-3.949174917491748982e+00 -1.221124404764339033e+01
-3.948569856985698401e+00 -1.220954754726095359e+01
-3.947964796479647820e+00 -1.220785108321709345e+01
-3.947359735973597239e+00 -1.220615465551181522e+01
-3.946754675467546658e+00 -1.220445826414511536e+01
-3.946149614961496077e+00 -1.220276190911699388e+01
-3.945544554455445496e+00 -1.220106559042745253e+01
-3.944939493949394915e+00 -1.219936930807649134e+01
-3.944334433443344334e+00 -1.219767306206411028e+01
-3.943729372937293753e+00 -1.219597685239030582e+01
-3.943124312431243172e+00 -1.219428067905508506e+01
-3.942519251925192592e+00 -1.219258454205844089e+01
-3.941914191419142011e+00 -1.219088844140037509e+01
-3.941309130913091430e+00 -1.218919237708089121e+01
-3.940704070407040849e+00 -1.218749634909998392e+01
-3.940099009900990268e+00 -1.218580035745765855e+01
-3.939493949394939687e+00 -1.218410440215391155e+01
-3.938888888888889106e+00 -1.218240848318874647e+01
-3.938283828382838081e+00 -1.218071260056215621e+01
-3.937678767876787500e+00 -1.217901675427414787e+01
-3.937073707370736919e+00 -1.217732094432471790e+01
-3.936468646864686338e+00 -1.217562517071386985e+01
-3.935863586358635757e+00 -1.217392943344159839e+01
-3.935258525852585176e+00 -1.217223373250790708e+01
-3.934653465346534595e+00 -1.217053806791279591e+01
-3.934048404840484014e+00 -1.216884243965626311e+01
-3.933443344334433434e+00 -1.216714684773831578e+01
-3.932838283828382853e+00 -1.216545129215893972e+01
-3.932233223322332272e+00 -1.216375577291814558e+01
-3.931628162816281691e+00 -1.216206029001593336e+01
-3.931023102310231110e+00 -1.216036484345229951e+01
-3.930418041804180529e+00 -1.215866943322724403e+01
-3.929812981298129948e+00 -1.215697405934076691e+01
-3.929207920792079367e+00 -1.215527872179286994e+01
-3.928602860286028786e+00 -1.215358342058355490e+01
-3.927997799779978205e+00 -1.215188815571281644e+01
-3.927392739273927624e+00 -1.215019292718065991e+01
-3.926787678767876599e+00 -1.214849773498708174e+01
-3.926182618261826018e+00 -1.214680257913208017e+01
-3.925577557755775437e+00 -1.214510745961566229e+01
-3.924972497249724857e+00 -1.214341237643781923e+01
-3.924367436743674276e+00 -1.214171732959855987e+01
-3.923762376237623695e+00 -1.214002231909787710e+01
-3.923157315731573114e+00 -1.213832734493577803e+01
-3.922552255225522533e+00 -1.213663240711225377e+01
-3.921947194719471952e+00 -1.213493750562731144e+01
-3.921342134213421371e+00 -1.213324264048094925e+01
-3.920737073707370790e+00 -1.213154781167316543e+01
-3.920132013201320209e+00 -1.212985301920395820e+01
-3.919526952695269628e+00 -1.212815826307333467e+01
-3.918921892189219047e+00 -1.212646354328128773e+01
-3.918316831683168466e+00 -1.212476885982782271e+01
-3.917711771177117885e+00 -1.212307421271293606e+01
-3.917106710671067304e+00 -1.212137960193662600e+01
-3.916501650165016724e+00 -1.211968502749890142e+01
-3.915896589658965699e+00 -1.211799048939974988e+01
-3.915291529152915118e+00 -1.211629598763917848e+01
-3.914686468646864537e+00 -1.211460152221719078e+01
-3.914081408140813956e+00 -1.211290709313377789e+01
-3.913476347634763375e+00 -1.211121270038895048e+01
-3.912871287128712794e+00 -1.210951834398269789e+01
-3.912266226622662213e+00 -1.210782402391502544e+01
-3.911661166116611632e+00 -1.210612974018593313e+01
-3.911056105610561051e+00 -1.210443549279541919e+01
-3.910451045104510470e+00 -1.210274128174348718e+01
-3.909845984598459889e+00 -1.210104710703013176e+01
-3.909240924092409308e+00 -1.209935296865536003e+01
-3.908635863586358727e+00 -1.209765886661916312e+01
-3.908030803080308146e+00 -1.209596480092154636e+01
-3.907425742574257566e+00 -1.209427077156250974e+01
-3.906820682068206985e+00 -1.209257677854205149e+01
-3.906215621562156404e+00 -1.209088282186017516e+01
-3.905610561056105823e+00 -1.208918890151687719e+01
-3.905005500550054798e+00 -1.208749501751215760e+01
-3.904400440044004217e+00 -1.208580116984601815e+01
-3.903795379537953636e+00 -1.208410735851845708e+01
-3.903190319031903055e+00 -1.208241358352947792e+01
-3.902585258525852474e+00 -1.208071984487907535e+01
-3.901980198019801893e+00 -1.207902614256725471e+01
-3.901375137513751312e+00 -1.207733247659401421e+01
-3.900770077007700731e+00 -1.207563884695935030e+01
-3.900165016501650150e+00 -1.207394525366326654e+01
-3.899559955995599569e+00 -1.207225169670576470e+01
-3.898954895489548989e+00 -1.207055817608683768e+01
-3.898349834983498408e+00 -1.206886469180649613e+01
-3.897744774477447827e+00 -1.206717124386472939e+01
-3.897139713971397246e+00 -1.206547783226154280e+01
-3.896534653465346665e+00 -1.206378445699693458e+01
-3.895929592959296084e+00 -1.206209111807090828e+01
-3.895324532453245503e+00 -1.206039781548346213e+01
-3.894719471947194922e+00 -1.205870454923459434e+01
-3.894114411441144341e+00 -1.205701131932430670e+01
-3.893509350935093316e+00 -1.205531812575259387e+01
-3.892904290429042735e+00 -1.205362496851946297e+01
-3.892299229922992154e+00 -1.205193184762491398e+01
-3.891694169416941573e+00 -1.205023876306894515e+01
-3.891089108910890992e+00 -1.204854571485155112e+01
-3.890484048404840411e+00 -1.204685270297273902e+01
-3.889878987898789831e+00 -1.204515972743250529e+01
-3.889273927392739250e+00 -1.204346678823085171e+01
-3.888668866886688669e+00 -1.204177388536777826e+01
-3.888063806380638088e+00 -1.204008101884328497e+01
-3.887458745874587507e+00 -1.203838818865737004e+01
-3.886853685368536926e+00 -1.203669539481003170e+01
-3.886248624862486345e+00 -1.203500263730127706e+01
-3.885643564356435764e+00 -1.203330991613110079e+01
-3.885038503850385183e+00 -1.203161723129950289e+01
-3.884433443344334602e+00 -1.202992458280648513e+01
-3.883828382838284021e+00 -1.202823197065204752e+01
-3.883223322332233440e+00 -1.202653939483619006e+01
-3.882618261826182859e+00 -1.202484685535890918e+01
-3.882013201320131834e+00 -1.202315435222020845e+01
-3.881408140814081253e+00 -1.202146188542008609e+01
-3.880803080308030673e+00 -1.201976945495854565e+01
-3.880198019801980092e+00 -1.201807706083558536e+01
-3.879592959295929511e+00 -1.201638470305120165e+01
-3.878987898789878930e+00 -1.201469238160539987e+01
-3.878382838283828349e+00 -1.201300009649817468e+01
-3.877777777777777768e+00 -1.201130784772953142e+01
-3.877172717271727187e+00 -1.200961563529946829e+01
-3.876567656765676606e+00 -1.200792345920798176e+01
-3.875962596259626025e+00 -1.200623131945507538e+01
-3.875357535753575444e+00 -1.200453921604074914e+01
-3.874752475247524863e+00 -1.200284714896500304e+01
-3.874147414741474282e+00 -1.200115511822783354e+01
-3.873542354235423701e+00 -1.199946312382924596e+01
-3.872937293729373120e+00 -1.199777116576923852e+01
-3.872332233223322540e+00 -1.199607924404780945e+01
-3.871727172717271515e+00 -1.199438735866495698e+01
-3.871122112211220934e+00 -1.199269550962068998e+01
-3.870517051705170353e+00 -1.199100369691499779e+01
-3.869911991199119772e+00 -1.198931192054788752e+01
-3.869306930693069191e+00 -1.198762018051935385e+01
-3.868701870187018610e+00 -1.198592847682940388e+01
-3.868096809680968029e+00 -1.198423680947802872e+01
-3.867491749174917448e+00 -1.198254517846523548e+01
-3.866886688668866867e+00 -1.198085358379102239e+01
-3.866281628162816286e+00 -1.197916202545538766e+01
-3.865676567656765705e+00 -1.197747050345833308e+01
-3.865071507150715124e+00 -1.197577901779985510e+01
-3.864466446644664543e+00 -1.197408756847995903e+01
-3.863861386138613963e+00 -1.197239615549864133e+01
-3.863256325632563382e+00 -1.197070477885590556e+01
-3.862651265126512801e+00 -1.196901343855174460e+01
-3.862046204620462220e+00 -1.196732213458616911e+01
-3.861441144114411639e+00 -1.196563086695917200e+01
-3.860836083608361058e+00 -1.196393963567074969e+01
-3.860231023102310033e+00 -1.196224844072090754e+01
-3.859625962596259452e+00 -1.196055728210964553e+01
-3.859020902090208871e+00 -1.195886615983696721e+01
-3.858415841584158290e+00 -1.195717507390286372e+01
-3.857810781078107709e+00 -1.195548402430734214e+01
-3.857205720572057128e+00 -1.195379301105039893e+01
-3.856600660066006547e+00 -1.195210203413203409e+01
-3.855995599559955966e+00 -1.195041109355224940e+01
-3.855390539053905385e+00 -1.194872018931104485e+01
-3.854785478547854805e+00 -1.194702932140842044e+01
-3.854180418041804224e+00 -1.194533848984437441e+01
-3.853575357535753643e+00 -1.194364769461890674e+01
-3.852970297029703062e+00 -1.194195693573201922e+01
-3.852365236523652481e+00 -1.194026621318371362e+01
-3.851760176017601900e+00 -1.193857552697398461e+01
-3.851155115511551319e+00 -1.193688487710283574e+01
-3.850550055005500738e+00 -1.193519426357026525e+01
-3.849944994499450157e+00 -1.193350368637627490e+01
-3.849339933993399576e+00 -1.193181314552086647e+01
-3.848734873487348551e+00 -1.193012264100403463e+01
-3.848129812981297970e+00 -1.192843217282578294e+01
-3.847524752475247389e+00 -1.192674174098611140e+01
-3.846919691969196808e+00 -1.192505134548501822e+01
-3.846314631463146227e+00 -1.192336098632250518e+01
-3.845709570957095647e+00 -1.192167066349856874e+01
-3.845104510451045066e+00 -1.191998037701321600e+01
-3.844499449944994485e+00 -1.191829012686644162e+01
-3.843894389438943904e+00 -1.191659991305824740e+01
-3.843289328932893323e+00 -1.191490973558862798e+01
-3.842684268426842742e+00 -1.191321959445759404e+01
-3.842079207920792161e+00 -1.191152948966513492e+01
-3.841474147414741580e+00 -1.190983942121125949e+01
-3.840869086908690999e+00 -1.190814938909595888e+01
-3.840264026402640418e+00 -1.190645939331924197e+01
-3.839658965896589837e+00 -1.190476943388110342e+01
-3.839053905390539256e+00 -1.190307951078154147e+01
-3.838448844884488231e+00 -1.190138962402055967e+01
-3.837843784378438095e+00 -1.189969977359815978e+01
-3.837238723872387069e+00 -1.189800995951433826e+01
-3.836633663366336489e+00 -1.189632018176909511e+01
-3.836028602860285908e+00 -1.189463044036243389e+01
-3.835423542354235327e+00 -1.189294073529434925e+01
-3.834818481848184746e+00 -1.189125106656484476e+01
-3.834213421342134165e+00 -1.188956143417392219e+01
-3.833608360836083584e+00 -1.188787183812157622e+01
-3.833003300330033003e+00 -1.188618227840781039e+01
-3.832398239823982422e+00 -1.188449275503262470e+01
-3.831793179317931841e+00 -1.188280326799601738e+01
-3.831188118811881260e+00 -1.188111381729799021e+01
-3.830583058305830679e+00 -1.187942440293854141e+01
-3.829977997799780098e+00 -1.187773502491767097e+01
-3.829372937293729517e+00 -1.187604568323538423e+01
-3.828767876787678937e+00 -1.187435637789167764e+01
-3.828162816281628356e+00 -1.187266710888654586e+01
-3.827557755775577775e+00 -1.187097787621999423e+01
-3.826952695269526750e+00 -1.186928867989202097e+01
-3.826347634763476169e+00 -1.186759951990263140e+01
-3.825742574257425588e+00 -1.186591039625181665e+01
-3.825137513751375007e+00 -1.186422130893958560e+01
-3.824532453245324426e+00 -1.186253225796593114e+01
-3.823927392739273845e+00 -1.186084324333085682e+01
-3.823322332233223264e+00 -1.185915426503436443e+01
-3.822717271727172683e+00 -1.185746532307644685e+01
-3.822112211221122102e+00 -1.185577641745711297e+01
-3.821507150715071521e+00 -1.185408754817635568e+01
-3.820902090209020940e+00 -1.185239871523417854e+01
-3.820297029702970359e+00 -1.185070991863058332e+01
-3.819691969196919779e+00 -1.184902115836556469e+01
-3.819086908690869198e+00 -1.184733243443912443e+01
-3.818481848184818617e+00 -1.184564374685126609e+01
-3.817876787678768036e+00 -1.184395509560198612e+01
-3.817271727172717455e+00 -1.184226648069128629e+01
-3.816666666666666874e+00 -1.184057790211916661e+01
-3.816061606160616293e+00 -1.183888935988562352e+01
-3.815456545654565268e+00 -1.183720085399066058e+01
-3.814851485148514687e+00 -1.183551238443427778e+01
-3.814246424642464106e+00 -1.183382395121647512e+01
-3.813641364136413525e+00 -1.183213555433725084e+01
-3.813036303630362944e+00 -1.183044719379660670e+01
-3.812431243124312363e+00 -1.182875886959454093e+01
-3.811826182618261782e+00 -1.182707058173105530e+01
-3.811221122112211201e+00 -1.182538233020615159e+01
-3.810616061606160621e+00 -1.182369411501982626e+01
-3.810011001100110040e+00 -1.182200593617207929e+01
-3.809405940594059459e+00 -1.182031779366291069e+01
-3.808800880088008878e+00 -1.181862968749232401e+01
-3.808195819581958297e+00 -1.181694161766031392e+01
-3.807590759075907716e+00 -1.181525358416688398e+01
-3.806985698569857135e+00 -1.181356558701203596e+01
-3.806380638063806554e+00 -1.181187762619576631e+01
-3.805775577557755973e+00 -1.181018970171807503e+01
-3.805170517051705392e+00 -1.180850181357896211e+01
-3.804565456545654811e+00 -1.180681396177843112e+01
-3.803960396039603786e+00 -1.180512614631647672e+01
-3.803355335533553205e+00 -1.180343836719310602e+01
-3.802750275027502624e+00 -1.180175062440831013e+01
-3.802145214521452043e+00 -1.180006291796209617e+01
-3.801540154015401463e+00 -1.179837524785446234e+01
-3.800935093509350882e+00 -1.179668761408540512e+01
-3.800330033003300301e+00 -1.179500001665492981e+01
-3.799724972497249720e+00 -1.179331245556303109e+01
-3.799119911991199139e+00 -1.179162493080971785e+01
-3.798514851485148558e+00 -1.178993744239497588e+01
-3.797909790979097977e+00 -1.178824999031882115e+01
-3.797304730473047396e+00 -1.178656257458123946e+01
-3.796699669966996815e+00 -1.178487519518224147e+01
-3.796094609460946234e+00 -1.178318785212182362e+01
-3.795489548954895653e+00 -1.178150054539998237e+01
-3.794884488448845072e+00 -1.177981327501672126e+01
-3.794279427942794491e+00 -1.177812604097204030e+01
-3.793674367436743466e+00 -1.177643884326593593e+01
-3.793069306930692886e+00 -1.177475168189841348e+01
-3.792464246424642305e+00 -1.177306455686946762e+01
-3.791859185918591724e+00 -1.177137746817910724e+01
-3.791254125412541143e+00 -1.176969041582732167e+01
-3.790649064906490562e+00 -1.176800339981411803e+01
-3.790044004400439981e+00 -1.176631642013949097e+01
-3.789438943894389400e+00 -1.176462947680344584e+01
-3.788833883388338819e+00 -1.176294256980597908e+01
-3.788228822882288238e+00 -1.176125569914709246e+01
-3.787623762376237657e+00 -1.175956886482678243e+01
-3.787018701870187076e+00 -1.175788206684505255e+01
-3.786413641364136495e+00 -1.175619530520190636e+01
-3.785808580858085914e+00 -1.175450857989733855e+01
-3.785203520352035333e+00 -1.175282189093134733e+01
-3.784598459845984753e+00 -1.175113523830393802e+01
-3.783993399339934172e+00 -1.174944862201510531e+01
-3.783388338833883591e+00 -1.174776204206485275e+01
-3.782783278327833010e+00 -1.174607549845318211e+01
-3.782178217821781985e+00 -1.174438899118008628e+01
-3.781573157315731404e+00 -1.174270252024557237e+01
-3.780968096809680823e+00 -1.174101608564964216e+01
-3.780363036303630242e+00 -1.173932968739228500e+01
-3.779757975797579661e+00 -1.173764332547351330e+01
-3.779152915291529080e+00 -1.173595699989331287e+01
-3.778547854785478499e+00 -1.173427071065169791e+01
-3.777942794279427918e+00 -1.173258445774866132e+01
-3.777337733773377337e+00 -1.173089824118420310e+01
-3.776732673267326756e+00 -1.172921206095832680e+01
-3.776127612761276175e+00 -1.172752591707102887e+01
-3.775522552255225595e+00 -1.172583980952230753e+01
-3.774917491749175014e+00 -1.172415373831216812e+01
-3.774312431243124433e+00 -1.172246770344061062e+01
-3.773707370737073852e+00 -1.172078170490762972e+01
-3.773102310231023271e+00 -1.171909574271322718e+01
-3.772497249724972690e+00 -1.171740981685740479e+01
-3.771892189218922109e+00 -1.171572392734016255e+01
-3.771287128712871528e+00 -1.171403807416150045e+01
-3.770682068206820503e+00 -1.171235225732141316e+01
-3.770077007700769922e+00 -1.171066647681991313e+01
-3.769471947194719341e+00 -1.170898073265698613e+01
-3.768866886688668760e+00 -1.170729502483264284e+01
-3.768261826182618179e+00 -1.170560935334687613e+01
-3.767656765676567598e+00 -1.170392371819968957e+01
-3.767051705170517018e+00 -1.170223811939108316e+01
-3.766446644664466437e+00 -1.170055255692105689e+01
-3.765841584158415856e+00 -1.169886703078960721e+01
-3.765236523652365275e+00 -1.169718154099673946e+01
-3.764631463146314694e+00 -1.169549608754245007e+01
-3.764026402640264113e+00 -1.169381067042673905e+01
-3.763421342134213532e+00 -1.169212528964960995e+01
-3.762816281628162951e+00 -1.169043994521105923e+01
-3.762211221122112370e+00 -1.168875463711108686e+01
-3.761606160616061789e+00 -1.168706936534969643e+01
-3.761001100110011208e+00 -1.168538412992688258e+01
-3.760396039603960627e+00 -1.168369893084265065e+01
-3.759790979097910046e+00 -1.168201376809699710e+01
-3.759185918591859021e+00 -1.168032864168992191e+01
-3.758580858085808440e+00 -1.167864355162142864e+01
-3.757975797579757860e+00 -1.167695849789151374e+01
-3.757370737073707279e+00 -1.167527348050017544e+01
-3.756765676567656698e+00 -1.167358849944742083e+01
-3.756160616061606117e+00 -1.167190355473324104e+01
-3.755555555555555536e+00 -1.167021864635764672e+01
-3.754950495049504955e+00 -1.166853377432062722e+01
-3.754345434543454374e+00 -1.166684893862218786e+01
-3.753740374037403793e+00 -1.166516413926232687e+01
-3.753135313531353212e+00 -1.166347937624104780e+01
-3.752530253025302631e+00 -1.166179464955834888e+01
-3.751925192519252050e+00 -1.166010995921422655e+01
-3.751320132013201469e+00 -1.165842530520868614e+01
-3.750715071507150888e+00 -1.165674068754172410e+01
-3.750110011001100307e+00 -1.165505610621334220e+01
-3.749504950495049727e+00 -1.165337156122353868e+01
-3.748899889988998702e+00 -1.165168705257231352e+01
-3.748294829482948565e+00 -1.165000258025967028e+01
-3.747689768976897540e+00 -1.164831814428560541e+01
-3.747084708470846959e+00 -1.164663374465012069e+01
-3.746479647964796378e+00 -1.164494938135320901e+01
-3.745874587458745797e+00 -1.164326505439488635e+01
-3.745269526952695216e+00 -1.164158076377513851e+01
-3.744664466446644635e+00 -1.163989650949397259e+01
-3.744059405940594054e+00 -1.163821229155138326e+01
-3.743454345434543473e+00 -1.163652810994737408e+01
-3.742849284928492892e+00 -1.163484396468194504e+01
-3.742244224422442311e+00 -1.163315985575509615e+01
-3.741639163916391730e+00 -1.163147578316682562e+01
-3.741034103410341149e+00 -1.162979174691713347e+01
-3.740429042904290569e+00 -1.162810774700602323e+01
-3.739823982398239988e+00 -1.162642378343349137e+01
-3.739218921892189407e+00 -1.162473985619953787e+01
-3.738613861386138826e+00 -1.162305596530416452e+01
-3.738008800880088245e+00 -1.162137211074736953e+01
-3.737403740374037220e+00 -1.161968829252915469e+01
-3.736798679867986639e+00 -1.161800451064951822e+01
-3.736193619361936058e+00 -1.161632076510846545e+01
-3.735588558855885477e+00 -1.161463705590598927e+01
-3.734983498349834896e+00 -1.161295338304209146e+01
-3.734378437843784315e+00 -1.161126974651677557e+01
-3.733773377337733734e+00 -1.160958614633003627e+01
-3.733168316831683153e+00 -1.160790258248187889e+01
-3.732563256325632572e+00 -1.160621905497229811e+01
-3.731958195819581992e+00 -1.160453556380129925e+01
-3.731353135313531411e+00 -1.160285210896888053e+01
-3.730748074807480830e+00 -1.160116869047504018e+01
-3.730143014301430249e+00 -1.159948530831977997e+01
-3.729537953795379668e+00 -1.159780196250309814e+01
-3.728932893289329087e+00 -1.159611865302499289e+01
-3.728327832783278506e+00 -1.159443537988547313e+01
-3.727722772277227925e+00 -1.159275214308452995e+01
-3.727117711771176900e+00 -1.159106894262216336e+01
-3.726512651265126763e+00 -1.158938577849837870e+01
-3.725907590759075738e+00 -1.158770265071317240e+01
-3.725302530253025157e+00 -1.158601955926654803e+01
-3.724697469746974576e+00 -1.158433650415850202e+01
-3.724092409240923995e+00 -1.158265348538903439e+01
-3.723487348734873414e+00 -1.158097050295814689e+01
-3.722882288228822834e+00 -1.157928755686583777e+01
-3.722277227722772253e+00 -1.157760464711211057e+01
-3.721672167216721672e+00 -1.157592177369696174e+01
-3.721067106710671091e+00 -1.157423893662039127e+01
-3.720462046204620510e+00 -1.157255613588240273e+01
-3.719856985698569929e+00 -1.157087337148299255e+01
-3.719251925192519348e+00 -1.156919064342215897e+01
-3.718646864686468767e+00 -1.156750795169991086e+01
-3.718041804180418186e+00 -1.156582529631623579e+01
-3.717436743674367605e+00 -1.156414267727114265e+01
-3.716831683168317024e+00 -1.156246009456463142e+01
-3.716226622662266443e+00 -1.156077754819669501e+01
-3.715621562156215418e+00 -1.155909503816733874e+01
-3.715016501650165281e+00 -1.155741256447656440e+01
-3.714411441144114256e+00 -1.155573012712437020e+01
-3.713806380638063676e+00 -1.155404772611075259e+01
-3.713201320132013095e+00 -1.155236536143571513e+01
-3.712596259625962514e+00 -1.155068303309925959e+01
-3.711991199119911933e+00 -1.154900074110138242e+01
-3.711386138613861352e+00 -1.154731848544208006e+01
-3.710781078107810771e+00 -1.154563626612136140e+01
-3.710176017601760190e+00 -1.154395408313922111e+01
-3.709570957095709609e+00 -1.154227193649566097e+01
-3.708965896589659028e+00 -1.154058982619068274e+01
-3.708360836083608447e+00 -1.153890775222428111e+01
-3.707755775577557866e+00 -1.153722571459645785e+01
-3.707150715071507285e+00 -1.153554371330721473e+01
-3.706545654565456704e+00 -1.153386174835655353e+01
-3.705940594059406124e+00 -1.153217981974446715e+01
-3.705335533553355543e+00 -1.153049792747096625e+01
-3.704730473047304962e+00 -1.152881607153603838e+01
-3.704125412541253937e+00 -1.152713425193969421e+01
-3.703520352035203800e+00 -1.152545246868193018e+01
-3.702915291529152775e+00 -1.152377072176274098e+01
-3.702310231023102194e+00 -1.152208901118213369e+01
-3.701705170517051613e+00 -1.152040733694010655e+01
-3.701100110011001032e+00 -1.151872569903665777e+01
-3.700495049504950451e+00 -1.151704409747178914e+01
-3.699889988998899870e+00 -1.151536253224549888e+01
-3.699284928492849289e+00 -1.151368100335779054e+01
-3.698679867986798708e+00 -1.151199951080866057e+01
-3.698074807480748127e+00 -1.151031805459810897e+01
-3.697469746974697546e+00 -1.150863663472613752e+01
-3.696864686468646966e+00 -1.150695525119274620e+01
-3.696259625962596385e+00 -1.150527390399793148e+01
-3.695654565456545804e+00 -1.150359259314170046e+01
-3.695049504950495223e+00 -1.150191131862404603e+01
-3.694444444444444642e+00 -1.150023008044497175e+01
-3.693839383938394061e+00 -1.149854887860447583e+01
-3.693234323432343480e+00 -1.149686771310256184e+01
-3.692629262926292455e+00 -1.149518658393922621e+01
-3.692024202420241874e+00 -1.149350549111446540e+01
-3.691419141914191293e+00 -1.149182443462829006e+01
-3.690814081408140712e+00 -1.149014341448069310e+01
-3.690209020902090131e+00 -1.148846243067167450e+01
-3.689603960396039550e+00 -1.148678148320123604e+01
-3.688998899889988969e+00 -1.148510057206937596e+01
-3.688393839383938388e+00 -1.148341969727609602e+01
-3.687788778877887808e+00 -1.148173885882139800e+01
-3.687183718371837227e+00 -1.148005805670527657e+01
-3.686578657865786646e+00 -1.147837729092773174e+01
-3.685973597359736065e+00 -1.147669656148877060e+01
-3.685368536853685484e+00 -1.147501586838838783e+01
-3.684763476347634903e+00 -1.147333521162658521e+01
-3.684158415841584322e+00 -1.147165459120336095e+01
-3.683553355335533741e+00 -1.146997400711871862e+01
-3.682948294829483160e+00 -1.146829345937265110e+01
-3.682343234323432135e+00 -1.146661294796516373e+01
-3.681738173817381998e+00 -1.146493247289626005e+01
-3.681133113311330973e+00 -1.146325203416593119e+01
-3.680528052805280392e+00 -1.146157163177418425e+01
-3.679922992299229811e+00 -1.145989126572101746e+01
-3.679317931793179230e+00 -1.145821093600642904e+01
-3.678712871287128650e+00 -1.145653064263041720e+01
-3.678107810781078069e+00 -1.145485038559299085e+01
-3.677502750275027488e+00 -1.145317016489414108e+01
-3.676897689768976907e+00 -1.145148998053386968e+01
-3.676292629262926326e+00 -1.144980983251217843e+01
-3.675687568756875745e+00 -1.144812972082906732e+01
-3.675082508250825164e+00 -1.144644964548453636e+01
-3.674477447744774583e+00 -1.144476960647858022e+01
-3.673872387238724002e+00 -1.144308960381120954e+01
-3.673267326732673421e+00 -1.144140963748241191e+01
-3.672662266226622840e+00 -1.143972970749219975e+01
-3.672057205720572259e+00 -1.143804981384056596e+01
-3.671452145214521678e+00 -1.143636995652750699e+01
-3.670847084708470653e+00 -1.143469013555302993e+01
-3.670242024202420517e+00 -1.143301035091713658e+01
-3.669636963696369492e+00 -1.143133060261981804e+01
-3.669031903190318911e+00 -1.142965089066107964e+01
-3.668426842684268330e+00 -1.142797121504091962e+01
-3.667821782178217749e+00 -1.142629157575934151e+01
-3.667216721672167168e+00 -1.142461197281634178e+01
-3.666611661166116587e+00 -1.142293240621192218e+01
-3.666006600660066006e+00 -1.142125287594608274e+01
-3.665401540154015425e+00 -1.141957338201881811e+01
-3.664796479647964844e+00 -1.141789392443013895e+01
-3.664191419141914263e+00 -1.141621450318003639e+01
-3.663586358635863682e+00 -1.141453511826851219e+01
-3.662981298129813101e+00 -1.141285576969556992e+01
-3.662376237623762520e+00 -1.141117645746120424e+01
-3.661771177117711940e+00 -1.140949718156542048e+01
-3.661166116611661359e+00 -1.140781794200821331e+01
-3.660561056105610778e+00 -1.140613873878959161e+01
-3.659955995599560197e+00 -1.140445957190954296e+01
-3.659350935093509172e+00 -1.140278044136807445e+01
-3.658745874587458591e+00 -1.140110134716518964e+01
-3.658140814081408010e+00 -1.139942228930087964e+01
-3.657535753575357429e+00 -1.139774326777515157e+01
-3.656930693069306848e+00 -1.139606428258800008e+01
-3.656325632563256267e+00 -1.139438533373943230e+01
-3.655720572057205686e+00 -1.139270642122944110e+01
-3.655115511551155105e+00 -1.139102754505803183e+01
-3.654510451045104524e+00 -1.138934870522519738e+01
-3.653905390539053943e+00 -1.138766990173094662e+01
-3.653300330033003362e+00 -1.138599113457527423e+01
-3.652695269526952782e+00 -1.138431240375818021e+01
-3.652090209020902201e+00 -1.138263370927966811e+01
-3.651485148514851620e+00 -1.138095505113973438e+01
-3.650880088008801039e+00 -1.137927642933837902e+01
-3.650275027502750458e+00 -1.137759784387560380e+01
-3.649669966996699877e+00 -1.137591929475140695e+01
-3.649064906490649296e+00 -1.137424078196579202e+01
-3.648459845984598715e+00 -1.137256230551875547e+01
-3.647854785478547690e+00 -1.137088386541029550e+01
-3.647249724972497109e+00 -1.136920546164041745e+01
-3.646644664466446528e+00 -1.136752709420911778e+01
-3.646039603960395947e+00 -1.136584876311639825e+01
-3.645434543454345366e+00 -1.136417046836226064e+01
-3.644829482948294785e+00 -1.136249220994669962e+01
-3.644224422442244204e+00 -1.136081398786971874e+01
-3.643619361936193624e+00 -1.135913580213131802e+01
-3.643014301430143043e+00 -1.135745765273149388e+01
-3.642409240924092462e+00 -1.135577953967024989e+01
-3.641804180418041881e+00 -1.135410146294758960e+01
-3.641199119911991300e+00 -1.135242342256350412e+01
-3.640594059405940719e+00 -1.135074541851800056e+01
-3.639988998899890138e+00 -1.134906745081107715e+01
-3.639383938393839557e+00 -1.134738951944273033e+01
-3.638778877887788976e+00 -1.134571162441296721e+01
-3.638173817381738395e+00 -1.134403376572177713e+01
-3.637568756875687370e+00 -1.134235594336916897e+01
-3.636963696369637233e+00 -1.134067815735514451e+01
-3.636358635863586208e+00 -1.133900040767969131e+01
-3.635753575357535627e+00 -1.133732269434282536e+01
-3.635148514851485047e+00 -1.133564501734453600e+01
-3.634543454345434466e+00 -1.133396737668482679e+01
-3.633938393839383885e+00 -1.133228977236369417e+01
-3.633333333333333304e+00 -1.133061220438114525e+01
-3.632728272827282723e+00 -1.132893467273717114e+01
-3.632123212321232142e+00 -1.132725717743177896e+01
-3.631518151815181561e+00 -1.132557971846496869e+01
-3.630913091309130980e+00 -1.132390229583673502e+01
-3.630308030803080399e+00 -1.132222490954707972e+01
-3.629702970297029818e+00 -1.132054755959600811e+01
-3.629097909790979237e+00 -1.131887024598351132e+01
-3.628492849284928656e+00 -1.131719296870959468e+01
-3.627887788778878075e+00 -1.131551572777425818e+01
-3.627282728272827494e+00 -1.131383852317750360e+01
-3.626677667766776914e+00 -1.131216135491932562e+01
-3.626072607260725889e+00 -1.131048422299972600e+01
-3.625467546754675752e+00 -1.130880712741871008e+01
-3.624862486248624727e+00 -1.130713006817626720e+01
-3.624257425742574146e+00 -1.130545304527240624e+01
-3.623652365236523565e+00 -1.130377605870712898e+01
-3.623047304730472984e+00 -1.130209910848042831e+01
-3.622442244224422403e+00 -1.130042219459230779e+01
-3.621837183718371822e+00 -1.129874531704276563e+01
-3.621232123212321241e+00 -1.129706847583180362e+01
-3.620627062706270660e+00 -1.129539167095941998e+01
-3.620022002200220079e+00 -1.129371490242561471e+01
-3.619416941694169498e+00 -1.129203817023039313e+01
-3.618811881188118917e+00 -1.129036147437374638e+01
-3.618206820682068336e+00 -1.128868481485568331e+01
-3.617601760176017756e+00 -1.128700819167619507e+01
-3.616996699669967175e+00 -1.128533160483529052e+01
-3.616391639163916594e+00 -1.128365505433296256e+01
-3.615786578657866013e+00 -1.128197854016921653e+01
-3.615181518151815432e+00 -1.128030206234405064e+01
-3.614576457645764407e+00 -1.127862562085745779e+01
-3.613971397139713826e+00 -1.127694921570945041e+01
-3.613366336633663245e+00 -1.127527284690002141e+01
-3.612761276127612664e+00 -1.127359651442917077e+01
-3.612156215621562083e+00 -1.127192021829689850e+01
-3.611551155115511502e+00 -1.127024395850320992e+01
-3.610946094609460921e+00 -1.126856773504809794e+01
-3.610341034103410340e+00 -1.126689154793156256e+01
-3.609735973597359759e+00 -1.126521539715361264e+01
-3.609130913091309178e+00 -1.126353928271423932e+01
-3.608525852585258598e+00 -1.126186320461344259e+01
-3.607920792079208017e+00 -1.126018716285122778e+01
-3.607315731573157436e+00 -1.125851115742759134e+01
-3.606710671067106855e+00 -1.125683518834253682e+01
-3.606105610561056274e+00 -1.125515925559606245e+01
-3.605500550055005693e+00 -1.125348335918816289e+01
-3.604895489548955112e+00 -1.125180749911884703e+01
-3.604290429042904087e+00 -1.125013167538810777e+01
-3.603685368536853950e+00 -1.124845588799595042e+01
-3.603080308030802925e+00 -1.124678013694236967e+01
-3.602475247524752344e+00 -1.124510442222736906e+01
-3.601870187018701763e+00 -1.124342874385095037e+01
-3.601265126512651182e+00 -1.124175310181310827e+01
-3.600660066006600601e+00 -1.124007749611384632e+01
-3.600055005500550021e+00 -1.123840192675316629e+01
-3.599449944994499440e+00 -1.123672639373106286e+01
-3.598844884488448859e+00 -1.123505089704753956e+01
-3.598239823982398278e+00 -1.123337543670259819e+01
-3.597634763476347697e+00 -1.123170001269623164e+01
-3.597029702970297116e+00 -1.123002462502844523e+01
-3.596424642464246535e+00 -1.122834927369924074e+01
-3.595819581958195954e+00 -1.122667395870861462e+01
-3.595214521452145373e+00 -1.122499868005657042e+01
-3.594609460946094792e+00 -1.122332343774310282e+01
-3.594004400440044211e+00 -1.122164823176821535e+01
-3.593399339933993630e+00 -1.121997306213190804e+01
-3.592794279427942605e+00 -1.121829792883417554e+01
-3.592189218921892468e+00 -1.121662283187502851e+01
-3.591584158415841443e+00 -1.121494777125445452e+01
-3.590979097909790863e+00 -1.121327274697246601e+01
-3.590374037403740282e+00 -1.121159775902905587e+01
-3.589768976897689701e+00 -1.120992280742422231e+01
-3.589163916391639120e+00 -1.120824789215797246e+01
-3.588558855885588539e+00 -1.120657301323029742e+01
-3.587953795379537958e+00 -1.120489817064120786e+01
-3.587348734873487377e+00 -1.120322336439069133e+01
-3.586743674367436796e+00 -1.120154859447876028e+01
-3.586138613861386215e+00 -1.119987386090540227e+01
-3.585533553355335634e+00 -1.119819916367062618e+01
-3.584928492849285053e+00 -1.119652450277443023e+01
-3.584323432343234472e+00 -1.119484987821681443e+01
-3.583718371837183891e+00 -1.119317528999777700e+01
-3.583113311331133310e+00 -1.119150073811732149e+01
-3.582508250825082730e+00 -1.118982622257544080e+01
-3.581903190319032149e+00 -1.118815174337214380e+01
-3.581298129812981124e+00 -1.118647730050742162e+01
-3.580693069306930987e+00 -1.118480289398128313e+01
-3.580088008800879962e+00 -1.118312852379372124e+01
-3.579482948294829381e+00 -1.118145418994473950e+01
-3.578877887788778800e+00 -1.117977989243433967e+01
-3.578272827282728219e+00 -1.117810563126251822e+01
-3.577667766776677638e+00 -1.117643140642927513e+01
-3.577062706270627057e+00 -1.117475721793461219e+01
-3.576457645764576476e+00 -1.117308306577852584e+01
-3.575852585258525895e+00 -1.117140894996102318e+01
-3.575247524752475314e+00 -1.116973487048209535e+01
-3.574642464246424733e+00 -1.116806082734175121e+01
-3.574037403740374153e+00 -1.116638682053998366e+01
-3.573432343234323572e+00 -1.116471285007679981e+01
-3.572827282728272991e+00 -1.116303891595218900e+01
-3.572222222222222410e+00 -1.116136501816616189e+01
-3.571617161716171829e+00 -1.115969115671871492e+01
-3.571012101210121248e+00 -1.115801733160984632e+01
-3.570407040704070667e+00 -1.115634354283955787e+01
-3.569801980198019642e+00 -1.115466979040784423e+01
-3.569196919691969061e+00 -1.115299607431471607e+01
-3.568591859185918480e+00 -1.115132239456016094e+01
-3.567986798679867899e+00 -1.114964875114419129e+01
-3.567381738173817318e+00 -1.114797514406680001e+01
-3.566776677667766737e+00 -1.114630157332798710e+01
-3.566171617161716156e+00 -1.114462803892775433e+01
-3.565566556655665575e+00 -1.114295454086609993e+01
-3.564961496149614995e+00 -1.114128107914302390e+01
-3.564356435643564414e+00 -1.113960765375852802e+01
-3.563751375137513833e+00 -1.113793426471261405e+01
-3.563146314631463252e+00 -1.113626091200527668e+01
-3.562541254125412671e+00 -1.113458759563652123e+01
-3.561936193619362090e+00 -1.113291431560634237e+01
-3.561331133113311509e+00 -1.113124107191474366e+01
-3.560726072607260928e+00 -1.112956786456172686e+01
-3.560121012101210347e+00 -1.112789469354728666e+01
-3.559515951595159322e+00 -1.112622155887142839e+01
-3.558910891089109185e+00 -1.112454846053414670e+01
-3.558305830583058160e+00 -1.112287539853544516e+01
-3.557700770077007579e+00 -1.112120237287532376e+01
-3.557095709570956998e+00 -1.111952938355378251e+01
-3.556490649064906417e+00 -1.111785643057081963e+01
-3.555885588558855837e+00 -1.111618351392643866e+01
-3.555280528052805256e+00 -1.111451063362063252e+01
-3.554675467546754675e+00 -1.111283778965340829e+01
-3.554070407040704094e+00 -1.111116498202476599e+01
-3.553465346534653513e+00 -1.110949221073469850e+01
-3.552860286028602932e+00 -1.110781947578321294e+01
-3.552255225522552351e+00 -1.110614677717030752e+01
-3.551650165016501770e+00 -1.110447411489598046e+01
-3.551045104510451189e+00 -1.110280148896023178e+01
-3.550440044004400608e+00 -1.110112889936306502e+01
-3.549834983498350027e+00 -1.109945634610447485e+01
-3.549229922992299446e+00 -1.109778382918446482e+01
-3.548624862486248865e+00 -1.109611134860303849e+01
-3.548019801980197840e+00 -1.109443890436018521e+01
-3.547414741474147704e+00 -1.109276649645591561e+01
-3.546809680968096679e+00 -1.109109412489022262e+01
-3.546204620462046098e+00 -1.108942178966311154e+01
-3.545599559955995517e+00 -1.108774949077457705e+01
-3.544994499449944936e+00 -1.108607722822462627e+01
-3.544389438943894355e+00 -1.108440500201325207e+01
-3.543784378437843774e+00 -1.108273281214045625e+01
-3.543179317931793193e+00 -1.108106065860624234e+01
-3.542574257425742612e+00 -1.107938854141060681e+01
-3.541969196919692031e+00 -1.107771646055354964e+01
-3.541364136413641450e+00 -1.107604441603507439e+01
-3.540759075907590869e+00 -1.107437240785517751e+01
-3.540154015401540288e+00 -1.107270043601385900e+01
-3.539548954895489707e+00 -1.107102850051112242e+01
-3.538943894389439127e+00 -1.106935660134696420e+01
-3.538338833883388546e+00 -1.106768473852138435e+01
-3.537733773377337965e+00 -1.106601291203438464e+01
-3.537128712871287384e+00 -1.106434112188596330e+01
-3.536523652365236359e+00 -1.106266936807612211e+01
-3.535918591859185778e+00 -1.106099765060485751e+01
-3.535313531353135197e+00 -1.105932596947217839e+01
-3.534708470847084616e+00 -1.105765432467807763e+01
-3.534103410341034035e+00 -1.105598271622254991e+01
-3.533498349834983454e+00 -1.105431114410560944e+01
-3.532893289328932873e+00 -1.105263960832724379e+01
-3.532288228822882292e+00 -1.105096810888745829e+01
-3.531683168316831711e+00 -1.104929664578625115e+01
-3.531078107810781130e+00 -1.104762521902362771e+01
-3.530473047304730549e+00 -1.104595382859958086e+01
-3.529867986798679969e+00 -1.104428247451411416e+01
-3.529262926292629388e+00 -1.104261115676722405e+01
-3.528657865786578807e+00 -1.104093987535891763e+01
-3.528052805280528226e+00 -1.103926863028918781e+01
-3.527447744774477645e+00 -1.103759742155803636e+01
-3.526842684268427064e+00 -1.103592624916546860e+01
-3.526237623762376039e+00 -1.103425511311147389e+01
-3.525632563256325902e+00 -1.103258401339606820e+01
-3.525027502750274877e+00 -1.103091295001923200e+01
-3.524422442244224296e+00 -1.102924192298097950e+01
-3.523817381738173715e+00 -1.102757093228131069e+01
-3.523212321232123134e+00 -1.102589997792021670e+01
-3.522607260726072553e+00 -1.102422905989770108e+01
-3.522002200220021972e+00 -1.102255817821376738e+01
-3.521397139713971391e+00 -1.102088733286841205e+01
-3.520792079207920811e+00 -1.101921652386163508e+01
-3.520187018701870230e+00 -1.101754575119344004e+01
-3.519581958195819649e+00 -1.101587501486382337e+01
-3.518976897689769068e+00 -1.101420431487278506e+01
-3.518371837183718487e+00 -1.101253365122032690e+01
-3.517766776677667906e+00 -1.101086302390644889e+01
-3.517161716171617325e+00 -1.100919243293115279e+01
-3.516556655665566744e+00 -1.100752187829442974e+01
-3.515951595159516163e+00 -1.100585135999629038e+01
-3.515346534653465582e+00 -1.100418087803673117e+01
-3.514741474147414557e+00 -1.100251043241574678e+01
-3.514136413641364420e+00 -1.100084002313334786e+01
-3.513531353135313395e+00 -1.099916965018952553e+01
-3.512926292629262814e+00 -1.099749931358427979e+01
-3.512321232123212233e+00 -1.099582901331761597e+01
-3.511716171617161653e+00 -1.099415874938953408e+01
-3.511111111111111072e+00 -1.099248852180002878e+01
-3.510506050605060491e+00 -1.099081833054910362e+01
-3.509900990099009910e+00 -1.098914817563675683e+01
-3.509295929592959329e+00 -1.098747805706299197e+01
-3.508690869086908748e+00 -1.098580797482780191e+01
-3.508085808580858167e+00 -1.098413792893119734e+01
-3.507480748074807586e+00 -1.098246791937316935e+01
-3.506875687568757005e+00 -1.098079794615372151e+01
-3.506270627062706424e+00 -1.097912800927285204e+01
-3.505665566556655843e+00 -1.097745810873056094e+01
-3.505060506050605262e+00 -1.097578824452685176e+01
-3.504455445544554681e+00 -1.097411841666172094e+01
-3.503850385038504101e+00 -1.097244862513517027e+01
-3.503245324532453076e+00 -1.097077886994719620e+01
-3.502640264026402939e+00 -1.096910915109780404e+01
-3.502035203520351914e+00 -1.096743946858699204e+01
-3.501430143014301333e+00 -1.096576982241475839e+01
-3.500825082508250752e+00 -1.096410021258110312e+01
-3.500220022002200171e+00 -1.096243063908602799e+01
-3.499614961496149590e+00 -1.096076110192953479e+01
-3.499009900990099009e+00 -1.095909160111161640e+01
-3.498404840484048428e+00 -1.095742213663228171e+01
-3.497799779977997847e+00 -1.095575270849152538e+01
-3.497194719471947266e+00 -1.095408331668934565e+01
-3.496589658965896685e+00 -1.095241396122574784e+01
-3.495984598459846104e+00 -1.095074464210073018e+01
-3.495379537953795523e+00 -1.094907535931429088e+01
-3.494774477447744943e+00 -1.094740611286642995e+01
-3.494169416941694362e+00 -1.094573690275715272e+01
-3.493564356435643781e+00 -1.094406772898645031e+01
-3.492959295929592756e+00 -1.094239859155432626e+01
-3.492354235423542619e+00 -1.094072949046078413e+01
-3.491749174917491594e+00 -1.093906042570582215e+01
-3.491144114411441457e+00 -1.093739139728943854e+01
-3.490539053905390432e+00 -1.093572240521163508e+01
-3.489933993399339851e+00 -1.093405344947241176e+01
-3.489328932893289270e+00 -1.093238453007176503e+01
-3.488723872387238689e+00 -1.093071564700970200e+01
-3.488118811881188108e+00 -1.092904680028621378e+01
-3.487513751375137527e+00 -1.092737798990130749e+01
-3.486908690869086946e+00 -1.092570921585497956e+01
-3.486303630363036365e+00 -1.092404047814723533e+01
-3.485698569856985785e+00 -1.092237177677806415e+01
-3.485093509350935204e+00 -1.092070311174747665e+01
-3.484488448844884623e+00 -1.091903448305546576e+01
-3.483883388338834042e+00 -1.091736589070203500e+01
-3.483278327832783461e+00 -1.091569733468718617e+01
-3.482673267326732880e+00 -1.091402881501091393e+01
-3.482068206820682299e+00 -1.091236033167322361e+01
-3.481463146314631274e+00 -1.091069188467410811e+01
-3.480858085808581137e+00 -1.090902347401357986e+01
-3.480253025302530112e+00 -1.090735509969162642e+01
-3.479647964796479975e+00 -1.090568676170825313e+01
-3.479042904290428950e+00 -1.090401846006345465e+01
-3.478437843784378369e+00 -1.090235019475723988e+01
-3.477832783278327788e+00 -1.090068196578960524e+01
-3.477227722772277207e+00 -1.089901377316054898e+01
-3.476622662266226627e+00 -1.089734561687007286e+01
-3.476017601760176046e+00 -1.089567749691817511e+01
-3.475412541254125465e+00 -1.089400941330485750e+01
-3.474807480748074884e+00 -1.089234136603012004e+01
-3.474202420242024303e+00 -1.089067335509396095e+01
-3.473597359735973722e+00 -1.088900538049638200e+01
-3.472992299229923141e+00 -1.088733744223738142e+01
-3.472387238723872560e+00 -1.088566954031696099e+01
-3.471782178217821979e+00 -1.088400167473511893e+01
-3.471177117711771398e+00 -1.088233384549185878e+01
-3.470572057205720817e+00 -1.088066605258717345e+01
-3.469966996699669792e+00 -1.087899829602107005e+01
-3.469361936193619655e+00 -1.087733057579354856e+01
-3.468756875687568630e+00 -1.087566289190460367e+01
-3.468151815181518050e+00 -1.087399524435423892e+01
-3.467546754675467469e+00 -1.087232763314245432e+01
-3.466941694169416888e+00 -1.087066005826925164e+01
-3.466336633663366307e+00 -1.086899251973462022e+01
-3.465731573157315726e+00 -1.086732501753857605e+01
-3.465126512651265145e+00 -1.086565755168110847e+01
-3.464521452145214564e+00 -1.086399012216222104e+01
-3.463916391639163983e+00 -1.086232272898191198e+01
-3.463311331133113402e+00 -1.086065537214018306e+01
-3.462706270627062821e+00 -1.085898805163703251e+01
-3.462101210121012240e+00 -1.085732076747246388e+01
-3.461496149614961659e+00 -1.085565351964647363e+01
-3.460891089108911078e+00 -1.085398630815906174e+01
-3.460286028602860497e+00 -1.085231913301022999e+01
-3.459680968096809472e+00 -1.085065199419997661e+01
-3.459075907590759336e+00 -1.084898489172830516e+01
-3.458470847084708311e+00 -1.084731782559520852e+01
-3.457865786578658174e+00 -1.084565079580069735e+01
-3.457260726072607149e+00 -1.084398380234475923e+01
-3.456655665566556568e+00 -1.084231684522740480e+01
-3.456050605060505987e+00 -1.084064992444863051e+01
-3.455445544554455406e+00 -1.083898304000843282e+01
-3.454840484048404825e+00 -1.083731619190681705e+01
-3.454235423542354244e+00 -1.083564938014377788e+01
-3.453630363036303663e+00 -1.083398260471932240e+01
-3.453025302530253082e+00 -1.083231586563344173e+01
-3.452420242024202501e+00 -1.083064916288614477e+01
-3.451815181518151920e+00 -1.082898249647742439e+01
-3.451210121012101339e+00 -1.082731586640728416e+01
-3.450605060506050759e+00 -1.082564927267572230e+01
-3.450000000000000178e+00 -1.082398271528274059e+01
-3.449394939493949597e+00 -1.082231619422834079e+01
-3.448789878987899016e+00 -1.082064970951251581e+01
-3.448184818481847991e+00 -1.081898326113527276e+01
-3.447579757975797854e+00 -1.081731684909660807e+01
-3.446974697469746829e+00 -1.081565047339652530e+01
-3.446369636963696692e+00 -1.081398413403502090e+01
-3.445764576457645667e+00 -1.081231783101209487e+01
-3.445159515951595086e+00 -1.081065156432774899e+01
-3.444554455445544505e+00 -1.080898533398197969e+01
-3.443949394939493924e+00 -1.080731913997479765e+01
-3.443344334433443343e+00 -1.080565298230618865e+01
-3.442739273927392762e+00 -1.080398686097615979e+01
-3.442134213421342182e+00 -1.080232077598471108e+01
-3.441529152915291601e+00 -1.080065472733184251e+01
-3.440924092409241020e+00 -1.079898871501755409e+01
-3.440319031903190439e+00 -1.079732273904184225e+01
-3.439713971397139858e+00 -1.079565679940471057e+01
-3.439108910891089277e+00 -1.079399089610615903e+01
-3.438503850385038696e+00 -1.079232502914618941e+01
-3.437898789878988115e+00 -1.079065919852479283e+01
-3.437293729372937534e+00 -1.078899340424198172e+01
-3.436688668866886509e+00 -1.078732764629774721e+01
-3.436083608360836372e+00 -1.078566192469209462e+01
-3.435478547854785347e+00 -1.078399623942501684e+01
-3.434873487348735210e+00 -1.078233059049652276e+01
-3.434268426842684185e+00 -1.078066497790660705e+01
-3.433663366336633604e+00 -1.077899940165527148e+01
-3.433058305830583024e+00 -1.077733386174251251e+01
-3.432453245324532443e+00 -1.077566835816833368e+01
-3.431848184818481862e+00 -1.077400289093273855e+01
-3.431243124312431281e+00 -1.077233746003571646e+01
-3.430638063806380700e+00 -1.077067206547727807e+01
-3.430033003300330119e+00 -1.076900670725741804e+01
-3.429427942794279538e+00 -1.076734138537613816e+01
-3.428822882288228957e+00 -1.076567609983343665e+01
-3.428217821782178376e+00 -1.076401085062931529e+01
-3.427612761276127795e+00 -1.076234563776377229e+01
-3.427007700770077214e+00 -1.076068046123680944e+01
-3.426402640264026189e+00 -1.075901532104842495e+01
-3.425797579757976052e+00 -1.075735021719862061e+01
-3.425192519251925027e+00 -1.075568514968739642e+01
-3.424587458745874891e+00 -1.075402011851475592e+01
-3.423982398239823866e+00 -1.075235512368068669e+01
-3.423377337733773285e+00 -1.075069016518519938e+01
-3.422772277227722704e+00 -1.074902524302829221e+01
-3.422167216721672123e+00 -1.074736035720996696e+01
-3.421562156215621542e+00 -1.074569550773021653e+01
-3.420957095709570961e+00 -1.074403069458905158e+01
-3.420352035203520380e+00 -1.074236591778646321e+01
-3.419746974697469799e+00 -1.074070117732245144e+01
-3.419141914191419218e+00 -1.073903647319702337e+01
-3.418536853685368637e+00 -1.073737180541017189e+01
-3.417931793179318056e+00 -1.073570717396189877e+01
-3.417326732673267475e+00 -1.073404257885220581e+01
-3.416721672167216894e+00 -1.073237802008109654e+01
-3.416116611661166313e+00 -1.073071349764856208e+01
-3.415511551155115733e+00 -1.072904901155461133e+01
-3.414906490649064708e+00 -1.072738456179923539e+01
-3.414301430143014571e+00 -1.072572014838243959e+01
-3.413696369636963546e+00 -1.072405577130422394e+01
-3.413091309130913409e+00 -1.072239143056459199e+01
-3.412486248624862384e+00 -1.072072712616353307e+01
-3.411881188118811803e+00 -1.071906285810105608e+01
-3.411276127612761222e+00 -1.071739862637715746e+01
-3.410671067106710641e+00 -1.071573443099184253e+01
-3.410066006600660060e+00 -1.071407027194510242e+01
-3.409460946094609479e+00 -1.071240614923694423e+01
-3.408855885588558898e+00 -1.071074206286736441e+01
-3.408250825082508317e+00 -1.070907801283636296e+01
-3.407645764576457736e+00 -1.070741399914394165e+01
-3.407040704070407156e+00 -1.070575002179010227e+01
-3.406435643564356575e+00 -1.070408608077483947e+01
-3.405830583058305994e+00 -1.070242217609815683e+01
-3.405225522552255413e+00 -1.070075830776005432e+01
-3.404620462046204832e+00 -1.069909447576053019e+01
-3.404015401540154251e+00 -1.069743068009958620e+01
-3.403410341034103226e+00 -1.069576692077722058e+01
-3.402805280528053089e+00 -1.069410319779343865e+01
-3.402200220022002064e+00 -1.069243951114822799e+01
-3.401595159515951927e+00 -1.069077586084160636e+01
-3.400990099009900902e+00 -1.068911224687355777e+01
-3.400385038503850321e+00 -1.068744866924409109e+01
-3.399779977997799740e+00 -1.068578512795320101e+01
-3.399174917491749159e+00 -1.068412162300089108e+01
-3.398569856985698578e+00 -1.068245815438716306e+01
-3.397964796479647998e+00 -1.068079472211201342e+01
-3.397359735973597417e+00 -1.067913132617544569e+01
-3.396754675467546836e+00 -1.067746796657745278e+01
-3.396149614961496255e+00 -1.067580464331804002e+01
-3.395544554455445674e+00 -1.067414135639720918e+01
-3.394939493949395093e+00 -1.067247810581495671e+01
-3.394334433443344512e+00 -1.067081489157128260e+01
-3.393729372937293931e+00 -1.066915171366619042e+01
-3.393124312431243350e+00 -1.066748857209967483e+01
-3.392519251925192769e+00 -1.066582546687174116e+01
-3.391914191419141744e+00 -1.066416239798238408e+01
-3.391309130913091607e+00 -1.066249936543161070e+01
-3.390704070407040582e+00 -1.066083636921941213e+01
-3.390099009900990001e+00 -1.065917340934579549e+01
-3.389493949394939420e+00 -1.065751048581075899e+01
-3.388888888888888840e+00 -1.065584759861429731e+01
-3.388283828382838259e+00 -1.065418474775642110e+01
-3.387678767876787678e+00 -1.065252193323712149e+01
-3.387073707370737097e+00 -1.065085915505640024e+01
-3.386468646864686516e+00 -1.064919641321426091e+01
-3.385863586358635935e+00 -1.064753370771070173e+01
-3.385258525852585354e+00 -1.064587103854571914e+01
-3.384653465346534773e+00 -1.064420840571931492e+01
-3.384048404840484192e+00 -1.064254580923149440e+01
-3.383443344334433611e+00 -1.064088324908224870e+01
-3.382838283828383030e+00 -1.063922072527158846e+01
-3.382233223322332449e+00 -1.063755823779950305e+01
-3.381628162816281424e+00 -1.063589578666599778e+01
-3.381023102310231288e+00 -1.063423337187107265e+01
-3.380418041804180262e+00 -1.063257099341472411e+01
-3.379812981298130126e+00 -1.063090865129695928e+01
-3.379207920792079101e+00 -1.062924634551777103e+01
-3.378602860286028520e+00 -1.062758407607716293e+01
-3.377997799779977939e+00 -1.062592184297513498e+01
-3.377392739273927358e+00 -1.062425964621168539e+01
-3.376787678767876777e+00 -1.062259748578681773e+01
-3.376182618261826196e+00 -1.062093536170052666e+01
-3.375577557755775615e+00 -1.061927327395281750e+01
-3.374972497249725034e+00 -1.061761122254368495e+01
-3.374367436743674453e+00 -1.061594920747313431e+01
-3.373762376237623872e+00 -1.061428722874116026e+01
-3.373157315731573291e+00 -1.061262528634776814e+01
-3.372552255225522710e+00 -1.061096338029295438e+01
-3.371947194719472130e+00 -1.060930151057672077e+01
-3.371342134213421549e+00 -1.060763967719906553e+01
-3.370737073707370968e+00 -1.060597788015999221e+01
-3.370132013201319943e+00 -1.060431611945949726e+01
-3.369526952695269806e+00 -1.060265439509757890e+01
-3.368921892189218781e+00 -1.060099270707424424e+01
-3.368316831683168644e+00 -1.059933105538948617e+01
-3.367711771177117619e+00 -1.059766944004330824e+01
-3.367106710671067038e+00 -1.059600786103570691e+01
-3.366501650165016457e+00 -1.059434631836669105e+01
-3.365896589658965876e+00 -1.059268481203625178e+01
-3.365291529152915295e+00 -1.059102334204438911e+01
-3.364686468646864714e+00 -1.058936190839111013e+01
-3.364081408140814133e+00 -1.058770051107640775e+01
-3.363476347634763552e+00 -1.058603915010028729e+01
-3.362871287128712972e+00 -1.058437782546274342e+01
-3.362266226622662391e+00 -1.058271653716378147e+01
-3.361661166116611810e+00 -1.058105528520339611e+01
-3.361056105610561229e+00 -1.057939406958159445e+01
-3.360451045104510648e+00 -1.057773289029836761e+01
-3.359845984598460067e+00 -1.057607174735372624e+01
-3.359240924092409486e+00 -1.057441064074765968e+01
-3.358635863586358461e+00 -1.057274957048017150e+01
-3.358030803080308324e+00 -1.057108853655126524e+01
-3.357425742574257299e+00 -1.056942753896093912e+01
-3.356820682068207162e+00 -1.056776657770919137e+01
-3.356215621562156137e+00 -1.056610565279602021e+01
-3.355610561056105556e+00 -1.056444476422143275e+01
-3.355005500550054975e+00 -1.056278391198542188e+01
-3.354400440044004394e+00 -1.056112309608799116e+01
-3.353795379537953814e+00 -1.055946231652914236e+01
-3.353190319031903233e+00 -1.055780157330887015e+01
-3.352585258525852652e+00 -1.055614086642717808e+01
-3.351980198019802071e+00 -1.055448019588406439e+01
-3.351375137513751490e+00 -1.055281956167953261e+01
-3.350770077007700909e+00 -1.055115896381357921e+01
-3.350165016501650328e+00 -1.054949840228620417e+01
-3.349559955995599747e+00 -1.054783787709740928e+01
-3.348954895489549166e+00 -1.054617738824719453e+01
-3.348349834983498585e+00 -1.054451693573555815e+01
-3.347744774477448004e+00 -1.054285651956250192e+01
-3.347139713971396979e+00 -1.054119613972802405e+01
-3.346534653465346842e+00 -1.053953579623212811e+01
-3.345929592959295817e+00 -1.053787548907480875e+01
-3.345324532453245236e+00 -1.053621521825607132e+01
-3.344719471947194656e+00 -1.053455498377591049e+01
-3.344114411441144075e+00 -1.053289478563433157e+01
-3.343509350935093494e+00 -1.053123462383133102e+01
-3.342904290429042913e+00 -1.052957449836691062e+01
-3.342299229922992332e+00 -1.052791440924106858e+01
-3.341694169416941751e+00 -1.052625435645380669e+01
-3.341089108910891170e+00 -1.052459434000512495e+01
-3.340484048404840589e+00 -1.052293435989502157e+01
-3.339878987898790008e+00 -1.052127441612349656e+01
-3.339273927392739427e+00 -1.051961450869055348e+01
-3.338668866886688846e+00 -1.051795463759618698e+01
-3.338063806380638265e+00 -1.051629480284040241e+01
-3.337458745874587684e+00 -1.051463500442319798e+01
-3.336853685368536659e+00 -1.051297524234456837e+01
-3.336248624862486523e+00 -1.051131551660452601e+01
-3.335643564356435498e+00 -1.050965582720305491e+01
-3.335038503850385361e+00 -1.050799617414016751e+01
-3.334433443344334336e+00 -1.050633655741585670e+01
-3.333828382838283755e+00 -1.050467697703012782e+01
-3.333223322332233174e+00 -1.050301743298297907e+01
-3.332618261826182593e+00 -1.050135792527440692e+01
-3.332013201320132012e+00 -1.049969845390441847e+01
-3.331408140814081431e+00 -1.049803901887300661e+01
-3.330803080308030850e+00 -1.049637962018017312e+01
-3.330198019801980269e+00 -1.049472025782592155e+01
-3.329592959295929688e+00 -1.049306093181025012e+01
-3.328987898789879107e+00 -1.049140164213315352e+01
-3.328382838283828526e+00 -1.048974238879464060e+01
-3.327777777777777946e+00 -1.048808317179470428e+01
-3.327172717271727365e+00 -1.048642399113334811e+01
-3.326567656765676784e+00 -1.048476484681057563e+01
-3.325962596259626203e+00 -1.048310573882637797e+01
-3.325357535753575178e+00 -1.048144666718075868e+01
-3.324752475247525041e+00 -1.047978763187372131e+01
-3.324147414741474016e+00 -1.047812863290526231e+01
-3.323542354235423879e+00 -1.047646967027538345e+01
-3.322937293729372854e+00 -1.047481074398408296e+01
-3.322332233223322273e+00 -1.047315185403136439e+01
-3.321727172717271692e+00 -1.047149300041722597e+01
-3.321122112211221111e+00 -1.046983418314166414e+01
-3.320517051705170530e+00 -1.046817540220468068e+01
-3.319911991199119949e+00 -1.046651665760627736e+01
-3.319306930693069368e+00 -1.046485794934645419e+01
-3.318701870187018788e+00 -1.046319927742521294e+01
-3.318096809680968207e+00 -1.046154064184254828e+01
-3.317491749174917626e+00 -1.045988204259846199e+01
-3.316886688668867045e+00 -1.045822347969295940e+01
-3.316281628162816464e+00 -1.045656495312603340e+01
-3.315676567656765883e+00 -1.045490646289768755e+01
-3.315071507150715302e+00 -1.045324800900792006e+01
-3.314466446644664721e+00 -1.045158959145673450e+01
-3.313861386138613696e+00 -1.044993121024412375e+01
-3.313256325632563559e+00 -1.044827286537009670e+01
-3.312651265126512534e+00 -1.044661455683464624e+01
-3.312046204620462397e+00 -1.044495628463777770e+01
-3.311441144114411372e+00 -1.044329804877948753e+01
-3.310836083608360791e+00 -1.044163984925977573e+01
-3.310231023102310211e+00 -1.043998168607864585e+01
-3.309625962596259630e+00 -1.043832355923609256e+01
-3.309020902090209049e+00 -1.043666546873212120e+01
-3.308415841584158468e+00 -1.043500741456672642e+01
-3.307810781078107887e+00 -1.043334939673991535e+01
-3.307205720572057306e+00 -1.043169141525167909e+01
-3.306600660066006725e+00 -1.043003347010202653e+01
-3.305995599559956144e+00 -1.042837556129095056e+01
-3.305390539053905563e+00 -1.042671768881845651e+01
-3.304785478547854982e+00 -1.042505985268453905e+01
-3.304180418041804401e+00 -1.042340205288920174e+01
-3.303575357535753376e+00 -1.042174428943244457e+01
-3.302970297029703239e+00 -1.042008656231426933e+01
-3.302365236523652214e+00 -1.041842887153466712e+01
-3.301760176017602078e+00 -1.041677121709364862e+01
-3.301155115511551053e+00 -1.041511359899120848e+01
-3.300550055005500472e+00 -1.041345601722734848e+01
-3.299944994499449891e+00 -1.041179847180206686e+01
-3.299339933993399310e+00 -1.041014096271536715e+01
-3.298734873487348729e+00 -1.040848348996724404e+01
-3.298129812981298148e+00 -1.040682605355770107e+01
-3.297524752475247567e+00 -1.040516865348673647e+01
-3.296919691969196986e+00 -1.040351128975435557e+01
-3.296314631463146405e+00 -1.040185396236054949e+01
-3.295709570957095824e+00 -1.040019667130532532e+01
-3.295104510451045243e+00 -1.039853941658868131e+01
-3.294499449944994662e+00 -1.039688219821061388e+01
-3.293894389438944081e+00 -1.039522501617112837e+01
-3.293289328932893500e+00 -1.039356787047022301e+01
-3.292684268426842920e+00 -1.039191076110789425e+01
-3.292079207920791895e+00 -1.039025368808414385e+01
-3.291474147414741758e+00 -1.038859665139897892e+01
-3.290869086908690733e+00 -1.038693965105238526e+01
-3.290264026402640596e+00 -1.038528268704437885e+01
-3.289658965896589571e+00 -1.038362575937494903e+01
-3.289053905390538990e+00 -1.038196886804409758e+01
-3.288448844884488409e+00 -1.038031201305182449e+01
-3.287843784378437828e+00 -1.037865519439813156e+01
-3.287238723872387247e+00 -1.037699841208302232e+01
-3.286633663366336666e+00 -1.037534166610648612e+01
-3.286028602860286085e+00 -1.037368495646853184e+01
-3.285423542354235504e+00 -1.037202828316915948e+01
-3.284818481848184923e+00 -1.037037164620836371e+01
-3.284213421342134342e+00 -1.036871504558614632e+01
-3.283608360836083762e+00 -1.036705848130251439e+01
-3.283003300330033181e+00 -1.036540195335745551e+01
-3.282398239823982600e+00 -1.036374546175097855e+01
-3.281793179317932019e+00 -1.036208900648308351e+01
-3.281188118811881438e+00 -1.036043258755376328e+01
-3.280583058305830413e+00 -1.035877620496302320e+01
-3.279977997799780276e+00 -1.035711985871086327e+01
-3.279372937293729251e+00 -1.035546354879728526e+01
-3.278767876787679114e+00 -1.035380727522228561e+01
-3.278162816281628089e+00 -1.035215103798586256e+01
-3.277557755775577508e+00 -1.035049483708802143e+01
-3.276952695269526927e+00 -1.034883867252875866e+01
-3.276347634763476346e+00 -1.034718254430807605e+01
-3.275742574257425765e+00 -1.034552645242597357e+01
-3.275137513751375185e+00 -1.034387039688244769e+01
-3.274532453245324604e+00 -1.034221437767750196e+01
-3.273927392739274023e+00 -1.034055839481113992e+01
-3.273322332233223442e+00 -1.033890244828335270e+01
-3.272717271727172861e+00 -1.033724653809414740e+01
-3.272112211221122280e+00 -1.033559066424352224e+01
-3.271507150715071699e+00 -1.033393482673147190e+01
-3.270902090209021118e+00 -1.033227902555800704e+01
-3.270297029702970537e+00 -1.033062326072312054e+01
-3.269691969196919956e+00 -1.032896753222681063e+01
-3.269086908690868931e+00 -1.032731184006907732e+01
-3.268481848184818794e+00 -1.032565618424993126e+01
-3.267876787678767769e+00 -1.032400056476935823e+01
-3.267271727172717188e+00 -1.032234498162736713e+01
-3.266666666666666607e+00 -1.032068943482395618e+01
-3.266061606160616027e+00 -1.031903392435912359e+01
-3.265456545654565446e+00 -1.031737845023286937e+01
-3.264851485148514865e+00 -1.031572301244519529e+01
-3.264246424642464284e+00 -1.031406761099610314e+01
-3.263641364136413703e+00 -1.031241224588558758e+01
-3.263036303630363122e+00 -1.031075691711365572e+01
-3.262431243124312541e+00 -1.030910162468029689e+01
-3.261826182618261960e+00 -1.030744636858552177e+01
-3.261221122112211379e+00 -1.030579114882932501e+01
-3.260616061606160798e+00 -1.030413596541171017e+01
-3.260011001100110217e+00 -1.030248081833266838e+01
-3.259405940594059636e+00 -1.030082570759221205e+01
-3.258800880088008611e+00 -1.029917063319033055e+01
-3.258195819581958474e+00 -1.029751559512703274e+01
-3.257590759075907449e+00 -1.029586059340230975e+01
-3.256985698569857313e+00 -1.029420562801617400e+01
-3.256380638063806288e+00 -1.029255069896860952e+01
-3.255775577557755707e+00 -1.029089580625962697e+01
-3.255170517051705126e+00 -1.028924094988922455e+01
-3.254565456545654545e+00 -1.028758612985740584e+01
-3.253960396039603964e+00 -1.028593134616415838e+01
-3.253355335533553383e+00 -1.028427659880949285e+01
-3.252750275027502802e+00 -1.028262188779340924e+01
-3.252145214521452221e+00 -1.028096721311590400e+01
-3.251540154015401640e+00 -1.027931257477697891e+01
-3.250935093509351059e+00 -1.027765797277663218e+01
-3.250330033003300478e+00 -1.027600340711486560e+01
-3.249724972497249897e+00 -1.027434887779167916e+01
-3.249119911991199317e+00 -1.027269438480707109e+01
-3.248514851485148736e+00 -1.027103992816104316e+01
-3.247909790979098155e+00 -1.026938550785359539e+01
-3.247304730473047130e+00 -1.026773112388472242e+01
-3.246699669966996993e+00 -1.026607677625443493e+01
-3.246094609460945968e+00 -1.026442246496272226e+01
-3.245489548954895831e+00 -1.026276819000959151e+01
-3.244884488448844806e+00 -1.026111395139504090e+01
-3.244279427942794225e+00 -1.025945974911906511e+01
-3.243674367436743644e+00 -1.025780558318167301e+01
-3.243069306930693063e+00 -1.025615145358285751e+01
-3.242464246424642482e+00 -1.025449736032262393e+01
-3.241859185918591901e+00 -1.025284330340096872e+01
-3.241254125412541320e+00 -1.025118928281789543e+01
-3.240649064906490739e+00 -1.024953529857339873e+01
-3.240044004400440159e+00 -1.024788135066748218e+01
-3.239438943894389578e+00 -1.024622743910014755e+01
-3.238833883388338997e+00 -1.024457356387138596e+01
-3.238228822882288416e+00 -1.024291972498121162e+01
-3.237623762376237835e+00 -1.024126592242961031e+01
-3.237018701870187254e+00 -1.023961215621659271e+01
-3.236413641364136673e+00 -1.023795842634214992e+01
-3.235808580858085648e+00 -1.023630473280629083e+01
-3.235203520352035511e+00 -1.023465107560901188e+01
-3.234598459845984486e+00 -1.023299745475030598e+01
-3.233993399339934349e+00 -1.023134387023018732e+01
-3.233388338833883324e+00 -1.022969032204864348e+01
-3.232783278327832743e+00 -1.022803681020567979e+01
-3.232178217821782162e+00 -1.022638333470129623e+01
-3.231573157315731581e+00 -1.022472989553549283e+01
-3.230968096809681001e+00 -1.022307649270826602e+01
-3.230363036303630420e+00 -1.022142312621962290e+01
-3.229757975797579839e+00 -1.021976979606955638e+01
-3.229152915291529258e+00 -1.021811650225807178e+01
-3.228547854785478677e+00 -1.021646324478516377e+01
-3.227942794279428096e+00 -1.021481002365083590e+01
-3.227337733773377515e+00 -1.021315683885508996e+01
-3.226732673267326934e+00 -1.021150369039791883e+01
-3.226127612761276353e+00 -1.020985057827932962e+01
-3.225522552255225328e+00 -1.020819750249931701e+01
-3.224917491749175191e+00 -1.020654446305788632e+01
-3.224312431243124166e+00 -1.020489145995503577e+01
-3.223707370737074029e+00 -1.020323849319076537e+01
-3.223102310231023004e+00 -1.020158556276507333e+01
-3.222497249724972423e+00 -1.019993266867795967e+01
-3.221892189218921843e+00 -1.019827981092942792e+01
-3.221287128712871262e+00 -1.019662698951947277e+01
-3.220682068206820681e+00 -1.019497420444809599e+01
-3.220077007700770100e+00 -1.019332145571530290e+01
-3.219471947194719519e+00 -1.019166874332108819e+01
-3.218866886688668938e+00 -1.019001606726545006e+01
-3.218261826182618357e+00 -1.018836342754839563e+01
-3.217656765676567776e+00 -1.018671082416991958e+01
-3.217051705170517195e+00 -1.018505825713002011e+01
-3.216446644664466614e+00 -1.018340572642870079e+01
-3.215841584158416033e+00 -1.018175323206596339e+01
-3.215236523652365452e+00 -1.018010077404180258e+01
-3.214631463146314871e+00 -1.017844835235622369e+01
-3.214026402640263846e+00 -1.017679596700922140e+01
-3.213421342134213710e+00 -1.017514361800079925e+01
-3.212816281628162685e+00 -1.017349130533095902e+01
-3.212211221122112548e+00 -1.017183902899969539e+01
-3.211606160616061523e+00 -1.017018678900701545e+01
-3.211001100110010942e+00 -1.016853458535290855e+01
-3.210396039603960361e+00 -1.016688241803738535e+01
-3.209790979097909780e+00 -1.016523028706044229e+01
-3.209185918591859199e+00 -1.016357819242207405e+01
-3.208580858085808618e+00 -1.016192613412229129e+01
-3.207975797579758037e+00 -1.016027411216108334e+01
-3.207370737073707456e+00 -1.015862212653845553e+01
-3.206765676567656875e+00 -1.015697017725440965e+01
-3.206160616061606294e+00 -1.015531826430894213e+01
-3.205555555555555713e+00 -1.015366638770205476e+01
-3.204950495049505133e+00 -1.015201454743374399e+01
-3.204345434543454552e+00 -1.015036274350401690e+01
-3.203740374037403971e+00 -1.014871097591286464e+01
-3.203135313531353390e+00 -1.014705924466029430e+01
-3.202530253025302365e+00 -1.014540754974630232e+01
-3.201925192519252228e+00 -1.014375589117089049e+01
-3.201320132013201203e+00 -1.014210426893405881e+01
-3.200715071507151066e+00 -1.014045268303580727e+01
-3.200110011001100041e+00 -1.013880113347613232e+01
-3.199504950495049460e+00 -1.013714962025503752e+01
-3.198899889988998879e+00 -1.013549814337252286e+01
-3.198294829482948298e+00 -1.013384670282858657e+01
-3.197689768976897717e+00 -1.013219529862323220e+01
-3.197084708470847136e+00 -1.013054393075645443e+01
-3.196479647964796555e+00 -1.012889259922825858e+01
-3.195874587458745975e+00 -1.012724130403864109e+01
-3.195269526952695394e+00 -1.012559004518760375e+01
-3.194664466446644813e+00 -1.012393882267514478e+01
-3.194059405940594232e+00 -1.012228763650126595e+01
-3.193454345434543651e+00 -1.012063648666596727e+01
-3.192849284928493070e+00 -1.011898537316924340e+01
-3.192244224422442489e+00 -1.011733429601110323e+01
-3.191639163916391908e+00 -1.011568325519154143e+01
-3.191034103410340883e+00 -1.011403225071055978e+01
-3.190429042904290746e+00 -1.011238128256815649e+01
-3.189823982398239721e+00 -1.011073035076433335e+01
-3.189218921892189140e+00 -1.010907945529909213e+01
-3.188613861386138559e+00 -1.010742859617242750e+01
-3.188008800880087978e+00 -1.010577777338434124e+01
-3.187403740374037397e+00 -1.010412698693483691e+01
-3.186798679867986817e+00 -1.010247623682391094e+01
-3.186193619361936236e+00 -1.010082552305156156e+01
-3.185588558855885655e+00 -1.009917484561779766e+01
-3.184983498349835074e+00 -1.009752420452261035e+01
-3.184378437843784493e+00 -1.009587359976600140e+01
-3.183773377337733912e+00 -1.009422303134797261e+01
-3.183168316831683331e+00 -1.009257249926852218e+01
-3.182563256325632750e+00 -1.009092200352765190e+01
-3.181958195819582169e+00 -1.008927154412536176e+01
-3.181353135313531588e+00 -1.008762112106165532e+01
-3.180748074807480563e+00 -1.008597073433652014e+01
-3.180143014301430426e+00 -1.008432038394996688e+01
-3.179537953795379401e+00 -1.008267006990199377e+01
-3.178932893289329265e+00 -1.008101979219260080e+01
-3.178327832783278240e+00 -1.007936955082178798e+01
-3.177722772277227659e+00 -1.007771934578955175e+01
-3.177117711771177078e+00 -1.007606917709589922e+01
-3.176512651265126497e+00 -1.007441904474082151e+01
-3.175907590759075916e+00 -1.007276894872432749e+01
-3.175302530253025335e+00 -1.007111888904641006e+01
-3.174697469746974754e+00 -1.006946886570707278e+01
-3.174092409240924173e+00 -1.006781887870631564e+01
-3.173487348734873592e+00 -1.006616892804413865e+01
-3.172882288228823011e+00 -1.006451901372054003e+01
-3.172277227722772430e+00 -1.006286913573551978e+01
-3.171672167216721849e+00 -1.006121929408907967e+01
-3.171067106710671268e+00 -1.005956948878121793e+01
-3.170462046204620687e+00 -1.005791971981193811e+01
-3.169856985698570107e+00 -1.005626998718123666e+01
-3.169251925192519082e+00 -1.005462029088911358e+01
-3.168646864686468945e+00 -1.005297063093557064e+01
-3.168041804180417920e+00 -1.005132100732060607e+01
-3.167436743674367783e+00 -1.004967142004422520e+01
-3.166831683168316758e+00 -1.004802186910641559e+01
-3.166226622662266177e+00 -1.004637235450719146e+01
-3.165621562156215596e+00 -1.004472287624654925e+01
-3.165016501650165015e+00 -1.004307343432448363e+01
-3.164411441144114434e+00 -1.004142402874099460e+01
-3.163806380638063853e+00 -1.003977465949608927e+01
-3.163201320132013272e+00 -1.003812532658975876e+01
-3.162596259625962691e+00 -1.003647603002201194e+01
-3.161991199119912110e+00 -1.003482676979284172e+01
-3.161386138613861529e+00 -1.003317754590225341e+01
-3.160781078107810949e+00 -1.003152835835024170e+01
-3.160176017601760368e+00 -1.002987920713681191e+01
-3.159570957095709787e+00 -1.002823009226196049e+01
-3.158965896589659206e+00 -1.002658101372569099e+01
-3.158360836083608625e+00 -1.002493197152799809e+01
-3.157755775577557600e+00 -1.002328296566888710e+01
-3.157150715071507463e+00 -1.002163399614835271e+01
-3.156545654565456438e+00 -1.001998506296639668e+01
-3.155940594059406301e+00 -1.001833616612302258e+01
-3.155335533553355276e+00 -1.001668730561822507e+01
-3.154730473047304695e+00 -1.001503848145201125e+01
-3.154125412541254114e+00 -1.001338969362437403e+01
-3.153520352035203533e+00 -1.001174094213531873e+01
-3.152915291529152952e+00 -1.001009222698484002e+01
-3.152310231023102371e+00 -1.000844354817294324e+01
-3.151705170517051791e+00 -1.000679490569962660e+01
-3.151100110011001210e+00 -1.000514629956488655e+01
-3.150495049504950629e+00 -1.000349772976872664e+01
-3.149889988998900048e+00 -1.000184919631114511e+01
-3.149284928492849467e+00 -1.000020069919214372e+01
-3.148679867986798886e+00 -9.998552238411724247e+00
-3.148074807480748305e+00 -9.996903813969881369e+00
-3.147469746974697724e+00 -9.995255425866616861e+00
-3.146864686468647143e+00 -9.993607074101932497e+00
-3.146259625962596118e+00 -9.991958758675830055e+00
-3.145654565456545981e+00 -9.990310479588307757e+00
-3.145049504950494956e+00 -9.988662236839362052e+00
-3.144444444444444375e+00 -9.987014030428998268e+00
-3.143839383938393794e+00 -9.985365860357211076e+00
-3.143234323432343214e+00 -9.983717726624004030e+00
-3.142629262926292633e+00 -9.982069629229377128e+00
-3.142024202420242052e+00 -9.980421568173330371e+00
-3.141419141914191471e+00 -9.978773543455863759e+00
-3.140814081408140890e+00 -9.977125555076971963e+00
-3.140209020902090309e+00 -9.975477603036663865e+00
-3.139603960396039728e+00 -9.973829687334934135e+00
-3.138998899889989147e+00 -9.972181807971784551e+00
-3.138393839383938566e+00 -9.970533964947213335e+00
-3.137788778877887985e+00 -9.968886158261222263e+00
-3.137183718371837404e+00 -9.967238387913811337e+00
-3.136578657865786823e+00 -9.965590653904980556e+00
-3.135973597359735798e+00 -9.963942956234722814e+00
-3.135368536853685661e+00 -9.962295294903052323e+00
-3.134763476347634636e+00 -9.960647669909956647e+00
-3.134158415841584500e+00 -9.959000081255442893e+00
-3.133553355335533475e+00 -9.957352528939505731e+00
-3.132948294829482894e+00 -9.955705012962150491e+00
-3.132343234323432313e+00 -9.954057533323375395e+00
-3.131738173817381732e+00 -9.952410090023176892e+00
-3.131133113311331151e+00 -9.950762683061560310e+00
-3.130528052805280570e+00 -9.949115312438522096e+00
-3.129922992299229989e+00 -9.947467978154062251e+00
-3.129317931793179408e+00 -9.945820680208184328e+00
-3.128712871287128827e+00 -9.944173418600881220e+00
-3.128107810781078246e+00 -9.942526193332163587e+00
-3.127502750275027665e+00 -9.940879004402020769e+00
-3.126897689768977084e+00 -9.939231851810459872e+00
-3.126292629262926503e+00 -9.937584735557475568e+00
-3.125687568756875923e+00 -9.935937655643074962e+00
-3.125082508250825342e+00 -9.934290612067252724e+00
-3.124477447744774317e+00 -9.932643604830007078e+00
-3.123872387238724180e+00 -9.930996633931345130e+00
-3.123267326732673155e+00 -9.929349699371256222e+00
-3.122662266226623018e+00 -9.927702801149752787e+00
-3.122057205720571993e+00 -9.926055939266825945e+00
-3.121452145214521412e+00 -9.924409113722479248e+00
-3.120847084708470831e+00 -9.922762324516712695e+00
-3.120242024202420250e+00 -9.921115571649526288e+00
-3.119636963696369669e+00 -9.919468855120916473e+00
-3.119031903190319088e+00 -9.917822174930890355e+00
-3.118426842684268507e+00 -9.916175531079440830e+00
-3.117821782178217926e+00 -9.914528923566567897e+00
-3.117216721672167346e+00 -9.912882352392276886e+00
-3.116611661166116765e+00 -9.911235817556566019e+00
-3.116006600660066184e+00 -9.909589319059435297e+00
-3.115401540154015603e+00 -9.907942856900882944e+00
-3.114796479647965022e+00 -9.906296431080908960e+00
-3.114191419141914441e+00 -9.904650041599516896e+00
-3.113586358635863860e+00 -9.903003688456703202e+00
-3.112981298129812835e+00 -9.901357371652469652e+00
-3.112376237623762698e+00 -9.899711091186814471e+00
-3.111771177117711673e+00 -9.898064847059737659e+00
-3.111166116611661536e+00 -9.896418639271240991e+00
-3.110561056105610511e+00 -9.894772467821322692e+00
-3.109955995599559930e+00 -9.893126332709986315e+00
-3.109350935093509349e+00 -9.891480233937230082e+00
-3.108745874587458768e+00 -9.889834171503050442e+00
-3.108140814081408188e+00 -9.888188145407449170e+00
-3.107535753575357607e+00 -9.886542155650431596e+00
-3.106930693069307026e+00 -9.884896202231992390e+00
-3.106325632563256445e+00 -9.883250285152131553e+00
-3.105720572057205864e+00 -9.881604404410852638e+00
-3.105115511551155283e+00 -9.879958560008148538e+00
-3.104510451045104702e+00 -9.878312751944026360e+00
-3.103905390539054121e+00 -9.876666980218484326e+00
-3.103300330033003540e+00 -9.875021244831518885e+00
-3.102695269526952515e+00 -9.873375545783133589e+00
-3.102090209020902378e+00 -9.871729883073333767e+00
-3.101485148514851353e+00 -9.870084256702103431e+00
-3.100880088008801216e+00 -9.868438666669460346e+00
-3.100275027502750191e+00 -9.866793112975393854e+00
-3.099669966996699610e+00 -9.865147595619905729e+00
-3.099064906490649030e+00 -9.863502114602997750e+00
-3.098459845984598449e+00 -9.861856669924669916e+00
-3.097854785478547868e+00 -9.860211261584922227e+00
-3.097249724972497287e+00 -9.858565889583752906e+00
-3.096644664466446706e+00 -9.856920553921165506e+00
-3.096039603960396125e+00 -9.855275254597152923e+00
-3.095434543454345544e+00 -9.853629991611722261e+00
-3.094829482948294963e+00 -9.851984764964871744e+00
-3.094224422442244382e+00 -9.850339574656599595e+00
-3.093619361936193801e+00 -9.848694420686905815e+00
-3.093014301430143220e+00 -9.847049303055795733e+00
-3.092409240924092639e+00 -9.845404221763260466e+00
-3.091804180418042058e+00 -9.843759176809307121e+00
-3.091199119911991033e+00 -9.842114168193932144e+00
-3.090594059405940897e+00 -9.840469195917135536e+00
-3.089988998899889872e+00 -9.838824259978917297e+00
-3.089383938393839735e+00 -9.837179360379284532e+00
-3.088778877887788710e+00 -9.835534497118224806e+00
-3.088173817381738129e+00 -9.833889670195750554e+00
-3.087568756875687548e+00 -9.832244879611851118e+00
-3.086963696369636967e+00 -9.830600125366533604e+00
-3.086358635863586386e+00 -9.828955407459792681e+00
-3.085753575357535805e+00 -9.827310725891633680e+00
-3.085148514851485224e+00 -9.825666080662051272e+00
-3.084543454345434643e+00 -9.824021471771054337e+00
-3.083938393839384062e+00 -9.822376899218630442e+00
-3.083333333333333481e+00 -9.820732363004788468e+00
-3.082728272827282900e+00 -9.819087863129526639e+00
-3.082123212321232320e+00 -9.817443399592843178e+00
-3.081518151815181739e+00 -9.815798972394738087e+00
-3.080913091309131158e+00 -9.814154581535214916e+00
-3.080308030803080577e+00 -9.812510227014270114e+00
-3.079702970297029552e+00 -9.810865908831901905e+00
-3.079097909790979415e+00 -9.809221626988120946e+00
-3.078492849284928390e+00 -9.807577381482911250e+00
-3.077887788778878253e+00 -9.805933172316285251e+00
-3.077282728272827228e+00 -9.804288999488235845e+00
-3.076677667766776647e+00 -9.802644862998768360e+00
-3.076072607260726066e+00 -9.801000762847879244e+00
-3.075467546754675485e+00 -9.799356699035570273e+00
-3.074862486248624904e+00 -9.797712671561841447e+00
-3.074257425742574323e+00 -9.796068680426687436e+00
-3.073652365236523742e+00 -9.794424725630118900e+00
-3.073047304730473162e+00 -9.792780807172126956e+00
-3.072442244224422581e+00 -9.791136925052715156e+00
-3.071837183718372000e+00 -9.789493079271881726e+00
-3.071232123212321419e+00 -9.787849269829630217e+00
-3.070627062706270838e+00 -9.786205496725955300e+00
-3.070022002200220257e+00 -9.784561759960862304e+00
-3.069416941694169676e+00 -9.782918059534345900e+00
-3.068811881188119095e+00 -9.781274395446411418e+00
-3.068206820682068070e+00 -9.779630767697051752e+00
-3.067601760176017933e+00 -9.777987176286277560e+00
-3.066996699669966908e+00 -9.776343621214078183e+00
-3.066391639163916327e+00 -9.774700102480462505e+00
-3.065786578657865746e+00 -9.773056620085423418e+00
-3.065181518151815165e+00 -9.771413174028966253e+00
-3.064576457645764584e+00 -9.769769764311085680e+00
-3.063971397139714004e+00 -9.768126390931785252e+00
-3.063366336633663423e+00 -9.766483053891064969e+00
-3.062761276127612842e+00 -9.764839753188923055e+00
-3.062156215621562261e+00 -9.763196488825361286e+00
-3.061551155115511680e+00 -9.761553260800381437e+00
-3.060946094609461099e+00 -9.759910069113976405e+00
-3.060341034103410518e+00 -9.758266913766153294e+00
-3.059735973597359937e+00 -9.756623794756908552e+00
-3.059130913091309356e+00 -9.754980712086247507e+00
-3.058525852585258775e+00 -9.753337665754161279e+00
-3.057920792079207750e+00 -9.751694655760651642e+00
-3.057315731573157613e+00 -9.750051682105729256e+00
-3.056710671067106588e+00 -9.748408744789379909e+00
-3.056105610561056452e+00 -9.746765843811616037e+00
-3.055500550055005426e+00 -9.745122979172425204e+00
-3.054895489548954846e+00 -9.743480150871818068e+00
-3.054290429042904265e+00 -9.741837358909791078e+00
-3.053685368536853684e+00 -9.740194603286338904e+00
-3.053080308030803103e+00 -9.738551884001468650e+00
-3.052475247524752522e+00 -9.736909201055176766e+00
-3.051870187018701941e+00 -9.735266554447466802e+00
-3.051265126512651360e+00 -9.733623944178333431e+00
-3.050660066006600779e+00 -9.731981370247783758e+00
-3.050055005500550198e+00 -9.730338832655810677e+00
-3.049449944994499617e+00 -9.728696331402417741e+00
-3.048844884488449036e+00 -9.727053866487599620e+00
-3.048239823982398455e+00 -9.725411437911366974e+00
-3.047634763476347874e+00 -9.723769045673712696e+00
-3.047029702970297294e+00 -9.722126689774636787e+00
-3.046424642464246269e+00 -9.720484370214139247e+00
-3.045819581958196132e+00 -9.718842086992225404e+00
-3.045214521452145107e+00 -9.717199840108884601e+00
-3.044609460946094970e+00 -9.715557629564127495e+00
-3.044004400440043945e+00 -9.713915455357948758e+00
-3.043399339933993364e+00 -9.712273317490350166e+00
-3.042794279427942783e+00 -9.710631215961328166e+00
-3.042189218921892202e+00 -9.708989150770889864e+00
-3.041584158415841621e+00 -9.707347121919028154e+00
-3.040979097909791040e+00 -9.705705129405746590e+00
-3.040374037403740459e+00 -9.704063173231045170e+00
-3.039768976897689878e+00 -9.702421253394923895e+00
-3.039163916391639297e+00 -9.700779369897379212e+00
-3.038558855885588716e+00 -9.699137522738416450e+00
-3.037953795379538136e+00 -9.697495711918032057e+00
-3.037348734873487555e+00 -9.695853937436226033e+00
-3.036743674367436974e+00 -9.694212199293003707e+00
-3.036138613861386393e+00 -9.692570497488357972e+00
-3.035533553355335812e+00 -9.690928832022290607e+00
-3.034928492849284787e+00 -9.689287202894801609e+00
-3.034323432343234650e+00 -9.687645610105898086e+00
-3.033718371837183625e+00 -9.686004053655565826e+00
-3.033113311331133488e+00 -9.684362533543819040e+00
-3.032508250825082463e+00 -9.682721049770647070e+00
-3.031903190319031882e+00 -9.681079602336060574e+00
-3.031298129812981301e+00 -9.679438191240048894e+00
-3.030693069306930720e+00 -9.677796816482619136e+00
-3.030088008800880139e+00 -9.676155478063767745e+00
-3.029482948294829558e+00 -9.674514175983492947e+00
-3.028877887788778978e+00 -9.672872910241801847e+00
-3.028272827282728397e+00 -9.671231680838689115e+00
-3.027667766776677816e+00 -9.669590487774154752e+00
-3.027062706270627235e+00 -9.667949331048200534e+00
-3.026457645764576654e+00 -9.666308210660826461e+00
-3.025852585258526073e+00 -9.664667126612030756e+00
-3.025247524752475492e+00 -9.663026078901815197e+00
-3.024642464246424911e+00 -9.661385067530178006e+00
-3.024037403740374330e+00 -9.659744092497119183e+00
-3.023432343234323305e+00 -9.658103153802642282e+00
-3.022827282728273168e+00 -9.656462251446745526e+00
-3.022222222222222143e+00 -9.654821385429425362e+00
-3.021617161716171562e+00 -9.653180555750687120e+00
-3.021012101210120981e+00 -9.651539762410525469e+00
-3.020407040704070400e+00 -9.649899005408945740e+00
-3.019801980198019820e+00 -9.648258284745942603e+00
-3.019196919691969239e+00 -9.646617600421523164e+00
-3.018591859185918658e+00 -9.644976952435680317e+00
-3.017986798679868077e+00 -9.643336340788417615e+00
-3.017381738173817496e+00 -9.641695765479733282e+00
-3.016776677667766915e+00 -9.640055226509632647e+00
-3.016171617161716334e+00 -9.638414723878105050e+00
-3.015566556655665753e+00 -9.636774257585162928e+00
-3.014961496149615172e+00 -9.635133827630797398e+00
-3.014356435643564591e+00 -9.633493434015008461e+00
-3.013751375137514010e+00 -9.631853076737803221e+00
-3.013146314631462985e+00 -9.630212755799174573e+00
-3.012541254125412848e+00 -9.628572471199127847e+00
-3.011936193619361823e+00 -9.626932222937657713e+00
-3.011331133113311687e+00 -9.625292011014771276e+00
-3.010726072607260662e+00 -9.623651835430461432e+00
-3.010121012101210081e+00 -9.622011696184731733e+00
-3.009515951595159500e+00 -9.620371593277582178e+00
-3.008910891089108919e+00 -9.618731526709009216e+00
-3.008305830583058338e+00 -9.617091496479016399e+00
-3.007700770077007757e+00 -9.615451502587605503e+00
-3.007095709570957176e+00 -9.613811545034772976e+00
-3.006490649064906595e+00 -9.612171623820517041e+00
-3.005885588558856014e+00 -9.610531738944844804e+00
-3.005280528052805433e+00 -9.608891890407749159e+00
-3.004675467546754852e+00 -9.607252078209233659e+00
-3.004070407040704271e+00 -9.605612302349300080e+00
-3.003465346534653690e+00 -9.603972562827943094e+00
-3.002860286028603110e+00 -9.602332859645166252e+00
-3.002255225522552529e+00 -9.600693192800967779e+00
-3.001650165016501504e+00 -9.599053562295353004e+00
-3.001045104510451367e+00 -9.597413968128311268e+00
-3.000440044004400342e+00 -9.595774410299853230e+00
-2.999834983498350205e+00 -9.594134888809973560e+00
-2.999229922992299180e+00 -9.592495403658674036e+00
-2.998624862486249043e+00 -9.590855954845952880e+00
-2.998019801980198018e+00 -9.589216542371811869e+00
-2.997414741474147437e+00 -9.587577166236251003e+00
-2.996809680968096856e+00 -9.585937826439266729e+00
-2.996204620462046275e+00 -9.584298522980862600e+00
-2.995599559955995694e+00 -9.582659255861040393e+00
-2.994994499449945113e+00 -9.581020025079796554e+00
-2.994389438943894532e+00 -9.579380830637131083e+00
-2.993784378437843952e+00 -9.577741672533047534e+00
-2.993179317931793371e+00 -9.576102550767542354e+00
-2.992574257425742790e+00 -9.574463465340613766e+00
-2.991969196919692209e+00 -9.572824416252267099e+00
-2.991364136413641184e+00 -9.571185403502498801e+00
-2.990759075907591047e+00 -9.569546427091314200e+00
-2.990154015401540022e+00 -9.567907487018700863e+00
-2.989548954895489885e+00 -9.566268583284674776e+00
-2.988943894389438860e+00 -9.564629715889223505e+00
-2.988338833883388723e+00 -9.562990884832355931e+00
-2.987733773377337698e+00 -9.561352090114063174e+00
-2.987128712871287561e+00 -9.559713331734352337e+00
-2.986523652365236536e+00 -9.558074609693219870e+00
-2.985918591859185955e+00 -9.556435923990665771e+00
-2.985313531353135375e+00 -9.554797274626695369e+00
-2.984708470847084794e+00 -9.553158661601299784e+00
-2.984103410341034213e+00 -9.551520084914487896e+00
-2.983498349834983632e+00 -9.549881544566250824e+00
-2.982893289328933051e+00 -9.548243040556595673e+00
-2.982288228822882470e+00 -9.546604572885520668e+00
-2.981683168316831889e+00 -9.544966141553025807e+00
-2.981078107810780864e+00 -9.543327746559107538e+00
-2.980473047304730727e+00 -9.541689387903769415e+00
-2.979867986798679702e+00 -9.540051065587009660e+00
-2.979262926292629565e+00 -9.538412779608831826e+00
-2.978657865786578540e+00 -9.536774529969234138e+00
-2.978052805280528403e+00 -9.535136316668213041e+00
-2.977447744774477378e+00 -9.533498139705773866e+00
-2.976842684268427242e+00 -9.531859999081913060e+00
-2.976237623762376217e+00 -9.530221894796628845e+00
-2.975632563256325636e+00 -9.528583826849928329e+00
-2.975027502750275055e+00 -9.526945795241802628e+00
-2.974422442244224474e+00 -9.525307799972260625e+00
-2.973817381738173893e+00 -9.523669841041296991e+00
-2.973212321232123312e+00 -9.522031918448913501e+00
-2.972607260726072731e+00 -9.520394032195108380e+00
-2.972002200220022150e+00 -9.518756182279883404e+00
-2.971397139713971569e+00 -9.517118368703238573e+00
-2.970792079207920988e+00 -9.515480591465170335e+00
-2.970187018701870407e+00 -9.513842850565684017e+00
-2.969581958195819382e+00 -9.512205146004774292e+00
-2.968976897689769245e+00 -9.510567477782448265e+00
-2.968371837183718220e+00 -9.508929845898697053e+00
-2.967766776677668084e+00 -9.507292250353531315e+00
-2.967161716171617059e+00 -9.505654691146940394e+00
-2.966556655665566922e+00 -9.504017168278929617e+00
-2.965951595159515897e+00 -9.502379681749497209e+00
-2.965346534653465760e+00 -9.500742231558646722e+00
-2.964741474147414735e+00 -9.499104817706372828e+00
-2.964136413641364154e+00 -9.497467440192680854e+00
-2.963531353135313573e+00 -9.495830099017567250e+00
-2.962926292629262992e+00 -9.494192794181033790e+00
-2.962321232123212411e+00 -9.492555525683080475e+00
-2.961716171617161830e+00 -9.490918293523701976e+00
-2.961111111111111249e+00 -9.489281097702910728e+00
-2.960506050605060668e+00 -9.487643938220692519e+00
-2.959900990099010087e+00 -9.486006815077056231e+00
-2.959295929592959506e+00 -9.484369728271998312e+00
-2.958690869086908926e+00 -9.482732677805520538e+00
-2.958085808580857901e+00 -9.481095663677621133e+00
-2.957480748074807764e+00 -9.479458685888305425e+00
-2.956875687568756739e+00 -9.477821744437564533e+00
-2.956270627062706602e+00 -9.476184839325403786e+00
-2.955665566556655577e+00 -9.474547970551821408e+00
-2.955060506050605440e+00 -9.472911138116824503e+00
-2.954455445544554415e+00 -9.471274342020400638e+00
-2.953850385038504278e+00 -9.469637582262558695e+00
-2.953245324532453253e+00 -9.468000858843295120e+00
-2.952640264026402672e+00 -9.466364171762611690e+00
-2.952035203520352091e+00 -9.464727521020506629e+00
-2.951430143014301510e+00 -9.463090906616983489e+00
-2.950825082508250929e+00 -9.461454328552036941e+00
-2.950220022002200349e+00 -9.459817786825672314e+00
-2.949614961496149768e+00 -9.458181281437887833e+00
-2.949009900990099187e+00 -9.456544812388679944e+00
-2.948404840484048606e+00 -9.454908379678052199e+00
-2.947799779977997581e+00 -9.453271983306002824e+00
-2.947194719471947444e+00 -9.451635623272535369e+00
-2.946589658965896419e+00 -9.449999299577644507e+00
-2.945984598459846282e+00 -9.448363012221335566e+00
-2.945379537953795257e+00 -9.446726761203604994e+00
-2.944774477447745120e+00 -9.445090546524456343e+00
-2.944169416941694095e+00 -9.443454368183882508e+00
-2.943564356435643958e+00 -9.441818226181892371e+00
-2.942959295929592933e+00 -9.440182120518478825e+00
-2.942354235423542796e+00 -9.438546051193647202e+00
-2.941749174917491771e+00 -9.436910018207393946e+00
-2.941144114411441191e+00 -9.435274021559719060e+00
-2.940539053905390610e+00 -9.433638061250622542e+00
-2.939933993399340029e+00 -9.432002137280109721e+00
-2.939328932893289448e+00 -9.430366249648173493e+00
-2.938723872387238867e+00 -9.428730398354817410e+00
-2.938118811881188286e+00 -9.427094583400039696e+00
-2.937513751375137705e+00 -9.425458804783843902e+00
-2.936908690869087124e+00 -9.423823062506224701e+00
-2.936303630363036099e+00 -9.422187356567185645e+00
-2.935698569856985962e+00 -9.420551686966724958e+00
-2.935093509350934937e+00 -9.418916053704846192e+00
-2.934488448844884800e+00 -9.417280456781545794e+00
-2.933883388338833775e+00 -9.415644896196823765e+00
-2.933278327832783638e+00 -9.414009371950683658e+00
-2.932673267326732613e+00 -9.412373884043118366e+00
-2.932068206820682477e+00 -9.410738432474140325e+00
-2.931463146314631452e+00 -9.409103017243735323e+00
-2.930858085808580871e+00 -9.407467638351912242e+00
-2.930253025302530290e+00 -9.405832295798667531e+00
-2.929647964796479709e+00 -9.404196989584002964e+00
-2.929042904290429128e+00 -9.402561719707916765e+00
-2.928437843784378547e+00 -9.400926486170412488e+00
-2.927832783278327966e+00 -9.399291288971484803e+00
-2.927227722772277385e+00 -9.397656128111139040e+00
-2.926622662266226804e+00 -9.396021003589371645e+00
-2.926017601760176223e+00 -9.394385915406182619e+00
-2.925412541254125642e+00 -9.392750863561575514e+00
-2.924807480748074617e+00 -9.391115848055543225e+00
-2.924202420242024481e+00 -9.389480868888094633e+00
-2.923597359735973455e+00 -9.387845926059224411e+00
-2.922992299229923319e+00 -9.386211019568936109e+00
-2.922387238723872294e+00 -9.384576149417222624e+00
-2.921782178217822157e+00 -9.382941315604089283e+00
-2.921177117711771132e+00 -9.381306518129536087e+00
-2.920572057205720995e+00 -9.379671756993564813e+00
-2.919966996699669970e+00 -9.378037032196168354e+00
-2.919361936193619389e+00 -9.376402343737353817e+00
-2.918756875687568808e+00 -9.374767691617121201e+00
-2.918151815181518227e+00 -9.373133075835463401e+00
-2.917546754675467646e+00 -9.371498496392389299e+00
-2.916941694169417065e+00 -9.369863953287893565e+00
-2.916336633663366484e+00 -9.368229446521976200e+00
-2.915731573157315903e+00 -9.366594976094638980e+00
-2.915126512651265323e+00 -9.364960542005880129e+00
-2.914521452145214742e+00 -9.363326144255703198e+00
-2.913916391639164161e+00 -9.361691782844101084e+00
-2.913311331133113136e+00 -9.360057457771079115e+00
-2.912706270627062999e+00 -9.358423169036639067e+00
-2.912101210121011974e+00 -9.356788916640777387e+00
-2.911496149614961837e+00 -9.355154700583497629e+00
-2.910891089108910812e+00 -9.353520520864794463e+00
-2.910286028602860675e+00 -9.351886377484673218e+00
-2.909680968096809650e+00 -9.350252270443128566e+00
-2.909075907590759513e+00 -9.348618199740169388e+00
-2.908470847084708488e+00 -9.346984165375779696e+00
-2.907865786578657907e+00 -9.345350167349975479e+00
-2.907260726072607326e+00 -9.343716205662751406e+00
-2.906655665566556745e+00 -9.342082280314103926e+00
-2.906050605060506165e+00 -9.340448391304038367e+00
-2.905445544554455584e+00 -9.338814538632549400e+00
-2.904840484048405003e+00 -9.337180722299642355e+00
-2.904235423542354422e+00 -9.335546942305313678e+00
-2.903630363036303841e+00 -9.333913198649565146e+00
-2.903025302530252816e+00 -9.332279491332394983e+00
-2.902420242024202679e+00 -9.330645820353806741e+00
-2.901815181518151654e+00 -9.329012185713793315e+00
-2.901210121012101517e+00 -9.327378587412365363e+00
-2.900605060506050492e+00 -9.325745025449510450e+00
-2.900000000000000355e+00 -9.324111499825239235e+00
-2.899394939493949330e+00 -9.322478010539546389e+00
-2.898789878987899193e+00 -9.320844557592433688e+00
-2.898184818481848168e+00 -9.319211140983899355e+00
-2.897579757975797587e+00 -9.317577760713943391e+00
-2.896974697469747007e+00 -9.315944416782567572e+00
-2.896369636963696426e+00 -9.314311109189773674e+00
-2.895764576457645845e+00 -9.312677837935556369e+00
-2.895159515951595264e+00 -9.311044603019919208e+00
-2.894554455445544683e+00 -9.309411404442862192e+00
-2.893949394939494102e+00 -9.307778242204381769e+00
-2.893344334433443521e+00 -9.306145116304485043e+00
-2.892739273927392940e+00 -9.304512026743166686e+00
-2.892134213421342359e+00 -9.302878973520428474e+00
-2.891529152915291334e+00 -9.301245956636266854e+00
-2.890924092409241197e+00 -9.299612976090685379e+00
-2.890319031903190172e+00 -9.297980031883684049e+00
-2.889713971397140035e+00 -9.296347124015262864e+00
-2.889108910891089010e+00 -9.294714252485418271e+00
-2.888503850385038874e+00 -9.293081417294157376e+00
-2.887898789878987849e+00 -9.291448618441473073e+00
-2.887293729372937712e+00 -9.289815855927370691e+00
-2.886688668866886687e+00 -9.288183129751843126e+00
-2.886083608360836106e+00 -9.286550439914899258e+00
-2.885478547854785525e+00 -9.284917786416531982e+00
-2.884873487348734944e+00 -9.283285169256746627e+00
-2.884268426842684363e+00 -9.281652588435539641e+00
-2.883663366336633782e+00 -9.280020043952912800e+00
-2.883058305830583201e+00 -9.278387535808864328e+00
-2.882453245324532620e+00 -9.276755064003394224e+00
-2.881848184818482039e+00 -9.275122628536507818e+00
-2.881243124312431458e+00 -9.273490229408198005e+00
-2.880638063806380877e+00 -9.271857866618464783e+00
-2.880033003300329852e+00 -9.270225540167313483e+00
-2.879427942794279716e+00 -9.268593250054744104e+00
-2.878822882288228691e+00 -9.266960996280751317e+00
-2.878217821782178554e+00 -9.265328778845338675e+00
-2.877612761276127529e+00 -9.263696597748506179e+00
-2.877007700770077392e+00 -9.262064452990252050e+00
-2.876402640264026367e+00 -9.260432344570578067e+00
-2.875797579757976230e+00 -9.258800272489484229e+00
-2.875192519251925205e+00 -9.257168236746966983e+00
-2.874587458745874624e+00 -9.255536237343031658e+00
-2.873982398239824043e+00 -9.253904274277674702e+00
-2.873377337733773462e+00 -9.252272347550897891e+00
-2.872772277227722881e+00 -9.250640457162701225e+00
-2.872167216721672300e+00 -9.249008603113082927e+00
-2.871562156215621719e+00 -9.247376785402042998e+00
-2.870957095709571139e+00 -9.245745004029584990e+00
-2.870352035203520558e+00 -9.244113258995705351e+00
-2.869746974697469977e+00 -9.242481550300405857e+00
-2.869141914191419396e+00 -9.240849877943682955e+00
-2.868536853685368371e+00 -9.239218241925540198e+00
-2.867931793179318234e+00 -9.237586642245979363e+00
-2.867326732673267209e+00 -9.235955078904995119e+00
-2.866721672167217072e+00 -9.234323551902594573e+00
-2.866116611661166047e+00 -9.232692061238767067e+00
-2.865511551155115910e+00 -9.231060606913525035e+00
-2.864906490649064885e+00 -9.229429188926859595e+00
-2.864301430143014748e+00 -9.227797807278777853e+00
-2.863696369636963723e+00 -9.226166461969267374e+00
-2.863091309130913142e+00 -9.224535152998340592e+00
-2.862486248624862561e+00 -9.222903880365995732e+00
-2.861881188118811981e+00 -9.221272644072227465e+00
-2.861276127612761400e+00 -9.219641444117041118e+00
-2.860671067106710819e+00 -9.218010280500429587e+00
-2.860066006600660238e+00 -9.216379153222401754e+00
-2.859460946094609657e+00 -9.214748062282950514e+00
-2.858855885588559076e+00 -9.213117007682081194e+00
-2.858250825082508051e+00 -9.211485989419788467e+00
-2.857645764576457914e+00 -9.209855007496077661e+00
-2.857040704070406889e+00 -9.208224061910941671e+00
-2.856435643564356752e+00 -9.206593152664392932e+00
-2.855830583058305727e+00 -9.204962279756419008e+00
-2.855225522552255590e+00 -9.203331443187023453e+00
-2.854620462046204565e+00 -9.201700642956209819e+00
-2.854015401540154429e+00 -9.200069879063976330e+00
-2.853410341034103404e+00 -9.198439151510317657e+00
-2.852805280528052823e+00 -9.196808460295242682e+00
-2.852200220022002242e+00 -9.195177805418746075e+00
-2.851595159515951661e+00 -9.193547186880827837e+00
-2.850990099009901080e+00 -9.191916604681491521e+00
-2.850385038503850499e+00 -9.190286058820731796e+00
-2.849779977997799918e+00 -9.188655549298553993e+00
-2.849174917491749337e+00 -9.187025076114954558e+00
-2.848569856985698756e+00 -9.185394639269935269e+00
-2.847964796479648175e+00 -9.183764238763494347e+00
-2.847359735973597594e+00 -9.182133874595635348e+00
-2.846754675467546569e+00 -9.180503546766349388e+00
-2.846149614961496432e+00 -9.178873255275648901e+00
-2.845544554455445407e+00 -9.177243000123523231e+00
-2.844939493949395271e+00 -9.175612781309983035e+00
-2.844334433443344246e+00 -9.173982598835015878e+00
-2.843729372937294109e+00 -9.172352452698632419e+00
-2.843124312431243084e+00 -9.170722342900825552e+00
-2.842519251925192947e+00 -9.169092269441602383e+00
-2.841914191419141922e+00 -9.167462232320954030e+00
-2.841309130913091341e+00 -9.165832231538889374e+00
-2.840704070407040760e+00 -9.164202267095399534e+00
-2.840099009900990179e+00 -9.162572338990491616e+00
-2.839493949394939598e+00 -9.160942447224165619e+00
-2.838888888888889017e+00 -9.159312591796414438e+00
-2.838283828382838436e+00 -9.157682772707245178e+00
-2.837678767876787855e+00 -9.156052989956656063e+00
-2.837073707370737274e+00 -9.154423243544645317e+00
-2.836468646864686693e+00 -9.152793533471214715e+00
-2.835863586358636113e+00 -9.151163859736360706e+00
-2.835258525852585088e+00 -9.149534222340088618e+00
-2.834653465346534951e+00 -9.147904621282396675e+00
-2.834048404840483926e+00 -9.146275056563283101e+00
-2.833443344334433789e+00 -9.144645528182747896e+00
-2.832838283828382764e+00 -9.143016036140792835e+00
-2.832233223322332627e+00 -9.141386580437417919e+00
-2.831628162816281602e+00 -9.139757161072623148e+00
-2.831023102310231465e+00 -9.138127778046406746e+00
-2.830418041804180440e+00 -9.136498431358766936e+00
-2.829812981298129859e+00 -9.134869121009710824e+00
-2.829207920792079278e+00 -9.133239846999231304e+00
-2.828602860286028697e+00 -9.131610609327335482e+00
-2.827997799779978116e+00 -9.129981407994014475e+00
-2.827392739273927535e+00 -9.128352242999275390e+00
-2.826787678767876955e+00 -9.126723114343114673e+00
-2.826182618261826374e+00 -9.125094022025534102e+00
-2.825577557755775793e+00 -9.123464966046533675e+00
-2.824972497249724768e+00 -9.121835946406109841e+00
-2.824367436743674631e+00 -9.120206963104267928e+00
-2.823762376237623606e+00 -9.118578016141000830e+00
-2.823157315731573469e+00 -9.116949105516320984e+00
-2.822552255225522444e+00 -9.115320231230215953e+00
-2.821947194719472307e+00 -9.113691393282691067e+00
-2.821342134213421282e+00 -9.112062591673744549e+00
-2.820737073707371145e+00 -9.110433826403379953e+00
-2.820132013201320120e+00 -9.108805097471593726e+00
-2.819526952695269983e+00 -9.107176404878387643e+00
-2.818921892189218958e+00 -9.105547748623759929e+00
-2.818316831683168378e+00 -9.103919128707708808e+00
-2.817711771177117797e+00 -9.102290545130241384e+00
-2.817106710671067216e+00 -9.100661997891350552e+00
-2.816501650165016635e+00 -9.099033486991043418e+00
-2.815896589658966054e+00 -9.097405012429311100e+00
-2.815291529152915473e+00 -9.095776574206162479e+00
-2.814686468646864892e+00 -9.094148172321588675e+00
-2.814081408140814311e+00 -9.092519806775598568e+00
-2.813476347634763286e+00 -9.090891477568183277e+00
-2.812871287128713149e+00 -9.089263184699351683e+00
-2.812266226622662124e+00 -9.087634928169098458e+00
-2.811661166116611987e+00 -9.086006707977423602e+00
-2.811056105610560962e+00 -9.084378524124327114e+00
-2.810451045104510825e+00 -9.082750376609812548e+00
-2.809845984598459800e+00 -9.081122265433876350e+00
-2.809240924092409664e+00 -9.079494190596520298e+00
-2.808635863586358639e+00 -9.077866152097740837e+00
-2.808030803080308058e+00 -9.076238149937543298e+00
-2.807425742574257477e+00 -9.074610184115925904e+00
-2.806820682068206896e+00 -9.072982254632886878e+00
-2.806215621562156315e+00 -9.071354361488426221e+00
-2.805610561056105734e+00 -9.069726504682547485e+00
-2.805005500550055153e+00 -9.068098684215247118e+00
-2.804400440044004572e+00 -9.066470900086525120e+00
-2.803795379537953991e+00 -9.064843152296385043e+00
-2.803190319031903410e+00 -9.063215440844821558e+00
-2.802585258525852829e+00 -9.061587765731839994e+00
-2.801980198019801804e+00 -9.059960126957433246e+00
-2.801375137513751667e+00 -9.058332524521611973e+00
-2.800770077007700642e+00 -9.056704958424365515e+00
-2.800165016501650506e+00 -9.055077428665700978e+00
-2.799559955995599481e+00 -9.053449935245616587e+00
-2.798954895489549344e+00 -9.051822478164110564e+00
-2.798349834983498319e+00 -9.050195057421182909e+00
-2.797744774477448182e+00 -9.048567673016837176e+00
-2.797139713971397157e+00 -9.046940324951068035e+00
-2.796534653465346576e+00 -9.045313013223879040e+00
-2.795929592959295995e+00 -9.043685737835270189e+00
-2.795324532453245414e+00 -9.042058498785239706e+00
-2.794719471947194833e+00 -9.040431296073791145e+00
-2.794114411441144252e+00 -9.038804129700920953e+00
-2.793509350935093671e+00 -9.037176999666629129e+00
-2.792904290429043090e+00 -9.035549905970915674e+00
-2.792299229922992510e+00 -9.033922848613784140e+00
-2.791694169416941929e+00 -9.032295827595232751e+00
-2.791089108910891348e+00 -9.030668842915257954e+00
-2.790484048404840323e+00 -9.029041894573865079e+00
-2.789878987898790186e+00 -9.027414982571048796e+00
-2.789273927392739161e+00 -9.025788106906814434e+00
-2.788668866886689024e+00 -9.024161267581158441e+00
-2.788063806380637999e+00 -9.022534464594080816e+00
-2.787458745874587862e+00 -9.020907697945585113e+00
-2.786853685368536837e+00 -9.019280967635666002e+00
-2.786248624862486700e+00 -9.017654273664330589e+00
-2.785643564356435675e+00 -9.016027616031569991e+00
-2.785038503850385094e+00 -9.014400994737389539e+00
-2.784433443344334513e+00 -9.012774409781791007e+00
-2.783828382838283932e+00 -9.011147861164772621e+00
-2.783223322332233352e+00 -9.009521348886329051e+00
-2.782618261826182771e+00 -9.007894872946470954e+00
-2.782013201320132190e+00 -9.006268433345187674e+00
-2.781408140814081609e+00 -9.004642030082484538e+00
-2.780803080308031028e+00 -9.003015663158361548e+00
-2.780198019801980003e+00 -9.001389332572816926e+00
-2.779592959295929866e+00 -8.999763038325856002e+00
-2.778987898789878841e+00 -8.998136780417468117e+00
-2.778382838283828704e+00 -8.996510558847663930e+00
-2.777777777777777679e+00 -8.994884373616438111e+00
-2.777172717271727542e+00 -8.993258224723792438e+00
-2.776567656765676517e+00 -8.991632112169723356e+00
-2.775962596259626380e+00 -8.990006035954237973e+00
-2.775357535753575355e+00 -8.988379996077329182e+00
-2.774752475247524774e+00 -8.986753992539000535e+00
-2.774147414741474194e+00 -8.985128025339250257e+00
-2.773542354235423613e+00 -8.983502094478080124e+00
-2.772937293729373032e+00 -8.981876199955490137e+00
-2.772332233223322451e+00 -8.980250341771480294e+00
-2.771727172717271870e+00 -8.978624519926048819e+00
-2.771122112211221289e+00 -8.976998734419195713e+00
-2.770517051705170708e+00 -8.975372985250922753e+00
-2.769911991199120127e+00 -8.973747272421231713e+00
-2.769306930693069546e+00 -8.972121595930115490e+00
-2.768701870187018521e+00 -8.970495955777582964e+00
-2.768096809680968384e+00 -8.968870351963628806e+00
-2.767491749174917359e+00 -8.967244784488249465e+00
-2.766886688668867222e+00 -8.965619253351457374e+00
-2.766281628162816197e+00 -8.963993758553238322e+00
-2.765676567656766061e+00 -8.962368300093602969e+00
-2.765071507150715036e+00 -8.960742877972544207e+00
-2.764466446644664899e+00 -8.959117492190067367e+00
-2.763861386138613874e+00 -8.957492142746167119e+00
-2.763256325632563293e+00 -8.955866829640847016e+00
-2.762651265126512712e+00 -8.954241552874107057e+00
-2.762046204620462131e+00 -8.952616312445947244e+00
-2.761441144114411550e+00 -8.950991108356365800e+00
-2.760836083608360969e+00 -8.949365940605364500e+00
-2.760231023102310388e+00 -8.947740809192943345e+00
-2.759625962596259807e+00 -8.946115714119098783e+00
-2.759020902090209226e+00 -8.944490655383836142e+00
-2.758415841584158645e+00 -8.942865632987151869e+00
-2.757810781078108064e+00 -8.941240646929047742e+00
-2.757205720572057039e+00 -8.939615697209521983e+00
-2.756600660066006903e+00 -8.937990783828578145e+00
-2.755995599559955878e+00 -8.936365906786210900e+00
-2.755390539053905741e+00 -8.934741066082425576e+00
-2.754785478547854716e+00 -8.933116261717216844e+00
-2.754180418041804579e+00 -8.931491493690590033e+00
-2.753575357535753554e+00 -8.929866762002541591e+00
-2.752970297029703417e+00 -8.928242066653073294e+00
-2.752365236523652392e+00 -8.926617407642183366e+00
-2.751760176017601811e+00 -8.924992784969871806e+00
-2.751155115511551230e+00 -8.923368198636142168e+00
-2.750550055005500649e+00 -8.921743648640990898e+00
-2.749944994499450068e+00 -8.920119134984419773e+00
-2.749339933993399487e+00 -8.918494657666427017e+00
-2.748734873487348906e+00 -8.916870216687014405e+00
-2.748129812981298326e+00 -8.915245812046180163e+00
-2.747524752475247745e+00 -8.913621443743926065e+00
-2.746919691969197164e+00 -8.911997111780252112e+00
-2.746314631463146583e+00 -8.910372816155154752e+00
-2.745709570957095558e+00 -8.908748556868639312e+00
-2.745104510451045421e+00 -8.907124333920704018e+00
-2.744499449944994396e+00 -8.905500147311347092e+00
-2.743894389438944259e+00 -8.903875997040572088e+00
-2.743289328932893234e+00 -8.902251883108370123e+00
-2.742684268426843097e+00 -8.900627805514755408e+00
-2.742079207920792072e+00 -8.899003764259713734e+00
-2.741474147414741935e+00 -8.897379759343255756e+00
-2.740869086908690910e+00 -8.895755790765374371e+00
-2.740264026402640329e+00 -8.894131858526076684e+00
-2.739658965896589748e+00 -8.892507962625352036e+00
-2.739053905390539168e+00 -8.890884103063211086e+00
-2.738448844884488587e+00 -8.889260279839650281e+00
-2.737843784378438006e+00 -8.887636492954666068e+00
-2.737238723872387425e+00 -8.886012742408263776e+00
-2.736633663366336844e+00 -8.884389028200438077e+00
-2.736028602860286263e+00 -8.882765350331194298e+00
-2.735423542354235238e+00 -8.881141708800527113e+00
-2.734818481848185101e+00 -8.879518103608441848e+00
-2.734213421342134076e+00 -8.877894534754936728e+00
-2.733608360836083939e+00 -8.876271002240009977e+00
-2.733003300330032914e+00 -8.874647506063661595e+00
-2.732398239823982777e+00 -8.873024046225893358e+00
-2.731793179317931752e+00 -8.871400622726705265e+00
-2.731188118811881615e+00 -8.869777235566095541e+00
-2.730583058305830590e+00 -8.868153884744065962e+00
-2.729977997799780010e+00 -8.866530570260616528e+00
-2.729372937293729429e+00 -8.864907292115745463e+00
-2.728767876787678848e+00 -8.863284050309454543e+00
-2.728162816281628267e+00 -8.861660844841741991e+00
-2.727557755775577686e+00 -8.860037675712609584e+00
-2.726952695269527105e+00 -8.858414542922055546e+00
-2.726347634763476524e+00 -8.856791446470081652e+00
-2.725742574257425943e+00 -8.855168386356687904e+00
-2.725137513751375362e+00 -8.853545362581874301e+00
-2.724532453245324781e+00 -8.851922375145637290e+00
-2.723927392739273756e+00 -8.850299424047980423e+00
-2.723322332233223619e+00 -8.848676509288905478e+00
-2.722717271727172594e+00 -8.847053630868408902e+00
-2.722112211221122458e+00 -8.845430788786490695e+00
-2.721507150715071433e+00 -8.843807983043152632e+00
-2.720902090209021296e+00 -8.842185213638394714e+00
-2.720297029702970271e+00 -8.840562480572213389e+00
-2.719691969196920134e+00 -8.838939783844617537e+00
-2.719086908690869109e+00 -8.837317123455594725e+00
-2.718481848184818528e+00 -8.835694499405153834e+00
-2.717876787678767947e+00 -8.834071911693291312e+00
-2.717271727172717366e+00 -8.832449360320010712e+00
-2.716666666666666785e+00 -8.830826845285306703e+00
-2.716061606160616204e+00 -8.829204366589182840e+00
-2.715456545654565623e+00 -8.827581924231640897e+00
-2.714851485148515042e+00 -8.825959518212677324e+00
-2.714246424642464461e+00 -8.824337148532290342e+00
-2.713641364136413880e+00 -8.822714815190485282e+00
-2.713036303630363300e+00 -8.821092518187260367e+00
-2.712431243124312275e+00 -8.819470257522612044e+00
-2.711826182618262138e+00 -8.817848033196545643e+00
-2.711221122112211113e+00 -8.816225845209057610e+00
-2.710616061606160976e+00 -8.814603693560149722e+00
-2.710011001100109951e+00 -8.812981578249820203e+00
-2.709405940594059814e+00 -8.811359499278072605e+00
-2.708800880088008789e+00 -8.809737456644901599e+00
-2.708195819581958652e+00 -8.808115450350312514e+00
-2.707590759075907627e+00 -8.806493480394300022e+00
-2.706985698569857046e+00 -8.804871546776867675e+00
-2.706380638063806465e+00 -8.803249649498015472e+00
-2.705775577557755884e+00 -8.801627788557743415e+00
-2.705170517051705303e+00 -8.800005963956049726e+00
-2.704565456545654722e+00 -8.798384175692936182e+00
-2.703960396039604142e+00 -8.796762423768402783e+00
-2.703355335533553561e+00 -8.795140708182447753e+00
-2.702750275027502980e+00 -8.793519028935071091e+00
-2.702145214521451955e+00 -8.791897386026274575e+00
-2.701540154015401818e+00 -8.790275779456058203e+00
-2.700935093509350793e+00 -8.788654209224420200e+00
-2.700330033003300656e+00 -8.787032675331364118e+00
-2.699724972497249631e+00 -8.785411177776882852e+00
-2.699119911991199494e+00 -8.783789716560985283e+00
-2.698514851485148469e+00 -8.782168291683666084e+00
-2.697909790979098332e+00 -8.780546903144927029e+00
-2.697304730473047307e+00 -8.778925550944764566e+00
-2.696699669966997170e+00 -8.777304235083185802e+00
-2.696094609460946145e+00 -8.775682955560181853e+00
-2.695489548954895564e+00 -8.774061712375759825e+00
-2.694884488448844984e+00 -8.772440505529916166e+00
-2.694279427942794403e+00 -8.770819335022654428e+00
-2.693674367436743822e+00 -8.769198200853971059e+00
-2.693069306930693241e+00 -8.767577103023866059e+00
-2.692464246424642660e+00 -8.765956041532341203e+00
-2.691859185918592079e+00 -8.764335016379394716e+00
-2.691254125412541498e+00 -8.762714027565028374e+00
-2.690649064906490473e+00 -8.761093075089240401e+00
-2.690044004400440336e+00 -8.759472158952034349e+00
-2.689438943894389311e+00 -8.757851279153404889e+00
-2.688833883388339174e+00 -8.756230435693357350e+00
-2.688228822882288149e+00 -8.754609628571886404e+00
-2.687623762376238012e+00 -8.752988857788997379e+00
-2.687018701870186987e+00 -8.751368123344686722e+00
-2.686413641364136851e+00 -8.749747425238957987e+00
-2.685808580858085826e+00 -8.748126763471805845e+00
-2.685203520352035245e+00 -8.746506138043233847e+00
-2.684598459845984664e+00 -8.744885548953240217e+00
-2.683993399339934083e+00 -8.743264996201828509e+00
-2.683388338833883502e+00 -8.741644479788993394e+00
-2.682783278327832921e+00 -8.740023999714741976e+00
-2.682178217821782340e+00 -8.738403555979067150e+00
-2.681573157315731759e+00 -8.736783148581970693e+00
-2.680968096809681178e+00 -8.735162777523456157e+00
-2.680363036303630597e+00 -8.733542442803518213e+00
-2.679757975797580016e+00 -8.731922144422162191e+00
-2.679152915291528991e+00 -8.730301882379382761e+00
-2.678547854785478854e+00 -8.728681656675185252e+00
-2.677942794279427829e+00 -8.727061467309566112e+00
-2.677337733773377693e+00 -8.725441314282528893e+00
-2.676732673267326668e+00 -8.723821197594066490e+00
-2.676127612761276531e+00 -8.722201117244187785e+00
-2.675522552255225506e+00 -8.720581073232885672e+00
-2.674917491749175369e+00 -8.718961065560167256e+00
-2.674312431243124344e+00 -8.717341094226023657e+00
-2.673707370737073763e+00 -8.715721159230461978e+00
-2.673102310231023182e+00 -8.714101260573478669e+00
-2.672497249724972601e+00 -8.712481398255071952e+00
-2.671892189218922020e+00 -8.710861572275250708e+00
-2.671287128712871439e+00 -8.709241782634004281e+00
-2.670682068206820858e+00 -8.707622029331339775e+00
-2.670077007700770277e+00 -8.706002312367253637e+00
-2.669471947194719696e+00 -8.704382631741747645e+00
-2.668866886688669116e+00 -8.702762987454820021e+00
-2.668261826182618535e+00 -8.701143379506474318e+00
-2.667656765676567510e+00 -8.699523807896703431e+00
-2.667051705170517373e+00 -8.697904272625516242e+00
-2.666446644664466348e+00 -8.696284773692905645e+00
-2.665841584158416211e+00 -8.694665311098876970e+00
-2.665236523652365186e+00 -8.693045884843424886e+00
-2.664631463146315049e+00 -8.691426494926556501e+00
-2.664026402640264024e+00 -8.689807141348264707e+00
-2.663421342134213887e+00 -8.688187824108553059e+00
-2.662816281628162862e+00 -8.686568543207419779e+00
-2.662211221122112281e+00 -8.684949298644864868e+00
-2.661606160616061700e+00 -8.683330090420891878e+00
-2.661001100110011119e+00 -8.681710918535497257e+00
-2.660396039603960538e+00 -8.680091782988682780e+00
-2.659790979097909958e+00 -8.678472683780446673e+00
-2.659185918591859377e+00 -8.676853620910790710e+00
-2.658580858085808796e+00 -8.675234594379713116e+00
-2.657975797579758215e+00 -8.673615604187215666e+00
-2.657370737073707190e+00 -8.671996650333298362e+00
-2.656765676567657053e+00 -8.670377732817961203e+00
-2.656160616061606028e+00 -8.668758851641200636e+00
-2.655555555555555891e+00 -8.667140006803023766e+00
-2.654950495049504866e+00 -8.665521198303421713e+00
-2.654345434543454729e+00 -8.663902426142403357e+00
-2.653740374037403704e+00 -8.662283690319959817e+00
-2.653135313531353567e+00 -8.660664990836099975e+00
-2.652530253025302542e+00 -8.659046327690816724e+00
-2.651925192519251961e+00 -8.657427700884113619e+00
-2.651320132013201381e+00 -8.655809110415992436e+00
-2.650715071507150800e+00 -8.654190556286446068e+00
-2.650110011001100219e+00 -8.652572038495483397e+00
-2.649504950495049638e+00 -8.650953557043097319e+00
-2.648899889988999057e+00 -8.649335111929291386e+00
-2.648294829482948476e+00 -8.647716703154065598e+00
-2.647689768976897895e+00 -8.646098330717418179e+00
-2.647084708470847314e+00 -8.644479994619352681e+00
-2.646479647964796733e+00 -8.642861694859865551e+00
-2.645874587458745708e+00 -8.641243431438955014e+00
-2.645269526952695571e+00 -8.639625204356628174e+00
-2.644664466446644546e+00 -8.638007013612874374e+00
-2.644059405940594409e+00 -8.636388859207706048e+00
-2.643454345434543384e+00 -8.634770741141114314e+00
-2.642849284928493248e+00 -8.633152659413104502e+00
-2.642244224422442223e+00 -8.631534614023671281e+00
-2.641639163916392086e+00 -8.629916604972821759e+00
-2.641034103410341061e+00 -8.628298632260547052e+00
-2.640429042904290480e+00 -8.626680695886854267e+00
-2.639823982398239899e+00 -8.625062795851739850e+00
-2.639218921892189318e+00 -8.623444932155203801e+00
-2.638613861386138737e+00 -8.621827104797249675e+00
-2.638008800880088156e+00 -8.620209313777873916e+00
-2.637403740374037575e+00 -8.618591559097078303e+00
-2.636798679867986994e+00 -8.616973840754861058e+00
-2.636193619361936413e+00 -8.615356158751223958e+00
-2.635588558855885832e+00 -8.613738513086167004e+00
-2.634983498349835251e+00 -8.612120903759686641e+00
-2.634378437843784226e+00 -8.610503330771786423e+00
-2.633773377337734090e+00 -8.608885794122468127e+00
-2.633168316831683065e+00 -8.607268293811726423e+00
-2.632563256325632928e+00 -8.605650829839568416e+00
-2.631958195819581903e+00 -8.604033402205985226e+00
-2.631353135313531766e+00 -8.602416010910983957e+00
-2.630748074807480741e+00 -8.600798655954561056e+00
-2.630143014301430604e+00 -8.599181337336718300e+00
-2.629537953795379579e+00 -8.597564055057455690e+00
-2.628932893289328998e+00 -8.595946809116769671e+00
-2.628327832783278417e+00 -8.594329599514665574e+00
-2.627722772277227836e+00 -8.592712426251139846e+00
-2.627117711771177255e+00 -8.591095289326194262e+00
-2.626512651265126674e+00 -8.589478188739828823e+00
-2.625907590759076093e+00 -8.587861124492041753e+00
-2.625302530253025513e+00 -8.586244096582834828e+00
-2.624697469746974932e+00 -8.584627105012206272e+00
-2.624092409240924351e+00 -8.583010149780157860e+00
-2.623487348734873770e+00 -8.581393230886689594e+00
-2.622882288228822745e+00 -8.579776348331797919e+00
-2.622277227722772608e+00 -8.578159502115488166e+00
-2.621672167216721583e+00 -8.576542692237756782e+00
-2.621067106710671446e+00 -8.574925918698605543e+00
-2.620462046204620421e+00 -8.573309181498034448e+00
-2.619856985698570284e+00 -8.571692480636041722e+00
-2.619251925192519259e+00 -8.570075816112627365e+00
-2.618646864686469122e+00 -8.568459187927794929e+00
-2.618041804180418097e+00 -8.566842596081539085e+00
-2.617436743674367516e+00 -8.565226040573865163e+00
-2.616831683168316935e+00 -8.563609521404769609e+00
-2.616226622662266355e+00 -8.561993038574254200e+00
-2.615621562156215774e+00 -8.560376592082318936e+00
-2.615016501650165193e+00 -8.558760181928960264e+00
-2.614411441144114612e+00 -8.557143808114183514e+00
-2.613806380638064031e+00 -8.555527470637985132e+00
-2.613201320132013450e+00 -8.553911169500365119e+00
-2.612596259625962425e+00 -8.552294904701325251e+00
-2.611991199119912288e+00 -8.550678676240867304e+00
-2.611386138613861263e+00 -8.549062484118984173e+00
-2.610781078107811126e+00 -8.547446328335686516e+00
-2.610176017601760101e+00 -8.545830208890963675e+00
-2.609570957095709964e+00 -8.544214125784822755e+00
-2.608965896589658939e+00 -8.542598079017258428e+00
-2.608360836083608802e+00 -8.540982068588274245e+00
-2.607755775577557777e+00 -8.539366094497870208e+00
-2.607150715071507197e+00 -8.537750156746046315e+00
-2.606545654565456616e+00 -8.536134255332800791e+00
-2.605940594059406035e+00 -8.534518390258137188e+00
-2.605335533553355454e+00 -8.532902561522050178e+00
-2.604730473047304873e+00 -8.531286769124543312e+00
-2.604125412541254292e+00 -8.529671013065614815e+00
-2.603520352035203711e+00 -8.528055293345268240e+00
-2.602915291529153130e+00 -8.526439609963501809e+00
-2.602310231023102549e+00 -8.524823962920311970e+00
-2.601705170517051968e+00 -8.523208352215702277e+00
-2.601100110011000943e+00 -8.521592777849670952e+00
-2.600495049504950806e+00 -8.519977239822221549e+00
-2.599889988998899781e+00 -8.518361738133350514e+00
-2.599284928492849644e+00 -8.516746272783059624e+00
-2.598679867986798619e+00 -8.515130843771347102e+00
-2.598074807480748483e+00 -8.513515451098212949e+00
-2.597469746974697458e+00 -8.511900094763658942e+00
-2.596864686468647321e+00 -8.510284774767686855e+00
-2.596259625962596296e+00 -8.508669491110291361e+00
-2.595654565456545715e+00 -8.507054243791476011e+00
-2.595049504950495134e+00 -8.505439032811239031e+00
-2.594444444444444553e+00 -8.503823858169585748e+00
-2.593839383938393972e+00 -8.502208719866507280e+00
-2.593234323432343391e+00 -8.500593617902010735e+00
-2.592629262926292810e+00 -8.498978552276092557e+00
-2.592024202420242229e+00 -8.497363522988754525e+00
-2.591419141914191648e+00 -8.495748530039996638e+00
-2.590814081408141067e+00 -8.494133573429815343e+00
-2.590209020902090487e+00 -8.492518653158217745e+00
-2.589603960396039462e+00 -8.490903769225193187e+00
-2.588998899889989325e+00 -8.489288921630754103e+00
-2.588393839383938300e+00 -8.487674110374891612e+00
-2.587788778877888163e+00 -8.486059335457611041e+00
-2.587183718371837138e+00 -8.484444596878907063e+00
-2.586578657865787001e+00 -8.482829894638783230e+00
-2.585973597359735976e+00 -8.481215228737237766e+00
-2.585368536853685839e+00 -8.479600599174275999e+00
-2.584763476347634814e+00 -8.477986005949889048e+00
-2.584158415841584233e+00 -8.476371449064084018e+00
-2.583553355335533652e+00 -8.474756928516855581e+00
-2.582948294829483071e+00 -8.473142444308210841e+00
-2.582343234323432490e+00 -8.471527996438140917e+00
-2.581738173817381909e+00 -8.469913584906654691e+00
-2.581133113311331329e+00 -8.468299209713745057e+00
-2.580528052805280748e+00 -8.466684870859417344e+00
-2.579922992299230167e+00 -8.465070568343668000e+00
-2.579317931793179142e+00 -8.463456302166497025e+00
-2.578712871287129005e+00 -8.461842072327906195e+00
-2.578107810781077980e+00 -8.460227878827893733e+00
-2.577502750275027843e+00 -8.458613721666463192e+00
-2.576897689768976818e+00 -8.456999600843609244e+00
-2.576292629262926681e+00 -8.455385516359337217e+00
-2.575687568756875656e+00 -8.453771468213643558e+00
-2.575082508250825519e+00 -8.452157456406530045e+00
-2.574477447744774494e+00 -8.450543480937994900e+00
-2.573872387238724357e+00 -8.448929541808041677e+00
-2.573267326732673332e+00 -8.447315639016661493e+00
-2.572662266226622751e+00 -8.445701772563866783e+00
-2.572057205720572171e+00 -8.444087942449648665e+00
-2.571452145214521590e+00 -8.442474148674010692e+00
-2.570847084708471009e+00 -8.440860391236954641e+00
-2.570242024202420428e+00 -8.439246670138476958e+00
-2.569636963696369847e+00 -8.437632985378577644e+00
-2.569031903190319266e+00 -8.436019336957258474e+00
-2.568426842684268685e+00 -8.434405724874517674e+00
-2.567821782178217660e+00 -8.432792149130355241e+00
-2.567216721672167523e+00 -8.431178609724774731e+00
-2.566611661166116498e+00 -8.429565106657770812e+00
-2.566006600660066361e+00 -8.427951639929350591e+00
-2.565401540154015336e+00 -8.426338209539505186e+00
-2.564796479647965199e+00 -8.424724815488243479e+00
-2.564191419141914174e+00 -8.423111457775558364e+00
-2.563586358635864038e+00 -8.421498136401453394e+00
-2.562981298129813013e+00 -8.419884851365928569e+00
-2.562376237623762432e+00 -8.418271602668980336e+00
-2.561771177117711851e+00 -8.416658390310615800e+00
-2.561166116611661270e+00 -8.415045214290827857e+00
-2.560561056105610689e+00 -8.413432074609620059e+00
-2.559955995599560108e+00 -8.411818971266990630e+00
-2.559350935093509527e+00 -8.410205904262943122e+00
-2.558745874587458946e+00 -8.408592873597473982e+00
-2.558140814081408365e+00 -8.406979879270584988e+00
-2.557535753575357784e+00 -8.405366921282272585e+00
-2.556930693069307203e+00 -8.403753999632542104e+00
-2.556325632563256178e+00 -8.402141114321389992e+00
-2.555720572057206041e+00 -8.400528265348819801e+00
-2.555115511551155016e+00 -8.398915452714826202e+00
-2.554510451045104880e+00 -8.397302676419414524e+00
-2.553905390539053855e+00 -8.395689936462577663e+00
-2.553300330033003718e+00 -8.394077232844324499e+00
-2.552695269526952693e+00 -8.392464565564649703e+00
-2.552090209020902556e+00 -8.390851934623555053e+00
-2.551485148514851531e+00 -8.389239340021036995e+00
-2.550880088008800950e+00 -8.387626781757100858e+00
-2.550275027502750369e+00 -8.386014259831743090e+00
-2.549669966996699788e+00 -8.384401774244965466e+00
-2.549064906490649207e+00 -8.382789324996767988e+00
-2.548459845984598626e+00 -8.381176912087148878e+00
-2.547854785478548045e+00 -8.379564535516109913e+00
-2.547249724972497464e+00 -8.377952195283649317e+00
-2.546644664466446883e+00 -8.376339891389768866e+00
-2.546039603960396303e+00 -8.374727623834468559e+00
-2.545434543454345722e+00 -8.373115392617744845e+00
-2.544829482948294697e+00 -8.371503197739603053e+00
-2.544224422442244560e+00 -8.369891039200041405e+00
-2.543619361936193535e+00 -8.368278916999058126e+00
-2.543014301430143398e+00 -8.366666831136654991e+00
-2.542409240924092373e+00 -8.365054781612830226e+00
-2.541804180418042236e+00 -8.363442768427585605e+00
-2.541199119911991211e+00 -8.361830791580917577e+00
-2.540594059405941074e+00 -8.360218851072833246e+00
-2.539988998899890049e+00 -8.358606946903325507e+00
-2.539383938393839468e+00 -8.356995079072397914e+00
-2.538778877887788887e+00 -8.355383247580050465e+00
-2.538173817381738306e+00 -8.353771452426281385e+00
-2.537568756875687725e+00 -8.352159693611092450e+00
-2.536963696369637145e+00 -8.350547971134481884e+00
-2.536358635863586564e+00 -8.348936284996451462e+00
-2.535753575357535983e+00 -8.347324635197002962e+00
-2.535148514851485402e+00 -8.345713021736131054e+00
-2.534543454345434377e+00 -8.344101444613837515e+00
-2.533938393839384240e+00 -8.342489903830125897e+00
-2.533333333333333215e+00 -8.340878399384994424e+00
-2.532728272827283078e+00 -8.339266931278439543e+00
-2.532123212321232053e+00 -8.337655499510464807e+00
-2.531518151815181916e+00 -8.336044104081071993e+00
-2.530913091309130891e+00 -8.334432744990255770e+00
-2.530308030803080754e+00 -8.332821422238021469e+00
-2.529702970297029729e+00 -8.331210135824363761e+00
-2.529097909790979148e+00 -8.329598885749286197e+00
-2.528492849284928567e+00 -8.327987672012788778e+00
-2.527887788778877987e+00 -8.326376494614871504e+00
-2.527282728272827406e+00 -8.324765353555532599e+00
-2.526677667766776825e+00 -8.323154248834773838e+00
-2.526072607260726244e+00 -8.321543180452593447e+00
-2.525467546754675663e+00 -8.319932148408994976e+00
-2.524862486248625082e+00 -8.318321152703973098e+00
-2.524257425742574501e+00 -8.316710193337531365e+00
-2.523652365236523920e+00 -8.315099270309669777e+00
-2.523047304730472895e+00 -8.313488383620384781e+00
-2.522442244224422758e+00 -8.311877533269681706e+00
-2.521837183718371733e+00 -8.310266719257558776e+00
-2.521232123212321596e+00 -8.308655941584015991e+00
-2.520627062706270571e+00 -8.307045200249049799e+00
-2.520022002200220435e+00 -8.305434495252665528e+00
-2.519416941694169410e+00 -8.303823826594857849e+00
-2.518811881188119273e+00 -8.302213194275633867e+00
-2.518206820682068248e+00 -8.300602598294986478e+00
-2.517601760176017667e+00 -8.298992038652919234e+00
-2.516996699669967086e+00 -8.297381515349432135e+00
-2.516391639163916505e+00 -8.295771028384521628e+00
-2.515786578657865924e+00 -8.294160577758193043e+00
-2.515181518151815343e+00 -8.292550163470442826e+00
-2.514576457645764762e+00 -8.290939785521270977e+00
-2.513971397139714181e+00 -8.289329443910681050e+00
-2.513366336633663600e+00 -8.287719138638669492e+00
-2.512761276127613019e+00 -8.286108869705238078e+00
-2.512156215621562438e+00 -8.284498637110385033e+00
-2.511551155115511413e+00 -8.282888440854112133e+00
-2.510946094609461277e+00 -8.281278280936419378e+00
-2.510341034103410252e+00 -8.279668157357303215e+00
-2.509735973597360115e+00 -8.278058070116770750e+00
-2.509130913091309090e+00 -8.276448019214813101e+00
-2.508525852585258953e+00 -8.274838004651439149e+00
-2.507920792079207928e+00 -8.273228026426640014e+00
-2.507315731573157791e+00 -8.271618084540424576e+00
-2.506710671067106766e+00 -8.270008178992785730e+00
-2.506105610561056185e+00 -8.268398309783727029e+00
-2.505500550055005604e+00 -8.266788476913250250e+00
-2.504895489548955023e+00 -8.265178680381348286e+00
-2.504290429042904442e+00 -8.263568920188030020e+00
-2.503685368536853861e+00 -8.261959196333290123e+00
-2.503080308030803280e+00 -8.260349508817128594e+00
-2.502475247524752699e+00 -8.258739857639545434e+00
-2.501870187018702119e+00 -8.257130242800544195e+00
-2.501265126512651094e+00 -8.255520664300119549e+00
-2.500660066006600957e+00 -8.253911122138278600e+00
-2.500055005500549932e+00 -8.252301616315014243e+00
-2.499449944994499795e+00 -8.250692146830331808e+00
-2.498844884488448770e+00 -8.249082713684224188e+00
-2.498239823982398633e+00 -8.247473316876700267e+00
-2.497634763476347608e+00 -8.245863956407752937e+00
-2.497029702970297471e+00 -8.244254632277387529e+00
-2.496424642464246446e+00 -8.242645344485598713e+00
-2.495819581958196309e+00 -8.241036093032391818e+00
-2.495214521452145284e+00 -8.239426877917763292e+00
-2.494609460946094703e+00 -8.237817699141713135e+00
-2.494004400440044122e+00 -8.236208556704244899e+00
-2.493399339933993542e+00 -8.234599450605353255e+00
-2.492794279427942961e+00 -8.232990380845043532e+00
-2.492189218921892380e+00 -8.231381347423312178e+00
-2.491584158415841799e+00 -8.229772350340160969e+00
-2.490979097909791218e+00 -8.228163389595588129e+00
-2.490374037403740637e+00 -8.226554465189593657e+00
-2.489768976897689612e+00 -8.224945577122181106e+00
-2.489163916391639475e+00 -8.223336725393348701e+00
-2.488558855885588450e+00 -8.221727910003094664e+00
-2.487953795379538313e+00 -8.220119130951418995e+00
-2.487348734873487288e+00 -8.218510388238321696e+00
-2.486743674367437151e+00 -8.216901681863806317e+00
-2.486138613861386126e+00 -8.215293011827869307e+00
-2.485533553355335989e+00 -8.213684378130512442e+00
-2.484928492849284964e+00 -8.212075780771733946e+00
-2.484323432343234384e+00 -8.210467219751535595e+00
-2.483718371837183803e+00 -8.208858695069917388e+00
-2.483113311331133222e+00 -8.207250206726877551e+00
-2.482508250825082641e+00 -8.205641754722416081e+00
-2.481903190319032060e+00 -8.204033339056538310e+00
-2.481298129812981479e+00 -8.202424959729235354e+00
-2.480693069306930898e+00 -8.200816616740512544e+00
-2.480088008800880317e+00 -8.199208310090369878e+00
-2.479482948294829736e+00 -8.197600039778807357e+00
-2.478877887788779155e+00 -8.195991805805824981e+00
-2.478272827282728130e+00 -8.194383608171419198e+00
-2.477667766776677993e+00 -8.192775446875597112e+00
-2.477062706270626968e+00 -8.191167321918349842e+00
-2.476457645764576831e+00 -8.189559233299686269e+00
-2.475852585258525806e+00 -8.187951181019597513e+00
-2.475247524752475670e+00 -8.186343165078092454e+00
-2.474642464246424645e+00 -8.184735185475162211e+00
-2.474037403740374508e+00 -8.183127242210815666e+00
-2.473432343234323483e+00 -8.181519335285047489e+00
-2.472827282728272902e+00 -8.179911464697857681e+00
-2.472222222222222321e+00 -8.178303630449248018e+00
-2.471617161716171740e+00 -8.176695832539216724e+00
-2.471012101210121159e+00 -8.175088070967767351e+00
-2.470407040704070578e+00 -8.173480345734896346e+00
-2.469801980198019997e+00 -8.171872656840601934e+00
-2.469196919691969416e+00 -8.170265004284891219e+00
-2.468591859185918835e+00 -8.168657388067757097e+00
-2.467986798679868254e+00 -8.167049808189204896e+00
-2.467381738173817673e+00 -8.165442264649231063e+00
-2.466776677667766648e+00 -8.163834757447833823e+00
-2.466171617161716512e+00 -8.162227286585020281e+00
-2.465566556655665487e+00 -8.160619852060783330e+00
-2.464961496149615350e+00 -8.159012453875128301e+00
-2.464356435643564325e+00 -8.157405092028049864e+00
-2.463751375137514188e+00 -8.155797766519553349e+00
-2.463146314631463163e+00 -8.154190477349633426e+00
-2.462541254125413026e+00 -8.152583224518297200e+00
-2.461936193619362001e+00 -8.150976008025537567e+00
-2.461331133113311420e+00 -8.149368827871356302e+00
-2.460726072607260839e+00 -8.147761684055755182e+00
-2.460121012101210258e+00 -8.146154576578735984e+00
-2.459515951595159677e+00 -8.144547505440293378e+00
-2.458910891089109096e+00 -8.142940470640430917e+00
-2.458305830583058516e+00 -8.141333472179148600e+00
-2.457700770077007935e+00 -8.139726510056444653e+00
-2.457095709570957354e+00 -8.138119584272322626e+00
-2.456490649064906329e+00 -8.136512694826777192e+00
-2.455885588558856192e+00 -8.134905841719813679e+00
-2.455280528052805167e+00 -8.133299024951426759e+00
-2.454675467546755030e+00 -8.131692244521621760e+00
-2.454070407040704005e+00 -8.130085500430393353e+00
-2.453465346534653868e+00 -8.128478792677746867e+00
-2.452860286028602843e+00 -8.126872121263678750e+00
-2.452255225522552706e+00 -8.125265486188190778e+00
-2.451650165016501681e+00 -8.123658887451281174e+00
-2.451045104510451100e+00 -8.122052325052951716e+00
-2.450440044004400519e+00 -8.120445798993204178e+00
-2.449834983498349938e+00 -8.118839309272031457e+00
-2.449229922992299358e+00 -8.117232855889442433e+00
-2.448624862486248777e+00 -8.115626438845428225e+00
-2.448019801980198196e+00 -8.114020058139997715e+00
-2.447414741474147615e+00 -8.112413713773145574e+00
-2.446809680968097034e+00 -8.110807405744870024e+00
-2.446204620462046453e+00 -8.109201134055179949e+00
-2.445599559955995872e+00 -8.107594898704062913e+00
-2.444994499449944847e+00 -8.105988699691527799e+00
-2.444389438943894710e+00 -8.104382537017572830e+00
-2.443784378437843685e+00 -8.102776410682196229e+00
-2.443179317931793548e+00 -8.101170320685399773e+00
-2.442574257425742523e+00 -8.099564267027181685e+00
-2.441969196919692386e+00 -8.097958249707545519e+00
-2.441364136413641361e+00 -8.096352268726485946e+00
-2.440759075907591225e+00 -8.094746324084008293e+00
-2.440154015401540200e+00 -8.093140415780107233e+00
-2.439548954895489619e+00 -8.091534543814788094e+00
-2.438943894389439038e+00 -8.089928708188047324e+00
-2.438338833883388457e+00 -8.088322908899886698e+00
-2.437733773377337876e+00 -8.086717145950304442e+00
-2.437128712871287295e+00 -8.085111419339300554e+00
-2.436523652365236714e+00 -8.083505729066878587e+00
-2.435918591859186133e+00 -8.081900075133034989e+00
-2.435313531353135552e+00 -8.080294457537771535e+00
-2.434708470847084971e+00 -8.078688876281086451e+00
-2.434103410341034390e+00 -8.077083331362981511e+00
-2.433498349834983365e+00 -8.075477822783454940e+00
-2.432893289328933228e+00 -8.073872350542510290e+00
-2.432288228822882203e+00 -8.072266914640142232e+00
-2.431683168316832067e+00 -8.070661515076356096e+00
-2.431078107810781042e+00 -8.069056151851146552e+00
-2.430473047304730905e+00 -8.067450824964518930e+00
-2.429867986798679880e+00 -8.065845534416467899e+00
-2.429262926292629743e+00 -8.064240280207000566e+00
-2.428657865786578718e+00 -8.062635062336109826e+00
-2.428052805280528137e+00 -8.061029880803801007e+00
-2.427447744774477556e+00 -8.059424735610068780e+00
-2.426842684268426975e+00 -8.057819626754916698e+00
-2.426237623762376394e+00 -8.056214554238341208e+00
-2.425632563256325813e+00 -8.054609518060349416e+00
-2.425027502750275232e+00 -8.053004518220935992e+00
-2.424422442244224651e+00 -8.051399554720102714e+00
-2.423817381738174070e+00 -8.049794627557847804e+00
-2.423212321232123490e+00 -8.048189736734173039e+00
-2.422607260726072909e+00 -8.046584882249076642e+00
-2.422002200220021884e+00 -8.044980064102560391e+00
-2.421397139713971747e+00 -8.043375282294624284e+00
-2.420792079207920722e+00 -8.041770536825264770e+00
-2.420187018701870585e+00 -8.040165827694488954e+00
-2.419581958195819560e+00 -8.038561154902287953e+00
-2.418976897689769423e+00 -8.036956518448670650e+00
-2.418371837183718398e+00 -8.035351918333629939e+00
-2.417766776677668261e+00 -8.033747354557171150e+00
-2.417161716171617236e+00 -8.032142827119288953e+00
-2.416556655665566655e+00 -8.030538336019988677e+00
-2.415951595159516074e+00 -8.028933881259264993e+00
-2.415346534653465493e+00 -8.027329462837121454e+00
-2.414741474147414912e+00 -8.025725080753559837e+00
-2.414136413641364332e+00 -8.024120735008574812e+00
-2.413531353135313751e+00 -8.022516425602173484e+00
-2.412926292629263170e+00 -8.020912152534345196e+00
-2.412321232123212589e+00 -8.019307915805102382e+00
-2.411716171617161564e+00 -8.017703715414436161e+00
-2.411111111111111427e+00 -8.016099551362350084e+00
-2.410506050605060402e+00 -8.014495423648840600e+00
-2.409900990099010265e+00 -8.012891332273916589e+00
-2.409295929592959240e+00 -8.011287277237565618e+00
-2.408690869086909103e+00 -8.009683258539796569e+00
-2.408085808580858078e+00 -8.008079276180607664e+00
-2.407480748074807941e+00 -8.006475330159998904e+00
-2.406875687568756916e+00 -8.004871420477968513e+00
-2.406270627062706335e+00 -8.003267547134516491e+00
-2.405665566556655754e+00 -8.001663710129646390e+00
-2.405060506050605174e+00 -8.000059909463352881e+00
-2.404455445544554593e+00 -7.998456145135640405e+00
-2.403850385038504012e+00 -7.996852417146508074e+00
-2.403245324532453431e+00 -7.995248725495953224e+00
-2.402640264026402850e+00 -7.993645070183978518e+00
-2.402035203520352269e+00 -7.992041451210583958e+00
-2.401430143014301688e+00 -7.990437868575767766e+00
-2.400825082508251107e+00 -7.988834322279533495e+00
-2.400220022002200082e+00 -7.987230812321875817e+00
-2.399614961496149945e+00 -7.985627338702800060e+00
-2.399009900990098920e+00 -7.984023901422300895e+00
-2.398404840484048783e+00 -7.982420500480381875e+00
-2.397799779977997758e+00 -7.980817135877042112e+00
-2.397194719471947622e+00 -7.979213807612286047e+00
-2.396589658965896596e+00 -7.977610515686104797e+00
-2.395984598459846460e+00 -7.976007260098505469e+00
-2.395379537953795435e+00 -7.974404040849482733e+00
-2.394774477447744854e+00 -7.972800857939041919e+00
-2.394169416941694273e+00 -7.971197711367178584e+00
-2.393564356435643692e+00 -7.969594601133895395e+00
-2.392959295929593111e+00 -7.967991527239194127e+00
-2.392354235423542530e+00 -7.966388489683068563e+00
-2.391749174917491949e+00 -7.964785488465524921e+00
-2.391144114411441368e+00 -7.963182523586558759e+00
-2.390539053905390787e+00 -7.961579595046174518e+00
-2.389933993399340206e+00 -7.959976702844366869e+00
-2.389328932893289625e+00 -7.958373846981142030e+00
-2.388723872387238600e+00 -7.956771027456493783e+00
-2.388118811881188464e+00 -7.955168244270425681e+00
-2.387513751375137439e+00 -7.953565497422936836e+00
-2.386908690869087302e+00 -7.951962786914028136e+00
-2.386303630363036277e+00 -7.950360112743698693e+00
-2.385698569856986140e+00 -7.948757474911947618e+00
-2.385093509350935115e+00 -7.947154873418777576e+00
-2.384488448844884978e+00 -7.945552308264186792e+00
-2.383883388338833953e+00 -7.943949779448174375e+00
-2.383278327832783372e+00 -7.942347286970742104e+00
-2.382673267326732791e+00 -7.940744830831889089e+00
-2.382068206820682210e+00 -7.939142411031616220e+00
-2.381463146314631629e+00 -7.937540027569921719e+00
-2.380858085808581048e+00 -7.935937680446807363e+00
-2.380253025302530467e+00 -7.934335369662271376e+00
-2.379647964796479886e+00 -7.932733095216316421e+00
-2.379042904290429306e+00 -7.931130857108939836e+00
-2.378437843784378281e+00 -7.929528655340140730e+00
-2.377832783278328144e+00 -7.927926489909926211e+00
-2.377227722772277119e+00 -7.926324360818286507e+00
-2.376622662266226982e+00 -7.924722268065229613e+00
-2.376017601760175957e+00 -7.923120211650749312e+00
-2.375412541254125820e+00 -7.921518191574850931e+00
-2.374807480748074795e+00 -7.919916207837529143e+00
-2.374202420242024658e+00 -7.918314260438790164e+00
-2.373597359735973633e+00 -7.916712349378626890e+00
-2.372992299229923496e+00 -7.915110474657046424e+00
-2.372387238723872471e+00 -7.913508636274045216e+00
-2.371782178217821890e+00 -7.911906834229620600e+00
-2.371177117711771309e+00 -7.910305068523777017e+00
-2.370572057205720728e+00 -7.908703339156513579e+00
-2.369966996699670148e+00 -7.907101646127829397e+00
-2.369361936193619567e+00 -7.905499989437723585e+00
-2.368756875687568986e+00 -7.903898369086197029e+00
-2.368151815181518405e+00 -7.902296785073250618e+00
-2.367546754675467824e+00 -7.900695237398885240e+00
-2.366941694169416799e+00 -7.899093726063095566e+00
-2.366336633663366662e+00 -7.897492251065889590e+00
-2.365731573157315637e+00 -7.895890812407258430e+00
-2.365126512651265500e+00 -7.894289410087210968e+00
-2.364521452145214475e+00 -7.892688044105739209e+00
-2.363916391639164338e+00 -7.891086714462849372e+00
-2.363311331133113313e+00 -7.889485421158539680e+00
-2.362706270627063176e+00 -7.887884164192808356e+00
-2.362101210121012151e+00 -7.886282943565655401e+00
-2.361496149614961571e+00 -7.884681759277083479e+00
-2.360891089108910990e+00 -7.883080611327090814e+00
-2.360286028602860409e+00 -7.881479499715676518e+00
-2.359680968096809828e+00 -7.879878424442841478e+00
-2.359075907590759247e+00 -7.878277385508586583e+00
-2.358470847084708666e+00 -7.876676382912911834e+00
-2.357865786578658085e+00 -7.875075416655816340e+00
-2.357260726072607504e+00 -7.873474486737299216e+00
-2.356655665566556923e+00 -7.871873593157363125e+00
-2.356050605060506342e+00 -7.870272735916005402e+00
-2.355445544554455317e+00 -7.868671915013225160e+00
-2.354840484048405180e+00 -7.867071130449026839e+00
-2.354235423542354155e+00 -7.865470382223406887e+00
-2.353630363036304018e+00 -7.863869670336368856e+00
-2.353025302530252993e+00 -7.862268994787907417e+00
-2.352420242024202857e+00 -7.860668355578027011e+00
-2.351815181518151832e+00 -7.859067752706724974e+00
-2.351210121012101695e+00 -7.857467186174003970e+00
-2.350605060506050670e+00 -7.855866655979861335e+00
-2.350000000000000089e+00 -7.854266162124297068e+00
-2.349394939493949508e+00 -7.852665704607312946e+00
-2.348789878987898927e+00 -7.851065283428908970e+00
-2.348184818481848346e+00 -7.849464898589085138e+00
-2.347579757975797765e+00 -7.847864550087838786e+00
-2.346974697469747184e+00 -7.846264237925172580e+00
-2.346369636963696603e+00 -7.844663962101085630e+00
-2.345764576457646022e+00 -7.843063722615578826e+00
-2.345159515951595441e+00 -7.841463519468650389e+00
-2.344554455445544860e+00 -7.839863352660302098e+00
-2.343949394939493835e+00 -7.838263222190532176e+00
-2.343344334433443699e+00 -7.836663128059344174e+00
-2.342739273927392674e+00 -7.835063070266733654e+00
-2.342134213421342537e+00 -7.833463048812704166e+00
-2.341529152915291512e+00 -7.831863063697252159e+00
-2.340924092409241375e+00 -7.830263114920381184e+00
-2.340319031903190350e+00 -7.828663202482088579e+00
-2.339713971397140213e+00 -7.827063326382376118e+00
-2.339108910891089188e+00 -7.825463486621241138e+00
-2.338503850385038607e+00 -7.823863683198688079e+00
-2.337898789878988026e+00 -7.822263916114712501e+00
-2.337293729372937445e+00 -7.820664185369317956e+00
-2.336688668866886864e+00 -7.819064490962501779e+00
-2.336083608360836283e+00 -7.817464832894266635e+00
-2.335478547854785702e+00 -7.815865211164609860e+00
-2.334873487348735122e+00 -7.814265625773531454e+00
-2.334268426842684541e+00 -7.812666076721034081e+00
-2.333663366336633516e+00 -7.811066564007113300e+00
-2.333058305830583379e+00 -7.809467087631777105e+00
-2.332453245324532354e+00 -7.807867647595015725e+00
-2.331848184818482217e+00 -7.806268243896837156e+00
-2.331243124312431192e+00 -7.804668876537235178e+00
-2.330638063806381055e+00 -7.803069545516216010e+00
-2.330033003300330030e+00 -7.801470250833773434e+00
-2.329427942794279893e+00 -7.799870992489911892e+00
-2.328822882288228868e+00 -7.798271770484628718e+00
-2.328217821782178287e+00 -7.796672584817924800e+00
-2.327612761276127706e+00 -7.795073435489801028e+00
-2.327007700770077125e+00 -7.793474322500256513e+00
-2.326402640264026545e+00 -7.791875245849291254e+00
-2.325797579757975964e+00 -7.790276205536903475e+00
-2.325192519251925383e+00 -7.788677201563100283e+00
-2.324587458745874802e+00 -7.787078233927871906e+00
-2.323982398239824221e+00 -7.785479302631224563e+00
-2.323377337733773640e+00 -7.783880407673156476e+00
-2.322772277227723059e+00 -7.782281549053667646e+00
-2.322167216721672034e+00 -7.780682726772758073e+00
-2.321562156215621897e+00 -7.779083940830429533e+00
-2.320957095709570872e+00 -7.777485191226677586e+00
-2.320352035203520735e+00 -7.775886477961508447e+00
-2.319746974697469710e+00 -7.774287801034916789e+00
-2.319141914191419573e+00 -7.772689160446905277e+00
-2.318536853685368548e+00 -7.771090556197471244e+00
-2.317931793179318412e+00 -7.769491988286619133e+00
-2.317326732673267387e+00 -7.767893456714345390e+00
-2.316721672167216806e+00 -7.766294961480650905e+00
-2.316116611661166225e+00 -7.764696502585536564e+00
-2.315511551155115644e+00 -7.763098080029002368e+00
-2.314906490649065063e+00 -7.761499693811044764e+00
-2.314301430143014482e+00 -7.759901343931669970e+00
-2.313696369636963901e+00 -7.758303030390871768e+00
-2.313091309130913320e+00 -7.756704753188655488e+00
-2.312486248624862739e+00 -7.755106512325016688e+00
-2.311881188118812158e+00 -7.753508307799956256e+00
-2.311276127612761577e+00 -7.751910139613478634e+00
-2.310671067106710552e+00 -7.750312007765578493e+00
-2.310066006600660415e+00 -7.748713912256258496e+00
-2.309460946094609390e+00 -7.747115853085515980e+00
-2.308855885588559254e+00 -7.745517830253357161e+00
-2.308250825082508229e+00 -7.743919843759774047e+00
-2.307645764576458092e+00 -7.742321893604772853e+00
-2.307040704070407067e+00 -7.740723979788347364e+00
-2.306435643564356930e+00 -7.739126102310505573e+00
-2.305830583058305905e+00 -7.737528261171240374e+00
-2.305225522552255324e+00 -7.735930456370553543e+00
-2.304620462046204743e+00 -7.734332687908448634e+00
-2.304015401540154162e+00 -7.732734955784923869e+00
-2.303410341034103581e+00 -7.731137259999977474e+00
-2.302805280528053000e+00 -7.729539600553609446e+00
-2.302200220022002419e+00 -7.727941977445822452e+00
-2.301595159515951838e+00 -7.726344390676615603e+00
-2.300990099009901257e+00 -7.724746840245985346e+00
-2.300385038503850677e+00 -7.723149326153936123e+00
-2.299779977997800096e+00 -7.721551848400466156e+00
-2.299174917491749071e+00 -7.719954406985575446e+00
-2.298569856985698934e+00 -7.718357001909263992e+00
-2.297964796479647909e+00 -7.716759633171532684e+00
-2.297359735973597772e+00 -7.715162300772382409e+00
-2.296754675467546747e+00 -7.713565004711806949e+00
-2.296149614961496610e+00 -7.711967744989815188e+00
-2.295544554455445585e+00 -7.710370521606399130e+00
-2.294939493949395448e+00 -7.708773334561565882e+00
-2.294334433443344423e+00 -7.707176183855311002e+00
-2.293729372937293842e+00 -7.705579069487637156e+00
-2.293124312431243261e+00 -7.703981991458539014e+00
-2.292519251925192680e+00 -7.702384949768022793e+00
-2.291914191419142099e+00 -7.700787944416084940e+00
-2.291309130913091519e+00 -7.699190975402729009e+00
-2.290704070407040938e+00 -7.697594042727949670e+00
-2.290099009900990357e+00 -7.695997146391750476e+00
-2.289493949394939776e+00 -7.694400286394131427e+00
-2.288888888888888751e+00 -7.692803462735088971e+00
-2.288283828382838614e+00 -7.691206675414631100e+00
-2.287678767876787589e+00 -7.689609924432748045e+00
-2.287073707370737452e+00 -7.688013209789447799e+00
-2.286468646864686427e+00 -7.686416531484724146e+00
-2.285863586358636290e+00 -7.684819889518582414e+00
-2.285258525852585265e+00 -7.683223283891017275e+00
-2.284653465346535128e+00 -7.681626714602035833e+00
-2.284048404840484103e+00 -7.680030181651630095e+00
-2.283443344334433522e+00 -7.678433685039806278e+00
-2.282838283828382941e+00 -7.676837224766559054e+00
-2.282233223322332361e+00 -7.675240800831893750e+00
-2.281628162816281780e+00 -7.673644413235807704e+00
-2.281023102310231199e+00 -7.672048061978299138e+00
-2.280418041804180618e+00 -7.670451747059371606e+00
-2.279812981298130037e+00 -7.668855468479023330e+00
-2.279207920792079456e+00 -7.667259226237253422e+00
-2.278602860286028875e+00 -7.665663020334065436e+00
-2.277997799779978294e+00 -7.664066850769454931e+00
-2.277392739273927269e+00 -7.662470717543422793e+00
-2.276787678767877132e+00 -7.660874620655972578e+00
-2.276182618261826107e+00 -7.659278560107098954e+00
-2.275577557755775970e+00 -7.657682535896809028e+00
-2.274972497249724945e+00 -7.656086548025093919e+00
-2.274367436743674808e+00 -7.654490596491961618e+00
-2.273762376237623783e+00 -7.652894681297406798e+00
-2.273157315731573647e+00 -7.651298802441434788e+00
-2.272552255225522622e+00 -7.649702959924036705e+00
-2.271947194719472041e+00 -7.648107153745221432e+00
-2.271342134213421460e+00 -7.646511383904985415e+00
-2.270737073707370879e+00 -7.644915650403328655e+00
-2.270132013201320298e+00 -7.643319953240251152e+00
-2.269526952695269717e+00 -7.641724292415752906e+00
-2.268921892189219136e+00 -7.640128667929835693e+00
-2.268316831683168555e+00 -7.638533079782495072e+00
-2.267711771177117974e+00 -7.636937527973736373e+00
-2.267106710671067393e+00 -7.635342012503554265e+00
-2.266501650165016812e+00 -7.633746533371954968e+00
-2.265896589658965787e+00 -7.632151090578933150e+00
-2.265291529152915651e+00 -7.630555684124491478e+00
-2.264686468646864625e+00 -7.628960314008628174e+00
-2.264081408140814489e+00 -7.627364980231346792e+00
-2.263476347634763464e+00 -7.625769682792642001e+00
-2.262871287128713327e+00 -7.624174421692518244e+00
-2.262266226622662302e+00 -7.622579196930972856e+00
-2.261661166116612165e+00 -7.620984008508008500e+00
-2.261056105610561140e+00 -7.619388856423620737e+00
-2.260451045104510559e+00 -7.617793740677814895e+00
-2.259845984598459978e+00 -7.616198661270589199e+00
-2.259240924092409397e+00 -7.614603618201939206e+00
-2.258635863586358816e+00 -7.613008611471872022e+00
-2.258030803080308235e+00 -7.611413641080382320e+00
-2.257425742574257654e+00 -7.609818707027473650e+00
-2.256820682068207073e+00 -7.608223809313144237e+00
-2.256215621562156493e+00 -7.606628947937393193e+00
-2.255610561056105468e+00 -7.605034122900223181e+00
-2.255005500550055331e+00 -7.603439334201631539e+00
-2.254400440044004306e+00 -7.601844581841620041e+00
-2.253795379537954169e+00 -7.600249865820187800e+00
-2.253190319031903144e+00 -7.598655186137333040e+00
-2.252585258525853007e+00 -7.597060542793059312e+00
-2.251980198019801982e+00 -7.595465935787364842e+00
-2.251375137513751845e+00 -7.593871365120251404e+00
-2.250770077007700820e+00 -7.592276830791714559e+00
-2.250165016501650683e+00 -7.590682332801760523e+00
-2.249559955995599658e+00 -7.589087871150381304e+00
-2.248954895489549077e+00 -7.587493445837585782e+00
-2.248349834983498496e+00 -7.585899056863366852e+00
-2.247744774477447915e+00 -7.584304704227729843e+00
-2.247139713971397335e+00 -7.582710387930671203e+00
-2.246534653465346754e+00 -7.581116107972192708e+00
-2.245929592959296173e+00 -7.579521864352290805e+00
-2.245324532453245592e+00 -7.577927657070970824e+00
-2.244719471947195011e+00 -7.576333486128230099e+00
-2.244114411441143986e+00 -7.574739351524067743e+00
-2.243509350935093849e+00 -7.573145253258486420e+00
-2.242904290429042824e+00 -7.571551191331483466e+00
-2.242299229922992687e+00 -7.569957165743060656e+00
-2.241694169416941662e+00 -7.568363176493214439e+00
-2.241089108910891525e+00 -7.566769223581951920e+00
-2.240484048404840500e+00 -7.565175307009266881e+00
-2.239878987898790363e+00 -7.563581426775161987e+00
-2.239273927392739338e+00 -7.561987582879634573e+00
-2.238668866886688757e+00 -7.560393775322688192e+00
-2.238063806380638177e+00 -7.558800004104320180e+00
-2.237458745874587596e+00 -7.557206269224533202e+00
-2.236853685368537015e+00 -7.555612570683325480e+00
-2.236248624862486434e+00 -7.554018908480696126e+00
-2.235643564356435853e+00 -7.552425282616644253e+00
-2.235038503850385272e+00 -7.550831693091176966e+00
-2.234433443344334691e+00 -7.549238139904284495e+00
-2.233828382838284110e+00 -7.547644623055974833e+00
-2.233223322332233529e+00 -7.546051142546241763e+00
-2.232618261826182504e+00 -7.544457698375090615e+00
-2.232013201320132367e+00 -7.542864290542517836e+00
-2.231408140814081342e+00 -7.541270919048523425e+00
-2.230803080308031205e+00 -7.539677583893110935e+00
-2.230198019801980180e+00 -7.538084285076275037e+00
-2.229592959295930044e+00 -7.536491022598021061e+00
-2.228987898789879019e+00 -7.534897796458344565e+00
-2.228382838283828882e+00 -7.533304606657249991e+00
-2.227777777777777857e+00 -7.531711453194731121e+00
-2.227172717271727276e+00 -7.530118336070795060e+00
-2.226567656765676695e+00 -7.528525255285435591e+00
-2.225962596259626114e+00 -7.526932210838658044e+00
-2.225357535753575533e+00 -7.525339202730458865e+00
-2.224752475247524952e+00 -7.523746230960839831e+00
-2.224147414741474371e+00 -7.522153295529797390e+00
-2.223542354235423790e+00 -7.520560396437338646e+00
-2.222937293729373209e+00 -7.518967533683458271e+00
-2.222332233223322628e+00 -7.517374707268154488e+00
-2.221727172717272047e+00 -7.515781917191432626e+00
-2.221122112211221022e+00 -7.514189163453288245e+00
-2.220517051705170886e+00 -7.512596446053726673e+00
-2.219911991199119861e+00 -7.511003764992740805e+00
-2.219306930693069724e+00 -7.509411120270337747e+00
-2.218701870187018699e+00 -7.507818511886512169e+00
-2.218096809680968562e+00 -7.506225939841266737e+00
-2.217491749174917537e+00 -7.504633404134599672e+00
-2.216886688668867400e+00 -7.503040904766513641e+00
-2.216281628162816375e+00 -7.501448441737004202e+00
-2.215676567656765794e+00 -7.499856015046077573e+00
-2.215071507150715213e+00 -7.498263624693727536e+00
-2.214466446644664632e+00 -7.496671270679959420e+00
-2.213861386138614051e+00 -7.495078953004769673e+00
-2.213256325632563470e+00 -7.493486671668159183e+00
-2.212651265126512889e+00 -7.491894426670128837e+00
-2.212046204620462309e+00 -7.490302218010677748e+00
-2.211441144114411728e+00 -7.488710045689805028e+00
-2.210836083608360703e+00 -7.487117909707511565e+00
-2.210231023102310566e+00 -7.485525810063800911e+00
-2.209625962596259541e+00 -7.483933746758664185e+00
-2.209020902090209404e+00 -7.482341719792112045e+00
-2.208415841584158379e+00 -7.480749729164134720e+00
-2.207810781078108242e+00 -7.479157774874742870e+00
-2.207205720572057217e+00 -7.477565856923924059e+00
-2.206600660066007080e+00 -7.475973975311690722e+00
-2.205995599559956055e+00 -7.474382130038032201e+00
-2.205390539053905474e+00 -7.472790321102955602e+00
-2.204785478547854893e+00 -7.471198548506455595e+00
-2.204180418041804312e+00 -7.469606812248538397e+00
-2.203575357535753731e+00 -7.468015112329197791e+00
-2.202970297029703151e+00 -7.466423448748438219e+00
-2.202365236523652570e+00 -7.464831821506257015e+00
-2.201760176017601989e+00 -7.463240230602655956e+00
-2.201155115511551408e+00 -7.461648676037635042e+00
-2.200550055005500827e+00 -7.460057157811194273e+00
-2.199944994499450246e+00 -7.458465675923330984e+00
-2.199339933993399221e+00 -7.456874230374046952e+00
-2.198734873487349084e+00 -7.455282821163343954e+00
-2.198129812981298059e+00 -7.453691448291218435e+00
-2.197524752475247922e+00 -7.452100111757674838e+00
-2.196919691969196897e+00 -7.450508811562708722e+00
-2.196314631463146760e+00 -7.448917547706324527e+00
-2.195709570957095735e+00 -7.447326320188515147e+00
-2.195104510451045599e+00 -7.445735129009291242e+00
-2.194499449944994574e+00 -7.444143974168641265e+00
-2.193894389438943993e+00 -7.442552855666573208e+00
-2.193289328932893412e+00 -7.440961773503083521e+00
-2.192684268426842831e+00 -7.439370727678173978e+00
-2.192079207920792250e+00 -7.437779718191844580e+00
-2.191474147414741669e+00 -7.436188745044094439e+00
-2.190869086908691088e+00 -7.434597808234923555e+00
-2.190264026402640507e+00 -7.433006907764331928e+00
-2.189658965896589926e+00 -7.431416043632319557e+00
-2.189053905390539345e+00 -7.429825215838887331e+00
-2.188448844884488764e+00 -7.428234424384034362e+00
-2.187843784378437739e+00 -7.426643669267758874e+00
-2.187238723872387602e+00 -7.425052950490065307e+00
-2.186633663366336577e+00 -7.423462268050949220e+00
-2.186028602860286441e+00 -7.421871621950415054e+00
-2.185423542354235416e+00 -7.420281012188457481e+00
-2.184818481848185279e+00 -7.418690438765082718e+00
-2.184213421342134254e+00 -7.417099901680284546e+00
-2.183608360836084117e+00 -7.415509400934066520e+00
-2.183003300330033092e+00 -7.413918936526427750e+00
-2.182398239823982511e+00 -7.412328508457369125e+00
-2.181793179317931930e+00 -7.410738116726889757e+00
-2.181188118811881349e+00 -7.409147761334988758e+00
-2.180583058305830768e+00 -7.407557442281668791e+00
-2.179977997799780187e+00 -7.405967159566926306e+00
-2.179372937293729606e+00 -7.404376913190766629e+00
-2.178767876787679025e+00 -7.402786703153182657e+00
-2.178162816281628444e+00 -7.401196529454180606e+00
-2.177557755775577863e+00 -7.399606392093756924e+00
-2.176952695269527283e+00 -7.398016291071913386e+00
-2.176347634763476258e+00 -7.396426226388648217e+00
-2.175742574257426121e+00 -7.394836198043964082e+00
-2.175137513751375096e+00 -7.393246206037857426e+00
-2.174532453245324959e+00 -7.391656250370330916e+00
-2.173927392739273934e+00 -7.390066331041383663e+00
-2.173322332233223797e+00 -7.388476448051017442e+00
-2.172717271727172772e+00 -7.386886601399229590e+00
-2.172112211221122635e+00 -7.385296791086020995e+00
-2.171507150715071610e+00 -7.383707017111390769e+00
-2.170902090209021029e+00 -7.382117279475341576e+00
-2.170297029702970448e+00 -7.380527578177870751e+00
-2.169691969196919867e+00 -7.378937913218980071e+00
-2.169086908690869286e+00 -7.377348284598669537e+00
-2.168481848184818706e+00 -7.375758692316937370e+00
-2.167876787678768125e+00 -7.374169136373784461e+00
-2.167271727172717544e+00 -7.372579616769213473e+00
-2.166666666666666963e+00 -7.370990133503218189e+00
-2.166061606160615938e+00 -7.369400686575803050e+00
-2.165456545654565801e+00 -7.367811275986971609e+00
-2.164851485148514776e+00 -7.366221901736712319e+00
-2.164246424642464639e+00 -7.364632563825038503e+00
-2.163641364136413614e+00 -7.363043262251942167e+00
-2.163036303630363477e+00 -7.361453997017425976e+00
-2.162431243124312452e+00 -7.359864768121487266e+00
-2.161826182618262315e+00 -7.358275575564130477e+00
-2.161221122112211290e+00 -7.356686419345350281e+00
-2.160616061606160709e+00 -7.355097299465151117e+00
-2.160011001100110128e+00 -7.353508215923532099e+00
-2.159405940594059548e+00 -7.351919168720491449e+00
-2.158800880088008967e+00 -7.350330157856030944e+00
-2.158195819581958386e+00 -7.348741183330149696e+00
-2.157590759075907805e+00 -7.347152245142847704e+00
-2.156985698569857224e+00 -7.345563343294124969e+00
-2.156380638063806643e+00 -7.343974477783982380e+00
-2.155775577557756062e+00 -7.342385648612419047e+00
-2.155170517051705481e+00 -7.340796855779434082e+00
-2.154565456545654456e+00 -7.339208099285027487e+00
-2.153960396039604319e+00 -7.337619379129204589e+00
-2.153355335533553294e+00 -7.336030695311955618e+00
-2.152750275027503157e+00 -7.334442047833290346e+00
-2.152145214521452132e+00 -7.332853436693203442e+00
-2.151540154015401995e+00 -7.331264861891694906e+00
-2.150935093509350970e+00 -7.329676323428768292e+00
-2.150330033003300834e+00 -7.328087821304420046e+00
-2.149724972497249809e+00 -7.326499355518650169e+00
-2.149119911991199228e+00 -7.324910926071461326e+00
-2.148514851485148647e+00 -7.323322532962849962e+00
-2.147909790979098066e+00 -7.321734176192819632e+00
-2.147304730473047485e+00 -7.320145855761366782e+00
-2.146699669966996904e+00 -7.318557571668494965e+00
-2.146094609460946323e+00 -7.316969323914201517e+00
-2.145489548954895742e+00 -7.315381112498489991e+00
-2.144884488448845161e+00 -7.313792937421355056e+00
-2.144279427942794580e+00 -7.312204798682802043e+00
-2.143674367436743999e+00 -7.310616696282826510e+00
-2.143069306930692974e+00 -7.309028630221430234e+00
-2.142464246424642837e+00 -7.307440600498614103e+00
-2.141859185918591812e+00 -7.305852607114376340e+00
-2.141254125412541676e+00 -7.304264650068720499e+00
-2.140649064906490651e+00 -7.302676729361642138e+00
-2.140044004400440514e+00 -7.301088844993144811e+00
-2.139438943894389489e+00 -7.299500996963224964e+00
-2.138833883388339352e+00 -7.297913185271887926e+00
-2.138228822882288327e+00 -7.296325409919125704e+00
-2.137623762376237746e+00 -7.294737670904944515e+00
-2.137018701870187165e+00 -7.293149968229343472e+00
-2.136413641364136584e+00 -7.291562301892321685e+00
-2.135808580858086003e+00 -7.289974671893880043e+00
-2.135203520352035422e+00 -7.288387078234017658e+00
-2.134598459845984841e+00 -7.286799520912733641e+00
-2.133993399339934260e+00 -7.285211999930030657e+00
-2.133388338833883680e+00 -7.283624515285907819e+00
-2.132783278327832654e+00 -7.282037066980359796e+00
-2.132178217821782518e+00 -7.280449655013395471e+00
-2.131573157315731493e+00 -7.278862279385007739e+00
-2.130968096809681356e+00 -7.277274940095202815e+00
-2.130363036303630331e+00 -7.275687637143974484e+00
-2.129757975797580194e+00 -7.274100370531328963e+00
-2.129152915291529169e+00 -7.272513140257258257e+00
-2.128547854785479032e+00 -7.270925946321771249e+00
-2.127942794279428007e+00 -7.269338788724859945e+00
-2.127337733773377870e+00 -7.267751667466531451e+00
-2.126732673267326845e+00 -7.266164582546780437e+00
-2.126127612761276264e+00 -7.264577533965608680e+00
-2.125522552255225683e+00 -7.262990521723017068e+00
-2.124917491749175102e+00 -7.261403545819003824e+00
-2.124312431243124522e+00 -7.259816606253571614e+00
-2.123707370737073941e+00 -7.258229703026717772e+00
-2.123102310231023360e+00 -7.256642836138444963e+00
-2.122497249724972779e+00 -7.255056005588748747e+00
-2.121892189218922198e+00 -7.253469211377634451e+00
-2.121287128712871173e+00 -7.251882453505097637e+00
-2.120682068206821036e+00 -7.250295731971142743e+00
-2.120077007700770011e+00 -7.248709046775765330e+00
-2.119471947194719874e+00 -7.247122397918969838e+00
-2.118866886688668849e+00 -7.245535785400749162e+00
-2.118261826182618712e+00 -7.243949209221112184e+00
-2.117656765676567687e+00 -7.242362669380052687e+00
-2.117051705170517550e+00 -7.240776165877573334e+00
-2.116446644664466525e+00 -7.239189698713672350e+00
-2.115841584158415944e+00 -7.237603267888350622e+00
-2.115236523652365364e+00 -7.236016873401610816e+00
-2.114631463146314783e+00 -7.234430515253446714e+00
-2.114026402640264202e+00 -7.232844193443866310e+00
-2.113421342134213621e+00 -7.231257907972862498e+00
-2.112816281628163040e+00 -7.229671658840438830e+00
-2.112211221122112459e+00 -7.228085446046595308e+00
-2.111606160616061878e+00 -7.226499269591331043e+00
-2.111001100110011297e+00 -7.224913129474644258e+00
-2.110396039603960716e+00 -7.223327025696541170e+00
-2.109790979097909691e+00 -7.221740958257012011e+00
-2.109185918591859554e+00 -7.220154927156065661e+00
-2.108580858085808529e+00 -7.218568932393699455e+00
-2.107975797579758392e+00 -7.216982973969909843e+00
-2.107370737073707367e+00 -7.215397051884700375e+00
-2.106765676567657231e+00 -7.213811166138072828e+00
-2.106160616061606206e+00 -7.212225316730022762e+00
-2.105555555555556069e+00 -7.210639503660552840e+00
-2.104950495049505044e+00 -7.209053726929661288e+00
-2.104345434543454463e+00 -7.207467986537348992e+00
-2.103740374037403882e+00 -7.205882282483616841e+00
-2.103135313531353301e+00 -7.204296614768464835e+00
-2.102530253025302720e+00 -7.202710983391890309e+00
-2.101925192519252139e+00 -7.201125388353898593e+00
-2.101320132013201558e+00 -7.199539829654483469e+00
-2.100715071507150977e+00 -7.197954307293649379e+00
-2.100110011001100396e+00 -7.196368821271393657e+00
-2.099504950495049815e+00 -7.194783371587717191e+00
-2.098899889988999234e+00 -7.193197958242620871e+00
-2.098294829482948209e+00 -7.191612581236103807e+00
-2.097689768976898073e+00 -7.190027240568166889e+00
-2.097084708470847048e+00 -7.188441936238806562e+00
-2.096479647964796911e+00 -7.186856668248030822e+00
-2.095874587458745886e+00 -7.185271436595829897e+00
-2.095269526952695749e+00 -7.183686241282210894e+00
-2.094664466446644724e+00 -7.182101082307169371e+00
-2.094059405940594587e+00 -7.180515959670708881e+00
-2.093454345434543562e+00 -7.178930873372826760e+00
-2.092849284928492981e+00 -7.177345823413525672e+00
-2.092244224422442400e+00 -7.175760809792801176e+00
-2.091639163916391819e+00 -7.174175832510659490e+00
-2.091034103410341238e+00 -7.172590891567096172e+00
-2.090429042904290657e+00 -7.171005986962111223e+00
-2.089823982398240076e+00 -7.169421118695705530e+00
-2.089218921892189496e+00 -7.167836286767879983e+00
-2.088613861386138915e+00 -7.166251491178634581e+00
-2.088008800880087890e+00 -7.164666731927965770e+00
-2.087403740374037753e+00 -7.163082009015880658e+00
-2.086798679867986728e+00 -7.161497322442372138e+00
-2.086193619361936591e+00 -7.159912672207443762e+00
-2.085588558855885566e+00 -7.158328058311095532e+00
-2.084983498349835429e+00 -7.156743480753325670e+00
-2.084378437843784404e+00 -7.155158939534135953e+00
-2.083773377337734267e+00 -7.153574434653524605e+00
-2.083168316831683242e+00 -7.151989966111493402e+00
-2.082563256325632661e+00 -7.150405533908042344e+00
-2.081958195819582080e+00 -7.148821138043169654e+00
-2.081353135313531499e+00 -7.147236778516877109e+00
-2.080748074807480918e+00 -7.145652455329162933e+00
-2.080143014301430338e+00 -7.144068168480030678e+00
-2.079537953795379757e+00 -7.142483917969475904e+00
-2.078932893289329176e+00 -7.140899703797501274e+00
-2.078327832783278595e+00 -7.139315525964104125e+00
-2.077722772277228014e+00 -7.137731384469288898e+00
-2.077117711771177433e+00 -7.136147279313052039e+00
-2.076512651265126408e+00 -7.134563210495393548e+00
-2.075907590759076271e+00 -7.132979178016316979e+00
-2.075302530253025246e+00 -7.131395181875817002e+00
-2.074697469746975109e+00 -7.129811222073900723e+00
-2.074092409240924084e+00 -7.128227298610559259e+00
-2.073487348734873947e+00 -7.126643411485799717e+00
-2.072882288228822922e+00 -7.125059560699617656e+00
-2.072277227722772786e+00 -7.123475746252017515e+00
-2.071672167216721760e+00 -7.121891968142994855e+00
-2.071067106710671180e+00 -7.120308226372552340e+00
-2.070462046204620599e+00 -7.118724520940689970e+00
-2.069856985698570018e+00 -7.117140851847406857e+00
-2.069251925192519437e+00 -7.115557219092702113e+00
-2.068646864686468856e+00 -7.113973622676577513e+00
-2.068041804180418275e+00 -7.112390062599033946e+00
-2.067436743674367694e+00 -7.110806538860067860e+00
-2.066831683168317113e+00 -7.109223051459681919e+00
-2.066226622662266532e+00 -7.107639600397873458e+00
-2.065621562156215951e+00 -7.106056185674646031e+00
-2.065016501650164926e+00 -7.104472807289997860e+00
-2.064411441144114789e+00 -7.102889465243930722e+00
-2.063806380638063764e+00 -7.101306159536440177e+00
-2.063201320132013628e+00 -7.099722890167532441e+00
-2.062596259625962603e+00 -7.098139657137201297e+00
-2.061991199119912466e+00 -7.096556460445450298e+00
-2.061386138613861441e+00 -7.094973300092278556e+00
-2.060781078107811304e+00 -7.093390176077688736e+00
-2.060176017601760279e+00 -7.091807088401674619e+00
-2.059570957095709698e+00 -7.090224037064240648e+00
-2.058965896589659117e+00 -7.088641022065386821e+00
-2.058360836083608536e+00 -7.087058043405114027e+00
-2.057755775577557955e+00 -7.085475101083419602e+00
-2.057150715071507374e+00 -7.083892195100302658e+00
-2.056545654565456793e+00 -7.082309325455767635e+00
-2.055940594059406212e+00 -7.080726492149811868e+00
-2.055335533553355631e+00 -7.079143695182434470e+00
-2.054730473047304606e+00 -7.077560934553634553e+00
-2.054125412541254470e+00 -7.075978210263420110e+00
-2.053520352035203445e+00 -7.074395522311776929e+00
-2.052915291529153308e+00 -7.072812870698720999e+00
-2.052310231023102283e+00 -7.071230255424238109e+00
-2.051705170517052146e+00 -7.069647676488341581e+00
-2.051100110011001121e+00 -7.068065133891018093e+00
-2.050495049504950984e+00 -7.066482627632278302e+00
-2.049889988998899959e+00 -7.064900157712115103e+00
-2.049284928492849822e+00 -7.063317724130534714e+00
-2.048679867986798797e+00 -7.061735326887529141e+00
-2.048074807480748216e+00 -7.060152965983105489e+00
-2.047469746974697635e+00 -7.058570641417261982e+00
-2.046864686468647054e+00 -7.056988353189996843e+00
-2.046259625962596473e+00 -7.055406101301310962e+00
-2.045654565456545892e+00 -7.053823885751205225e+00
-2.045049504950495312e+00 -7.052241706539678745e+00
-2.044444444444444731e+00 -7.050659563666732410e+00
-2.043839383938394150e+00 -7.049077457132364444e+00
-2.043234323432343125e+00 -7.047495386936574846e+00
-2.042629262926292988e+00 -7.045913353079367170e+00
-2.042024202420241963e+00 -7.044331355560736085e+00
-2.041419141914191826e+00 -7.042749394380688699e+00
-2.040814081408140801e+00 -7.041167469539216128e+00
-2.040209020902090664e+00 -7.039585581036327255e+00
-2.039603960396039639e+00 -7.038003728872013198e+00
-2.038998899889989502e+00 -7.036421913046282839e+00
-2.038393839383938477e+00 -7.034840133559129072e+00
-2.037788778877887896e+00 -7.033258390410555450e+00
-2.037183718371837315e+00 -7.031676683600561972e+00
-2.036578657865786735e+00 -7.030095013129148640e+00
-2.035973597359736154e+00 -7.028513378996313676e+00
-2.035368536853685573e+00 -7.026931781202057081e+00
-2.034763476347634992e+00 -7.025350219746382407e+00
-2.034158415841584411e+00 -7.023768694629285214e+00
-2.033553355335533830e+00 -7.022187205850768166e+00
-2.032948294829483249e+00 -7.020605753410828598e+00
-2.032343234323432668e+00 -7.019024337309472727e+00
-2.031738173817381643e+00 -7.017442957546691673e+00
-2.031133113311331506e+00 -7.015861614122494316e+00
-2.030528052805280481e+00 -7.014280307036872664e+00
-2.029922992299230344e+00 -7.012699036289832932e+00
-2.029317931793179319e+00 -7.011117801881370681e+00
-2.028712871287129182e+00 -7.009536603811491240e+00
-2.028107810781078157e+00 -7.007955442080186614e+00
-2.027502750275028021e+00 -7.006374316687466575e+00
-2.026897689768976996e+00 -7.004793227633320463e+00
-2.026292629262926415e+00 -7.003212174917756272e+00
-2.025687568756875834e+00 -7.001631158540773114e+00
-2.025082508250825253e+00 -7.000050178502366549e+00
-2.024477447744774672e+00 -6.998469234802541905e+00
-2.023872387238724091e+00 -6.996888327441295630e+00
-2.023267326732673510e+00 -6.995307456418629499e+00
-2.022662266226622929e+00 -6.993726621734540849e+00
-2.022057205720572348e+00 -6.992145823389033232e+00
-2.021452145214521767e+00 -6.990565061382104872e+00
-2.020847084708471186e+00 -6.988984335713755769e+00
-2.020242024202420161e+00 -6.987403646383985922e+00
-2.019636963696370024e+00 -6.985822993392796221e+00
-2.019031903190318999e+00 -6.984242376740185776e+00
-2.018426842684268863e+00 -6.982661796426153700e+00
-2.017821782178217838e+00 -6.981081252450701768e+00
-2.017216721672167701e+00 -6.979500744813829982e+00
-2.016611661166116676e+00 -6.977920273515536564e+00
-2.016006600660066539e+00 -6.976339838555825068e+00
-2.015401540154015514e+00 -6.974759439934689276e+00
-2.014796479647964933e+00 -6.973179077652133628e+00
-2.014191419141914352e+00 -6.971598751708159014e+00
-2.013586358635863771e+00 -6.970018462102762768e+00
-2.012981298129813190e+00 -6.968438208835947556e+00
-2.012376237623762609e+00 -6.966857991907710712e+00
-2.011771177117712028e+00 -6.965277811318053125e+00
-2.011166116611661447e+00 -6.963697667066975683e+00
-2.010561056105610866e+00 -6.962117559154476609e+00
-2.009955995599559841e+00 -6.960537487580555904e+00
-2.009350935093509705e+00 -6.958957452345218897e+00
-2.008745874587458680e+00 -6.957377453448456706e+00
-2.008140814081408543e+00 -6.955797490890277324e+00
-2.007535753575357518e+00 -6.954217564670674534e+00
-2.006930693069307381e+00 -6.952637674789652777e+00
-2.006325632563256356e+00 -6.951057821247209390e+00
-2.005720572057206219e+00 -6.949478004043348811e+00
-2.005115511551155194e+00 -6.947898223178063049e+00
-2.004510451045105057e+00 -6.946318478651359207e+00
-2.003905390539054032e+00 -6.944738770463235511e+00
-2.003300330033003451e+00 -6.943159098613689295e+00
-2.002695269526952870e+00 -6.941579463102723224e+00
-2.002090209020902289e+00 -6.939999863930337298e+00
-2.001485148514851709e+00 -6.938420301096530629e+00
-2.000880088008801128e+00 -6.936840774601302329e+00
-2.000275027502750547e+00 -6.935261284444653285e+00
-1.999669966996699966e+00 -6.933681830626586162e+00
-1.999064906490649385e+00 -6.932102413147095632e+00
-1.998459845984598804e+00 -6.930523032006187911e+00
-1.997854785478548223e+00 -6.928943687203855895e+00
-1.997249724972497642e+00 -6.927364378740105799e+00
-1.996644664466447061e+00 -6.925785106614934072e+00
-1.996039603960396036e+00 -6.924205870828339826e+00
-1.995434543454345455e+00 -6.922626671380328389e+00
-1.994829482948294874e+00 -6.921047508270894433e+00
-1.994224422442244293e+00 -6.919468381500042398e+00
-1.993619361936193712e+00 -6.917889291067766955e+00
-1.993014301430143131e+00 -6.916310236974073433e+00
-1.992409240924092551e+00 -6.914731219218956504e+00
-1.991804180418041970e+00 -6.913152237802421496e+00
-1.991199119911991389e+00 -6.911573292724463968e+00
-1.990594059405940808e+00 -6.909994383985087474e+00
-1.989988998899890227e+00 -6.908415511584289348e+00
-1.989383938393839646e+00 -6.906836675522071367e+00
-1.988778877887789065e+00 -6.905257875798433531e+00
-1.988173817381738484e+00 -6.903679112413373176e+00
-1.987568756875687903e+00 -6.902100385366892965e+00
-1.986963696369637322e+00 -6.900521694658992899e+00
-1.986358635863586741e+00 -6.898943040289672091e+00
-1.985753575357536160e+00 -6.897364422258929650e+00
-1.985148514851485579e+00 -6.895785840566768243e+00
-1.984543454345434554e+00 -6.894207295213184317e+00
-1.983938393839383973e+00 -6.892628786198180535e+00
-1.983333333333333393e+00 -6.891050313521757786e+00
-1.982728272827282812e+00 -6.889471877183913406e+00
-1.982123212321232231e+00 -6.887893477184648283e+00
-1.981518151815181650e+00 -6.886315113523963305e+00
-1.980913091309131069e+00 -6.884736786201855807e+00
-1.980308030803080488e+00 -6.883158495218330231e+00
-1.979702970297029907e+00 -6.881580240573383023e+00
-1.979097909790979326e+00 -6.880002022267014183e+00
-1.978492849284928745e+00 -6.878423840299227265e+00
-1.977887788778878164e+00 -6.876845694670016940e+00
-1.977282728272827583e+00 -6.875267585379388535e+00
-1.976677667766777002e+00 -6.873689512427338499e+00
-1.976072607260726421e+00 -6.872111475813868608e+00
-1.975467546754675841e+00 -6.870533475538977086e+00
-1.974862486248625260e+00 -6.868955511602665709e+00
-1.974257425742574679e+00 -6.867377584004933588e+00
-1.973652365236523654e+00 -6.865799692745778060e+00
-1.973047304730473073e+00 -6.864221837825206229e+00
-1.972442244224422492e+00 -6.862644019243212767e+00
-1.971837183718371911e+00 -6.861066236999797674e+00
-1.971232123212321330e+00 -6.859488491094961837e+00
-1.970627062706270749e+00 -6.857910781528707034e+00
-1.970022002200220168e+00 -6.856333108301030599e+00
-1.969416941694169587e+00 -6.854755471411933421e+00
-1.968811881188119006e+00 -6.853177870861417276e+00
-1.968206820682068425e+00 -6.851600306649478611e+00
-1.967601760176017844e+00 -6.850022778776119203e+00
-1.966996699669967263e+00 -6.848445287241340829e+00
-1.966391639163916683e+00 -6.846867832045140823e+00
-1.965786578657866102e+00 -6.845290413187521850e+00
-1.965181518151815521e+00 -6.843713030668480357e+00
-1.964576457645764940e+00 -6.842135684488020786e+00
-1.963971397139714359e+00 -6.840558374646136031e+00
-1.963366336633663778e+00 -6.838981101142834973e+00
-1.962761276127613197e+00 -6.837403863978112284e+00
-1.962156215621562172e+00 -6.835826663151966187e+00
-1.961551155115511591e+00 -6.834249498664403788e+00
-1.960946094609461010e+00 -6.832672370515417981e+00
-1.960341034103410429e+00 -6.831095278705014096e+00
-1.959735973597359848e+00 -6.829518223233187690e+00
-1.959130913091309267e+00 -6.827941204099943207e+00
-1.958525852585258686e+00 -6.826364221305274427e+00
-1.957920792079208105e+00 -6.824787274849187568e+00
-1.957315731573157525e+00 -6.823210364731679078e+00
-1.956710671067106944e+00 -6.821633490952750734e+00
-1.956105610561056363e+00 -6.820056653512401645e+00
-1.955500550055005782e+00 -6.818479852410631814e+00
-1.954895489548955201e+00 -6.816903087647441239e+00
-1.954290429042904620e+00 -6.815326359222829922e+00
-1.953685368536854039e+00 -6.813749667136798749e+00
-1.953080308030803458e+00 -6.812173011389347721e+00
-1.952475247524752877e+00 -6.810596391980475062e+00
-1.951870187018702296e+00 -6.809019808910182547e+00
-1.951265126512651271e+00 -6.807443262178467513e+00
-1.950660066006600690e+00 -6.805866751785332625e+00
-1.950055005500550109e+00 -6.804290277730778769e+00
-1.949449944994499528e+00 -6.802713840014803282e+00
-1.948844884488448947e+00 -6.801137438637407051e+00
-1.948239823982398367e+00 -6.799561073598590966e+00
-1.947634763476347786e+00 -6.797984744898354137e+00
-1.947029702970297205e+00 -6.796408452536695677e+00
-1.946424642464246624e+00 -6.794832196513619138e+00
-1.945819581958196043e+00 -6.793255976829120968e+00
-1.945214521452145462e+00 -6.791679793483200278e+00
-1.944609460946094881e+00 -6.790103646475860621e+00
-1.944004400440044300e+00 -6.788527535807100222e+00
-1.943399339933993719e+00 -6.786951461476919967e+00
-1.942794279427943138e+00 -6.785375423485318080e+00
-1.942189218921892557e+00 -6.783799421832296339e+00
-1.941584158415841976e+00 -6.782223456517853855e+00
-1.940979097909791395e+00 -6.780647527541990627e+00
-1.940374037403740815e+00 -6.779071634904706656e+00
-1.939768976897689789e+00 -6.777495778606001053e+00
-1.939163916391639209e+00 -6.775919958645875596e+00
-1.938558855885588628e+00 -6.774344175024331172e+00
-1.937953795379538047e+00 -6.772768427741365116e+00
-1.937348734873487466e+00 -6.771192716796978317e+00
-1.936743674367436885e+00 -6.769617042191171663e+00
-1.936138613861386304e+00 -6.768041403923943378e+00
-1.935533553355335723e+00 -6.766465801995295237e+00
-1.934928492849285142e+00 -6.764890236405225465e+00
-1.934323432343234561e+00 -6.763314707153737615e+00
-1.933718371837183980e+00 -6.761739214240826357e+00
-1.933113311331133399e+00 -6.760163757666497908e+00
-1.932508250825082818e+00 -6.758588337430746051e+00
-1.931903190319032237e+00 -6.757012953533575228e+00
-1.931298129812981657e+00 -6.755437605974980997e+00
-1.930693069306931076e+00 -6.753862294754969575e+00
-1.930088008800880495e+00 -6.752287019873534746e+00
-1.929482948294829914e+00 -6.750711781330682726e+00
-1.928877887788778889e+00 -6.749136579126407298e+00
-1.928272827282728308e+00 -6.747561413260710239e+00
-1.927667766776677727e+00 -6.745986283733596878e+00
-1.927062706270627146e+00 -6.744411190545058332e+00
-1.926457645764576565e+00 -6.742836133695103484e+00
-1.925852585258525984e+00 -6.741261113183725229e+00
-1.925247524752475403e+00 -6.739686129010928894e+00
-1.924642464246424822e+00 -6.738111181176709152e+00
-1.924037403740374241e+00 -6.736536269681071332e+00
-1.923432343234323660e+00 -6.734961394524011880e+00
-1.922827282728273079e+00 -6.733386555705530796e+00
-1.922222222222222499e+00 -6.731811753225631634e+00
-1.921617161716171918e+00 -6.730236987084309064e+00
-1.921012101210121337e+00 -6.728662257281568415e+00
-1.920407040704070756e+00 -6.727087563817406135e+00
-1.919801980198020175e+00 -6.725512906691823112e+00
-1.919196919691969594e+00 -6.723938285904819345e+00
-1.918591859185919013e+00 -6.722363701456395724e+00
-1.917986798679868432e+00 -6.720789153346551359e+00
-1.917381738173817407e+00 -6.719214641575284475e+00
-1.916776677667766826e+00 -6.717640166142599512e+00
-1.916171617161716245e+00 -6.716065727048492917e+00
-1.915566556655665664e+00 -6.714491324292966468e+00
-1.914961496149615083e+00 -6.712916957876018387e+00
-1.914356435643564502e+00 -6.711342627797650451e+00
-1.913751375137513921e+00 -6.709768334057862660e+00
-1.913146314631463341e+00 -6.708194076656653237e+00
-1.912541254125412760e+00 -6.706619855594023960e+00
-1.911936193619362179e+00 -6.705045670869974828e+00
-1.911331133113311598e+00 -6.703471522484503176e+00
-1.910726072607261017e+00 -6.701897410437612557e+00
-1.910121012101210436e+00 -6.700323334729300306e+00
-1.909515951595159855e+00 -6.698749295359568201e+00
-1.908910891089109274e+00 -6.697175292328414464e+00
-1.908305830583058693e+00 -6.695601325635840873e+00
-1.907700770077008112e+00 -6.694027395281848314e+00
-1.907095709570957531e+00 -6.692453501266433236e+00
-1.906490649064906506e+00 -6.690879643589596526e+00
-1.905885588558855925e+00 -6.689305822251340850e+00
-1.905280528052805344e+00 -6.687732037251663542e+00
-1.904675467546754764e+00 -6.686158288590567267e+00
-1.904070407040704183e+00 -6.684584576268050249e+00
-1.903465346534653602e+00 -6.683010900284112488e+00
-1.902860286028603021e+00 -6.681437260638753983e+00
-1.902255225522552440e+00 -6.679863657331972959e+00
-1.901650165016501859e+00 -6.678290090363774745e+00
-1.901045104510451278e+00 -6.676716559734153122e+00
-1.900440044004400697e+00 -6.675143065443114310e+00
-1.899834983498350116e+00 -6.673569607490651201e+00
-1.899229922992299535e+00 -6.671996185876770014e+00
-1.898624862486248954e+00 -6.670422800601467195e+00
-1.898019801980198373e+00 -6.668849451664744521e+00
-1.897414741474147792e+00 -6.667276139066600216e+00
-1.896809680968097211e+00 -6.665702862807036055e+00
-1.896204620462046631e+00 -6.664129622886050264e+00
-1.895599559955995606e+00 -6.662556419303644617e+00
-1.894994499449945025e+00 -6.660983252059820003e+00
-1.894389438943894444e+00 -6.659410121154571982e+00
-1.893784378437843863e+00 -6.657837026587905882e+00
-1.893179317931793282e+00 -6.656263968359818151e+00
-1.892574257425742701e+00 -6.654690946470310564e+00
-1.891969196919692120e+00 -6.653117960919381346e+00
-1.891364136413641539e+00 -6.651545011707032273e+00
-1.890759075907590958e+00 -6.649972098833261569e+00
-1.890154015401540377e+00 -6.648399222298071010e+00
-1.889548954895489796e+00 -6.646826382101460595e+00
-1.888943894389439215e+00 -6.645253578243428549e+00
-1.888338833883388634e+00 -6.643680810723976649e+00
-1.887733773377338053e+00 -6.642108079543104893e+00
-1.887128712871287473e+00 -6.640535384700811505e+00
-1.886523652365236892e+00 -6.638962726197097375e+00
-1.885918591859186311e+00 -6.637390104031963389e+00
-1.885313531353135730e+00 -6.635817518205408660e+00
-1.884708470847085149e+00 -6.634244968717433188e+00
-1.884103410341034124e+00 -6.632672455568035197e+00
-1.883498349834983543e+00 -6.631099978757220015e+00
-1.882893289328932962e+00 -6.629527538284982313e+00
-1.882288228822882381e+00 -6.627955134151324756e+00
-1.881683168316831800e+00 -6.626382766356245568e+00
-1.881078107810781219e+00 -6.624810434899746525e+00
-1.880473047304730638e+00 -6.623238139781827627e+00
-1.879867986798680057e+00 -6.621665881002487986e+00
-1.879262926292629476e+00 -6.620093658561726713e+00
-1.878657865786578895e+00 -6.618521472459546473e+00
-1.878052805280528315e+00 -6.616949322695944602e+00
-1.877447744774477734e+00 -6.615377209270922876e+00
-1.876842684268427153e+00 -6.613805132184480406e+00
-1.876237623762376572e+00 -6.612233091436617194e+00
-1.875632563256325991e+00 -6.610661087027333238e+00
-1.875027502750275410e+00 -6.609089118956628539e+00
-1.874422442244224829e+00 -6.607517187224503985e+00
-1.873817381738174248e+00 -6.605945291830957800e+00
-1.873212321232123223e+00 -6.604373432775990871e+00
-1.872607260726072642e+00 -6.602801610059603199e+00
-1.872002200220022061e+00 -6.601229823681797448e+00
-1.871397139713971480e+00 -6.599658073642567402e+00
-1.870792079207920899e+00 -6.598086359941921053e+00
-1.870187018701870318e+00 -6.596514682579850408e+00
-1.869581958195819738e+00 -6.594943041556362573e+00
-1.868976897689769157e+00 -6.593371436871451330e+00
-1.868371837183718576e+00 -6.591799868525120232e+00
-1.867766776677667995e+00 -6.590228336517369279e+00
-1.867161716171617414e+00 -6.588656840848197582e+00
-1.866556655665566833e+00 -6.587085381517605143e+00
-1.865951595159516252e+00 -6.585513958525593736e+00
-1.865346534653465671e+00 -6.583942571872160698e+00
-1.864741474147415090e+00 -6.582371221557306029e+00
-1.864136413641364509e+00 -6.580799907581031505e+00
-1.863531353135313928e+00 -6.579228629943335349e+00
-1.862926292629263347e+00 -6.577657388644220227e+00
-1.862321232123212766e+00 -6.576086183683684361e+00
-1.861716171617161741e+00 -6.574515015061725975e+00
-1.861111111111111160e+00 -6.572943882778348623e+00
-1.860506050605060580e+00 -6.571372786833551416e+00
-1.859900990099009999e+00 -6.569801727227333465e+00
-1.859295929592959418e+00 -6.568230703959693884e+00
-1.858690869086908837e+00 -6.566659717030634447e+00
-1.858085808580858256e+00 -6.565088766440154266e+00
-1.857480748074807675e+00 -6.563517852188253343e+00
-1.856875687568757094e+00 -6.561946974274931677e+00
-1.856270627062706513e+00 -6.560376132700190155e+00
-1.855665566556655932e+00 -6.558805327464027002e+00
-1.855060506050605351e+00 -6.557234558566443994e+00
-1.854455445544554770e+00 -6.555663826007441131e+00
-1.853850385038504189e+00 -6.554093129787016636e+00
-1.853245324532453608e+00 -6.552522469905172287e+00
-1.852640264026403027e+00 -6.550951846361908082e+00
-1.852035203520352447e+00 -6.549381259157220470e+00
-1.851430143014301866e+00 -6.547810708291115667e+00
-1.850825082508250841e+00 -6.546240193763587456e+00
-1.850220022002200260e+00 -6.544669715574639390e+00
-1.849614961496149679e+00 -6.543099273724271470e+00
-1.849009900990099098e+00 -6.541528868212482806e+00
-1.848404840484048517e+00 -6.539958499039274287e+00
-1.847799779977997936e+00 -6.538388166204642360e+00
-1.847194719471947355e+00 -6.536817869708594131e+00
-1.846589658965896774e+00 -6.535247609551120718e+00
-1.845984598459846193e+00 -6.533677385732231890e+00
-1.845379537953795612e+00 -6.532107198251917879e+00
-1.844774477447745031e+00 -6.530537047110187565e+00
-1.844169416941694450e+00 -6.528966932307032955e+00
-1.843564356435643870e+00 -6.527396853842461155e+00
-1.842959295929593289e+00 -6.525826811716465059e+00
-1.842354235423542708e+00 -6.524256805929051772e+00
-1.841749174917492127e+00 -6.522686836480215078e+00
-1.841144114411441546e+00 -6.521116903369959417e+00
-1.840539053905390965e+00 -6.519547006598282124e+00
-1.839933993399340384e+00 -6.517977146165185864e+00
-1.839328932893289359e+00 -6.516407322070667973e+00
-1.838723872387238778e+00 -6.514837534314729339e+00
-1.838118811881188197e+00 -6.513267782897370850e+00
-1.837513751375137616e+00 -6.511698067818591618e+00
-1.836908690869087035e+00 -6.510128389078391642e+00
-1.836303630363036454e+00 -6.508558746676770923e+00
-1.835698569856985873e+00 -6.506989140613729461e+00
-1.835093509350935292e+00 -6.505419570889268144e+00
-1.834488448844884712e+00 -6.503850037503386083e+00
-1.833883388338834131e+00 -6.502280540456084168e+00
-1.833278327832783550e+00 -6.500711079747360621e+00
-1.832673267326732969e+00 -6.499141655377217219e+00
-1.832068206820682388e+00 -6.497572267345653074e+00
-1.831463146314631807e+00 -6.496002915652667298e+00
-1.830858085808581226e+00 -6.494433600298261666e+00
-1.830253025302530645e+00 -6.492864321282436180e+00
-1.829647964796480064e+00 -6.491295078605189062e+00
-1.829042904290429483e+00 -6.489725872266522977e+00
-1.828437843784378458e+00 -6.488156702266433484e+00
-1.827832783278327877e+00 -6.486587568604925025e+00
-1.827227722772277296e+00 -6.485018471281996710e+00
-1.826622662266226715e+00 -6.483449410297646764e+00
-1.826017601760176134e+00 -6.481880385651876963e+00
-1.825412541254125554e+00 -6.480311397344687308e+00
-1.824807480748074973e+00 -6.478742445376076020e+00
-1.824202420242024392e+00 -6.477173529746043101e+00
-1.823597359735973811e+00 -6.475604650454592104e+00
-1.822992299229923230e+00 -6.474035807501719475e+00
-1.822387238723872649e+00 -6.472467000887425215e+00
-1.821782178217822068e+00 -6.470898230611711988e+00
-1.821177117711771487e+00 -6.469329496674577129e+00
-1.820572057205720906e+00 -6.467760799076022415e+00
-1.819966996699670325e+00 -6.466192137816046959e+00
-1.819361936193619744e+00 -6.464623512894649870e+00
-1.818756875687569163e+00 -6.463054924311833815e+00
-1.818151815181518582e+00 -6.461486372067596129e+00
-1.817546754675468001e+00 -6.459917856161939476e+00
-1.816941694169416976e+00 -6.458349376594858526e+00
-1.816336633663366396e+00 -6.456780933366360387e+00
-1.815731573157315815e+00 -6.455212526476440615e+00
-1.815126512651265234e+00 -6.453644155925099213e+00
-1.814521452145214653e+00 -6.452075821712340620e+00
-1.813916391639164072e+00 -6.450507523838157731e+00
-1.813311331133113491e+00 -6.448939262302557651e+00
-1.812706270627062910e+00 -6.447371037105534164e+00
-1.812101210121012329e+00 -6.445802848247092598e+00
-1.811496149614961748e+00 -6.444234695727227624e+00
-1.810891089108911167e+00 -6.442666579545944572e+00
-1.810286028602860586e+00 -6.441098499703239000e+00
-1.809680968096810005e+00 -6.439530456199115349e+00
-1.809075907590759424e+00 -6.437962449033569179e+00
-1.808470847084708844e+00 -6.436394478206602265e+00
-1.807865786578658263e+00 -6.434826543718215497e+00
-1.807260726072607682e+00 -6.433258645568407985e+00
-1.806655665566557101e+00 -6.431690783757179730e+00
-1.806050605060506076e+00 -6.430122958284529844e+00
-1.805445544554455495e+00 -6.428555169150461879e+00
-1.804840484048404914e+00 -6.426987416354970506e+00
-1.804235423542354333e+00 -6.425419699898061943e+00
-1.803630363036303752e+00 -6.423852019779731748e+00
-1.803025302530253171e+00 -6.422284375999979922e+00
-1.802420242024202590e+00 -6.420716768558808241e+00
-1.801815181518152009e+00 -6.419149197456214928e+00
-1.801210121012101428e+00 -6.417581662692203537e+00
-1.800605060506050847e+00 -6.416014164266769626e+00
-1.800000000000000266e+00 -6.414446702179915860e+00
-1.799394939493949686e+00 -6.412879314362325722e+00
-1.798789878987899105e+00 -6.411312038744688024e+00
-1.798184818481848524e+00 -6.409744875326999214e+00
-1.797579757975797943e+00 -6.408177824109261955e+00
-1.796974697469747362e+00 -6.406610885091475360e+00
-1.796369636963696781e+00 -6.405044058273639429e+00
-1.795764576457646200e+00 -6.403477343655753273e+00
-1.795159515951595175e+00 -6.401910741237817781e+00
-1.794554455445544594e+00 -6.400344251019833841e+00
-1.793949394939494013e+00 -6.398777873001799676e+00
-1.793344334433443432e+00 -6.397211607183717064e+00
-1.792739273927392851e+00 -6.395645453565586003e+00
-1.792134213421342270e+00 -6.394079412147403829e+00
-1.791529152915291689e+00 -6.392513482929171431e+00
-1.790924092409241108e+00 -6.390947665910893249e+00
-1.790319031903190528e+00 -6.389381961092562179e+00
-1.789713971397139947e+00 -6.387816368474182660e+00
-1.789108910891089366e+00 -6.386250888055752029e+00
-1.788503850385038785e+00 -6.384685519837275613e+00
-1.787898789878988204e+00 -6.383120263818747198e+00
-1.787293729372937623e+00 -6.381555120000170334e+00
-1.786688668866887042e+00 -6.379990088381544133e+00
-1.786083608360836461e+00 -6.378425168962869485e+00
-1.785478547854785880e+00 -6.376860361744142836e+00
-1.784873487348735299e+00 -6.375295666725368626e+00
-1.784268426842684718e+00 -6.373731083906545081e+00
-1.783663366336633693e+00 -6.372166613287670422e+00
-1.783058305830583112e+00 -6.370602254868748204e+00
-1.782453245324532531e+00 -6.369038008649774874e+00
-1.781848184818481950e+00 -6.367473874630753983e+00
-1.781243124312431370e+00 -6.365909852811683756e+00
-1.780638063806380789e+00 -6.364345943192563304e+00
-1.780033003300330208e+00 -6.362782145773393516e+00
-1.779427942794279627e+00 -6.361218460554174392e+00
-1.778822882288229046e+00 -6.359654887534905043e+00
-1.778217821782178465e+00 -6.358091426715589023e+00
-1.777612761276127884e+00 -6.356528078096221002e+00
-1.777007700770077303e+00 -6.354964841676805420e+00
-1.776402640264026722e+00 -6.353401717457337838e+00
-1.775797579757976141e+00 -6.351838705437823585e+00
-1.775192519251925560e+00 -6.350275805618258218e+00
-1.774587458745874979e+00 -6.348713017998645292e+00
-1.773982398239824398e+00 -6.347150342578981252e+00
-1.773377337733773818e+00 -6.345587779359268765e+00
-1.772772277227722793e+00 -6.344025328339504277e+00
-1.772167216721672212e+00 -6.342462989519694005e+00
-1.771562156215621631e+00 -6.340900762899832621e+00
-1.770957095709571050e+00 -6.339338648479922789e+00
-1.770352035203520469e+00 -6.337776646259960955e+00
-1.769746974697469888e+00 -6.336214756239952450e+00
-1.769141914191419307e+00 -6.334652978419894609e+00
-1.768536853685368726e+00 -6.333091312799786543e+00
-1.767931793179318145e+00 -6.331529759379629141e+00
-1.767326732673267564e+00 -6.329968318159421514e+00
-1.766721672167216983e+00 -6.328406989139165439e+00
-1.766116611661166402e+00 -6.326845772318860028e+00
-1.765511551155115821e+00 -6.325284667698505281e+00
-1.764906490649065240e+00 -6.323723675278100309e+00
-1.764301430143014660e+00 -6.322162795057646889e+00
-1.763696369636964079e+00 -6.320602027037143245e+00
-1.763091309130913498e+00 -6.319041371216590264e+00
-1.762486248624862917e+00 -6.317480827595989723e+00
-1.761881188118812336e+00 -6.315920396175337181e+00
-1.761276127612761311e+00 -6.314360076954635304e+00
-1.760671067106710730e+00 -6.312799869933886754e+00
-1.760066006600660149e+00 -6.311239775113086203e+00
-1.759460946094609568e+00 -6.309679792492237205e+00
-1.758855885588558987e+00 -6.308119922071338870e+00
-1.758250825082508406e+00 -6.306560163850391199e+00
-1.757645764576457825e+00 -6.305000517829394191e+00
-1.757040704070407244e+00 -6.303440984008346959e+00
-1.756435643564356663e+00 -6.301881562387252167e+00
-1.755830583058306082e+00 -6.300322252966107150e+00
-1.755225522552255502e+00 -6.298763055744911910e+00
-1.754620462046204921e+00 -6.297203970723667332e+00
-1.754015401540154340e+00 -6.295644997902375195e+00
-1.753410341034103759e+00 -6.294086137281031945e+00
-1.752805280528053178e+00 -6.292527388859639359e+00
-1.752200220022002597e+00 -6.290968752638197437e+00
-1.751595159515952016e+00 -6.289410228616707066e+00
-1.750990099009901435e+00 -6.287851816795165583e+00
-1.750385038503850410e+00 -6.286293517173576539e+00
-1.749779977997799829e+00 -6.284735329751936384e+00
-1.749174917491749248e+00 -6.283177254530246891e+00
-1.748569856985698667e+00 -6.281619291508510727e+00
-1.747964796479648086e+00 -6.280061440686723451e+00
-1.747359735973597505e+00 -6.278503702064885950e+00
-1.746754675467546924e+00 -6.276946075642999112e+00
-1.746149614961496344e+00 -6.275388561421064715e+00
-1.745544554455445763e+00 -6.273831159399079205e+00
-1.744939493949395182e+00 -6.272273869577044358e+00
-1.744334433443344601e+00 -6.270716691954960176e+00
-1.743729372937294020e+00 -6.269159626532828433e+00
-1.743124312431243439e+00 -6.267602673310646466e+00
-1.742519251925192858e+00 -6.266045832288412498e+00
-1.741914191419142277e+00 -6.264489103466132747e+00
-1.741309130913091696e+00 -6.262932486843801883e+00
-1.740704070407041115e+00 -6.261375982421422570e+00
-1.740099009900990534e+00 -6.259819590198991257e+00
-1.739493949394939953e+00 -6.258263310176515049e+00
-1.738888888888888928e+00 -6.256707142353983286e+00
-1.738283828382838347e+00 -6.255151086731406629e+00
-1.737678767876787767e+00 -6.253595143308778859e+00
-1.737073707370737186e+00 -6.252039312086104417e+00
-1.736468646864686605e+00 -6.250483593063377086e+00
-1.735863586358636024e+00 -6.248927986240602195e+00
-1.735258525852585443e+00 -6.247372491617777968e+00
-1.734653465346534862e+00 -6.245817109194904404e+00
-1.734048404840484281e+00 -6.244261838971980616e+00
-1.733443344334433700e+00 -6.242706680949008380e+00
-1.732838283828383119e+00 -6.241151635125986807e+00
-1.732233223322332538e+00 -6.239596701502914122e+00
-1.731628162816281957e+00 -6.238041880079793877e+00
-1.731023102310231376e+00 -6.236487170856622519e+00
-1.730418041804180795e+00 -6.234932573833403602e+00
-1.729812981298130214e+00 -6.233378089010135348e+00
-1.729207920792079634e+00 -6.231823716386816869e+00
-1.728602860286029053e+00 -6.230269455963448166e+00
-1.727997799779978028e+00 -6.228715307740029239e+00
-1.727392739273927447e+00 -6.227161271716563640e+00
-1.726787678767876866e+00 -6.225607347893046928e+00
-1.726182618261826285e+00 -6.224053536269482656e+00
-1.725577557755775704e+00 -6.222499836845867272e+00
-1.724972497249725123e+00 -6.220946249622202551e+00
-1.724367436743674542e+00 -6.219392774598491158e+00
-1.723762376237623961e+00 -6.217839411774726877e+00
-1.723157315731573380e+00 -6.216286161150915035e+00
-1.722552255225522799e+00 -6.214733022727051193e+00
-1.721947194719472218e+00 -6.213179996503142455e+00
-1.721342134213421637e+00 -6.211627082479180828e+00
-1.720737073707371056e+00 -6.210074280655169865e+00
-1.720132013201320476e+00 -6.208521591031112230e+00
-1.719526952695269895e+00 -6.206969013607003482e+00
-1.718921892189219314e+00 -6.205416548382844510e+00
-1.718316831683168733e+00 -6.203864195358637090e+00
-1.717711771177118152e+00 -6.202311954534380334e+00
-1.717106710671067571e+00 -6.200759825910074241e+00
-1.716501650165016546e+00 -6.199207809485717924e+00
-1.715896589658965965e+00 -6.197655905261313158e+00
-1.715291529152915384e+00 -6.196104113236857280e+00
-1.714686468646864803e+00 -6.194552433412353842e+00
-1.714081408140814222e+00 -6.193000865787801956e+00
-1.713476347634763641e+00 -6.191449410363198069e+00
-1.712871287128713060e+00 -6.189898067138545734e+00
-1.712266226622662479e+00 -6.188346836113844063e+00
-1.711661166116611899e+00 -6.186795717289093943e+00
-1.711056105610561318e+00 -6.185244710664293599e+00
-1.710451045104510737e+00 -6.183693816239443919e+00
-1.709845984598460156e+00 -6.182143034014545790e+00
-1.709240924092409575e+00 -6.180592363989597438e+00
-1.708635863586358994e+00 -6.179041806164598860e+00
-1.708030803080308413e+00 -6.177491360539550946e+00
-1.707425742574257832e+00 -6.175941027114455473e+00
-1.706820682068207251e+00 -6.174390805889308886e+00
-1.706215621562156670e+00 -6.172840696864113852e+00
-1.705610561056105645e+00 -6.171290700038868593e+00
-1.705005500550055064e+00 -6.169740815413574886e+00
-1.704400440044004483e+00 -6.168191042988230066e+00
-1.703795379537953902e+00 -6.166641382762837686e+00
-1.703190319031903321e+00 -6.165091834737395970e+00
-1.702585258525852741e+00 -6.163542398911903142e+00
-1.701980198019802160e+00 -6.161993075286361865e+00
-1.701375137513751579e+00 -6.160443863860773028e+00
-1.700770077007700998e+00 -6.158894764635133967e+00
-1.700165016501650417e+00 -6.157345777609442905e+00
-1.699559955995599836e+00 -6.155796902783705171e+00
-1.698954895489549255e+00 -6.154248140157917213e+00
-1.698349834983498674e+00 -6.152699489732079918e+00
-1.697744774477448093e+00 -6.151150951506192399e+00
-1.697139713971397512e+00 -6.149602525480257320e+00
-1.696534653465346931e+00 -6.148054211654270240e+00
-1.695929592959296350e+00 -6.146506010028236489e+00
-1.695324532453245769e+00 -6.144957920602152512e+00
-1.694719471947195188e+00 -6.143409943376017424e+00
-1.694114411441144163e+00 -6.141862078349832110e+00
-1.693509350935093583e+00 -6.140314325523601013e+00
-1.692904290429043002e+00 -6.138766684897318804e+00
-1.692299229922992421e+00 -6.137219156470989923e+00
-1.691694169416941840e+00 -6.135671740244608152e+00
-1.691089108910891259e+00 -6.134124436218177046e+00
-1.690484048404840678e+00 -6.132577244391697491e+00
-1.689878987898790097e+00 -6.131030164765169488e+00
-1.689273927392739516e+00 -6.129483197338591260e+00
-1.688668866886688935e+00 -6.127936342111962809e+00
-1.688063806380638354e+00 -6.126389599085286797e+00
-1.687458745874587773e+00 -6.124842968258559672e+00
-1.686853685368537192e+00 -6.123296449631783211e+00
-1.686248624862486611e+00 -6.121750043204957414e+00
-1.685643564356436030e+00 -6.120203748978084946e+00
-1.685038503850385450e+00 -6.118657566951159588e+00
-1.684433443344334869e+00 -6.117111497124186670e+00
-1.683828382838284288e+00 -6.115565539497164416e+00
-1.683223322332233263e+00 -6.114019694070091049e+00
-1.682618261826182682e+00 -6.112473960842968346e+00
-1.682013201320132101e+00 -6.110928339815798083e+00
-1.681408140814081520e+00 -6.109382830988578483e+00
-1.680803080308030939e+00 -6.107837434361307771e+00
-1.680198019801980358e+00 -6.106292149933987723e+00
-1.679592959295929777e+00 -6.104746977706620115e+00
-1.678987898789879196e+00 -6.103201917679202282e+00
-1.678382838283828615e+00 -6.101656969851734225e+00
-1.677777777777778034e+00 -6.100112134224219496e+00
-1.677172717271727453e+00 -6.098567410796652766e+00
-1.676567656765676873e+00 -6.097022799569036700e+00
-1.675962596259626292e+00 -6.095478300541372185e+00
-1.675357535753575711e+00 -6.093933913713658335e+00
-1.674752475247525130e+00 -6.092389639085894260e+00
-1.674147414741474549e+00 -6.090845476658080848e+00
-1.673542354235423968e+00 -6.089301426430218989e+00
-1.672937293729373387e+00 -6.087757488402306905e+00
-1.672332233223322362e+00 -6.086213662574343708e+00
-1.671727172717271781e+00 -6.084669948946334728e+00
-1.671122112211221200e+00 -6.083126347518273747e+00
-1.670517051705170619e+00 -6.081582858290164317e+00
-1.669911991199120038e+00 -6.080039481262005552e+00
-1.669306930693069457e+00 -6.078496216433797450e+00
-1.668701870187018876e+00 -6.076953063805540012e+00
-1.668096809680968295e+00 -6.075410023377232349e+00
-1.667491749174917715e+00 -6.073867095148878015e+00
-1.666886688668867134e+00 -6.072324279120470791e+00
-1.666281628162816553e+00 -6.070781575292016896e+00
-1.665676567656765972e+00 -6.069238983663511000e+00
-1.665071507150715391e+00 -6.067696504234957544e+00
-1.664466446644664810e+00 -6.066154137006353864e+00
-1.663861386138614229e+00 -6.064611881977701735e+00
-1.663256325632563648e+00 -6.063069739149000270e+00
-1.662651265126513067e+00 -6.061527708520248581e+00
-1.662046204620462486e+00 -6.059985790091448443e+00
-1.661441144114411905e+00 -6.058443983862598081e+00
-1.660836083608360880e+00 -6.056902289833695718e+00
-1.660231023102310299e+00 -6.055360708004748460e+00
-1.659625962596259718e+00 -6.053819238375748313e+00
-1.659020902090209137e+00 -6.052277880946701494e+00
-1.658415841584158557e+00 -6.050736635717605338e+00
-1.657810781078107976e+00 -6.049195502688458070e+00
-1.657205720572057395e+00 -6.047654481859261466e+00
-1.656600660066006814e+00 -6.046113573230016414e+00
-1.655995599559956233e+00 -6.044572776800722025e+00
-1.655390539053905652e+00 -6.043032092571378300e+00
-1.654785478547855071e+00 -6.041491520541983462e+00
-1.654180418041804490e+00 -6.039951060712541064e+00
-1.653575357535753909e+00 -6.038410713083049330e+00
-1.652970297029703328e+00 -6.036870477653507372e+00
-1.652365236523652747e+00 -6.035330354423915189e+00
-1.651760176017602166e+00 -6.033790343394276334e+00
-1.651155115511551585e+00 -6.032250444564585479e+00
-1.650550055005501005e+00 -6.030710657934846175e+00
-1.649944994499449979e+00 -6.029170983505055759e+00
-1.649339933993399399e+00 -6.027631421275218671e+00
-1.648734873487348818e+00 -6.026091971245329582e+00
-1.648129812981298237e+00 -6.024552633415393821e+00
-1.647524752475247656e+00 -6.023013407785408724e+00
-1.646919691969197075e+00 -6.021474294355371626e+00
-1.646314631463146494e+00 -6.019935293125286968e+00
-1.645709570957095913e+00 -6.018396404095152974e+00
-1.645104510451045332e+00 -6.016857627264968755e+00
-1.644499449944994751e+00 -6.015318962634736089e+00
-1.643894389438944170e+00 -6.013780410204453197e+00
-1.643289328932893589e+00 -6.012241969974120970e+00
-1.642684268426843008e+00 -6.010703641943740294e+00
-1.642079207920792427e+00 -6.009165426113308506e+00
-1.641474147414741847e+00 -6.007627322482829157e+00
-1.640869086908691266e+00 -6.006089331052299585e+00
-1.640264026402640685e+00 -6.004551451821719787e+00
-1.639658965896590104e+00 -6.003013684791091542e+00
-1.639053905390539523e+00 -6.001476029960414849e+00
-1.638448844884488498e+00 -5.999938487329686154e+00
-1.637843784378437917e+00 -5.998401056898909012e+00
-1.637238723872387336e+00 -5.996863738668083421e+00
-1.636633663366336755e+00 -5.995326532637209382e+00
-1.636028602860286174e+00 -5.993789438806282455e+00
-1.635423542354235593e+00 -5.992252457175310631e+00
-1.634818481848185012e+00 -5.990715587744286807e+00
-1.634213421342134431e+00 -5.989178830513213647e+00
-1.633608360836083850e+00 -5.987642185482090262e+00
-1.633003300330033269e+00 -5.986105652650920206e+00
-1.632398239823982689e+00 -5.984569232019698148e+00
-1.631793179317932108e+00 -5.983032923588428531e+00
-1.631188118811881527e+00 -5.981496727357108689e+00
-1.630583058305830946e+00 -5.979960643325740399e+00
-1.629977997799780365e+00 -5.978424671494320997e+00
-1.629372937293729784e+00 -5.976888811862852258e+00
-1.628767876787679203e+00 -5.975353064431335071e+00
-1.628162816281628622e+00 -5.973817429199767659e+00
-1.627557755775577597e+00 -5.972281906168150911e+00
-1.626952695269527016e+00 -5.970746495336485715e+00
-1.626347634763476435e+00 -5.969211196704772071e+00
-1.625742574257425854e+00 -5.967676010273005538e+00
-1.625137513751375273e+00 -5.966140936041193221e+00
-1.624532453245324692e+00 -5.964605974009329792e+00
-1.623927392739274111e+00 -5.963071124177417914e+00
-1.623322332233223531e+00 -5.961536386545455812e+00
-1.622717271727172950e+00 -5.960001761113445262e+00
-1.622112211221122369e+00 -5.958467247881382711e+00
-1.621507150715071788e+00 -5.956932846849273488e+00
-1.620902090209021207e+00 -5.955398558017114929e+00
-1.620297029702970626e+00 -5.953864381384905258e+00
-1.619691969196920045e+00 -5.952330316952648026e+00
-1.619086908690869464e+00 -5.950796364720340570e+00
-1.618481848184818883e+00 -5.949262524687982001e+00
-1.617876787678768302e+00 -5.947728796855575872e+00
-1.617271727172717721e+00 -5.946195181223120407e+00
-1.616666666666667140e+00 -5.944661677790614718e+00
-1.616061606160616115e+00 -5.943128286558059692e+00
-1.615456545654565534e+00 -5.941595007525455330e+00
-1.614851485148514953e+00 -5.940061840692803408e+00
-1.614246424642464373e+00 -5.938528786060099485e+00
-1.613641364136413792e+00 -5.936995843627348890e+00
-1.613036303630363211e+00 -5.935463013394547183e+00
-1.612431243124312630e+00 -5.933930295361696139e+00
-1.611826182618262049e+00 -5.932397689528794871e+00
-1.611221122112211468e+00 -5.930865195895846043e+00
-1.610616061606160887e+00 -5.929332814462845214e+00
-1.610011001100110306e+00 -5.927800545229797713e+00
-1.609405940594059725e+00 -5.926268388196699988e+00
-1.608800880088009144e+00 -5.924736343363552926e+00
-1.608195819581958563e+00 -5.923204410730357417e+00
-1.607590759075907982e+00 -5.921672590297109906e+00
-1.606985698569857401e+00 -5.920140882063814836e+00
-1.606380638063806821e+00 -5.918609286030469541e+00
-1.605775577557756240e+00 -5.917077802197074909e+00
-1.605170517051705215e+00 -5.915546430563630942e+00
-1.604565456545654634e+00 -5.914015171130138526e+00
-1.603960396039604053e+00 -5.912484023896594998e+00
-1.603355335533553472e+00 -5.910952988863003910e+00
-1.602750275027502891e+00 -5.909422066029362597e+00
-1.602145214521452310e+00 -5.907891255395671060e+00
-1.601540154015401729e+00 -5.906360556961931962e+00
-1.600935093509351148e+00 -5.904829970728142641e+00
-1.600330033003300567e+00 -5.903299496694303983e+00
-1.599724972497249986e+00 -5.901769134860414212e+00
-1.599119911991199405e+00 -5.900238885226477770e+00
-1.598514851485148824e+00 -5.898708747792491103e+00
-1.597909790979098243e+00 -5.897178722558454211e+00
-1.597304730473047663e+00 -5.895648809524368872e+00
-1.596699669966997082e+00 -5.894119008690234196e+00
-1.596094609460946501e+00 -5.892589320056049296e+00
-1.595489548954895920e+00 -5.891059743621815947e+00
-1.594884488448845339e+00 -5.889530279387533263e+00
-1.594279427942794758e+00 -5.888000927353200353e+00
-1.593674367436743733e+00 -5.886471687518817220e+00
-1.593069306930693152e+00 -5.884942559884386526e+00
-1.592464246424642571e+00 -5.883413544449904720e+00
-1.591859185918591990e+00 -5.881884641215375353e+00
-1.591254125412541409e+00 -5.880355850180794874e+00
-1.590649064906490828e+00 -5.878827171346165947e+00
-1.590044004400440247e+00 -5.877298604711487684e+00
-1.589438943894389666e+00 -5.875770150276760084e+00
-1.588833883388339085e+00 -5.874241808041983148e+00
-1.588228822882288505e+00 -5.872713578007155988e+00
-1.587623762376237924e+00 -5.871185460172280379e+00
-1.587018701870187343e+00 -5.869657454537353658e+00
-1.586413641364136762e+00 -5.868129561102379377e+00
-1.585808580858086181e+00 -5.866601779867356647e+00
-1.585203520352035600e+00 -5.865074110832282805e+00
-1.584598459845985019e+00 -5.863546553997159627e+00
-1.583993399339934438e+00 -5.862019109361987113e+00
-1.583388338833883857e+00 -5.860491776926767038e+00
-1.582783278327832832e+00 -5.858964556691494074e+00
-1.582178217821782251e+00 -5.857437448656172663e+00
-1.581573157315731670e+00 -5.855910452820802803e+00
-1.580968096809681089e+00 -5.854383569185384495e+00
-1.580363036303630508e+00 -5.852856797749915074e+00
-1.579757975797579928e+00 -5.851330138514397206e+00
-1.579152915291529347e+00 -5.849803591478830889e+00
-1.578547854785478766e+00 -5.848277156643213459e+00
-1.577942794279428185e+00 -5.846750834007546693e+00
-1.577337733773377604e+00 -5.845224623571831479e+00
-1.576732673267327023e+00 -5.843698525336066041e+00
-1.576127612761276442e+00 -5.842172539300253042e+00
-1.575522552255225861e+00 -5.840646665464388931e+00
-1.574917491749175280e+00 -5.839120903828475484e+00
-1.574312431243124699e+00 -5.837595254392512700e+00
-1.573707370737074118e+00 -5.836069717156500580e+00
-1.573102310231023537e+00 -5.834544292120439124e+00
-1.572497249724972956e+00 -5.833018979284329220e+00
-1.571892189218921931e+00 -5.831493778648168202e+00
-1.571287128712871350e+00 -5.829968690211957849e+00
-1.570682068206820770e+00 -5.828443713975699048e+00
-1.570077007700770189e+00 -5.826918849939390910e+00
-1.569471947194719608e+00 -5.825394098103032547e+00
-1.568866886688669027e+00 -5.823869458466625737e+00
-1.568261826182618446e+00 -5.822344931030170478e+00
-1.567656765676567865e+00 -5.820820515793663219e+00
-1.567051705170517284e+00 -5.819296212757110176e+00
-1.566446644664466703e+00 -5.817772021920504244e+00
-1.565841584158416122e+00 -5.816247943283850752e+00
-1.565236523652365541e+00 -5.814723976847147036e+00
-1.564631463146314960e+00 -5.813200122610394871e+00
-1.564026402640264379e+00 -5.811676380573592482e+00
-1.563421342134213798e+00 -5.810152750736739868e+00
-1.562816281628163217e+00 -5.808629233099839695e+00
-1.562211221122112637e+00 -5.807105827662889297e+00
-1.561606160616062056e+00 -5.805582534425889563e+00
-1.561001100110011475e+00 -5.804059353388840492e+00
-1.560396039603960450e+00 -5.802536284551741197e+00
-1.559790979097909869e+00 -5.801013327914592566e+00
-1.559185918591859288e+00 -5.799490483477394598e+00
-1.558580858085808707e+00 -5.797967751240149070e+00
-1.557975797579758126e+00 -5.796445131202852430e+00
-1.557370737073707545e+00 -5.794922623365506453e+00
-1.556765676567656964e+00 -5.793400227728111140e+00
-1.556160616061606383e+00 -5.791877944290667379e+00
-1.555555555555555802e+00 -5.790355773053174282e+00
-1.554950495049505221e+00 -5.788833714015631848e+00
-1.554345434543454640e+00 -5.787311767178039190e+00
-1.553740374037404059e+00 -5.785789932540398084e+00
-1.553135313531353479e+00 -5.784268210102704977e+00
-1.552530253025302898e+00 -5.782746599864964310e+00
-1.551925192519252317e+00 -5.781225101827175195e+00
-1.551320132013201736e+00 -5.779703715989335855e+00
-1.550715071507151155e+00 -5.778182442351447179e+00
-1.550110011001100574e+00 -5.776661280913509167e+00
-1.549504950495049549e+00 -5.775140231675520042e+00
-1.548899889988998968e+00 -5.773619294637483357e+00
-1.548294829482948387e+00 -5.772098469799397336e+00
-1.547689768976897806e+00 -5.770577757161261090e+00
-1.547084708470847225e+00 -5.769057156723075508e+00
-1.546479647964796644e+00 -5.767536668484841478e+00
-1.545874587458746063e+00 -5.766016292446557223e+00
-1.545269526952695482e+00 -5.764496028608224520e+00
-1.544664466446644902e+00 -5.762975876969841593e+00
-1.544059405940594321e+00 -5.761455837531409330e+00
-1.543454345434543740e+00 -5.759935910292927730e+00
-1.542849284928493159e+00 -5.758416095254396794e+00
-1.542244224422442578e+00 -5.756896392415816521e+00
-1.541639163916391997e+00 -5.755376801777186913e+00
-1.541034103410341416e+00 -5.753857323338509744e+00
-1.540429042904290835e+00 -5.752337957099778798e+00
-1.539823982398240254e+00 -5.750818703061002068e+00
-1.539218921892189673e+00 -5.749299561222175114e+00
-1.538613861386139092e+00 -5.747780531583298824e+00
-1.538008800880088067e+00 -5.746261614144371421e+00
-1.537403740374037486e+00 -5.744742808905395570e+00
-1.536798679867986905e+00 -5.743224115866370383e+00
-1.536193619361936324e+00 -5.741705535027297636e+00
-1.535588558855885744e+00 -5.740187066388172887e+00
-1.534983498349835163e+00 -5.738668709949001467e+00
-1.534378437843784582e+00 -5.737150465709778047e+00
-1.533773377337734001e+00 -5.735632333670506178e+00
-1.533168316831683420e+00 -5.734114313831185861e+00
-1.532563256325632839e+00 -5.732596406191815319e+00
-1.531958195819582258e+00 -5.731078610752394553e+00
-1.531353135313531677e+00 -5.729560927512925339e+00
-1.530748074807481096e+00 -5.728043356473407677e+00
-1.530143014301430515e+00 -5.726525897633838014e+00
-1.529537953795379934e+00 -5.725008550994221679e+00
-1.528932893289329353e+00 -5.723491316554555119e+00
-1.528327832783278772e+00 -5.721974194314838336e+00
-1.527722772277228191e+00 -5.720457184275072215e+00
-1.527117711771177166e+00 -5.718940286435255871e+00
-1.526512651265126586e+00 -5.717423500795391966e+00
-1.525907590759076005e+00 -5.715906827355478725e+00
-1.525302530253025424e+00 -5.714390266115516148e+00
-1.524697469746974843e+00 -5.712873817075502458e+00
-1.524092409240924262e+00 -5.711357480235440320e+00
-1.523487348734873681e+00 -5.709841255595330622e+00
-1.522882288228823100e+00 -5.708325143155168924e+00
-1.522277227722772519e+00 -5.706809142914958777e+00
-1.521672167216721938e+00 -5.705293254874698405e+00
-1.521067106710671357e+00 -5.703777479034389586e+00
-1.520462046204620776e+00 -5.702261815394030542e+00
-1.519856985698570195e+00 -5.700746263953623938e+00
-1.519251925192519614e+00 -5.699230824713167110e+00
-1.518646864686469034e+00 -5.697715497672659168e+00
-1.518041804180418453e+00 -5.696200282832104556e+00
-1.517436743674367872e+00 -5.694685180191498830e+00
-1.516831683168317291e+00 -5.693170189750844656e+00
-1.516226622662266710e+00 -5.691655311510140258e+00
-1.515621562156215685e+00 -5.690140545469386524e+00
-1.515016501650165104e+00 -5.688625891628582565e+00
-1.514411441144114523e+00 -5.687111349987730158e+00
-1.513806380638063942e+00 -5.685596920546829303e+00
-1.513201320132013361e+00 -5.684082603305879111e+00
-1.512596259625962780e+00 -5.682568398264876919e+00
-1.511991199119912199e+00 -5.681054305423827167e+00
-1.511386138613861618e+00 -5.679540324782728966e+00
-1.510781078107811037e+00 -5.678026456341579653e+00
-1.510176017601760456e+00 -5.676512700100381892e+00
-1.509570957095709876e+00 -5.674999056059134794e+00
-1.508965896589659295e+00 -5.673485524217838361e+00
-1.508360836083608714e+00 -5.671972104576490814e+00
-1.507755775577558133e+00 -5.670458797135097484e+00
-1.507150715071507552e+00 -5.668945601893652153e+00
-1.506545654565456971e+00 -5.667432518852157486e+00
-1.505940594059406390e+00 -5.665919548010612594e+00
-1.505335533553355809e+00 -5.664406689369021031e+00
-1.504730473047304784e+00 -5.662893942927377466e+00
-1.504125412541254203e+00 -5.661381308685684566e+00
-1.503520352035203622e+00 -5.659868786643942329e+00
-1.502915291529153041e+00 -5.658356376802153420e+00
-1.502310231023102460e+00 -5.656844079160312511e+00
-1.501705170517051879e+00 -5.655331893718424041e+00
-1.501100110011001298e+00 -5.653819820476483571e+00
-1.500495049504950718e+00 -5.652307859434496429e+00
-1.499889988998900137e+00 -5.650796010592458174e+00
-1.499284928492849556e+00 -5.649284273950371471e+00
-1.498679867986798975e+00 -5.647772649508236320e+00
-1.498074807480748394e+00 -5.646261137266049168e+00
-1.497469746974697813e+00 -5.644749737223815345e+00
-1.496864686468647232e+00 -5.643238449381529520e+00
-1.496259625962596651e+00 -5.641727273739196136e+00
-1.495654565456546070e+00 -5.640216210296811639e+00
-1.495049504950495489e+00 -5.638705259054379582e+00
-1.494444444444444908e+00 -5.637194420011898188e+00
-1.493839383938394327e+00 -5.635683693169364794e+00
-1.493234323432343302e+00 -5.634173078526782952e+00
-1.492629262926292721e+00 -5.632662576084154438e+00
-1.492024202420242140e+00 -5.631152185841473035e+00
-1.491419141914191560e+00 -5.629641907798745848e+00
-1.490814081408140979e+00 -5.628131741955966660e+00
-1.490209020902090398e+00 -5.626621688313139025e+00
-1.489603960396039817e+00 -5.625111746870262053e+00
-1.488998899889989236e+00 -5.623601917627334856e+00
-1.488393839383938655e+00 -5.622092200584358324e+00
-1.487788778877888074e+00 -5.620582595741332455e+00
-1.487183718371837493e+00 -5.619073103098258137e+00
-1.486578657865786912e+00 -5.617563722655133596e+00
-1.485973597359736331e+00 -5.616054454411961494e+00
-1.485368536853685750e+00 -5.614545298368736503e+00
-1.484763476347635169e+00 -5.613036254525464841e+00
-1.484158415841584588e+00 -5.611527322882142954e+00
-1.483553355335534008e+00 -5.610018503438772619e+00
-1.482948294829483427e+00 -5.608509796195351171e+00
-1.482343234323432402e+00 -5.607001201151879499e+00
-1.481738173817381821e+00 -5.605492718308361155e+00
-1.481133113311331240e+00 -5.603984347664793475e+00
-1.480528052805280659e+00 -5.602476089221173794e+00
-1.479922992299230078e+00 -5.600967942977507441e+00
-1.479317931793179497e+00 -5.599459908933789087e+00
-1.478712871287128916e+00 -5.597951987090024062e+00
-1.478107810781078335e+00 -5.596444177446208812e+00
-1.477502750275027754e+00 -5.594936480002342449e+00
-1.476897689768977173e+00 -5.593428894758428527e+00
-1.476292629262926592e+00 -5.591921421714464380e+00
-1.475687568756876011e+00 -5.590414060870451785e+00
-1.475082508250825430e+00 -5.588906812226388965e+00
-1.474477447744774850e+00 -5.587399675782276809e+00
-1.473872387238724269e+00 -5.585892651538114428e+00
-1.473267326732673688e+00 -5.584385739493904488e+00
-1.472662266226623107e+00 -5.582878939649643435e+00
-1.472057205720572526e+00 -5.581372252005334822e+00
-1.471452145214521945e+00 -5.579865676560975096e+00
-1.470847084708470920e+00 -5.578359213316566034e+00
-1.470242024202420339e+00 -5.576852862272107636e+00
-1.469636963696369758e+00 -5.575346623427600790e+00
-1.469031903190319177e+00 -5.573840496783044607e+00
-1.468426842684268596e+00 -5.572334482338439088e+00
-1.467821782178218015e+00 -5.570828580093782456e+00
-1.467216721672167434e+00 -5.569322790049078264e+00
-1.466611661166116853e+00 -5.567817112204323848e+00
-1.466006600660066272e+00 -5.566311546559520984e+00
-1.465401540154015692e+00 -5.564806093114667895e+00
-1.464796479647965111e+00 -5.563300751869765470e+00
-1.464191419141914530e+00 -5.561795522824813709e+00
-1.463586358635863949e+00 -5.560290405979812611e+00
-1.462981298129813368e+00 -5.558785401334763066e+00
-1.462376237623762787e+00 -5.557280508889660631e+00
-1.461771177117712206e+00 -5.555775728644514189e+00
-1.461166116611661625e+00 -5.554271060599314858e+00
-1.460561056105611044e+00 -5.552766504754065302e+00
-1.459955995599560019e+00 -5.551262061108768187e+00
-1.459350935093509438e+00 -5.549757729663421735e+00
-1.458745874587458857e+00 -5.548253510418025058e+00
-1.458140814081408276e+00 -5.546749403372579934e+00
-1.457535753575357695e+00 -5.545245408527083697e+00
-1.456930693069307114e+00 -5.543741525881539900e+00
-1.456325632563256534e+00 -5.542237755435946767e+00
-1.455720572057205953e+00 -5.540734097190303409e+00
-1.455115511551155372e+00 -5.539230551144610715e+00
-1.454510451045104791e+00 -5.537727117298869572e+00
-1.453905390539054210e+00 -5.536223795653077318e+00
-1.453300330033003629e+00 -5.534720586207235726e+00
-1.452695269526953048e+00 -5.533217488961346575e+00
-1.452090209020902467e+00 -5.531714503915408088e+00
-1.451485148514851886e+00 -5.530211631069417599e+00
-1.450880088008801305e+00 -5.528708870423380439e+00
-1.450275027502750724e+00 -5.527206221977291278e+00
-1.449669966996700143e+00 -5.525703685731156334e+00
-1.449064906490649118e+00 -5.524201261684967612e+00
-1.448459845984598537e+00 -5.522698949838731330e+00
-1.447854785478547957e+00 -5.521196750192446601e+00
-1.447249724972497376e+00 -5.519694662746113423e+00
-1.446644664466446795e+00 -5.518192687499726468e+00
-1.446039603960396214e+00 -5.516690824453294617e+00
-1.445434543454345633e+00 -5.515189073606811654e+00
-1.444829482948295052e+00 -5.513687434960280243e+00
-1.444224422442244471e+00 -5.512185908513697719e+00
-1.443619361936193890e+00 -5.510684494267066746e+00
-1.443014301430143309e+00 -5.509183192220386438e+00
-1.442409240924092728e+00 -5.507682002373657681e+00
-1.441804180418042147e+00 -5.506180924726877812e+00
-1.441199119911991566e+00 -5.504679959280048607e+00
-1.440594059405940985e+00 -5.503179106033170953e+00
-1.439988998899890404e+00 -5.501678364986243075e+00
-1.439383938393839824e+00 -5.500177736139266749e+00
-1.438778877887789243e+00 -5.498677219492241086e+00
-1.438173817381738662e+00 -5.497176815045166087e+00
-1.437568756875687637e+00 -5.495676522798039976e+00
-1.436963696369637056e+00 -5.494176342750865416e+00
-1.436358635863586475e+00 -5.492676274903641520e+00
-1.435753575357535894e+00 -5.491176319256369176e+00
-1.435148514851485313e+00 -5.489676475809044831e+00
-1.434543454345434732e+00 -5.488176744561674703e+00
-1.433938393839384151e+00 -5.486677125514253461e+00
-1.433333333333333570e+00 -5.485177618666782884e+00
-1.432728272827282989e+00 -5.483678224019262970e+00
-1.432123212321232408e+00 -5.482178941571692832e+00
-1.431518151815181827e+00 -5.480679771324074245e+00
-1.430913091309131246e+00 -5.479180713276406323e+00
-1.430308030803080666e+00 -5.477681767428688175e+00
-1.429702970297030085e+00 -5.476182933780921580e+00
-1.429097909790979504e+00 -5.474684212333105648e+00
-1.428492849284928923e+00 -5.473185603085239492e+00
-1.427887788778878342e+00 -5.471687106037324000e+00
-1.427282728272827761e+00 -5.470188721189359171e+00
-1.426677667766776736e+00 -5.468690448541345006e+00
-1.426072607260726155e+00 -5.467192288093280617e+00
-1.425467546754675574e+00 -5.465694239845167779e+00
-1.424862486248624993e+00 -5.464196303797006493e+00
-1.424257425742574412e+00 -5.462698479948795871e+00
-1.423652365236523831e+00 -5.461200768300534136e+00
-1.423047304730473250e+00 -5.459703168852223953e+00
-1.422442244224422669e+00 -5.458205681603864434e+00
-1.421837183718372088e+00 -5.456708306555455579e+00
-1.421232123212321508e+00 -5.455211043706995611e+00
-1.420627062706270927e+00 -5.453713893058488971e+00
-1.420022002200220346e+00 -5.452216854609931218e+00
-1.419416941694169765e+00 -5.450719928361325017e+00
-1.418811881188119184e+00 -5.449223114312669480e+00
-1.418206820682068603e+00 -5.447726412463964607e+00
-1.417601760176018022e+00 -5.446229822815208621e+00
-1.416996699669967441e+00 -5.444733345366405075e+00
-1.416391639163916860e+00 -5.443236980117551305e+00
-1.415786578657866279e+00 -5.441740727068648198e+00
-1.415181518151815254e+00 -5.440244586219694867e+00
-1.414576457645764673e+00 -5.438748557570693087e+00
-1.413971397139714092e+00 -5.437252641121642860e+00
-1.413366336633663511e+00 -5.435756836872541520e+00
-1.412761276127612931e+00 -5.434261144823392620e+00
-1.412156215621562350e+00 -5.432765564974192607e+00
-1.411551155115511769e+00 -5.431270097324944146e+00
-1.410946094609461188e+00 -5.429774741875645461e+00
-1.410341034103410607e+00 -5.428279498626298327e+00
-1.409735973597360026e+00 -5.426784367576901857e+00
-1.409130913091309445e+00 -5.425289348727454275e+00
-1.408525852585258864e+00 -5.423794442077960021e+00
-1.407920792079208283e+00 -5.422299647628413766e+00
-1.407315731573157702e+00 -5.420804965378819062e+00
-1.406710671067107121e+00 -5.419310395329175911e+00
-1.406105610561056540e+00 -5.417815937479482535e+00
-1.405500550055005959e+00 -5.416321591829740711e+00
-1.404895489548955378e+00 -5.414827358379948663e+00
-1.404290429042904353e+00 -5.413333237130105502e+00
-1.403685368536853773e+00 -5.411839228080214781e+00
-1.403080308030803192e+00 -5.410345331230274724e+00
-1.402475247524752611e+00 -5.408851546580284442e+00
-1.401870187018702030e+00 -5.407357874130245712e+00
-1.401265126512651449e+00 -5.405864313880157646e+00
-1.400660066006600868e+00 -5.404370865830021131e+00
-1.400055005500550287e+00 -5.402877529979833504e+00
-1.399449944994499706e+00 -5.401384306329596541e+00
-1.398844884488449125e+00 -5.399891194879309353e+00
-1.398239823982398544e+00 -5.398398195628976381e+00
-1.397634763476347963e+00 -5.396905308578590521e+00
-1.397029702970297382e+00 -5.395412533728156212e+00
-1.396424642464246801e+00 -5.393919871077672568e+00
-1.395819581958196220e+00 -5.392427320627141363e+00
-1.395214521452145640e+00 -5.390934882376557269e+00
-1.394609460946095059e+00 -5.389442556325926503e+00
-1.394004400440044478e+00 -5.387950342475244625e+00
-1.393399339933993897e+00 -5.386458240824514299e+00
-1.392794279427942872e+00 -5.384966251373733748e+00
-1.392189218921892291e+00 -5.383474374122904749e+00
-1.391584158415841710e+00 -5.381982609072026413e+00
-1.390979097909791129e+00 -5.380490956221097854e+00
-1.390374037403740548e+00 -5.378999415570120846e+00
-1.389768976897689967e+00 -5.377507987119094501e+00
-1.389163916391639386e+00 -5.376016670868017933e+00
-1.388558855885588805e+00 -5.374525466816892028e+00
-1.387953795379538224e+00 -5.373034374965717674e+00
-1.387348734873487643e+00 -5.371543395314493097e+00
-1.386743674367437063e+00 -5.370052527863220071e+00
-1.386138613861386482e+00 -5.368561772611895933e+00
-1.385533553355335901e+00 -5.367071129560524234e+00
-1.384928492849285320e+00 -5.365580598709102311e+00
-1.384323432343234739e+00 -5.364090180057631940e+00
-1.383718371837184158e+00 -5.362599873606109568e+00
-1.383113311331133577e+00 -5.361109679354539637e+00
-1.382508250825082996e+00 -5.359619597302921257e+00
-1.381903190319031971e+00 -5.358129627451250876e+00
-1.381298129812981390e+00 -5.356639769799532047e+00
-1.380693069306930809e+00 -5.355150024347765658e+00
-1.380088008800880228e+00 -5.353660391095947269e+00
-1.379482948294829647e+00 -5.352170870044081319e+00
-1.378877887788779066e+00 -5.350681461192165145e+00
-1.378272827282728485e+00 -5.349192164540200523e+00
-1.377667766776677905e+00 -5.347702980088186564e+00
-1.377062706270627324e+00 -5.346213907836121493e+00
-1.376457645764576743e+00 -5.344724947784008862e+00
-1.375852585258526162e+00 -5.343236099931845118e+00
-1.375247524752475581e+00 -5.341747364279633814e+00
-1.374642464246425000e+00 -5.340258740827371398e+00
-1.374037403740374419e+00 -5.338770229575061421e+00
-1.373432343234323838e+00 -5.337281830522700332e+00
-1.372827282728273257e+00 -5.335793543670290795e+00
-1.372222222222222676e+00 -5.334305369017831921e+00
-1.371617161716172095e+00 -5.332817306565322824e+00
-1.371012101210121514e+00 -5.331329356312766166e+00
-1.370407040704070489e+00 -5.329841518260157507e+00
-1.369801980198019908e+00 -5.328353792407500400e+00
-1.369196919691969327e+00 -5.326866178754793957e+00
-1.368591859185918747e+00 -5.325378677302038177e+00
-1.367986798679868166e+00 -5.323891288049234838e+00
-1.367381738173817585e+00 -5.322404010996380386e+00
-1.366776677667767004e+00 -5.320916846143475709e+00
-1.366171617161716423e+00 -5.319429793490522584e+00
-1.365566556655665842e+00 -5.317942853037520123e+00
-1.364961496149615261e+00 -5.316456024784469214e+00
-1.364356435643564680e+00 -5.314969308731368969e+00
-1.363751375137514099e+00 -5.313482704878216722e+00
-1.363146314631463518e+00 -5.311996213225016916e+00
-1.362541254125412937e+00 -5.310509833771766885e+00
-1.361936193619362356e+00 -5.309023566518468407e+00
-1.361331133113311775e+00 -5.307537411465120591e+00
-1.360726072607261194e+00 -5.306051368611723440e+00
-1.360121012101210614e+00 -5.304565437958276064e+00
-1.359515951595159589e+00 -5.303079619504778464e+00
-1.358910891089109008e+00 -5.301593913251232415e+00
-1.358305830583058427e+00 -5.300108319197637030e+00
-1.357700770077007846e+00 -5.298622837343993197e+00
-1.357095709570957265e+00 -5.297137467690300028e+00
-1.356490649064906684e+00 -5.295652210236556634e+00
-1.355885588558856103e+00 -5.294167064982763904e+00
-1.355280528052805522e+00 -5.292682031928921838e+00
-1.354675467546754941e+00 -5.291197111075029547e+00
-1.354070407040704360e+00 -5.289712302421089696e+00
-1.353465346534653779e+00 -5.288227605967098732e+00
-1.352860286028603198e+00 -5.286743021713059321e+00
-1.352255225522552617e+00 -5.285258549658970573e+00
-1.351650165016502037e+00 -5.283774189804832488e+00
-1.351045104510451456e+00 -5.282289942150644180e+00
-1.350440044004400875e+00 -5.280805806696408311e+00
-1.349834983498350294e+00 -5.279321783442120442e+00
-1.349229922992299713e+00 -5.277837872387785012e+00
-1.348624862486248688e+00 -5.276354073533397582e+00
-1.348019801980198107e+00 -5.274870386878964368e+00
-1.347414741474147526e+00 -5.273386812424478265e+00
-1.346809680968096945e+00 -5.271903350169945490e+00
-1.346204620462046364e+00 -5.270420000115363379e+00
-1.345599559955995783e+00 -5.268936762260730156e+00
-1.344994499449945202e+00 -5.267453636606050260e+00
-1.344389438943894621e+00 -5.265970623151318364e+00
-1.343784378437844040e+00 -5.264487721896538019e+00
-1.343179317931793459e+00 -5.263004932841707451e+00
-1.342574257425742879e+00 -5.261522255986828434e+00
-1.341969196919692298e+00 -5.260039691331899192e+00
-1.341364136413641717e+00 -5.258557238876921502e+00
-1.340759075907591136e+00 -5.257074898621894476e+00
-1.340154015401540555e+00 -5.255592670566817226e+00
-1.339548954895489974e+00 -5.254110554711690639e+00
-1.338943894389439393e+00 -5.252628551056516493e+00
-1.338338833883388812e+00 -5.251146659601290345e+00
-1.337733773377338231e+00 -5.249664880346015750e+00
-1.337128712871287206e+00 -5.248183213290690929e+00
-1.336523652365236625e+00 -5.246701658435318549e+00
-1.335918591859186044e+00 -5.245220215779895057e+00
-1.335313531353135463e+00 -5.243738885324424004e+00
-1.334708470847084882e+00 -5.242257667068902727e+00
-1.334103410341034301e+00 -5.240776561013332113e+00
-1.333498349834983721e+00 -5.239295567157711275e+00
-1.332893289328933140e+00 -5.237814685502042877e+00
-1.332288228822882559e+00 -5.236333916046323367e+00
-1.331683168316831978e+00 -5.234853258790554520e+00
-1.331078107810781397e+00 -5.233372713734737225e+00
-1.330473047304730816e+00 -5.231892280878870594e+00
-1.329867986798680235e+00 -5.230411960222953738e+00
-1.329262926292629654e+00 -5.228931751766987546e+00
-1.328657865786579073e+00 -5.227451655510972017e+00
-1.328052805280528492e+00 -5.225971671454908041e+00
-1.327447744774477911e+00 -5.224491799598793840e+00
-1.326842684268427330e+00 -5.223012039942630302e+00
-1.326237623762376305e+00 -5.221532392486416541e+00
-1.325632563256325724e+00 -5.220052857230154331e+00
-1.325027502750275143e+00 -5.218573434173841896e+00
-1.324422442244224563e+00 -5.217094123317482790e+00
-1.323817381738173982e+00 -5.215614924661071683e+00
-1.323212321232123401e+00 -5.214135838204610351e+00
-1.322607260726072820e+00 -5.212656863948103236e+00
-1.322002200220022239e+00 -5.211178001891544120e+00
-1.321397139713971658e+00 -5.209699252034935668e+00
-1.320792079207921077e+00 -5.208220614378279656e+00
-1.320187018701870496e+00 -5.206742088921571643e+00
-1.319581958195819915e+00 -5.205263675664816070e+00
-1.318976897689769334e+00 -5.203785374608010272e+00
-1.318371837183718753e+00 -5.202307185751155139e+00
-1.317766776677668172e+00 -5.200829109094251557e+00
-1.317161716171617591e+00 -5.199351144637297750e+00
-1.316556655665567011e+00 -5.197873292380293719e+00
-1.315951595159516430e+00 -5.196395552323241240e+00
-1.315346534653465849e+00 -5.194917924466140313e+00
-1.314741474147414824e+00 -5.193440408808988273e+00
-1.314136413641364243e+00 -5.191963005351786897e+00
-1.313531353135313662e+00 -5.190485714094537073e+00
-1.312926292629263081e+00 -5.189008535037237024e+00
-1.312321232123212500e+00 -5.187531468179889416e+00
-1.311716171617161919e+00 -5.186054513522489806e+00
-1.311111111111111338e+00 -5.184577671065043525e+00
-1.310506050605060757e+00 -5.183100940807546131e+00
-1.309900990099010176e+00 -5.181624322749999401e+00
-1.309295929592959595e+00 -5.180147816892404222e+00
-1.308690869086909014e+00 -5.178671423234758819e+00
-1.308085808580858433e+00 -5.177195141777064080e+00
-1.307480748074807853e+00 -5.175718972519320893e+00
-1.306875687568757272e+00 -5.174242915461526593e+00
-1.306270627062706691e+00 -5.172766970603684733e+00
-1.305665566556656110e+00 -5.171291137945791760e+00
-1.305060506050605529e+00 -5.169815417487850340e+00
-1.304455445544554948e+00 -5.168339809229860471e+00
-1.303850385038503923e+00 -5.166864313171817713e+00
-1.303245324532453342e+00 -5.165388929313728283e+00
-1.302640264026402761e+00 -5.163913657655590406e+00
-1.302035203520352180e+00 -5.162438498197402303e+00
-1.301430143014301599e+00 -5.160963450939163977e+00
-1.300825082508251018e+00 -5.159488515880877202e+00
-1.300220022002200437e+00 -5.158013693022540203e+00
-1.299614961496149856e+00 -5.156538982364153867e+00
-1.299009900990099275e+00 -5.155064383905717307e+00
-1.298404840484048695e+00 -5.153589897647233187e+00
-1.297799779977998114e+00 -5.152115523588698842e+00
-1.297194719471947533e+00 -5.150641261730115161e+00
-1.296589658965896952e+00 -5.149167112071482144e+00
-1.295984598459846371e+00 -5.147693074612800679e+00
-1.295379537953795790e+00 -5.146219149354067213e+00
-1.294774477447745209e+00 -5.144745336295287963e+00
-1.294169416941694628e+00 -5.143271635436456712e+00
-1.293564356435644047e+00 -5.141798046777577902e+00
-1.292959295929593466e+00 -5.140324570318647091e+00
-1.292354235423542441e+00 -5.138851206059667831e+00
-1.291749174917491860e+00 -5.137377954000639235e+00
-1.291144114411441279e+00 -5.135904814141561303e+00
-1.290539053905390698e+00 -5.134431786482434923e+00
-1.289933993399340117e+00 -5.132958871023259206e+00
-1.289328932893289537e+00 -5.131486067764034154e+00
-1.288723872387238956e+00 -5.130013376704758876e+00
-1.288118811881188375e+00 -5.128540797845433374e+00
-1.287513751375137794e+00 -5.127068331186061201e+00
-1.286908690869087213e+00 -5.125595976726637026e+00
-1.286303630363036632e+00 -5.124123734467164404e+00
-1.285698569856986051e+00 -5.122651604407641557e+00
-1.285093509350935470e+00 -5.121179586548070262e+00
-1.284488448844884889e+00 -5.119707680888449630e+00
-1.283883388338834308e+00 -5.118235887428779662e+00
-1.283278327832783727e+00 -5.116764206169060358e+00
-1.282673267326733146e+00 -5.115292637109290830e+00
-1.282068206820682565e+00 -5.113821180249472853e+00
-1.281463146314631540e+00 -5.112349835589604652e+00
-1.280858085808580960e+00 -5.110878603129686226e+00
-1.280253025302530379e+00 -5.109407482869720241e+00
-1.279647964796479798e+00 -5.107936474809704031e+00
-1.279042904290429217e+00 -5.106465578949638484e+00
-1.278437843784378636e+00 -5.104994795289524490e+00
-1.277832783278328055e+00 -5.103524123829360271e+00
-1.277227722772277474e+00 -5.102053564569146715e+00
-1.276622662266226893e+00 -5.100583117508883824e+00
-1.276017601760176312e+00 -5.099112782648571596e+00
-1.275412541254125731e+00 -5.097642559988210031e+00
-1.274807480748075150e+00 -5.096172449527799131e+00
-1.274202420242024569e+00 -5.094702451267338006e+00
-1.273597359735973988e+00 -5.093232565206829321e+00
-1.272992299229923407e+00 -5.091762791346269523e+00
-1.272387238723872827e+00 -5.090293129685660389e+00
-1.271782178217822246e+00 -5.088823580225002807e+00
-1.271177117711771665e+00 -5.087354142964295001e+00
-1.270572057205721084e+00 -5.085884817903538746e+00
-1.269966996699670059e+00 -5.084415605042731379e+00
-1.269361936193619478e+00 -5.082946504381875563e+00
-1.268756875687568897e+00 -5.081477515920971300e+00
-1.268151815181518316e+00 -5.080008639660016811e+00
-1.267546754675467735e+00 -5.078539875599012987e+00
-1.266941694169417154e+00 -5.077071223737959826e+00
-1.266336633663366573e+00 -5.075602684076857329e+00
-1.265731573157315992e+00 -5.074134256615705496e+00
-1.265126512651265411e+00 -5.072665941354504326e+00
-1.264521452145214830e+00 -5.071197738293252932e+00
-1.263916391639164249e+00 -5.069729647431953978e+00
-1.263311331133113669e+00 -5.068261668770603912e+00
-1.262706270627063088e+00 -5.066793802309205397e+00
-1.262101210121012507e+00 -5.065326048047757546e+00
-1.261496149614961926e+00 -5.063858405986258582e+00
-1.260891089108911345e+00 -5.062390876124712058e+00
-1.260286028602860764e+00 -5.060923458463115310e+00
-1.259680968096810183e+00 -5.059456153001469225e+00
-1.259075907590759158e+00 -5.057988959739773804e+00
-1.258470847084708577e+00 -5.056521878678028159e+00
-1.257865786578657996e+00 -5.055054909816234954e+00
-1.257260726072607415e+00 -5.053588053154391524e+00
-1.256655665566556834e+00 -5.052121308692498758e+00
-1.256050605060506253e+00 -5.050654676430556655e+00
-1.255445544554455672e+00 -5.049188156368564329e+00
-1.254840484048405091e+00 -5.047721748506523554e+00
-1.254235423542354511e+00 -5.046255452844433442e+00
-1.253630363036303930e+00 -5.044789269382293995e+00
-1.253025302530253349e+00 -5.043323198120104323e+00
-1.252420242024202768e+00 -5.041857239057867979e+00
-1.251815181518152187e+00 -5.040391392195577858e+00
-1.251210121012101606e+00 -5.038925657533241953e+00
-1.250605060506051025e+00 -5.037460035070853159e+00
-1.250000000000000444e+00 -5.035994524808418582e+00
-1.249394939493949863e+00 -5.034529126745932892e+00
-1.248789878987899282e+00 -5.033063840883397866e+00
-1.248184818481848701e+00 -5.031598667220813503e+00
-1.247579757975797676e+00 -5.030133605758179804e+00
-1.246974697469747095e+00 -5.028668656495495881e+00
-1.246369636963696514e+00 -5.027203819432763510e+00
-1.245764576457645934e+00 -5.025739094569981802e+00
-1.245159515951595353e+00 -5.024274481907150758e+00
-1.244554455445544772e+00 -5.022809981444269489e+00
-1.243949394939494191e+00 -5.021345593181339773e+00
-1.243344334433443610e+00 -5.019881317118361608e+00
-1.242739273927393029e+00 -5.018417153255331442e+00
-1.242134213421342448e+00 -5.016953101592254605e+00
-1.241529152915291867e+00 -5.015489162129125766e+00
-1.240924092409241286e+00 -5.014025334865949368e+00
-1.240319031903190705e+00 -5.012561619802722745e+00
-1.239713971397140124e+00 -5.011098016939447675e+00
-1.239108910891089543e+00 -5.009634526276122379e+00
-1.238503850385038962e+00 -5.008171147812746860e+00
-1.237898789878988381e+00 -5.006707881549322892e+00
-1.237293729372937801e+00 -5.005244727485850476e+00
-1.236688668866886776e+00 -5.003781685622326947e+00
-1.236083608360836195e+00 -5.002318755958754970e+00
-1.235478547854785614e+00 -5.000855938495132769e+00
-1.234873487348735033e+00 -4.999393233231463007e+00
-1.234268426842684452e+00 -4.997930640167742133e+00
-1.233663366336633871e+00 -4.996468159303972811e+00
-1.233058305830583290e+00 -4.995005790640153265e+00
-1.232453245324532709e+00 -4.993543534176284382e+00
-1.231848184818482128e+00 -4.992081389912367051e+00
-1.231243124312431547e+00 -4.990619357848399495e+00
-1.230638063806380966e+00 -4.989157437984383492e+00
-1.230033003300330385e+00 -4.987695630320317264e+00
-1.229427942794279804e+00 -4.986233934856202588e+00
-1.228822882288229223e+00 -4.984772351592037687e+00
-1.228217821782178643e+00 -4.983310880527823450e+00
-1.227612761276128062e+00 -4.981849521663558988e+00
-1.227007700770077481e+00 -4.980388274999247855e+00
-1.226402640264026900e+00 -4.978927140534883833e+00
-1.225797579757975875e+00 -4.977466118270471362e+00
-1.225192519251925294e+00 -4.976005208206010444e+00
-1.224587458745874713e+00 -4.974544410341500189e+00
-1.223982398239824132e+00 -4.973083724676939710e+00
-1.223377337733773551e+00 -4.971623151212330782e+00
-1.222772277227722970e+00 -4.970162689947671630e+00
-1.222167216721672389e+00 -4.968702340882964918e+00
-1.221562156215621808e+00 -4.967242104018206206e+00
-1.220957095709571227e+00 -4.965781979353399933e+00
-1.220352035203520646e+00 -4.964321966888544324e+00
-1.219746974697470066e+00 -4.962862066623637602e+00
-1.219141914191419485e+00 -4.961402278558683321e+00
-1.218536853685368904e+00 -4.959942602693678815e+00
-1.217931793179318323e+00 -4.958483039028624972e+00
-1.217326732673267742e+00 -4.957023587563520906e+00
-1.216721672167217161e+00 -4.955564248298369279e+00
-1.216116611661166580e+00 -4.954105021233166539e+00
-1.215511551155115999e+00 -4.952645906367916240e+00
-1.214906490649065418e+00 -4.951186903702614828e+00
-1.214301430143014393e+00 -4.949728013237263191e+00
-1.213696369636963812e+00 -4.948269234971863995e+00
-1.213091309130913231e+00 -4.946810568906415462e+00
-1.212486248624862650e+00 -4.945352015040916704e+00
-1.211881188118812069e+00 -4.943893573375369499e+00
-1.211276127612761488e+00 -4.942435243909772069e+00
-1.210671067106710908e+00 -4.940977026644125303e+00
-1.210066006600660327e+00 -4.939518921578430088e+00
-1.209460946094609746e+00 -4.938060928712684650e+00
-1.208855885588559165e+00 -4.936603048046890763e+00
-1.208250825082508584e+00 -4.935145279581045763e+00
-1.207645764576458003e+00 -4.933687623315153203e+00
-1.207040704070407422e+00 -4.932230079249210419e+00
-1.206435643564356841e+00 -4.930772647383218299e+00
-1.205830583058306260e+00 -4.929315327717175066e+00
-1.205225522552255679e+00 -4.927858120251084273e+00
-1.204620462046205098e+00 -4.926401024984945032e+00
-1.204015401540154517e+00 -4.924944041918753790e+00
-1.203410341034103492e+00 -4.923487171052514100e+00
-1.202805280528052911e+00 -4.922030412386225962e+00
-1.202200220022002330e+00 -4.920573765919888487e+00
-1.201595159515951750e+00 -4.919117231653500788e+00
-1.200990099009901169e+00 -4.917660809587063753e+00
-1.200385038503850588e+00 -4.916204499720576493e+00
-1.199779977997800007e+00 -4.914748302054041673e+00
-1.199174917491749426e+00 -4.913292216587457517e+00
-1.198569856985698845e+00 -4.911836243320822248e+00
-1.197964796479648264e+00 -4.910380382254138532e+00
-1.197359735973597683e+00 -4.908924633387407255e+00
-1.196754675467547102e+00 -4.907468996720623977e+00
-1.196149614961496521e+00 -4.906013472253792251e+00
-1.195544554455445940e+00 -4.904558059986910301e+00
-1.194939493949395359e+00 -4.903102759919979903e+00
-1.194334433443344778e+00 -4.901647572053000168e+00
-1.193729372937294197e+00 -4.900192496385971097e+00
-1.193124312431243617e+00 -4.898737532918891802e+00
-1.192519251925193036e+00 -4.897282681651763170e+00
-1.191914191419142011e+00 -4.895827942584584314e+00
-1.191309130913091430e+00 -4.894373315717357009e+00
-1.190704070407040849e+00 -4.892918801050080368e+00
-1.190099009900990268e+00 -4.891464398582756168e+00
-1.189493949394939687e+00 -4.890010108315380855e+00
-1.188888888888889106e+00 -4.888555930247955317e+00
-1.188283828382838525e+00 -4.887101864380482219e+00
-1.187678767876787944e+00 -4.885647910712958897e+00
-1.187073707370737363e+00 -4.884194069245386238e+00
-1.186468646864686782e+00 -4.882740339977763355e+00
-1.185863586358636201e+00 -4.881286722910092024e+00
-1.185258525852585620e+00 -4.879833218042371357e+00
-1.184653465346535040e+00 -4.878379825374600465e+00
-1.184048404840484459e+00 -4.876926544906782013e+00
-1.183443344334433878e+00 -4.875473376638911560e+00
-1.182838283828383297e+00 -4.874020320570994436e+00
-1.182233223322332716e+00 -4.872567376703026198e+00
-1.181628162816282135e+00 -4.871114545035009513e+00
-1.181023102310231110e+00 -4.869661825566941715e+00
-1.180418041804180529e+00 -4.868209218298825469e+00
-1.179812981298129948e+00 -4.866756723230659887e+00
-1.179207920792079367e+00 -4.865304340362444968e+00
-1.178602860286028786e+00 -4.863852069694180713e+00
-1.177997799779978205e+00 -4.862399911225867122e+00
-1.177392739273927624e+00 -4.860947864957504194e+00
-1.176787678767877043e+00 -4.859495930889091042e+00
-1.176182618261826462e+00 -4.858044109020629442e+00
-1.175577557755775882e+00 -4.856592399352118505e+00
-1.174972497249725301e+00 -4.855140801883557344e+00
-1.174367436743674720e+00 -4.853689316614947735e+00
-1.173762376237624139e+00 -4.852237943546287902e+00
-1.173157315731573558e+00 -4.850786682677579620e+00
-1.172552255225522977e+00 -4.849335534008822002e+00
-1.171947194719472396e+00 -4.847884497540014159e+00
-1.171342134213421815e+00 -4.846433573271157869e+00
-1.170737073707371234e+00 -4.844982761202250465e+00
-1.170132013201320653e+00 -4.843532061333295502e+00
-1.169526952695269628e+00 -4.842081473664289426e+00
-1.168921892189219047e+00 -4.840630998195234014e+00
-1.168316831683168466e+00 -4.839180634926131042e+00
-1.167711771177117885e+00 -4.837730383856977845e+00
-1.167106710671067304e+00 -4.836280244987774424e+00
-1.166501650165016724e+00 -4.834830218318522554e+00
-1.165896589658966143e+00 -4.833380303849221349e+00
-1.165291529152915562e+00 -4.831930501579870807e+00
-1.164686468646864981e+00 -4.830480811510470929e+00
-1.164081408140814400e+00 -4.829031233641021714e+00
-1.163476347634763819e+00 -4.827581767971522275e+00
-1.162871287128713238e+00 -4.826132414501973500e+00
-1.162266226622662657e+00 -4.824683173232376276e+00
-1.161661166116612076e+00 -4.823234044162728829e+00
-1.161056105610561495e+00 -4.821785027293032044e+00
-1.160451045104510914e+00 -4.820336122623285924e+00
-1.159845984598460333e+00 -4.818887330153492243e+00
-1.159240924092409752e+00 -4.817438649883645674e+00
-1.158635863586358727e+00 -4.815990081813751544e+00
-1.158030803080308146e+00 -4.814541625943807190e+00
-1.157425742574257566e+00 -4.813093282273815277e+00
-1.156820682068206985e+00 -4.811645050803772250e+00
-1.156215621562156404e+00 -4.810196931533680775e+00
-1.155610561056105823e+00 -4.808748924463539964e+00
-1.155005500550055242e+00 -4.807301029593349817e+00
-1.154400440044004661e+00 -4.805853246923109445e+00
-1.153795379537954080e+00 -4.804405576452819737e+00
-1.153190319031903499e+00 -4.802958018182481581e+00
-1.152585258525852918e+00 -4.801510572112093200e+00
-1.151980198019802337e+00 -4.800063238241655483e+00
-1.151375137513751756e+00 -4.798616016571169318e+00
-1.150770077007701175e+00 -4.797168907100633817e+00
-1.150165016501650594e+00 -4.795721909830047203e+00
-1.149559955995600014e+00 -4.794275024759413029e+00
-1.148954895489549433e+00 -4.792828251888728630e+00
-1.148349834983498852e+00 -4.791381591217994895e+00
-1.147744774477448271e+00 -4.789935042747211824e+00
-1.147139713971397246e+00 -4.788488606476378528e+00
-1.146534653465346665e+00 -4.787042282405495897e+00
-1.145929592959296084e+00 -4.785596070534564817e+00
-1.145324532453245503e+00 -4.784149970863584400e+00
-1.144719471947194922e+00 -4.782703983392554647e+00
-1.144114411441144341e+00 -4.781258108121473782e+00
-1.143509350935093760e+00 -4.779812345050345357e+00
-1.142904290429043179e+00 -4.778366694179167595e+00
-1.142299229922992598e+00 -4.776921155507939609e+00
-1.141694169416942017e+00 -4.775475729036662287e+00
-1.141089108910891436e+00 -4.774030414765335628e+00
-1.140484048404840856e+00 -4.772585212693960521e+00
-1.139878987898790275e+00 -4.771140122822534302e+00
-1.139273927392739694e+00 -4.769695145151059634e+00
-1.138668866886689113e+00 -4.768250279679536519e+00
-1.138063806380638532e+00 -4.766805526407963178e+00
-1.137458745874587951e+00 -4.765360885336339614e+00
-1.136853685368537370e+00 -4.763916356464668489e+00
-1.136248624862486345e+00 -4.762471939792945363e+00
-1.135643564356435764e+00 -4.761027635321174678e+00
-1.135038503850385183e+00 -4.759583443049353768e+00
-1.134433443344334602e+00 -4.758139362977484410e+00
-1.133828382838284021e+00 -4.756695395105564828e+00
-1.133223322332233440e+00 -4.755251539433596797e+00
-1.132618261826182859e+00 -4.753807795961579430e+00
-1.132013201320132278e+00 -4.752364164689511838e+00
-1.131408140814081698e+00 -4.750920645617394911e+00
-1.130803080308031117e+00 -4.749477238745228647e+00
-1.130198019801980536e+00 -4.748033944073013934e+00
-1.129592959295929955e+00 -4.746590761600748110e+00
-1.128987898789879374e+00 -4.745147691328433837e+00
-1.128382838283828793e+00 -4.743704733256070227e+00
-1.127777777777778212e+00 -4.742261887383658170e+00
-1.127172717271727631e+00 -4.740819153711195000e+00
-1.126567656765677050e+00 -4.739376532238683382e+00
-1.125962596259626469e+00 -4.737934022966122427e+00
-1.125357535753575444e+00 -4.736491625893510360e+00
-1.124752475247524863e+00 -4.735049341020849845e+00
-1.124147414741474282e+00 -4.733607168348140881e+00
-1.123542354235423701e+00 -4.732165107875381693e+00
-1.122937293729373120e+00 -4.730723159602574057e+00
-1.122332233223322540e+00 -4.729281323529716197e+00
-1.121727172717271959e+00 -4.727839599656809888e+00
-1.121122112211221378e+00 -4.726397987983853355e+00
-1.120517051705170797e+00 -4.724956488510846597e+00
-1.119911991199120216e+00 -4.723515101237792280e+00
-1.119306930693069635e+00 -4.722073826164687738e+00
-1.118701870187019054e+00 -4.720632663291532971e+00
-1.118096809680968473e+00 -4.719191612618330645e+00
-1.117491749174917892e+00 -4.717750674145078094e+00
-1.116886688668867311e+00 -4.716309847871775318e+00
-1.116281628162816730e+00 -4.714869133798424983e+00
-1.115676567656766149e+00 -4.713428531925023535e+00
-1.115071507150715568e+00 -4.711988042251572750e+00
-1.114466446644664988e+00 -4.710547664778074406e+00
-1.113861386138613963e+00 -4.709107399504524061e+00
-1.113256325632563382e+00 -4.707667246430924379e+00
-1.112651265126512801e+00 -4.706227205557278026e+00
-1.112046204620462220e+00 -4.704787276883580560e+00
-1.111441144114411639e+00 -4.703347460409832870e+00
-1.110836083608361058e+00 -4.701907756136037619e+00
-1.110231023102310477e+00 -4.700468164062191256e+00
-1.109625962596259896e+00 -4.699028684188296445e+00
-1.109020902090209315e+00 -4.697589316514353186e+00
-1.108415841584158734e+00 -4.696150061040359702e+00
-1.107810781078108153e+00 -4.694710917766316882e+00
-1.107205720572057572e+00 -4.693271886692224726e+00
-1.106600660066006991e+00 -4.691832967818082345e+00
-1.105995599559956410e+00 -4.690394161143891516e+00
-1.105390539053905830e+00 -4.688955466669651351e+00
-1.104785478547855249e+00 -4.687516884395360961e+00
-1.104180418041804668e+00 -4.686078414321022123e+00
-1.103575357535754087e+00 -4.684640056446633061e+00
-1.102970297029703062e+00 -4.683201810772193774e+00
-1.102365236523652481e+00 -4.681763677297706927e+00
-1.101760176017601900e+00 -4.680325656023169856e+00
-1.101155115511551319e+00 -4.678887746948583448e+00
-1.100550055005500738e+00 -4.677449950073947704e+00
-1.099944994499450157e+00 -4.676012265399262624e+00
-1.099339933993399576e+00 -4.674574692924528208e+00
-1.098734873487348995e+00 -4.673137232649744455e+00
-1.098129812981298414e+00 -4.671699884574911366e+00
-1.097524752475247833e+00 -4.670262648700028052e+00
-1.096919691969197252e+00 -4.668825525025097178e+00
-1.096314631463146672e+00 -4.667388513550115192e+00
-1.095709570957096091e+00 -4.665951614275084758e+00
-1.095104510451045510e+00 -4.664514827200004099e+00
-1.094499449944994929e+00 -4.663078152324874992e+00
-1.093894389438944348e+00 -4.661641589649695661e+00
-1.093289328932893767e+00 -4.660205139174466993e+00
-1.092684268426843186e+00 -4.658768800899189877e+00
-1.092079207920792605e+00 -4.657332574823862537e+00
-1.091474147414741580e+00 -4.655896460948484972e+00
-1.090869086908690999e+00 -4.654460459273058959e+00
-1.090264026402640418e+00 -4.653024569797584498e+00
-1.089658965896589837e+00 -4.651588792522058924e+00
-1.089053905390539256e+00 -4.650153127446484902e+00
-1.088448844884488675e+00 -4.648717574570861544e+00
-1.087843784378438095e+00 -4.647282133895188849e+00
-1.087238723872387514e+00 -4.645846805419466818e+00
-1.086633663366336933e+00 -4.644411589143695451e+00
-1.086028602860286352e+00 -4.642976485067874748e+00
-1.085423542354235771e+00 -4.641541493192003820e+00
-1.084818481848185190e+00 -4.640106613516083556e+00
-1.084213421342134609e+00 -4.638671846040114843e+00
-1.083608360836084028e+00 -4.637237190764095907e+00
-1.083003300330033447e+00 -4.635802647688027633e+00
-1.082398239823982866e+00 -4.634368216811910912e+00
-1.081793179317932285e+00 -4.632933898135743966e+00
-1.081188118811881704e+00 -4.631499691659527684e+00
-1.080583058305830679e+00 -4.630065597383261178e+00
-1.079977997799780098e+00 -4.628631615306946223e+00
-1.079372937293729517e+00 -4.627197745430582820e+00
-1.078767876787678937e+00 -4.625763987754168305e+00
-1.078162816281628356e+00 -4.624330342277705341e+00
-1.077557755775577775e+00 -4.622896809001193041e+00
-1.076952695269527194e+00 -4.621463387924630517e+00
-1.076347634763476613e+00 -4.620030079048019545e+00
-1.075742574257426032e+00 -4.618596882371359236e+00
-1.075137513751375451e+00 -4.617163797894649591e+00
-1.074532453245324870e+00 -4.615730825617888833e+00
-1.073927392739274289e+00 -4.614297965541080515e+00
-1.073322332233223708e+00 -4.612865217664222861e+00
-1.072717271727173127e+00 -4.611432581987314983e+00
-1.072112211221122546e+00 -4.610000058510357768e+00
-1.071507150715071965e+00 -4.608567647233350328e+00
-1.070902090209021384e+00 -4.607135348156295329e+00
-1.070297029702970804e+00 -4.605703161279190105e+00
-1.069691969196920223e+00 -4.604271086602036434e+00
-1.069086908690869198e+00 -4.602839124124830761e+00
-1.068481848184818617e+00 -4.601407273847578416e+00
-1.067876787678768036e+00 -4.599975535770274959e+00
-1.067271727172717455e+00 -4.598543909892922166e+00
-1.066666666666666874e+00 -4.597112396215520924e+00
-1.066061606160616293e+00 -4.595680994738069458e+00
-1.065456545654565712e+00 -4.594249705460569544e+00
-1.064851485148515131e+00 -4.592818528383020293e+00
-1.064246424642464550e+00 -4.591387463505420818e+00
-1.063641364136413969e+00 -4.589956510827772895e+00
-1.063036303630363388e+00 -4.588525670350074748e+00
-1.062431243124312807e+00 -4.587094942072327264e+00
-1.061826182618262226e+00 -4.585664325994530444e+00
-1.061221122112211646e+00 -4.584233822116685175e+00
-1.060616061606161065e+00 -4.582803430438788794e+00
-1.060011001100110484e+00 -4.581373150960843965e+00
-1.059405940594059903e+00 -4.579942983682850688e+00
-1.058800880088009322e+00 -4.578512928604807186e+00
-1.058195819581958297e+00 -4.577082985726713460e+00
-1.057590759075907716e+00 -4.575653155048569509e+00
-1.056985698569857135e+00 -4.574223436570377999e+00
-1.056380638063806554e+00 -4.572793830292137152e+00
-1.055775577557755973e+00 -4.571364336213846968e+00
-1.055170517051705392e+00 -4.569934954335506561e+00
-1.054565456545654811e+00 -4.568505684657117705e+00
-1.053960396039604230e+00 -4.567076527178677736e+00
-1.053355335533553649e+00 -4.565647481900190208e+00
-1.052750275027503069e+00 -4.564218548821652455e+00
-1.052145214521452488e+00 -4.562789727943066254e+00
-1.051540154015401907e+00 -4.561361019264429828e+00
-1.050935093509351326e+00 -4.559932422785744066e+00
-1.050330033003300745e+00 -4.558503938507008968e+00
-1.049724972497250164e+00 -4.557075566428224533e+00
-1.049119911991199583e+00 -4.555647306549390763e+00
-1.048514851485149002e+00 -4.554219158870507655e+00
-1.047909790979098421e+00 -4.552791123391574324e+00
-1.047304730473047840e+00 -4.551363200112593432e+00
-1.046699669966996815e+00 -4.549935389033559652e+00
-1.046094609460946234e+00 -4.548507690154479199e+00
-1.045489548954895653e+00 -4.547080103475348523e+00
-1.044884488448845072e+00 -4.545652628996169398e+00
-1.044279427942794491e+00 -4.544225266716940936e+00
-1.043674367436743911e+00 -4.542798016637662251e+00
-1.043069306930693330e+00 -4.541370878758334229e+00
-1.042464246424642749e+00 -4.539943853078956870e+00
-1.041859185918592168e+00 -4.538516939599530176e+00
-1.041254125412541587e+00 -4.537090138320055033e+00
-1.040649064906491006e+00 -4.535663449240528777e+00
-1.040044004400440425e+00 -4.534236872360954962e+00
-1.039438943894389844e+00 -4.532810407681330034e+00
-1.038833883388339263e+00 -4.531384055201657546e+00
-1.038228822882288682e+00 -4.529957814921933945e+00
-1.037623762376238101e+00 -4.528531686842162785e+00
-1.037018701870187520e+00 -4.527105670962339623e+00
-1.036413641364136939e+00 -4.525679767282468902e+00
-1.035808580858085914e+00 -4.524253975802547956e+00
-1.035203520352035333e+00 -4.522828296522577673e+00
-1.034598459845984753e+00 -4.521402729442558055e+00
-1.033993399339934172e+00 -4.519977274562489988e+00
-1.033388338833883591e+00 -4.518551931882372585e+00
-1.032783278327833010e+00 -4.517126701402204070e+00
-1.032178217821782429e+00 -4.515701583121987106e+00
-1.031573157315731848e+00 -4.514276577041720806e+00
-1.030968096809681267e+00 -4.512851683161406058e+00
-1.030363036303630686e+00 -4.511426901481040197e+00
-1.029757975797580105e+00 -4.510002232000626776e+00
-1.029152915291529524e+00 -4.508577674720162243e+00
-1.028547854785478943e+00 -4.507153229639649261e+00
-1.027942794279428362e+00 -4.505728896759086943e+00
-1.027337733773377781e+00 -4.504304676078474401e+00
-1.026732673267327201e+00 -4.502880567597813410e+00
-1.026127612761276620e+00 -4.501456571317103084e+00
-1.025522552255226039e+00 -4.500032687236341644e+00
-1.024917491749175458e+00 -4.498608915355533533e+00
-1.024312431243124433e+00 -4.497185255674673421e+00
-1.023707370737073852e+00 -4.495761708193765749e+00
-1.023102310231023271e+00 -4.494338272912806964e+00
-1.022497249724972690e+00 -4.492914949831800620e+00
-1.021892189218922109e+00 -4.491491738950744050e+00
-1.021287128712871528e+00 -4.490068640269639033e+00
-1.020682068206820947e+00 -4.488645653788482903e+00
-1.020077007700770366e+00 -4.487222779507278325e+00
-1.019471947194719785e+00 -4.485800017426024411e+00
-1.018866886688669204e+00 -4.484377367544721160e+00
-1.018261826182618623e+00 -4.482954829863368573e+00
-1.017656765676568043e+00 -4.481532404381965762e+00
-1.017051705170517462e+00 -4.480110091100514502e+00
-1.016446644664466881e+00 -4.478687890019013906e+00
-1.015841584158416300e+00 -4.477265801137463086e+00
-1.015236523652365719e+00 -4.475843824455862929e+00
-1.014631463146315138e+00 -4.474421959974214325e+00
-1.014026402640264557e+00 -4.473000207692515495e+00
-1.013421342134213532e+00 -4.471578567610766441e+00
-1.012816281628162951e+00 -4.470157039728968940e+00
-1.012211221122112370e+00 -4.468735624047122990e+00
-1.011606160616061789e+00 -4.467314320565225927e+00
-1.011001100110011208e+00 -4.465893129283281304e+00
-1.010396039603960627e+00 -4.464472050201285569e+00
-1.009790979097910046e+00 -4.463051083319241386e+00
-1.009185918591859465e+00 -4.461630228637147866e+00
-1.008580858085808885e+00 -4.460209486155005010e+00
-1.007975797579758304e+00 -4.458788855872812817e+00
-1.007370737073707723e+00 -4.457368337790571289e+00
-1.006765676567657142e+00 -4.455947931908279536e+00
-1.006160616061606561e+00 -4.454527638225939334e+00
-1.005555555555555980e+00 -4.453107456743548909e+00
-1.004950495049505399e+00 -4.451687387461109147e+00
-1.004345434543454818e+00 -4.450267430378620936e+00
-1.003740374037404237e+00 -4.448847585496082502e+00
-1.003135313531353656e+00 -4.447427852813494731e+00
-1.002530253025302631e+00 -4.446008232330855847e+00
-1.001925192519252050e+00 -4.444588724048170292e+00
-1.001320132013201469e+00 -4.443169327965435400e+00
-1.000715071507150888e+00 -4.441750044082649396e+00
-1.000110011001100307e+00 -4.440330872399814943e+00
-9.995049504950497266e-01 -4.438911812916932043e+00
-9.988998899889991456e-01 -4.437492865633998029e+00
-9.982948294829485647e-01 -4.436074030551014680e+00
-9.976897689768979838e-01 -4.434655307667983770e+00
-9.970847084708474029e-01 -4.433236696984901748e+00
-9.964796479647968219e-01 -4.431818198501770389e+00
-9.958745874587462410e-01 -4.430399812218590583e+00
-9.952695269526956601e-01 -4.428981538135361440e+00
-9.946644664466450791e-01 -4.427563376252082072e+00
-9.940594059405944982e-01 -4.426145326568753369e+00
-9.934543454345439173e-01 -4.424727389085375329e+00
-9.928492849284933364e-01 -4.423309563801947952e+00
-9.922442244224427554e-01 -4.421891850718471240e+00
-9.916391639163921745e-01 -4.420474249834946079e+00
-9.910341034103411495e-01 -4.419056761151368917e+00
-9.904290429042905686e-01 -4.417639384667744196e+00
-9.898239823982399876e-01 -4.416222120384070138e+00
-9.892189218921894067e-01 -4.414804968300346744e+00
-9.886138613861388258e-01 -4.413387928416574013e+00
-9.880088008800882449e-01 -4.411971000732751058e+00
-9.874037403740376639e-01 -4.410554185248878767e+00
-9.867986798679870830e-01 -4.409137481964958027e+00
-9.861936193619365021e-01 -4.407720890880987952e+00
-9.855885588558859212e-01 -4.406304411996967652e+00
-9.849834983498353402e-01 -4.404888045312899791e+00
-9.843784378437847593e-01 -4.403471790828779930e+00
-9.837733773377341784e-01 -4.402055648544612509e+00
-9.831683168316835975e-01 -4.400639618460394864e+00
-9.825632563256330165e-01 -4.399223700576127882e+00
-9.819581958195824356e-01 -4.397807894891811564e+00
-9.813531353135318547e-01 -4.396392201407445910e+00
-9.807480748074812738e-01 -4.394976620123030919e+00
-9.801430143014302487e-01 -4.393561151038565704e+00
-9.795379537953796678e-01 -4.392145794154051153e+00
-9.789328932893290869e-01 -4.390730549469488153e+00
-9.783278327832785060e-01 -4.389315416984875817e+00
-9.777227722772279250e-01 -4.387900396700213257e+00
-9.771177117711773441e-01 -4.386485488615502248e+00
-9.765126512651267632e-01 -4.385070692730741015e+00
-9.759075907590761823e-01 -4.383656009045931334e+00
-9.753025302530256013e-01 -4.382241437561071429e+00
-9.746974697469750204e-01 -4.380826978276163075e+00
-9.740924092409244395e-01 -4.379412631191204497e+00
-9.734873487348738585e-01 -4.377998396306197471e+00
-9.728822882288232776e-01 -4.376584273621139332e+00
-9.722772277227726967e-01 -4.375170263136032744e+00
-9.716721672167221158e-01 -4.373756364850876821e+00
-9.710671067106715348e-01 -4.372342578765670673e+00
-9.704620462046209539e-01 -4.370928904880416965e+00
-9.698569856985703730e-01 -4.369515343195113033e+00
-9.692519251925197921e-01 -4.368101893709759764e+00
-9.686468646864687670e-01 -4.366688556424355383e+00
-9.680418041804181861e-01 -4.365275331338903442e+00
-9.674367436743676052e-01 -4.363862218453402164e+00
-9.668316831683170243e-01 -4.362449217767850662e+00
-9.662266226622664433e-01 -4.361036329282249824e+00
-9.656215621562158624e-01 -4.359623552996600537e+00
-9.650165016501652815e-01 -4.358210888910901026e+00
-9.644114411441147006e-01 -4.356798337025152179e+00
-9.638063806380641196e-01 -4.355385897339354884e+00
-9.632013201320135387e-01 -4.353973569853508252e+00
-9.625962596259629578e-01 -4.352561354567609619e+00
-9.619911991199123769e-01 -4.351149251481664315e+00
-9.613861386138617959e-01 -4.349737260595668786e+00
-9.607810781078112150e-01 -4.348325381909623921e+00
-9.601760176017606341e-01 -4.346913615423529720e+00
-9.595709570957100532e-01 -4.345501961137386182e+00
-9.589658965896594722e-01 -4.344090419051193308e+00
-9.583608360836088913e-01 -4.342678989164950210e+00
-9.577557755775578663e-01 -4.341267671478656887e+00
-9.571507150715072854e-01 -4.339856465992316004e+00
-9.565456545654567044e-01 -4.338445372705924896e+00
-9.559405940594061235e-01 -4.337034391619484452e+00
-9.553355335533555426e-01 -4.335623522732996449e+00
-9.547304730473049617e-01 -4.334212766046457332e+00
-9.541254125412543807e-01 -4.332802121559868880e+00
-9.535203520352037998e-01 -4.331391589273231091e+00
-9.529152915291532189e-01 -4.329981169186543966e+00
-9.523102310231026379e-01 -4.328570861299807504e+00
-9.517051705170520570e-01 -4.327160665613021706e+00
-9.511001100110014761e-01 -4.325750582126186572e+00
-9.504950495049508952e-01 -4.324340610839302101e+00
-9.498899889989003142e-01 -4.322930751752368295e+00
-9.492849284928497333e-01 -4.321521004865385152e+00
-9.486798679867991524e-01 -4.320111370178352672e+00
-9.480748074807485715e-01 -4.318701847691269968e+00
-9.474697469746979905e-01 -4.317292437404137928e+00
-9.468646864686474096e-01 -4.315883139316957440e+00
-9.462596259625963846e-01 -4.314473953429725839e+00
-9.456545654565458037e-01 -4.313064879742446678e+00
-9.450495049504952227e-01 -4.311655918255116404e+00
-9.444444444444446418e-01 -4.310247068967738571e+00
-9.438393839383940609e-01 -4.308838331880311401e+00
-9.432343234323434800e-01 -4.307429706992833118e+00
-9.426292629262928990e-01 -4.306021194305307276e+00
-9.420242024202423181e-01 -4.304612793817730321e+00
-9.414191419141917372e-01 -4.303204505530104917e+00
-9.408140814081411563e-01 -4.301796329442431066e+00
-9.402090209020905753e-01 -4.300388265554706990e+00
-9.396039603960399944e-01 -4.298980313866932690e+00
-9.389988998899894135e-01 -4.297572474379109053e+00
-9.383938393839388326e-01 -4.296164747091236968e+00
-9.377887788778882516e-01 -4.294757132003315547e+00
-9.371837183718376707e-01 -4.293349629115343902e+00
-9.365786578657870898e-01 -4.291942238427323808e+00
-9.359735973597365088e-01 -4.290534959939254378e+00
-9.353685368536854838e-01 -4.289127793651132947e+00
-9.347634763476349029e-01 -4.287720739562964845e+00
-9.341584158415843220e-01 -4.286313797674745629e+00
-9.335533553355337411e-01 -4.284906967986478854e+00
-9.329482948294831601e-01 -4.283500250498161854e+00
-9.323432343234325792e-01 -4.282093645209795518e+00
-9.317381738173819983e-01 -4.280687152121380734e+00
-9.311331133113314173e-01 -4.279280771232915725e+00
-9.305280528052808364e-01 -4.277874502544399604e+00
-9.299229922992302555e-01 -4.276468346055835923e+00
-9.293179317931796746e-01 -4.275062301767222905e+00
-9.287128712871290936e-01 -4.273656369678560552e+00
-9.281078107810785127e-01 -4.272250549789848861e+00
-9.275027502750279318e-01 -4.270844842101086947e+00
-9.268976897689773509e-01 -4.269439246612275696e+00
-9.262926292629267699e-01 -4.268033763323415997e+00
-9.256875687568761890e-01 -4.266628392234506961e+00
-9.250825082508256081e-01 -4.265223133345546813e+00
-9.244774477447750272e-01 -4.263817986656539105e+00
-9.238723872387240021e-01 -4.262412952167480285e+00
-9.232673267326734212e-01 -4.261008029878373016e+00
-9.226622662266228403e-01 -4.259603219789216411e+00
-9.220572057205722594e-01 -4.258198521900010469e+00
-9.214521452145216784e-01 -4.256793936210755191e+00
-9.208470847084710975e-01 -4.255389462721451466e+00
-9.202420242024205166e-01 -4.253985101432095739e+00
-9.196369636963699357e-01 -4.252580852342692452e+00
-9.190319031903193547e-01 -4.251176715453238941e+00
-9.184268426842687738e-01 -4.249772690763737870e+00
-9.178217821782181929e-01 -4.248368778274185686e+00
-9.172167216721676120e-01 -4.246964977984584166e+00
-9.166116611661170310e-01 -4.245561289894934198e+00
-9.160066006600664501e-01 -4.244157714005234006e+00
-9.154015401540158692e-01 -4.242754250315485365e+00
-9.147964796479652883e-01 -4.241350898825686500e+00
-9.141914191419147073e-01 -4.239947659535838298e+00
-9.135863586358641264e-01 -4.238544532445940760e+00
-9.129812981298131014e-01 -4.237141517555992998e+00
-9.123762376237625205e-01 -4.235738614865995899e+00
-9.117711771177119395e-01 -4.234335824375951240e+00
-9.111661166116613586e-01 -4.232933146085856357e+00
-9.105610561056107777e-01 -4.231530579995712138e+00
-9.099559955995601968e-01 -4.230128126105517694e+00
-9.093509350935096158e-01 -4.228725784415274802e+00
-9.087458745874590349e-01 -4.227323554924982574e+00
-9.081408140814084540e-01 -4.225921437634640121e+00
-9.075357535753578730e-01 -4.224519432544248332e+00
-9.069306930693072921e-01 -4.223117539653808095e+00
-9.063256325632567112e-01 -4.221715758963318521e+00
-9.057205720572061303e-01 -4.220314090472778723e+00
-9.051155115511555493e-01 -4.218912534182189589e+00
-9.045104510451049684e-01 -4.217511090091552006e+00
-9.039053905390543875e-01 -4.216109758200863311e+00
-9.033003300330038066e-01 -4.214708538510126168e+00
-9.026952695269532256e-01 -4.213307431019339688e+00
-9.020902090209022006e-01 -4.211906435728502984e+00
-9.014851485148516197e-01 -4.210505552637617832e+00
-9.008800880088010388e-01 -4.209104781746682455e+00
-9.002750275027504578e-01 -4.207704123055699519e+00
-8.996699669966998769e-01 -4.206303614560939153e+00
-8.990649064906492960e-01 -4.204903447299224162e+00
-8.984598459845987151e-01 -4.203503647656856579e+00
-8.978547854785481341e-01 -4.202104215633834627e+00
-8.972497249724975532e-01 -4.200705151230159196e+00
-8.966446644664469723e-01 -4.199306454445829395e+00
-8.960396039603963914e-01 -4.197908125280846114e+00
-8.954345434543458104e-01 -4.196510163735209353e+00
-8.948294829482952295e-01 -4.195112569808919112e+00
-8.942244224422446486e-01 -4.193715343501975390e+00
-8.936193619361940677e-01 -4.192318484814378188e+00
-8.930143014301434867e-01 -4.190921993746125729e+00
-8.924092409240929058e-01 -4.189525870297219790e+00
-8.918041804180423249e-01 -4.188130114467661258e+00
-8.911991199119917439e-01 -4.186734726257448358e+00
-8.905940594059407189e-01 -4.185339705666581978e+00
-8.899889988998901380e-01 -4.183945052695061229e+00
-8.893839383938395571e-01 -4.182550767342887887e+00
-8.887788778877889762e-01 -4.181156849610061066e+00
-8.881738173817383952e-01 -4.179763299496579876e+00
-8.875687568756878143e-01 -4.178370117002445205e+00
-8.869636963696372334e-01 -4.176977302127655278e+00
-8.863586358635866524e-01 -4.175584854872212759e+00
-8.857535753575360715e-01 -4.174192775236117647e+00
-8.851485148514854906e-01 -4.172801063219368167e+00
-8.845434543454349097e-01 -4.171409718821964319e+00
-8.839383938393843287e-01 -4.170018742043907878e+00
-8.833333333333337478e-01 -4.168628132885197957e+00
-8.827282728272831669e-01 -4.167237891345833667e+00
-8.821232123212325860e-01 -4.165848017425814120e+00
-8.815181518151820050e-01 -4.164458511125143758e+00
-8.809130913091314241e-01 -4.163069372443818139e+00
-8.803080308030808432e-01 -4.161680601381839040e+00
-8.797029702970298182e-01 -4.160292197939204684e+00
-8.790979097909792372e-01 -4.158904162115918623e+00
-8.784928492849286563e-01 -4.157516493911978195e+00
-8.778877887788780754e-01 -4.156129193327383398e+00
-8.772827282728274945e-01 -4.154742260362135120e+00
-8.766776677667769135e-01 -4.153355695016234250e+00
-8.760726072607263326e-01 -4.151969497289679012e+00
-8.754675467546757517e-01 -4.150583667182471181e+00
-8.748624862486251708e-01 -4.149198204694608982e+00
-8.742574257425745898e-01 -4.147813109826093303e+00
-8.736523652365240089e-01 -4.146428382576923255e+00
-8.730473047304734280e-01 -4.145044022947098838e+00
-8.724422442244228471e-01 -4.143660030936621830e+00
-8.718371837183722661e-01 -4.142276406545491341e+00
-8.712321232123216852e-01 -4.140893149773706483e+00
-8.706270627062711043e-01 -4.139510260621269033e+00
-8.700220022002205233e-01 -4.138127739088176327e+00
-8.694169416941699424e-01 -4.136745585174431028e+00
-8.688118811881193615e-01 -4.135363798880031361e+00
-8.682068206820683365e-01 -4.133982380204977325e+00
-8.676017601760177556e-01 -4.132601329149270697e+00
-8.669966996699671746e-01 -4.131220645712909700e+00
-8.663916391639165937e-01 -4.129840329895895223e+00
-8.657865786578660128e-01 -4.128460381698228154e+00
-8.651815181518154318e-01 -4.127080801119906717e+00
-8.645764576457648509e-01 -4.125701588160931799e+00
-8.639713971397142700e-01 -4.124322742821303400e+00
-8.633663366336636891e-01 -4.122944265101019745e+00
-8.627612761276131081e-01 -4.121566155000083498e+00
-8.621562156215625272e-01 -4.120188412518491994e+00
-8.615511551155119463e-01 -4.118811037656249674e+00
-8.609460946094613654e-01 -4.117434030413352986e+00
-8.603410341034107844e-01 -4.116057390789801040e+00
-8.597359735973602035e-01 -4.114681118785596503e+00
-8.591309130913096226e-01 -4.113305214400737597e+00
-8.585258525852590417e-01 -4.111929677635225211e+00
-8.579207920792084607e-01 -4.110554508489060233e+00
-8.573157315731574357e-01 -4.109179706962239109e+00
-8.567106710671068548e-01 -4.107805273054765394e+00
-8.561056105610562739e-01 -4.106431206766639086e+00
-8.555005500550056929e-01 -4.105057508097857522e+00
-8.548954895489551120e-01 -4.103684177048424253e+00
-8.542904290429045311e-01 -4.102311213618335728e+00
-8.536853685368539502e-01 -4.100938617807593722e+00
-8.530803080308033692e-01 -4.099566389616199125e+00
-8.524752475247527883e-01 -4.098194529044150158e+00
-8.518701870187022074e-01 -4.096823036091446824e+00
-8.512651265126516265e-01 -4.095451910758090008e+00
-8.506600660066010455e-01 -4.094081153044080601e+00
-8.500550055005504646e-01 -4.092710762949415937e+00
-8.494499449944998837e-01 -4.091340740474097792e+00
-8.488448844884493028e-01 -4.089971085618127056e+00
-8.482398239823987218e-01 -4.088601798381501951e+00
-8.476347634763481409e-01 -4.087232878764223365e+00
-8.470297029702975600e-01 -4.085864326766291299e+00
-8.464246424642469790e-01 -4.084496142387703976e+00
-8.458195819581959540e-01 -4.083128325628464061e+00
-8.452145214521453731e-01 -4.081760876488570666e+00
-8.446094609460947922e-01 -4.080393794968023791e+00
-8.440044004400442113e-01 -4.079027081066821658e+00
-8.433993399339936303e-01 -4.077660734784967822e+00
-8.427942794279430494e-01 -4.076294756122458729e+00
-8.421892189218924685e-01 -4.074929145079297932e+00
-8.415841584158418875e-01 -4.073563901655481878e+00
-8.409790979097913066e-01 -4.072199025851013232e+00
-8.403740374037407257e-01 -4.070834517665890218e+00
-8.397689768976901448e-01 -4.069470377100111946e+00
-8.391639163916395638e-01 -4.068106604153681971e+00
-8.385588558855889829e-01 -4.066743198826598515e+00
-8.379537953795384020e-01 -4.065380161118859803e+00
-8.373487348734878211e-01 -4.064017491030468499e+00
-8.367436743674372401e-01 -4.062655188561422825e+00
-8.361386138613866592e-01 -4.061293253711724560e+00
-8.355335533553360783e-01 -4.059931686481371038e+00
-8.349284928492850533e-01 -4.058570486870364036e+00
-8.343234323432344723e-01 -4.057209654878703553e+00
-8.337183718371838914e-01 -4.055849190506390478e+00
-8.331133113311333105e-01 -4.054489093753423035e+00
-8.325082508250827296e-01 -4.053129364619802999e+00
-8.319031903190321486e-01 -4.051770003105527707e+00
-8.312981298129815677e-01 -4.050411009210598046e+00
-8.306930693069309868e-01 -4.049052382935016681e+00
-8.300880088008804059e-01 -4.047694124278780059e+00
-8.294829482948298249e-01 -4.046336233241890845e+00
-8.288778877887792440e-01 -4.044978709824348151e+00
-8.282728272827286631e-01 -4.043621554026151976e+00
-8.276677667766780822e-01 -4.042264765847300545e+00
-8.270627062706275012e-01 -4.040908345287796521e+00
-8.264576457645769203e-01 -4.039552292347638129e+00
-8.258525852585263394e-01 -4.038196607026826257e+00
-8.252475247524757584e-01 -4.036841289325360904e+00
-8.246424642464251775e-01 -4.035486339243242071e+00
-8.240374037403745966e-01 -4.034131756780468869e+00
-8.234323432343235716e-01 -4.032777541937041299e+00
-8.228272827282729907e-01 -4.031423694712960248e+00
-8.222222222222224097e-01 -4.030070215108226606e+00
-8.216171617161718288e-01 -4.028717103122840371e+00
-8.210121012101212479e-01 -4.027364358756797103e+00
-8.204070407040706669e-01 -4.026011982010102130e+00
-8.198019801980200860e-01 -4.024659972882754566e+00
-8.191969196919695051e-01 -4.023308331374750857e+00
-8.185918591859189242e-01 -4.021957057486095444e+00
-8.179867986798683432e-01 -4.020606151216786550e+00
-8.173817381738177623e-01 -4.019255612566821512e+00
-8.167766776677671814e-01 -4.017905441536204769e+00
-8.161716171617166005e-01 -4.016555638124933658e+00
-8.155665566556660195e-01 -4.015206202333009067e+00
-8.149614961496154386e-01 -4.013857134160430995e+00
-8.143564356435648577e-01 -4.012508433607199443e+00
-8.137513751375142768e-01 -4.011160100673313522e+00
-8.131463146314636958e-01 -4.009812135358774121e+00
-8.125412541254126708e-01 -4.008464537663580352e+00
-8.119361936193620899e-01 -4.007117307587733990e+00
-8.113311331133115090e-01 -4.005770445131232371e+00
-8.107260726072609280e-01 -4.004423950294079049e+00
-8.101210121012103471e-01 -4.003077823076270469e+00
-8.095159515951597662e-01 -4.001732063477809298e+00
-8.089108910891091853e-01 -4.000386671498693758e+00
-8.083058305830586043e-01 -3.999041647138925626e+00
-8.077007700770080234e-01 -3.997696990398503125e+00
-8.070957095709574425e-01 -3.996352701277426256e+00
-8.064906490649068616e-01 -3.995008779775696350e+00
-8.058855885588562806e-01 -3.993665225893312520e+00
-8.052805280528056997e-01 -3.992322039630275210e+00
-8.046754675467551188e-01 -3.990979220986584419e+00
-8.040704070407045378e-01 -3.989636769962239260e+00
-8.034653465346539569e-01 -3.988294686557241064e+00
-8.028602860286033760e-01 -3.986952970771588500e+00
-8.022552255225527951e-01 -3.985611622605282456e+00
-8.016501650165022141e-01 -3.984270642058323375e+00
-8.010451045104511891e-01 -3.982930029130709038e+00
-8.004400440044006082e-01 -3.981589783822442108e+00
-7.998349834983500273e-01 -3.980249906133520810e+00
-7.992299229922994463e-01 -3.978910396063946475e+00
-7.986248624862488654e-01 -3.977571253613719104e+00
-7.980198019801982845e-01 -3.976232478782837365e+00
-7.974147414741477036e-01 -3.974894071571301257e+00
-7.968096809680971226e-01 -3.973556031979111669e+00
-7.962046204620465417e-01 -3.972218360006269489e+00
-7.955995599559959608e-01 -3.970881055652773828e+00
-7.949944994499453799e-01 -3.969544118918622466e+00
-7.943894389438947989e-01 -3.968207549803819401e+00
-7.937843784378442180e-01 -3.966871348308361078e+00
-7.931793179317936371e-01 -3.965535514432249720e+00
-7.925742574257430562e-01 -3.964200048175484437e+00
-7.919691969196924752e-01 -3.962864949538066117e+00
-7.913641364136418943e-01 -3.961530218519993873e+00
-7.907590759075913134e-01 -3.960195855121267705e+00
-7.901540154015402884e-01 -3.958861859341887168e+00
-7.895489548954897074e-01 -3.957528231181853595e+00
-7.889438943894391265e-01 -3.956194970641166986e+00
-7.883388338833885456e-01 -3.954862077719825564e+00
-7.877337733773379647e-01 -3.953529552417830661e+00
-7.871287128712873837e-01 -3.952197394735182279e+00
-7.865236523652368028e-01 -3.950865604671880860e+00
-7.859185918591862219e-01 -3.949534182227925072e+00
-7.853135313531356410e-01 -3.948203127403315360e+00
-7.847084708470850600e-01 -3.946872440198052612e+00
-7.841034103410344791e-01 -3.945542120612135939e+00
-7.834983498349838982e-01 -3.944212168645565342e+00
-7.828932893289333173e-01 -3.942882584298341264e+00
-7.822882288228827363e-01 -3.941553367570463262e+00
-7.816831683168321554e-01 -3.940224518461931780e+00
-7.810781078107815745e-01 -3.938896036972746817e+00
-7.804730473047309935e-01 -3.937567923102907930e+00
-7.798679867986804126e-01 -3.936240176852415562e+00
-7.792629262926293876e-01 -3.934912798221267938e+00
-7.786578657865788067e-01 -3.933585787209467721e+00
-7.780528052805282258e-01 -3.932259143817013580e+00
-7.774477447744776448e-01 -3.930932868043906847e+00
-7.768426842684270639e-01 -3.929606959890145745e+00
-7.762376237623764830e-01 -3.928281419355731163e+00
-7.756325632563259020e-01 -3.926956246440662213e+00
-7.750275027502753211e-01 -3.925631441144940226e+00
-7.744224422442247402e-01 -3.924307003468564314e+00
-7.738173817381741593e-01 -3.922982933411534034e+00
-7.732123212321235783e-01 -3.921659230973851162e+00
-7.726072607260729974e-01 -3.920335896155514366e+00
-7.720022002200224165e-01 -3.919012928956523645e+00
-7.713971397139718356e-01 -3.917690329376878999e+00
-7.707920792079212546e-01 -3.916368097416581762e+00
-7.701870187018706737e-01 -3.915046233075629711e+00
-7.695819581958200928e-01 -3.913724736354023737e+00
-7.689768976897695119e-01 -3.912403607251765170e+00
-7.683718371837189309e-01 -3.911082845768852678e+00
-7.677667766776679059e-01 -3.909762451905284042e+00
-7.671617161716173250e-01 -3.908442425661064590e+00
-7.665566556655667441e-01 -3.907122767036190325e+00
-7.659515951595161631e-01 -3.905803476030663024e+00
-7.653465346534655822e-01 -3.904484552644481354e+00
-7.647414741474150013e-01 -3.903165996877646648e+00
-7.641364136413644204e-01 -3.901847808730157574e+00
-7.635313531353138394e-01 -3.900529988202015463e+00
-7.629262926292632585e-01 -3.899212535293218984e+00
-7.623212321232126776e-01 -3.897895450003769913e+00
-7.617161716171620967e-01 -3.896578732333666473e+00
-7.611111111111115157e-01 -3.895262382282909108e+00
-7.605060506050609348e-01 -3.893946399851498263e+00
-7.599009900990103539e-01 -3.892630785039433050e+00
-7.592959295929597729e-01 -3.891315537846714800e+00
-7.586908690869091920e-01 -3.890000658273343070e+00
-7.580858085808586111e-01 -3.888686146319316972e+00
-7.574807480748080302e-01 -3.887372001984637837e+00
-7.568756875687570052e-01 -3.886058225269303890e+00
-7.562706270627064242e-01 -3.884744816173317350e+00
-7.556655665566558433e-01 -3.883431774696677330e+00
-7.550605060506052624e-01 -3.882119100839382941e+00
-7.544554455445546814e-01 -3.880806794601434184e+00
-7.538503850385041005e-01 -3.879494855982833279e+00
-7.532453245324535196e-01 -3.878183284983578005e+00
-7.526402640264029387e-01 -3.876872081603669251e+00
-7.520352035203523577e-01 -3.875561245843106573e+00
-7.514301430143017768e-01 -3.874250777701890414e+00
-7.508250825082511959e-01 -3.872940677180020330e+00
-7.502200220022006150e-01 -3.871630944277496322e+00
-7.496149614961500340e-01 -3.870321578994319278e+00
-7.490099009900994531e-01 -3.869012581330487865e+00
-7.484048404840488722e-01 -3.867703951286002972e+00
-7.477997799779982913e-01 -3.866395688860864599e+00
-7.471947194719477103e-01 -3.865087794055071857e+00
-7.465896589658971294e-01 -3.863780266868626523e+00
-7.459845984598465485e-01 -3.862473107301527264e+00
-7.453795379537955235e-01 -3.861166315353772749e+00
-7.447744774477449425e-01 -3.859859891025365641e+00
-7.441694169416943616e-01 -3.858553834316305053e+00
-7.435643564356437807e-01 -3.857248145226590541e+00
-7.429592959295931998e-01 -3.855942823756222992e+00
-7.423542354235426188e-01 -3.854637869905201519e+00
-7.417491749174920379e-01 -3.853333283673525678e+00
-7.411441144114414570e-01 -3.852029065061196356e+00
-7.405390539053908761e-01 -3.850725214068213553e+00
-7.399339933993402951e-01 -3.849421730694577271e+00
-7.393289328932897142e-01 -3.848118614940287507e+00
-7.387238723872391333e-01 -3.846815866805342932e+00
-7.381188118811885523e-01 -3.845513486289745320e+00
-7.375137513751379714e-01 -3.844211473393494227e+00
-7.369086908690873905e-01 -3.842909828116588766e+00
-7.363036303630368096e-01 -3.841608550459030269e+00
-7.356985698569862286e-01 -3.840307640420817847e+00
-7.350935093509356477e-01 -3.839007098001951057e+00
-7.344884488448846227e-01 -3.837706923202431675e+00
-7.338833883388340418e-01 -3.836407116022257036e+00
-7.332783278327834608e-01 -3.835107676461430248e+00
-7.326732673267328799e-01 -3.833808604519949537e+00
-7.320682068206822990e-01 -3.832509900197814456e+00
-7.314631463146317181e-01 -3.831211563495025896e+00
-7.308580858085811371e-01 -3.829913594411584743e+00
-7.302530253025305562e-01 -3.828615992947488778e+00
-7.296479647964799753e-01 -3.827318759102739776e+00
-7.290429042904293944e-01 -3.826021892877335961e+00
-7.284378437843788134e-01 -3.824725394271279555e+00
-7.278327832783282325e-01 -3.823429263284568780e+00
-7.272277227722776516e-01 -3.822133499917204968e+00
-7.266226622662270707e-01 -3.820838104169187233e+00
-7.260176017601764897e-01 -3.819543076040516016e+00
-7.254125412541259088e-01 -3.818248415531190432e+00
-7.248074807480753279e-01 -3.816954122641211811e+00
-7.242024202420247470e-01 -3.815660197370578821e+00
-7.235973597359741660e-01 -3.814366639719292351e+00
-7.229922992299231410e-01 -3.813073449687351957e+00
-7.223872387238725601e-01 -3.811780627274757638e+00
-7.217821782178219792e-01 -3.810488172481510727e+00
-7.211771177117713982e-01 -3.809196085307609891e+00
-7.205720572057208173e-01 -3.807904365753054687e+00
-7.199669966996702364e-01 -3.806613013817846447e+00
-7.193619361936196555e-01 -3.805322029501983838e+00
-7.187568756875690745e-01 -3.804031412805468193e+00
-7.181518151815184936e-01 -3.802741163728298623e+00
-7.175467546754679127e-01 -3.801451282270475129e+00
-7.169416941694173318e-01 -3.800161768431998155e+00
-7.163366336633667508e-01 -3.798872622212867700e+00
-7.157315731573161699e-01 -3.797583843613083321e+00
-7.151265126512655890e-01 -3.796295432632645905e+00
-7.145214521452150080e-01 -3.795007389271553233e+00
-7.139163916391644271e-01 -3.793719713529807969e+00
-7.133113311331138462e-01 -3.792432405407408780e+00
-7.127062706270632653e-01 -3.791145464904355666e+00
-7.121012101210122403e-01 -3.789858892020648184e+00
-7.114961496149616593e-01 -3.788572686756288554e+00
-7.108910891089110784e-01 -3.787286849111274556e+00
-7.102860286028604975e-01 -3.786001379085606633e+00
-7.096809680968099165e-01 -3.784716276679285230e+00
-7.090759075907593356e-01 -3.783431541892310346e+00
-7.084708470847087547e-01 -3.782147174724681538e+00
-7.078657865786581738e-01 -3.780863175176399249e+00
-7.072607260726075928e-01 -3.779579543247463480e+00
-7.066556655665570119e-01 -3.778296278937873343e+00
-7.060506050605064310e-01 -3.777013382247629725e+00
-7.054455445544558501e-01 -3.775730853176732627e+00
-7.048404840484052691e-01 -3.774448691725181604e+00
-7.042354235423546882e-01 -3.773166897892977545e+00
-7.036303630363041073e-01 -3.771885471680118673e+00
-7.030253025302535264e-01 -3.770604413086607209e+00
-7.024202420242029454e-01 -3.769323722112440933e+00
-7.018151815181523645e-01 -3.768043398757621620e+00
-7.012101210121017836e-01 -3.766763443022148827e+00
-7.006050605060507586e-01 -3.765483854906021222e+00
-7.000000000000001776e-01 -3.764204634409240580e+00
-6.993949394939495967e-01 -3.762925781531806457e+00
-6.987898789878990158e-01 -3.761647296273718855e+00
-6.981848184818484349e-01 -3.760369178634976883e+00
-6.975797579757978539e-01 -3.759091428615582320e+00
-6.969746974697472730e-01 -3.757814046215532944e+00
-6.963696369636966921e-01 -3.756537031434830531e+00
-6.957645764576461112e-01 -3.755260384273474195e+00
-6.951595159515955302e-01 -3.753984104731463933e+00
-6.945544554455449493e-01 -3.752708192808800636e+00
-6.939493949394943684e-01 -3.751432648505482970e+00
-6.933443344334437874e-01 -3.750157471821511823e+00
-6.927392739273932065e-01 -3.748882662756886752e+00
-6.921342134213426256e-01 -3.747608221311607757e+00
-6.915291529152920447e-01 -3.746334147485676169e+00
-6.909240924092414637e-01 -3.745060441279090657e+00
-6.903190319031908828e-01 -3.743787102691850777e+00
-6.897139713971398578e-01 -3.742514131723956972e+00
-6.891089108910892769e-01 -3.741241528375409242e+00
-6.885038503850386959e-01 -3.739969292646208920e+00
-6.878987898789881150e-01 -3.738697424536354674e+00
-6.872937293729375341e-01 -3.737425924045846060e+00
-6.866886688668869532e-01 -3.736154791174685297e+00
-6.860836083608363722e-01 -3.734884025922869721e+00
-6.854785478547857913e-01 -3.733613628290399777e+00
-6.848734873487352104e-01 -3.732343598277277685e+00
-6.842684268426846295e-01 -3.731073935883500781e+00
-6.836633663366340485e-01 -3.729804641109070396e+00
-6.830583058305834676e-01 -3.728535713953986530e+00
-6.824532453245328867e-01 -3.727267154418249184e+00
-6.818481848184823058e-01 -3.725998962501857914e+00
-6.812431243124317248e-01 -3.724731138204812719e+00
-6.806380638063811439e-01 -3.723463681527113600e+00
-6.800330033003305630e-01 -3.722196592468761445e+00
-6.794279427942799821e-01 -3.720929871029755809e+00
-6.788228822882294011e-01 -3.719663517210095804e+00
-6.782178217821783761e-01 -3.718397531009781432e+00
-6.776127612761277952e-01 -3.717131912428814466e+00
-6.770077007700772143e-01 -3.715866661467192689e+00
-6.764026402640266333e-01 -3.714601778124918763e+00
-6.757975797579760524e-01 -3.713337262401990913e+00
-6.751925192519254715e-01 -3.712073114298408250e+00
-6.745874587458748906e-01 -3.710809333814172994e+00
-6.739823982398243096e-01 -3.709545920949283371e+00
-6.733773377337737287e-01 -3.708282875703740267e+00
-6.727722772277231478e-01 -3.707020198077543682e+00
-6.721672167216725668e-01 -3.705757888070693618e+00
-6.715621562156219859e-01 -3.704495945683188740e+00
-6.709570957095714050e-01 -3.703234370915030826e+00
-6.703520352035208241e-01 -3.701973163766219432e+00
-6.697469746974702431e-01 -3.700712324236754114e+00
-6.691419141914196622e-01 -3.699451852326635759e+00
-6.685368536853690813e-01 -3.698191748035862592e+00
-6.679317931793185004e-01 -3.696932011364436832e+00
-6.673267326732674753e-01 -3.695672642312355816e+00
-6.667216721672168944e-01 -3.694413640879622207e+00
-6.661166116611663135e-01 -3.693155007066234674e+00
-6.655115511551157326e-01 -3.691896740872193217e+00
-6.649064906490651516e-01 -3.690638842297498723e+00
-6.643014301430145707e-01 -3.689381311342150749e+00
-6.636963696369639898e-01 -3.688124148006147962e+00
-6.630913091309134089e-01 -3.686867352289492583e+00
-6.624862486248628279e-01 -3.685610924192182836e+00
-6.618811881188122470e-01 -3.684354863714219608e+00
-6.612761276127616661e-01 -3.683099170855602011e+00
-6.606710671067110852e-01 -3.681843845616331379e+00
-6.600660066006605042e-01 -3.680588887996407266e+00
-6.594609460946099233e-01 -3.679334297995829228e+00
-6.588558855885593424e-01 -3.678080075614597266e+00
-6.582508250825087615e-01 -3.676826220852712268e+00
-6.576457645764581805e-01 -3.675572733710172901e+00
-6.570407040704075996e-01 -3.674319614186980054e+00
-6.564356435643565746e-01 -3.673066862283132838e+00
-6.558305830583059937e-01 -3.671814477998632587e+00
-6.552255225522554127e-01 -3.670562461333478410e+00
-6.546204620462048318e-01 -3.669310812287670753e+00
-6.540154015401542509e-01 -3.668059530861209616e+00
-6.534103410341036700e-01 -3.666808617054094999e+00
-6.528052805280530890e-01 -3.665558070866325568e+00
-6.522002200220025081e-01 -3.664307892297903102e+00
-6.515951595159519272e-01 -3.663058081348827599e+00
-6.509900990099013462e-01 -3.661808638019097728e+00
-6.503850385038507653e-01 -3.660559562308714376e+00
-6.497799779978001844e-01 -3.659310854217676656e+00
-6.491749174917496035e-01 -3.658062513745986344e+00
-6.485698569856990225e-01 -3.656814540893640775e+00
-6.479647964796484416e-01 -3.655566935660643058e+00
-6.473597359735978607e-01 -3.654319698046990972e+00
-6.467546754675472798e-01 -3.653072828052685850e+00
-6.461496149614966988e-01 -3.651826325677725915e+00
-6.455445544554461179e-01 -3.650580190922113388e+00
-6.449394939493950929e-01 -3.649334423785845605e+00
-6.443344334433445120e-01 -3.648089024268924785e+00
-6.437293729372939310e-01 -3.646843992371350929e+00
-6.431243124312433501e-01 -3.645599328093122260e+00
-6.425192519251927692e-01 -3.644355031434241887e+00
-6.419141914191421883e-01 -3.643111102394706258e+00
-6.413091309130916073e-01 -3.641867540974518036e+00
-6.407040704070410264e-01 -3.640624347173674558e+00
-6.400990099009904455e-01 -3.639381520992177599e+00
-6.394939493949398646e-01 -3.638139062430028048e+00
-6.388888888888892836e-01 -3.636896971487224572e+00
-6.382838283828387027e-01 -3.635655248163767617e+00
-6.376787678767881218e-01 -3.634413892459655848e+00
-6.370737073707375409e-01 -3.633172904374891488e+00
-6.364686468646869599e-01 -3.631932283909472758e+00
-6.358635863586363790e-01 -3.630692031063400993e+00
-6.352585258525857981e-01 -3.629452145836674859e+00
-6.346534653465352172e-01 -3.628212628229295689e+00
-6.340484048404841921e-01 -3.626973478241260818e+00
-6.334433443344336112e-01 -3.625734695872574243e+00
-6.328382838283830303e-01 -3.624496281123233743e+00
-6.322332233223324494e-01 -3.623258233993238875e+00
-6.316281628162818684e-01 -3.622020554482591859e+00
-6.310231023102312875e-01 -3.620783242591289586e+00
-6.304180418041807066e-01 -3.619546298319333388e+00
-6.298129812981301257e-01 -3.618309721666725043e+00
-6.292079207920795447e-01 -3.617073512633461885e+00
-6.286028602860289638e-01 -3.615837671219545246e+00
-6.279977997799783829e-01 -3.614602197424975571e+00
-6.273927392739278019e-01 -3.613367091249751528e+00
-6.267876787678772210e-01 -3.612132352693874005e+00
-6.261826182618266401e-01 -3.610897981757342112e+00
-6.255775577557760592e-01 -3.609663978440157628e+00
-6.249724972497254782e-01 -3.608430342742318775e+00
-6.243674367436748973e-01 -3.607197074663826442e+00
-6.237623762376243164e-01 -3.605964174204680628e+00
-6.231573157315737355e-01 -3.604731641364880446e+00
-6.225522552255227104e-01 -3.603499476144425451e+00
-6.219471947194721295e-01 -3.602267678543318752e+00
-6.213421342134215486e-01 -3.601036248561557684e+00
-6.207370737073709677e-01 -3.599805186199143581e+00
-6.201320132013203867e-01 -3.598574491456075108e+00
-6.195269526952698058e-01 -3.597344164332353156e+00
-6.189218921892192249e-01 -3.596114204827977723e+00
-6.183168316831686440e-01 -3.594884612942948365e+00
-6.177117711771180630e-01 -3.593655388677264639e+00
-6.171067106710674821e-01 -3.592426532030928765e+00
-6.165016501650169012e-01 -3.591198043003937634e+00
-6.158965896589663203e-01 -3.589969921596293911e+00
-6.152915291529157393e-01 -3.588742167807995820e+00
-6.146864686468651584e-01 -3.587514781639044248e+00
-6.140814081408145775e-01 -3.586287763089439196e+00
-6.134763476347639966e-01 -3.585061112159180219e+00
-6.128712871287134156e-01 -3.583834828848267762e+00
-6.122662266226628347e-01 -3.582608913156700936e+00
-6.116611661166118097e-01 -3.581383365084480630e+00
-6.110561056105612288e-01 -3.580158184631606400e+00
-6.104510451045106478e-01 -3.578933371798079133e+00
-6.098459845984600669e-01 -3.577708926583898386e+00
-6.092409240924094860e-01 -3.576484848989063270e+00
-6.086358635863589051e-01 -3.575261139013575118e+00
-6.080308030803083241e-01 -3.574037796657433042e+00
-6.074257425742577432e-01 -3.572814821920637485e+00
-6.068206820682071623e-01 -3.571592214803187115e+00
-6.062156215621565813e-01 -3.570369975305084154e+00
-6.056105610561060004e-01 -3.569148103426327712e+00
-6.050055005500554195e-01 -3.567926599166916013e+00
-6.044004400440048386e-01 -3.566705462526852166e+00
-6.037953795379542576e-01 -3.565484693506133951e+00
-6.031903190319036767e-01 -3.564264292104762255e+00
-6.025852585258530958e-01 -3.563044258322737079e+00
-6.019801980198025149e-01 -3.561824592160057978e+00
-6.013751375137519339e-01 -3.560605293616725397e+00
-6.007700770077013530e-01 -3.559386362692738004e+00
-6.001650165016503280e-01 -3.558167799388097574e+00
-5.995599559955997471e-01 -3.556949603702803664e+00
-5.989548954895491661e-01 -3.555731775636855385e+00
-5.983498349834985852e-01 -3.554514315190254514e+00
-5.977447744774480043e-01 -3.553297222362999719e+00
-5.971397139713974234e-01 -3.552080497155090555e+00
-5.965346534653468424e-01 -3.550864139566527911e+00
-5.959295929592962615e-01 -3.549648149597311786e+00
-5.953245324532456806e-01 -3.548432527247442181e+00
-5.947194719471950997e-01 -3.547217272516918207e+00
-5.941144114411445187e-01 -3.546002385405742086e+00
-5.935093509350939378e-01 -3.544787865913910707e+00
-5.929042904290433569e-01 -3.543573714041425848e+00
-5.922992299229927760e-01 -3.542359929788287509e+00
-5.916941694169421950e-01 -3.541146513154496134e+00
-5.910891089108916141e-01 -3.539933464140049946e+00
-5.904840484048410332e-01 -3.538720782744950721e+00
-5.898789878987904522e-01 -3.537508468969198017e+00
-5.892739273927394272e-01 -3.536296522812790499e+00
-5.886688668866888463e-01 -3.535084944275729946e+00
-5.880638063806382654e-01 -3.533873733358015912e+00
-5.874587458745876845e-01 -3.532662890059648397e+00
-5.868536853685371035e-01 -3.531452414380626514e+00
-5.862486248624865226e-01 -3.530242306320951595e+00
-5.856435643564359417e-01 -3.529032565880622307e+00
-5.850385038503853607e-01 -3.527823193059639095e+00
-5.844334433443347798e-01 -3.526614187858003291e+00
-5.838283828382841989e-01 -3.525405550275713118e+00
-5.832233223322336180e-01 -3.524197280312769909e+00
-5.826182618261830370e-01 -3.522989377969171887e+00
-5.820132013201324561e-01 -3.521781843244920829e+00
-5.814081408140818752e-01 -3.520574676140015846e+00
-5.808030803080312943e-01 -3.519367876654458271e+00
-5.801980198019807133e-01 -3.518161444788245440e+00
-5.795929592959301324e-01 -3.516955380541380016e+00
-5.789878987898795515e-01 -3.515749683913860224e+00
-5.783828382838289706e-01 -3.514544354905687396e+00
-5.777777777777779455e-01 -3.513339393516858866e+00
-5.771727172717273646e-01 -3.512134799747378633e+00
-5.765676567656767837e-01 -3.510930573597244475e+00
-5.759625962596262028e-01 -3.509726715066456393e+00
-5.753575357535756218e-01 -3.508523224155014830e+00
-5.747524752475250409e-01 -3.507320100862918899e+00
-5.741474147414744600e-01 -3.506117345190170376e+00
-5.735423542354238791e-01 -3.504914957136767040e+00
-5.729372937293732981e-01 -3.503712936702710667e+00
-5.723322332233227172e-01 -3.502511283888000371e+00
-5.717271727172721363e-01 -3.501309998692636150e+00
-5.711221122112215554e-01 -3.500109081116618448e+00
-5.705170517051709744e-01 -3.498908531159947710e+00
-5.699119911991203935e-01 -3.497708348822622604e+00
-5.693069306930698126e-01 -3.496508534104643573e+00
-5.687018701870192317e-01 -3.495309087006011506e+00
-5.680968096809686507e-01 -3.494110007526725070e+00
-5.674917491749180698e-01 -3.492911295666785598e+00
-5.668866886688670448e-01 -3.491712951426190870e+00
-5.662816281628164639e-01 -3.490514974804943993e+00
-5.656765676567658829e-01 -3.489317365803042748e+00
-5.650715071507153020e-01 -3.488120124420488466e+00
-5.644664466446647211e-01 -3.486923250657279816e+00
-5.638613861386141402e-01 -3.485726744513418573e+00
-5.632563256325635592e-01 -3.484530605988902963e+00
-5.626512651265129783e-01 -3.483334835083733427e+00
-5.620462046204623974e-01 -3.482139431797909968e+00
-5.614411441144118164e-01 -3.480944396131433471e+00
-5.608360836083612355e-01 -3.479749728084303495e+00
-5.602310231023106546e-01 -3.478555427656519150e+00
-5.596259625962600737e-01 -3.477361494848081325e+00
-5.590209020902094927e-01 -3.476167929658990019e+00
-5.584158415841589118e-01 -3.474974732089244345e+00
-5.578107810781083309e-01 -3.473781902138845634e+00
-5.572057205720577500e-01 -3.472589439807792999e+00
-5.566006600660071690e-01 -3.471397345096086440e+00
-5.559955995599561440e-01 -3.470205618003725512e+00
-5.553905390539055631e-01 -3.469014258530711992e+00
-5.547854785478549822e-01 -3.467823266677044547e+00
-5.541804180418044012e-01 -3.466632642442723622e+00
-5.535753575357538203e-01 -3.465442385827748772e+00
-5.529702970297032394e-01 -3.464252496832119999e+00
-5.523652365236526585e-01 -3.463062975455838188e+00
-5.517601760176020775e-01 -3.461873821698902454e+00
-5.511551155115514966e-01 -3.460685035561312795e+00
-5.505500550055009157e-01 -3.459496617043069211e+00
-5.499449944994503348e-01 -3.458308566144172147e+00
-5.493399339933997538e-01 -3.457120882864621159e+00
-5.487348734873491729e-01 -3.455933567204417578e+00
-5.481298129812985920e-01 -3.454746619163559629e+00
-5.475247524752480111e-01 -3.453560038742047311e+00
-5.469196919691974301e-01 -3.452373825939882401e+00
-5.463146314631468492e-01 -3.451187980757063123e+00
-5.457095709570962683e-01 -3.450002503193589920e+00
-5.451045104510456873e-01 -3.448817393249463237e+00
-5.444994499449946623e-01 -3.447632650924682629e+00
-5.438943894389440814e-01 -3.446448276219248541e+00
-5.432893289328935005e-01 -3.445264269133160973e+00
-5.426842684268429196e-01 -3.444080629666419480e+00
-5.420792079207923386e-01 -3.442897357819024506e+00
-5.414741474147417577e-01 -3.441714453590976053e+00
-5.408690869086911768e-01 -3.440531916982274119e+00
-5.402640264026405958e-01 -3.439349747992917372e+00
-5.396589658965900149e-01 -3.438167946622907589e+00
-5.390539053905394340e-01 -3.436986512872244326e+00
-5.384488448844888531e-01 -3.435805446740926694e+00
-5.378437843784382721e-01 -3.434624748228956470e+00
-5.372387238723876912e-01 -3.433444417336331878e+00
-5.366336633663371103e-01 -3.432264454063053805e+00
-5.360286028602865294e-01 -3.431084858409121363e+00
-5.354235423542359484e-01 -3.429905630374535441e+00
-5.348184818481853675e-01 -3.428726769959296483e+00
-5.342134213421347866e-01 -3.427548277163403156e+00
-5.336083608360837616e-01 -3.426370151986855461e+00
-5.330033003300331806e-01 -3.425192394429655174e+00
-5.323982398239825997e-01 -3.424015004491800962e+00
-5.317931793179320188e-01 -3.422837982173293714e+00
-5.311881188118814379e-01 -3.421661327474131653e+00
-5.305830583058308569e-01 -3.420485040394316556e+00
-5.299779977997802760e-01 -3.419309120933847534e+00
-5.293729372937296951e-01 -3.418133569092725033e+00
-5.287678767876791142e-01 -3.416958384870949050e+00
-5.281628162816285332e-01 -3.415783568268518700e+00
-5.275577557755779523e-01 -3.414609119285435312e+00
-5.269526952695273714e-01 -3.413435037921698445e+00
-5.263476347634767905e-01 -3.412261324177306765e+00
-5.257425742574262095e-01 -3.411087978052262493e+00
-5.251375137513756286e-01 -3.409914999546563408e+00
-5.245324532453250477e-01 -3.408742388660211731e+00
-5.239273927392744667e-01 -3.407570145393205685e+00
-5.233223322332238858e-01 -3.406398269745546159e+00
-5.227172717271733049e-01 -3.405226761717232264e+00
-5.221122112211222799e-01 -3.404055621308264890e+00
-5.215071507150716990e-01 -3.402884848518644034e+00
-5.209020902090211180e-01 -3.401714443348369699e+00
-5.202970297029705371e-01 -3.400544405797441883e+00
-5.196919691969199562e-01 -3.399374735865860142e+00
-5.190869086908693752e-01 -3.398205433553624921e+00
-5.184818481848187943e-01 -3.397036498860735332e+00
-5.178767876787682134e-01 -3.395867931787192706e+00
-5.172717271727176325e-01 -3.394699732332996156e+00
-5.166666666666670515e-01 -3.393531900498145681e+00
-5.160616061606164706e-01 -3.392364436282642171e+00
-5.154565456545658897e-01 -3.391197339686484291e+00
-5.148514851485153088e-01 -3.390030610709672931e+00
-5.142464246424647278e-01 -3.388864249352208091e+00
-5.136413641364141469e-01 -3.387698255614089327e+00
-5.130363036303635660e-01 -3.386532629495316638e+00
-5.124312431243129851e-01 -3.385367370995890912e+00
-5.118261826182624041e-01 -3.384202480115811262e+00
-5.112211221122113791e-01 -3.383037956855076800e+00
-5.106160616061607982e-01 -3.381873801213689745e+00
-5.100110011001102173e-01 -3.380710013191648322e+00
-5.094059405940596363e-01 -3.379546592788954307e+00
-5.088008800880090554e-01 -3.378383540005605923e+00
-5.081958195819584745e-01 -3.377220854841603614e+00
-5.075907590759078936e-01 -3.376058537296947826e+00
-5.069856985698573126e-01 -3.374896587371638113e+00
-5.063806380638067317e-01 -3.373735005065675363e+00
-5.057755775577561508e-01 -3.372573790379059133e+00
-5.051705170517055699e-01 -3.371412943311788979e+00
-5.045654565456549889e-01 -3.370252463863864012e+00
-5.039603960396044080e-01 -3.369092352035287341e+00
-5.033553355335538271e-01 -3.367932607826054969e+00
-5.027502750275032462e-01 -3.366773231236170005e+00
-5.021452145214526652e-01 -3.365614222265631117e+00
-5.015401540154020843e-01 -3.364455580914438304e+00
-5.009350935093515034e-01 -3.363297307182592011e+00
-5.003300330033009224e-01 -3.362139401070091793e+00
-4.997249724972498974e-01 -3.360981862576937651e+00
-4.991199119911993165e-01 -3.359824691703130028e+00
-4.985148514851487356e-01 -3.358667888448668926e+00
-4.979097909790981547e-01 -3.357511452813554342e+00
-4.973047304730475737e-01 -3.356355384797785391e+00
-4.966996699669969928e-01 -3.355199684401363847e+00
-4.960946094609464119e-01 -3.354044351624287934e+00
-4.954895489548958309e-01 -3.352889386466558541e+00
-4.948844884488452500e-01 -3.351734788928174780e+00
-4.942794279427946691e-01 -3.350580559009137538e+00
-4.936743674367440882e-01 -3.349426696709447260e+00
-4.930693069306935072e-01 -3.348273202029102613e+00
-4.924642464246429263e-01 -3.347120074968104930e+00
-4.918591859185923454e-01 -3.345967315526452879e+00
-4.912541254125417645e-01 -3.344814923704148235e+00
-4.906490649064911835e-01 -3.343662899501188335e+00
-4.900440044004406026e-01 -3.342511242917575842e+00
-4.894389438943900217e-01 -3.341359953953308981e+00
-4.888338833883389967e-01 -3.340209032608388195e+00
-4.882288228822884157e-01 -3.339058478882813930e+00
-4.876237623762378348e-01 -3.337908292776586627e+00
-4.870187018701872539e-01 -3.336758474289705845e+00
-4.864136413641366730e-01 -3.335609023422170250e+00
-4.858085808580860920e-01 -3.334459940173981618e+00
-4.852035203520355111e-01 -3.333311224545139506e+00
-4.845984598459849302e-01 -3.332162876535643470e+00
-4.839933993399343493e-01 -3.331014896145493509e+00
-4.833883388338837683e-01 -3.329867283374690068e+00
-4.827832783278331874e-01 -3.328720038223232258e+00
-4.821782178217826065e-01 -3.327573160691122300e+00
-4.815731573157320256e-01 -3.326426650778357086e+00
-4.809680968096814446e-01 -3.325280508484939279e+00
-4.803630363036308637e-01 -3.324134733810867104e+00
-4.797579757975802828e-01 -3.322989326756141892e+00
-4.791529152915297018e-01 -3.321844287320761868e+00
-4.785478547854791209e-01 -3.320699615504728808e+00
-4.779427942794285400e-01 -3.319555311308042267e+00
-4.773377337733775150e-01 -3.318411374730700913e+00
-4.767326732673269341e-01 -3.317267805772707412e+00
-4.761276127612763531e-01 -3.316124604434059542e+00
-4.755225522552257722e-01 -3.314981770714757747e+00
-4.749174917491751913e-01 -3.313839304614802916e+00
-4.743124312431246103e-01 -3.312697206134193717e+00
-4.737073707370740294e-01 -3.311555475272930593e+00
-4.731023102310234485e-01 -3.310414112031014433e+00
-4.724972497249728676e-01 -3.309273116408444793e+00
-4.718921892189222866e-01 -3.308132488405220784e+00
-4.712871287128717057e-01 -3.306992228021343294e+00
-4.706820682068211248e-01 -3.305852335256812768e+00
-4.700770077007705439e-01 -3.304712810111627430e+00
-4.694719471947199629e-01 -3.303573652585789056e+00
-4.688668866886693820e-01 -3.302434862679297201e+00
-4.682618261826188011e-01 -3.301296440392151421e+00
-4.676567656765682202e-01 -3.300158385724351717e+00
-4.670517051705176392e-01 -3.299020698675898089e+00
-4.664466446644666142e-01 -3.297883379246790536e+00
-4.658415841584160333e-01 -3.296746427437029503e+00
-4.652365236523654524e-01 -3.295609843246615434e+00
-4.646314631463148714e-01 -3.294473626675547440e+00
-4.640264026402642905e-01 -3.293337777723825965e+00
-4.634213421342137096e-01 -3.292202296391450123e+00
-4.628162816281631287e-01 -3.291067182678421688e+00
-4.622112211221125477e-01 -3.289932436584738440e+00
-4.616061606160619668e-01 -3.288798058110401712e+00
-4.610011001100113859e-01 -3.287664047255411504e+00
-4.603960396039608050e-01 -3.286530404019767815e+00
-4.597909790979102240e-01 -3.285397128403470202e+00
-4.591859185918596431e-01 -3.284264220406519108e+00
-4.585808580858090622e-01 -3.283131680028914090e+00
-4.579757975797584812e-01 -3.281999507270654703e+00
-4.573707370737079003e-01 -3.280867702131742725e+00
-4.567656765676573194e-01 -3.279736264612176821e+00
-4.561606160616067385e-01 -3.278605194711956994e+00
-4.555555555555561575e-01 -3.277474492431083242e+00
-4.549504950495051325e-01 -3.276344157769555565e+00
-4.543454345434545516e-01 -3.275214190727374408e+00
-4.537403740374039707e-01 -3.274084591304539771e+00
-4.531353135313533897e-01 -3.272955359501051653e+00
-4.525302530253028088e-01 -3.271826495316910055e+00
-4.519251925192522279e-01 -3.270697998752114533e+00
-4.513201320132016470e-01 -3.269569869806664641e+00
-4.507150715071510660e-01 -3.268442108480561714e+00
-4.501100110011004851e-01 -3.267314714773804862e+00
-4.495049504950499042e-01 -3.266187688686394530e+00
-4.488998899889993233e-01 -3.265061030218330274e+00
-4.482948294829487423e-01 -3.263934739369612537e+00
-4.476897689768981614e-01 -3.262808816140241319e+00
-4.470847084708475805e-01 -3.261683260530215733e+00
-4.464796479647969996e-01 -3.260558072539537111e+00
-4.458745874587464186e-01 -3.259433252168204564e+00
-4.452695269526958377e-01 -3.258308799416218093e+00
-4.446644664466452568e-01 -3.257184714283578142e+00
-4.440594059405942318e-01 -3.256060996770283822e+00
-4.434543454345436508e-01 -3.254937646876336022e+00
-4.428492849284930699e-01 -3.253814664601735185e+00
-4.422442244224424890e-01 -3.252692049946480424e+00
-4.416391639163919081e-01 -3.251569802910571738e+00
-4.410341034103413271e-01 -3.250447923494009572e+00
-4.404290429042907462e-01 -3.249326411696793926e+00
-4.398239823982401653e-01 -3.248205267518923911e+00
-4.392189218921895844e-01 -3.247084490960401304e+00
-4.386138613861390034e-01 -3.245964082021224328e+00
-4.380088008800884225e-01 -3.244844040701393872e+00
-4.374037403740378416e-01 -3.243724367000909048e+00
-4.367986798679872606e-01 -3.242605060919771631e+00
-4.361936193619366797e-01 -3.241486122457978958e+00
-4.355885588558860988e-01 -3.240367551615534136e+00
-4.349834983498355179e-01 -3.239249348392434946e+00
-4.343784378437849369e-01 -3.238131512788682276e+00
-4.337733773377343560e-01 -3.237014044804275237e+00
-4.331683168316833310e-01 -3.235896944439214273e+00
-4.325632563256327501e-01 -3.234780211693500274e+00
-4.319581958195821692e-01 -3.233663846567132794e+00
-4.313531353135315882e-01 -3.232547849060111389e+00
-4.307480748074810073e-01 -3.231432219172436948e+00
-4.301430143014304264e-01 -3.230316956904108139e+00
-4.295379537953798454e-01 -3.229202062255125849e+00
-4.289328932893292645e-01 -3.228087535225489191e+00
-4.283278327832786836e-01 -3.226973375815199940e+00
-4.277227722772281027e-01 -3.225859584024256321e+00
-4.271177117711775217e-01 -3.224746159852658778e+00
-4.265126512651269408e-01 -3.223633103300408198e+00
-4.259075907590763599e-01 -3.222520414367503250e+00
-4.253025302530257790e-01 -3.221408093053945265e+00
-4.246974697469751980e-01 -3.220296139359733800e+00
-4.240924092409246171e-01 -3.219184553284867967e+00
-4.234873487348740362e-01 -3.218073334829348653e+00
-4.228822882288234553e-01 -3.216962483993175415e+00
-4.222772277227728743e-01 -3.215852000776348696e+00
-4.216721672167218493e-01 -3.214741885178867165e+00
-4.210671067106712684e-01 -3.213632137200733485e+00
-4.204620462046206875e-01 -3.212522756841945437e+00
-4.198569856985701065e-01 -3.211413744102503909e+00
-4.192519251925195256e-01 -3.210305098982408900e+00
-4.186468646864689447e-01 -3.209196821481659523e+00
-4.180418041804183638e-01 -3.208088911600257109e+00
-4.174367436743677828e-01 -3.206981369338200771e+00
-4.168316831683172019e-01 -3.205874194695490953e+00
-4.162266226622666210e-01 -3.204767387672126766e+00
-4.156215621562160401e-01 -3.203660948268109987e+00
-4.150165016501654591e-01 -3.202554876483438839e+00
-4.144114411441148782e-01 -3.201449172318114211e+00
-4.138063806380642973e-01 -3.200343835772135215e+00
-4.132013201320137163e-01 -3.199238866845503626e+00
-4.125962596259631354e-01 -3.198134265538217669e+00
-4.119911991199125545e-01 -3.197030031850277787e+00
-4.113861386138619736e-01 -3.195926165781684425e+00
-4.107810781078109486e-01 -3.194822667332437138e+00
-4.101760176017603676e-01 -3.193719536502536371e+00
-4.095709570957097867e-01 -3.192616773291981680e+00
-4.089658965896592058e-01 -3.191514377700773952e+00
-4.083608360836086248e-01 -3.190412349728912300e+00
-4.077557755775580439e-01 -3.189310689376396724e+00
-4.071507150715074630e-01 -3.188209396643227667e+00
-4.065456545654568821e-01 -3.187108471529404241e+00
-4.059405940594063011e-01 -3.186007914034928667e+00
-4.053355335533557202e-01 -3.184907724159798281e+00
-4.047304730473051393e-01 -3.183807901904014415e+00
-4.041254125412545584e-01 -3.182708447267576624e+00
-4.035203520352039774e-01 -3.181609360250485352e+00
-4.029152915291533965e-01 -3.180510640852740600e+00
-4.023102310231028156e-01 -3.179412289074341480e+00
-4.017051705170522347e-01 -3.178314304915289323e+00
-4.011001100110016537e-01 -3.177216688375582798e+00
-4.004950495049510728e-01 -3.176119439455223237e+00
-3.998899889989004919e-01 -3.175022569431162456e+00
-3.992849284928494669e-01 -3.173926520923789241e+00
-3.986798679867988859e-01 -3.172831522291394091e+00
-3.980748074807483050e-01 -3.171737573533977006e+00
-3.974697469746977241e-01 -3.170644674651538431e+00
-3.968646864686471432e-01 -3.169552825644076588e+00
-3.962596259625965622e-01 -3.168462026511593255e+00
-3.956545654565459813e-01 -3.167372277254088431e+00
-3.950495049504954004e-01 -3.166283577871559896e+00
-3.944444444444448195e-01 -3.165195928364010758e+00
-3.938393839383942385e-01 -3.164109328731439685e+00
-3.932343234323436576e-01 -3.163023778973844902e+00
-3.926292629262930767e-01 -3.161939279091229515e+00
-3.920242024202424957e-01 -3.160855829083591306e+00
-3.914191419141919148e-01 -3.159773428950931162e+00
-3.908140814081413339e-01 -3.158692078693248639e+00
-3.902090209020907530e-01 -3.157611778310545070e+00
-3.896039603960401720e-01 -3.156532527802817789e+00
-3.889988998899895911e-01 -3.155454327170069906e+00
-3.883938393839385661e-01 -3.154377176412298311e+00
-3.877887788778879852e-01 -3.153301075529506559e+00
-3.871837183718374042e-01 -3.152226024521691095e+00
-3.865786578657868233e-01 -3.151152023388854140e+00
-3.859735973597362424e-01 -3.150079072130995250e+00
-3.853685368536856615e-01 -3.149007170748114426e+00
-3.847634763476350805e-01 -3.147936319240211223e+00
-3.841584158415844996e-01 -3.146866517607286085e+00
-3.835533553355339187e-01 -3.145797765849339456e+00
-3.829482948294833378e-01 -3.144730063966369560e+00
-3.823432343234327568e-01 -3.143663411958377729e+00
-3.817381738173821759e-01 -3.142597809825364408e+00
-3.811331133113315950e-01 -3.141533257567328707e+00
-3.805280528052810141e-01 -3.140469755184270628e+00
-3.799229922992304331e-01 -3.139407302676191058e+00
-3.793179317931798522e-01 -3.138345900043089109e+00
-3.787128712871292713e-01 -3.137285547284965226e+00
-3.781078107810786904e-01 -3.136226244401819407e+00
-3.775027502750281094e-01 -3.135167991393650766e+00
-3.768976897689770844e-01 -3.134110788260460190e+00
-3.762926292629265035e-01 -3.133054635002247679e+00
-3.756875687568759226e-01 -3.131999531619013233e+00
-3.750825082508253416e-01 -3.130945478110756408e+00
-3.744774477447747607e-01 -3.129892474477477204e+00
-3.738723872387241798e-01 -3.128840520719176954e+00
-3.732673267326735989e-01 -3.127789616835853881e+00
-3.726622662266230179e-01 -3.126739762827508873e+00
-3.720572057205724370e-01 -3.125690958694141930e+00
-3.714521452145218561e-01 -3.124643204435753052e+00
-3.708470847084712751e-01 -3.123596500052341352e+00
-3.702420242024206942e-01 -3.122550845543908160e+00
-3.696369636963701133e-01 -3.121506240910453034e+00
-3.690319031903195324e-01 -3.120462686151975085e+00
-3.684268426842689514e-01 -3.119420181268475645e+00
-3.678217821782183705e-01 -3.118378726259954714e+00
-3.672167216721677896e-01 -3.117338321126410516e+00
-3.666116611661172087e-01 -3.116298965867844384e+00
-3.660066006600661837e-01 -3.115260660484255428e+00
-3.654015401540156027e-01 -3.114223404975645870e+00
-3.647964796479650218e-01 -3.113187199342014377e+00
-3.641914191419144409e-01 -3.112152043583359617e+00
-3.635863586358638599e-01 -3.111117937699682923e+00
-3.629812981298132790e-01 -3.110084881690984737e+00
-3.623762376237626981e-01 -3.109052875557264173e+00
-3.617711771177121172e-01 -3.108021919298521674e+00
-3.611661166116615362e-01 -3.106992012914756351e+00
-3.605610561056109553e-01 -3.105963156405969539e+00
-3.599559955995603744e-01 -3.104935349772160791e+00
-3.593509350935097935e-01 -3.103908593013329664e+00
-3.587458745874592125e-01 -3.102882886129476603e+00
-3.581408140814086316e-01 -3.101858229120602051e+00
-3.575357535753580507e-01 -3.100834621986704676e+00
-3.569306930693074698e-01 -3.099812064727784477e+00
-3.563256325632568888e-01 -3.098790557343843677e+00
-3.557205720572063079e-01 -3.097770099834880497e+00
-3.551155115511557270e-01 -3.096750692200894051e+00
-3.545104510451047020e-01 -3.095732334441886557e+00
-3.539053905390541210e-01 -3.094715026557855797e+00
-3.533003300330035401e-01 -3.093698768548804434e+00
-3.526952695269529592e-01 -3.092683560414730692e+00
-3.520902090209023783e-01 -3.091669402155634128e+00
-3.514851485148517973e-01 -3.090656293771516072e+00
-3.508800880088012164e-01 -3.089644235262376082e+00
-3.502750275027506355e-01 -3.088633226628213269e+00
-3.496699669967000546e-01 -3.087623267869028076e+00
-3.490649064906494736e-01 -3.086614358984821838e+00
-3.484598459845988927e-01 -3.085606499975593220e+00
-3.478547854785483118e-01 -3.084599690841342223e+00
-3.472497249724977308e-01 -3.083593931582069292e+00
-3.466446644664471499e-01 -3.082589222197775314e+00
-3.460396039603965690e-01 -3.081585562688457181e+00
-3.454345434543459881e-01 -3.080582953054118445e+00
-3.448294829482954071e-01 -3.079581393294757774e+00
-3.442244224422448262e-01 -3.078580883410374280e+00
-3.436193619361938012e-01 -3.077581423400968408e+00
-3.430143014301432203e-01 -3.076583013266540156e+00
-3.424092409240926393e-01 -3.075585653007090858e+00
-3.418041804180420584e-01 -3.074589342622619625e+00
-3.411991199119914775e-01 -3.073594082113125570e+00
-3.405940594059408966e-01 -3.072599871478609579e+00
-3.399889988998903156e-01 -3.071606710719072098e+00
-3.393839383938397347e-01 -3.070614599834511793e+00
-3.387788778877891538e-01 -3.069623538824929554e+00
-3.381738173817385729e-01 -3.068633527690325824e+00
-3.375687568756879919e-01 -3.067644566430699271e+00
-3.369636963696374110e-01 -3.066656655046050339e+00
-3.363586358635868301e-01 -3.065669793536380361e+00
-3.357535753575362492e-01 -3.064683981901687559e+00
-3.351485148514856682e-01 -3.063699220141973711e+00
-3.345434543454350873e-01 -3.062715508257236152e+00
-3.339383938393845064e-01 -3.061732846247477546e+00
-3.333333333333339255e-01 -3.060751234112697006e+00
-3.327282728272829004e-01 -3.059770671852892754e+00
-3.321232123212323195e-01 -3.058791159468067899e+00
-3.315181518151817386e-01 -3.057812696958220666e+00
-3.309130913091311577e-01 -3.056835284323351054e+00
-3.303080308030805767e-01 -3.055858921563459507e+00
-3.297029702970299958e-01 -3.054883608678546469e+00
-3.290979097909794149e-01 -3.053909345668610165e+00
-3.284928492849288340e-01 -3.052936132533653257e+00
-3.278877887788782530e-01 -3.051963969273673527e+00
-3.272827282728276721e-01 -3.050992855888670974e+00
-3.266776677667770912e-01 -3.050022792378646930e+00
-3.260726072607265102e-01 -3.049053778743601395e+00
-3.254675467546759293e-01 -3.048085814983533037e+00
-3.248624862486253484e-01 -3.047118901098442745e+00
-3.242574257425747675e-01 -3.046153037088330517e+00
-3.236523652365241865e-01 -3.045188222953195911e+00
-3.230473047304736056e-01 -3.044224458693039370e+00
-3.224422442244230247e-01 -3.043261744307861338e+00
-3.218371837183724438e-01 -3.042300079797660040e+00
-3.212321232123214187e-01 -3.041339465162436362e+00
-3.206270627062708378e-01 -3.040379900402191637e+00
-3.200220022002202569e-01 -3.039421385516924534e+00
-3.194169416941696760e-01 -3.038463920506635496e+00
-3.188118811881190950e-01 -3.037507505371324079e+00
-3.182068206820685141e-01 -3.036552140110991616e+00
-3.176017601760179332e-01 -3.035597824725635885e+00
-3.169966996699673523e-01 -3.034644559215258663e+00
-3.163916391639167713e-01 -3.033692343579859063e+00
-3.157865786578661904e-01 -3.032741177819437972e+00
-3.151815181518156095e-01 -3.031791061933993614e+00
-3.145764576457650286e-01 -3.030841995923528209e+00
-3.139713971397144476e-01 -3.029893979788040426e+00
-3.133663366336638667e-01 -3.028947013527529819e+00
-3.127612761276132858e-01 -3.028001097141998166e+00
-3.121562156215627049e-01 -3.027056230631444134e+00
-3.115511551155121239e-01 -3.026112413995867279e+00
-3.109460946094615430e-01 -3.025169647235269377e+00
-3.103410341034105180e-01 -3.024227930349647764e+00
-3.097359735973599371e-01 -3.023287263339005548e+00
-3.091309130913093561e-01 -3.022347646203340954e+00
-3.085258525852587752e-01 -3.021409078942653537e+00
-3.079207920792081943e-01 -3.020471561556945517e+00
-3.073157315731576134e-01 -3.019535094046214674e+00
-3.067106710671070324e-01 -3.018599676410461008e+00
-3.061056105610564515e-01 -3.017665308649686295e+00
-3.055005500550058706e-01 -3.016731990763889204e+00
-3.048954895489552896e-01 -3.015799722753069734e+00
-3.042904290429047087e-01 -3.014868504617227885e+00
-3.036853685368541278e-01 -3.013938336356365433e+00
-3.030803080308035469e-01 -3.013009217970478826e+00
-3.024752475247529659e-01 -3.012081149459571172e+00
-3.018701870187023850e-01 -3.011154130823642472e+00
-3.012651265126518041e-01 -3.010228162062690060e+00
-3.006600660066012232e-01 -3.009303243176716602e+00
-3.000550055005506422e-01 -3.008379374165720321e+00
-2.994499449945000613e-01 -3.007456555029701661e+00
-2.988448844884490363e-01 -3.006534785768661511e+00
-2.982398239823984554e-01 -3.005614066382598981e+00
-2.976347634763478744e-01 -3.004694396871514961e+00
-2.970297029702972935e-01 -3.003775777235408118e+00
-2.964246424642467126e-01 -3.002858207474279340e+00
-2.958195819581961317e-01 -3.001941687588128627e+00
-2.952145214521455507e-01 -3.001026217576955979e+00
-2.946094609460949698e-01 -3.000111797440760952e+00
-2.940044004400443889e-01 -2.999198427179544435e+00
-2.933993399339938080e-01 -2.998286106793305983e+00
-2.927942794279432270e-01 -2.997374836282043820e+00
-2.921892189218926461e-01 -2.996464615645761054e+00
-2.915841584158420652e-01 -2.995555444884455909e+00
-2.909790979097914843e-01 -2.994647323998127941e+00
-2.903740374037409033e-01 -2.993740252986778927e+00
-2.897689768976903224e-01 -2.992834231850407090e+00
-2.891639163916397415e-01 -2.991929260589013317e+00
-2.885588558855891606e-01 -2.991025339202597610e+00
-2.879537953795381355e-01 -2.990122467691158636e+00
-2.873487348734875546e-01 -2.989220646054699060e+00
-2.867436743674369737e-01 -2.988319874293217548e+00
-2.861386138613863928e-01 -2.987420152406712326e+00
-2.855335533553358118e-01 -2.986521480395186501e+00
-2.849284928492852309e-01 -2.985623858258638741e+00
-2.843234323432346500e-01 -2.984727285997068158e+00
-2.837183718371840691e-01 -2.983831763610475196e+00
-2.831133113311334881e-01 -2.982937291098860744e+00
-2.825082508250829072e-01 -2.982043868462223912e+00
-2.819031903190323263e-01 -2.981151495700565146e+00
-2.812981298129817453e-01 -2.980260172813884001e+00
-2.806930693069311644e-01 -2.979369899802180921e+00
-2.800880088008805835e-01 -2.978480676665456350e+00
-2.794829482948300026e-01 -2.977592503403709401e+00
-2.788778877887794216e-01 -2.976705380016939628e+00
-2.782728272827288407e-01 -2.975819306505148365e+00
-2.776677667766782598e-01 -2.974934282868335167e+00
-2.770627062706276789e-01 -2.974050309106499146e+00
-2.764576457645766538e-01 -2.973167385219641190e+00
-2.758525852585260729e-01 -2.972285511207760855e+00
-2.752475247524754920e-01 -2.971404687070859918e+00
-2.746424642464249111e-01 -2.970524912808936158e+00
-2.740374037403743301e-01 -2.969646188421990018e+00
-2.734323432343237492e-01 -2.968768513910021500e+00
-2.728272827282731683e-01 -2.967891889273031936e+00
-2.722222222222225874e-01 -2.967016314511019104e+00
-2.716171617161720064e-01 -2.966141789623985225e+00
-2.710121012101214255e-01 -2.965268314611928524e+00
-2.704070407040708446e-01 -2.964395889474850332e+00
-2.698019801980202637e-01 -2.963524514212749761e+00
-2.691969196919696827e-01 -2.962654188825626811e+00
-2.685918591859191018e-01 -2.961784913313481926e+00
-2.679867986798685209e-01 -2.960916687676314663e+00
-2.673817381738179400e-01 -2.960049511914126352e+00
-2.667766776677673590e-01 -2.959183386026914775e+00
-2.661716171617167781e-01 -2.958318310014681707e+00
-2.655665566556657531e-01 -2.957454283877426260e+00
-2.649614961496151722e-01 -2.956591307615148434e+00
-2.643564356435645912e-01 -2.955729381227849117e+00
-2.637513751375140103e-01 -2.954868504715527422e+00
-2.631463146314634294e-01 -2.954008678078183792e+00
-2.625412541254128485e-01 -2.953149901315818227e+00
-2.619361936193622675e-01 -2.952292174428429838e+00
-2.613311331133116866e-01 -2.951435497416019960e+00
-2.607260726072611057e-01 -2.950579870278588146e+00
-2.601210121012105247e-01 -2.949725293016133953e+00
-2.595159515951599438e-01 -2.948871765628657826e+00
-2.589108910891093629e-01 -2.948019288116159764e+00
-2.583058305830587820e-01 -2.947167860478639323e+00
-2.577007700770082010e-01 -2.946317482716096503e+00
-2.570957095709576201e-01 -2.945468154828532192e+00
-2.564906490649070392e-01 -2.944619876815945503e+00
-2.558855885588564583e-01 -2.943772648678336878e+00
-2.552805280528058773e-01 -2.942926470415705875e+00
-2.546754675467552964e-01 -2.942081342028052493e+00
-2.540704070407042714e-01 -2.941237263515378064e+00
-2.534653465346536905e-01 -2.940394234877679924e+00
-2.528602860286031095e-01 -2.939552256114961182e+00
-2.522552255225525286e-01 -2.938711327227220060e+00
-2.516501650165019477e-01 -2.937871448214456116e+00
-2.510451045104513668e-01 -2.937032619076670681e+00
-2.504400440044007858e-01 -2.936194839813863311e+00
-2.498349834983502049e-01 -2.935358110426033562e+00
-2.492299229922996240e-01 -2.934522430913181879e+00
-2.486248624862490431e-01 -2.933687801275307816e+00
-2.480198019801984621e-01 -2.932854221512411819e+00
-2.474147414741478812e-01 -2.932021691624494331e+00
-2.468096809680973003e-01 -2.931190211611554464e+00
-2.462046204620467194e-01 -2.930359781473591330e+00
-2.455995599559961384e-01 -2.929530401210607593e+00
-2.449944994499455575e-01 -2.928702070822600589e+00
-2.443894389438949766e-01 -2.927874790309572095e+00
-2.437843784378443956e-01 -2.927048559671521666e+00
-2.431793179317933706e-01 -2.926223378908448414e+00
-2.425742574257427897e-01 -2.925399248020354115e+00
-2.419691969196922088e-01 -2.924576167007236549e+00
-2.413641364136416279e-01 -2.923754135869097492e+00
-2.407590759075910469e-01 -2.922933154605936501e+00
-2.401540154015404660e-01 -2.922113223217753575e+00
-2.395489548954898851e-01 -2.921294341704547826e+00
-2.389438943894393041e-01 -2.920476510066321474e+00
-2.383388338833887232e-01 -2.919659728303072299e+00
-2.377337733773381423e-01 -2.918843996414799857e+00
-2.371287128712875614e-01 -2.918029314401506369e+00
-2.365236523652369804e-01 -2.917215682263190502e+00
-2.359185918591863995e-01 -2.916403099999852699e+00
-2.353135313531358186e-01 -2.915591567611492962e+00
-2.347084708470852377e-01 -2.914781085098110847e+00
-2.341034103410346567e-01 -2.913971652459707240e+00
-2.334983498349840758e-01 -2.913163269696280810e+00
-2.328932893289334949e-01 -2.912355936807832890e+00
-2.322882288228829140e-01 -2.911549653794362147e+00
-2.316831683168318889e-01 -2.910744420655869469e+00
-2.310781078107813080e-01 -2.909940237392354856e+00
-2.304730473047307271e-01 -2.909137104003817864e+00
-2.298679867986801462e-01 -2.908335020490259382e+00
-2.292629262926295652e-01 -2.907533986851678520e+00
-2.286578657865789843e-01 -2.906734003088075724e+00
-2.280528052805284034e-01 -2.905935069199450549e+00
-2.274477447744778225e-01 -2.905137185185803439e+00
-2.268426842684272415e-01 -2.904340351047133950e+00
-2.262376237623766606e-01 -2.903544566783442971e+00
-2.256325632563260797e-01 -2.902749832394729168e+00
-2.250275027502754988e-01 -2.901956147880994319e+00
-2.244224422442249178e-01 -2.901163513242236647e+00
-2.238173817381743369e-01 -2.900371928478457040e+00
-2.232123212321237560e-01 -2.899581393589655498e+00
-2.226072607260731751e-01 -2.898791908575831577e+00
-2.220022002200225941e-01 -2.898003473436985278e+00
-2.213971397139720132e-01 -2.897216088173117488e+00
-2.207920792079209882e-01 -2.896429752784226430e+00
-2.201870187018704073e-01 -2.895644467270314770e+00
-2.195819581958198263e-01 -2.894860231631379843e+00
-2.189768976897692454e-01 -2.894077045867423426e+00
-2.183718371837186645e-01 -2.893294909978445517e+00
-2.177667766776680836e-01 -2.892513823964445230e+00
-2.171617161716175026e-01 -2.891733787825422120e+00
-2.165566556655669217e-01 -2.890954801561377518e+00
-2.159515951595163408e-01 -2.890176865172310983e+00
-2.153465346534657598e-01 -2.889399978658221180e+00
-2.147414741474151789e-01 -2.888624142019111218e+00
-2.141364136413645980e-01 -2.887849355254977102e+00
-2.135313531353140171e-01 -2.887075618365821938e+00
-2.129262926292634361e-01 -2.886302931351645285e+00
-2.123212321232128552e-01 -2.885531294212445808e+00
-2.117161716171622743e-01 -2.884760706948224396e+00
-2.111111111111116934e-01 -2.883991169558980161e+00
-2.105060506050611124e-01 -2.883222682044714436e+00
-2.099009900990100874e-01 -2.882455244405425887e+00
-2.092959295929595065e-01 -2.881688856641116292e+00
-2.086908690869089256e-01 -2.880923518751784762e+00
-2.080858085808583446e-01 -2.880159230737429965e+00
-2.074807480748077637e-01 -2.879395992598054566e+00
-2.068756875687571828e-01 -2.878633804333656343e+00
-2.062706270627066019e-01 -2.877872665944235742e+00
-2.056655665566560209e-01 -2.877112577429793649e+00
-2.050605060506054400e-01 -2.876353538790329178e+00
-2.044554455445548591e-01 -2.875595550025842329e+00
-2.038503850385042782e-01 -2.874838611136333988e+00
-2.032453245324536972e-01 -2.874082722121802824e+00
-2.026402640264031163e-01 -2.873327882982250170e+00
-2.020352035203525354e-01 -2.872574093717676025e+00
-2.014301430143019545e-01 -2.871821354328078613e+00
-2.008250825082513735e-01 -2.871069664813458822e+00
-2.002200220022007926e-01 -2.870319025173817540e+00
-1.996149614961502117e-01 -2.869569435409154767e+00
-1.990099009900996307e-01 -2.868820895519469616e+00
-1.984048404840486057e-01 -2.868073405504760753e+00
-1.977997799779980248e-01 -2.867326965365030844e+00
-1.971947194719474439e-01 -2.866581575100279444e+00
-1.965896589658968630e-01 -2.865837234710505665e+00
-1.959845984598462820e-01 -2.865093944195709952e+00
-1.953795379537957011e-01 -2.864351703555891859e+00
-1.947744774477451202e-01 -2.863610512791051388e+00
-1.941694169416945392e-01 -2.862870371901189426e+00
-1.935643564356439583e-01 -2.862131280886305529e+00
-1.929592959295933774e-01 -2.861393239746398809e+00
-1.923542354235427965e-01 -2.860656248481470598e+00
-1.917491749174922155e-01 -2.859920307091520009e+00
-1.911441144114416346e-01 -2.859185415576547484e+00
-1.905390539053910537e-01 -2.858451573936552137e+00
-1.899339933993404728e-01 -2.857718782171536631e+00
-1.893289328932898918e-01 -2.856987040281496970e+00
-1.887238723872393109e-01 -2.856256348266436262e+00
-1.881188118811887300e-01 -2.855526706126353176e+00
-1.875137513751377050e-01 -2.854798113861247266e+00
-1.869086908690871240e-01 -2.854070571471120310e+00
-1.863036303630365431e-01 -2.853344078955970531e+00
-1.856985698569859622e-01 -2.852618636315798817e+00
-1.850935093509353813e-01 -2.851894243550606056e+00
-1.844884488448848003e-01 -2.851170900660390028e+00
-1.838833883388342194e-01 -2.850448607645152066e+00
-1.832783278327836385e-01 -2.849727364504892169e+00
-1.826732673267330576e-01 -2.849007171239610336e+00
-1.820682068206824766e-01 -2.848288027849306125e+00
-1.814631463146318957e-01 -2.847569934333980424e+00
-1.808580858085813148e-01 -2.846852890693632343e+00
-1.802530253025307339e-01 -2.846136896928261883e+00
-1.796479647964801529e-01 -2.845421953037869489e+00
-1.790429042904295720e-01 -2.844708059022455160e+00
-1.784378437843789911e-01 -2.843995214882018452e+00
-1.778327832783284101e-01 -2.843283420616559809e+00
-1.772277227722778292e-01 -2.842572676226078787e+00
-1.766226622662272483e-01 -2.841862981710576275e+00
-1.760176017601762233e-01 -2.841154337070050939e+00
-1.754125412541256424e-01 -2.840446742304503669e+00
-1.748074807480750614e-01 -2.839740197413934464e+00
-1.742024202420244805e-01 -2.839034702398343324e+00
-1.735973597359738996e-01 -2.838330257257729805e+00
-1.729922992299233186e-01 -2.837626861992094351e+00
-1.723872387238727377e-01 -2.836924516601436963e+00
-1.717821782178221568e-01 -2.836223221085757196e+00
-1.711771177117715759e-01 -2.835522975445056382e+00
-1.705720572057209949e-01 -2.834823779679331857e+00
-1.699669966996704140e-01 -2.834125633788585841e+00
-1.693619361936198331e-01 -2.833428537772818334e+00
-1.687568756875692522e-01 -2.832732491632028449e+00
-1.681518151815186712e-01 -2.832037495366216184e+00
-1.675467546754680903e-01 -2.831343548975381985e+00
-1.669416941694175094e-01 -2.830650652459525851e+00
-1.663366336633669285e-01 -2.829958805818646894e+00
-1.657315731573163475e-01 -2.829268009052747335e+00
-1.651265126512653225e-01 -2.828578262161823620e+00
-1.645214521452147416e-01 -2.827889565145879303e+00
-1.639163916391641607e-01 -2.827201918004912162e+00
-1.633113311331135797e-01 -2.826515320738923087e+00
-1.627062706270629988e-01 -2.825829773347912521e+00
-1.621012101210124179e-01 -2.825145275831879577e+00
-1.614961496149618370e-01 -2.824461828190823809e+00
-1.608910891089112560e-01 -2.823779430424746995e+00
-1.602860286028606751e-01 -2.823098082533647357e+00
-1.596809680968100942e-01 -2.822417784517526229e+00
-1.590759075907595133e-01 -2.821738536376382722e+00
-1.584708470847089323e-01 -2.821060338110217280e+00
-1.578657865786583514e-01 -2.820383189719029460e+00
-1.572607260726077705e-01 -2.819707091202819704e+00
-1.566556655665571895e-01 -2.819032042561587570e+00
-1.560506050605066086e-01 -2.818358043795333501e+00
-1.554455445544560277e-01 -2.817685094904057497e+00
-1.548404840484054468e-01 -2.817013195887759114e+00
-1.542354235423548658e-01 -2.816342346746438796e+00
-1.536303630363038408e-01 -2.815672547480096544e+00
-1.530253025302532599e-01 -2.815003798088731912e+00
-1.524202420242026790e-01 -2.814336098572345790e+00
-1.518151815181520981e-01 -2.813669448930936845e+00
-1.512101210121015171e-01 -2.813003849164505965e+00
-1.506050605060509362e-01 -2.812339299273054039e+00
-1.500000000000003553e-01 -2.811675799256578401e+00
-1.493949394939497743e-01 -2.811013349115081272e+00
-1.487898789878991934e-01 -2.810351948848563097e+00
-1.481848184818486125e-01 -2.809691598457021211e+00
-1.475797579757980316e-01 -2.809032297940457834e+00
-1.469746974697474506e-01 -2.808374047298872522e+00
-1.463696369636968697e-01 -2.807716846532264832e+00
-1.457645764576462888e-01 -2.807060695640635650e+00
-1.451595159515957079e-01 -2.806405594623984090e+00
-1.445544554455451269e-01 -2.805751543482310151e+00
-1.439493949394945460e-01 -2.805098542215614277e+00
-1.433443344334439651e-01 -2.804446590823896468e+00
-1.427392739273929401e-01 -2.803795689307156280e+00
-1.421342134213423591e-01 -2.803145837665393714e+00
-1.415291529152917782e-01 -2.802497035898610100e+00
-1.409240924092411973e-01 -2.801849284006803664e+00
-1.403190319031906164e-01 -2.801202581989975293e+00
-1.397139713971400354e-01 -2.800556929848124543e+00
-1.391089108910894545e-01 -2.799912327581251414e+00
-1.385038503850388736e-01 -2.799268775189357239e+00
-1.378987898789882927e-01 -2.798626272672440685e+00
-1.372937293729377117e-01 -2.797984820030501751e+00
-1.366886688668871308e-01 -2.797344417263540883e+00
-1.360836083608365499e-01 -2.796705064371558080e+00
-1.354785478547859690e-01 -2.796066761354552455e+00
-1.348734873487353880e-01 -2.795429508212525782e+00
-1.342684268426848071e-01 -2.794793304945475843e+00
-1.336633663366342262e-01 -2.794158151553404856e+00
-1.330583058305836452e-01 -2.793524048036311491e+00
-1.324532453245330643e-01 -2.792890994394195747e+00
-1.318481848184824834e-01 -2.792258990627058068e+00
-1.312431243124314584e-01 -2.791628036734898011e+00
-1.306380638063808775e-01 -2.790998132717716018e+00
-1.300330033003302965e-01 -2.790369278575512535e+00
-1.294279427942797156e-01 -2.789741474308285341e+00
-1.288228822882291347e-01 -2.789114719916037544e+00
-1.282178217821785537e-01 -2.788489015398767812e+00
-1.276127612761279728e-01 -2.787864360756475257e+00
-1.270077007700773919e-01 -2.787240755989160768e+00
-1.264026402640268110e-01 -2.786618201096824343e+00
-1.257975797579762300e-01 -2.785996696079465984e+00
-1.251925192519256491e-01 -2.785376240937084802e+00
-1.245874587458750682e-01 -2.784756835669682573e+00
-1.239823982398244873e-01 -2.784138480277257521e+00
-1.233773377337739063e-01 -2.783521174759810535e+00
-1.227722772277233254e-01 -2.782904919117341613e+00
-1.221672167216727445e-01 -2.782289713349850313e+00
-1.215621562156221636e-01 -2.781675557457337078e+00
-1.209570957095715826e-01 -2.781062451439801908e+00
-1.203520352035205576e-01 -2.780450395297243915e+00
-1.197469746974699767e-01 -2.779839389029664432e+00
-1.191419141914193958e-01 -2.779229432637062569e+00
-1.185368536853688148e-01 -2.778620526119439216e+00
-1.179317931793182339e-01 -2.778012669476793484e+00
-1.173267326732676530e-01 -2.777405862709125373e+00
-1.167216721672170721e-01 -2.776800105816435327e+00
-1.161166116611664911e-01 -2.776195398798723346e+00
-1.155115511551159102e-01 -2.775591741655989431e+00
-1.149064906490653293e-01 -2.774989134388233136e+00
-1.143014301430147484e-01 -2.774387576995454907e+00
-1.136963696369641674e-01 -2.773787069477654299e+00
-1.130913091309135865e-01 -2.773187611834831756e+00
-1.124862486248630056e-01 -2.772589204066987278e+00
-1.118811881188124246e-01 -2.771991846174120422e+00
-1.112761276127618437e-01 -2.771395538156231186e+00
-1.106710671067112628e-01 -2.770800280013320904e+00
-1.100660066006606819e-01 -2.770206071745387799e+00
-1.094609460946096569e-01 -2.769612913352431871e+00
-1.088558855885590759e-01 -2.769020804834454896e+00
-1.082508250825084950e-01 -2.768429746191455543e+00
-1.076457645764579141e-01 -2.767839737423434698e+00
-1.070407040704073331e-01 -2.767250778530391031e+00
-1.064356435643567522e-01 -2.766662869512324985e+00
-1.058305830583061713e-01 -2.766076010369237892e+00
-1.052255225522555904e-01 -2.765490201101128420e+00
-1.046204620462050094e-01 -2.764905441707996125e+00
-1.040154015401544285e-01 -2.764321732189842340e+00
-1.034103410341038476e-01 -2.763739072546666176e+00
-1.028052805280532667e-01 -2.763157462778468521e+00
-1.022002200220026857e-01 -2.762576902885248042e+00
-1.015951595159521048e-01 -2.761997392867005630e+00
-1.009900990099015239e-01 -2.761418932723741282e+00
-1.003850385038509430e-01 -2.760841522455454999e+00
-9.977997799780036203e-02 -2.760265192134029988e+00
-9.917491749174978111e-02 -2.759690274429684731e+00
-9.856985698569920018e-02 -2.759116861437562740e+00
-9.796479647964817516e-02 -2.758544953157664903e+00
-9.735973597359759424e-02 -2.757974549589991664e+00
-9.675467546754701331e-02 -2.757405650734541247e+00
-9.614961496149643239e-02 -2.756838256591314984e+00
-9.554455445544585146e-02 -2.756272367160312431e+00
-9.493949394939527053e-02 -2.755707982441533588e+00
-9.433443344334468961e-02 -2.755145102434980231e+00
-9.372937293729410868e-02 -2.754583727140649252e+00
-9.312431243124352775e-02 -2.754023856558541983e+00
-9.251925192519294683e-02 -2.753465490688658868e+00
-9.191419141914236590e-02 -2.752908629531000351e+00
-9.130913091309178498e-02 -2.752353273085565544e+00
-9.070407040704120405e-02 -2.751799421352354447e+00
-9.009900990099062312e-02 -2.751247074331367060e+00
-8.949394939494004220e-02 -2.750696232022602494e+00
-8.888888888888946127e-02 -2.750146894426063415e+00
-8.828382838283888034e-02 -2.749599061541747602e+00
-8.767876787678829942e-02 -2.749052733369655943e+00
-8.707370737073727440e-02 -2.748507909909787994e+00
-8.646864686468669348e-02 -2.747964591162143311e+00
-8.586358635863611255e-02 -2.747422777126723226e+00
-8.525852585258553162e-02 -2.746882467803526851e+00
-8.465346534653495070e-02 -2.746343663192553741e+00
-8.404840484048436977e-02 -2.745806363293805674e+00
-8.344334433443378884e-02 -2.745270568107280429e+00
-8.283828382838320792e-02 -2.744736277632979338e+00
-8.223322332233262699e-02 -2.744203491870902845e+00
-8.162816281628204607e-02 -2.743672210821049617e+00
-8.102310231023146514e-02 -2.743142434483420100e+00
-8.041804180418088421e-02 -2.742614162858014737e+00
-7.981298129813030329e-02 -2.742087395944833084e+00
-7.920792079207972236e-02 -2.741562133743875140e+00
-7.860286028602914143e-02 -2.741038376255141795e+00
-7.799779977997856051e-02 -2.740516123478632160e+00
-7.739273927392797958e-02 -2.739995375414345347e+00
-7.678767876787739866e-02 -2.739476132062283575e+00
-7.618261826182681773e-02 -2.738958393422445070e+00
-7.557755775577579271e-02 -2.738442159494830719e+00
-7.497249724972521179e-02 -2.737927430279439633e+00
-7.436743674367463086e-02 -2.737414205776272702e+00
-7.376237623762404993e-02 -2.736902485985330813e+00
-7.315731573157346901e-02 -2.736392270906611301e+00
-7.255225522552288808e-02 -2.735883560540116388e+00
-7.194719471947230716e-02 -2.735376354885845185e+00
-7.134213421342172623e-02 -2.734870653943798136e+00
-7.073707370737114530e-02 -2.734366457713973908e+00
-7.013201320132056438e-02 -2.733863766196375167e+00
-6.952695269526998345e-02 -2.733362579390998803e+00
-6.892189218921940252e-02 -2.732862897297847482e+00
-6.831683168316882160e-02 -2.732364719916919427e+00
-6.771177117711824067e-02 -2.731868047248215081e+00
-6.710671067106765975e-02 -2.731372879291735334e+00
-6.650165016501707882e-02 -2.730879216047478408e+00
-6.589658965896649789e-02 -2.730387057515446525e+00
-6.529152915291591697e-02 -2.729896403695637908e+00
-6.468646864686489195e-02 -2.729407254588052556e+00
-6.408140814081431103e-02 -2.728919610192691803e+00
-6.347634763476373010e-02 -2.728433470509555647e+00
-6.287128712871314917e-02 -2.727948835538642314e+00
-6.226622662266256825e-02 -2.727465705279952690e+00
-6.166116611661198732e-02 -2.726984079733487665e+00
-6.105610561056140639e-02 -2.726503958899246349e+00
-6.045104510451082547e-02 -2.726025342777227856e+00
-5.984598459846024454e-02 -2.725548231367434848e+00
-5.924092409240966361e-02 -2.725072624669864219e+00
-5.863586358635908269e-02 -2.724598522684519075e+00
-5.803080308030850176e-02 -2.724125925411396754e+00
-5.742574257425792084e-02 -2.723654832850499030e+00
-5.682068206820733991e-02 -2.723185245001824129e+00
-5.621562156215675898e-02 -2.722717161865373381e+00
-5.561056105610617806e-02 -2.722250583441147231e+00
-5.500550055005559713e-02 -2.721785509729143904e+00
-5.440044004400501620e-02 -2.721321940729365618e+00
-5.379537953795443528e-02 -2.720859876441810155e+00
-5.319031903190341026e-02 -2.720399316866479289e+00
-5.258525852585282934e-02 -2.719940262003372133e+00
-5.198019801980224841e-02 -2.719482711852488244e+00
-5.137513751375166748e-02 -2.719026666413828508e+00
-5.077007700770108656e-02 -2.718572125687393370e+00
-5.016501650165050563e-02 -2.718119089673181499e+00
-4.955995599559992471e-02 -2.717667558371194225e+00
-4.895489548954934378e-02 -2.717217531781430662e+00
-4.834983498349876285e-02 -2.716769009903889920e+00
-4.774477447744818193e-02 -2.716321992738574220e+00
-4.713971397139760100e-02 -2.715876480285481342e+00
-4.653465346534702007e-02 -2.715432472544612619e+00
-4.592959295929643915e-02 -2.714989969515968049e+00
-4.532453245324585822e-02 -2.714548971199547189e+00
-4.471947194719527729e-02 -2.714109477595350928e+00
-4.411441144114469637e-02 -2.713671488703377488e+00
-4.350935093509411544e-02 -2.713235004523628202e+00
-4.290429042904353452e-02 -2.712800025056102626e+00
-4.229922992299250950e-02 -2.712366550300801649e+00
-4.169416941694192857e-02 -2.711934580257723937e+00
-4.108910891089134765e-02 -2.711504114926869935e+00
-4.048404840484076672e-02 -2.711075154308240975e+00
-3.987898789879018580e-02 -2.710647698401834393e+00
-3.927392739273960487e-02 -2.710221747207652854e+00
-3.866886688668902394e-02 -2.709797300725694580e+00
-3.806380638063844302e-02 -2.709374358955960016e+00
-3.745874587458786209e-02 -2.708952921898449606e+00
-3.685368536853728116e-02 -2.708532989553163350e+00
-3.624862486248670024e-02 -2.708114561920100360e+00
-3.564356435643611931e-02 -2.707697638999261969e+00
-3.503850385038553839e-02 -2.707282220790646843e+00
-3.443344334433495746e-02 -2.706868307294255871e+00
-3.382838283828437653e-02 -2.706455898510089053e+00
-3.322332233223379561e-02 -2.706044994438145501e+00
-3.261826182618321468e-02 -2.705635595078425659e+00
-3.201320132013263375e-02 -2.705227700430930859e+00
-3.140814081408205283e-02 -2.704821310495658881e+00
-3.080308030803102781e-02 -2.704416425272610613e+00
-3.019801980198044689e-02 -2.704013044761786944e+00
-2.959295929592986596e-02 -2.703611168963186984e+00
-2.898789878987928503e-02 -2.703210797876810290e+00
-2.838283828382870411e-02 -2.702811931502658194e+00
-2.777777777777812318e-02 -2.702414569840729808e+00
-2.717271727172754225e-02 -2.702018712891025576e+00
-2.656765676567696133e-02 -2.701624360653545054e+00
-2.596259625962638040e-02 -2.701231513128287798e+00
-2.535753575357579948e-02 -2.700840170315254696e+00
-2.475247524752521855e-02 -2.700450332214446192e+00
-2.414741474147463762e-02 -2.700061998825860954e+00
-2.354235423542405670e-02 -2.699675170149499426e+00
-2.293729372937347577e-02 -2.699289846185362052e+00
-2.233223322332289484e-02 -2.698906026933448388e+00
-2.172717271727231392e-02 -2.698523712393758878e+00
-2.112211221122173299e-02 -2.698142902566293522e+00
-2.051705170517115207e-02 -2.697763597451050988e+00
-1.991199119912012705e-02 -2.697385797048033496e+00
-1.930693069306954612e-02 -2.697009501357238825e+00
-1.870187018701896520e-02 -2.696634710378668753e+00
-1.809680968096838427e-02 -2.696261424112321947e+00
-1.749174917491780334e-02 -2.695889642558198851e+00
-1.688668866886722242e-02 -2.695519365716300797e+00
-1.628162816281664149e-02 -2.695150593586626009e+00
-1.567656765676606057e-02 -2.694783326169174931e+00
-1.507150715071547964e-02 -2.694417563463947562e+00
-1.446644664466489871e-02 -2.694053305470944792e+00
-1.386138613861431779e-02 -2.693690552190165288e+00
-1.325632563256373686e-02 -2.693329303621609938e+00
-1.265126512651315593e-02 -2.692969559765277854e+00
-1.204620462046257501e-02 -2.692611320621169924e+00
-1.144114411441199408e-02 -2.692254586189286591e+00
-1.083608360836141316e-02 -2.691899356469626969e+00
-1.023102310231083223e-02 -2.691545631462190613e+00
-9.625962596260251303e-03 -2.691193411166977967e+00
-9.020902090209670376e-03 -2.690842695583990363e+00
-8.415841584158645361e-03 -2.690493484713225136e+00
-7.810781078108064435e-03 -2.690145778554684952e+00
-7.205720572057483508e-03 -2.689799577108368034e+00
-6.600660066006902582e-03 -2.689454880374275270e+00
-5.995599559956321656e-03 -2.689111688352405771e+00
-5.390539053905740730e-03 -2.688770001042760871e+00
-4.785478547855159803e-03 -2.688429818445339237e+00
-4.180418041804578877e-03 -2.688091140560142644e+00
-3.575357535753997951e-03 -2.687753967387169318e+00
-2.970297029703417024e-03 -2.687418298926419258e+00
-2.365236523652836098e-03 -2.687084135177893796e+00
-1.760176017602255172e-03 -2.686751476141591599e+00
-1.155115511551674246e-03 -2.686420321817514001e+00
-5.500550055010933193e-04 -2.686090672205659668e+00
5.500550054993169624e-05 -2.685762527306028602e+00
6.600660066000685333e-04 -2.685435887118623022e+00
1.265126512651093549e-03 -2.685110751643440263e+00
1.870187018701230386e-03 -2.684787120880481659e+00
2.475247524752255401e-03 -2.684464994829746765e+00
3.080308030802392238e-03 -2.684144373491236468e+00
3.685368536853417254e-03 -2.683825256864949438e+00
4.290429042903554091e-03 -2.683507644950887006e+00
4.895489548954579107e-03 -2.683191537749046507e+00
5.500550055004715944e-03 -2.682876935259431495e+00
6.105610561055740959e-03 -2.682563837482040192e+00
6.710671067105877796e-03 -2.682252244416872600e+00
7.315731573156902812e-03 -2.681942156063928273e+00
7.920792079207927827e-03 -2.681633572423208101e+00
8.525852585258064664e-03 -2.681326493494712526e+00
9.130913091309089680e-03 -2.681020919278440218e+00
9.735973597359226517e-03 -2.680716849774392063e+00
1.034103410341025153e-02 -2.680414284982567175e+00
1.094609460946038837e-02 -2.680113224902967328e+00
1.155115511551141338e-02 -2.679813669535590748e+00
1.215621562156155022e-02 -2.679515618880438321e+00
1.276127612761257524e-02 -2.679219072937508717e+00
1.336633663366271207e-02 -2.678924031706804154e+00
1.397139713971373709e-02 -2.678630495188323302e+00
1.457645764576387393e-02 -2.678338463382065715e+00
1.518151815181489894e-02 -2.678047936288031838e+00
1.578657865786503578e-02 -2.677758913906223004e+00
1.639163916391606080e-02 -2.677471396236636991e+00
1.699669966996619763e-02 -2.677185383279275133e+00
1.760176017601722265e-02 -2.676900875034136984e+00
1.820682068206735948e-02 -2.676617871501223433e+00
1.881188118811838450e-02 -2.676336372680532705e+00
1.941694169416940952e-02 -2.676056378572066574e+00
2.002200220021954635e-02 -2.675777889175824598e+00
2.062706270627057137e-02 -2.675500904491805443e+00
2.123212321232070821e-02 -2.675225424520010886e+00
2.183718371837173322e-02 -2.674951449260440040e+00
2.244224422442187006e-02 -2.674678978713093791e+00
2.304730473047289507e-02 -2.674408012877970364e+00
2.365236523652303191e-02 -2.674138551755071536e+00
2.425742574257405693e-02 -2.673870595344395973e+00
2.486248624862419376e-02 -2.673604143645944564e+00
2.546754675467521878e-02 -2.673339196659716421e+00
2.607260726072535562e-02 -2.673075754385712877e+00
2.667766776677638063e-02 -2.672813816823933486e+00
2.728272827282651747e-02 -2.672553383974377361e+00
2.788778877887754248e-02 -2.672294455837044946e+00
2.849284928492767932e-02 -2.672037032411937130e+00
2.909790979097870434e-02 -2.671781113699053023e+00
2.970297029702884117e-02 -2.671526699698392626e+00
3.030803080307986619e-02 -2.671273790409955495e+00
3.091309130913089120e-02 -2.671022385833742963e+00
3.151815181518102804e-02 -2.670772485969754140e+00
3.212321232123205306e-02 -2.670524090817989027e+00
3.272827282728218989e-02 -2.670277200378448068e+00
3.333333333333321491e-02 -2.670031814651130819e+00
3.393839383938335175e-02 -2.669787933636037724e+00
3.454345434543437676e-02 -2.669545557333168340e+00
3.514851485148451360e-02 -2.669304685742522665e+00
3.575357535753553861e-02 -2.669065318864100700e+00
3.635863586358567545e-02 -2.668827456697902889e+00
3.696369636963670047e-02 -2.668591099243928788e+00
3.756875687568683730e-02 -2.668356246502178841e+00
3.817381738173786232e-02 -2.668122898472652604e+00
3.877887788778799916e-02 -2.667891055155350521e+00
3.938393839383902417e-02 -2.667660716550272149e+00
3.998899889988916101e-02 -2.667431882657417486e+00
4.059405940594018602e-02 -2.667204553476786533e+00
4.119911991199032286e-02 -2.666978729008379734e+00
4.180418041804134788e-02 -2.666754409252196645e+00
4.240924092409237289e-02 -2.666531594208237710e+00
4.301430143014250973e-02 -2.666310283876502485e+00
4.361936193619353475e-02 -2.666090478256990970e+00
4.422442244224367158e-02 -2.665872177349704053e+00
4.482948294829469660e-02 -2.665655381154640402e+00
4.543454345434483344e-02 -2.665440089671800461e+00
4.603960396039585845e-02 -2.665226302901184674e+00
4.664466446644599529e-02 -2.665014020842793041e+00
4.724972497249702030e-02 -2.664803243496624230e+00
4.785478547854715714e-02 -2.664593970862680461e+00
4.845984598459818216e-02 -2.664386202940959514e+00
4.906490649064831899e-02 -2.664179939731463609e+00
4.966996699669934401e-02 -2.663975181234190526e+00
5.027502750274948085e-02 -2.663771927449142041e+00
5.088008800880050586e-02 -2.663570178376317266e+00
5.148514851485064270e-02 -2.663369934015716201e+00
5.209020902090166771e-02 -2.663171194367339289e+00
5.269526952695269273e-02 -2.662973959431186088e+00
5.330033003300282957e-02 -2.662778229207256597e+00
5.390539053905385458e-02 -2.662584003695550816e+00
5.451045104510399142e-02 -2.662391282896069189e+00
5.511551155115501643e-02 -2.662200066808811716e+00
5.572057205720515327e-02 -2.662010355433777953e+00
5.632563256325617829e-02 -2.661822148770967900e+00
5.693069306930631512e-02 -2.661635446820381556e+00
5.753575357535734014e-02 -2.661450249582018923e+00
5.814081408140747698e-02 -2.661266557055880888e+00
5.874587458745850199e-02 -2.661084369241966563e+00
5.935093509350863883e-02 -2.660903686140275948e+00
5.995599559955966384e-02 -2.660724507750809043e+00
6.056105610560980068e-02 -2.660546834073565847e+00
6.116611661166082570e-02 -2.660370665108546806e+00
6.177117711771096253e-02 -2.660196000855751919e+00
6.237623762376198755e-02 -2.660022841315180742e+00
6.298129812981212439e-02 -2.659851186486833274e+00
6.358635863586314940e-02 -2.659681036370709517e+00
6.419141914191417442e-02 -2.659512390966809914e+00
6.479647964796431125e-02 -2.659345250275134021e+00
6.540154015401533627e-02 -2.659179614295682281e+00
6.600660066006547311e-02 -2.659015483028454696e+00
6.661166116611649812e-02 -2.658852856473449933e+00
6.721672167216663496e-02 -2.658691734630670211e+00
6.782178217821765998e-02 -2.658532117500113756e+00
6.842684268426779681e-02 -2.658374005081781011e+00
6.903190319031882183e-02 -2.658217397375672864e+00
6.963696369636895867e-02 -2.658062294381787538e+00
7.024202420241998368e-02 -2.657908696100126367e+00
7.084708470847012052e-02 -2.657756602530689349e+00
7.145214521452114553e-02 -2.657606013673476486e+00
7.205720572057128237e-02 -2.657456929528487333e+00
7.266226622662230739e-02 -2.657309350095721889e+00
7.326732673267244422e-02 -2.657163275375180156e+00
7.387238723872346924e-02 -2.657018705366862577e+00
7.447744774477360608e-02 -2.656875640070768707e+00
7.508250825082463109e-02 -2.656734079486898548e+00
7.568756875687565611e-02 -2.656594023615252986e+00
7.629262926292579294e-02 -2.656455472455830247e+00
7.689768976897681796e-02 -2.656318426008632549e+00
7.750275027502695480e-02 -2.656182884273658118e+00
7.810781078107797981e-02 -2.656048847250907841e+00
7.871287128712811665e-02 -2.655916314940380829e+00
7.931793179317914166e-02 -2.655785287342077972e+00
7.992299229922927850e-02 -2.655655764455999268e+00
8.052805280528030352e-02 -2.655527746282143831e+00
8.113311331133044035e-02 -2.655401232820512547e+00
8.173817381738146537e-02 -2.655276224071104973e+00
8.234323432343160221e-02 -2.655152720033921998e+00
8.294829482948262722e-02 -2.655030720708962289e+00
8.355335533553276406e-02 -2.654910226096226733e+00
8.415841584158378907e-02 -2.654791236195714887e+00
8.476347634763392591e-02 -2.654673751007426752e+00
8.536853685368495093e-02 -2.654557770531362770e+00
8.597359735973597594e-02 -2.654443294767522943e+00
8.657865786578611278e-02 -2.654330323715906825e+00
8.718371837183713779e-02 -2.654218857376513974e+00
8.778877887788727463e-02 -2.654108895749344832e+00
8.839383938393829965e-02 -2.654000438834400732e+00
8.899889988998843648e-02 -2.653893486631679899e+00
8.960396039603946150e-02 -2.653788039141182331e+00
9.020902090208959834e-02 -2.653684096362908917e+00
9.081408140814062335e-02 -2.653581658296859658e+00
9.141914191419076019e-02 -2.653480724943034996e+00
9.202420242024178521e-02 -2.653381296301433601e+00
9.262926292629192204e-02 -2.653283372372056359e+00
9.323432343234294706e-02 -2.653186953154901939e+00
9.383938393839308389e-02 -2.653092038649972562e+00
9.444444444444410891e-02 -2.652998628857266894e+00
9.504950495049424575e-02 -2.652906723776784492e+00
9.565456545654527076e-02 -2.652816323408526245e+00
9.625962596259540760e-02 -2.652727427752491707e+00
9.686468646864643262e-02 -2.652640036808681323e+00
9.746974697469745763e-02 -2.652554150577094649e+00
9.807480748074759447e-02 -2.652469769057731686e+00
9.867986798679861948e-02 -2.652386892250593320e+00
9.928492849284875632e-02 -2.652305520155678664e+00
9.988998899889978134e-02 -2.652225652772987274e+00
1.004950495049499182e-01 -2.652147290102520039e+00
1.011001100110009432e-01 -2.652070432144276513e+00
1.017051705170510800e-01 -2.651995078898257585e+00
1.023102310231021050e-01 -2.651921230364461035e+00
1.029152915291522419e-01 -2.651848886542889971e+00
1.035203520352032669e-01 -2.651778047433541730e+00
1.041254125412534037e-01 -2.651708713036417642e+00
1.047304730473044287e-01 -2.651640883351518152e+00
1.053355335533545656e-01 -2.651574558378841928e+00
1.059405940594055906e-01 -2.651509738118388970e+00
1.065456545654557274e-01 -2.651446422570161054e+00
1.071507150715067525e-01 -2.651384611734155961e+00
1.077557755775568893e-01 -2.651324305610375465e+00
1.083608360836079143e-01 -2.651265504198818235e+00
1.089658965896589393e-01 -2.651208207499485603e+00
1.095709570957090762e-01 -2.651152415512376681e+00
1.101760176017601012e-01 -2.651098128237490581e+00
1.107810781078102380e-01 -2.651045345674829079e+00
1.113861386138612630e-01 -2.650994067824392175e+00
1.119911991199113999e-01 -2.650944294686178537e+00
1.125962596259624249e-01 -2.650896026260188609e+00
1.132013201320125617e-01 -2.650849262546422835e+00
1.138063806380635867e-01 -2.650804003544880771e+00
1.144114411441137236e-01 -2.650760249255562417e+00
1.150165016501647486e-01 -2.650717999678468662e+00
1.156215621562148854e-01 -2.650677254813598616e+00
1.162266226622659104e-01 -2.650638014660951391e+00
1.168316831683160473e-01 -2.650600279220528765e+00
1.174367436743670723e-01 -2.650564048492330294e+00
1.180418041804172091e-01 -2.650529322476355532e+00
1.186468646864682341e-01 -2.650496101172604035e+00
1.192519251925183710e-01 -2.650464384581076693e+00
1.198569856985693960e-01 -2.650434172701773949e+00
1.204620462046204210e-01 -2.650405465534694027e+00
1.210671067106705578e-01 -2.650378263079838259e+00
1.216721672167215829e-01 -2.650352565337207089e+00
1.222772277227717197e-01 -2.650328372306799629e+00
1.228822882288227447e-01 -2.650305683988615435e+00
1.234873487348728816e-01 -2.650284500382655839e+00
1.240924092409239066e-01 -2.650264821488919065e+00
1.246974697469740434e-01 -2.650246647307406889e+00
1.253025302530250684e-01 -2.650229977838118423e+00
1.259075907590752053e-01 -2.650214813081053666e+00
1.265126512651262303e-01 -2.650201153036213064e+00
1.271177117711763671e-01 -2.650188997703596172e+00
1.277227722772273921e-01 -2.650178347083203434e+00
1.283278327832775290e-01 -2.650169201175034850e+00
1.289328932893285540e-01 -2.650161559979089532e+00
1.295379537953786908e-01 -2.650155423495368368e+00
1.301430143014297158e-01 -2.650150791723870469e+00
1.307480748074807408e-01 -2.650147664664596725e+00
1.313531353135308777e-01 -2.650146042317547135e+00
1.319581958195819027e-01 -2.650145924682722143e+00
1.325632563256320395e-01 -2.650147311760119972e+00
1.331683168316830645e-01 -2.650150203549741512e+00
1.337733773377332014e-01 -2.650154600051587206e+00
1.343784378437842264e-01 -2.650160501265657054e+00
1.349834983498343632e-01 -2.650167907191950611e+00
1.355885588558853883e-01 -2.650176817830468323e+00
1.361936193619355251e-01 -2.650187233181209301e+00
1.367986798679865501e-01 -2.650199153244174877e+00
1.374037403740366869e-01 -2.650212578019363718e+00
1.380088008800877120e-01 -2.650227507506777158e+00
1.386138613861378488e-01 -2.650243941706413864e+00
1.392189218921888738e-01 -2.650261880618274279e+00
1.398239823982390106e-01 -2.650281324242358849e+00
1.404290429042900357e-01 -2.650302272578667129e+00
1.410341034103401725e-01 -2.650324725627199562e+00
1.416391639163911975e-01 -2.650348683387955706e+00
1.422442244224422225e-01 -2.650374145860935560e+00
1.428492849284923594e-01 -2.650401113046140011e+00
1.434543454345433844e-01 -2.650429584943567285e+00
1.440594059405935212e-01 -2.650459561553218713e+00
1.446644664466445462e-01 -2.650491042875094738e+00
1.452695269526946831e-01 -2.650524028909194030e+00
1.458745874587457081e-01 -2.650558519655517475e+00
1.464796479647958449e-01 -2.650594515114064187e+00
1.470847084708468699e-01 -2.650632015284835497e+00
1.476897689768970068e-01 -2.650671020167830072e+00
1.482948294829480318e-01 -2.650711529763049690e+00
1.488998899889981686e-01 -2.650753544070491685e+00
1.495049504950491936e-01 -2.650797063090158723e+00
1.501100110010993305e-01 -2.650842086822048582e+00
1.507150715071503555e-01 -2.650888615266162596e+00
1.513201320132004923e-01 -2.650936648422500319e+00
1.519251925192515174e-01 -2.650986186291062641e+00
1.525302530253016542e-01 -2.651037228871848672e+00
1.531353135313526792e-01 -2.651089776164858858e+00
1.537403740374037042e-01 -2.651143828170092309e+00
1.543454345434538411e-01 -2.651199384887549915e+00
1.549504950495048661e-01 -2.651256446317231230e+00
1.555555555555550029e-01 -2.651315012459136256e+00
1.561606160616060279e-01 -2.651375083313265435e+00
1.567656765676561648e-01 -2.651436658879618768e+00
1.573707370737071898e-01 -2.651499739158195368e+00
1.579757975797573266e-01 -2.651564324148995677e+00
1.585808580858083516e-01 -2.651630413852021029e+00
1.591859185918584885e-01 -2.651698008267269202e+00
1.597909790979095135e-01 -2.651767107394741529e+00
1.603960396039596503e-01 -2.651837711234438011e+00
1.610011001100106753e-01 -2.651909819786358202e+00
1.616061606160608122e-01 -2.651983433050501660e+00
1.622112211221118372e-01 -2.652058551026869715e+00
1.628162816281619740e-01 -2.652135173715461036e+00
1.634213421342129990e-01 -2.652213301116277400e+00
1.640264026402631359e-01 -2.652292933229317029e+00
1.646314631463141609e-01 -2.652374070054579924e+00
1.652365236523651859e-01 -2.652456711592067418e+00
1.658415841584153227e-01 -2.652540857841778177e+00
1.664466446644663478e-01 -2.652626508803713534e+00
1.670517051705164846e-01 -2.652713664477872157e+00
1.676567656765675096e-01 -2.652802324864254935e+00
1.682618261826176465e-01 -2.652892489962861866e+00
1.688668866886686715e-01 -2.652984159773692507e+00
1.694719471947188083e-01 -2.653077334296746415e+00
1.700770077007698333e-01 -2.653172013532024920e+00
1.706820682068199702e-01 -2.653268197479526691e+00
1.712871287128709952e-01 -2.653365886139253504e+00
1.718921892189211320e-01 -2.653465079511202696e+00
1.724972497249721570e-01 -2.653565777595376041e+00
1.731023102310222939e-01 -2.653667980391773984e+00
1.737073707370733189e-01 -2.653771687900395193e+00
1.743124312431234557e-01 -2.653876900121240556e+00
1.749174917491744807e-01 -2.653983617054310074e+00
1.755225522552255057e-01 -2.654091838699603301e+00
1.761276127612756426e-01 -2.654201565057120238e+00
1.767326732673266676e-01 -2.654312796126861329e+00
1.773377337733768044e-01 -2.654425531908826130e+00
1.779427942794278295e-01 -2.654539772403014641e+00
1.785478547854779663e-01 -2.654655517609426418e+00
1.791529152915289913e-01 -2.654772767528062793e+00
1.797579757975791281e-01 -2.654891522158923323e+00
1.803630363036301532e-01 -2.655011781502007118e+00
1.809680968096802900e-01 -2.655133545557315067e+00
1.815731573157313150e-01 -2.655256814324847170e+00
1.821782178217814518e-01 -2.655381587804602983e+00
1.827832783278324769e-01 -2.655507865996582506e+00
1.833883388338826137e-01 -2.655635648900785739e+00
1.839933993399336387e-01 -2.655764936517213126e+00
1.845984598459837756e-01 -2.655895728845864667e+00
1.852035203520348006e-01 -2.656028025886739474e+00
1.858085808580849374e-01 -2.656161827639838435e+00
1.864136413641359624e-01 -2.656297134105161550e+00
1.870187018701869874e-01 -2.656433945282708375e+00
1.876237623762371243e-01 -2.656572261172478466e+00
1.882288228822881493e-01 -2.656712081774472711e+00
1.888338833883382861e-01 -2.656853407088691110e+00
1.894389438943893111e-01 -2.656996237115134107e+00
1.900440044004394480e-01 -2.657140571853799926e+00
1.906490649064904730e-01 -2.657286411304689011e+00
1.912541254125406098e-01 -2.657433755467803138e+00
1.918591859185916348e-01 -2.657582604343141419e+00
1.924642464246417717e-01 -2.657732957930702966e+00
1.930693069306927967e-01 -2.657884816230487779e+00
1.936743674367429335e-01 -2.658038179242497190e+00
1.942794279427939586e-01 -2.658193046966730755e+00
1.948844884488440954e-01 -2.658349419403187586e+00
1.954895489548951204e-01 -2.658507296551868571e+00
1.960946094609452572e-01 -2.658666678412772821e+00
1.966996699669962823e-01 -2.658827564985902114e+00
1.973047304730464191e-01 -2.658989956271254229e+00
1.979097909790974441e-01 -2.659153852268830942e+00
1.985148514851484691e-01 -2.659319252978631365e+00
1.991199119911986060e-01 -2.659486158400655498e+00
1.997249724972496310e-01 -2.659654568534903341e+00
2.003300330032997678e-01 -2.659824259225140430e+00
2.009350935093507928e-01 -2.659994103463628523e+00
2.015401540154009297e-01 -2.660163945586314860e+00
2.021452145214519547e-01 -2.660333785593200329e+00
2.027502750275020915e-01 -2.660503623484284041e+00
2.033553355335531165e-01 -2.660673459259566886e+00
2.039603960396032534e-01 -2.660843292919048420e+00
2.045654565456542784e-01 -2.661013124462729085e+00
2.051705170517044152e-01 -2.661182953890608438e+00
2.057755775577554402e-01 -2.661352781202686479e+00
2.063806380638055771e-01 -2.661522606398963209e+00
2.069856985698566021e-01 -2.661692429479439514e+00
2.075907590759067389e-01 -2.661862250444113620e+00
2.081958195819577639e-01 -2.662032069292987302e+00
2.088008800880087890e-01 -2.662201886026059228e+00
2.094059405940589258e-01 -2.662371700643329842e+00
2.100110011001099508e-01 -2.662541513144800032e+00
2.106160616061600876e-01 -2.662711323530468466e+00
2.112211221122111127e-01 -2.662881131800336032e+00
2.118261826182612495e-01 -2.663050937954401842e+00
2.124312431243122745e-01 -2.663220741992666785e+00
2.130363036303624114e-01 -2.663390543915130415e+00
2.136413641364134364e-01 -2.663560343721792734e+00
2.142464246424635732e-01 -2.663730141412653740e+00
2.148514851485145982e-01 -2.663899936987713879e+00
2.154565456545647351e-01 -2.664069730446972706e+00
2.160616061606157601e-01 -2.664239521790431109e+00
2.166666666666658969e-01 -2.664409311018087312e+00
2.172717271727169219e-01 -2.664579098129942203e+00
2.178767876787670588e-01 -2.664748883125995782e+00
2.184818481848180838e-01 -2.664918666006249381e+00
2.190869086908682206e-01 -2.665088446770701225e+00
2.196919691969192456e-01 -2.665258225419351312e+00
2.202970297029702706e-01 -2.665428001952200976e+00
2.209020902090204075e-01 -2.665597776369248439e+00
2.215071507150714325e-01 -2.665767548670495479e+00
2.221122112211215693e-01 -2.665937318855940763e+00
2.227172717271725944e-01 -2.666107086925585623e+00
2.233223322332227312e-01 -2.666276852879429171e+00
2.239273927392737562e-01 -2.666446616717470519e+00
2.245324532453238930e-01 -2.666616378439710999e+00
2.251375137513749181e-01 -2.666786138046151056e+00
2.257425742574250549e-01 -2.666955895536789356e+00
2.263476347634760799e-01 -2.667125650911626344e+00
2.269526952695262167e-01 -2.667295404170662465e+00
2.275577557755772418e-01 -2.667465155313897274e+00
2.281628162816273786e-01 -2.667634904341330770e+00
2.287678767876784036e-01 -2.667804651252963843e+00
2.293729372937285405e-01 -2.667974396048794716e+00
2.299779977997795655e-01 -2.668144138728824277e+00
2.305830583058297023e-01 -2.668313879293053414e+00
2.311881188118807273e-01 -2.668483617741480796e+00
2.317931793179317523e-01 -2.668653354074107309e+00
2.323982398239818892e-01 -2.668823088290932066e+00
2.330033003300329142e-01 -2.668992820391956400e+00
2.336083608360830510e-01 -2.669162550377178977e+00
2.342134213421340760e-01 -2.669332278246600687e+00
2.348184818481842129e-01 -2.669502004000220641e+00
2.354235423542352379e-01 -2.669671727638040615e+00
2.360286028602853747e-01 -2.669841449160057945e+00
2.366336633663363997e-01 -2.670011168566275295e+00
2.372387238723865366e-01 -2.670180885856690445e+00
2.378437843784375616e-01 -2.670350601031304727e+00
2.384488448844876984e-01 -2.670520314090117253e+00
2.390539053905387235e-01 -2.670690025033129800e+00
2.396589658965888603e-01 -2.670859733860340146e+00
2.402640264026398853e-01 -2.671029440571749625e+00
2.408690869086900221e-01 -2.671199145167358235e+00
2.414741474147410472e-01 -2.671368847647165534e+00
2.420792079207911840e-01 -2.671538548011171077e+00
2.426842684268422090e-01 -2.671708246259375752e+00
2.432893289328932340e-01 -2.671877942391779559e+00
2.438943894389433709e-01 -2.672047636408381610e+00
2.444994499449943959e-01 -2.672217328309182793e+00
2.451045104510445327e-01 -2.672387018094182221e+00
2.457095709570955577e-01 -2.672556705763381224e+00
2.463146314631456946e-01 -2.672726391316778916e+00
2.469196919691967196e-01 -2.672896074754374851e+00
2.475247524752468564e-01 -2.673065756076169919e+00
2.481298129812978814e-01 -2.673235435282164119e+00
2.487348734873480183e-01 -2.673405112372356562e+00
2.493399339933990433e-01 -2.673574787346748138e+00
2.499449944994491801e-01 -2.673744460205338402e+00
2.505500550055002051e-01 -2.673914130948127355e+00
2.511551155115503420e-01 -2.674083799575114995e+00
2.517601760176013670e-01 -2.674253466086301323e+00
2.523652365236515038e-01 -2.674423130481686783e+00
2.529702970297025288e-01 -2.674592792761271376e+00
2.535753575357535539e-01 -2.674762452925054657e+00
2.541804180418036907e-01 -2.674932110973036181e+00
2.547854785478547157e-01 -2.675101766905216838e+00
2.553905390539048526e-01 -2.675271420721596183e+00
2.559955995599558776e-01 -2.675441072422174660e+00
2.566006600660060144e-01 -2.675610722006951825e+00
2.572057205720570394e-01 -2.675780369475927234e+00
2.578107810781071763e-01 -2.675950014829101775e+00
2.584158415841582013e-01 -2.676119658066475449e+00
2.590209020902083381e-01 -2.676289299188047366e+00
2.596259625962593631e-01 -2.676458938193818415e+00
2.602310231023095000e-01 -2.676628575083788597e+00
2.608360836083605250e-01 -2.676798209857957023e+00
2.614411441144106618e-01 -2.676967842516324136e+00
2.620462046204616868e-01 -2.677137473058890382e+00
2.626512651265118237e-01 -2.677307101485655316e+00
2.632563256325628487e-01 -2.677476727796618938e+00
2.638613861386129855e-01 -2.677646351991781248e+00
2.644664466446640105e-01 -2.677815974071143579e+00
2.650715071507150356e-01 -2.677985594034702821e+00
2.656765676567651724e-01 -2.678155211882461639e+00
2.662816281628161974e-01 -2.678324827614420034e+00
2.668866886688663342e-01 -2.678494441230577117e+00
2.674917491749173593e-01 -2.678664052730931999e+00
2.680968096809674961e-01 -2.678833662115486014e+00
2.687018701870185211e-01 -2.679003269384239161e+00
2.693069306930686579e-01 -2.679172874537190108e+00
2.699119911991196830e-01 -2.679342477574341075e+00
2.705170517051698198e-01 -2.679512078495690730e+00
2.711221122112208448e-01 -2.679681677301238629e+00
2.717271727172709817e-01 -2.679851273990985216e+00
2.723322332233220067e-01 -2.680020868564931380e+00
2.729372937293721435e-01 -2.680190461023075787e+00
2.735423542354231685e-01 -2.680360051365419327e+00
2.741474147414733054e-01 -2.680529639591961111e+00
2.747524752475243304e-01 -2.680699225702702027e+00
2.753575357535744672e-01 -2.680868809697641186e+00
2.759625962596254922e-01 -2.681038391576780366e+00
2.765676567656765172e-01 -2.681207971340117346e+00
2.771727172717266541e-01 -2.681377548987654347e+00
2.777777777777776791e-01 -2.681547124519388259e+00
2.783828382838278159e-01 -2.681716697935321747e+00
2.789878987898788409e-01 -2.681886269235455256e+00
2.795929592959289778e-01 -2.682055838419786120e+00
2.801980198019800028e-01 -2.682225405488316117e+00
2.808030803080301396e-01 -2.682394970441044801e+00
2.814081408140811646e-01 -2.682564533277972618e+00
2.820132013201313015e-01 -2.682734093999099123e+00
2.826182618261823265e-01 -2.682903652604423872e+00
2.832233223322324633e-01 -2.683073209093948197e+00
2.838283828382834884e-01 -2.683242763467670766e+00
2.844334433443336252e-01 -2.683412315725592912e+00
2.850385038503846502e-01 -2.683581865867712857e+00
2.856435643564347870e-01 -2.683751413894031934e+00
2.862486248624858121e-01 -2.683920959804550144e+00
2.868536853685368371e-01 -2.684090503599267485e+00
2.874587458745869739e-01 -2.684260045278183071e+00
2.880638063806379989e-01 -2.684429584841296901e+00
2.886688668866881358e-01 -2.684599122288610307e+00
2.892739273927391608e-01 -2.684768657620122401e+00
2.898789878987892976e-01 -2.684938190835833627e+00
2.904840484048403226e-01 -2.685107721935742653e+00
2.910891089108904595e-01 -2.685277250919850811e+00
2.916941694169414845e-01 -2.685446777788158990e+00
2.922992299229916213e-01 -2.685616302540664524e+00
2.929042904290426463e-01 -2.685785825177369190e+00
2.935093509350927832e-01 -2.685955345698272545e+00
2.941144114411438082e-01 -2.686124864103375032e+00
2.947194719471939450e-01 -2.686294380392676207e+00
2.953245324532449700e-01 -2.686463894566176069e+00
2.959295929592951069e-01 -2.686633406623874620e+00
2.965346534653461319e-01 -2.686802916565772303e+00
2.971397139713962687e-01 -2.686972424391868230e+00
2.977447744774472937e-01 -2.687141930102163734e+00
2.983498349834983188e-01 -2.687311433696657925e+00
2.989548954895484556e-01 -2.687480935175350361e+00
2.995599559955994806e-01 -2.687650434538241928e+00
3.001650165016496175e-01 -2.687819931785332628e+00
3.007700770077006425e-01 -2.687989426916622016e+00
3.013751375137507793e-01 -2.688158919932109647e+00
3.019801980198018043e-01 -2.688328410831795967e+00
3.025852585258519412e-01 -2.688497899615681863e+00
3.031903190319029662e-01 -2.688667386283766003e+00
3.037953795379531030e-01 -2.688836870836048831e+00
3.044004400440041280e-01 -2.689006353272531236e+00
3.050055005500542649e-01 -2.689175833593212328e+00
3.056105610561052899e-01 -2.689345311798091664e+00
3.062156215621554267e-01 -2.689514787887169689e+00
3.068206820682064517e-01 -2.689684261860446401e+00
3.074257425742565886e-01 -2.689853733717922246e+00
3.080308030803076136e-01 -2.690023203459597667e+00
3.086358635863577504e-01 -2.690192671085470888e+00
3.092409240924087754e-01 -2.690362136595542797e+00
3.098459845984598005e-01 -2.690531599989814282e+00
3.104510451045099373e-01 -2.690701061268284011e+00
3.110561056105609623e-01 -2.690870520430952872e+00
3.116611661166110991e-01 -2.691039977477820422e+00
3.122662266226621242e-01 -2.691209432408886659e+00
3.128712871287122610e-01 -2.691378885224151141e+00
3.134763476347632860e-01 -2.691548335923615642e+00
3.140814081408134228e-01 -2.691717784507278388e+00
3.146864686468644479e-01 -2.691887230975139822e+00
3.152915291529145847e-01 -2.692056675327199944e+00
3.158965896589656097e-01 -2.692226117563458754e+00
3.165016501650157466e-01 -2.692395557683916696e+00
3.171067106710667716e-01 -2.692564995688573326e+00
3.177117711771169084e-01 -2.692734431577428644e+00
3.183168316831679334e-01 -2.692903865350483095e+00
3.189218921892180703e-01 -2.693073297007736233e+00
3.195269526952690953e-01 -2.693242726549187616e+00
3.201320132013192321e-01 -2.693412153974838574e+00
3.207370737073702571e-01 -2.693581579284687777e+00
3.213421342134212821e-01 -2.693751002478736112e+00
3.219471947194714190e-01 -2.693920423556983135e+00
3.225522552255224440e-01 -2.694089842519428846e+00
3.231573157315725808e-01 -2.694259259366073245e+00
3.237623762376236058e-01 -2.694428674096917220e+00
3.243674367436737427e-01 -2.694598086711958995e+00
3.249724972497247677e-01 -2.694767497211200347e+00
3.255775577557749045e-01 -2.694936905594639498e+00
3.261826182618259296e-01 -2.695106311862278670e+00
3.267876787678760664e-01 -2.695275716014115641e+00
3.273927392739270914e-01 -2.695445118050152189e+00
3.279977997799772282e-01 -2.695614517970386981e+00
3.286028602860282533e-01 -2.695783915774820905e+00
3.292079207920783901e-01 -2.695953311463453517e+00
3.298129812981294151e-01 -2.696122705036284817e+00
3.304180418041795519e-01 -2.696292096493314361e+00
3.310231023102305770e-01 -2.696461485834543481e+00
3.316281628162816020e-01 -2.696630873059971734e+00
3.322332233223317388e-01 -2.696800258169598230e+00
3.328382838283827638e-01 -2.696969641163422970e+00
3.334433443344329007e-01 -2.697139022041446843e+00
3.340484048404839257e-01 -2.697308400803670736e+00
3.346534653465340625e-01 -2.697477777450091985e+00
3.352585258525850875e-01 -2.697647151980712810e+00
3.358635863586352244e-01 -2.697816524395531879e+00
3.364686468646862494e-01 -2.697985894694550080e+00
3.370737073707363862e-01 -2.698155262877766525e+00
3.376787678767874112e-01 -2.698324628945182990e+00
3.382838283828375481e-01 -2.698493992896796811e+00
3.388888888888885731e-01 -2.698663354732610653e+00
3.394939493949387099e-01 -2.698832714452622294e+00
3.400990099009897349e-01 -2.699002072056833512e+00
3.407040704070398718e-01 -2.699171427545242530e+00
3.413091309130908968e-01 -2.699340780917851568e+00
3.419141914191410336e-01 -2.699510132174658850e+00
3.425192519251920586e-01 -2.699679481315664820e+00
3.431243124312430837e-01 -2.699848828340869922e+00
3.437293729372932205e-01 -2.700018173250273712e+00
3.443344334433442455e-01 -2.700187516043876190e+00
3.449394939493943824e-01 -2.700356856721677357e+00
3.455445544554454074e-01 -2.700526195283677211e+00
3.461496149614955442e-01 -2.700695531729876198e+00
3.467546754675465692e-01 -2.700864866060273428e+00
3.473597359735967061e-01 -2.701034198274869791e+00
3.479647964796477311e-01 -2.701203528373665286e+00
3.485698569856978679e-01 -2.701372856356659913e+00
3.491749174917488929e-01 -2.701542182223852784e+00
3.497799779977990298e-01 -2.701711505975244343e+00
3.503850385038500548e-01 -2.701880827610834590e+00
3.509900990099001916e-01 -2.702050147130623525e+00
3.515951595159512166e-01 -2.702219464534611593e+00
3.522002200220013535e-01 -2.702388779822798348e+00
3.528052805280523785e-01 -2.702558092995184236e+00
3.534103410341025153e-01 -2.702727404051768367e+00
3.540154015401535403e-01 -2.702896712992551187e+00
3.546204620462045654e-01 -2.703066019817533583e+00
3.552255225522547022e-01 -2.703235324526714223e+00
3.558305830583057272e-01 -2.703404627120093995e+00
3.564356435643558640e-01 -2.703573927597672899e+00
3.570407040704068891e-01 -2.703743225959449603e+00
3.576457645764570259e-01 -2.703912522205425439e+00
3.582508250825080509e-01 -2.704081816335600408e+00
3.588558855885581877e-01 -2.704251108349973620e+00
3.594609460946092128e-01 -2.704420398248546409e+00
3.600660066006593496e-01 -2.704589686031317441e+00
3.606710671067103746e-01 -2.704758971698287162e+00
3.612761276127605115e-01 -2.704928255249455571e+00
3.618811881188115365e-01 -2.705097536684823556e+00
3.624862486248616733e-01 -2.705266816004389785e+00
3.630913091309126983e-01 -2.705436093208155590e+00
3.636963696369628352e-01 -2.705605368296119195e+00
3.643014301430138602e-01 -2.705774641268281488e+00
3.649064906490639970e-01 -2.705943912124643358e+00
3.655115511551150220e-01 -2.706113180865203915e+00
3.661166116611660470e-01 -2.706282447489963161e+00
3.667216721672161839e-01 -2.706451711998921095e+00
3.673267326732672089e-01 -2.706620974392077716e+00
3.679317931793173457e-01 -2.706790234669433026e+00
3.685368536853683707e-01 -2.706959492830987468e+00
3.691419141914185076e-01 -2.707128748876740598e+00
3.697469746974695326e-01 -2.707298002806692416e+00
3.703520352035196694e-01 -2.707467254620842922e+00
3.709570957095706945e-01 -2.707636504319193005e+00
3.715621562156208313e-01 -2.707805751901740887e+00
3.721672167216718563e-01 -2.707974997368487902e+00
3.727722772277219931e-01 -2.708144240719434048e+00
3.733773377337730182e-01 -2.708313481954578883e+00
3.739823982398231550e-01 -2.708482721073922406e+00
3.745874587458741800e-01 -2.708651958077464172e+00
3.751925192519243168e-01 -2.708821192965205071e+00
3.757975797579753419e-01 -2.708990425737145102e+00
3.764026402640263669e-01 -2.709159656393284266e+00
3.770077007700765037e-01 -2.709328884933621229e+00
3.776127612761275287e-01 -2.709498111358157768e+00
3.782178217821776656e-01 -2.709667335666892551e+00
3.788228822882286906e-01 -2.709836557859826467e+00
3.794279427942788274e-01 -2.710005777936959070e+00
3.800330033003298524e-01 -2.710174995898290806e+00
3.806380638063799893e-01 -2.710344211743820786e+00
3.812431243124310143e-01 -2.710513425473549898e+00
3.818481848184811511e-01 -2.710682637087477254e+00
3.824532453245321761e-01 -2.710851846585604630e+00
3.830583058305823130e-01 -2.711021053967929806e+00
3.836633663366333380e-01 -2.711190259234454114e+00
3.842684268426834748e-01 -2.711359462385177110e+00
3.848734873487344998e-01 -2.711528663420099239e+00
3.854785478547846367e-01 -2.711697862339219167e+00
3.860836083608356617e-01 -2.711867059142539116e+00
3.866886688668857985e-01 -2.712036253830056864e+00
3.872937293729368236e-01 -2.712205446401774189e+00
3.878987898789878486e-01 -2.712374636857689758e+00
3.885038503850379854e-01 -2.712543825197804459e+00
3.891089108910890104e-01 -2.712713011422118292e+00
3.897139713971391473e-01 -2.712882195530630369e+00
3.903190319031901723e-01 -2.713051377523341134e+00
3.909240924092403091e-01 -2.713220557400251032e+00
3.915291529152913341e-01 -2.713389735161359617e+00
3.921342134213414710e-01 -2.713558910806666447e+00
3.927392739273924960e-01 -2.713728084336172852e+00
3.933443344334426328e-01 -2.713897255749877946e+00
3.939493949394936578e-01 -2.714066425047781728e+00
3.945544554455437947e-01 -2.714235592229884197e+00
3.951595159515948197e-01 -2.714404757296185799e+00
3.957645764576449565e-01 -2.714573920246685645e+00
3.963696369636959815e-01 -2.714743081081384624e+00
3.969746974697461184e-01 -2.714912239800282290e+00
3.975797579757971434e-01 -2.715081396403379088e+00
3.981848184818472802e-01 -2.715250550890674575e+00
3.987898789878983052e-01 -2.715419703262168305e+00
3.993949394939493303e-01 -2.715588853517861168e+00
3.999999999999994671e-01 -2.715758001657752718e+00
4.006050605060504921e-01 -2.715927147681843401e+00
4.012101210121006289e-01 -2.716096291590132772e+00
4.018151815181516540e-01 -2.716265433382620831e+00
4.024202420242017908e-01 -2.716434573059307578e+00
4.030253025302528158e-01 -2.716603710620193457e+00
4.036303630363029527e-01 -2.716772846065277580e+00
4.042354235423539777e-01 -2.716941979394561280e+00
4.048404840484041145e-01 -2.717111110608043223e+00
4.054455445544551395e-01 -2.717280239705724298e+00
4.060506050605052764e-01 -2.717449366687604062e+00
4.066556655665563014e-01 -2.717618491553682514e+00
4.072607260726064382e-01 -2.717787614303959653e+00
4.078657865786574632e-01 -2.717956734938435481e+00
4.084708470847076001e-01 -2.718125853457110441e+00
4.090759075907586251e-01 -2.718294969859984533e+00
4.096809680968096501e-01 -2.718464084147056870e+00
4.102860286028597869e-01 -2.718633196318328338e+00
4.108910891089108119e-01 -2.718802306373798494e+00
4.114961496149609488e-01 -2.718971414313466894e+00
4.121012101210119738e-01 -2.719140520137334427e+00
4.127062706270621106e-01 -2.719309623845401092e+00
4.133113311331131356e-01 -2.719478725437666444e+00
4.139163916391632725e-01 -2.719647824914130485e+00
4.145214521452142975e-01 -2.719816922274793214e+00
4.151265126512644343e-01 -2.719986017519654631e+00
4.157315731573154594e-01 -2.720155110648715180e+00
4.163366336633655962e-01 -2.720324201661974417e+00
4.169416941694166212e-01 -2.720493290559432786e+00
4.175467546754667580e-01 -2.720662377341088956e+00
4.181518151815177831e-01 -2.720831462006945145e+00
4.187568756875679199e-01 -2.721000544556999579e+00
4.193619361936189449e-01 -2.721169624991252256e+00
4.199669966996690817e-01 -2.721338703309704510e+00
4.205720572057201068e-01 -2.721507779512355008e+00
4.211771177117711318e-01 -2.721676853599205081e+00
4.217821782178212686e-01 -2.721845925570253399e+00
4.223872387238722936e-01 -2.722014995425499961e+00
4.229922992299224305e-01 -2.722184063164946544e+00
4.235973597359734555e-01 -2.722353128788590926e+00
4.242024202420235923e-01 -2.722522192296434440e+00
4.248074807480746173e-01 -2.722691253688477087e+00
4.254125412541247542e-01 -2.722860312964718421e+00
4.260176017601757792e-01 -2.723029370125158444e+00
4.266226622662259160e-01 -2.723198425169797154e+00
4.272277227722769410e-01 -2.723367478098634553e+00
4.278327832783270779e-01 -2.723536528911670640e+00
4.284378437843781029e-01 -2.723705577608906303e+00
4.290429042904282397e-01 -2.723874624190340210e+00
4.296479647964792647e-01 -2.724043668655972361e+00
4.302530253025294016e-01 -2.724212711005804088e+00
4.308580858085804266e-01 -2.724381751239834504e+00
4.314631463146305634e-01 -2.724550789358063163e+00
4.320682068206815885e-01 -2.724719825360491843e+00
4.326732673267326135e-01 -2.724888859247118766e+00
4.332783278327827503e-01 -2.725057891017943490e+00
4.338833883388337753e-01 -2.725226920672968234e+00
4.344884488448839122e-01 -2.725395948212191222e+00
4.350935093509349372e-01 -2.725564973635613342e+00
4.356985698569850740e-01 -2.725733996943233706e+00
4.363036303630360990e-01 -2.725903018135053202e+00
4.369086908690862359e-01 -2.726072037211071830e+00
4.375137513751372609e-01 -2.726241054171288702e+00
4.381188118811873977e-01 -2.726410069015704707e+00
4.387238723872384227e-01 -2.726579081744319399e+00
4.393289328932885596e-01 -2.726748092357133224e+00
4.399339933993395846e-01 -2.726917100854144849e+00
4.405390539053897214e-01 -2.727086107235356049e+00
4.411441144114407464e-01 -2.727255111500765494e+00
4.417491749174908833e-01 -2.727424113650374515e+00
4.423542354235419083e-01 -2.727593113684181780e+00
4.429592959295920451e-01 -2.727762111602188622e+00
4.435643564356430701e-01 -2.727931107404393707e+00
4.441694169416940952e-01 -2.728100101090797480e+00
4.447744774477442320e-01 -2.728269092661399942e+00
4.453795379537952570e-01 -2.728438082116201535e+00
4.459845984598453938e-01 -2.728607069455201373e+00
4.465896589658964189e-01 -2.728776054678400342e+00
4.471947194719465557e-01 -2.728945037785798000e+00
4.477997799779975807e-01 -2.729114018777395234e+00
4.484048404840477176e-01 -2.729282997653190712e+00
4.490099009900987426e-01 -2.729451974413184878e+00
4.496149614961488794e-01 -2.729620949057377732e+00
4.502200220021999044e-01 -2.729789921585769719e+00
4.508250825082500413e-01 -2.729958891998360393e+00
4.514301430143010663e-01 -2.730127860295150199e+00
4.520352035203512031e-01 -2.730296826476138250e+00
4.526402640264022281e-01 -2.730465790541324989e+00
4.532453245324523650e-01 -2.730634752490710859e+00
4.538503850385033900e-01 -2.730803712324295418e+00
4.544554455445544150e-01 -2.730972670042079109e+00
4.550605060506045518e-01 -2.731141625644061044e+00
4.556655665566555768e-01 -2.731310579130242111e+00
4.562706270627057137e-01 -2.731479530500621422e+00
4.568756875687567387e-01 -2.731648479755200309e+00
4.574807480748068755e-01 -2.731817426893977441e+00
4.580858085808579006e-01 -2.731986371916953704e+00
4.586908690869080374e-01 -2.732155314824128656e+00
4.592959295929590624e-01 -2.732324255615502295e+00
4.599009900990091992e-01 -2.732493194291075067e+00
4.605060506050602243e-01 -2.732662130850846527e+00
4.611111111111103611e-01 -2.732831065294816675e+00
4.617161716171613861e-01 -2.732999997622985511e+00
4.623212321232115229e-01 -2.733168927835353479e+00
4.629262926292625480e-01 -2.733337855931919691e+00
4.635313531353126848e-01 -2.733506781912685035e+00
4.641364136413637098e-01 -2.733675705777649512e+00
4.647414741474138467e-01 -2.733844627526811788e+00
4.653465346534648717e-01 -2.734013547160174085e+00
4.659515951595158967e-01 -2.734182464677734181e+00
4.665566556655660335e-01 -2.734351380079493854e+00
4.671617161716170585e-01 -2.734520293365451771e+00
4.677667766776671954e-01 -2.734689204535608820e+00
4.683718371837182204e-01 -2.734858113589964557e+00
4.689768976897683572e-01 -2.735027020528518982e+00
4.695819581958193822e-01 -2.735195925351272095e+00
4.701870187018695191e-01 -2.735364828058224340e+00
4.707920792079205441e-01 -2.735533728649375718e+00
4.713971397139706809e-01 -2.735702627124725339e+00
4.720022002200217059e-01 -2.735871523484273204e+00
4.726072607260718428e-01 -2.736040417728020646e+00
4.732123212321228678e-01 -2.736209309855966776e+00
4.738173817381730046e-01 -2.736378199868111594e+00
4.744224422442240297e-01 -2.736547087764455100e+00
4.750275027502741665e-01 -2.736715973544997738e+00
4.756325632563251915e-01 -2.736884857209739508e+00
4.762376237623753283e-01 -2.737053738758679078e+00
4.768426842684263534e-01 -2.737222618191817780e+00
4.774477447744773784e-01 -2.737391495509155614e+00
4.780528052805275152e-01 -2.737560370710691693e+00
4.786578657865785402e-01 -2.737729243796427347e+00
4.792629262926286771e-01 -2.737898114766361246e+00
4.798679867986797021e-01 -2.738066983620493833e+00
4.804730473047298389e-01 -2.738235850358825552e+00
4.810781078107808639e-01 -2.738404714981355959e+00
4.816831683168310008e-01 -2.738573577488084609e+00
4.822882288228820258e-01 -2.738742437879013725e+00
4.828932893289321626e-01 -2.738911296154140196e+00
4.834983498349831876e-01 -2.739080152313465355e+00
4.841034103410333245e-01 -2.739249006356989646e+00
4.847084708470843495e-01 -2.739417858284713070e+00
4.853135313531344863e-01 -2.739586708096634737e+00
4.859185918591855113e-01 -2.739755555792755537e+00
4.865236523652356482e-01 -2.739924401373075469e+00
4.871287128712866732e-01 -2.740093244837594089e+00
4.877337733773368100e-01 -2.740262086186310952e+00
4.883388338833878350e-01 -2.740430925419226948e+00
4.889438943894388601e-01 -2.740599762536342077e+00
4.895489548954889969e-01 -2.740768597537655449e+00
4.901540154015400219e-01 -2.740937430423167953e+00
4.907590759075901587e-01 -2.741106261192879145e+00
4.913641364136411838e-01 -2.741275089846789026e+00
4.919691969196913206e-01 -2.741443916384897594e+00
4.925742574257423456e-01 -2.741612740807205739e+00
4.931793179317924825e-01 -2.741781563113711684e+00
4.937843784378435075e-01 -2.741950383304416761e+00
4.943894389438936443e-01 -2.742119201379320526e+00
4.949944994499446693e-01 -2.742288017338423423e+00
4.955995599559948062e-01 -2.742456831181725008e+00
4.962046204620458312e-01 -2.742625642909225725e+00
4.968096809680959680e-01 -2.742794452520924686e+00
4.974147414741469930e-01 -2.742963260016821891e+00
4.980198019801971299e-01 -2.743132065396919117e+00
4.986248624862481549e-01 -2.743300868661214587e+00
4.992299229922991799e-01 -2.743469669809709188e+00
4.998349834983493167e-01 -2.743638468842402034e+00
5.004400440044003417e-01 -2.743807637361906693e+00
5.010451045104504786e-01 -2.743978156631374343e+00
5.016501650165015036e-01 -2.744150078907420909e+00
5.022552255225516404e-01 -2.744323404190046833e+00
5.028602860286026655e-01 -2.744498132479253449e+00
5.034653465346528023e-01 -2.744674263775038092e+00
5.040704070407038273e-01 -2.744851798077403426e+00
5.046754675467539641e-01 -2.745030735386348120e+00
5.052805280528049892e-01 -2.745211075701872172e+00
5.058855885588551260e-01 -2.745392819023976028e+00
5.064906490649061510e-01 -2.745575965352659242e+00
5.070957095709562878e-01 -2.745760514687922260e+00
5.077007700770073129e-01 -2.745946467029765525e+00
5.083058305830574497e-01 -2.746133822378186817e+00
5.089108910891084747e-01 -2.746322580733189245e+00
5.095159515951586116e-01 -2.746512742094770587e+00
5.101210121012096366e-01 -2.746704306462931289e+00
5.107260726072606616e-01 -2.746897273837672238e+00
5.113311331133107984e-01 -2.747091644218992545e+00
5.119361936193618234e-01 -2.747287417606892213e+00
5.125412541254119603e-01 -2.747484594001370795e+00
5.131463146314629853e-01 -2.747683173402430068e+00
5.137513751375131221e-01 -2.747883155810068256e+00
5.143564356435641471e-01 -2.748084541224286692e+00
5.149614961496142840e-01 -2.748287329645083599e+00
5.155665566556653090e-01 -2.748491521072460753e+00
5.161716171617154458e-01 -2.748697115506418154e+00
5.167766776677664708e-01 -2.748904112946954914e+00
5.173817381738166077e-01 -2.749112513394070145e+00
5.179867986798676327e-01 -2.749322316847766068e+00
5.185918591859177695e-01 -2.749533523308040905e+00
5.191969196919687946e-01 -2.749746132774895990e+00
5.198019801980189314e-01 -2.749960145248329990e+00
5.204070407040699564e-01 -2.750175560728344681e+00
5.210121012101200932e-01 -2.750392379214937844e+00
5.216171617161711183e-01 -2.750610600708110809e+00
5.222222222222221433e-01 -2.750830225207864022e+00
5.228272827282722801e-01 -2.751051252714195705e+00
5.234323432343233051e-01 -2.751273683227108080e+00
5.240374037403734420e-01 -2.751497516746599370e+00
5.246424642464244670e-01 -2.751722753272670463e+00
5.252475247524746038e-01 -2.751949392805320915e+00
5.258525852585256288e-01 -2.752177435344551615e+00
5.264576457645757657e-01 -2.752406880890361229e+00
5.270627062706267907e-01 -2.752637729442750647e+00
5.276677667766769275e-01 -2.752869981001720312e+00
5.282728272827279525e-01 -2.753103635567268448e+00
5.288778877887780894e-01 -2.753338693139396831e+00
5.294829482948291144e-01 -2.753575153718104573e+00
5.300880088008792512e-01 -2.753813017303391675e+00
5.306930693069302762e-01 -2.754052283895259023e+00
5.312981298129804131e-01 -2.754292953493704843e+00
5.319031903190314381e-01 -2.754535026098731798e+00
5.325082508250824631e-01 -2.754778501710337668e+00
5.331133113311325999e-01 -2.755023380328522453e+00
5.337183718371836250e-01 -2.755269661953287041e+00
5.343234323432337618e-01 -2.755517346584631877e+00
5.349284928492847868e-01 -2.755766434222556072e+00
5.355335533553349237e-01 -2.756016924867060069e+00
5.361386138613859487e-01 -2.756268818518143426e+00
5.367436743674360855e-01 -2.756522115175805254e+00
5.373487348734871105e-01 -2.756776814840048662e+00
5.379537953795372474e-01 -2.757032917510870096e+00
5.385588558855882724e-01 -2.757290423188271777e+00
5.391639163916384092e-01 -2.757549331872253262e+00
5.397689768976894342e-01 -2.757809643562813662e+00
5.403740374037395711e-01 -2.758071358259954309e+00
5.409790979097905961e-01 -2.758334475963674759e+00
5.415841584158407329e-01 -2.758598996673973236e+00
5.421892189218917579e-01 -2.758864920390853293e+00
5.427942794279418948e-01 -2.759132247114311820e+00
5.433993399339929198e-01 -2.759400976844350151e+00
5.440044004400439448e-01 -2.759671109580968729e+00
5.446094609460940816e-01 -2.759942645324165778e+00
5.452145214521451067e-01 -2.760215584073942630e+00
5.458195819581952435e-01 -2.760489925830299285e+00
5.464246424642462685e-01 -2.760765670593236187e+00
5.470297029702964053e-01 -2.761042818362751561e+00
5.476347634763474304e-01 -2.761321369138847182e+00
5.482398239823975672e-01 -2.761601322921522161e+00
5.488448844884485922e-01 -2.761882679710776944e+00
5.494499449944987290e-01 -2.762165439506611087e+00
5.500550055005497541e-01 -2.762449602309025476e+00
5.506600660065998909e-01 -2.762735168118018336e+00
5.512651265126509159e-01 -2.763022136933591000e+00
5.518701870187010528e-01 -2.763310508755743911e+00
5.524752475247520778e-01 -2.763600283584475736e+00
5.530803080308022146e-01 -2.763891461419787365e+00
5.536853685368532396e-01 -2.764184042261678798e+00
5.542904290429033765e-01 -2.764478026110149589e+00
5.548954895489544015e-01 -2.764773412965200183e+00
5.555005500550054265e-01 -2.765070202826831025e+00
5.561056105610555633e-01 -2.765368395695040338e+00
5.567106710671065883e-01 -2.765667991569829898e+00
5.573157315731567252e-01 -2.765968990451197929e+00
5.579207920792077502e-01 -2.766271392339147095e+00
5.585258525852578870e-01 -2.766575197233674732e+00
5.591309130913089120e-01 -2.766880405134782617e+00
5.597359735973590489e-01 -2.767187016042469860e+00
5.603410341034100739e-01 -2.767495029956737351e+00
5.609460946094602107e-01 -2.767804446877583313e+00
5.615511551155112357e-01 -2.768115266805009078e+00
5.621562156215613726e-01 -2.768427489739014646e+00
5.627612761276123976e-01 -2.768741115679600018e+00
5.633663366336625344e-01 -2.769056144626764304e+00
5.639713971397135595e-01 -2.769372576580508838e+00
5.645764576457636963e-01 -2.769690411540832287e+00
5.651815181518147213e-01 -2.770009649507736427e+00
5.657865786578648581e-01 -2.770330290481219482e+00
5.663916391639158832e-01 -2.770652334461282784e+00
5.669966996699669082e-01 -2.770975781447924557e+00
5.676017601760170450e-01 -2.771300631441146578e+00
5.682068206820680700e-01 -2.771626884440948402e+00
5.688118811881182069e-01 -2.771954540447328696e+00
5.694169416941692319e-01 -2.772283599460289683e+00
5.700220022002193687e-01 -2.772614061479829584e+00
5.706270627062703937e-01 -2.772945926505950176e+00
5.712321232123205306e-01 -2.773279194538648795e+00
5.718371837183715556e-01 -2.773613865577928106e+00
5.724422442244216924e-01 -2.773949939623786776e+00
5.730473047304727174e-01 -2.774287416676225249e+00
5.736523652365228543e-01 -2.774626296735242637e+00
5.742574257425738793e-01 -2.774966579800840272e+00
5.748624862486240161e-01 -2.775308265873016822e+00
5.754675467546750411e-01 -2.775651354951774064e+00
5.760726072607251780e-01 -2.775995847037110220e+00
5.766776677667762030e-01 -2.776341742129025736e+00
5.772827282728272280e-01 -2.776689040227521055e+00
5.778877887788773648e-01 -2.777037741332595289e+00
5.784928492849283899e-01 -2.777387845444250214e+00
5.790979097909785267e-01 -2.777739352562484054e+00
5.797029702970295517e-01 -2.778092262687298586e+00
5.803080308030796886e-01 -2.778446575818691144e+00
5.809130913091307136e-01 -2.778802291956664394e+00
5.815181518151808504e-01 -2.779159411101216559e+00
5.821232123212318754e-01 -2.779517933252348971e+00
5.827282728272820123e-01 -2.779877858410059854e+00
5.833333333333330373e-01 -2.780239186574351873e+00
5.839383938393831741e-01 -2.780601917745221918e+00
5.845434543454341991e-01 -2.780966051922672655e+00
5.851485148514843360e-01 -2.781331589106702307e+00
5.857535753575353610e-01 -2.781698529297312206e+00
5.863586358635854978e-01 -2.782066872494500576e+00
5.869636963696365228e-01 -2.782436618698269637e+00
5.875687568756866597e-01 -2.782807767908617613e+00
5.881738173817376847e-01 -2.783180320125545837e+00
5.887788778877887097e-01 -2.783554275349053864e+00
5.893839383938388465e-01 -2.783929633579141250e+00
5.899889988998898716e-01 -2.784306394815807995e+00
5.905940594059400084e-01 -2.784684559059053210e+00
5.911991199119910334e-01 -2.785064126308879562e+00
5.918041804180411702e-01 -2.785445096565284828e+00
5.924092409240921953e-01 -2.785827469828269898e+00
5.930143014301423321e-01 -2.786211246097833882e+00
5.936193619361933571e-01 -2.786596425373979002e+00
5.942244224422434939e-01 -2.786983007656702593e+00
5.948294829482945190e-01 -2.787370992946005988e+00
5.954345434543446558e-01 -2.787760381241888297e+00
5.960396039603956808e-01 -2.788151172544351741e+00
5.966446644664458177e-01 -2.788543366853393657e+00
5.972497249724968427e-01 -2.788936964169015820e+00
5.978547854785469795e-01 -2.789331964491216453e+00
5.984598459845980045e-01 -2.789728367819997779e+00
5.990649064906481414e-01 -2.790126174155357575e+00
5.996699669966991664e-01 -2.790525383497297618e+00
6.002750275027501914e-01 -2.790925995845817909e+00
6.008800880088003282e-01 -2.791328011200917114e+00
6.014851485148513532e-01 -2.791731429562596123e+00
6.020902090209014901e-01 -2.792136250930854491e+00
6.026952695269525151e-01 -2.792542475305692662e+00
6.033003300330026519e-01 -2.792950102687110192e+00
6.039053905390536769e-01 -2.793359133075107970e+00
6.045104510451038138e-01 -2.793769566469683774e+00
6.051155115511548388e-01 -2.794181402870840714e+00
6.057205720572049756e-01 -2.794594642278576568e+00
6.063256325632560007e-01 -2.795009284692891782e+00
6.069306930693061375e-01 -2.795425330113787243e+00
6.075357535753571625e-01 -2.795842778541261620e+00
6.081408140814072993e-01 -2.796261629975315799e+00
6.087458745874583244e-01 -2.796681884415950226e+00
6.093509350935084612e-01 -2.797103541863163567e+00
6.099559955995594862e-01 -2.797526602316956712e+00
6.105610561056096230e-01 -2.797951065777329660e+00
6.111661166116606481e-01 -2.798376932244281523e+00
6.117711771177116731e-01 -2.798804201717814077e+00
6.123762376237618099e-01 -2.799232874197924659e+00
6.129812981298128349e-01 -2.799662949684615931e+00
6.135863586358629718e-01 -2.800094428177886563e+00
6.141914191419139968e-01 -2.800527309677737442e+00
6.147964796479641336e-01 -2.800961594184166792e+00
6.154015401540151586e-01 -2.801397281697175945e+00
6.160066006600652955e-01 -2.801834372216764901e+00
6.166116611661163205e-01 -2.802272865742933661e+00
6.172167216721664573e-01 -2.802712762275681779e+00
6.178217821782174823e-01 -2.803154061815010145e+00
6.184268426842676192e-01 -2.803596764360916538e+00
6.190319031903186442e-01 -2.804040869913404066e+00
6.196369636963687810e-01 -2.804486378472470065e+00
6.202420242024198060e-01 -2.804933290038116311e+00
6.208470847084699429e-01 -2.805381604610341917e+00
6.214521452145209679e-01 -2.805831322189147325e+00
6.220572057205719929e-01 -2.806282442774532981e+00
6.226622662266221298e-01 -2.806734966366496664e+00
6.232673267326731548e-01 -2.807188892965041038e+00
6.238723872387232916e-01 -2.807644222570164771e+00
6.244774477447743166e-01 -2.808100955181867420e+00
6.250825082508244535e-01 -2.808559090800150315e+00
6.256875687568754785e-01 -2.809018629425012570e+00
6.262926292629256153e-01 -2.809479571056454628e+00
6.268976897689766403e-01 -2.809941915694476933e+00
6.275027502750267772e-01 -2.810405663339077709e+00
6.281078107810778022e-01 -2.810870813990258288e+00
6.287128712871279390e-01 -2.811337367648018226e+00
6.293179317931789640e-01 -2.811805324312359300e+00
6.299229922992291009e-01 -2.812274683983277512e+00
6.305280528052801259e-01 -2.812745446660777304e+00
6.311331133113302627e-01 -2.813217612344855567e+00
6.317381738173812877e-01 -2.813691181035514077e+00
6.323432343234314246e-01 -2.814166152732751502e+00
6.329482948294824496e-01 -2.814642527436570063e+00
6.335533553355334746e-01 -2.815120305146967095e+00
6.341584158415836114e-01 -2.815599485863943485e+00
6.347634763476346365e-01 -2.816080069587500123e+00
6.353685368536847733e-01 -2.816562056317635676e+00
6.359735973597357983e-01 -2.817045446054351032e+00
6.365786578657859351e-01 -2.817530238797645303e+00
6.371837183718369602e-01 -2.818016434547520710e+00
6.377887788778870970e-01 -2.818504033303974587e+00
6.383938393839381220e-01 -2.818993035067008712e+00
6.389988998899882588e-01 -2.819483439836621308e+00
6.396039603960392839e-01 -2.819975247612815039e+00
6.402090209020894207e-01 -2.820468458395587241e+00
6.408140814081404457e-01 -2.820963072184939247e+00
6.414191419141905826e-01 -2.821459088980870611e+00
6.420242024202416076e-01 -2.821956508783382667e+00
6.426292629262917444e-01 -2.822455331592473193e+00
6.432343234323427694e-01 -2.822955557408143079e+00
6.438393839383929063e-01 -2.823457186230393212e+00
6.444444444444439313e-01 -2.823960218059223592e+00
6.450495049504949563e-01 -2.824464652894632888e+00
6.456545654565450931e-01 -2.824970490736621542e+00
6.462596259625961181e-01 -2.825477731585190000e+00
6.468646864686462550e-01 -2.825986375440338261e+00
6.474697469746972800e-01 -2.826496422302065881e+00
6.480748074807474168e-01 -2.827007872170372416e+00
6.486798679867984418e-01 -2.827520725045260086e+00
6.492849284928485787e-01 -2.828034980926725783e+00
6.498899889988996037e-01 -2.828550639814772172e+00
6.504950495049497405e-01 -2.829067701709397920e+00
6.511001100110007656e-01 -2.829586166610603470e+00
6.517051705170509024e-01 -2.830106034518387048e+00
6.523102310231019274e-01 -2.830627305432752205e+00
6.529152915291520642e-01 -2.831149979353695834e+00
6.535203520352030893e-01 -2.831674056281219265e+00
6.541254125412532261e-01 -2.832199536215322055e+00
6.547304730473042511e-01 -2.832726419156005093e+00
6.553355335533552761e-01 -2.833254705103267490e+00
6.559405940594054130e-01 -2.833784394057109246e+00
6.565456545654564380e-01 -2.834315486017531249e+00
6.571507150715065748e-01 -2.834847980984531723e+00
6.577557755775575998e-01 -2.835381878958112889e+00
6.583608360836077367e-01 -2.835917179938272525e+00
6.589658965896587617e-01 -2.836453883925012409e+00
6.595709570957088985e-01 -2.836991990918331652e+00
6.601760176017599235e-01 -2.837531500918230698e+00
6.607810781078100604e-01 -2.838072413924709103e+00
6.613861386138610854e-01 -2.838614729937767311e+00
6.619911991199112222e-01 -2.839158448957404435e+00
6.625962596259622472e-01 -2.839703570983622694e+00
6.632013201320123841e-01 -2.840250096016418979e+00
6.638063806380634091e-01 -2.840798024055795956e+00
6.644114411441135459e-01 -2.841347355101751404e+00
6.650165016501645709e-01 -2.841898089154287543e+00
6.656215621562147078e-01 -2.842450226213402154e+00
6.662266226622657328e-01 -2.843003766279097899e+00
6.668316831683167578e-01 -2.843558709351372560e+00
6.674367436743668947e-01 -2.844115055430226136e+00
6.680418041804179197e-01 -2.844672804515659958e+00
6.686468646864680565e-01 -2.845231956607673141e+00
6.692519251925190815e-01 -2.845792511706266126e+00
6.698569856985692184e-01 -2.846354469811438026e+00
6.704620462046202434e-01 -2.846917830923190618e+00
6.710671067106703802e-01 -2.847482595041521680e+00
6.716721672167214052e-01 -2.848048762166433434e+00
6.722772277227715421e-01 -2.848616332297923215e+00
6.728822882288225671e-01 -2.849185305435994131e+00
6.734873487348727039e-01 -2.849755681580643518e+00
6.740924092409237289e-01 -2.850327460731873597e+00
6.746974697469738658e-01 -2.850900642889682146e+00
6.753025302530248908e-01 -2.851475228054071387e+00
6.759075907590750276e-01 -2.852051216225039099e+00
6.765126512651260526e-01 -2.852628607402587058e+00
6.771177117711761895e-01 -2.853207401586714376e+00
6.777227722772272145e-01 -2.853787598777421941e+00
6.783278327832782395e-01 -2.854369198974708866e+00
6.789328932893283763e-01 -2.854952202178574705e+00
6.795379537953794014e-01 -2.855536608389020792e+00
6.801430143014295382e-01 -2.856122417606045794e+00
6.807480748074805632e-01 -2.856709629829651043e+00
6.813531353135307000e-01 -2.857298245059835207e+00
6.819581958195817251e-01 -2.857888263296599618e+00
6.825632563256318619e-01 -2.858479684539942944e+00
6.831683168316828869e-01 -2.859072508789866962e+00
6.837733773377330238e-01 -2.859666736046369451e+00
6.843784378437840488e-01 -2.860262366309452631e+00
6.849834983498341856e-01 -2.860859399579114282e+00
6.855885588558852106e-01 -2.861457835855356180e+00
6.861936193619353475e-01 -2.862057675138176549e+00
6.867986798679863725e-01 -2.862658917427578054e+00
6.874037403740365093e-01 -2.863261562723558029e+00
6.880088008800875343e-01 -2.863865611026119140e+00
6.886138613861376712e-01 -2.864471062335257834e+00
6.892189218921886962e-01 -2.865077916650977219e+00
6.898239823982397212e-01 -2.865686173973276851e+00
6.904290429042898580e-01 -2.866295834302155399e+00
6.910341034103408830e-01 -2.866906897637613305e+00
6.916391639163910199e-01 -2.867519363979650571e+00
6.922442244224420449e-01 -2.868133233328268084e+00
6.928492849284921817e-01 -2.868748505683464511e+00
6.934543454345432067e-01 -2.869365181045240742e+00
6.940594059405933436e-01 -2.869983259413596777e+00
6.946644664466443686e-01 -2.870602740788532614e+00
6.952695269526945054e-01 -2.871223625170046923e+00
6.958745874587455305e-01 -2.871845912558142366e+00
6.964796479647956673e-01 -2.872469602952816281e+00
6.970847084708466923e-01 -2.873094696354070443e+00
6.976897689768968291e-01 -2.873721192761903520e+00
6.982948294829478542e-01 -2.874349092176316844e+00
6.988998899889979910e-01 -2.874978394597309084e+00
6.995049504950490160e-01 -2.875609100024881570e+00
7.001100110011000410e-01 -2.876241247273520152e+00
7.007150715071501779e-01 -2.876876359811812112e+00
7.013201320132012029e-01 -2.877515223633106967e+00
7.019251925192513397e-01 -2.878157838737403829e+00
7.025302530253023647e-01 -2.878804205124704030e+00
7.031353135313525016e-01 -2.879454322795004906e+00
7.037403740374035266e-01 -2.880108191748309565e+00
7.043454345434536634e-01 -2.880765811984615343e+00
7.049504950495046884e-01 -2.881427183503925349e+00
7.055555555555548253e-01 -2.882092306306235585e+00
7.061606160616058503e-01 -2.882761180391549605e+00
7.067656765676559871e-01 -2.883433805759864743e+00
7.073707370737070121e-01 -2.884110182411183665e+00
7.079757975797571490e-01 -2.884790310345503705e+00
7.085808580858081740e-01 -2.885474189562827085e+00
7.091859185918583108e-01 -2.886161820063152028e+00
7.097909790979093358e-01 -2.886853201846480310e+00
7.103960396039594727e-01 -2.887548334912809711e+00
7.110011001100104977e-01 -2.888247219262142451e+00
7.116061606160615227e-01 -2.888949854894477198e+00
7.122112211221116596e-01 -2.889656241809813952e+00
7.128162816281626846e-01 -2.890366380008154046e+00
7.134213421342128214e-01 -2.891080269489494814e+00
7.140264026402638464e-01 -2.891797910253839810e+00
7.146314631463139833e-01 -2.892519302301185480e+00
7.152365236523650083e-01 -2.893244445631534489e+00
7.158415841584151451e-01 -2.893973340244885506e+00
7.164466446644661701e-01 -2.894705986141239418e+00
7.170517051705163070e-01 -2.895442383320594892e+00
7.176567656765673320e-01 -2.896182531782953706e+00
7.182618261826174688e-01 -2.896926431528313195e+00
7.188668866886684938e-01 -2.897674082556676467e+00
7.194719471947186307e-01 -2.898425484868041302e+00
7.200770077007696557e-01 -2.899180638462409032e+00
7.206820682068197925e-01 -2.899939543339778325e+00
7.212871287128708175e-01 -2.900702199500151401e+00
7.218921892189209544e-01 -2.901468606943525597e+00
7.224972497249719794e-01 -2.902238765669903131e+00
7.231023102310230044e-01 -2.903012675679282228e+00
7.237073707370731412e-01 -2.903790336971663777e+00
7.243124312431241663e-01 -2.904571749547048665e+00
7.249174917491743031e-01 -2.905356913405434227e+00
7.255225522552253281e-01 -2.906145828546823573e+00
7.261276127612754649e-01 -2.906938494971213593e+00
7.267326732673264900e-01 -2.907734912678607841e+00
7.273377337733766268e-01 -2.908535081669002764e+00
7.279427942794276518e-01 -2.909339001942401470e+00
7.285478547854777887e-01 -2.910146673498801295e+00
7.291529152915288137e-01 -2.910958096338204903e+00
7.297579757975789505e-01 -2.911773270460610075e+00
7.303630363036299755e-01 -2.912592195866017253e+00
7.309680968096801124e-01 -2.913414872554426438e+00
7.315731573157311374e-01 -2.914241300525839851e+00
7.321782178217812742e-01 -2.915071479780253494e+00
7.327832783278322992e-01 -2.915905410317670921e+00
7.333883388338833242e-01 -2.916743092138090354e+00
7.339933993399334611e-01 -2.917584525241511795e+00
7.345984598459844861e-01 -2.918429709627936131e+00
7.352035203520346229e-01 -2.919278645297362029e+00
7.358085808580856479e-01 -2.920131332249791267e+00
7.364136413641357848e-01 -2.920987770485221624e+00
7.370187018701868098e-01 -2.921847960003655764e+00
7.376237623762369466e-01 -2.922711900805090579e+00
7.382288228822879717e-01 -2.923579592889529621e+00
7.388338833883381085e-01 -2.924451036256969338e+00
7.394389438943891335e-01 -2.925326230907412395e+00
7.400440044004392703e-01 -2.926205176840856570e+00
7.406490649064902954e-01 -2.927087874057304528e+00
7.412541254125404322e-01 -2.927974322556754050e+00
7.418591859185914572e-01 -2.928864522339206911e+00
7.424642464246415940e-01 -2.929758473404660890e+00
7.430693069306926191e-01 -2.930656175753117765e+00
7.436743674367427559e-01 -2.931557629384576202e+00
7.442794279427937809e-01 -2.932462834299038423e+00
7.448844884488448059e-01 -2.933371790496503095e+00
7.454895489548949428e-01 -2.934284497976968886e+00
7.460946094609459678e-01 -2.935200956740437572e+00
7.466996699669961046e-01 -2.936121166786908265e+00
7.473047304730471296e-01 -2.937045128116381854e+00
7.479097909790972665e-01 -2.937972840728857005e+00
7.485148514851482915e-01 -2.938904304624335495e+00
7.491199119911984283e-01 -2.939839519802815992e+00
7.497249724972494533e-01 -2.940778486264298497e+00
7.503300330032995902e-01 -2.941721204008783452e+00
7.509350935093506152e-01 -2.942667673036270859e+00
7.515401540154007520e-01 -2.943617893346759828e+00
7.521452145214517770e-01 -2.944571864940252581e+00
7.527502750275019139e-01 -2.945529587816746453e+00
7.533553355335529389e-01 -2.946491061976243664e+00
7.539603960396030757e-01 -2.947456287418742438e+00
7.545654565456541008e-01 -2.948425264144244551e+00
7.551705170517042376e-01 -2.949397992152746895e+00
7.557755775577552626e-01 -2.950374471444254798e+00
7.563806380638062876e-01 -2.951354702018763820e+00
7.569856985698564245e-01 -2.952338683876273961e+00
7.575907590759074495e-01 -2.953326417016787886e+00
7.581958195819575863e-01 -2.954317901440302929e+00
7.588008800880086113e-01 -2.955313137146821312e+00
7.594059405940587482e-01 -2.956312124136340813e+00
7.600110011001097732e-01 -2.957314862408864098e+00
7.606160616061599100e-01 -2.958321351964388057e+00
7.612211221122109350e-01 -2.959331592802916244e+00
7.618261826182610719e-01 -2.960345584924445106e+00
7.624312431243120969e-01 -2.961363328328978195e+00
7.630363036303622337e-01 -2.962384823016511959e+00
7.636413641364132587e-01 -2.963410068987048618e+00
7.642464246424633956e-01 -2.964439066240586840e+00
7.648514851485144206e-01 -2.965471814777129289e+00
7.654565456545645574e-01 -2.966508314596672413e+00
7.660616061606155824e-01 -2.967548565699219765e+00
7.666666666666657193e-01 -2.968592568084767347e+00
7.672717271727167443e-01 -2.969640321753318712e+00
7.678767876787677693e-01 -2.970691826704872085e+00
7.684818481848179061e-01 -2.971747082939426576e+00
7.690869086908689312e-01 -2.972806090456986183e+00
7.696919691969190680e-01 -2.973868849257545133e+00
7.702970297029700930e-01 -2.974935359341108310e+00
7.709020902090202298e-01 -2.976005620707672605e+00
7.715071507150712549e-01 -2.977079633357240240e+00
7.721122112211213917e-01 -2.978157397289809438e+00
7.727172717271724167e-01 -2.979238912505382419e+00
7.733223322332225536e-01 -2.980324179003955631e+00
7.739273927392735786e-01 -2.981413196785533515e+00
7.745324532453237154e-01 -2.982505965850111629e+00
7.751375137513747404e-01 -2.983602486197693082e+00
7.757425742574248773e-01 -2.984702757828276098e+00
7.763476347634759023e-01 -2.985806780741862898e+00
7.769526952695260391e-01 -2.986914554938450372e+00
7.775577557755770641e-01 -2.988026080418042074e+00
7.781628162816280891e-01 -2.989141357180635783e+00
7.787678767876782260e-01 -2.990260385226230166e+00
7.793729372937292510e-01 -2.991383164554828777e+00
7.799779977997793878e-01 -2.992509695166428507e+00
7.805830583058304128e-01 -2.993639977061031576e+00
7.811881188118805497e-01 -2.994774010238635320e+00
7.817931793179315747e-01 -2.995911794699243291e+00
7.823982398239817115e-01 -2.997053330442852381e+00
7.830033003300327366e-01 -2.998198617469464811e+00
7.836083608360828734e-01 -2.999347655779077915e+00
7.842134213421338984e-01 -3.000500445371695690e+00
7.848184818481840352e-01 -3.001656986247314141e+00
7.854235423542350603e-01 -3.002817278405935930e+00
7.860286028602851971e-01 -3.003981321847558839e+00
7.866336633663362221e-01 -3.005149116572185086e+00
7.872387238723863589e-01 -3.006320662579812897e+00
7.878437843784373840e-01 -3.007495959870444491e+00
7.884488448844875208e-01 -3.008675008444076759e+00
7.890539053905385458e-01 -3.009857808300712811e+00
7.896589658965895708e-01 -3.011044359440350870e+00
7.902640264026397077e-01 -3.012234661862990492e+00
7.908690869086907327e-01 -3.013428715568633898e+00
7.914741474147408695e-01 -3.014626520557277978e+00
7.920792079207918945e-01 -3.015828076828925841e+00
7.926842684268420314e-01 -3.017033384383573935e+00
7.932893289328930564e-01 -3.018242443221226701e+00
7.938943894389431932e-01 -3.019455253341880141e+00
7.944994499449942182e-01 -3.020671814745537809e+00
7.951045104510443551e-01 -3.021892127432195707e+00
7.957095709570953801e-01 -3.023116191401857389e+00
7.963146314631455169e-01 -3.024344006654520634e+00
7.969196919691965419e-01 -3.025575573190187217e+00
7.975247524752466788e-01 -3.026810891008854476e+00
7.981298129812977038e-01 -3.028049960110525962e+00
7.987348734873478406e-01 -3.029292780495198123e+00
7.993399339933988657e-01 -3.030539352162874511e+00
7.999449944994490025e-01 -3.031789675113550686e+00
8.005500550055000275e-01 -3.033043749347231088e+00
8.011551155115510525e-01 -3.034301574863915718e+00
8.017601760176011894e-01 -3.035563151663599246e+00
8.023652365236522144e-01 -3.036828479746287002e+00
8.029702970297023512e-01 -3.038097559111975876e+00
8.035753575357533762e-01 -3.039370389760668090e+00
8.041804180418035131e-01 -3.040646971692360978e+00
8.047854785478545381e-01 -3.041927304907058538e+00
8.053905390539046749e-01 -3.043211389404757217e+00
8.059955995599556999e-01 -3.044499225185458791e+00
8.066006600660058368e-01 -3.045790812249161039e+00
8.072057205720568618e-01 -3.047086150595867515e+00
8.078107810781069986e-01 -3.048385240225575110e+00
8.084158415841580236e-01 -3.049688081138286488e+00
8.090209020902081605e-01 -3.050994673333998985e+00
8.096259625962591855e-01 -3.052305016812714378e+00
8.102310231023093223e-01 -3.053619111574430889e+00
8.108360836083603473e-01 -3.054936957619152071e+00
8.114411441144104842e-01 -3.056258554946873929e+00
8.120462046204615092e-01 -3.057583903557599569e+00
8.126512651265125342e-01 -3.058913003451327217e+00
8.132563256325626710e-01 -3.060245854628055540e+00
8.138613861386136961e-01 -3.061582457087788089e+00
8.144664466446638329e-01 -3.062922810830521314e+00
8.150715071507148579e-01 -3.064266915856258766e+00
8.156765676567649948e-01 -3.065614772164996449e+00
8.162816281628160198e-01 -3.066966379756738359e+00
8.168866886688661566e-01 -3.068321738631480944e+00
8.174917491749171816e-01 -3.069680848789228200e+00
8.180968096809673185e-01 -3.071043710229975243e+00
8.187018701870183435e-01 -3.072410322953726070e+00
8.193069306930684803e-01 -3.073780686960478015e+00
8.199119911991195053e-01 -3.075154802250233743e+00
8.205170517051696422e-01 -3.076532668822991035e+00
8.211221122112206672e-01 -3.077914286678751665e+00
8.217271727172708040e-01 -3.079299655817512971e+00
8.223322332233218290e-01 -3.080688776239278948e+00
8.229372937293728540e-01 -3.082081647944046487e+00
8.235423542354229909e-01 -3.083478270931814702e+00
8.241474147414740159e-01 -3.084878645202587588e+00
8.247524752475241527e-01 -3.086282770756360261e+00
8.253575357535751778e-01 -3.087690647593137605e+00
8.259625962596253146e-01 -3.089102275712915180e+00
8.265676567656763396e-01 -3.090517655115697426e+00
8.271727172717264764e-01 -3.091936785801479903e+00
8.277777777777775015e-01 -3.093359667770266164e+00
8.283828382838276383e-01 -3.094786301022053543e+00
8.289878987898786633e-01 -3.096216685556844705e+00
8.295929592959288001e-01 -3.097650821374636987e+00
8.301980198019798252e-01 -3.099088708475433052e+00
8.308030803080299620e-01 -3.100530346859229347e+00
8.314081408140809870e-01 -3.101975736526029870e+00
8.320132013201311239e-01 -3.103424877475831067e+00
8.326182618261821489e-01 -3.104877769708636936e+00
8.332233223322322857e-01 -3.106334413224442592e+00
8.338283828382833107e-01 -3.107794808023252475e+00
8.344334433443343357e-01 -3.109258954105065698e+00
8.350385038503844726e-01 -3.110726851469878262e+00
8.356435643564354976e-01 -3.112198500117695499e+00
8.362486248624856344e-01 -3.113673900048513410e+00
8.368536853685366594e-01 -3.115153051262335548e+00
8.374587458745867963e-01 -3.116635953759157474e+00
8.380638063806378213e-01 -3.118122607538984070e+00
8.386688668866879581e-01 -3.119613012601811342e+00
8.392739273927389831e-01 -3.121107168947642840e+00
8.398789878987891200e-01 -3.122605076576474570e+00
8.404840484048401450e-01 -3.124106735488310083e+00
8.410891089108902818e-01 -3.125612145683146714e+00
8.416941694169413068e-01 -3.127121307160987573e+00
8.422992299229914437e-01 -3.128634219921828663e+00
8.429042904290424687e-01 -3.130150883965673980e+00
8.435093509350926055e-01 -3.131671299292519972e+00
8.441144114411436306e-01 -3.133195465902370191e+00
8.447194719471937674e-01 -3.134723383795220197e+00
8.453245324532447924e-01 -3.136255052971074875e+00
8.459295929592958174e-01 -3.137790473429932447e+00
8.465346534653459543e-01 -3.139329645171790251e+00
8.471397139713969793e-01 -3.140872568196652281e+00
8.477447744774471161e-01 -3.142419242504514543e+00
8.483498349834981411e-01 -3.143969668095381476e+00
8.489548954895482780e-01 -3.145523844969248195e+00
8.495599559955993030e-01 -3.147081773126119142e+00
8.501650165016494398e-01 -3.148643452565990764e+00
8.507700770077004648e-01 -3.150208883288867057e+00
8.513751375137506017e-01 -3.151778065294743136e+00
8.519801980198016267e-01 -3.153350998583623443e+00
8.525852585258517635e-01 -3.154927683155504425e+00
8.531903190319027885e-01 -3.156508119010390523e+00
8.537953795379529254e-01 -3.158092306148275963e+00
8.544004400440039504e-01 -3.159680244569166518e+00
8.550055005500540872e-01 -3.161271934273056416e+00
8.556105610561051122e-01 -3.162867375259951430e+00
8.562156215621561373e-01 -3.164466567529848451e+00
8.568206820682062741e-01 -3.166069511082746146e+00
8.574257425742572991e-01 -3.167676205918648513e+00
8.580308030803074359e-01 -3.169286652037550223e+00
8.586358635863584610e-01 -3.170900849439457048e+00
8.592409240924085978e-01 -3.172518798124363659e+00
8.598459845984596228e-01 -3.174140498092274498e+00
8.604510451045097597e-01 -3.175765949343186012e+00
8.610561056105607847e-01 -3.177395151877102641e+00
8.616611661166109215e-01 -3.179028105694018613e+00
8.622662266226619465e-01 -3.180664810793939257e+00
8.628712871287120834e-01 -3.182305267176860131e+00
8.634763476347631084e-01 -3.183949474842785676e+00
8.640814081408132452e-01 -3.185597433791711008e+00
8.646864686468642702e-01 -3.187249144023641456e+00
8.652915291529144071e-01 -3.188904605538571690e+00
8.658965896589654321e-01 -3.190563818336506596e+00
8.665016501650155689e-01 -3.192226782417440845e+00
8.671067106710665939e-01 -3.193893497781380653e+00
8.677117711771176189e-01 -3.195563964428322912e+00
8.683168316831677558e-01 -3.197238182358264957e+00
8.689218921892187808e-01 -3.198916151571212119e+00
8.695269526952689176e-01 -3.200597872067158178e+00
8.701320132013199427e-01 -3.202283343846109798e+00
8.707370737073700795e-01 -3.203972566908060760e+00
8.713421342134211045e-01 -3.205665541253016837e+00
8.719471947194712413e-01 -3.207362266880972701e+00
8.725522552255222664e-01 -3.209062743791933681e+00
8.731573157315724032e-01 -3.210766971985894891e+00
8.737623762376234282e-01 -3.212474951462859885e+00
8.743674367436735650e-01 -3.214186682222825109e+00
8.749724972497245901e-01 -3.215902164265795449e+00
8.755775577557747269e-01 -3.217621397591765575e+00
8.761826182618257519e-01 -3.219344382200740373e+00
8.767876787678758888e-01 -3.221071118092715402e+00
8.773927392739269138e-01 -3.222801605267694658e+00
8.779977997799770506e-01 -3.224535843725674589e+00
8.786028602860280756e-01 -3.226273833466658747e+00
8.792079207920791006e-01 -3.228015574490645800e+00
8.798129812981292375e-01 -3.229761066797632196e+00
8.804180418041802625e-01 -3.231510310387623264e+00
8.810231023102303993e-01 -3.233263305260614118e+00
8.816281628162814243e-01 -3.235020051416610531e+00
8.822332233223315612e-01 -3.236780548855605844e+00
8.828382838283825862e-01 -3.238544797577607604e+00
8.834433443344327230e-01 -3.240312797582607818e+00
8.840484048404837480e-01 -3.242084548870613148e+00
8.846534653465338849e-01 -3.243860051441618264e+00
8.852585258525849099e-01 -3.245639305295628940e+00
8.858635863586350467e-01 -3.247422310432638515e+00
8.864686468646860718e-01 -3.249209066852653649e+00
8.870737073707362086e-01 -3.250999574555668126e+00
8.876787678767872336e-01 -3.252793833541687274e+00
8.882838283828373704e-01 -3.254591843810706653e+00
8.888888888888883955e-01 -3.256393605362731591e+00
8.894939493949385323e-01 -3.258199118197755872e+00
8.900990099009895573e-01 -3.260008382315784381e+00
8.907040704070405823e-01 -3.261821397716815341e+00
8.913091309130907192e-01 -3.263638164400846531e+00
8.919141914191417442e-01 -3.265458682367882837e+00
8.925192519251918810e-01 -3.267282951617918485e+00
8.931243124312429060e-01 -3.269110972150960137e+00
8.937293729372930429e-01 -3.270942743966999799e+00
8.943344334433440679e-01 -3.272778267066045466e+00
8.949394939493942047e-01 -3.274617541448090918e+00
8.955445544554452297e-01 -3.276460567113140154e+00
8.961496149614953666e-01 -3.278307344061190065e+00
8.967546754675463916e-01 -3.280157872292245536e+00
8.973597359735965284e-01 -3.282012151806299904e+00
8.979647964796475534e-01 -3.283870182603358945e+00
8.985698569856976903e-01 -3.285731964683418660e+00
8.991749174917487153e-01 -3.287597498046482603e+00
8.997799779977988521e-01 -3.289466782692546332e+00
9.003850385038498771e-01 -3.291339818621615620e+00
9.009900990099009022e-01 -3.293216605833686916e+00
9.015951595159510390e-01 -3.295097144328757555e+00
9.022002200220020640e-01 -3.296981434106834641e+00
9.028052805280522009e-01 -3.298869475167909737e+00
9.034103410341032259e-01 -3.300761267511990837e+00
9.040154015401533627e-01 -3.302656811139071280e+00
9.046204620462043877e-01 -3.304556106049156838e+00
9.052255225522545246e-01 -3.306459152242240851e+00
9.058305830583055496e-01 -3.308365949718331311e+00
9.064356435643556864e-01 -3.310276498477421558e+00
9.070407040704067114e-01 -3.312190798519516477e+00
9.076457645764568483e-01 -3.314108849844610738e+00
9.082508250825078733e-01 -3.316030652452710115e+00
9.088558855885580101e-01 -3.317956206343809278e+00
9.094609460946090351e-01 -3.319885511517913557e+00
9.100660066006591720e-01 -3.321818567975017622e+00
9.106710671067101970e-01 -3.323755375715126803e+00
9.112761276127603338e-01 -3.325695934738234882e+00
9.118811881188113588e-01 -3.327640245044348077e+00
9.124862486248623838e-01 -3.329588306633464612e+00
9.130913091309125207e-01 -3.331540119505580488e+00
9.136963696369635457e-01 -3.333495683660701037e+00
9.143014301430136825e-01 -3.335454999098820927e+00
9.149064906490647076e-01 -3.337418065819946822e+00
9.155115511551148444e-01 -3.339384883824071615e+00
9.161166116611658694e-01 -3.341355453111201967e+00
9.167216721672160062e-01 -3.343329773681331218e+00
9.173267326732670313e-01 -3.345307845534466473e+00
9.179317931793171681e-01 -3.347289668670600626e+00
9.185368536853681931e-01 -3.349275243089740783e+00
9.191419141914183299e-01 -3.351264568791878951e+00
9.197469746974693550e-01 -3.353257645777023122e+00
9.203520352035194918e-01 -3.355254474045167079e+00
9.209570957095705168e-01 -3.357255053596317040e+00
9.215621562156206537e-01 -3.359259384430465012e+00
9.221672167216716787e-01 -3.361267466547618099e+00
9.227722772277218155e-01 -3.363279299947771417e+00
9.233773377337728405e-01 -3.365294884630929850e+00
9.239823982398238655e-01 -3.367314220597090735e+00
9.245874587458740024e-01 -3.369337307846250074e+00
9.251925192519250274e-01 -3.371364146378416304e+00
9.257975797579751642e-01 -3.373394736193581434e+00
9.264026402640261892e-01 -3.375429077291750790e+00
9.270077007700763261e-01 -3.377467169672920377e+00
9.276127612761273511e-01 -3.379509013337095524e+00
9.282178217821774879e-01 -3.381554608284269570e+00
9.288228822882285129e-01 -3.383603954514449619e+00
9.294279427942786498e-01 -3.385657052027627678e+00
9.300330033003296748e-01 -3.387713900823811741e+00
9.306380638063798116e-01 -3.389774500902995591e+00
9.312431243124308367e-01 -3.391838852265185000e+00
9.318481848184809735e-01 -3.393906954910373752e+00
9.324532453245319985e-01 -3.395978808838567176e+00
9.330583058305821353e-01 -3.398054414049759497e+00
9.336633663366331604e-01 -3.400133770543958711e+00
9.342684268426832972e-01 -3.402216878321155491e+00
9.348734873487343222e-01 -3.404303737381358275e+00
9.354785478547853472e-01 -3.406394347724563954e+00
9.360836083608354841e-01 -3.408488709350768975e+00
9.366886688668865091e-01 -3.410586822259979556e+00
9.372937293729366459e-01 -3.412688686452188591e+00
9.378987898789876709e-01 -3.414794301927403630e+00
9.385038503850378078e-01 -3.416903668685617568e+00
9.391089108910888328e-01 -3.419016786726837509e+00
9.397139713971389696e-01 -3.421133656051055461e+00
9.403190319031899946e-01 -3.423254276658279416e+00
9.409240924092401315e-01 -3.425378648548503158e+00
9.415291529152911565e-01 -3.427506771721732903e+00
9.421342134213412933e-01 -3.429638646177961103e+00
9.427392739273923183e-01 -3.431774271917194419e+00
9.433443344334424552e-01 -3.433913648939427077e+00
9.439493949394934802e-01 -3.436056777244664850e+00
9.445544554455436170e-01 -3.438203656832902855e+00
9.451595159515946420e-01 -3.440354287704145975e+00
9.457645764576456671e-01 -3.442508669858391546e+00
9.463696369636958039e-01 -3.444666803295636015e+00
9.469746974697468289e-01 -3.446828688015886044e+00
9.475797579757969658e-01 -3.448994324019135860e+00
9.481848184818479908e-01 -3.451163711305389903e+00
9.487898789878981276e-01 -3.453336849874644177e+00
9.493949394939491526e-01 -3.455513739726904454e+00
9.499999999999992895e-01 -3.457694380862163186e+00
9.506050605060503145e-01 -3.459878773280426589e+00
9.512101210121004513e-01 -3.462066916981689779e+00
9.518151815181514763e-01 -3.464258811965958973e+00
9.524202420242016132e-01 -3.466454458233227065e+00
9.530253025302526382e-01 -3.468653855783500717e+00
9.536303630363027750e-01 -3.470857004616773267e+00
9.542354235423538000e-01 -3.473063904733051821e+00
9.548404840484039369e-01 -3.475274556132329273e+00
9.554455445544549619e-01 -3.477488958814612285e+00
9.560506050605050987e-01 -3.479707112779894640e+00
9.566556655665561237e-01 -3.481929018028182554e+00
9.572607260726071488e-01 -3.484154674559472031e+00
9.578657865786572856e-01 -3.486384082373761295e+00
9.584708470847083106e-01 -3.488617241471056118e+00
9.590759075907584474e-01 -3.490854151851350728e+00
9.596809680968094725e-01 -3.493094813514650010e+00
9.602860286028596093e-01 -3.495339226460948634e+00
9.608910891089106343e-01 -3.497587390690251929e+00
9.614961496149607711e-01 -3.499839306202555456e+00
9.621012101210117962e-01 -3.502094972997864986e+00
9.627062706270619330e-01 -3.504354391076172526e+00
9.633113311331129580e-01 -3.506617560437486514e+00
9.639163916391630949e-01 -3.508884481081798956e+00
9.645214521452141199e-01 -3.511155153009116958e+00
9.651265126512642567e-01 -3.513429576219434303e+00
9.657315731573152817e-01 -3.515707750712757651e+00
9.663366336633654186e-01 -3.517989676489079898e+00
9.669416941694164436e-01 -3.520275353548407260e+00
9.675467546754665804e-01 -3.522564781890734409e+00
9.681518151815176054e-01 -3.524857961516066673e+00
9.687568756875686304e-01 -3.527154892424401389e+00
9.693619361936187673e-01 -3.529455574615735003e+00
9.699669966996697923e-01 -3.531760008090074621e+00
9.705720572057199291e-01 -3.534068192847413137e+00
9.711771177117709541e-01 -3.536380128887757657e+00
9.717821782178210910e-01 -3.538695816211100187e+00
9.723872387238721160e-01 -3.541015254817449165e+00
9.729922992299222528e-01 -3.543338444706797041e+00
9.735973597359732779e-01 -3.545665385879150922e+00
9.742024202420234147e-01 -3.547996078334503700e+00
9.748074807480744397e-01 -3.550330522072861150e+00
9.754125412541245765e-01 -3.552668717094218831e+00
9.760176017601756016e-01 -3.555010663398581627e+00
9.766226622662257384e-01 -3.557356360985943766e+00
9.772277227722767634e-01 -3.559705809856311021e+00
9.778327832783269002e-01 -3.562059010009678062e+00
9.784378437843779253e-01 -3.564415961446050662e+00
9.790429042904289503e-01 -3.566776664165425714e+00
9.796479647964790871e-01 -3.569141118167799220e+00
9.802530253025301121e-01 -3.571509323453178286e+00
9.808580858085802490e-01 -3.573881280021556694e+00
9.814631463146312740e-01 -3.576256987872941551e+00
9.820682068206814108e-01 -3.578636447007324861e+00
9.826732673267324358e-01 -3.581019657424712843e+00
9.832783278327825727e-01 -3.583406619125100612e+00
9.838833883388335977e-01 -3.585797332108494384e+00
9.844884488448837345e-01 -3.588191796374886611e+00
9.850935093509347595e-01 -3.590590011924285285e+00
9.856985698569848964e-01 -3.592991978756682414e+00
9.863036303630359214e-01 -3.595397696872084659e+00
9.869086908690860582e-01 -3.597807166270486690e+00
9.875137513751370832e-01 -3.600220386951894724e+00
9.881188118811872201e-01 -3.602637358916301213e+00
9.887238723872382451e-01 -3.605058082163713706e+00
9.893289328932883819e-01 -3.607482556694124654e+00
9.899339933993394069e-01 -3.609910782507541605e+00
9.905390539053904320e-01 -3.612342759603961451e+00
9.911441144114405688e-01 -3.614778487983379307e+00
9.917491749174915938e-01 -3.617217967645803611e+00
9.923542354235417307e-01 -3.619661198591227258e+00
9.929592959295927557e-01 -3.622108180819655576e+00
9.935643564356428925e-01 -3.624558914331083237e+00
9.941694169416939175e-01 -3.627013399125516901e+00
9.947744774477440544e-01 -3.629471635202949464e+00
9.953795379537950794e-01 -3.631933622563387587e+00
9.959845984598452162e-01 -3.634399361206824608e+00
9.965896589658962412e-01 -3.636868851133267189e+00
9.971947194719463781e-01 -3.639342092342708668e+00
9.977997799779974031e-01 -3.641819084835157039e+00
9.984048404840475399e-01 -3.644299828610603420e+00
9.990099009900985649e-01 -3.646784323669055805e+00
9.996149614961487018e-01 -3.649272570010507089e+00
1.000220022002199727e+00 -3.651764582327158060e+00
1.000825082508249864e+00 -3.654260523151394047e+00
1.001430143014300889e+00 -3.656760437478067338e+00
1.002035203520351914e+00 -3.659264325307172161e+00
1.002640264026402050e+00 -3.661772186638707183e+00
1.003245324532453076e+00 -3.664284021472676844e+00
1.003850385038503212e+00 -3.666799829809077149e+00
1.004455445544554237e+00 -3.669319611647913870e+00
1.005060506050604374e+00 -3.671843366989178570e+00
1.005665566556655399e+00 -3.674371095832880130e+00
1.006270627062705536e+00 -3.676902798179011000e+00
1.006875687568756561e+00 -3.679438474027576511e+00
1.007480748074806698e+00 -3.681978123378572221e+00
1.008085808580857723e+00 -3.684521746232004791e+00
1.008690869086907860e+00 -3.687069342587865339e+00
1.009295929592958885e+00 -3.689620912446163192e+00
1.009900990099009022e+00 -3.692176455806889024e+00
1.010506050605060047e+00 -3.694735972670052160e+00
1.011111111111110183e+00 -3.697299463035643718e+00
1.011716171617161208e+00 -3.699866926903671249e+00
1.012321232123211345e+00 -3.702438364274128091e+00
1.012926292629262370e+00 -3.705013775147022237e+00
1.013531353135313395e+00 -3.707593159522347914e+00
1.014136413641363532e+00 -3.710176517400102014e+00
1.014741474147414557e+00 -3.712763848780293419e+00
1.015346534653464694e+00 -3.715355153662914134e+00
1.015951595159515719e+00 -3.717950432047969933e+00
1.016556655665565856e+00 -3.720549683935455931e+00
1.017161716171616881e+00 -3.723152909325377458e+00
1.017766776677667018e+00 -3.725760108217727851e+00
1.018371837183718043e+00 -3.728371280612515548e+00
1.018976897689768180e+00 -3.730986426509731224e+00
1.019581958195819205e+00 -3.733605545909384649e+00
1.020187018701869341e+00 -3.736228638811465164e+00
1.020792079207920366e+00 -3.738855705215983871e+00
1.021397139713970503e+00 -3.741486745122929669e+00
1.022002200220021528e+00 -3.744121758532312771e+00
1.022607260726071665e+00 -3.746760745444124296e+00
1.023212321232122690e+00 -3.749403705858373126e+00
1.023817381738173715e+00 -3.752050639775054819e+00
1.024422442244223852e+00 -3.754701547194164046e+00
1.025027502750274877e+00 -3.757356428115710134e+00
1.025632563256325014e+00 -3.760015282539685533e+00
1.026237623762376039e+00 -3.762678110466097348e+00
1.026842684268426176e+00 -3.765344911894937585e+00
1.027447744774477201e+00 -3.768015686826214683e+00
1.028052805280527338e+00 -3.770690435259920203e+00
1.028657865786578363e+00 -3.773369157196062584e+00
1.029262926292628499e+00 -3.776051852634634276e+00
1.029867986798679524e+00 -3.778738521575641052e+00
1.030473047304729661e+00 -3.781429164019077582e+00
1.031078107810780686e+00 -3.784123779964950973e+00
1.031683168316830823e+00 -3.786822369413252787e+00
1.032288228822881848e+00 -3.789524932363990573e+00
1.032893289328931985e+00 -3.792231468817156781e+00
1.033498349834983010e+00 -3.794941978772761626e+00
1.034103410341033147e+00 -3.797656462230794006e+00
1.034708470847084172e+00 -3.800374919191262801e+00
1.035313531353135197e+00 -3.803097349654163573e+00
1.035918591859185334e+00 -3.805823753619493655e+00
1.036523652365236359e+00 -3.808554131087260597e+00
1.037128712871286496e+00 -3.811288482057455962e+00
1.037733773377337521e+00 -3.814026806530088631e+00
1.038338833883387657e+00 -3.816769104505148835e+00
1.038943894389438682e+00 -3.819515375982646788e+00
1.039548954895488819e+00 -3.822265620962572719e+00
1.040154015401539844e+00 -3.825019839444935954e+00
1.040759075907589981e+00 -3.827778031429727612e+00
1.041364136413641006e+00 -3.830540196916955242e+00
1.041969196919691143e+00 -3.833306335906611295e+00
1.042574257425742168e+00 -3.836076448398705097e+00
1.043179317931792305e+00 -3.838850534393226877e+00
1.043784378437843330e+00 -3.841628593890185517e+00
1.044389438943893467e+00 -3.844410626889572580e+00
1.044994499449944492e+00 -3.847196633391396503e+00
1.045599559955994629e+00 -3.849986613395650181e+00
1.046204620462045654e+00 -3.852780566902338943e+00
1.046809680968096679e+00 -3.855578493911461013e+00
1.047414741474146815e+00 -3.858380394423011506e+00
1.048019801980197840e+00 -3.861186268436998859e+00
1.048624862486247977e+00 -3.863996115953414190e+00
1.049229922992299002e+00 -3.866809936972266826e+00
1.049834983498349139e+00 -3.869627731493548772e+00
1.050440044004400164e+00 -3.872449499517266247e+00
1.051045104510450301e+00 -3.875275241043413033e+00
1.051650165016501326e+00 -3.878104956071995790e+00
1.052255225522551463e+00 -3.880938644603007415e+00
1.052860286028602488e+00 -3.883776306636456344e+00
1.053465346534652625e+00 -3.886617942172333695e+00
1.054070407040703650e+00 -3.889463551210647463e+00
1.054675467546753787e+00 -3.892313133751389209e+00
1.055280528052804812e+00 -3.895166689794568260e+00
1.055885588558854948e+00 -3.898024219340176177e+00
1.056490649064905973e+00 -3.900885722388220511e+00
1.057095709570956110e+00 -3.903751198938693712e+00
1.057700770077007135e+00 -3.906620648991604217e+00
1.058305830583058160e+00 -3.909494072546945809e+00
1.058910891089108297e+00 -3.912371469604716268e+00
1.059515951595159322e+00 -3.915252840164924031e+00
1.060121012101209459e+00 -3.918138184227561105e+00
1.060726072607260484e+00 -3.921027501792634151e+00
1.061331133113310621e+00 -3.923920792860135620e+00
1.061936193619361646e+00 -3.926818057430073949e+00
1.062541254125411783e+00 -3.929719295502439813e+00
1.063146314631462808e+00 -3.932624507077244314e+00
1.063751375137512944e+00 -3.935533692154476348e+00
1.064356435643563970e+00 -3.938446850734145688e+00
1.064961496149614106e+00 -3.941363982816242117e+00
1.065566556655665131e+00 -3.944285088400777184e+00
1.066171617161715268e+00 -3.947210167487739341e+00
1.066776677667766293e+00 -3.950139220077138802e+00
1.067381738173816430e+00 -3.953072246168967130e+00
1.067986798679867455e+00 -3.956009245763232762e+00
1.068591859185918480e+00 -3.958950218859929926e+00
1.069196919691968617e+00 -3.961895165459055512e+00
1.069801980198019642e+00 -3.964844085560618403e+00
1.070407040704069779e+00 -3.967796979164609716e+00
1.071012101210120804e+00 -3.970753846271038334e+00
1.071617161716170941e+00 -3.973714686879894931e+00
1.072222222222221966e+00 -3.976679500991187943e+00
1.072827282728272102e+00 -3.979648288604909823e+00
1.073432343234323127e+00 -3.982621049721069006e+00
1.074037403740373264e+00 -3.985597784339655725e+00
1.074642464246424289e+00 -3.988578492460679747e+00
1.075247524752474426e+00 -3.991563174084132637e+00
1.075852585258525451e+00 -3.994551829210021943e+00
1.076457645764575588e+00 -3.997544457838339671e+00
1.077062706270626613e+00 -4.000541059969093816e+00
1.077667766776676750e+00 -4.003541635602276827e+00
1.078272827282727775e+00 -4.006546184737898031e+00
1.078877887788777912e+00 -4.009554707375945881e+00
1.079482948294828937e+00 -4.012567203516431036e+00
1.080088008800879962e+00 -4.015583673159349054e+00
1.080693069306930099e+00 -4.018604116304694607e+00
1.081298129812981124e+00 -4.021628532952478352e+00
1.081903190319031260e+00 -4.024656923102690520e+00
1.082508250825082285e+00 -4.027689286755339104e+00
1.083113311331132422e+00 -4.030725623910416111e+00
1.083718371837183447e+00 -4.033765934567930422e+00
1.084323432343233584e+00 -4.036810218727872268e+00
1.084928492849284609e+00 -4.039858476390251418e+00
1.085533553355334746e+00 -4.042910707555058991e+00
1.086138613861385771e+00 -4.045966912222303868e+00
1.086743674367435908e+00 -4.049027090391976280e+00
1.087348734873486933e+00 -4.052091242064085996e+00
1.087953795379537070e+00 -4.055159367238625023e+00
1.088558855885588095e+00 -4.058231465915598690e+00
1.089163916391638232e+00 -4.061307538095002556e+00
1.089768976897689257e+00 -4.064387583776843726e+00
1.090374037403739393e+00 -4.067471602961112431e+00
1.090979097909790418e+00 -4.070559595647817552e+00
1.091584158415841443e+00 -4.073651561836956425e+00
1.092189218921891580e+00 -4.076747501528522832e+00
1.092794279427942605e+00 -4.079847414722527432e+00
1.093399339933992742e+00 -4.082951301418958678e+00
1.094004400440043767e+00 -4.086059161617828117e+00
1.094609460946093904e+00 -4.089170995319125979e+00
1.095214521452144929e+00 -4.092286802522859368e+00
1.095819581958195066e+00 -4.095406583229022068e+00
1.096424642464246091e+00 -4.098530337437622073e+00
1.097029702970296228e+00 -4.101658065148649612e+00
1.097634763476347253e+00 -4.104789766362115344e+00
1.098239823982397390e+00 -4.107925441078007722e+00
1.098844884488448415e+00 -4.111065089296338293e+00
1.099449944994498551e+00 -4.114208711017096398e+00
1.100055005500549576e+00 -4.117356306240291808e+00
1.100660066006599713e+00 -4.120507874965915640e+00
1.101265126512650738e+00 -4.123663417193976777e+00
1.101870187018701763e+00 -4.126822932924470777e+00
1.102475247524751900e+00 -4.129986422157392312e+00
1.103080308030802925e+00 -4.133153884892751151e+00
1.103685368536853062e+00 -4.136325321130537525e+00
1.104290429042904087e+00 -4.139500730870762091e+00
1.104895489548954224e+00 -4.142680114113414191e+00
1.105500550055005249e+00 -4.145863470858504485e+00
1.106105610561055386e+00 -4.149050801106021424e+00
1.106710671067106411e+00 -4.152242104855976557e+00
1.107315731573156548e+00 -4.155437382108360111e+00
1.107920792079207573e+00 -4.158636632863180083e+00
1.108525852585257709e+00 -4.161839857120428476e+00
1.109130913091308734e+00 -4.165047054880113286e+00
1.109735973597358871e+00 -4.168258226142226519e+00
1.110341034103409896e+00 -4.171473370906777056e+00
1.110946094609460033e+00 -4.174692489173756904e+00
1.111551155115511058e+00 -4.177915580943173168e+00
1.112156215621561195e+00 -4.181142646215016967e+00
1.112761276127612220e+00 -4.184373684989298958e+00
1.113366336633663245e+00 -4.187608697266012925e+00
1.113971397139713382e+00 -4.190847683045154426e+00
1.114576457645764407e+00 -4.194090642326734120e+00
1.115181518151814544e+00 -4.197337575110741348e+00
1.115786578657865569e+00 -4.200588481397186769e+00
1.116391639163915706e+00 -4.203843361186058836e+00
1.116996699669966731e+00 -4.207102214477368207e+00
1.117601760176016867e+00 -4.210365041271106001e+00
1.118206820682067892e+00 -4.213631841567281988e+00
1.118811881188118029e+00 -4.216902615365884621e+00
1.119416941694169054e+00 -4.220177362666926335e+00
1.120022002200219191e+00 -4.223456083470394695e+00
1.120627062706270216e+00 -4.226738777776299472e+00
1.121232123212320353e+00 -4.230025445584633559e+00
1.121837183718371378e+00 -4.233316086895404950e+00
1.122442244224421515e+00 -4.236610701708603877e+00
1.123047304730472540e+00 -4.239909290024240995e+00
1.123652365236522677e+00 -4.243211851842305649e+00
1.124257425742573702e+00 -4.246518387162807606e+00
1.124862486248624727e+00 -4.249828895985741539e+00
1.125467546754674864e+00 -4.253143378311103895e+00
1.126072607260725889e+00 -4.256461834138904443e+00
1.126677667766776025e+00 -4.259784263469131638e+00
1.127282728272827050e+00 -4.263110666301797913e+00
1.127887788778877187e+00 -4.266441042636889946e+00
1.128492849284928212e+00 -4.269775392474420173e+00
1.129097909790978349e+00 -4.273113715814378821e+00
1.129702970297029374e+00 -4.276456012656774774e+00
1.130308030803079511e+00 -4.279802283001598262e+00
1.130913091309130536e+00 -4.283152526848859054e+00
1.131518151815180673e+00 -4.286506744198547381e+00
1.132123212321231698e+00 -4.289864935050673900e+00
1.132728272827281835e+00 -4.293227099405227953e+00
1.133333333333332860e+00 -4.296593237262221088e+00
1.133938393839382996e+00 -4.299963348621639980e+00
1.134543454345434021e+00 -4.303337433483497065e+00
1.135148514851484158e+00 -4.306715491847781685e+00
1.135753575357535183e+00 -4.310097523714503609e+00
1.136358635863586208e+00 -4.313483529083659285e+00
1.136963696369636345e+00 -4.316873507955241607e+00
1.137568756875687370e+00 -4.320267460329262121e+00
1.138173817381737507e+00 -4.323665386205710170e+00
1.138778877887788532e+00 -4.327067285584595524e+00
1.139383938393838669e+00 -4.330473158465908412e+00
1.139988998899889694e+00 -4.333883004849659493e+00
1.140594059405939831e+00 -4.337296824735838108e+00
1.141199119911990856e+00 -4.340714618124454915e+00
1.141804180418040993e+00 -4.344136385015498369e+00
1.142409240924092018e+00 -4.347562125408980016e+00
1.143014301430142154e+00 -4.350991839304889197e+00
1.143619361936193179e+00 -4.354425526703235683e+00
1.144224422442243316e+00 -4.357863187604010591e+00
1.144829482948294341e+00 -4.361304822007221915e+00
1.145434543454344478e+00 -4.364750429912862550e+00
1.146039603960395503e+00 -4.368200011320939602e+00
1.146644664466446528e+00 -4.371653566231449517e+00
1.147249724972496665e+00 -4.375111094644387855e+00
1.147854785478547690e+00 -4.378572596559763497e+00
1.148459845984597827e+00 -4.382038071977566673e+00
1.149064906490648852e+00 -4.385507520897807154e+00
1.149669966996698989e+00 -4.388980943320475170e+00
1.150275027502750014e+00 -4.392458339245582266e+00
1.150880088008800151e+00 -4.395939708673115121e+00
1.151485148514851176e+00 -4.399425051603087056e+00
1.152090209020901312e+00 -4.402914368035485637e+00
1.152695269526952337e+00 -4.406407657970323299e+00
1.153300330033002474e+00 -4.409904921407586720e+00
1.153905390539053499e+00 -4.413406158347288333e+00
1.154510451045103636e+00 -4.416911368789418368e+00
1.155115511551154661e+00 -4.420420552733984820e+00
1.155720572057204798e+00 -4.423933710180979695e+00
1.156325632563255823e+00 -4.427450841130413650e+00
1.156930693069305960e+00 -4.430971945582273364e+00
1.157535753575356985e+00 -4.434497023536571270e+00
1.158140814081408010e+00 -4.438026074993301151e+00
1.158745874587458147e+00 -4.441559099952459455e+00
1.159350935093509172e+00 -4.445096098414055952e+00
1.159955995599559309e+00 -4.448637070378079983e+00
1.160561056105610334e+00 -4.452182015844540430e+00
1.161166116611660470e+00 -4.455730934813429300e+00
1.161771177117711495e+00 -4.459283827284755475e+00
1.162376237623761632e+00 -4.462840693258509184e+00
1.162981298129812657e+00 -4.466401532734701085e+00
1.163586358635862794e+00 -4.469966345713321410e+00
1.164191419141913819e+00 -4.473535132194378150e+00
1.164796479647963956e+00 -4.477107892177862425e+00
1.165401540154014981e+00 -4.480684625663785781e+00
1.166006600660065118e+00 -4.484265332652134894e+00
1.166611661166116143e+00 -4.487850013142922201e+00
1.167216721672166280e+00 -4.491438667136137930e+00
1.167821782178217305e+00 -4.495031294631790963e+00
1.168426842684267442e+00 -4.498627895629871531e+00
1.169031903190318467e+00 -4.502228470130390292e+00
1.169636963696369492e+00 -4.505833018133341028e+00
1.170242024202419628e+00 -4.509441539638719298e+00
1.170847084708470653e+00 -4.513054034646535762e+00
1.171452145214520790e+00 -4.516670503156779759e+00
1.172057205720571815e+00 -4.520290945169461949e+00
1.172662266226621952e+00 -4.523915360684569897e+00
1.173267326732672977e+00 -4.527543749702116926e+00
1.173872387238723114e+00 -4.531176112222091490e+00
1.174477447744774139e+00 -4.534812448244505134e+00
1.175082508250824276e+00 -4.538452757769343648e+00
1.175687568756875301e+00 -4.542097040796621243e+00
1.176292629262925438e+00 -4.545745297326326373e+00
1.176897689768976463e+00 -4.549397527358469695e+00
1.177502750275026600e+00 -4.553053730893039663e+00
1.178107810781077625e+00 -4.556713907930047824e+00
1.178712871287127761e+00 -4.560378058469483520e+00
1.179317931793178786e+00 -4.564046182511356520e+00
1.179922992299228923e+00 -4.567718280055657942e+00
1.180528052805279948e+00 -4.571394351102396669e+00
1.181133113311330973e+00 -4.575074395651569148e+00
1.181738173817381110e+00 -4.578758413703167385e+00
1.182343234323432135e+00 -4.582446405257203814e+00
1.182948294829482272e+00 -4.586138370313667778e+00
1.183553355335533297e+00 -4.589834308872569935e+00
1.184158415841583434e+00 -4.593534220933899626e+00
1.184763476347634459e+00 -4.597238106497665733e+00
1.185368536853684596e+00 -4.600945965563861151e+00
1.185973597359735621e+00 -4.604657798132494761e+00
1.186578657865785758e+00 -4.608373604203554130e+00
1.187183718371836783e+00 -4.612093383777052580e+00
1.187788778877886919e+00 -4.615817136852977676e+00
1.188393839383937944e+00 -4.619544863431340076e+00
1.188998899889988081e+00 -4.623276563512131787e+00
1.189603960396039106e+00 -4.627012237095359914e+00
1.190209020902089243e+00 -4.630751884181016464e+00
1.190814081408140268e+00 -4.634495504769110319e+00
1.191419141914191293e+00 -4.638243098859636149e+00
1.192024202420241430e+00 -4.641994666452589513e+00
1.192629262926292455e+00 -4.645750207547981958e+00
1.193234323432342592e+00 -4.649509722145801938e+00
1.193839383938393617e+00 -4.653273210246059222e+00
1.194444444444443754e+00 -4.657040671848744040e+00
1.195049504950494779e+00 -4.660812106953865275e+00
1.195654565456544915e+00 -4.664587515561415820e+00
1.196259625962595941e+00 -4.668366897671402782e+00
1.196864686468646077e+00 -4.672150253283819055e+00
1.197469746974697102e+00 -4.675937582398671744e+00
1.198074807480747239e+00 -4.679728885015952855e+00
1.198679867986798264e+00 -4.683524161135670383e+00
1.199284928492848401e+00 -4.687323410757816333e+00
1.199889988998899426e+00 -4.691126633882400476e+00
1.200495049504949563e+00 -4.694933830509411266e+00
1.201100110011000588e+00 -4.698745000638860247e+00
1.201705170517050725e+00 -4.702560144270735876e+00
1.202310231023101750e+00 -4.706379261405051473e+00
1.202915291529152775e+00 -4.710202352041798157e+00
1.203520352035202912e+00 -4.714029416180972376e+00
1.204125412541253937e+00 -4.717860453822584788e+00
1.204730473047304073e+00 -4.721695464966623845e+00
1.205335533553355098e+00 -4.725534449613101984e+00
1.205940594059405235e+00 -4.729377407762007657e+00
1.206545654565456260e+00 -4.733224339413350634e+00
1.207150715071506397e+00 -4.737075244567119370e+00
1.207755775577557422e+00 -4.740930123223328962e+00
1.208360836083607559e+00 -4.744788975381963425e+00
1.208965896589658584e+00 -4.748651801043037857e+00
1.209570957095708721e+00 -4.752518600206538935e+00
1.210176017601759746e+00 -4.756389372872477317e+00
1.210781078107809883e+00 -4.760264119040843234e+00
1.211386138613860908e+00 -4.764142838711647343e+00
1.211991199119911045e+00 -4.768025531884878099e+00
1.212596259625962070e+00 -4.771912198560547935e+00
1.213201320132012206e+00 -4.775802838738644418e+00
1.213806380638063231e+00 -4.779697452419179982e+00
1.214411441144114256e+00 -4.783596039602146632e+00
1.215016501650164393e+00 -4.787498600287541706e+00
1.215621562156215418e+00 -4.791405134475374972e+00
1.216226622662265555e+00 -4.795315642165634884e+00
1.216831683168316580e+00 -4.799230123358332101e+00
1.217436743674366717e+00 -4.803148578053457740e+00
1.218041804180417742e+00 -4.807071006251021572e+00
1.218646864686467879e+00 -4.810997407951012050e+00
1.219251925192518904e+00 -4.814927783153441609e+00
1.219856985698569041e+00 -4.818862131858296038e+00
1.220462046204620066e+00 -4.822800454065590436e+00
1.221067106710670203e+00 -4.826742749775310592e+00
1.221672167216721228e+00 -4.830689018987470718e+00
1.222277227722771364e+00 -4.834639261702056601e+00
1.222882288228822389e+00 -4.838593477919081565e+00
1.223487348734872526e+00 -4.842551667638534063e+00
1.224092409240923551e+00 -4.846513830860423866e+00
1.224697469746974576e+00 -4.850479967584746532e+00
1.225302530253024713e+00 -4.854450077811495845e+00
1.225907590759075738e+00 -4.858424161540684239e+00
1.226512651265125875e+00 -4.862402218772299278e+00
1.227117711771176900e+00 -4.866384249506352511e+00
1.227722772277227037e+00 -4.870370253742832389e+00
1.228327832783278062e+00 -4.874360231481750461e+00
1.228932893289328199e+00 -4.878354182723096955e+00
1.229537953795379224e+00 -4.882352107466880753e+00
1.230143014301429361e+00 -4.886354005713092086e+00
1.230748074807480386e+00 -4.890359877461741611e+00
1.231353135313530522e+00 -4.894369722712816895e+00
1.231958195819581547e+00 -4.898383541466331259e+00
1.232563256325631684e+00 -4.902401333722272270e+00
1.233168316831682709e+00 -4.906423099480652361e+00
1.233773377337732846e+00 -4.910448838741459099e+00
1.234378437843783871e+00 -4.914478551504704917e+00
1.234983498349834008e+00 -4.918512237770375606e+00
1.235588558855885033e+00 -4.922549897538487151e+00
1.236193619361936058e+00 -4.926591530809029784e+00
1.236798679867986195e+00 -4.930637137581999951e+00
1.237403740374037220e+00 -4.934686717857408311e+00
1.238008800880087357e+00 -4.938740271635243317e+00
1.238613861386138382e+00 -4.942797798915517404e+00
1.239218921892188519e+00 -4.946859299698218138e+00
1.239823982398239544e+00 -4.950924773983357063e+00
1.240429042904289680e+00 -4.954994221770922636e+00
1.241034103410340705e+00 -4.959067643060927288e+00
1.241639163916390842e+00 -4.963145037853358588e+00
1.242244224422441867e+00 -4.967226406148228079e+00
1.242849284928492004e+00 -4.971311747945525106e+00
1.243454345434543029e+00 -4.975401063245259436e+00
1.244059405940593166e+00 -4.979494352047421302e+00
1.244664466446644191e+00 -4.983591614352022248e+00
1.245269526952694328e+00 -4.987692850159048064e+00
1.245874587458745353e+00 -4.991798059468514737e+00
1.246479647964795490e+00 -4.995907242280407168e+00
1.247084708470846515e+00 -5.000020398594737792e+00
1.247689768976897540e+00 -5.004137528411502167e+00
1.248294829482947677e+00 -5.008258631730691413e+00
1.248899889988998702e+00 -5.012383708552321515e+00
1.249504950495048838e+00 -5.016512758876376488e+00
1.250110011001099863e+00 -5.020645782702870541e+00
1.250715071507150000e+00 -5.024782780031791241e+00
1.251320132013201025e+00 -5.028923750863151021e+00
1.251925192519251162e+00 -5.033068695196936559e+00
1.252530253025302187e+00 -5.037217613033162955e+00
1.253135313531352324e+00 -5.041370504371813333e+00
1.253740374037403349e+00 -5.045527369212903679e+00
1.254345434543453486e+00 -5.049688207556420672e+00
1.254950495049504511e+00 -5.053853019402375857e+00
1.255555555555554648e+00 -5.058021804750757688e+00
1.256160616061605673e+00 -5.062194563601578601e+00
1.256765676567655809e+00 -5.066371295954826159e+00
1.257370737073706835e+00 -5.070552001810511911e+00
1.257975797579756971e+00 -5.074736681168624308e+00
1.258580858085807996e+00 -5.078925334029175787e+00
1.259185918591859021e+00 -5.083117960392160128e+00
1.259790979097909158e+00 -5.087314560257571117e+00
1.260396039603960183e+00 -5.091515133625420297e+00
1.261001100110010320e+00 -5.095719680495696124e+00
1.261606160616061345e+00 -5.099928200868411032e+00
1.262211221122111482e+00 -5.104140694743551698e+00
1.262816281628162507e+00 -5.108357162121132333e+00
1.263421342134212644e+00 -5.112577603001138726e+00
1.264026402640263669e+00 -5.116802017383584200e+00
1.264631463146313806e+00 -5.121030405268456320e+00
1.265236523652364831e+00 -5.125262766655766633e+00
1.265841584158414967e+00 -5.129499101545503592e+00
1.266446644664465992e+00 -5.133739409937679632e+00
1.267051705170516129e+00 -5.137983691832282318e+00
1.267656765676567154e+00 -5.142231947229324085e+00
1.268261826182617291e+00 -5.146484176128790722e+00
1.268866886688668316e+00 -5.150740378530697328e+00
1.269471947194719341e+00 -5.155000554435037685e+00
1.270077007700769478e+00 -5.159264703841802913e+00
1.270682068206820503e+00 -5.163532826751007221e+00
1.271287128712870640e+00 -5.167804923162638175e+00
1.271892189218921665e+00 -5.172080993076708211e+00
1.272497249724971802e+00 -5.176361036493204004e+00
1.273102310231022827e+00 -5.180645053412139767e+00
1.273707370737072964e+00 -5.184933043833500399e+00
1.274312431243123989e+00 -5.189225007757301888e+00
1.274917491749174125e+00 -5.193520945183528248e+00
1.275522552255225150e+00 -5.197820856112192800e+00
1.276127612761275287e+00 -5.202124740543285775e+00
1.276732673267326312e+00 -5.206432598476817830e+00
1.277337733773376449e+00 -5.210744429912775644e+00
1.277942794279427474e+00 -5.215060234851170762e+00
1.278547854785477611e+00 -5.219380013291994302e+00
1.279152915291528636e+00 -5.223703765235255148e+00
1.279757975797578773e+00 -5.228031490680944415e+00
1.280363036303629798e+00 -5.232363189629070988e+00
1.280968096809680823e+00 -5.236698862079631311e+00
1.281573157315730960e+00 -5.241038508032616505e+00
1.282178217821781985e+00 -5.245382127488041668e+00
1.282783278327832122e+00 -5.249729720445893477e+00
1.283388338833883147e+00 -5.254081286906183479e+00
1.283993399339933283e+00 -5.258436826868900127e+00
1.284598459845984308e+00 -5.262796340334055856e+00
1.285203520352034445e+00 -5.267159827301636454e+00
1.285808580858085470e+00 -5.271527287771657910e+00
1.286413641364135607e+00 -5.275898721744105124e+00
1.287018701870186632e+00 -5.280274129218991419e+00
1.287623762376236769e+00 -5.284653510196304360e+00
1.288228822882287794e+00 -5.289036864676056382e+00
1.288833883388337931e+00 -5.293424192658233274e+00
1.289438943894388956e+00 -5.297815494142851023e+00
1.290044004400439093e+00 -5.302210769129892753e+00
1.290649064906490118e+00 -5.306610017619375341e+00
1.291254125412540255e+00 -5.311013239611283687e+00
1.291859185918591280e+00 -5.315420435105631114e+00
1.292464246424642305e+00 -5.319831604102411404e+00
1.293069306930692441e+00 -5.324246746601618341e+00
1.293674367436743466e+00 -5.328665862603263470e+00
1.294279427942793603e+00 -5.333088952107335246e+00
1.294884488448844628e+00 -5.337516015113845214e+00
1.295489548954894765e+00 -5.341947051622781828e+00
1.296094609460945790e+00 -5.346382061634159300e+00
1.296699669966995927e+00 -5.350821045147961641e+00
1.297304730473046952e+00 -5.355264002164203063e+00
1.297909790979097089e+00 -5.359710932682869355e+00
1.298514851485148114e+00 -5.364161836703976505e+00
1.299119911991198251e+00 -5.368616714227508524e+00
1.299724972497249276e+00 -5.373075565253481400e+00
1.300330033003299413e+00 -5.377537969668397366e+00
1.300935093509350438e+00 -5.382001815235039288e+00
1.301540154015400574e+00 -5.386466810207920730e+00
1.302145214521451599e+00 -5.390932954587054127e+00
1.302750275027502624e+00 -5.395400248372435037e+00
1.303355335533552761e+00 -5.399868691564053691e+00
1.303960396039603786e+00 -5.404338284161924300e+00
1.304565456545653923e+00 -5.408809026166035316e+00
1.305170517051704948e+00 -5.413280917576399176e+00
1.305775577557755085e+00 -5.417753958393000779e+00
1.306380638063806110e+00 -5.422228148615856114e+00
1.306985698569856247e+00 -5.426703488244951856e+00
1.307590759075907272e+00 -5.431179977280296889e+00
1.308195819581957409e+00 -5.435657615721884106e+00
1.308800880088008434e+00 -5.440136403569721502e+00
1.309405940594058571e+00 -5.444616340823800194e+00
1.310011001100109596e+00 -5.449097427484129952e+00
1.310616061606159732e+00 -5.453579663550701007e+00
1.311221122112210757e+00 -5.458063049023522240e+00
1.311826182618260894e+00 -5.462547583902583881e+00
1.312431243124311919e+00 -5.467033268187897477e+00
1.313036303630362056e+00 -5.471520101879449705e+00
1.313641364136413081e+00 -5.476008084977256551e+00
1.314246424642464106e+00 -5.480497217481306471e+00
1.314851485148514243e+00 -5.484987499391598575e+00
1.315456545654565268e+00 -5.489478930708140858e+00
1.316061606160615405e+00 -5.493971511430924437e+00
1.316666666666666430e+00 -5.498465241559959971e+00
1.317271727172716567e+00 -5.502960121095234136e+00
1.317876787678767592e+00 -5.507456150036760256e+00
1.318481848184817729e+00 -5.511953328384526785e+00
1.319086908690868754e+00 -5.516451656138545268e+00
1.319691969196918890e+00 -5.520951133298802382e+00
1.320297029702969915e+00 -5.525451759865313228e+00
1.320902090209020052e+00 -5.529953535838062706e+00
1.321507150715071077e+00 -5.534456461217064138e+00
1.322112211221121214e+00 -5.538960536002305979e+00
1.322717271727172239e+00 -5.543465760193799774e+00
1.323322332233222376e+00 -5.547972133791532201e+00
1.323927392739273401e+00 -5.552479656795519247e+00
1.324532453245323538e+00 -5.556988329205743149e+00
1.325137513751374563e+00 -5.561498151022219893e+00
1.325742574257425588e+00 -5.566009122244943264e+00
1.326347634763475725e+00 -5.570521242873905265e+00
1.326952695269526750e+00 -5.575034512909121887e+00
1.327557755775576886e+00 -5.579548932350575363e+00
1.328162816281627912e+00 -5.584064501198281683e+00
1.328767876787678048e+00 -5.588581219452228410e+00
1.329372937293729073e+00 -5.593099087112426204e+00
1.329977997799779210e+00 -5.597618104178864407e+00
1.330583058305830235e+00 -5.602138270651555452e+00
1.331188118811880372e+00 -5.606659586530484241e+00
1.331793179317931397e+00 -5.611182051815666760e+00
1.332398239823981534e+00 -5.615705666507088800e+00
1.333003300330032559e+00 -5.620230430604761906e+00
1.333608360836082696e+00 -5.624756344108675421e+00
1.334213421342133721e+00 -5.629283407018841778e+00
1.334818481848183858e+00 -5.633811619335245879e+00
1.335423542354234883e+00 -5.638340981057901935e+00
1.336028602860285019e+00 -5.642871492186798399e+00
1.336633663366336044e+00 -5.647403152721947706e+00
1.337238723872387069e+00 -5.651935962663343638e+00
1.337843784378437206e+00 -5.656469922010978202e+00
1.338448844884488231e+00 -5.661005030764863832e+00
1.339053905390538368e+00 -5.665541288924989871e+00
1.339658965896589393e+00 -5.670078696491368753e+00
1.340264026402639530e+00 -5.674617253463986266e+00
1.340869086908690555e+00 -5.679156959842857511e+00
1.341474147414740692e+00 -5.683697815627966499e+00
1.342079207920791717e+00 -5.688239820819328330e+00
1.342684268426841854e+00 -5.692782975416929681e+00
1.343289328932892879e+00 -5.697327279420783874e+00
1.343894389438943016e+00 -5.701872732830876700e+00
1.344499449944994041e+00 -5.706419335647221480e+00
1.345104510451044177e+00 -5.710967087869806669e+00
1.345709570957095202e+00 -5.715515989498643812e+00
1.346314631463145339e+00 -5.720066040533720475e+00
1.346919691969196364e+00 -5.724617240975049981e+00
1.347524752475247389e+00 -5.729169590822625224e+00
1.348129812981297526e+00 -5.733723090076439100e+00
1.348734873487348551e+00 -5.738277738736506706e+00
1.349339933993398688e+00 -5.742833536802812056e+00
1.349944994499449713e+00 -5.747390484275371136e+00
1.350550055005499850e+00 -5.751948581154167961e+00
1.351155115511550875e+00 -5.756507827439218516e+00
1.351760176017601012e+00 -5.761068223130508592e+00
1.352365236523652037e+00 -5.765629768228048846e+00
1.352970297029702174e+00 -5.770192462731831284e+00
1.353575357535753199e+00 -5.774756306641864789e+00
1.354180418041803335e+00 -5.779321299958137814e+00
1.354785478547854360e+00 -5.783887442680664570e+00
1.355390539053904497e+00 -5.788454734809429070e+00
1.355995599559955522e+00 -5.793023176344445524e+00
1.356600660066005659e+00 -5.797592767285702386e+00
1.357205720572056684e+00 -5.802163507633211204e+00
1.357810781078106821e+00 -5.806735397386958653e+00
1.358415841584157846e+00 -5.811308436546961609e+00
1.359020902090208871e+00 -5.815882625113206750e+00
1.359625962596259008e+00 -5.820457963085693187e+00
1.360231023102310033e+00 -5.825034450464430691e+00
1.360836083608360170e+00 -5.829612087249408603e+00
1.361441144114411195e+00 -5.834190873440639358e+00
1.362046204620461332e+00 -5.838770809038109633e+00
1.362651265126512357e+00 -5.843351894041831862e+00
1.363256325632562493e+00 -5.847934128451791835e+00
1.363861386138613518e+00 -5.852517512268006428e+00
1.364466446644663655e+00 -5.857102045490459652e+00
1.365071507150714680e+00 -5.861687728119164831e+00
1.365676567656764817e+00 -5.866274560154109530e+00
1.366281628162815842e+00 -5.870862541595307071e+00
1.366886688668865979e+00 -5.875451672442743245e+00
1.367491749174917004e+00 -5.880041952696432261e+00
1.368096809680967141e+00 -5.884633382356359910e+00
1.368701870187018166e+00 -5.889225961422542177e+00
1.369306930693068303e+00 -5.893819689894962188e+00
1.369911991199119328e+00 -5.898414567773634154e+00
1.370517051705170353e+00 -5.903010595058552745e+00
1.371122112211220490e+00 -5.907607771749710857e+00
1.371727172717271515e+00 -5.912206097847120922e+00
1.372332233223321651e+00 -5.916805573350769620e+00
1.372937293729372676e+00 -5.921406198260672049e+00
1.373542354235422813e+00 -5.926007972576813110e+00
1.374147414741473838e+00 -5.930610896299207013e+00
1.374752475247523975e+00 -5.935214969427839549e+00
1.375357535753575000e+00 -5.939820191962725815e+00
1.375962596259625137e+00 -5.944426563903850713e+00
1.376567656765676162e+00 -5.949034085251227566e+00
1.377172717271726299e+00 -5.953642756004843939e+00
1.377777777777777324e+00 -5.958252576164712266e+00
1.378382838283827461e+00 -5.962863545730821002e+00
1.378987898789878486e+00 -5.967475664703181693e+00
1.379592959295928623e+00 -5.972088933081783679e+00
1.380198019801979648e+00 -5.976703350866634068e+00
1.380803080308029784e+00 -5.981318918057726641e+00
1.381408140814080809e+00 -5.985935634655071169e+00
1.382013201320131834e+00 -5.990553500658661434e+00
1.382618261826181971e+00 -5.995172516068491220e+00
1.383223322332232996e+00 -5.999792680884572960e+00
1.383828382838283133e+00 -6.004413995106894220e+00
1.384433443344334158e+00 -6.009036458735467434e+00
1.385038503850384295e+00 -6.013660071770281057e+00
1.385643564356435320e+00 -6.018284834211344858e+00
1.386248624862485457e+00 -6.022910746058650844e+00
1.386853685368536482e+00 -6.027537807312208784e+00
1.387458745874586619e+00 -6.032166017972004468e+00
1.388063806380637644e+00 -6.036795378038053883e+00
1.388668866886687780e+00 -6.041425887510341042e+00
1.389273927392738806e+00 -6.046057546388883708e+00
1.389878987898788942e+00 -6.050690354673662341e+00
1.390484048404839967e+00 -6.055324312364694705e+00
1.391089108910890104e+00 -6.059959419461966590e+00
1.391694169416941129e+00 -6.064595675965492205e+00
1.392299229922992154e+00 -6.069233081875262670e+00
1.392904290429042291e+00 -6.073871637191270878e+00
1.393509350935093316e+00 -6.078511341913533705e+00
1.394114411441143453e+00 -6.083152196042035165e+00
1.394719471947194478e+00 -6.087794199576788579e+00
1.395324532453244615e+00 -6.092437352517779736e+00
1.395929592959295640e+00 -6.097081654865026401e+00
1.396534653465345777e+00 -6.101727106618511698e+00
1.397139713971396802e+00 -6.106373707778248061e+00
1.397744774477446938e+00 -6.111021458344223944e+00
1.398349834983497963e+00 -6.115670358316453559e+00
1.398954895489548100e+00 -6.120320407694921805e+00
1.399559955995599125e+00 -6.124971606479642894e+00
1.400165016501649262e+00 -6.129623954670603503e+00
1.400770077007700287e+00 -6.134277452267815178e+00
1.401375137513750424e+00 -6.138932099271267262e+00
1.401980198019801449e+00 -6.143587895680971300e+00
1.402585258525851586e+00 -6.148244841496915747e+00
1.403190319031902611e+00 -6.152902936719111260e+00
1.403795379537953636e+00 -6.157562181347553398e+00
1.404400440044003773e+00 -6.162222575382233281e+00
1.405005500550054798e+00 -6.166884118823166894e+00
1.405610561056104935e+00 -6.171546811670340027e+00
1.406215621562155960e+00 -6.176210653923766003e+00
1.406820682068206096e+00 -6.180875645583430611e+00
1.407425742574257121e+00 -6.185541786649348950e+00
1.408030803080307258e+00 -6.190209077121504144e+00
1.408635863586358283e+00 -6.194877516999912181e+00
1.409240924092408420e+00 -6.199547106284561515e+00
1.409845984598459445e+00 -6.204217844975463692e+00
1.410451045104509582e+00 -6.208889733072602723e+00
1.411056105610560607e+00 -6.213562770575995486e+00
1.411661166116610744e+00 -6.218236957485626881e+00
1.412266226622661769e+00 -6.222912293801512007e+00
1.412871287128711906e+00 -6.227588779523634877e+00
1.413476347634762931e+00 -6.232266414652010589e+00
1.414081408140813068e+00 -6.236945199186625821e+00
1.414686468646864093e+00 -6.241625133127493896e+00
1.415291529152915118e+00 -6.246306216474606821e+00
1.415896589658965254e+00 -6.250988449227960153e+00
1.416501650165016279e+00 -6.255671831387567217e+00
1.417106710671066416e+00 -6.260356362953411136e+00
1.417711771177117441e+00 -6.265042043925507009e+00
1.418316831683167578e+00 -6.269728874303844179e+00
1.418921892189218603e+00 -6.274416854088433304e+00
1.419526952695268740e+00 -6.279105983279260172e+00
1.420132013201319765e+00 -6.283796261876343436e+00
1.420737073707369902e+00 -6.288487689879662668e+00
1.421342134213420927e+00 -6.293180267289234742e+00
1.421947194719471064e+00 -6.297873994105047224e+00
1.422552255225522089e+00 -6.302568870327110773e+00
1.423157315731572226e+00 -6.307264895955412953e+00
1.423762376237623251e+00 -6.311962070989970641e+00
1.424367436743673387e+00 -6.316660395430765185e+00
1.424972497249724412e+00 -6.321359869277812571e+00
1.425577557755775437e+00 -6.326060492531106583e+00
1.426182618261825574e+00 -6.330762265190638338e+00
1.426787678767876599e+00 -6.335465187256425601e+00
1.427392739273926736e+00 -6.340169258728449719e+00
1.427997799779977761e+00 -6.344874479606726680e+00
1.428602860286027898e+00 -6.349580849891243162e+00
1.429207920792078923e+00 -6.354288369582011597e+00
1.429812981298129060e+00 -6.358997038679019553e+00
1.430418041804180085e+00 -6.363706857182281240e+00
1.431023102310230222e+00 -6.368417825091782447e+00
1.431628162816281247e+00 -6.373129942407532944e+00
1.432233223322331384e+00 -6.377843209129524737e+00
1.432838283828382409e+00 -6.382557625257770262e+00
1.433443344334432545e+00 -6.387273190792252642e+00
1.434048404840483570e+00 -6.391989905732989641e+00
1.434653465346533707e+00 -6.396707770079964384e+00
1.435258525852584732e+00 -6.401426783833191081e+00
1.435863586358634869e+00 -6.406146946992658187e+00
1.436468646864685894e+00 -6.410868259558379023e+00
1.437073707370736919e+00 -6.415590721530344709e+00
1.437678767876787056e+00 -6.420314332908549027e+00
1.438283828382838081e+00 -6.425039093693006187e+00
1.438888888888888218e+00 -6.429765003883702867e+00
1.439493949394939243e+00 -6.434492063480650614e+00
1.440099009900989380e+00 -6.439220272483838770e+00
1.440704070407040405e+00 -6.443949630893280656e+00
1.441309130913090542e+00 -6.448680138708961174e+00
1.441914191419141567e+00 -6.453411795930892758e+00
1.442519251925191703e+00 -6.458144602559062974e+00
1.443124312431242728e+00 -6.462878558593487810e+00
1.443729372937292865e+00 -6.467613664034151277e+00
1.444334433443343890e+00 -6.472349918881068476e+00
1.444939493949394027e+00 -6.477087323134223418e+00
1.445544554455445052e+00 -6.481825876793630314e+00
1.446149614961495189e+00 -6.486565579859277619e+00
1.446754675467546214e+00 -6.491306432331176879e+00
1.447359735973596351e+00 -6.496048434209314770e+00
1.447964796479647376e+00 -6.500791585493706393e+00
1.448569856985698401e+00 -6.505535886184343752e+00
1.449174917491748538e+00 -6.510281336281220632e+00
1.449779977997799563e+00 -6.515027935784349467e+00
1.450385038503849700e+00 -6.519775684693716933e+00
1.450990099009900725e+00 -6.524524583009339018e+00
1.451595159515950861e+00 -6.529274630731197959e+00
1.452200220022001886e+00 -6.534025827859310631e+00
1.452805280528052023e+00 -6.538778174393661935e+00
1.453410341034103048e+00 -6.543531670334266082e+00
1.454015401540153185e+00 -6.548286315681109748e+00
1.454620462046204210e+00 -6.553042110434206258e+00
1.455225522552254347e+00 -6.557799054593542287e+00
1.455830583058305372e+00 -6.562557148159129383e+00
1.456435643564355509e+00 -6.567316391130955999e+00
1.457040704070406534e+00 -6.572076783509036346e+00
1.457645764576456671e+00 -6.576838325293354437e+00
1.458250825082507696e+00 -6.581601016483927147e+00
1.458855885588557832e+00 -6.586364857080735824e+00
1.459460946094608857e+00 -6.591129847083799120e+00
1.460066006600659883e+00 -6.595895986493109042e+00
1.460671067106710019e+00 -6.600663275308656708e+00
1.461276127612761044e+00 -6.605431713530457216e+00
1.461881188118811181e+00 -6.610201301158496356e+00
1.462486248624862206e+00 -6.614972038192789228e+00
1.463091309130912343e+00 -6.619743924633321619e+00
1.463696369636963368e+00 -6.624516960480105077e+00
1.464301430143013505e+00 -6.629291145733128054e+00
1.464906490649064530e+00 -6.634066480392404763e+00
1.465511551155114667e+00 -6.638842964457919216e+00
1.466116611661165692e+00 -6.643620597929687399e+00
1.466721672167215829e+00 -6.648399380807693326e+00
1.467326732673266854e+00 -6.653179313091953873e+00
1.467931793179316990e+00 -6.657960394782452163e+00
1.468536853685368015e+00 -6.662742625879204184e+00
1.469141914191418152e+00 -6.667526006382193948e+00
1.469746974697469177e+00 -6.672310536291437444e+00
1.470352035203520202e+00 -6.677096215606926677e+00
1.470957095709570339e+00 -6.681883044328654542e+00
1.471562156215621364e+00 -6.686671022456635249e+00
1.472167216721671501e+00 -6.691460149990853701e+00
1.472772277227722526e+00 -6.696250426931326771e+00
1.473377337733772663e+00 -6.701041853278038474e+00
1.473982398239823688e+00 -6.705834429031003019e+00
1.474587458745873825e+00 -6.710628154190204420e+00
1.475192519251924850e+00 -6.715423028755662216e+00
1.475797579757974987e+00 -6.720219052727357756e+00
1.476402640264026012e+00 -6.725016226105305250e+00
1.477007700770076148e+00 -6.729814548889492265e+00
1.477612761276127173e+00 -6.734614021079931234e+00
1.478217821782177310e+00 -6.739414642676608835e+00
1.478822882288228335e+00 -6.744216413679541056e+00
1.479427942794278472e+00 -6.749019334088712796e+00
1.480033003300329497e+00 -6.753823403904134715e+00
1.480638063806379634e+00 -6.758628623125797041e+00
1.481243124312430659e+00 -6.763434991753712211e+00
1.481848184818481684e+00 -6.768242509787873118e+00
1.482453245324531821e+00 -6.773051177228271769e+00
1.483058305830582846e+00 -6.777860994074924150e+00
1.483663366336632983e+00 -6.782671960327816052e+00
1.484268426842684008e+00 -6.787484075986959908e+00
1.484873487348734145e+00 -6.792297341052344173e+00
1.485478547854785170e+00 -6.797111755523981280e+00
1.486083608360835306e+00 -6.801927319401854355e+00
1.486688668866886331e+00 -6.806744032685982937e+00
1.487293729372936468e+00 -6.811561895376350151e+00
1.487898789878987493e+00 -6.816380907472969319e+00
1.488503850385037630e+00 -6.821201068975827120e+00
1.489108910891088655e+00 -6.826022379884938651e+00
1.489713971397138792e+00 -6.830844840200288814e+00
1.490319031903189817e+00 -6.835668449921891821e+00
1.490924092409239954e+00 -6.840493209049733458e+00
1.491529152915290979e+00 -6.845319117583827051e+00
1.492134213421341116e+00 -6.850146175524161940e+00
1.492739273927392141e+00 -6.854974382870748784e+00
1.493344334433443166e+00 -6.859803739623582253e+00
1.493949394939493303e+00 -6.864634245782652577e+00
1.494554455445544328e+00 -6.869465901347977521e+00
1.495159515951594464e+00 -6.874298706319540209e+00
1.495764576457645489e+00 -6.879132660697358403e+00
1.496369636963695626e+00 -6.883967764481412566e+00
1.496974697469746651e+00 -6.888804017671719571e+00
1.497579757975796788e+00 -6.893641420268266096e+00
1.498184818481847813e+00 -6.898479972271065463e+00
1.498789878987897950e+00 -6.903319673680103463e+00
1.499394939493948975e+00 -6.908160524495396082e+00
1.499999999999999112e+00 -6.913002524716927333e+00
1.500605060506050137e+00 -6.917845674344709650e+00
1.501210121012100274e+00 -6.922689973378730599e+00
1.501815181518151299e+00 -6.927535421819005279e+00
1.502420242024201436e+00 -6.932382019665519479e+00
1.503025302530252461e+00 -6.937229766918286522e+00
1.503630363036302597e+00 -6.942078663577292197e+00
1.504235423542353622e+00 -6.946928709642551603e+00
1.504840484048404647e+00 -6.951779905114054081e+00
1.505445544554454784e+00 -6.956632249991796968e+00
1.506050605060505809e+00 -6.961485744275794474e+00
1.506655665566555946e+00 -6.966340387966029724e+00
1.507260726072606971e+00 -6.971196181062517816e+00
1.507865786578657108e+00 -6.976053123565243652e+00
1.508470847084708133e+00 -6.980911215474223219e+00
1.509075907590758270e+00 -6.985770456789440530e+00
1.509680968096809295e+00 -6.990630847510913348e+00
1.510286028602859432e+00 -6.995492387638623910e+00
1.510891089108910457e+00 -7.000355077172586427e+00
1.511496149614960594e+00 -7.005218916112787575e+00
1.512101210121011619e+00 -7.010083904459242454e+00
1.512706270627061755e+00 -7.014950042211935077e+00
1.513311331133112780e+00 -7.019817329370883208e+00
1.513916391639162917e+00 -7.024685765936069082e+00
1.514521452145213942e+00 -7.029555351907507799e+00
1.515126512651264967e+00 -7.034426087285190476e+00
1.515731573157315104e+00 -7.039297972069113563e+00
1.516336633663366129e+00 -7.044171006259291268e+00
1.516941694169416266e+00 -7.049045189855706717e+00
1.517546754675467291e+00 -7.053920522858373232e+00
1.518151815181517428e+00 -7.058797005267279268e+00
1.518756875687568453e+00 -7.063674637082439034e+00
1.519361936193618590e+00 -7.068553418303837432e+00
1.519966996699669615e+00 -7.073433348931489562e+00
1.520572057205719751e+00 -7.078314428965379435e+00
1.521177117711770777e+00 -7.083196658405522150e+00
1.521782178217820913e+00 -7.088080037251904386e+00
1.522387238723871938e+00 -7.092964565504539465e+00
1.522992299229922075e+00 -7.097850243163413175e+00
1.523597359735973100e+00 -7.102737070228540617e+00
1.524202420242023237e+00 -7.107625046699905802e+00
1.524807480748074262e+00 -7.112514172577522942e+00
1.525412541254124399e+00 -7.117404447861380490e+00
1.526017601760175424e+00 -7.122295872551489992e+00
1.526622662266226449e+00 -7.127188446647846121e+00
1.527227722772276586e+00 -7.132082170150442657e+00
1.527832783278327611e+00 -7.136977043059290260e+00
1.528437843784377748e+00 -7.141873065374377383e+00
1.529042904290428773e+00 -7.146770237095714684e+00
1.529647964796478909e+00 -7.151668558223292393e+00
1.530253025302529934e+00 -7.156568028757125610e+00
1.530858085808580071e+00 -7.161468648697196571e+00
1.531463146314631096e+00 -7.166370418043518598e+00
1.532068206820681233e+00 -7.171273336796080144e+00
1.532673267326732258e+00 -7.176177404954895422e+00
1.533278327832782395e+00 -7.181082622519948444e+00
1.533883388338833420e+00 -7.185988989491256973e+00
1.534488448844883557e+00 -7.190896505868801469e+00
1.535093509350934582e+00 -7.195805171652599697e+00
1.535698569856984719e+00 -7.200714986842636556e+00
1.536303630363035744e+00 -7.205625951438927146e+00
1.536908690869085881e+00 -7.210538065441454592e+00
1.537513751375136906e+00 -7.215451328850239321e+00
1.538118811881187931e+00 -7.220365741665265347e+00
1.538723872387238067e+00 -7.225281303886532669e+00
1.539328932893289092e+00 -7.230198015514051058e+00
1.539933993399339229e+00 -7.235115876547809854e+00
1.540539053905390254e+00 -7.240034886987823270e+00
1.541144114411440391e+00 -7.244955046834071766e+00
1.541749174917491416e+00 -7.249876356086573992e+00
1.542354235423541553e+00 -7.254798814745316626e+00
1.542959295929592578e+00 -7.259722422810310327e+00
1.543564356435642715e+00 -7.264647180281543548e+00
1.544169416941693740e+00 -7.269573087159031388e+00
1.544774477447743877e+00 -7.274500143442756972e+00
1.545379537953794902e+00 -7.279428349132734510e+00
1.545984598459845039e+00 -7.284357704228952457e+00
1.546589658965896064e+00 -7.289288208731421470e+00
1.547194719471946200e+00 -7.294219862640130891e+00
1.547799779977997225e+00 -7.299152665955094044e+00
1.548404840484048250e+00 -7.304086618676302045e+00
1.549009900990098387e+00 -7.309021720803746902e+00
1.549614961496149412e+00 -7.313957972337446378e+00
1.550220022002199549e+00 -7.318895373277385374e+00
1.550825082508250574e+00 -7.323833923623576325e+00
1.551430143014300711e+00 -7.328773623376007684e+00
1.552035203520351736e+00 -7.333714472534690110e+00
1.552640264026401873e+00 -7.338656471099612055e+00
1.553245324532452898e+00 -7.343599619070785067e+00
1.553850385038503035e+00 -7.348543916448200264e+00
1.554455445544554060e+00 -7.353489363231867415e+00
1.555060506050604197e+00 -7.358435959421772310e+00
1.555665566556655222e+00 -7.363383705017931824e+00
1.556270627062705358e+00 -7.368332600020327305e+00
1.556875687568756383e+00 -7.373282644428977406e+00
1.557480748074806520e+00 -7.378233838243866138e+00
1.558085808580857545e+00 -7.383186181465008602e+00
1.558690869086907682e+00 -7.388139674092391473e+00
1.559295929592958707e+00 -7.393094316126023635e+00
1.559900990099009732e+00 -7.398050107565902422e+00
1.560506050605059869e+00 -7.403007048412020730e+00
1.561111111111110894e+00 -7.407965138664393656e+00
1.561716171617161031e+00 -7.412924378323003438e+00
1.562321232123212056e+00 -7.417884767387865175e+00
1.562926292629262193e+00 -7.422846305858966431e+00
1.563531353135313218e+00 -7.427808993736322307e+00
1.564136413641363355e+00 -7.432772831019914150e+00
1.564741474147414380e+00 -7.437737817709763277e+00
1.565346534653464516e+00 -7.442703953805846595e+00
1.565951595159515541e+00 -7.447671239308186308e+00
1.566556655665565678e+00 -7.452639674216762877e+00
1.567161716171616703e+00 -7.457609258531592289e+00
1.567766776677666840e+00 -7.462579992252662109e+00
1.568371837183717865e+00 -7.467551875379983883e+00
1.568976897689768002e+00 -7.472524907913545178e+00
1.569581958195819027e+00 -7.477499089853356651e+00
1.570187018701869164e+00 -7.482474421199411196e+00
1.570792079207920189e+00 -7.487450901951715032e+00
1.571397139713971214e+00 -7.492428532110267270e+00
1.572002200220021351e+00 -7.497407311675056363e+00
1.572607260726072376e+00 -7.502387240646100075e+00
1.573212321232122513e+00 -7.507368319023381531e+00
1.573817381738173538e+00 -7.512350546806916718e+00
1.574422442244223674e+00 -7.517333923996689649e+00
1.575027502750274699e+00 -7.522318450592717198e+00
1.575632563256324836e+00 -7.527304126594982492e+00
1.576237623762375861e+00 -7.532290952003499740e+00
1.576842684268425998e+00 -7.537278926818257396e+00
1.577447744774477023e+00 -7.542268051039268784e+00
1.578052805280527160e+00 -7.547258324666516138e+00
1.578657865786578185e+00 -7.552249747700020777e+00
1.579262926292628322e+00 -7.557242320139759606e+00
1.579867986798679347e+00 -7.562236041985753054e+00
1.580473047304729484e+00 -7.567230913237985135e+00
1.581078107810780509e+00 -7.572226933896470058e+00
1.581683168316830645e+00 -7.577224103961194501e+00
1.582288228822881671e+00 -7.582222423432171787e+00
1.582893289328932696e+00 -7.587221892309394811e+00
1.583498349834982832e+00 -7.592222510592855578e+00
1.584103410341033857e+00 -7.597224278282570964e+00
1.584708470847083994e+00 -7.602227195378524982e+00
1.585313531353135019e+00 -7.607231261880731843e+00
1.585918591859185156e+00 -7.612236477789177336e+00
1.586523652365236181e+00 -7.617242843103874783e+00
1.587128712871286318e+00 -7.622250357824811751e+00
1.587733773377337343e+00 -7.627259021952001561e+00
1.588338833883387480e+00 -7.632268835485430891e+00
1.588943894389438505e+00 -7.637279798425113064e+00
1.589548954895488642e+00 -7.642291910771032093e+00
1.590154015401539667e+00 -7.647305172523207517e+00
1.590759075907589803e+00 -7.652319583681618020e+00
1.591364136413640828e+00 -7.657335144246284919e+00
1.591969196919690965e+00 -7.662351854217187785e+00
1.592574257425741990e+00 -7.667369713594346159e+00
1.593179317931793015e+00 -7.672388722377748493e+00
1.593784378437843152e+00 -7.677408880567391236e+00
1.594389438943894177e+00 -7.682430188163284157e+00
1.594994499449944314e+00 -7.687452645165418375e+00
1.595599559955995339e+00 -7.692476251573807211e+00
1.596204620462045476e+00 -7.697501007388432015e+00
1.596809680968096501e+00 -7.702526912609309662e+00
1.597414741474146638e+00 -7.707553967236426828e+00
1.598019801980197663e+00 -7.712582171269795950e+00
1.598624862486247800e+00 -7.717611524709405479e+00
1.599229922992298825e+00 -7.722642027555266964e+00
1.599834983498348961e+00 -7.727673679807367080e+00
1.600440044004399986e+00 -7.732706481465720927e+00
1.601045104510450123e+00 -7.737740432530313406e+00
1.601650165016501148e+00 -7.742775533001158728e+00
1.602255225522551285e+00 -7.747811782878242681e+00
1.602860286028602310e+00 -7.752849182161581254e+00
1.603465346534652447e+00 -7.757887730851157571e+00
1.604070407040703472e+00 -7.762927428946985842e+00
1.604675467546754497e+00 -7.767968276449058962e+00
1.605280528052804634e+00 -7.773010273357373379e+00
1.605885588558855659e+00 -7.778053419671940638e+00
1.606490649064905796e+00 -7.783097715392745641e+00
1.607095709570956821e+00 -7.788143160519803487e+00
1.607700770077006958e+00 -7.793189755053101742e+00
1.608305830583057983e+00 -7.798237498992651062e+00
1.608910891089108119e+00 -7.803286392338439015e+00
1.609515951595159144e+00 -7.808336435090481586e+00
1.610121012101209281e+00 -7.813387627248761902e+00
1.610726072607260306e+00 -7.818439968813295060e+00
1.611331133113310443e+00 -7.823493459784065962e+00
1.611936193619361468e+00 -7.828548100161091483e+00
1.612541254125411605e+00 -7.833603889944355636e+00
1.613146314631462630e+00 -7.838660829133874408e+00
1.613751375137512767e+00 -7.843718917729630036e+00
1.614356435643563792e+00 -7.848778155731638506e+00
1.614961496149613929e+00 -7.853838543139886497e+00
1.615566556655664954e+00 -7.858900079954386442e+00
1.616171617161715979e+00 -7.863962766175134789e+00
1.616776677667766116e+00 -7.869026601802119103e+00
1.617381738173817141e+00 -7.874091586835357148e+00
1.617986798679867277e+00 -7.879157721274834714e+00
1.618591859185918302e+00 -7.884225005120564234e+00
1.619196919691968439e+00 -7.889293438372531497e+00
1.619801980198019464e+00 -7.894363021030754268e+00
1.620407040704069601e+00 -7.899433753095214783e+00
1.621012101210120626e+00 -7.904505634565929029e+00
1.621617161716170763e+00 -7.909578665442881018e+00
1.622222222222221788e+00 -7.914652845726084962e+00
1.622827282728271925e+00 -7.919728175415530202e+00
1.623432343234322950e+00 -7.924804654511227398e+00
1.624037403740373087e+00 -7.929882283013164113e+00
1.624642464246424112e+00 -7.934961060921351894e+00
1.625247524752474249e+00 -7.940040988235780972e+00
1.625852585258525274e+00 -7.945122064956459340e+00
1.626457645764575410e+00 -7.950204291083379005e+00
1.627062706270626435e+00 -7.955287666616552400e+00
1.627667766776677460e+00 -7.960372191555970645e+00
1.628272827282727597e+00 -7.965457865901628409e+00
1.628877887788778622e+00 -7.970544689653536352e+00
1.629482948294828759e+00 -7.975632662811685591e+00
1.630088008800879784e+00 -7.980721785376088562e+00
1.630693069306929921e+00 -7.985812057346728388e+00
1.631298129812980946e+00 -7.990903478723621944e+00
1.631903190319031083e+00 -7.995996049506754133e+00
1.632508250825082108e+00 -8.001089769696138276e+00
1.633113311331132245e+00 -8.006184639291761940e+00
1.633718371837183270e+00 -8.011280658293641110e+00
1.634323432343233407e+00 -8.016377826701756248e+00
1.634928492849284432e+00 -8.021476144516125117e+00
1.635533553355334568e+00 -8.026575611736731730e+00
1.636138613861385593e+00 -8.031676228363593850e+00
1.636743674367435730e+00 -8.036777994396691938e+00
1.637348734873486755e+00 -8.041880909836045532e+00
1.637953795379537780e+00 -8.046984974681643976e+00
1.638558855885587917e+00 -8.052090188933480164e+00
1.639163916391638942e+00 -8.057196552591571859e+00
1.639768976897689079e+00 -8.062304065655899521e+00
1.640374037403740104e+00 -8.067412728126480914e+00
1.640979097909790241e+00 -8.072522540003301827e+00
1.641584158415841266e+00 -8.077633501286374695e+00
1.642189218921891403e+00 -8.082745611975687083e+00
1.642794279427942428e+00 -8.087858872071251426e+00
1.643399339933992565e+00 -8.092973281573055289e+00
1.644004400440043590e+00 -8.098088840481114659e+00
1.644609460946093726e+00 -8.103205548795409996e+00
1.645214521452144751e+00 -8.108323406515957288e+00
1.645819581958194888e+00 -8.113442413642745876e+00
1.646424642464245913e+00 -8.118562570175786419e+00
1.647029702970296050e+00 -8.123683876115064706e+00
1.647634763476347075e+00 -8.128806331460596724e+00
1.648239823982397212e+00 -8.133929936212368261e+00
1.648844884488448237e+00 -8.139054690370393530e+00
1.649449944994499262e+00 -8.144180593934661871e+00
1.650055005500549399e+00 -8.149307646905171509e+00
1.650660066006600424e+00 -8.154435849281933102e+00
1.651265126512650561e+00 -8.159565201064934215e+00
1.651870187018701586e+00 -8.164695702254187282e+00
1.652475247524751722e+00 -8.169827352849679869e+00
1.653080308030802748e+00 -8.174960152851424411e+00
1.653685368536852884e+00 -8.180094102259408473e+00
1.654290429042903909e+00 -8.185229201073646266e+00
1.654895489548954046e+00 -8.190365449294121802e+00
1.655500550055005071e+00 -8.195502846920852846e+00
1.656105610561055208e+00 -8.200641393953818081e+00
1.656710671067106233e+00 -8.205781090393038824e+00
1.657315731573156370e+00 -8.210921936238495533e+00
1.657920792079207395e+00 -8.216063931490211303e+00
1.658525852585257532e+00 -8.221207076148161264e+00
1.659130913091308557e+00 -8.226351370212364955e+00
1.659735973597358694e+00 -8.231496813682809943e+00
1.660341034103409719e+00 -8.236643406559503333e+00
1.660946094609460744e+00 -8.241791148842446901e+00
1.661551155115510880e+00 -8.246940040531626437e+00
1.662156215621561905e+00 -8.252090081627059703e+00
1.662761276127612042e+00 -8.257241272128732490e+00
1.663366336633663067e+00 -8.262393612036657231e+00
1.663971397139713204e+00 -8.267547101350819716e+00
1.664576457645764229e+00 -8.272701740071237708e+00
1.665181518151814366e+00 -8.277857528197895221e+00
1.665786578657865391e+00 -8.283014465730802911e+00
1.666391639163915528e+00 -8.288172552669950122e+00
1.666996699669966553e+00 -8.293331789015351063e+00
1.667601760176016690e+00 -8.298492174766989748e+00
1.668206820682067715e+00 -8.303653709924883941e+00
1.668811881188117852e+00 -8.308816394489014101e+00
1.669416941694168877e+00 -8.313980228459397992e+00
1.670022002200219013e+00 -8.319145211836019627e+00
1.670627062706270038e+00 -8.324311344618894992e+00
1.671232123212321063e+00 -8.329478626808018760e+00
1.671837183718371200e+00 -8.334647058403378495e+00
1.672442244224422225e+00 -8.339816639404990184e+00
1.673047304730472362e+00 -8.344987369812843170e+00
1.673652365236523387e+00 -8.350159249626948110e+00
1.674257425742573524e+00 -8.355332278847292571e+00
1.674862486248624549e+00 -8.360506457473890762e+00
1.675467546754674686e+00 -8.365681785506726698e+00
1.676072607260725711e+00 -8.370858262945812811e+00
1.676677667766775848e+00 -8.376035889791141997e+00
1.677282728272826873e+00 -8.381214666042723138e+00
1.677887788778877010e+00 -8.386394591700542023e+00
1.678492849284928035e+00 -8.391575666764614638e+00
1.679097909790978171e+00 -8.396757891234924998e+00
1.679702970297029196e+00 -8.401941265111489088e+00
1.680308030803079333e+00 -8.407125788394290922e+00
1.680913091309130358e+00 -8.412311461083348263e+00
1.681518151815180495e+00 -8.417498283178641572e+00
1.682123212321231520e+00 -8.422686254680190387e+00
1.682728272827282545e+00 -8.427875375587982276e+00
1.683333333333332682e+00 -8.433065645902015461e+00
1.683938393839383707e+00 -8.438257065622302378e+00
1.684543454345433844e+00 -8.443449634748823485e+00
1.685148514851484869e+00 -8.448643353281601875e+00
1.685753575357535006e+00 -8.453838221220618010e+00
1.686358635863586031e+00 -8.459034238565884323e+00
1.686963696369636168e+00 -8.464231405317391932e+00
1.687568756875687193e+00 -8.469429721475153272e+00
1.688173817381737329e+00 -8.474629187039154132e+00
1.688778877887788354e+00 -8.479829802009406947e+00
1.689383938393838491e+00 -8.485031566385897506e+00
1.689988998899889516e+00 -8.490234480168640019e+00
1.690594059405939653e+00 -8.495438543357622052e+00
1.691199119911990678e+00 -8.500643755952859593e+00
1.691804180418040815e+00 -8.505850117954333101e+00
1.692409240924091840e+00 -8.511057629362060339e+00
1.693014301430141977e+00 -8.516266290176027098e+00
1.693619361936193002e+00 -8.521476100396245812e+00
1.694224422442244027e+00 -8.526687060022711151e+00
1.694829482948294164e+00 -8.531899169055416010e+00
1.695434543454345189e+00 -8.537112427494374600e+00
1.696039603960395326e+00 -8.542326835339569158e+00
1.696644664466446351e+00 -8.547542392591015670e+00
1.697249724972496487e+00 -8.552759099248703478e+00
1.697854785478547512e+00 -8.557976955312646794e+00
1.698459845984597649e+00 -8.563195960782824301e+00
1.699064906490648674e+00 -8.568416115659257315e+00
1.699669966996698811e+00 -8.573637419941928073e+00
1.700275027502749836e+00 -8.578859873630850785e+00
1.700880088008799973e+00 -8.584083476726013018e+00
1.701485148514850998e+00 -8.589308229227428981e+00
1.702090209020901135e+00 -8.594534131135084465e+00
1.702695269526952160e+00 -8.599761182448990127e+00
1.703300330033002297e+00 -8.604989383169137085e+00
1.703905390539053322e+00 -8.610218733295535998e+00
1.704510451045103459e+00 -8.615449232828174431e+00
1.705115511551154484e+00 -8.620680881767064818e+00
1.705720572057205509e+00 -8.625913680112203608e+00
1.706325632563255645e+00 -8.631147627863580141e+00
1.706930693069306670e+00 -8.636382725021206852e+00
1.707535753575356807e+00 -8.641618971585074860e+00
1.708140814081407832e+00 -8.646856367555196599e+00
1.708745874587457969e+00 -8.652094912931554305e+00
1.709350935093508994e+00 -8.657334607714169294e+00
1.709955995599559131e+00 -8.662575451903018475e+00
1.710561056105610156e+00 -8.667817445498123163e+00
1.711166116611660293e+00 -8.673060588499463819e+00
1.711771177117711318e+00 -8.678304880907059982e+00
1.712376237623761455e+00 -8.683550322720895664e+00
1.712981298129812480e+00 -8.688796913940983302e+00
1.713586358635862616e+00 -8.694044654567308683e+00
1.714191419141913642e+00 -8.699293544599889572e+00
1.714796479647963778e+00 -8.704543584038706427e+00
1.715401540154014803e+00 -8.709794772883778791e+00
1.716006600660065828e+00 -8.715047111135094227e+00
1.716611661166115965e+00 -8.720300598792650959e+00
1.717216721672166990e+00 -8.725555235856457870e+00
1.717821782178217127e+00 -8.730811022326504300e+00
1.718426842684268152e+00 -8.736067958202806238e+00
1.719031903190318289e+00 -8.741326043485345920e+00
1.719636963696369314e+00 -8.746585278174137557e+00
1.720242024202419451e+00 -8.751845662269168713e+00
1.720847084708470476e+00 -8.757107195770451824e+00
1.721452145214520613e+00 -8.762369878677974455e+00
1.722057205720571638e+00 -8.767633710991750817e+00
1.722662266226621774e+00 -8.772898692711766699e+00
1.723267326732672799e+00 -8.778164823838032760e+00
1.723872387238722936e+00 -8.783432104370540117e+00
1.724477447744773961e+00 -8.788700534309299428e+00
1.725082508250824098e+00 -8.793970113654296483e+00
1.725687568756875123e+00 -8.799240842405547269e+00
1.726292629262925260e+00 -8.804512720563035799e+00
1.726897689768976285e+00 -8.809785748126781613e+00
1.727502750275027310e+00 -8.815059925096768723e+00
1.728107810781077447e+00 -8.820335251472995353e+00
1.728712871287128472e+00 -8.825611727255477490e+00
1.729317931793178609e+00 -8.830889352444195595e+00
1.729922992299229634e+00 -8.836168127039169207e+00
1.730528052805279771e+00 -8.841448051040380562e+00
1.731133113311330796e+00 -8.846729124447842096e+00
1.731738173817380932e+00 -8.852011347261544927e+00
1.732343234323431957e+00 -8.857294719481501488e+00
1.732948294829482094e+00 -8.862579241107695793e+00
1.733553355335533119e+00 -8.867864912140143829e+00
1.734158415841583256e+00 -8.873151732578829609e+00
1.734763476347634281e+00 -8.878439702423769120e+00
1.735368536853684418e+00 -8.883728821674946374e+00
1.735973597359735443e+00 -8.889019090332377360e+00
1.736578657865785580e+00 -8.894310508396047865e+00
1.737183718371836605e+00 -8.899603075865972102e+00
1.737788778877886742e+00 -8.904896792742132305e+00
1.738393839383937767e+00 -8.910191659024544464e+00
1.738998899889988792e+00 -8.915487674713206800e+00
1.739603960396038929e+00 -8.920784839808106881e+00
1.740209020902089954e+00 -8.926083154309258916e+00
1.740814081408140090e+00 -8.931382618216648694e+00
1.741419141914191115e+00 -8.936683231530292204e+00
1.742024202420241252e+00 -8.941984994250175234e+00
1.742629262926292277e+00 -8.947287906376310218e+00
1.743234323432342414e+00 -8.952591967908684722e+00
1.743839383938393439e+00 -8.957897178847314734e+00
1.744444444444443576e+00 -8.963203539192178937e+00
1.745049504950494601e+00 -8.968511048943298647e+00
1.745654565456544738e+00 -8.973819708100656101e+00
1.746259625962595763e+00 -8.979129516664267285e+00
1.746864686468645900e+00 -8.984440474634116214e+00
1.747469746974696925e+00 -8.989752582010220650e+00
1.748074807480747062e+00 -8.995065838792561053e+00
1.748679867986798087e+00 -9.000380244981155187e+00
1.749284928492849112e+00 -9.005695800575995946e+00
1.749889988998899248e+00 -9.011012505577076226e+00
1.750495049504950273e+00 -9.016330359984408460e+00
1.751100110011000410e+00 -9.021649363797980214e+00
1.751705170517051435e+00 -9.026969517017800371e+00
1.752310231023101572e+00 -9.032290819643863600e+00
1.752915291529152597e+00 -9.037613271676182336e+00
1.753520352035202734e+00 -9.042936873114737040e+00
1.754125412541253759e+00 -9.048261623959543698e+00
1.754730473047303896e+00 -9.053587524210588100e+00
1.755335533553354921e+00 -9.058914573867888009e+00
1.755940594059405058e+00 -9.064242772931425662e+00
1.756545654565456083e+00 -9.069572121401215270e+00
1.757150715071506220e+00 -9.074902619277246174e+00
1.757755775577557245e+00 -9.080234266559529033e+00
1.758360836083607381e+00 -9.085567063248051412e+00
1.758965896589658406e+00 -9.090901009342825745e+00
1.759570957095708543e+00 -9.096236104843837822e+00
1.760176017601759568e+00 -9.101572349751105406e+00
1.760781078107810593e+00 -9.106909744064619616e+00
1.761386138613860730e+00 -9.112248287784369793e+00
1.761991199119911755e+00 -9.117587980910371925e+00
1.762596259625961892e+00 -9.122928823442613577e+00
1.763201320132012917e+00 -9.128270815381110737e+00
1.763806380638063054e+00 -9.133613956725845640e+00
1.764411441144114079e+00 -9.138958247476832497e+00
1.765016501650164216e+00 -9.144303687634057098e+00
1.765621562156215241e+00 -9.149650277197537207e+00
1.766226622662265378e+00 -9.154998016167255059e+00
1.766831683168316403e+00 -9.160346904543224866e+00
1.767436743674366539e+00 -9.165696942325434193e+00
1.768041804180417564e+00 -9.171048129513899028e+00
1.768646864686467701e+00 -9.176400466108599829e+00
1.769251925192518726e+00 -9.181753952109554362e+00
1.769856985698568863e+00 -9.187108587516746638e+00
1.770462046204619888e+00 -9.192464372330192646e+00
1.771067106710670025e+00 -9.197821306549879949e+00
1.771672167216721050e+00 -9.203179390175819208e+00
1.772277227722772075e+00 -9.208538623207999763e+00
1.772882288228822212e+00 -9.213899005646421614e+00
1.773487348734873237e+00 -9.219260537491098972e+00
1.774092409240923374e+00 -9.224623218742014075e+00
1.774697469746974399e+00 -9.229987049399181132e+00
1.775302530253024536e+00 -9.235352029462585932e+00
1.775907590759075561e+00 -9.240718158932246240e+00
1.776512651265125697e+00 -9.246085437808144292e+00
1.777117711771176722e+00 -9.251453866090294298e+00
1.777722772277226859e+00 -9.256823443778685601e+00
1.778327832783277884e+00 -9.262194170873328858e+00
1.778932893289328021e+00 -9.267566047374209859e+00
1.779537953795379046e+00 -9.272939073281342814e+00
1.780143014301429183e+00 -9.278313248594715290e+00
1.780748074807480208e+00 -9.283688573314343273e+00
1.781353135313530345e+00 -9.289065047440207223e+00
1.781958195819581370e+00 -9.294442670972326681e+00
1.782563256325631507e+00 -9.299821443910683882e+00
1.783168316831682532e+00 -9.305201366255291262e+00
1.783773377337733557e+00 -9.310582438006147044e+00
1.784378437843783693e+00 -9.315964659163242345e+00
1.784983498349834719e+00 -9.321348029726589601e+00
1.785588558855884855e+00 -9.326732549696176378e+00
1.786193619361935880e+00 -9.332118219072015108e+00
1.786798679867986017e+00 -9.337505037854093359e+00
1.787403740374037042e+00 -9.342893006042423565e+00
1.788008800880087179e+00 -9.348282123636993290e+00
1.788613861386138204e+00 -9.353672390637816747e+00
1.789218921892188341e+00 -9.359063807044876171e+00
1.789823982398239366e+00 -9.364456372858191102e+00
1.790429042904289503e+00 -9.369850088077743777e+00
1.791034103410340528e+00 -9.375244952703551959e+00
1.791639163916390665e+00 -9.380640966735596109e+00
1.792244224422441690e+00 -9.386038130173893990e+00
1.792849284928491826e+00 -9.391436443018431390e+00
1.793454345434542851e+00 -9.396835905269220746e+00
1.794059405940593876e+00 -9.402236516926256726e+00
1.794664466446644013e+00 -9.407638277989530451e+00
1.795269526952695038e+00 -9.413041188459057906e+00
1.795874587458745175e+00 -9.418445248334823106e+00
1.796479647964796200e+00 -9.423850457616843812e+00
1.797084708470846337e+00 -9.429256816305098710e+00
1.797689768976897362e+00 -9.434664324399612667e+00
1.798294829482947499e+00 -9.440072981900360816e+00
1.798899889988998524e+00 -9.445482788807364471e+00
1.799504950495048661e+00 -9.450893745120605871e+00
1.800110011001099686e+00 -9.456305850840099225e+00
1.800715071507149823e+00 -9.461719105965832100e+00
1.801320132013200848e+00 -9.467133510497818705e+00
1.801925192519250984e+00 -9.472549064436044830e+00
1.802530253025302009e+00 -9.477965767780522910e+00
1.803135313531352146e+00 -9.483383620531238734e+00
1.803740374037403171e+00 -9.488802622688208288e+00
1.804345434543453308e+00 -9.494222774251415586e+00
1.804950495049504333e+00 -9.499644075220878392e+00
1.805555555555555358e+00 -9.505066525596586047e+00
1.806160616061605495e+00 -9.510490125378531445e+00
1.806765676567656520e+00 -9.515914874566732351e+00
1.807370737073706657e+00 -9.521340773161167448e+00
1.807975797579757682e+00 -9.526767821161859828e+00
1.808580858085807819e+00 -9.532196018568789952e+00
1.809185918591858844e+00 -9.537625365381973808e+00
1.809790979097908981e+00 -9.543055861601393630e+00
1.810396039603960006e+00 -9.548487507227065407e+00
1.811001100110010142e+00 -9.553920302258980257e+00
1.811606160616061167e+00 -9.559354246697147062e+00
1.812211221122111304e+00 -9.564789340541551610e+00
1.812816281628162329e+00 -9.570225583792209889e+00
1.813421342134212466e+00 -9.575662976449105912e+00
1.814026402640263491e+00 -9.581101518512255666e+00
1.814631463146313628e+00 -9.586541209981643163e+00
1.815236523652364653e+00 -9.591982050857286168e+00
1.815841584158414790e+00 -9.597424041139165141e+00
1.816446644664465815e+00 -9.602867180827299620e+00
1.817051705170516840e+00 -9.608311469921677173e+00
1.817656765676566977e+00 -9.613756908422296021e+00
1.818261826182618002e+00 -9.619203496329166825e+00
1.818866886688668139e+00 -9.624651233642275372e+00
1.819471947194719164e+00 -9.630100120361639426e+00
1.820077007700769300e+00 -9.635550156487241225e+00
1.820682068206820325e+00 -9.641001342019094977e+00
1.821287128712870462e+00 -9.646453676957188250e+00
1.821892189218921487e+00 -9.651907161301535254e+00
1.822497249724971624e+00 -9.657361795052118225e+00
1.823102310231022649e+00 -9.662817578208958480e+00
1.823707370737072786e+00 -9.668274510772032926e+00
1.824312431243123811e+00 -9.673732592741362879e+00
1.824917491749173948e+00 -9.679191824116930576e+00
1.825522552255224973e+00 -9.684652204898753780e+00
1.826127612761275110e+00 -9.690113735086814728e+00
1.826732673267326135e+00 -9.695576414681127631e+00
1.827337733773376272e+00 -9.701040243681678277e+00
1.827942794279427297e+00 -9.706505222088482654e+00
1.828547854785478322e+00 -9.711971349901535433e+00
1.829152915291528458e+00 -9.717438627120824179e+00
1.829757975797579483e+00 -9.722907053746368433e+00
1.830363036303629620e+00 -9.728376629778148654e+00
1.830968096809680645e+00 -9.733847355216180830e+00
1.831573157315730782e+00 -9.739319230060454302e+00
1.832178217821781807e+00 -9.744792254310981505e+00
1.832783278327831944e+00 -9.750266427967744676e+00
1.833388338833882969e+00 -9.755741751030765130e+00
1.833993399339933106e+00 -9.761218223500021551e+00
1.834598459845984131e+00 -9.766695845375529927e+00
1.835203520352034268e+00 -9.772174616657277824e+00
1.835808580858085293e+00 -9.777654537345281227e+00
1.836413641364135430e+00 -9.783135607439520598e+00
1.837018701870186455e+00 -9.788617826940015476e+00
1.837623762376236591e+00 -9.794101195846746322e+00
1.838228822882287616e+00 -9.799585714159729122e+00
1.838833883388338641e+00 -9.805071381878960324e+00
1.839438943894388778e+00 -9.810558199004432822e+00
1.840044004400439803e+00 -9.816046165536153723e+00
1.840649064906489940e+00 -9.821535281474115919e+00
1.841254125412540965e+00 -9.827025546818328294e+00
1.841859185918591102e+00 -9.832516961568780189e+00
1.842464246424642127e+00 -9.838009525725489368e+00
1.843069306930692264e+00 -9.843503239288434514e+00
1.843674367436743289e+00 -9.848998102257631615e+00
1.844279427942793426e+00 -9.854494114633070012e+00
1.844884488448844451e+00 -9.859991276414756811e+00
1.845489548954894587e+00 -9.865489587602684907e+00
1.846094609460945613e+00 -9.870989048196866733e+00
1.846699669966995749e+00 -9.876489658197288080e+00
1.847304730473046774e+00 -9.881991417603961381e+00
1.847909790979096911e+00 -9.887494326416872426e+00
1.848514851485147936e+00 -9.892998384636035425e+00
1.849119911991198073e+00 -9.898503592261439721e+00
1.849724972497249098e+00 -9.904009949293095971e+00
1.850330033003300123e+00 -9.909517455731002400e+00
1.850935093509350260e+00 -9.915026111575141243e+00
1.851540154015401285e+00 -9.920535916825535594e+00
1.852145214521451422e+00 -9.926046871482167688e+00
1.852750275027502447e+00 -9.931558975545055290e+00
1.853355335533552584e+00 -9.937072229014178859e+00
1.853960396039603609e+00 -9.942586631889559712e+00
1.854565456545653745e+00 -9.948102184171174756e+00
1.855170517051704770e+00 -9.953618885859043530e+00
1.855775577557754907e+00 -9.959136736953151825e+00
1.856380638063805932e+00 -9.964655737453513851e+00
1.856985698569856069e+00 -9.970175887360113620e+00
1.857590759075907094e+00 -9.975697186672967121e+00
1.858195819581957231e+00 -9.981219635392058365e+00
1.858800880088008256e+00 -9.986743233517403340e+00
1.859405940594058393e+00 -9.992267981048986059e+00
1.860011001100109418e+00 -9.997793877986822508e+00
1.860616061606159555e+00 -1.000332092433089848e+01
1.861221122112210580e+00 -1.000884912008122818e+01
1.861826182618261605e+00 -1.001437846523780095e+01
1.862431243124311742e+00 -1.001990895980061325e+01
1.863036303630362767e+00 -1.002544060376968105e+01
1.863641364136412903e+00 -1.003097339714498659e+01
1.864246424642463928e+00 -1.003650733992654409e+01
1.864851485148514065e+00 -1.004204243211433933e+01
1.865456545654565090e+00 -1.004757867370839008e+01
1.866061606160615227e+00 -1.005311606470867680e+01
1.866666666666666252e+00 -1.005865460511521903e+01
1.867271727172716389e+00 -1.006419429492799900e+01
1.867876787678767414e+00 -1.006973513414703447e+01
1.868481848184817551e+00 -1.007527712277230592e+01
1.869086908690868576e+00 -1.008082026080382931e+01
1.869691969196918713e+00 -1.008636454824159223e+01
1.870297029702969738e+00 -1.009190998508561066e+01
1.870902090209019875e+00 -1.009745657133586505e+01
1.871507150715070900e+00 -1.010300430699237317e+01
1.872112211221121925e+00 -1.010855319205512970e+01
1.872717271727172061e+00 -1.011410322652412042e+01
1.873322332233223086e+00 -1.011965441039936664e+01
1.873927392739273223e+00 -1.012520674368085238e+01
1.874532453245324248e+00 -1.013076022636859008e+01
1.875137513751374385e+00 -1.013631485846256552e+01
1.875742574257425410e+00 -1.014187063996279647e+01
1.876347634763475547e+00 -1.014742757086926339e+01
1.876952695269526572e+00 -1.015298565118198582e+01
1.877557755775576709e+00 -1.015854488090094421e+01
1.878162816281627734e+00 -1.016410526002616166e+01
1.878767876787677871e+00 -1.016966678855761153e+01
1.879372937293728896e+00 -1.017522946649531512e+01
1.879977997799779033e+00 -1.018079329383925824e+01
1.880583058305830058e+00 -1.018635827058945686e+01
1.881188118811880194e+00 -1.019192439674588968e+01
1.881793179317931219e+00 -1.019749167230857978e+01
1.882398239823981356e+00 -1.020306009727750585e+01
1.883003300330032381e+00 -1.020862967165268742e+01
1.883608360836083406e+00 -1.021420039543411207e+01
1.884213421342133543e+00 -1.021977226862177623e+01
1.884818481848184568e+00 -1.022534529121569591e+01
1.885423542354234705e+00 -1.023091946321585155e+01
1.886028602860285730e+00 -1.023649478462226092e+01
1.886633663366335867e+00 -1.024207125543490804e+01
1.887238723872386892e+00 -1.024764887565381066e+01
1.887843784378437029e+00 -1.025322764527894925e+01
1.888448844884488054e+00 -1.025880756431034513e+01
1.889053905390538191e+00 -1.026438863274797697e+01
1.889658965896589216e+00 -1.026997085059186077e+01
1.890264026402639352e+00 -1.027555421784198231e+01
1.890869086908690377e+00 -1.028113873449836113e+01
1.891474147414740514e+00 -1.028672440056097770e+01
1.892079207920791539e+00 -1.029231121602984445e+01
1.892684268426841676e+00 -1.029789918090495249e+01
1.893289328932892701e+00 -1.030348829518631248e+01
1.893894389438942838e+00 -1.030907855887391023e+01
1.894499449944993863e+00 -1.031466997196776347e+01
1.895104510451044888e+00 -1.032026253446786157e+01
1.895709570957095025e+00 -1.032585624637419741e+01
1.896314631463146050e+00 -1.033145110768678698e+01
1.896919691969196187e+00 -1.033704711840561430e+01
1.897524752475247212e+00 -1.034264427853069535e+01
1.898129812981297349e+00 -1.034824258806201591e+01
1.898734873487348374e+00 -1.035384204699959021e+01
1.899339933993398510e+00 -1.035944265534340225e+01
1.899944994499449535e+00 -1.036504441309346625e+01
1.900550055005499672e+00 -1.037064732024976976e+01
1.901155115511550697e+00 -1.037625137681232701e+01
1.901760176017600834e+00 -1.038185658278112200e+01
1.902365236523651859e+00 -1.038746293815617072e+01
1.902970297029701996e+00 -1.039307044293745719e+01
1.903575357535753021e+00 -1.039867909712499738e+01
1.904180418041803158e+00 -1.040428890071877532e+01
1.904785478547854183e+00 -1.040989985371880877e+01
1.905390539053904320e+00 -1.041551195612507819e+01
1.905995599559955345e+00 -1.042112520793760133e+01
1.906600660066006370e+00 -1.042673960915637110e+01
1.907205720572056507e+00 -1.043235515978137862e+01
1.907810781078107532e+00 -1.043797185981264164e+01
1.908415841584157668e+00 -1.044358970925014063e+01
1.909020902090208693e+00 -1.044920870809389513e+01
1.909625962596258830e+00 -1.045482885634388737e+01
1.910231023102309855e+00 -1.046045015400013156e+01
1.910836083608359992e+00 -1.046607260106261350e+01
1.911441144114411017e+00 -1.047169619753135095e+01
1.912046204620461154e+00 -1.047732094340632614e+01
1.912651265126512179e+00 -1.048294683868755506e+01
1.913256325632562316e+00 -1.048857388337502172e+01
1.913861386138613341e+00 -1.049420207746874212e+01
1.914466446644663478e+00 -1.049983142096870026e+01
1.915071507150714503e+00 -1.050546191387491213e+01
1.915676567656764639e+00 -1.051109355618736174e+01
1.916281628162815664e+00 -1.051672634790606686e+01
1.916886688668866690e+00 -1.052236028903101683e+01
1.917491749174916826e+00 -1.052799537956220455e+01
1.918096809680967851e+00 -1.053363161949964599e+01
1.918701870187017988e+00 -1.053926900884332518e+01
1.919306930693069013e+00 -1.054490754759325988e+01
1.919911991199119150e+00 -1.055054723574943232e+01
1.920517051705170175e+00 -1.055618807331185494e+01
1.921122112211220312e+00 -1.056183006028051885e+01
1.921727172717271337e+00 -1.056747319665543650e+01
1.922332233223321474e+00 -1.057311748243659011e+01
1.922937293729372499e+00 -1.057876291762399923e+01
1.923542354235422636e+00 -1.058440950221764787e+01
1.924147414741473661e+00 -1.059005723621754669e+01
1.924752475247523797e+00 -1.059570611962368503e+01
1.925357535753574822e+00 -1.060135615243607532e+01
1.925962596259624959e+00 -1.060700733465470691e+01
1.926567656765675984e+00 -1.061265966627959045e+01
1.927172717271726121e+00 -1.061831314731071352e+01
1.927777777777777146e+00 -1.062396777774808854e+01
1.928382838283828171e+00 -1.062962355759171018e+01
1.928987898789878308e+00 -1.063528048684156957e+01
1.929592959295929333e+00 -1.064093856549768446e+01
1.930198019801979470e+00 -1.064659779356003710e+01
1.930803080308030495e+00 -1.065225817102863815e+01
1.931408140814080632e+00 -1.065791969790348226e+01
1.932013201320131657e+00 -1.066358237418458188e+01
1.932618261826181794e+00 -1.066924619987191569e+01
1.933223322332232819e+00 -1.067491117496550324e+01
1.933828382838282955e+00 -1.068057729946533030e+01
1.934433443344333980e+00 -1.068624457337140932e+01
1.935038503850384117e+00 -1.069191299668372963e+01
1.935643564356435142e+00 -1.069758256940230012e+01
1.936248624862485279e+00 -1.070325329152711191e+01
1.936853685368536304e+00 -1.070892516305817566e+01
1.937458745874586441e+00 -1.071459818399547537e+01
1.938063806380637466e+00 -1.072027235433903236e+01
1.938668866886687603e+00 -1.072594767408882710e+01
1.939273927392738628e+00 -1.073162414324487379e+01
1.939878987898789653e+00 -1.073730176180716889e+01
1.940484048404839790e+00 -1.074298052977569995e+01
1.941089108910890815e+00 -1.074866044715048297e+01
1.941694169416940952e+00 -1.075434151393150550e+01
1.942299229922991977e+00 -1.076002373011878355e+01
1.942904290429042113e+00 -1.076570709571230111e+01
1.943509350935093138e+00 -1.077139161071206885e+01
1.944114411441143275e+00 -1.077707727511807434e+01
1.944719471947194300e+00 -1.078276408893033533e+01
1.945324532453244437e+00 -1.078845205214883407e+01
1.945929592959295462e+00 -1.079414116477358654e+01
1.946534653465345599e+00 -1.079983142680457497e+01
1.947139713971396624e+00 -1.080552283824181892e+01
1.947744774477446761e+00 -1.081121539908530060e+01
1.948349834983497786e+00 -1.081690910933503602e+01
1.948954895489547923e+00 -1.082260396899101096e+01
1.949559955995598948e+00 -1.082829997805323785e+01
1.950165016501649085e+00 -1.083399713652170249e+01
1.950770077007700110e+00 -1.083969544439642441e+01
1.951375137513751135e+00 -1.084539490167738762e+01
1.951980198019801271e+00 -1.085109550836459036e+01
1.952585258525852296e+00 -1.085679726445804860e+01
1.953190319031902433e+00 -1.086250016995774281e+01
1.953795379537953458e+00 -1.086820422486369075e+01
1.954400440044003595e+00 -1.087390942917587822e+01
1.955005500550054620e+00 -1.087961578289431941e+01
1.955610561056104757e+00 -1.088532328601899657e+01
1.956215621562155782e+00 -1.089103193854992746e+01
1.956820682068205919e+00 -1.089674174048709965e+01
1.957425742574256944e+00 -1.090245269183052201e+01
1.958030803080307081e+00 -1.090816479258018390e+01
1.958635863586358106e+00 -1.091387804273609952e+01
1.959240924092408243e+00 -1.091959244229825288e+01
1.959845984598459268e+00 -1.092530799126665997e+01
1.960451045104509404e+00 -1.093102468964130658e+01
1.961056105610560429e+00 -1.093674253742220515e+01
1.961661166116611454e+00 -1.094246153460935034e+01
1.962266226622661591e+00 -1.094818168120273327e+01
1.962871287128712616e+00 -1.095390297720237172e+01
1.963476347634762753e+00 -1.095962542260824790e+01
1.964081408140813778e+00 -1.096534901742037604e+01
1.964686468646863915e+00 -1.097107376163874015e+01
1.965291529152914940e+00 -1.097679965526335977e+01
1.965896589658965077e+00 -1.098252669829421890e+01
1.966501650165016102e+00 -1.098825489073133355e+01
1.967106710671066239e+00 -1.099398423257468060e+01
1.967711771177117264e+00 -1.099971472382428495e+01
1.968316831683167401e+00 -1.100544636448012703e+01
1.968921892189218426e+00 -1.101117915454222285e+01
1.969526952695268562e+00 -1.101691309401055641e+01
1.970132013201319587e+00 -1.102264818288514370e+01
1.970737073707369724e+00 -1.102838442116596873e+01
1.971342134213420749e+00 -1.103412180885305105e+01
1.971947194719470886e+00 -1.103986034594636934e+01
1.972552255225521911e+00 -1.104560003244593602e+01
1.973157315731572936e+00 -1.105134086835175289e+01
1.973762376237623073e+00 -1.105708285366380927e+01
1.974367436743674098e+00 -1.106282598838211939e+01
1.974972497249724235e+00 -1.106857027250666370e+01
1.975577557755775260e+00 -1.107431570603746351e+01
1.976182618261825397e+00 -1.108006228897450285e+01
1.976787678767876422e+00 -1.108581002131779414e+01
1.977392739273926558e+00 -1.109155890306732317e+01
1.977997799779977584e+00 -1.109730893422310771e+01
1.978602860286027720e+00 -1.110306011478513000e+01
1.979207920792078745e+00 -1.110881244475340424e+01
1.979812981298128882e+00 -1.111456592412791977e+01
1.980418041804179907e+00 -1.112032055290868549e+01
1.981023102310230044e+00 -1.112607633109569072e+01
1.981628162816281069e+00 -1.113183325868895324e+01
1.982233223322331206e+00 -1.113759133568844994e+01
1.982838283828382231e+00 -1.114335056209419861e+01
1.983443344334432368e+00 -1.114911093790618679e+01
1.984048404840483393e+00 -1.115487246312443226e+01
1.984653465346534418e+00 -1.116063513774892080e+01
1.985258525852584555e+00 -1.116639896177964530e+01
1.985863586358635580e+00 -1.117216393521662710e+01
1.986468646864685716e+00 -1.117793005805984485e+01
1.987073707370736741e+00 -1.118369733030931812e+01
1.987678767876786878e+00 -1.118946575196502735e+01
1.988283828382837903e+00 -1.119523532302699209e+01
1.988888888888888040e+00 -1.120100604349519102e+01
1.989493949394939065e+00 -1.120677791336964901e+01
1.990099009900989202e+00 -1.121255093265034120e+01
1.990704070407040227e+00 -1.121832510133729066e+01
1.991309130913090364e+00 -1.122410041943047432e+01
1.991914191419141389e+00 -1.122987688692991526e+01
1.992519251925191526e+00 -1.123565450383559039e+01
1.993124312431242551e+00 -1.124143327014752103e+01
1.993729372937292688e+00 -1.124721318586568941e+01
1.994334433443343713e+00 -1.125299425099011330e+01
1.994939493949394738e+00 -1.125877646552078382e+01
1.995544554455444874e+00 -1.126455982945768852e+01
1.996149614961495899e+00 -1.127034434280085051e+01
1.996754675467546036e+00 -1.127613000555024847e+01
1.997359735973597061e+00 -1.128191681770590016e+01
1.997964796479647198e+00 -1.128770477926778959e+01
1.998569856985698223e+00 -1.129349389023593275e+01
1.999174917491748360e+00 -1.129928415061031544e+01
1.999779977997799385e+00 -1.130507556039095007e+01
2.000385038503849522e+00 -1.131086811957782423e+01
2.000990099009900547e+00 -1.131666182817095212e+01
2.001595159515950684e+00 -1.132245668617031598e+01
2.002200220022001709e+00 -1.132825269357593712e+01
2.002805280528051846e+00 -1.133404985038779422e+01
2.003410341034102871e+00 -1.133984815660590328e+01
2.004015401540153007e+00 -1.134564761223025187e+01
2.004620462046204032e+00 -1.135144821726085596e+01
2.005225522552254169e+00 -1.135724997169769779e+01
2.005830583058305194e+00 -1.136305287554079158e+01
2.006435643564356219e+00 -1.136885692879013199e+01
2.007040704070406356e+00 -1.137466213144570837e+01
2.007645764576457381e+00 -1.138046848350754203e+01
2.008250825082507518e+00 -1.138627598497561166e+01
2.008855885588558543e+00 -1.139208463584993503e+01
2.009460946094608680e+00 -1.139789443613049791e+01
2.010066006600659705e+00 -1.140370538581731275e+01
2.010671067106709842e+00 -1.140951748491036710e+01
2.011276127612760867e+00 -1.141533073340967341e+01
2.011881188118811004e+00 -1.142114513131521747e+01
2.012486248624862029e+00 -1.142696067862701881e+01
2.013091309130912165e+00 -1.143277737534505611e+01
2.013696369636963190e+00 -1.143859522146934538e+01
2.014301430143013327e+00 -1.144441421699987416e+01
2.014906490649064352e+00 -1.145023436193665844e+01
2.015511551155114489e+00 -1.145605565627967870e+01
2.016116611661165514e+00 -1.146187810002895269e+01
2.016721672167215651e+00 -1.146770169318446619e+01
2.017326732673266676e+00 -1.147352643574623166e+01
2.017931793179317701e+00 -1.147935232771424374e+01
2.018536853685367838e+00 -1.148517936908849357e+01
2.019141914191418863e+00 -1.149100755986899713e+01
2.019746974697469000e+00 -1.149683690005573844e+01
2.020352035203520025e+00 -1.150266738964873525e+01
2.020957095709570162e+00 -1.150849902864796803e+01
2.021562156215621187e+00 -1.151433181705345454e+01
2.022167216721671323e+00 -1.152016575486518057e+01
2.022772277227722348e+00 -1.152600084208316211e+01
2.023377337733772485e+00 -1.153183707870737784e+01
2.023982398239823510e+00 -1.153767446473784730e+01
2.024587458745873647e+00 -1.154351300017455451e+01
2.025192519251924672e+00 -1.154935268501751899e+01
2.025797579757974809e+00 -1.155519351926671945e+01
2.026402640264025834e+00 -1.156103550292217363e+01
2.027007700770075971e+00 -1.156687863598386734e+01
2.027612761276126996e+00 -1.157272291845181122e+01
2.028217821782177133e+00 -1.157856835032599641e+01
2.028822882288228158e+00 -1.158441493160643354e+01
2.029427942794279183e+00 -1.159026266229311908e+01
2.030033003300329320e+00 -1.159611154238603881e+01
2.030638063806380345e+00 -1.160196157188521404e+01
2.031243124312430481e+00 -1.160781275079062880e+01
2.031848184818481506e+00 -1.161366507910229551e+01
2.032453245324531643e+00 -1.161951855682019996e+01
2.033058305830582668e+00 -1.162537318394436170e+01
2.033663366336632805e+00 -1.163122896047475763e+01
2.034268426842683830e+00 -1.163708588641140906e+01
2.034873487348733967e+00 -1.164294396175429647e+01
2.035478547854784992e+00 -1.164880318650344115e+01
2.036083608360835129e+00 -1.165466356065882181e+01
2.036688668866886154e+00 -1.166052508422045619e+01
2.037293729372936291e+00 -1.166638775718832655e+01
2.037898789878987316e+00 -1.167225157956245418e+01
2.038503850385037452e+00 -1.167811655134281601e+01
2.039108910891088478e+00 -1.168398267252943512e+01
2.039713971397139503e+00 -1.168984994312230086e+01
2.040319031903189639e+00 -1.169571836312139901e+01
2.040924092409240664e+00 -1.170158793252675800e+01
2.041529152915290801e+00 -1.170745865133834940e+01
2.042134213421341826e+00 -1.171333051955619808e+01
2.042739273927391963e+00 -1.171920353718028096e+01
2.043344334433442988e+00 -1.172507770421062290e+01
2.043949394939493125e+00 -1.173095302064720080e+01
2.044554455445544150e+00 -1.173682948649002888e+01
2.045159515951594287e+00 -1.174270710173909826e+01
2.045764576457645312e+00 -1.174858586639442315e+01
2.046369636963695449e+00 -1.175446578045598223e+01
2.046974697469746474e+00 -1.176034684392379681e+01
2.047579757975796610e+00 -1.176622905679784736e+01
2.048184818481847635e+00 -1.177211241907815520e+01
2.048789878987897772e+00 -1.177799693076469900e+01
2.049394939493948797e+00 -1.178388259185749654e+01
2.049999999999999822e+00 -1.178976940235654070e+01
