-4.000000000000000000e+00 -1.172390493324535576e+01
-3.999394939493949419e+00 -1.172223593477517056e+01
-3.998789878987898838e+00 -1.172056694001180510e+01
-3.998184818481848257e+00 -1.171889794897352033e+01
-3.997579757975797676e+00 -1.171722896167860206e+01
-3.996974697469747095e+00 -1.171555997814531658e+01
-3.996369636963696514e+00 -1.171389099839194081e+01
-3.995764576457645934e+00 -1.171222202243675170e+01
-3.995159515951595353e+00 -1.171055305029802618e+01
-3.994554455445544772e+00 -1.170888408199402697e+01
-3.993949394939493747e+00 -1.170721511754303812e+01
-3.993344334433443166e+00 -1.170554615696332945e+01
-3.992739273927392585e+00 -1.170387720027317791e+01
-3.992134213421342004e+00 -1.170220824749085686e+01
-3.991529152915291423e+00 -1.170053929863463971e+01
-3.990924092409240842e+00 -1.169887035372280515e+01
-3.990319031903190261e+00 -1.169720141277361591e+01
-3.989713971397139680e+00 -1.169553247580535782e+01
-3.989108910891089099e+00 -1.169386354283630247e+01
-3.988503850385038518e+00 -1.169219461388472325e+01
-3.987898789878987937e+00 -1.169052568896888999e+01
-3.987293729372937356e+00 -1.168885676810708496e+01
-3.986688668866886776e+00 -1.168718785131757443e+01
-3.986083608360836195e+00 -1.168551893861863888e+01
-3.985478547854785614e+00 -1.168385003002855349e+01
-3.984873487348735033e+00 -1.168218112556558452e+01
-3.984268426842684452e+00 -1.168051222524801069e+01
-3.983663366336633871e+00 -1.167884332909410716e+01
-3.983058305830582846e+00 -1.167717443712214731e+01
-3.982453245324532265e+00 -1.167550554935040630e+01
-3.981848184818481684e+00 -1.167383666579715573e+01
-3.981243124312431103e+00 -1.167216778648067965e+01
-3.980638063806380522e+00 -1.167049891141923545e+01
-3.980033003300329941e+00 -1.166883004063110718e+01
-3.979427942794279360e+00 -1.166716117413456999e+01
-3.978822882288228779e+00 -1.166549231194789904e+01
-3.978217821782178198e+00 -1.166382345408936061e+01
-3.977612761276127618e+00 -1.166215460057723874e+01
-3.977007700770077037e+00 -1.166048575142980148e+01
-3.976402640264026456e+00 -1.165881690666532400e+01
-3.975797579757975875e+00 -1.165714806630208322e+01
-3.975192519251925294e+00 -1.165547923035835076e+01
-3.974587458745874713e+00 -1.165381039885240000e+01
-3.973982398239824132e+00 -1.165214157180250965e+01
-3.973377337733773551e+00 -1.165047274922695131e+01
-3.972772277227722970e+00 -1.164880393114399482e+01
-3.972167216721672389e+00 -1.164713511757192244e+01
-3.971562156215621364e+00 -1.164546630852900044e+01
-3.970957095709570783e+00 -1.164379750403351110e+01
-3.970352035203520202e+00 -1.164212870410372247e+01
-3.969746974697469621e+00 -1.164045990875791325e+01
-3.969141914191419040e+00 -1.163879111801435329e+01
-3.968536853685368460e+00 -1.163712233189131773e+01
-3.967931793179317879e+00 -1.163545355040708529e+01
-3.967326732673267298e+00 -1.163378477357992757e+01
-3.966721672167216717e+00 -1.163211600142811619e+01
-3.966116611661166136e+00 -1.163044723396992630e+01
-3.965511551155115555e+00 -1.162877847122363839e+01
-3.964906490649064974e+00 -1.162710971320751874e+01
-3.964301430143014393e+00 -1.162544095993984072e+01
-3.963696369636963812e+00 -1.162377221143888839e+01
-3.963091309130913231e+00 -1.162210346772292624e+01
-3.962486248624862650e+00 -1.162043472881023298e+01
-3.961881188118812069e+00 -1.161876599471908023e+01
-3.961276127612761488e+00 -1.161709726546774846e+01
-3.960671067106710463e+00 -1.161542854107450395e+01
-3.960066006600659883e+00 -1.161375982155762721e+01
-3.959460946094609302e+00 -1.161209110693538982e+01
-3.958855885588558721e+00 -1.161042239722606162e+01
-3.958250825082508140e+00 -1.160875369244792488e+01
-3.957645764576457559e+00 -1.160708499261925120e+01
-3.957040704070406978e+00 -1.160541629775831396e+01
-3.956435643564356397e+00 -1.160374760788338300e+01
-3.955830583058305816e+00 -1.160207892301274057e+01
-3.955225522552255235e+00 -1.160041024316465652e+01
-3.954620462046204654e+00 -1.159874156835740600e+01
-3.954015401540154073e+00 -1.159707289860926593e+01
-3.953410341034103492e+00 -1.159540423393850084e+01
-3.952805280528052911e+00 -1.159373557436339652e+01
-3.952200220022002330e+00 -1.159206691990222282e+01
-3.951595159515951750e+00 -1.159039827057324956e+01
-3.950990099009901169e+00 -1.158872962639475901e+01
-3.950385038503850588e+00 -1.158706098738501922e+01
-3.949779977997799563e+00 -1.158539235356230890e+01
-3.949174917491748982e+00 -1.158372372494489788e+01
-3.948569856985698401e+00 -1.158205510155106310e+01
-3.947964796479647820e+00 -1.158038648339907795e+01
-3.947359735973597239e+00 -1.157871787050721935e+01
-3.946754675467546658e+00 -1.157704926289375713e+01
-3.946149614961496077e+00 -1.157538066057696824e+01
-3.945544554455445496e+00 -1.157371206357512605e+01
-3.944939493949394915e+00 -1.157204347190650751e+01
-3.944334433443344334e+00 -1.157037488558938421e+01
-3.943729372937293753e+00 -1.156870630464202421e+01
-3.943124312431243172e+00 -1.156703772908271510e+01
-3.942519251925192592e+00 -1.156536915892972139e+01
-3.941914191419142011e+00 -1.156370059420132002e+01
-3.941309130913091430e+00 -1.156203203491578613e+01
-3.940704070407040849e+00 -1.156036348109139311e+01
-3.940099009900990268e+00 -1.155869493274641258e+01
-3.939493949394939687e+00 -1.155702638989912501e+01
-3.938888888888889106e+00 -1.155535785256780201e+01
-3.938283828382838081e+00 -1.155368932077071342e+01
-3.937678767876787500e+00 -1.155202079452613617e+01
-3.937073707370736919e+00 -1.155035227385234720e+01
-3.936468646864686338e+00 -1.154868375876761988e+01
-3.935863586358635757e+00 -1.154701524929022582e+01
-3.935258525852585176e+00 -1.154534674543844197e+01
-3.934653465346534595e+00 -1.154367824723054170e+01
-3.934048404840484014e+00 -1.154200975468479839e+01
-3.933443344334433434e+00 -1.154034126781949077e+01
-3.932838283828382853e+00 -1.153867278665288154e+01
-3.932233223322332272e+00 -1.153700431120326009e+01
-3.931628162816281691e+00 -1.153533584148888913e+01
-3.931023102310231110e+00 -1.153366737752804738e+01
-3.930418041804180529e+00 -1.153199891933900822e+01
-3.929812981298129948e+00 -1.153033046694004859e+01
-3.929207920792079367e+00 -1.152866202034943832e+01
-3.928602860286028786e+00 -1.152699357958545612e+01
-3.927997799779978205e+00 -1.152532514466637004e+01
-3.927392739273927624e+00 -1.152365671561046412e+01
-3.926787678767876599e+00 -1.152198829243600109e+01
-3.926182618261826018e+00 -1.152031987516126144e+01
-3.925577557755775437e+00 -1.151865146380452209e+01
-3.924972497249724857e+00 -1.151698305838404934e+01
-3.924367436743674276e+00 -1.151531465891812722e+01
-3.923762376237623695e+00 -1.151364626542502023e+01
-3.923157315731573114e+00 -1.151197787792301064e+01
-3.922552255225522533e+00 -1.151030949643036827e+01
-3.921947194719471952e+00 -1.150864112096537184e+01
-3.921342134213421371e+00 -1.150697275154628940e+01
-3.920737073707370790e+00 -1.150530438819139611e+01
-3.920132013201320209e+00 -1.150363603091896714e+01
-3.919526952695269628e+00 -1.150196767974728118e+01
-3.918921892189219047e+00 -1.150029933469460808e+01
-3.918316831683168466e+00 -1.149863099577922299e+01
-3.917711771177117885e+00 -1.149696266301939751e+01
-3.917106710671067304e+00 -1.149529433643340859e+01
-3.916501650165016724e+00 -1.149362601603953493e+01
-3.915896589658965699e+00 -1.149195770185604459e+01
-3.915291529152915118e+00 -1.149028939390121096e+01
-3.914686468646864537e+00 -1.148862109219331096e+01
-3.914081408140813956e+00 -1.148695279675061798e+01
-3.913476347634763375e+00 -1.148528450759141073e+01
-3.912871287128712794e+00 -1.148361622473395727e+01
-3.912266226622662213e+00 -1.148194794819653453e+01
-3.911661166116611632e+00 -1.148027967799741766e+01
-3.911056105610561051e+00 -1.147861141415487474e+01
-3.910451045104510470e+00 -1.147694315668718978e+01
-3.909845984598459889e+00 -1.147527490561263086e+01
-3.909240924092409308e+00 -1.147360666094947490e+01
-3.908635863586358727e+00 -1.147193842271599173e+01
-3.908030803080308146e+00 -1.147027019093046007e+01
-3.907425742574257566e+00 -1.146860196561115508e+01
-3.906820682068206985e+00 -1.146693374677634658e+01
-3.906215621562156404e+00 -1.146526553444430974e+01
-3.905610561056105823e+00 -1.146359732863332148e+01
-3.905005500550054798e+00 -1.146192912936165342e+01
-3.904400440044004217e+00 -1.146026093664758072e+01
-3.903795379537953636e+00 -1.145859275050938031e+01
-3.903190319031903055e+00 -1.145692457096532202e+01
-3.902585258525852474e+00 -1.145525639803368101e+01
-3.901980198019801893e+00 -1.145358823173273422e+01
-3.901375137513751312e+00 -1.145192007208075324e+01
-3.900770077007700731e+00 -1.145025191909601681e+01
-3.900165016501650150e+00 -1.144858377279679118e+01
-3.899559955995599569e+00 -1.144691563320136041e+01
-3.898954895489548989e+00 -1.144524750032798721e+01
-3.898349834983498408e+00 -1.144357937419495386e+01
-3.897744774477447827e+00 -1.144191125482053373e+01
-3.897139713971397246e+00 -1.144024314222300198e+01
-3.896534653465346665e+00 -1.143857503642062490e+01
-3.895929592959296084e+00 -1.143690693743168652e+01
-3.895324532453245503e+00 -1.143523884527445666e+01
-3.894719471947194922e+00 -1.143357075996721406e+01
-3.894114411441144341e+00 -1.143190268152822675e+01
-3.893509350935093316e+00 -1.143023460997576812e+01
-3.892904290429042735e+00 -1.142856654532811866e+01
-3.892299229922992154e+00 -1.142689848760354820e+01
-3.891694169416941573e+00 -1.142523043682033546e+01
-3.891089108910890992e+00 -1.142356239299674669e+01
-3.890484048404840411e+00 -1.142189435615106241e+01
-3.889878987898789831e+00 -1.142022632630156309e+01
-3.889273927392739250e+00 -1.141855830346650436e+01
-3.888668866886688669e+00 -1.141689028766417913e+01
-3.888063806380638088e+00 -1.141522227891285191e+01
-3.887458745874587507e+00 -1.141355427723079963e+01
-3.886853685368536926e+00 -1.141188628263629390e+01
-3.886248624862486345e+00 -1.141021829514761166e+01
-3.885643564356435764e+00 -1.140855031478302450e+01
-3.885038503850385183e+00 -1.140688234156081293e+01
-3.884433443344334602e+00 -1.140521437549924677e+01
-3.883828382838284021e+00 -1.140354641661659940e+01
-3.883223322332233440e+00 -1.140187846493114598e+01
-3.882618261826182859e+00 -1.140021052046115990e+01
-3.882013201320131834e+00 -1.139854258322491631e+01
-3.881408140814081253e+00 -1.139687465324068683e+01
-3.880803080308030673e+00 -1.139520673052675370e+01
-3.880198019801980092e+00 -1.139353881510138322e+01
-3.879592959295929511e+00 -1.139187090698285587e+01
-3.878987898789878930e+00 -1.139020300618943793e+01
-3.878382838283828349e+00 -1.138853511273940988e+01
-3.877777777777777768e+00 -1.138686722665104689e+01
-3.877172717271727187e+00 -1.138519934794261346e+01
-3.876567656765676606e+00 -1.138353147663239540e+01
-3.875962596259626025e+00 -1.138186361273866076e+01
-3.875357535753575444e+00 -1.138019575627969004e+01
-3.874752475247524863e+00 -1.137852790727374597e+01
-3.874147414741474282e+00 -1.137686006573911435e+01
-3.873542354235423701e+00 -1.137519223169406146e+01
-3.872937293729373120e+00 -1.137352440515686780e+01
-3.872332233223322540e+00 -1.137185658614580319e+01
-3.871727172717271515e+00 -1.137018877467914102e+01
-3.871122112211220934e+00 -1.136852097077516177e+01
-3.870517051705170353e+00 -1.136685317445213528e+01
-3.869911991199119772e+00 -1.136518538572833492e+01
-3.869306930693069191e+00 -1.136351760462203409e+01
-3.868701870187018610e+00 -1.136184983115151326e+01
-3.868096809680968029e+00 -1.136018206533504049e+01
-3.867491749174917448e+00 -1.135851430719089628e+01
-3.866886688668866867e+00 -1.135684655673734511e+01
-3.866281628162816286e+00 -1.135517881399266571e+01
-3.865676567656765705e+00 -1.135351107897514034e+01
-3.865071507150715124e+00 -1.135184335170302816e+01
-3.864466446644664543e+00 -1.135017563219461678e+01
-3.863861386138613963e+00 -1.134850792046817602e+01
-3.863256325632563382e+00 -1.134684021654197750e+01
-3.862651265126512801e+00 -1.134517252043429814e+01
-3.862046204620462220e+00 -1.134350483216340955e+01
-3.861441144114411639e+00 -1.134183715174759222e+01
-3.860836083608361058e+00 -1.134016947920511242e+01
-3.860231023102310033e+00 -1.133850181455424355e+01
-3.859625962596259452e+00 -1.133683415781327142e+01
-3.859020902090208871e+00 -1.133516650900046407e+01
-3.858415841584158290e+00 -1.133349886813409135e+01
-3.857810781078107709e+00 -1.133183123523243019e+01
-3.857205720572057128e+00 -1.133016361031375752e+01
-3.856600660066006547e+00 -1.132849599339634494e+01
-3.855995599559955966e+00 -1.132682838449846940e+01
-3.855390539053905385e+00 -1.132516078363839895e+01
-3.854785478547854805e+00 -1.132349319083441408e+01
-3.854180418041804224e+00 -1.132182560610478816e+01
-3.853575357535753643e+00 -1.132015802946779459e+01
-3.852970297029703062e+00 -1.131849046094170497e+01
-3.852365236523652481e+00 -1.131682290054479623e+01
-3.851760176017601900e+00 -1.131515534829534353e+01
-3.851155115511551319e+00 -1.131348780421162026e+01
-3.850550055005500738e+00 -1.131182026831189980e+01
-3.849944994499450157e+00 -1.131015274061445552e+01
-3.849339933993399576e+00 -1.130848522113756438e+01
-3.848734873487348551e+00 -1.130681770989949619e+01
-3.848129812981297970e+00 -1.130515020691853323e+01
-3.847524752475247389e+00 -1.130348271221293999e+01
-3.846919691969196808e+00 -1.130181522580099873e+01
-3.846314631463146227e+00 -1.130014774770097752e+01
-3.845709570957095647e+00 -1.129848027793115683e+01
-3.845104510451045066e+00 -1.129681281650980473e+01
-3.844499449944994485e+00 -1.129514536345520170e+01
-3.843894389438943904e+00 -1.129347791878561758e+01
-3.843289328932893323e+00 -1.129181048251932395e+01
-3.842684268426842742e+00 -1.129014305467460311e+01
-3.842079207920792161e+00 -1.128847563526972309e+01
-3.841474147414741580e+00 -1.128680822432295905e+01
-3.840869086908690999e+00 -1.128514082185258793e+01
-3.840264026402640418e+00 -1.128347342787688135e+01
-3.839658965896589837e+00 -1.128180604241411622e+01
-3.839053905390539256e+00 -1.128013866548256416e+01
-3.838448844884488231e+00 -1.127847129710049856e+01
-3.837843784378438095e+00 -1.127680393728619634e+01
-3.837238723872387069e+00 -1.127513658605792735e+01
-3.836633663366336489e+00 -1.127346924343397561e+01
-3.836028602860285908e+00 -1.127180190943260740e+01
-3.835423542354235327e+00 -1.127013458407209257e+01
-3.834818481848184746e+00 -1.126846726737071691e+01
-3.834213421342134165e+00 -1.126679995934675027e+01
-3.833608360836083584e+00 -1.126513266001846247e+01
-3.833003300330033003e+00 -1.126346536940413223e+01
-3.832398239823982422e+00 -1.126179808752203293e+01
-3.831793179317931841e+00 -1.126013081439043617e+01
-3.831188118811881260e+00 -1.125846355002761889e+01
-3.830583058305830679e+00 -1.125679629445185803e+01
-3.829977997799780098e+00 -1.125512904768142342e+01
-3.829372937293729517e+00 -1.125346180973459020e+01
-3.828767876787678937e+00 -1.125179458062963178e+01
-3.828162816281628356e+00 -1.125012736038482508e+01
-3.827557755775577775e+00 -1.124846014901843994e+01
-3.826952695269526750e+00 -1.124679294654875505e+01
-3.826347634763476169e+00 -1.124512575299404560e+01
-3.825742574257425588e+00 -1.124345856837258317e+01
-3.825137513751375007e+00 -1.124179139270264116e+01
-3.824532453245324426e+00 -1.124012422600249472e+01
-3.823927392739273845e+00 -1.123845706829041724e+01
-3.823322332233223264e+00 -1.123678991958468920e+01
-3.822717271727172683e+00 -1.123512277990357333e+01
-3.822112211221122102e+00 -1.123345564926535189e+01
-3.821507150715071521e+00 -1.123178852768829650e+01
-3.820902090209020940e+00 -1.123012141519068585e+01
-3.820297029702970359e+00 -1.122845431179078801e+01
-3.819691969196919779e+00 -1.122678721750688169e+01
-3.819086908690869198e+00 -1.122512013235723671e+01
-3.818481848184818617e+00 -1.122345305636013180e+01
-3.817876787678768036e+00 -1.122178598953384032e+01
-3.817271727172717455e+00 -1.122011893189663034e+01
-3.816666666666666874e+00 -1.121845188346678768e+01
-3.816061606160616293e+00 -1.121678484426257505e+01
-3.815456545654565268e+00 -1.121511781430227472e+01
-3.814851485148514687e+00 -1.121345079360415653e+01
-3.814246424642464106e+00 -1.121178378218649563e+01
-3.813641364136413525e+00 -1.121011678006756895e+01
-3.813036303630362944e+00 -1.120844978726564811e+01
-3.812431243124312363e+00 -1.120678280379900649e+01
-3.811826182618261782e+00 -1.120511582968592101e+01
-3.811221122112211201e+00 -1.120344886494466685e+01
-3.810616061606160621e+00 -1.120178190959351561e+01
-3.810011001100110040e+00 -1.120011496365073711e+01
-3.809405940594059459e+00 -1.119844802713461185e+01
-3.808800880088008878e+00 -1.119678110006341853e+01
-3.808195819581958297e+00 -1.119511418245541812e+01
-3.807590759075907716e+00 -1.119344727432889641e+01
-3.806985698569857135e+00 -1.119178037570212325e+01
-3.806380638063806554e+00 -1.119011348659337379e+01
-3.805775577557755973e+00 -1.118844660702091787e+01
-3.805170517051705392e+00 -1.118677973700303774e+01
-3.804565456545654811e+00 -1.118511287655800146e+01
-3.803960396039603786e+00 -1.118344602570408597e+01
-3.803355335533553205e+00 -1.118177918445956287e+01
-3.802750275027502624e+00 -1.118011235284270910e+01
-3.802145214521452043e+00 -1.117844553087179627e+01
-3.801540154015401463e+00 -1.117677871856510485e+01
-3.800935093509350882e+00 -1.117511191594090292e+01
-3.800330033003300301e+00 -1.117344512301746562e+01
-3.799724972497249720e+00 -1.117177833981306811e+01
-3.799119911991199139e+00 -1.117011156634598379e+01
-3.798514851485148558e+00 -1.116844480263448780e+01
-3.797909790979097977e+00 -1.116677804869685708e+01
-3.797304730473047396e+00 -1.116511130455136147e+01
-3.796699669966996815e+00 -1.116344457021627434e+01
-3.796094609460946234e+00 -1.116177784570987974e+01
-3.795489548954895653e+00 -1.116011113105043862e+01
-3.794884488448845072e+00 -1.115844442625623145e+01
-3.794279427942794491e+00 -1.115677773134553163e+01
-3.793674367436743466e+00 -1.115511104633661610e+01
-3.793069306930692886e+00 -1.115344437124775645e+01
-3.792464246424642305e+00 -1.115177770609722607e+01
-3.791859185918591724e+00 -1.115011105090330190e+01
-3.791254125412541143e+00 -1.114844440568425910e+01
-3.790649064906490562e+00 -1.114677777045836571e+01
-3.790044004400439981e+00 -1.114511114524389868e+01
-3.789438943894389400e+00 -1.114344453005913849e+01
-3.788833883388338819e+00 -1.114177792492234964e+01
-3.788228822882288238e+00 -1.114011132985181618e+01
-3.787623762376237657e+00 -1.113844474486580616e+01
-3.787018701870187076e+00 -1.113677816998258940e+01
-3.786413641364136495e+00 -1.113511160522045351e+01
-3.785808580858085914e+00 -1.113344505059766298e+01
-3.785203520352035333e+00 -1.113177850613249298e+01
-3.784598459845984753e+00 -1.113011197184321688e+01
-3.783993399339934172e+00 -1.112844544774811517e+01
-3.783388338833883591e+00 -1.112677893386545236e+01
-3.782783278327833010e+00 -1.112511243021351248e+01
-3.782178217821781985e+00 -1.112344593681056182e+01
-3.781573157315731404e+00 -1.112177945367488086e+01
-3.780968096809680823e+00 -1.112011298082474120e+01
-3.780363036303630242e+00 -1.111844651827841624e+01
-3.779757975797579661e+00 -1.111678006605418112e+01
-3.779152915291529080e+00 -1.111511362417031101e+01
-3.778547854785478499e+00 -1.111344719264507930e+01
-3.777942794279427918e+00 -1.111178077149675580e+01
-3.777337733773377337e+00 -1.111011436074362102e+01
-3.776732673267326756e+00 -1.110844796040395011e+01
-3.776127612761276175e+00 -1.110678157049601467e+01
-3.775522552255225595e+00 -1.110511519103808453e+01
-3.774917491749175014e+00 -1.110344882204844197e+01
-3.774312431243124433e+00 -1.110178246354535680e+01
-3.773707370737073852e+00 -1.110011611554710065e+01
-3.773102310231023271e+00 -1.109844977807195576e+01
-3.772497249724972690e+00 -1.109678345113818843e+01
-3.771892189218922109e+00 -1.109511713476407557e+01
-3.771287128712871528e+00 -1.109345082896789592e+01
-3.770682068206820503e+00 -1.109178453376791396e+01
-3.770077007700769922e+00 -1.109011824918241551e+01
-3.769471947194719341e+00 -1.108845197522966330e+01
-3.768866886688668760e+00 -1.108678571192793960e+01
-3.768261826182618179e+00 -1.108511945929551956e+01
-3.767656765676567598e+00 -1.108345321735066946e+01
-3.767051705170517018e+00 -1.108178698611167157e+01
-3.766446644664466437e+00 -1.108012076559679571e+01
-3.765841584158415856e+00 -1.107845455582431526e+01
-3.765236523652365275e+00 -1.107678835681251073e+01
-3.764631463146314694e+00 -1.107512216857964482e+01
-3.764026402640264113e+00 -1.107345599114400692e+01
-3.763421342134213532e+00 -1.107178982452385974e+01
-3.762816281628162951e+00 -1.107012366873748199e+01
-3.762211221122112370e+00 -1.106845752380314707e+01
-3.761606160616061789e+00 -1.106679138973912657e+01
-3.761001100110011208e+00 -1.106512526656370099e+01
-3.760396039603960627e+00 -1.106345915429514193e+01
-3.759790979097910046e+00 -1.106179305295171922e+01
-3.759185918591859021e+00 -1.106012696255171157e+01
-3.758580858085808440e+00 -1.105846088311339059e+01
-3.757975797579757860e+00 -1.105679481465503500e+01
-3.757370737073707279e+00 -1.105512875719491639e+01
-3.756765676567656698e+00 -1.105346271075130815e+01
-3.756160616061606117e+00 -1.105179667534248189e+01
-3.755555555555555536e+00 -1.105013065098672165e+01
-3.754950495049504955e+00 -1.104846463770229015e+01
-3.754345434543454374e+00 -1.104679863550746788e+01
-3.753740374037403793e+00 -1.104513264442052822e+01
-3.753135313531353212e+00 -1.104346666445974456e+01
-3.752530253025302631e+00 -1.104180069564339206e+01
-3.751925192519252050e+00 -1.104013473798974587e+01
-3.751320132013201469e+00 -1.103846879151707938e+01
-3.750715071507150888e+00 -1.103680285624366597e+01
-3.750110011001100307e+00 -1.103513693218777725e+01
-3.749504950495049727e+00 -1.103347101936769192e+01
-3.748899889988998702e+00 -1.103180511780168160e+01
-3.748294829482948565e+00 -1.103013922750802500e+01
-3.747689768976897540e+00 -1.102847334850498839e+01
-3.747084708470846959e+00 -1.102680748081085582e+01
-3.746479647964796378e+00 -1.102514162444389356e+01
-3.745874587458745797e+00 -1.102347577942238033e+01
-3.745269526952695216e+00 -1.102180994576458772e+01
-3.744664466446644635e+00 -1.102014412348879091e+01
-3.744059405940594054e+00 -1.101847831261326505e+01
-3.743454345434543473e+00 -1.101681251315628174e+01
-3.742849284928492892e+00 -1.101514672513612147e+01
-3.742244224422442311e+00 -1.101348094857105053e+01
-3.741639163916391730e+00 -1.101181518347934940e+01
-3.741034103410341149e+00 -1.101014942987928436e+01
-3.740429042904290569e+00 -1.100848368778913766e+01
-3.739823982398239988e+00 -1.100681795722718270e+01
-3.739218921892189407e+00 -1.100515223821169286e+01
-3.738613861386138826e+00 -1.100348653076093619e+01
-3.738008800880088245e+00 -1.100182083489319673e+01
-3.737403740374037220e+00 -1.100015515062674254e+01
-3.736798679867986639e+00 -1.099848947797984522e+01
-3.736193619361936058e+00 -1.099682381697079059e+01
-3.735588558855885477e+00 -1.099515816761784137e+01
-3.734983498349834896e+00 -1.099349252993927628e+01
-3.734378437843784315e+00 -1.099182690395337225e+01
-3.733773377337733734e+00 -1.099016128967839734e+01
-3.733168316831683153e+00 -1.098849568713262848e+01
-3.732563256325632572e+00 -1.098683009633434260e+01
-3.731958195819581992e+00 -1.098516451730180776e+01
-3.731353135313531411e+00 -1.098349895005330801e+01
-3.730748074807480830e+00 -1.098183339460711139e+01
-3.730143014301430249e+00 -1.098016785098148773e+01
-3.729537953795379668e+00 -1.097850231919472108e+01
-3.728932893289329087e+00 -1.097683679926507772e+01
-3.728327832783278506e+00 -1.097517129121083634e+01
-3.727722772277227925e+00 -1.097350579505026857e+01
-3.727117711771176900e+00 -1.097184031080164779e+01
-3.726512651265126763e+00 -1.097017483848325270e+01
-3.725907590759075738e+00 -1.096850937811335669e+01
-3.725302530253025157e+00 -1.096684392971022959e+01
-3.724697469746974576e+00 -1.096517849329214833e+01
-3.724092409240923995e+00 -1.096351306887738986e+01
-3.723487348734873414e+00 -1.096184765648422399e+01
-3.722882288228822834e+00 -1.096018225613092767e+01
-3.722277227722772253e+00 -1.095851686783577073e+01
-3.721672167216721672e+00 -1.095685149161703720e+01
-3.721067106710671091e+00 -1.095518612749299159e+01
-3.720462046204620510e+00 -1.095352077548191083e+01
-3.719856985698569929e+00 -1.095185543560207364e+01
-3.719251925192519348e+00 -1.095019010787174629e+01
-3.718646864686468767e+00 -1.094852479230921105e+01
-3.718041804180418186e+00 -1.094685948893273597e+01
-3.717436743674367605e+00 -1.094519419776059976e+01
-3.716831683168317024e+00 -1.094352891881107404e+01
-3.716226622662266443e+00 -1.094186365210243395e+01
-3.715621562156215418e+00 -1.094019839765294932e+01
-3.715016501650165281e+00 -1.093853315548090244e+01
-3.714411441144114256e+00 -1.093686792560456311e+01
-3.713806380638063676e+00 -1.093520270804220473e+01
-3.713201320132013095e+00 -1.093353750281210779e+01
-3.712596259625962514e+00 -1.093187230993253500e+01
-3.711991199119911933e+00 -1.093020712942177042e+01
-3.711386138613861352e+00 -1.092854196129808564e+01
-3.710781078107810771e+00 -1.092687680557975405e+01
-3.710176017601760190e+00 -1.092521166228505258e+01
-3.709570957095709609e+00 -1.092354653143225107e+01
-3.708965896589659028e+00 -1.092188141303962645e+01
-3.708360836083608447e+00 -1.092021630712545033e+01
-3.707755775577557866e+00 -1.091855121370800319e+01
-3.707150715071507285e+00 -1.091688613280555131e+01
-3.706545654565456704e+00 -1.091522106443637519e+01
-3.705940594059406124e+00 -1.091355600861874109e+01
-3.705335533553355543e+00 -1.091189096537093661e+01
-3.704730473047304962e+00 -1.091022593471122093e+01
-3.704125412541253937e+00 -1.090856091665788163e+01
-3.703520352035203800e+00 -1.090689591122918323e+01
-3.702915291529152775e+00 -1.090523091844340264e+01
-3.702310231023102194e+00 -1.090356593831881860e+01
-3.701705170517051613e+00 -1.090190097087369736e+01
-3.701100110011001032e+00 -1.090023601612632120e+01
-3.700495049504950451e+00 -1.089857107409496173e+01
-3.699889988998899870e+00 -1.089690614479789055e+01
-3.699284928492849289e+00 -1.089524122825338281e+01
-3.698679867986798708e+00 -1.089357632447971369e+01
-3.698074807480748127e+00 -1.089191143349515833e+01
-3.697469746974697546e+00 -1.089024655531799013e+01
-3.696864686468646966e+00 -1.088858168996648246e+01
-3.696259625962596385e+00 -1.088691683745890870e+01
-3.695654565456545804e+00 -1.088525199781354402e+01
-3.695049504950495223e+00 -1.088358717104866891e+01
-3.694444444444444642e+00 -1.088192235718254786e+01
-3.693839383938394061e+00 -1.088025755623345603e+01
-3.693234323432343480e+00 -1.087859276821967747e+01
-3.692629262926292455e+00 -1.087692799315947667e+01
-3.692024202420241874e+00 -1.087526323107112880e+01
-3.691419141914191293e+00 -1.087359848197291257e+01
-3.690814081408140712e+00 -1.087193374588310135e+01
-3.690209020902090131e+00 -1.087026902281996854e+01
-3.689603960396039550e+00 -1.086860431280178574e+01
-3.688998899889988969e+00 -1.086693961584682810e+01
-3.688393839383938388e+00 -1.086527493197337435e+01
-3.687788778877887808e+00 -1.086361026119969253e+01
-3.687183718371837227e+00 -1.086194560354406136e+01
-3.686578657865786646e+00 -1.086028095902475066e+01
-3.685973597359736065e+00 -1.085861632766004270e+01
-3.685368536853685484e+00 -1.085695170946820198e+01
-3.684763476347634903e+00 -1.085528710446750900e+01
-3.684158415841584322e+00 -1.085362251267623712e+01
-3.683553355335533741e+00 -1.085195793411265797e+01
-3.682948294829483160e+00 -1.085029336879505202e+01
-3.682343234323432135e+00 -1.084862881674168378e+01
-3.681738173817381998e+00 -1.084696427797083551e+01
-3.681133113311330973e+00 -1.084529975250077527e+01
-3.680528052805280392e+00 -1.084363524034978532e+01
-3.679922992299229811e+00 -1.084197074153613372e+01
-3.679317931793179230e+00 -1.084030625607809739e+01
-3.678712871287128650e+00 -1.083864178399394795e+01
-3.678107810781078069e+00 -1.083697732530196234e+01
-3.677502750275027488e+00 -1.083531288002041393e+01
-3.676897689768976907e+00 -1.083364844816757433e+01
-3.676292629262926326e+00 -1.083198402976172403e+01
-3.675687568756875745e+00 -1.083031962482113109e+01
-3.675082508250825164e+00 -1.082865523336407243e+01
-3.674477447744774583e+00 -1.082699085540881967e+01
-3.673872387238724002e+00 -1.082532649097365507e+01
-3.673267326732673421e+00 -1.082366214007683958e+01
-3.672662266226622840e+00 -1.082199780273666256e+01
-3.672057205720572259e+00 -1.082033347897138853e+01
-3.671452145214521678e+00 -1.081866916879929086e+01
-3.670847084708470653e+00 -1.081700487223864648e+01
-3.670242024202420517e+00 -1.081534058930773590e+01
-3.669636963696369492e+00 -1.081367632002482182e+01
-3.669031903190318911e+00 -1.081201206440818474e+01
-3.668426842684268330e+00 -1.081034782247609982e+01
-3.667821782178217749e+00 -1.080868359424684222e+01
-3.667216721672167168e+00 -1.080701937973867999e+01
-3.666611661166116587e+00 -1.080535517896989184e+01
-3.666006600660066006e+00 -1.080369099195875648e+01
-3.665401540154015425e+00 -1.080202681872353665e+01
-3.664796479647964844e+00 -1.080036265928251282e+01
-3.664191419141914263e+00 -1.079869851365396016e+01
-3.663586358635863682e+00 -1.079703438185615560e+01
-3.662981298129813101e+00 -1.079537026390736720e+01
-3.662376237623762520e+00 -1.079370615982587367e+01
-3.661771177117711940e+00 -1.079204206962994483e+01
-3.661166116611661359e+00 -1.079037799333785763e+01
-3.660561056105610778e+00 -1.078871393096788900e+01
-3.659955995599560197e+00 -1.078704988253830876e+01
-3.659350935093509172e+00 -1.078538584806739031e+01
-3.658745874587458591e+00 -1.078372182757341591e+01
-3.658140814081408010e+00 -1.078205782107465005e+01
-3.657535753575357429e+00 -1.078039382858937145e+01
-3.656930693069306848e+00 -1.077872985013585350e+01
-3.656325632563256267e+00 -1.077706588573237134e+01
-3.655720572057205686e+00 -1.077540193539720370e+01
-3.655115511551155105e+00 -1.077373799914861685e+01
-3.654510451045104524e+00 -1.077207407700488773e+01
-3.653905390539053943e+00 -1.077041016898429149e+01
-3.653300330033003362e+00 -1.076874627510510329e+01
-3.652695269526952782e+00 -1.076708239538559475e+01
-3.652090209020902201e+00 -1.076541852984404102e+01
-3.651485148514851620e+00 -1.076375467849871548e+01
-3.650880088008801039e+00 -1.076209084136789684e+01
-3.650275027502750458e+00 -1.076042701846985494e+01
-3.649669966996699877e+00 -1.075876320982286671e+01
-3.649064906490649296e+00 -1.075709941544520198e+01
-3.648459845984598715e+00 -1.075543563535513947e+01
-3.647854785478547690e+00 -1.075377186957095255e+01
-3.647249724972497109e+00 -1.075210811811091105e+01
-3.646644664466446528e+00 -1.075044438099329547e+01
-3.646039603960395947e+00 -1.074878065823637741e+01
-3.645434543454345366e+00 -1.074711694985843380e+01
-3.644829482948294785e+00 -1.074545325587773625e+01
-3.644224422442244204e+00 -1.074378957631255638e+01
-3.643619361936193624e+00 -1.074212591118117111e+01
-3.643014301430143043e+00 -1.074046226050185737e+01
-3.642409240924092462e+00 -1.073879862429288323e+01
-3.641804180418041881e+00 -1.073713500257252917e+01
-3.641199119911991300e+00 -1.073547139535906503e+01
-3.640594059405940719e+00 -1.073380780267076773e+01
-3.639988998899890138e+00 -1.073214422452591066e+01
-3.639383938393839557e+00 -1.073048066094276720e+01
-3.638778877887788976e+00 -1.072881711193961429e+01
-3.638173817381738395e+00 -1.072715357753472176e+01
-3.637568756875687370e+00 -1.072549005774636655e+01
-3.636963696369637233e+00 -1.072382655259282558e+01
-3.636358635863586208e+00 -1.072216306209236514e+01
-3.635753575357535627e+00 -1.072049958626326749e+01
-3.635148514851485047e+00 -1.071883612512380246e+01
-3.634543454345434466e+00 -1.071717267869224699e+01
-3.633938393839383885e+00 -1.071550924698687268e+01
-3.633333333333333304e+00 -1.071384583002596180e+01
-3.632728272827282723e+00 -1.071218242782777352e+01
-3.632123212321232142e+00 -1.071051904041059366e+01
-3.631518151815181561e+00 -1.070885566779269382e+01
-3.630913091309130980e+00 -1.070719230999234739e+01
-3.630308030803080399e+00 -1.070552896702782952e+01
-3.629702970297029818e+00 -1.070386563891741361e+01
-3.629097909790979237e+00 -1.070220232567937302e+01
-3.628492849284928656e+00 -1.070053902733198292e+01
-3.627887788778878075e+00 -1.069887574389352203e+01
-3.627282728272827494e+00 -1.069721247538225661e+01
-3.626677667766776914e+00 -1.069554922181646539e+01
-3.626072607260725889e+00 -1.069388598321441819e+01
-3.625467546754675752e+00 -1.069222275959439905e+01
-3.624862486248624727e+00 -1.069055955097467425e+01
-3.624257425742574146e+00 -1.068889635737351540e+01
-3.623652365236523565e+00 -1.068723317880920831e+01
-3.623047304730472984e+00 -1.068557001530001571e+01
-3.622442244224422403e+00 -1.068390686686421809e+01
-3.621837183718371822e+00 -1.068224373352008705e+01
-3.621232123212321241e+00 -1.068058061528589953e+01
-3.620627062706270660e+00 -1.067891751217992535e+01
-3.620022002200220079e+00 -1.067725442422044146e+01
-3.619416941694169498e+00 -1.067559135142572302e+01
-3.618811881188118917e+00 -1.067392829381404162e+01
-3.618206820682068336e+00 -1.067226525140367777e+01
-3.617601760176017756e+00 -1.067060222421289595e+01
-3.616996699669967175e+00 -1.066893921225997843e+01
-3.616391639163916594e+00 -1.066727621556319328e+01
-3.615786578657866013e+00 -1.066561323414082096e+01
-3.615181518151815432e+00 -1.066395026801113310e+01
-3.614576457645764407e+00 -1.066228731719239953e+01
-3.613971397139713826e+00 -1.066062438170290605e+01
-3.613366336633663245e+00 -1.065896146156091184e+01
-3.612761276127612664e+00 -1.065729855678470273e+01
-3.612156215621562083e+00 -1.065563566739254675e+01
-3.611551155115511502e+00 -1.065397279340272263e+01
-3.610946094609460921e+00 -1.065230993483350197e+01
-3.610341034103410340e+00 -1.065064709170315638e+01
-3.609735973597359759e+00 -1.064898426402996634e+01
-3.609130913091309178e+00 -1.064732145183220169e+01
-3.608525852585258598e+00 -1.064565865512813758e+01
-3.607920792079208017e+00 -1.064399587393605096e+01
-3.607315731573157436e+00 -1.064233310827421164e+01
-3.606710671067106855e+00 -1.064067035816089479e+01
-3.606105610561056274e+00 -1.063900762361437913e+01
-3.605500550055005693e+00 -1.063734490465292915e+01
-3.604895489548955112e+00 -1.063568220129483066e+01
-3.604290429042904087e+00 -1.063401951355834996e+01
-3.603685368536853950e+00 -1.063235684146176574e+01
-3.603080308030802925e+00 -1.063069418502335139e+01
-3.602475247524752344e+00 -1.062903154426137675e+01
-3.601870187018701763e+00 -1.062736891919412230e+01
-3.601265126512651182e+00 -1.062570630983985787e+01
-3.600660066006600601e+00 -1.062404371621686217e+01
-3.600055005500550021e+00 -1.062238113834340680e+01
-3.599449944994499440e+00 -1.062071857623776161e+01
-3.598844884488448859e+00 -1.061905602991820885e+01
-3.598239823982398278e+00 -1.061739349940301658e+01
-3.597634763476347697e+00 -1.061573098471046350e+01
-3.597029702970297116e+00 -1.061406848585881768e+01
-3.596424642464246535e+00 -1.061240600286636493e+01
-3.595819581958195954e+00 -1.061074353575136620e+01
-3.595214521452145373e+00 -1.060908108453210374e+01
-3.594609460946094792e+00 -1.060741864922684918e+01
-3.594004400440044211e+00 -1.060575622985388122e+01
-3.593399339933993630e+00 -1.060409382643146436e+01
-3.592794279427942605e+00 -1.060243143897787732e+01
-3.592189218921892468e+00 -1.060076906751140058e+01
-3.591584158415841443e+00 -1.059910671205030219e+01
-3.590979097909790863e+00 -1.059744437261285910e+01
-3.590374037403740282e+00 -1.059578204921734113e+01
-3.589768976897689701e+00 -1.059411974188202521e+01
-3.589163916391639120e+00 -1.059245745062518829e+01
-3.588558855885588539e+00 -1.059079517546510019e+01
-3.587953795379537958e+00 -1.058913291642003962e+01
-3.587348734873487377e+00 -1.058747067350827464e+01
-3.586743674367436796e+00 -1.058580844674809107e+01
-3.586138613861386215e+00 -1.058414623615774808e+01
-3.585533553355335634e+00 -1.058248404175552793e+01
-3.584928492849285053e+00 -1.058082186355970400e+01
-3.584323432343234472e+00 -1.057915970158855323e+01
-3.583718371837183891e+00 -1.057749755586034546e+01
-3.583113311331133310e+00 -1.057583542639335761e+01
-3.582508250825082730e+00 -1.057417331320586129e+01
-3.581903190319032149e+00 -1.057251121631613167e+01
-3.581298129812981124e+00 -1.057084913574244744e+01
-3.580693069306930987e+00 -1.056918707150307668e+01
-3.580088008800879962e+00 -1.056752502361629809e+01
-3.579482948294829381e+00 -1.056586299210038327e+01
-3.578877887788778800e+00 -1.056420097697360916e+01
-3.578272827282728219e+00 -1.056253897825424382e+01
-3.577667766776677638e+00 -1.056087699596056773e+01
-3.577062706270627057e+00 -1.055921503011085427e+01
-3.576457645764576476e+00 -1.055755308072337151e+01
-3.575852585258525895e+00 -1.055589114781640347e+01
-3.575247524752475314e+00 -1.055422923140822000e+01
-3.574642464246424733e+00 -1.055256733151709447e+01
-3.574037403740374153e+00 -1.055090544816129672e+01
-3.573432343234323572e+00 -1.054924358135911433e+01
-3.572827282728272991e+00 -1.054758173112880471e+01
-3.572222222222222410e+00 -1.054591989748865544e+01
-3.571617161716171829e+00 -1.054425808045693636e+01
-3.571012101210121248e+00 -1.054259628005191729e+01
-3.570407040704070667e+00 -1.054093449629188051e+01
-3.569801980198019642e+00 -1.053927272919509228e+01
-3.569196919691969061e+00 -1.053761097877983488e+01
-3.568591859185918480e+00 -1.053594924506437280e+01
-3.567986798679867899e+00 -1.053428752806699364e+01
-3.567381738173817318e+00 -1.053262582780595835e+01
-3.566776677667766737e+00 -1.053096414429954919e+01
-3.566171617161716156e+00 -1.052930247756603599e+01
-3.565566556655665575e+00 -1.052764082762369391e+01
-3.564961496149614995e+00 -1.052597919449080166e+01
-3.564356435643564414e+00 -1.052431757818562730e+01
-3.563751375137513833e+00 -1.052265597872644598e+01
-3.563146314631463252e+00 -1.052099439613153642e+01
-3.562541254125412671e+00 -1.051933283041917200e+01
-3.561936193619362090e+00 -1.051767128160762255e+01
-3.561331133113311509e+00 -1.051600974971516500e+01
-3.560726072607260928e+00 -1.051434823476007629e+01
-3.560121012101210347e+00 -1.051268673676062448e+01
-3.559515951595159322e+00 -1.051102525573509006e+01
-3.558910891089109185e+00 -1.050936379170173929e+01
-3.558305830583058160e+00 -1.050770234467885800e+01
-3.557700770077007579e+00 -1.050604091468470713e+01
-3.557095709570956998e+00 -1.050437950173757251e+01
-3.556490649064906417e+00 -1.050271810585572396e+01
-3.555885588558855837e+00 -1.050105672705743309e+01
-3.555280528052805256e+00 -1.049939536536098039e+01
-3.554675467546754675e+00 -1.049773402078463036e+01
-3.554070407040704094e+00 -1.049607269334666881e+01
-3.553465346534653513e+00 -1.049441138306535848e+01
-3.552860286028602932e+00 -1.049275008995898695e+01
-3.552255225522552351e+00 -1.049108881404581339e+01
-3.551650165016501770e+00 -1.048942755534412186e+01
-3.551045104510451189e+00 -1.048776631387218394e+01
-3.550440044004400608e+00 -1.048610508964827837e+01
-3.549834983498350027e+00 -1.048444388269066962e+01
-3.549229922992299446e+00 -1.048278269301763999e+01
-3.548624862486248865e+00 -1.048112152064746105e+01
-3.548019801980197840e+00 -1.047946036559840799e+01
-3.547414741474147704e+00 -1.047779922788875417e+01
-3.546809680968096679e+00 -1.047613810753677122e+01
-3.546204620462046098e+00 -1.047447700456074138e+01
-3.545599559955995517e+00 -1.047281591897892739e+01
-3.544994499449944936e+00 -1.047115485080961506e+01
-3.544389438943894355e+00 -1.046949380007107422e+01
-3.543784378437843774e+00 -1.046783276678157293e+01
-3.543179317931793193e+00 -1.046617175095939523e+01
-3.542574257425742612e+00 -1.046451075262280739e+01
-3.541969196919692031e+00 -1.046284977179008990e+01
-3.541364136413641450e+00 -1.046118880847951260e+01
-3.540759075907590869e+00 -1.045952786270935242e+01
-3.540154015401540288e+00 -1.045786693449788451e+01
-3.539548954895489707e+00 -1.045620602386337694e+01
-3.538943894389439127e+00 -1.045454513082411019e+01
-3.538338833883388546e+00 -1.045288425539835764e+01
-3.537733773377337965e+00 -1.045122339760438912e+01
-3.537128712871287384e+00 -1.044956255746048335e+01
-3.536523652365236359e+00 -1.044790173498491548e+01
-3.535918591859185778e+00 -1.044624093019595712e+01
-3.535313531353135197e+00 -1.044458014311188343e+01
-3.534708470847084616e+00 -1.044291937375096779e+01
-3.534103410341034035e+00 -1.044125862213148181e+01
-3.533498349834983454e+00 -1.043959788827170776e+01
-3.532893289328932873e+00 -1.043793717218991013e+01
-3.532288228822882292e+00 -1.043627647390437119e+01
-3.531683168316831711e+00 -1.043461579343336254e+01
-3.531078107810781130e+00 -1.043295513079515580e+01
-3.530473047304730549e+00 -1.043129448600802966e+01
-3.529867986798679969e+00 -1.042963385909025398e+01
-3.529262926292629388e+00 -1.042797325006010567e+01
-3.528657865786578807e+00 -1.042631265893585812e+01
-3.528052805280528226e+00 -1.042465208573578472e+01
-3.527447744774477645e+00 -1.042299153047816240e+01
-3.526842684268427064e+00 -1.042133099318126099e+01
-3.526237623762376039e+00 -1.041967047386336098e+01
-3.525632563256325902e+00 -1.041800997254273575e+01
-3.525027502750274877e+00 -1.041634948923765158e+01
-3.524422442244224296e+00 -1.041468902396639074e+01
-3.523817381738173715e+00 -1.041302857674722482e+01
-3.523212321232123134e+00 -1.041136814759842544e+01
-3.522607260726072553e+00 -1.040970773653827131e+01
-3.522002200220021972e+00 -1.040804734358503403e+01
-3.521397139713971391e+00 -1.040638696875698876e+01
-3.520792079207920811e+00 -1.040472661207241245e+01
-3.520187018701870230e+00 -1.040306627354957314e+01
-3.519581958195819649e+00 -1.040140595320675132e+01
-3.518976897689769068e+00 -1.039974565106221505e+01
-3.518371837183718487e+00 -1.039808536713424481e+01
-3.517766776677667906e+00 -1.039642510144111043e+01
-3.517161716171617325e+00 -1.039476485400108885e+01
-3.516556655665566744e+00 -1.039310462483244990e+01
-3.515951595159516163e+00 -1.039144441395347584e+01
-3.515346534653465582e+00 -1.038978422138243118e+01
-3.514741474147414557e+00 -1.038812404713759818e+01
-3.514136413641364420e+00 -1.038646389123724845e+01
-3.513531353135313395e+00 -1.038480375369965181e+01
-3.512926292629262814e+00 -1.038314363454309053e+01
-3.512321232123212233e+00 -1.038148353378583266e+01
-3.511716171617161653e+00 -1.037982345144615692e+01
-3.511111111111111072e+00 -1.037816338754233136e+01
-3.510506050605060491e+00 -1.037650334209264180e+01
-3.509900990099009910e+00 -1.037484331511534563e+01
-3.509295929592959329e+00 -1.037318330662873045e+01
-3.508690869086908748e+00 -1.037152331665106431e+01
-3.508085808580858167e+00 -1.036986334520062769e+01
-3.507480748074807586e+00 -1.036820339229568688e+01
-3.506875687568757005e+00 -1.036654345795452237e+01
-3.506270627062706424e+00 -1.036488354219540220e+01
-3.505665566556655843e+00 -1.036322364503660864e+01
-3.505060506050605262e+00 -1.036156376649640976e+01
-3.504455445544554681e+00 -1.035990390659308069e+01
-3.503850385038504101e+00 -1.035824406534490016e+01
-3.503245324532453076e+00 -1.035658424277013268e+01
-3.502640264026402939e+00 -1.035492443888706227e+01
-3.502035203520351914e+00 -1.035326465371395877e+01
-3.501430143014301333e+00 -1.035160488726909911e+01
-3.500825082508250752e+00 -1.034994513957075135e+01
-3.500220022002200171e+00 -1.034828541063719598e+01
-3.499614961496149590e+00 -1.034662570048670815e+01
-3.499009900990099009e+00 -1.034496600913755771e+01
-3.498404840484048428e+00 -1.034330633660801979e+01
-3.497799779977997847e+00 -1.034164668291636957e+01
-3.497194719471947266e+00 -1.033998704808088043e+01
-3.496589658965896685e+00 -1.033832743211982574e+01
-3.495984598459846104e+00 -1.033666783505148423e+01
-3.495379537953795523e+00 -1.033500825689412572e+01
-3.494774477447744943e+00 -1.033334869766602537e+01
-3.494169416941694362e+00 -1.033168915738546190e+01
-3.493564356435643781e+00 -1.033002963607070157e+01
-3.492959295929592756e+00 -1.032837013374002133e+01
-3.492354235423542619e+00 -1.032671065041169811e+01
-3.491749174917491594e+00 -1.032505118610400885e+01
-3.491144114411441457e+00 -1.032339174083521804e+01
-3.490539053905390432e+00 -1.032173231462360796e+01
-3.489933993399339851e+00 -1.032007290748745021e+01
-3.489328932893289270e+00 -1.031841351944501817e+01
-3.488723872387238689e+00 -1.031675415051459055e+01
-3.488118811881188108e+00 -1.031509480071443186e+01
-3.487513751375137527e+00 -1.031343547006282790e+01
-3.486908690869086946e+00 -1.031177615857804497e+01
-3.486303630363036365e+00 -1.031011686627836532e+01
-3.485698569856985785e+00 -1.030845759318205346e+01
-3.485093509350935204e+00 -1.030679833930738809e+01
-3.484488448844884623e+00 -1.030513910467264616e+01
-3.483883388338834042e+00 -1.030347988929609571e+01
-3.483278327832783461e+00 -1.030182069319601723e+01
-3.482673267326732880e+00 -1.030016151639068056e+01
-3.482068206820682299e+00 -1.029850235889836263e+01
-3.481463146314631274e+00 -1.029684322073733682e+01
-3.480858085808581137e+00 -1.029518410192588007e+01
-3.480253025302530112e+00 -1.029352500248225866e+01
-3.479647964796479975e+00 -1.029186592242475484e+01
-3.479042904290428950e+00 -1.029020686177163491e+01
-3.478437843784378369e+00 -1.028854782054118466e+01
-3.477832783278327788e+00 -1.028688879875166862e+01
-3.477227722772277207e+00 -1.028522979642136548e+01
-3.476622662266226627e+00 -1.028357081356854863e+01
-3.476017601760176046e+00 -1.028191185021149145e+01
-3.475412541254125465e+00 -1.028025290636846911e+01
-3.474807480748074884e+00 -1.027859398205775676e+01
-3.474202420242024303e+00 -1.027693507729762246e+01
-3.473597359735973722e+00 -1.027527619210635024e+01
-3.472992299229923141e+00 -1.027361732650220461e+01
-3.472387238723872560e+00 -1.027195848050346960e+01
-3.471782178217821979e+00 -1.027029965412841328e+01
-3.471177117711771398e+00 -1.026864084739531080e+01
-3.470572057205720817e+00 -1.026698206032243377e+01
-3.469966996699669792e+00 -1.026532329292806267e+01
-3.469361936193619655e+00 -1.026366454523046734e+01
-3.468756875687568630e+00 -1.026200581724792471e+01
-3.468151815181518050e+00 -1.026034710899870639e+01
-3.467546754675467469e+00 -1.025868842050108576e+01
-3.466941694169416888e+00 -1.025702975177334153e+01
-3.466336633663366307e+00 -1.025537110283374176e+01
-3.465731573157315726e+00 -1.025371247370057048e+01
-3.465126512651265145e+00 -1.025205386439209043e+01
-3.464521452145214564e+00 -1.025039527492658387e+01
-3.463916391639163983e+00 -1.024873670532232062e+01
-3.463311331133113402e+00 -1.024707815559757762e+01
-3.462706270627062821e+00 -1.024541962577063003e+01
-3.462101210121012240e+00 -1.024376111585974769e+01
-3.461496149614961659e+00 -1.024210262588320752e+01
-3.460891089108911078e+00 -1.024044415585928647e+01
-3.460286028602860497e+00 -1.023878570580625258e+01
-3.459680968096809472e+00 -1.023712727574238457e+01
-3.459075907590759336e+00 -1.023546886568595760e+01
-3.458470847084708311e+00 -1.023381047565523971e+01
-3.457865786578658174e+00 -1.023215210566851319e+01
-3.457260726072607149e+00 -1.023049375574404252e+01
-3.456655665566556568e+00 -1.022883542590011174e+01
-3.456050605060505987e+00 -1.022717711615499248e+01
-3.455445544554455406e+00 -1.022551882652695632e+01
-3.454840484048404825e+00 -1.022386055703428198e+01
-3.454235423542354244e+00 -1.022220230769523575e+01
-3.453630363036303663e+00 -1.022054407852810343e+01
-3.453025302530253082e+00 -1.021888586955114597e+01
-3.452420242024202501e+00 -1.021722768078264565e+01
-3.451815181518151920e+00 -1.021556951224087584e+01
-3.451210121012101339e+00 -1.021391136394410992e+01
-3.450605060506050759e+00 -1.021225323591062306e+01
-3.450000000000000178e+00 -1.021059512815868686e+01
-3.449394939493949597e+00 -1.020893704070658359e+01
-3.448789878987899016e+00 -1.020727897357257419e+01
-3.448184818481847991e+00 -1.020562092677494270e+01
-3.447579757975797854e+00 -1.020396290033196252e+01
-3.446974697469746829e+00 -1.020230489426190346e+01
-3.446369636963696692e+00 -1.020064690858304601e+01
-3.445764576457645667e+00 -1.019898894331365646e+01
-3.445159515951595086e+00 -1.019733099847201530e+01
-3.444554455445544505e+00 -1.019567307407639589e+01
-3.443949394939493924e+00 -1.019401517014507519e+01
-3.443344334433443343e+00 -1.019235728669631946e+01
-3.442739273927392762e+00 -1.019069942374840565e+01
-3.442134213421342182e+00 -1.018904158131961601e+01
-3.441529152915291601e+00 -1.018738375942821150e+01
-3.440924092409241020e+00 -1.018572595809247971e+01
-3.440319031903190439e+00 -1.018406817733068337e+01
-3.439713971397139858e+00 -1.018241041716110296e+01
-3.439108910891089277e+00 -1.018075267760201186e+01
-3.438503850385038696e+00 -1.017909495867168523e+01
-3.437898789878988115e+00 -1.017743726038839469e+01
-3.437293729372937534e+00 -1.017577958277041716e+01
-3.436688668866886509e+00 -1.017412192583602426e+01
-3.436083608360836372e+00 -1.017246428960349292e+01
-3.435478547854785347e+00 -1.017080667409109829e+01
-3.434873487348735210e+00 -1.016914907931710665e+01
-3.434268426842684185e+00 -1.016749150529980206e+01
-3.433663366336633604e+00 -1.016583395205745433e+01
-3.433058305830583024e+00 -1.016417641960833684e+01
-3.432453245324532443e+00 -1.016251890797072477e+01
-3.431848184818481862e+00 -1.016086141716289681e+01
-3.431243124312431281e+00 -1.015920394720312103e+01
-3.430638063806380700e+00 -1.015754649810967081e+01
-3.430033003300330119e+00 -1.015588906990082485e+01
-3.429427942794279538e+00 -1.015423166259485654e+01
-3.428822882288228957e+00 -1.015257427621003927e+01
-3.428217821782178376e+00 -1.015091691076464642e+01
-3.427612761276127795e+00 -1.014925956627695669e+01
-3.427007700770077214e+00 -1.014760224276523637e+01
-3.426402640264026189e+00 -1.014594494024776417e+01
-3.425797579757976052e+00 -1.014428765874281524e+01
-3.425192519251925027e+00 -1.014263039826866653e+01
-3.424587458745874891e+00 -1.014097315884358963e+01
-3.423982398239823866e+00 -1.013931594048585261e+01
-3.423377337733773285e+00 -1.013765874321373417e+01
-3.422772277227722704e+00 -1.013600156704551480e+01
-3.422167216721672123e+00 -1.013434441199946079e+01
-3.421562156215621542e+00 -1.013268727809384728e+01
-3.420957095709570961e+00 -1.013103016534695300e+01
-3.420352035203520380e+00 -1.012937307377705132e+01
-3.419746974697469799e+00 -1.012771600340241029e+01
-3.419141914191419218e+00 -1.012605895424130864e+01
-3.418536853685368637e+00 -1.012440192631202152e+01
-3.417931793179318056e+00 -1.012274491963282053e+01
-3.417326732673267475e+00 -1.012108793422198083e+01
-3.416721672167216894e+00 -1.011943097009778114e+01
-3.416116611661166313e+00 -1.011777402727848596e+01
-3.415511551155115733e+00 -1.011611710578238466e+01
-3.414906490649064708e+00 -1.011446020562773462e+01
-3.414301430143014571e+00 -1.011280332683281991e+01
-3.413696369636963546e+00 -1.011114646941590856e+01
-3.413091309130913409e+00 -1.010948963339528639e+01
-3.412486248624862384e+00 -1.010783281878921436e+01
-3.411881188118811803e+00 -1.010617602561597117e+01
-3.411276127612761222e+00 -1.010451925389383732e+01
-3.410671067106710641e+00 -1.010286250364107907e+01
-3.410066006600660060e+00 -1.010120577487597338e+01
-3.409460946094609479e+00 -1.009954906761679716e+01
-3.408855885588558898e+00 -1.009789238188182026e+01
-3.408250825082508317e+00 -1.009623571768931782e+01
-3.407645764576457736e+00 -1.009457907505756857e+01
-3.407040704070407156e+00 -1.009292245400484056e+01
-3.406435643564356575e+00 -1.009126585454940717e+01
-3.405830583058305994e+00 -1.008960927670955421e+01
-3.405225522552255413e+00 -1.008795272050354264e+01
-3.404620462046204832e+00 -1.008629618594965294e+01
-3.404015401540154251e+00 -1.008463967306615849e+01
-3.403410341034103226e+00 -1.008298318187133447e+01
-3.402805280528053089e+00 -1.008132671238345779e+01
-3.402200220022002064e+00 -1.007967026462079119e+01
-3.401595159515951927e+00 -1.007801383860162225e+01
-3.400990099009900902e+00 -1.007635743434421371e+01
-3.400385038503850321e+00 -1.007470105186685316e+01
-3.399779977997799740e+00 -1.007304469118780332e+01
-3.399174917491749159e+00 -1.007138835232534468e+01
-3.398569856985698578e+00 -1.006973203529775063e+01
-3.397964796479647998e+00 -1.006807574012328921e+01
-3.397359735973597417e+00 -1.006641946682024624e+01
-3.396754675467546836e+00 -1.006476321540688446e+01
-3.396149614961496255e+00 -1.006310698590148256e+01
-3.395544554455445674e+00 -1.006145077832231749e+01
-3.394939493949395093e+00 -1.005979459268766085e+01
-3.394334433443344512e+00 -1.005813842901578781e+01
-3.393729372937293931e+00 -1.005648228732497529e+01
-3.393124312431243350e+00 -1.005482616763348602e+01
-3.392519251925192769e+00 -1.005317006995961115e+01
-3.391914191419141744e+00 -1.005151399432160986e+01
-3.391309130913091607e+00 -1.004985794073776439e+01
-3.390704070407040582e+00 -1.004820190922634815e+01
-3.390099009900990001e+00 -1.004654589980563451e+01
-3.389493949394939420e+00 -1.004488991249390217e+01
-3.388888888888888840e+00 -1.004323394730941388e+01
-3.388283828382838259e+00 -1.004157800427045721e+01
-3.387678767876787678e+00 -1.003992208339529846e+01
-3.387073707370737097e+00 -1.003826618470221277e+01
-3.386468646864686516e+00 -1.003661030820947708e+01
-3.385863586358635935e+00 -1.003495445393536123e+01
-3.385258525852585354e+00 -1.003329862189814214e+01
-3.384653465346534773e+00 -1.003164281211609676e+01
-3.384048404840484192e+00 -1.002998702460749669e+01
-3.383443344334433611e+00 -1.002833125939061354e+01
-3.382838283828383030e+00 -1.002667551648372601e+01
-3.382233223322332449e+00 -1.002501979590510572e+01
-3.381628162816281424e+00 -1.002336409767302605e+01
-3.381023102310231288e+00 -1.002170842180576749e+01
-3.380418041804180262e+00 -1.002005276832159453e+01
-3.379812981298130126e+00 -1.001839713723879122e+01
-3.379207920792079101e+00 -1.001674152857562028e+01
-3.378602860286028520e+00 -1.001508594235036931e+01
-3.377997799779977939e+00 -1.001343037858130458e+01
-3.377392739273927358e+00 -1.001177483728670126e+01
-3.376787678767876777e+00 -1.001011931848483094e+01
-3.376182618261826196e+00 -1.000846382219397590e+01
-3.375577557755775615e+00 -1.000680834843240241e+01
-3.374972497249725034e+00 -1.000515289721839096e+01
-3.374367436743674453e+00 -1.000349746857021138e+01
-3.373762376237623872e+00 -1.000184206250613528e+01
-3.373157315731573291e+00 -1.000018667904444492e+01
-3.372552255225522710e+00 -9.998531318203410123e+00
-3.371947194719472130e+00 -9.996875980001304285e+00
-3.371342134213421549e+00 -9.995220664456404336e+00
-3.370737073707370968e+00 -9.993565371586983659e+00
-3.370132013201319943e+00 -9.991910101411312084e+00
-3.369526952695269806e+00 -9.990254853947668323e+00
-3.368921892189218781e+00 -9.988599629214329312e+00
-3.368316831683168644e+00 -9.986944427229564880e+00
-3.367711771177117619e+00 -9.985289248011648411e+00
-3.367106710671067038e+00 -9.983634091578855063e+00
-3.366501650165016457e+00 -9.981978957949467102e+00
-3.365896589658965876e+00 -9.980323847141745475e+00
-3.365291529152915295e+00 -9.978668759173968894e+00
-3.364686468646864714e+00 -9.977013694064417848e+00
-3.364081408140814133e+00 -9.975358651831358614e+00
-3.363476347634763552e+00 -9.973703632493071680e+00
-3.362871287128712972e+00 -9.972048636067826877e+00
-3.362266226622662391e+00 -9.970393662573901139e+00
-3.361661166116611810e+00 -9.968738712029569626e+00
-3.361056105610561229e+00 -9.967083784453102169e+00
-3.360451045104510648e+00 -9.965428879862773925e+00
-3.359845984598460067e+00 -9.963773998276863608e+00
-3.359240924092409486e+00 -9.962119139713642824e+00
-3.358635863586358461e+00 -9.960464304191383178e+00
-3.358030803080308324e+00 -9.958809491728363383e+00
-3.357425742574257299e+00 -9.957154702342853270e+00
-3.356820682068207162e+00 -9.955499936053131549e+00
-3.356215621562156137e+00 -9.953845192877464498e+00
-3.355610561056105556e+00 -9.952190472834141488e+00
-3.355005500550054975e+00 -9.950535775941421690e+00
-3.354400440044004394e+00 -9.948881102217583816e+00
-3.353795379537953814e+00 -9.947226451680908355e+00
-3.353190319031903233e+00 -9.945571824349659806e+00
-3.352585258525852652e+00 -9.943917220242120436e+00
-3.351980198019802071e+00 -9.942262639376558297e+00
-3.351375137513751490e+00 -9.940608081771257432e+00
-3.350770077007700909e+00 -9.938953547444478787e+00
-3.350165016501650328e+00 -9.937299036414504627e+00
-3.349559955995599747e+00 -9.935644548699606560e+00
-3.348954895489549166e+00 -9.933990084318063296e+00
-3.348349834983498585e+00 -9.932335643288142890e+00
-3.347744774477448004e+00 -9.930681225628122277e+00
-3.347139713971396979e+00 -9.929026831356273064e+00
-3.346534653465346842e+00 -9.927372460490879291e+00
-3.345929592959295817e+00 -9.925718113050201907e+00
-3.345324532453245236e+00 -9.924063789052523177e+00
-3.344719471947194656e+00 -9.922409488516116483e+00
-3.344114411441144075e+00 -9.920755211459255207e+00
-3.343509350935093494e+00 -9.919100957900212734e+00
-3.342904290429042913e+00 -9.917446727857265998e+00
-3.342299229922992332e+00 -9.915792521348684829e+00
-3.341694169416941751e+00 -9.914138338392747940e+00
-3.341089108910891170e+00 -9.912484179007726937e+00
-3.340484048404840589e+00 -9.910830043211895202e+00
-3.339878987898790008e+00 -9.909175931023529671e+00
-3.339273927392739427e+00 -9.907521842460903727e+00
-3.338668866886688846e+00 -9.905867777542290753e+00
-3.338063806380638265e+00 -9.904213736285967684e+00
-3.337458745874587684e+00 -9.902559718710202574e+00
-3.336853685368536659e+00 -9.900905724833274135e+00
-3.336248624862486523e+00 -9.899251754673461079e+00
-3.335643564356435498e+00 -9.897597808249026130e+00
-3.335038503850385361e+00 -9.895943885578255106e+00
-3.334433443344334336e+00 -9.894289986679416060e+00
-3.333828382838283755e+00 -9.892636111570784152e+00
-3.333223322332233174e+00 -9.890982260270634541e+00
-3.332618261826182593e+00 -9.889328432797240609e+00
-3.332013201320132012e+00 -9.887674629168879292e+00
-3.331408140814081431e+00 -9.886020849403816868e+00
-3.330803080308030850e+00 -9.884367093520337377e+00
-3.330198019801980269e+00 -9.882713361536710650e+00
-3.329592959295929688e+00 -9.881059653471211845e+00
-3.328987898789879107e+00 -9.879405969342110794e+00
-3.328382838283828526e+00 -9.877752309167689759e+00
-3.327777777777777946e+00 -9.876098672966215020e+00
-3.327172717271727365e+00 -9.874445060755965287e+00
-3.326567656765676784e+00 -9.872791472555213943e+00
-3.325962596259626203e+00 -9.871137908382236148e+00
-3.325357535753575178e+00 -9.869484368255303508e+00
-3.324752475247525041e+00 -9.867830852192694735e+00
-3.324147414741474016e+00 -9.866177360212681435e+00
-3.323542354235423879e+00 -9.864523892333533439e+00
-3.322937293729372854e+00 -9.862870448573534787e+00
-3.322332233223322273e+00 -9.861217028950951757e+00
-3.321727172717271692e+00 -9.859563633484061285e+00
-3.321122112211221111e+00 -9.857910262191138528e+00
-3.320517051705170530e+00 -9.856256915090455095e+00
-3.319911991199119949e+00 -9.854603592200284368e+00
-3.319306930693069368e+00 -9.852950293538906834e+00
-3.318701870187018788e+00 -9.851297019124592325e+00
-3.318096809680968207e+00 -9.849643768975615998e+00
-3.317491749174917626e+00 -9.847990543110249462e+00
-3.316886688668867045e+00 -9.846337341546769650e+00
-3.316281628162816464e+00 -9.844684164303451723e+00
-3.315676567656765883e+00 -9.843031011398569063e+00
-3.315071507150715302e+00 -9.841377882850393277e+00
-3.314466446644664721e+00 -9.839724778677204853e+00
-3.313861386138613696e+00 -9.838071698897266515e+00
-3.313256325632563559e+00 -9.836418643528867634e+00
-3.312651265126512534e+00 -9.834765612590270933e+00
-3.312046204620462397e+00 -9.833112606099756903e+00
-3.311441144114411372e+00 -9.831459624075595372e+00
-3.310836083608360791e+00 -9.829806666536061499e+00
-3.310231023102310211e+00 -9.828153733499433997e+00
-3.309625962596259630e+00 -9.826500824983980920e+00
-3.309020902090209049e+00 -9.824847941007980978e+00
-3.308415841584158468e+00 -9.823195081589704003e+00
-3.307810781078107887e+00 -9.821542246747430482e+00
-3.307205720572057306e+00 -9.819889436499428470e+00
-3.306600660066006725e+00 -9.818236650863978454e+00
-3.305995599559956144e+00 -9.816583889859344936e+00
-3.305390539053905563e+00 -9.814931153503815509e+00
-3.304785478547854982e+00 -9.813278441815654674e+00
-3.304180418041804401e+00 -9.811625754813137590e+00
-3.303575357535753376e+00 -9.809973092514541193e+00
-3.302970297029703239e+00 -9.808320454938142419e+00
-3.302365236523652214e+00 -9.806667842102205768e+00
-3.301760176017602078e+00 -9.805015254025011728e+00
-3.301155115511551053e+00 -9.803362690724837236e+00
-3.300550055005500472e+00 -9.801710152219952121e+00
-3.299944994499449891e+00 -9.800057638528633319e+00
-3.299339933993399310e+00 -9.798405149669155989e+00
-3.298734873487348729e+00 -9.796752685659789961e+00
-3.298129812981298148e+00 -9.795100246518808618e+00
-3.297524752475247567e+00 -9.793447832264494224e+00
-3.296919691969196986e+00 -9.791795442915113057e+00
-3.296314631463146405e+00 -9.790143078488943829e+00
-3.295709570957095824e+00 -9.788490739004261698e+00
-3.295104510451045243e+00 -9.786838424479334719e+00
-3.294499449944994662e+00 -9.785186134932445157e+00
-3.293894389438944081e+00 -9.783533870381859288e+00
-3.293289328932893500e+00 -9.781881630845857600e+00
-3.292684268426842920e+00 -9.780229416342709925e+00
-3.292079207920791895e+00 -9.778577226890693197e+00
-3.291474147414741758e+00 -9.776925062508086128e+00
-3.290869086908690733e+00 -9.775272923213149667e+00
-3.290264026402640596e+00 -9.773620809024173184e+00
-3.289658965896589571e+00 -9.771968719959419403e+00
-3.289053905390538990e+00 -9.770316656037168812e+00
-3.288448844884488409e+00 -9.768664617275693018e+00
-3.287843784378437828e+00 -9.767012603693270734e+00
-3.287238723872387247e+00 -9.765360615308166459e+00
-3.286633663366336666e+00 -9.763708652138662458e+00
-3.286028602860286085e+00 -9.762056714203035668e+00
-3.285423542354235504e+00 -9.760404801519552365e+00
-3.284818481848184923e+00 -9.758752914106491261e+00
-3.284213421342134342e+00 -9.757101051982125739e+00
-3.283608360836083762e+00 -9.755449215164730958e+00
-3.283003300330033181e+00 -9.753797403672578525e+00
-3.282398239823982600e+00 -9.752145617523943599e+00
-3.281793179317932019e+00 -9.750493856737106668e+00
-3.281188118811881438e+00 -9.748842121330326904e+00
-3.280583058305830413e+00 -9.747190411321893677e+00
-3.279977997799780276e+00 -9.745538726730076817e+00
-3.279372937293729251e+00 -9.743887067573146155e+00
-3.278767876787679114e+00 -9.742235433869380401e+00
-3.278162816281628089e+00 -9.740583825637052939e+00
-3.277557755775577508e+00 -9.738932242894438929e+00
-3.276952695269526927e+00 -9.737280685659809976e+00
-3.276347634763476346e+00 -9.735629153951441239e+00
-3.275742574257425765e+00 -9.733977647787607879e+00
-3.275137513751375185e+00 -9.732326167186581500e+00
-3.274532453245324604e+00 -9.730674712166640816e+00
-3.273927392739274023e+00 -9.729023282746060985e+00
-3.273322332233223442e+00 -9.727371878943106509e+00
-3.272717271727172861e+00 -9.725720500776061428e+00
-3.272112211221122280e+00 -9.724069148263200901e+00
-3.271507150715071699e+00 -9.722417821422785877e+00
-3.270902090209021118e+00 -9.720766520273103950e+00
-3.270297029702970537e+00 -9.719115244832428502e+00
-3.269691969196919956e+00 -9.717463995119025810e+00
-3.269086908690868931e+00 -9.715812771151174587e+00
-3.268481848184818794e+00 -9.714161572947155321e+00
-3.267876787678767769e+00 -9.712510400525230736e+00
-3.267271727172717188e+00 -9.710859253903679544e+00
-3.266666666666666607e+00 -9.709208133100780458e+00
-3.266061606160616027e+00 -9.707557038134801530e+00
-3.265456545654565446e+00 -9.705905969024021474e+00
-3.264851485148514865e+00 -9.704254925786710118e+00
-3.264246424642464284e+00 -9.702603908441147951e+00
-3.263641364136413703e+00 -9.700952917005603027e+00
-3.263036303630363122e+00 -9.699301951498352281e+00
-3.262431243124312541e+00 -9.697651011937669097e+00
-3.261826182618261960e+00 -9.696000098341832185e+00
-3.261221122112211379e+00 -9.694349210729107824e+00
-3.260616061606160798e+00 -9.692698349117776502e+00
-3.260011001100110217e+00 -9.691047513526111601e+00
-3.259405940594059636e+00 -9.689396703972382952e+00
-3.258800880088008611e+00 -9.687745920474869266e+00
-3.258195819581958474e+00 -9.686095163051845702e+00
-3.257590759075907449e+00 -9.684444431721578539e+00
-3.256985698569857313e+00 -9.682793726502355369e+00
-3.256380638063806288e+00 -9.681143047412440694e+00
-3.255775577557755707e+00 -9.679492394470107897e+00
-3.255170517051705126e+00 -9.677841767693635688e+00
-3.254565456545654545e+00 -9.676191167101299229e+00
-3.253960396039603964e+00 -9.674540592711366571e+00
-3.253355335533553383e+00 -9.672890044542118204e+00
-3.252750275027502802e+00 -9.671239522611825734e+00
-3.252145214521452221e+00 -9.669589026938764320e+00
-3.251540154015401640e+00 -9.667938557541203792e+00
-3.250935093509351059e+00 -9.666288114437426415e+00
-3.250330033003300478e+00 -9.664637697645702019e+00
-3.249724972497249897e+00 -9.662987307184303987e+00
-3.249119911991199317e+00 -9.661336943071509253e+00
-3.248514851485148736e+00 -9.659686605325585873e+00
-3.247909790979098155e+00 -9.658036293964817887e+00
-3.247304730473047130e+00 -9.656386009007468019e+00
-3.246699669966996993e+00 -9.654735750471822087e+00
-3.246094609460945968e+00 -9.653085518376148144e+00
-3.245489548954895831e+00 -9.651435312738721350e+00
-3.244884488448844806e+00 -9.649785133577813312e+00
-3.244279427942794225e+00 -9.648134980911702741e+00
-3.243674367436743644e+00 -9.646484854758661243e+00
-3.243069306930693063e+00 -9.644834755136962201e+00
-3.242464246424642482e+00 -9.643184682064882551e+00
-3.241859185918591901e+00 -9.641534635560699229e+00
-3.241254125412541320e+00 -9.639884615642680288e+00
-3.240649064906490739e+00 -9.638234622329100887e+00
-3.240044004400440159e+00 -9.636584655638239738e+00
-3.239438943894389578e+00 -9.634934715588364895e+00
-3.238833883388338997e+00 -9.633284802197756846e+00
-3.238228822882288416e+00 -9.631634915484685422e+00
-3.237623762376237835e+00 -9.629985055467425781e+00
-3.237018701870187254e+00 -9.628335222164253082e+00
-3.236413641364136673e+00 -9.626685415593438933e+00
-3.235808580858085648e+00 -9.625035635773262044e+00
-3.235203520352035511e+00 -9.623385882721997575e+00
-3.234598459845984486e+00 -9.621736156457910027e+00
-3.233993399339934349e+00 -9.620086456999286995e+00
-3.233388338833883324e+00 -9.618436784364391201e+00
-3.232783278327832743e+00 -9.616787138571499582e+00
-3.232178217821782162e+00 -9.615137519638892627e+00
-3.231573157315731581e+00 -9.613487927584840165e+00
-3.230968096809681001e+00 -9.611838362427615579e+00
-3.230363036303630420e+00 -9.610188824185494028e+00
-3.229757975797579839e+00 -9.608539312876748895e+00
-3.229152915291529258e+00 -9.606889828519658892e+00
-3.228547854785478677e+00 -9.605240371132492072e+00
-3.227942794279428096e+00 -9.603590940733527148e+00
-3.227337733773377515e+00 -9.601941537341035726e+00
-3.226732673267326934e+00 -9.600292160973291189e+00
-3.226127612761276353e+00 -9.598642811648570472e+00
-3.225522552255225328e+00 -9.596993489385145182e+00
-3.224917491749175191e+00 -9.595344194201297583e+00
-3.224312431243124166e+00 -9.593694926115292176e+00
-3.223707370737074029e+00 -9.592045685145405898e+00
-3.223102310231023004e+00 -9.590396471309913906e+00
-3.222497249724972423e+00 -9.588747284627087808e+00
-3.221892189218921843e+00 -9.587098125115208092e+00
-3.221287128712871262e+00 -9.585448992792542811e+00
-3.220682068206820681e+00 -9.583799887677368901e+00
-3.220077007700770100e+00 -9.582150809787961521e+00
-3.219471947194719519e+00 -9.580501759142594054e+00
-3.218866886688668938e+00 -9.578852735759538106e+00
-3.218261826182618357e+00 -9.577203739657072390e+00
-3.217656765676567776e+00 -9.575554770853473840e+00
-3.217051705170517195e+00 -9.573905829367001630e+00
-3.216446644664466614e+00 -9.572256915215946904e+00
-3.215841584158416033e+00 -9.570608028418574165e+00
-3.215236523652365452e+00 -9.568959168993160347e+00
-3.214631463146314871e+00 -9.567310336957982386e+00
-3.214026402640263846e+00 -9.565661532331308337e+00
-3.213421342134213710e+00 -9.564012755131422239e+00
-3.212816281628162685e+00 -9.562364005376590370e+00
-3.212211221122112548e+00 -9.560715283085086114e+00
-3.211606160616061523e+00 -9.559066588275189957e+00
-3.211001100110010942e+00 -9.557417920965169955e+00
-3.210396039603960361e+00 -9.555769281173304819e+00
-3.209790979097909780e+00 -9.554120668917867931e+00
-3.209185918591859199e+00 -9.552472084217130899e+00
-3.208580858085808618e+00 -9.550823527089372433e+00
-3.207975797579758037e+00 -9.549174997552860589e+00
-3.207370737073707456e+00 -9.547526495625875853e+00
-3.206765676567656875e+00 -9.545878021326689833e+00
-3.206160616061606294e+00 -9.544229574673575911e+00
-3.205555555555555713e+00 -9.542581155684809247e+00
-3.204950495049505133e+00 -9.540932764378663222e+00
-3.204345434543454552e+00 -9.539284400773414774e+00
-3.203740374037403971e+00 -9.537636064887335507e+00
-3.203135313531353390e+00 -9.535987756738698806e+00
-3.202530253025302365e+00 -9.534339476345781605e+00
-3.201925192519252228e+00 -9.532691223726857288e+00
-3.201320132013201203e+00 -9.531042998900197460e+00
-3.200715071507151066e+00 -9.529394801884080834e+00
-3.200110011001100041e+00 -9.527746632696782569e+00
-3.199504950495049460e+00 -9.526098491356568942e+00
-3.198899889988998879e+00 -9.524450377881720442e+00
-3.198294829482948298e+00 -9.522802292290512227e+00
-3.197689768976897717e+00 -9.521154234601215904e+00
-3.197084708470847136e+00 -9.519506204832106633e+00
-3.196479647964796555e+00 -9.517858203001456019e+00
-3.195874587458745975e+00 -9.516210229127542775e+00
-3.195269526952695394e+00 -9.514562283228634954e+00
-3.194664466446644813e+00 -9.512914365323014820e+00
-3.194059405940594232e+00 -9.511266475428950429e+00
-3.193454345434543651e+00 -9.509618613564718714e+00
-3.192849284928493070e+00 -9.507970779748594836e+00
-3.192244224422442489e+00 -9.506322973998846848e+00
-3.191639163916391908e+00 -9.504675196333755238e+00
-3.191034103410340883e+00 -9.503027446771595166e+00
-3.190429042904290746e+00 -9.501379725330636461e+00
-3.189823982398239721e+00 -9.499732032029157835e+00
-3.189218921892189140e+00 -9.498084366885429120e+00
-3.188613861386138559e+00 -9.496436729917725472e+00
-3.188008800880087978e+00 -9.494789121144323829e+00
-3.187403740374037397e+00 -9.493141540583497573e+00
-3.186798679867986817e+00 -9.491493988253516534e+00
-3.186193619361936236e+00 -9.489846464172661200e+00
-3.185588558855885655e+00 -9.488198968359203178e+00
-3.184983498349835074e+00 -9.486551500831415851e+00
-3.184378437843784493e+00 -9.484904061607572601e+00
-3.183773377337733912e+00 -9.483256650705952140e+00
-3.183168316831683331e+00 -9.481609268144824298e+00
-3.182563256325632750e+00 -9.479961913942464236e+00
-3.181958195819582169e+00 -9.478314588117147110e+00
-3.181353135313531588e+00 -9.476667290687149858e+00
-3.180748074807480563e+00 -9.475020021670740533e+00
-3.180143014301430426e+00 -9.473372781086197847e+00
-3.179537953795379401e+00 -9.471725568951793406e+00
-3.178932893289329265e+00 -9.470078385285804146e+00
-3.178327832783278240e+00 -9.468431230106501673e+00
-3.177722772277227659e+00 -9.466784103432162922e+00
-3.177117711771177078e+00 -9.465137005281063054e+00
-3.176512651265126497e+00 -9.463489935671468345e+00
-3.175907590759075916e+00 -9.461842894621664612e+00
-3.175302530253025335e+00 -9.460195882149918134e+00
-3.174697469746974754e+00 -9.458548898274504069e+00
-3.174092409240924173e+00 -9.456901943013699352e+00
-3.173487348734873592e+00 -9.455255016385777367e+00
-3.172882288228823011e+00 -9.453608118409009720e+00
-3.172277227722772430e+00 -9.451961249101673346e+00
-3.171672167216721849e+00 -9.450314408482043405e+00
-3.171067106710671268e+00 -9.448667596568389726e+00
-3.170462046204620687e+00 -9.447020813378991022e+00
-3.169856985698570107e+00 -9.445374058932117123e+00
-3.169251925192519082e+00 -9.443727333246050293e+00
-3.168646864686468945e+00 -9.442080636339056809e+00
-3.168041804180417920e+00 -9.440433968229411832e+00
-3.167436743674367783e+00 -9.438787328935394072e+00
-3.166831683168316758e+00 -9.437140718475271584e+00
-3.166226622662266177e+00 -9.435494136867324855e+00
-3.165621562156215596e+00 -9.433847584129825492e+00
-3.165016501650165015e+00 -9.432201060281050431e+00
-3.164411441144114434e+00 -9.430554565339265949e+00
-3.163806380638063853e+00 -9.428908099322754310e+00
-3.163201320132013272e+00 -9.427261662249785346e+00
-3.162596259625962691e+00 -9.425615254138637766e+00
-3.161991199119912110e+00 -9.423968875007579626e+00
-3.161386138613861529e+00 -9.422322524874889638e+00
-3.160781078107810949e+00 -9.420676203758841183e+00
-3.160176017601760368e+00 -9.419029911677707645e+00
-3.159570957095709787e+00 -9.417383648649764183e+00
-3.158965896589659206e+00 -9.415737414693284180e+00
-3.158360836083608625e+00 -9.414091209826546347e+00
-3.157755775577557600e+00 -9.412445034067816962e+00
-3.157150715071507463e+00 -9.410798887435374738e+00
-3.156545654565456438e+00 -9.409152769947493056e+00
-3.155940594059406301e+00 -9.407506681622447076e+00
-3.155335533553355276e+00 -9.405860622478506627e+00
-3.154730473047304695e+00 -9.404214592533957529e+00
-3.154125412541254114e+00 -9.402568591807062504e+00
-3.153520352035203533e+00 -9.400922620316098488e+00
-3.152915291529152952e+00 -9.399276678079342418e+00
-3.152310231023102371e+00 -9.397630765115067675e+00
-3.151705170517051791e+00 -9.395984881441544090e+00
-3.151100110011001210e+00 -9.394339027077053927e+00
-3.150495049504950629e+00 -9.392693202039863465e+00
-3.149889988998900048e+00 -9.391047406348253190e+00
-3.149284928492849467e+00 -9.389401640020492934e+00
-3.148679867986798886e+00 -9.387755903074863184e+00
-3.148074807480748305e+00 -9.386110195529628442e+00
-3.147469746974697724e+00 -9.384464517403070971e+00
-3.146864686468647143e+00 -9.382818868713460603e+00
-3.146259625962596118e+00 -9.381173249479074272e+00
-3.145654565456545981e+00 -9.379527659718188914e+00
-3.145049504950494956e+00 -9.377882099449067255e+00
-3.144444444444444375e+00 -9.376236568689998663e+00
-3.143839383938393794e+00 -9.374591067459247640e+00
-3.143234323432343214e+00 -9.372945595775089345e+00
-3.142629262926292633e+00 -9.371300153655800713e+00
-3.142024202420242052e+00 -9.369654741119655128e+00
-3.141419141914191471e+00 -9.368009358184927748e+00
-3.140814081408140890e+00 -9.366364004869890181e+00
-3.140209020902090309e+00 -9.364718681192817584e+00
-3.139603960396039728e+00 -9.363073387171985118e+00
-3.138998899889989147e+00 -9.361428122825667941e+00
-3.138393839383938566e+00 -9.359782888172137660e+00
-3.137788778877887985e+00 -9.358137683229669435e+00
-3.137183718371837404e+00 -9.356492508016540199e+00
-3.136578657865786823e+00 -9.354847362551021561e+00
-3.135973597359735798e+00 -9.353202246851381574e+00
-3.135368536853685661e+00 -9.351557160935911384e+00
-3.134763476347634636e+00 -9.349912104822868386e+00
-3.134158415841584500e+00 -9.348267078530534846e+00
-3.133553355335533475e+00 -9.346622082077184146e+00
-3.132948294829482894e+00 -9.344977115481087893e+00
-3.132343234323432313e+00 -9.343332178760526574e+00
-3.131738173817381732e+00 -9.341687271933766468e+00
-3.131133113311331151e+00 -9.340042395019086285e+00
-3.130528052805280570e+00 -9.338397548034759410e+00
-3.129922992299229989e+00 -9.336752730999062777e+00
-3.129317931793179408e+00 -9.335107943930266217e+00
-3.128712871287128827e+00 -9.333463186846643111e+00
-3.128107810781078246e+00 -9.331818459766473950e+00
-3.127502750275027665e+00 -9.330173762708028562e+00
-3.126897689768977084e+00 -9.328529095689578554e+00
-3.126292629262926503e+00 -9.326884458729407967e+00
-3.125687568756875923e+00 -9.325239851845779526e+00
-3.125082508250825342e+00 -9.323595275056975495e+00
-3.124477447744774317e+00 -9.321950728381267481e+00
-3.123872387238724180e+00 -9.320306211836928867e+00
-3.123267326732673155e+00 -9.318661725442233035e+00
-3.122662266226623018e+00 -9.317017269215458697e+00
-3.122057205720571993e+00 -9.315372843174872131e+00
-3.121452145214521412e+00 -9.313728447338759153e+00
-3.120847084708470831e+00 -9.312084081725384266e+00
-3.120242024202420250e+00 -9.310439746353026180e+00
-3.119636963696369669e+00 -9.308795441239956503e+00
-3.119031903190319088e+00 -9.307151166404450393e+00
-3.118426842684268507e+00 -9.305506921864784786e+00
-3.117821782178217926e+00 -9.303862707639227736e+00
-3.117216721672167346e+00 -9.302218523746061507e+00
-3.116611661166116765e+00 -9.300574370203554153e+00
-3.116006600660066184e+00 -9.298930247029984386e+00
-3.115401540154015603e+00 -9.297286154243622036e+00
-3.114796479647965022e+00 -9.295642091862744039e+00
-3.114191419141914441e+00 -9.293998059905623776e+00
-3.113586358635863860e+00 -9.292354058390536409e+00
-3.112981298129812835e+00 -9.290710087335753542e+00
-3.112376237623762698e+00 -9.289066146759553888e+00
-3.111771177117711673e+00 -9.287422236680207277e+00
-3.111166116611661536e+00 -9.285778357115990644e+00
-3.110561056105610511e+00 -9.284134508085175597e+00
-3.109955995599559930e+00 -9.282490689606042622e+00
-3.109350935093509349e+00 -9.280846901696857998e+00
-3.108745874587458768e+00 -9.279203144375903989e+00
-3.108140814081408188e+00 -9.277559417661446872e+00
-3.107535753575357607e+00 -9.275915721571765360e+00
-3.106930693069307026e+00 -9.274272056125131058e+00
-3.106325632563256445e+00 -9.272628421339822680e+00
-3.105720572057205864e+00 -9.270984817234110054e+00
-3.105115511551155283e+00 -9.269341243826268339e+00
-3.104510451045104702e+00 -9.267697701134574473e+00
-3.103905390539054121e+00 -9.266054189177300060e+00
-3.103300330033003540e+00 -9.264410707972716708e+00
-3.102695269526952515e+00 -9.262767257539104904e+00
-3.102090209020902378e+00 -9.261123837894739808e+00
-3.101485148514851353e+00 -9.259480449057884144e+00
-3.100880088008801216e+00 -9.257837091046827283e+00
-3.100275027502750191e+00 -9.256193763879828396e+00
-3.099669966996699610e+00 -9.254550467575175077e+00
-3.099064906490649030e+00 -9.252907202151135380e+00
-3.098459845984598449e+00 -9.251263967625980911e+00
-3.097854785478547868e+00 -9.249620764017990382e+00
-3.097249724972497287e+00 -9.247977591345440729e+00
-3.096644664466446706e+00 -9.246334449626598229e+00
-3.096039603960396125e+00 -9.244691338879739817e+00
-3.095434543454345544e+00 -9.243048259123144206e+00
-3.094829482948294963e+00 -9.241405210375079449e+00
-3.094224422442244382e+00 -9.239762192653826034e+00
-3.093619361936193801e+00 -9.238119205977650239e+00
-3.093014301430143220e+00 -9.236476250364836105e+00
-3.092409240924092639e+00 -9.234833325833649909e+00
-3.091804180418042058e+00 -9.233190432402370362e+00
-3.091199119911991033e+00 -9.231547570089267296e+00
-3.090594059405940897e+00 -9.229904738912621198e+00
-3.089988998899889872e+00 -9.228261938890701899e+00
-3.089383938393839735e+00 -9.226619170041781004e+00
-3.088778877887788710e+00 -9.224976432384139002e+00
-3.088173817381738129e+00 -9.223333725936049277e+00
-3.087568756875687548e+00 -9.221691050715781657e+00
-3.086963696369636967e+00 -9.220048406741616631e+00
-3.086358635863586386e+00 -9.218405794031820477e+00
-3.085753575357535805e+00 -9.216763212604673683e+00
-3.085148514851485224e+00 -9.215120662478447855e+00
-3.084543454345434643e+00 -9.213478143671419929e+00
-3.083938393839384062e+00 -9.211835656201856182e+00
-3.083333333333333481e+00 -9.210193200088044208e+00
-3.082728272827282900e+00 -9.208550775348250284e+00
-3.082123212321232320e+00 -9.206908382000744240e+00
-3.081518151815181739e+00 -9.205266020063808341e+00
-3.080913091309131158e+00 -9.203623689555715970e+00
-3.080308030803080577e+00 -9.201981390494736956e+00
-3.079702970297029552e+00 -9.200339122899146460e+00
-3.079097909790979415e+00 -9.198696886787223193e+00
-3.078492849284928390e+00 -9.197054682177235208e+00
-3.077887788778878253e+00 -9.195412509087461217e+00
-3.077282728272827228e+00 -9.193770367536172827e+00
-3.076677667766776647e+00 -9.192128257541648750e+00
-3.076072607260726066e+00 -9.190486179122157040e+00
-3.075467546754675485e+00 -9.188844132295978184e+00
-3.074862486248624904e+00 -9.187202117081383790e+00
-3.074257425742574323e+00 -9.185560133496640134e+00
-3.073652365236523742e+00 -9.183918181560036587e+00
-3.073047304730473162e+00 -9.182276261289834096e+00
-3.072442244224422581e+00 -9.180634372704316704e+00
-3.071837183718372000e+00 -9.178992515821752463e+00
-3.071232123212321419e+00 -9.177350690660416532e+00
-3.070627062706270838e+00 -9.175708897238584072e+00
-3.070022002200220257e+00 -9.174067135574535570e+00
-3.069416941694169676e+00 -9.172425405686533750e+00
-3.068811881188119095e+00 -9.170783707592857326e+00
-3.068206820682068070e+00 -9.169142041311779678e+00
-3.067601760176017933e+00 -9.167500406861581297e+00
-3.066996699669966908e+00 -9.165858804260530235e+00
-3.066391639163916327e+00 -9.164217233526901651e+00
-3.065786578657865746e+00 -9.162575694678972482e+00
-3.065181518151815165e+00 -9.160934187735014333e+00
-3.064576457645764584e+00 -9.159292712713300588e+00
-3.063971397139714004e+00 -9.157651269632109958e+00
-3.063366336633663423e+00 -9.156009858509714050e+00
-3.062761276127612842e+00 -9.154368479364386246e+00
-3.062156215621562261e+00 -9.152727132214398154e+00
-3.061551155115511680e+00 -9.151085817078030260e+00
-3.060946094609461099e+00 -9.149444533973552396e+00
-3.060341034103410518e+00 -9.147803282919239720e+00
-3.059735973597359937e+00 -9.146162063933367392e+00
-3.059130913091309356e+00 -9.144520877034214124e+00
-3.058525852585258775e+00 -9.142879722240044416e+00
-3.057920792079207750e+00 -9.141238599569135204e+00
-3.057315731573157613e+00 -9.139597509039770529e+00
-3.056710671067106588e+00 -9.137956450670207786e+00
-3.056105610561056452e+00 -9.136315424478738123e+00
-3.055500550055005426e+00 -9.134674430483624263e+00
-3.054895489548954846e+00 -9.133033468703143143e+00
-3.054290429042904265e+00 -9.131392539155577026e+00
-3.053685368536853684e+00 -9.129751641859185085e+00
-3.053080308030803103e+00 -9.128110776832254913e+00
-3.052475247524752522e+00 -9.126469944093051012e+00
-3.051870187018701941e+00 -9.124829143659857422e+00
-3.051265126512651360e+00 -9.123188375550938645e+00
-3.050660066006600779e+00 -9.121547639784575168e+00
-3.050055005500550198e+00 -9.119906936379040374e+00
-3.049449944994499617e+00 -9.118266265352607647e+00
-3.048844884488449036e+00 -9.116625626723550369e+00
-3.048239823982398455e+00 -9.114985020510145475e+00
-3.047634763476347874e+00 -9.113344446730664572e+00
-3.047029702970297294e+00 -9.111703905403381043e+00
-3.046424642464246269e+00 -9.110063396546571823e+00
-3.045819581958196132e+00 -9.108422920178510296e+00
-3.045214521452145107e+00 -9.106782476317469843e+00
-3.044609460946094970e+00 -9.105142064981725625e+00
-3.044004400440043945e+00 -9.103501686189552800e+00
-3.043399339933993364e+00 -9.101861339959224750e+00
-3.042794279427942783e+00 -9.100221026309013084e+00
-3.042189218921892202e+00 -9.098580745257198288e+00
-3.041584158415841621e+00 -9.096940496822046640e+00
-3.040979097909791040e+00 -9.095300281021838629e+00
-3.040374037403740459e+00 -9.093660097874847636e+00
-3.039768976897689878e+00 -9.092019947399345270e+00
-3.039163916391639297e+00 -9.090379829613604912e+00
-3.038558855885588716e+00 -9.088739744535907050e+00
-3.037953795379538136e+00 -9.087099692184519739e+00
-3.037348734873487555e+00 -9.085459672577718138e+00
-3.036743674367436974e+00 -9.083819685733780958e+00
-3.036138613861386393e+00 -9.082179731670978029e+00
-3.035533553355335812e+00 -9.080539810407582735e+00
-3.034928492849284787e+00 -9.078899921961872010e+00
-3.034323432343234650e+00 -9.077260066352124568e+00
-3.033718371837183625e+00 -9.075620243596601355e+00
-3.033113311331133488e+00 -9.073980453713591743e+00
-3.032508250825082463e+00 -9.072340696721358455e+00
-3.031903190319031882e+00 -9.070700972638181980e+00
-3.031298129812981301e+00 -9.069061281482333925e+00
-3.030693069306930720e+00 -9.067421623272091225e+00
-3.030088008800880139e+00 -9.065781998025727262e+00
-3.029482948294829558e+00 -9.064142405761511867e+00
-3.028877887788778978e+00 -9.062502846497725528e+00
-3.028272827282728397e+00 -9.060863320252639852e+00
-3.027667766776677816e+00 -9.059223827044528221e+00
-3.027062706270627235e+00 -9.057584366891664018e+00
-3.026457645764576654e+00 -9.055944939812329508e+00
-3.025852585258526073e+00 -9.054305545824787416e+00
-3.025247524752475492e+00 -9.052666184947316452e+00
-3.024642464246424911e+00 -9.051026857198191777e+00
-3.024037403740374330e+00 -9.049387562595688550e+00
-3.023432343234323305e+00 -9.047748301158081929e+00
-3.022827282728273168e+00 -9.046109072903643522e+00
-3.022222222222222143e+00 -9.044469877850643158e+00
-3.021617161716171562e+00 -9.042830716017366655e+00
-3.021012101210120981e+00 -9.041191587422076736e+00
-3.020407040704070400e+00 -9.039552492083055668e+00
-3.019801980198019820e+00 -9.037913430018569727e+00
-3.019196919691969239e+00 -9.036274401246904731e+00
-3.018591859185918658e+00 -9.034635405786326956e+00
-3.017986798679868077e+00 -9.032996443655108010e+00
-3.017381738173817496e+00 -9.031357514871530157e+00
-3.016776677667766915e+00 -9.029718619453863226e+00
-3.016171617161716334e+00 -9.028079757420378826e+00
-3.015566556655665753e+00 -9.026440928789357443e+00
-3.014961496149615172e+00 -9.024802133579070684e+00
-3.014356435643564591e+00 -9.023163371807786604e+00
-3.013751375137514010e+00 -9.021524643493789242e+00
-3.013146314631462985e+00 -9.019885948655344876e+00
-3.012541254125412848e+00 -9.018247287310737548e+00
-3.011936193619361823e+00 -9.016608659478229981e+00
-3.011331133113311687e+00 -9.014970065176107994e+00
-3.010726072607260662e+00 -9.013331504422632534e+00
-3.010121012101210081e+00 -9.011692977236091195e+00
-3.009515951595159500e+00 -9.010054483634748479e+00
-3.008910891089108919e+00 -9.008416023636881320e+00
-3.008305830583058338e+00 -9.006777597260766655e+00
-3.007700770077007757e+00 -9.005139204524677865e+00
-3.007095709570957176e+00 -9.003500845446884782e+00
-3.006490649064906595e+00 -9.001862520045667893e+00
-3.005885588558856014e+00 -9.000224228339298804e+00
-3.005280528052805433e+00 -8.998585970346049123e+00
-3.004675467546754852e+00 -8.996947746084199338e+00
-3.004070407040704271e+00 -8.995309555572017501e+00
-3.003465346534653690e+00 -8.993671398827776997e+00
-3.002860286028603110e+00 -8.992033275869763642e+00
-3.002255225522552529e+00 -8.990395186716236609e+00
-3.001650165016501504e+00 -8.988757131385479937e+00
-3.001045104510451367e+00 -8.987119109895765234e+00
-3.000440044004400342e+00 -8.985481122265364107e+00
-2.999834983498350205e+00 -8.983843168512555266e+00
-2.999229922992299180e+00 -8.982205248655606766e+00
-2.998624862486249043e+00 -8.980567362712800872e+00
-2.998019801980198018e+00 -8.978929510702407413e+00
-2.997414741474147437e+00 -8.977291692642699772e+00
-2.996809680968096856e+00 -8.975653908551953108e+00
-2.996204620462046275e+00 -8.974016158448444358e+00
-2.995599559955995694e+00 -8.972378442350443351e+00
-2.994994499449945113e+00 -8.970740760276227022e+00
-2.994389438943894532e+00 -8.969103112244066978e+00
-2.993784378437843952e+00 -8.967465498272243707e+00
-2.993179317931793371e+00 -8.965827918379025263e+00
-2.992574257425742790e+00 -8.964190372582685029e+00
-2.991969196919692209e+00 -8.962552860901503493e+00
-2.991364136413641184e+00 -8.960915383353748709e+00
-2.990759075907591047e+00 -8.959277939957701165e+00
-2.990154015401540022e+00 -8.957640530731628914e+00
-2.989548954895489885e+00 -8.956003155693810669e+00
-2.988943894389438860e+00 -8.954365814862518036e+00
-2.988338833883388723e+00 -8.952728508256027951e+00
-2.987733773377337698e+00 -8.951091235892608466e+00
-2.987128712871287561e+00 -8.949453997790541848e+00
-2.986523652365236536e+00 -8.947816793968096150e+00
-2.985918591859185955e+00 -8.946179624443550082e+00
-2.985313531353135375e+00 -8.944542489235177030e+00
-2.984708470847084794e+00 -8.942905388361246821e+00
-2.984103410341034213e+00 -8.941268321840038169e+00
-2.983498349834983632e+00 -8.939631289689826232e+00
-2.982893289328933051e+00 -8.937994291928882618e+00
-2.982288228822882470e+00 -8.936357328575480707e+00
-2.981683168316831889e+00 -8.934720399647899214e+00
-2.981078107810780864e+00 -8.933083505164402638e+00
-2.980473047304730727e+00 -8.931446645143276797e+00
-2.979867986798679702e+00 -8.929809819602791521e+00
-2.979262926292629565e+00 -8.928173028561218416e+00
-2.978657865786578540e+00 -8.926536272036834418e+00
-2.978052805280528403e+00 -8.924899550047914687e+00
-2.977447744774477378e+00 -8.923262862612732604e+00
-2.976842684268427242e+00 -8.921626209749559777e+00
-2.976237623762376217e+00 -8.919989591476671364e+00
-2.975632563256325636e+00 -8.918353007812346078e+00
-2.975027502750275055e+00 -8.916716458774851972e+00
-2.974422442244224474e+00 -8.915079944382469535e+00
-2.973817381738173893e+00 -8.913443464653468595e+00
-2.973212321232123312e+00 -8.911807019606122537e+00
-2.972607260726072731e+00 -8.910170609258708296e+00
-2.972002200220022150e+00 -8.908534233629501031e+00
-2.971397139713971569e+00 -8.906897892736774125e+00
-2.970792079207920988e+00 -8.905261586598797408e+00
-2.970187018701870407e+00 -8.903625315233849591e+00
-2.969581958195819382e+00 -8.901989078660202281e+00
-2.968976897689769245e+00 -8.900352876896137744e+00
-2.968371837183718220e+00 -8.898716709959920479e+00
-2.967766776677668084e+00 -8.897080577869827422e+00
-2.967161716171617059e+00 -8.895444480644135510e+00
-2.966556655665566922e+00 -8.893808418301112795e+00
-2.965951595159515897e+00 -8.892172390859041542e+00
-2.965346534653465760e+00 -8.890536398336193358e+00
-2.964741474147414735e+00 -8.888900440750839849e+00
-2.964136413641364154e+00 -8.887264518121254397e+00
-2.963531353135313573e+00 -8.885628630465715716e+00
-2.962926292629262992e+00 -8.883992777802497187e+00
-2.962321232123212411e+00 -8.882356960149872194e+00
-2.961716171617161830e+00 -8.880721177526110566e+00
-2.961111111111111249e+00 -8.879085429949494568e+00
-2.960506050605060668e+00 -8.877449717438292254e+00
-2.959900990099010087e+00 -8.875814040010782335e+00
-2.959295929592959506e+00 -8.874178397685236419e+00
-2.958690869086908926e+00 -8.872542790479926111e+00
-2.958085808580857901e+00 -8.870907218413130124e+00
-2.957480748074807764e+00 -8.869271681503123617e+00
-2.956875687568756739e+00 -8.867636179768176419e+00
-2.956270627062706602e+00 -8.866000713226565466e+00
-2.955665566556655577e+00 -8.864365281896562365e+00
-2.955060506050605440e+00 -8.862729885796447604e+00
-2.954455445544554415e+00 -8.861094524944487461e+00
-2.953850385038504278e+00 -8.859459199358964199e+00
-2.953245324532453253e+00 -8.857823909058142320e+00
-2.952640264026402672e+00 -8.856188654060304088e+00
-2.952035203520352091e+00 -8.854553434383722887e+00
-2.951430143014301510e+00 -8.852918250046670323e+00
-2.950825082508250929e+00 -8.851283101067419778e+00
-2.950220022002200349e+00 -8.849647987464251742e+00
-2.949614961496149768e+00 -8.848012909255432490e+00
-2.949009900990099187e+00 -8.846377866459238959e+00
-2.948404840484048606e+00 -8.844742859093948084e+00
-2.947799779977997581e+00 -8.843107887177829696e+00
-2.947194719471947444e+00 -8.841472950729164282e+00
-2.946589658965896419e+00 -8.839838049766218120e+00
-2.945984598459846282e+00 -8.838203184307273474e+00
-2.945379537953795257e+00 -8.836568354370600176e+00
-2.944774477447745120e+00 -8.834933559974473383e+00
-2.944169416941694095e+00 -8.833298801137168255e+00
-2.943564356435643958e+00 -8.831664077876954622e+00
-2.942959295929592933e+00 -8.830029390212111196e+00
-2.942354235423542796e+00 -8.828394738160911359e+00
-2.941749174917491771e+00 -8.826760121741628495e+00
-2.941144114411441191e+00 -8.825125540972537763e+00
-2.940539053905390610e+00 -8.823490995871914322e+00
-2.939933993399340029e+00 -8.821856486458026225e+00
-2.939328932893289448e+00 -8.820222012749157514e+00
-2.938723872387238867e+00 -8.818587574763576242e+00
-2.938118811881188286e+00 -8.816953172519559345e+00
-2.937513751375137705e+00 -8.815318806035378429e+00
-2.936908690869087124e+00 -8.813684475329308654e+00
-2.936303630363036099e+00 -8.812050180419621626e+00
-2.935698569856985962e+00 -8.810415921324597832e+00
-2.935093509350934937e+00 -8.808781698062508880e+00
-2.934488448844884800e+00 -8.807147510651628153e+00
-2.933883388338833775e+00 -8.805513359110227256e+00
-2.933278327832783638e+00 -8.803879243456586678e+00
-2.932673267326732613e+00 -8.802245163708972697e+00
-2.932068206820682477e+00 -8.800611119885672906e+00
-2.931463146314631452e+00 -8.798977112004944701e+00
-2.930858085808580871e+00 -8.797343140085072122e+00
-2.930253025302530290e+00 -8.795709204144328552e+00
-2.929647964796479709e+00 -8.794075304200987375e+00
-2.929042904290429128e+00 -8.792441440273321973e+00
-2.928437843784378547e+00 -8.790807612379609282e+00
-2.927832783278327966e+00 -8.789173820538120907e+00
-2.927227722772277385e+00 -8.787540064767132009e+00
-2.926622662266226804e+00 -8.785906345084915969e+00
-2.926017601760176223e+00 -8.784272661509746172e+00
-2.925412541254125642e+00 -8.782639014059901328e+00
-2.924807480748074617e+00 -8.781005402753649491e+00
-2.924202420242024481e+00 -8.779371827609271151e+00
-2.923597359735973455e+00 -8.777738288645037912e+00
-2.922992299229923319e+00 -8.776104785879223158e+00
-2.922387238723872294e+00 -8.774471319330102048e+00
-2.921782178217822157e+00 -8.772837889015947965e+00
-2.921177117711771132e+00 -8.771204494955032516e+00
-2.920572057205720995e+00 -8.769571137165637964e+00
-2.919966996699669970e+00 -8.767937815666030588e+00
-2.919361936193619389e+00 -8.766304530474487322e+00
-2.918756875687568808e+00 -8.764671281609285103e+00
-2.918151815181518227e+00 -8.763038069088697313e+00
-2.917546754675467646e+00 -8.761404892930993782e+00
-2.916941694169417065e+00 -8.759771753154453222e+00
-2.916336633663366484e+00 -8.758138649777347240e+00
-2.915731573157315903e+00 -8.756505582817950994e+00
-2.915126512651265323e+00 -8.754872552294541421e+00
-2.914521452145214742e+00 -8.753239558225388350e+00
-2.913916391639164161e+00 -8.751606600628766941e+00
-2.913311331133113136e+00 -8.749973679522954129e+00
-2.912706270627062999e+00 -8.748340794926223296e+00
-2.912101210121011974e+00 -8.746707946856844273e+00
-2.911496149614961837e+00 -8.745075135333097549e+00
-2.910891089108910812e+00 -8.743442360373252953e+00
-2.910286028602860675e+00 -8.741809621995590973e+00
-2.909680968096809650e+00 -8.740176920218377887e+00
-2.909075907590759513e+00 -8.738544255059892407e+00
-2.908470847084708488e+00 -8.736911626538406139e+00
-2.907865786578657907e+00 -8.735279034672199572e+00
-2.907260726072607326e+00 -8.733646479479537206e+00
-2.906655665566556745e+00 -8.732013960978699529e+00
-2.906050605060506165e+00 -8.730381479187961702e+00
-2.905445544554455584e+00 -8.728749034125593553e+00
-2.904840484048405003e+00 -8.727116625809873796e+00
-2.904235423542354422e+00 -8.725484254259074035e+00
-2.903630363036303841e+00 -8.723851919491471207e+00
-2.903025302530252816e+00 -8.722219621525333366e+00
-2.902420242024202679e+00 -8.720587360378941000e+00
-2.901815181518151654e+00 -8.718955136070565715e+00
-2.901210121012101517e+00 -8.717322948618486222e+00
-2.900605060506050492e+00 -8.715690798040967024e+00
-2.900000000000000355e+00 -8.714058684356290385e+00
-2.899394939493949330e+00 -8.712426607582727911e+00
-2.898789878987899193e+00 -8.710794567738556538e+00
-2.898184818481848168e+00 -8.709162564842047871e+00
-2.897579757975797587e+00 -8.707530598911473518e+00
-2.896974697469747007e+00 -8.705898669965110415e+00
-2.896369636963696426e+00 -8.704266778021237272e+00
-2.895764576457645845e+00 -8.702634923098118591e+00
-2.895159515951595264e+00 -8.701003105214038413e+00
-2.894554455445544683e+00 -8.699371324387264792e+00
-2.893949394939494102e+00 -8.697739580636074663e+00
-2.893344334433443521e+00 -8.696107873978743186e+00
-2.892739273927392940e+00 -8.694476204433543742e+00
-2.892134213421342359e+00 -8.692844572018744387e+00
-2.891529152915291334e+00 -8.691212976752627384e+00
-2.890924092409241197e+00 -8.689581418653464340e+00
-2.890319031903190172e+00 -8.687949897739530414e+00
-2.889713971397140035e+00 -8.686318414029100765e+00
-2.889108910891089010e+00 -8.684686967540441671e+00
-2.888503850385038874e+00 -8.683055558291842502e+00
-2.887898789878987849e+00 -8.681424186301560653e+00
-2.887293729372937712e+00 -8.679792851587881941e+00
-2.886688668866886687e+00 -8.678161554169076197e+00
-2.886083608360836106e+00 -8.676530294063416804e+00
-2.885478547854785525e+00 -8.674899071289182473e+00
-2.884873487348734944e+00 -8.673267885864643034e+00
-2.884268426842684363e+00 -8.671636737808073647e+00
-2.883663366336633782e+00 -8.670005627137751247e+00
-2.883058305830583201e+00 -8.668374553871945665e+00
-2.882453245324532620e+00 -8.666743518028933835e+00
-2.881848184818482039e+00 -8.665112519626992693e+00
-2.881243124312431458e+00 -8.663481558684390293e+00
-2.880638063806380877e+00 -8.661850635219403571e+00
-2.880033003300329852e+00 -8.660219749250307686e+00
-2.879427942794279716e+00 -8.658588900795377796e+00
-2.878822882288228691e+00 -8.656958089872887285e+00
-2.878217821782178554e+00 -8.655327316501105983e+00
-2.877612761276127529e+00 -8.653696580698314378e+00
-2.877007700770077392e+00 -8.652065882482784076e+00
-2.876402640264026367e+00 -8.650435221872792013e+00
-2.875797579757976230e+00 -8.648804598886609796e+00
-2.875192519251925205e+00 -8.647174013542507254e+00
-2.874587458745874624e+00 -8.645543465858766652e+00
-2.873982398239824043e+00 -8.643912955853657820e+00
-2.873377337733773462e+00 -8.642282483545457694e+00
-2.872772277227722881e+00 -8.640652048952437880e+00
-2.872167216721672300e+00 -8.639021652092875314e+00
-2.871562156215621719e+00 -8.637391292985039826e+00
-2.870957095709571139e+00 -8.635760971647208351e+00
-2.870352035203520558e+00 -8.634130688097654271e+00
-2.869746974697469977e+00 -8.632500442354658077e+00
-2.869141914191419396e+00 -8.630870234436482491e+00
-2.868536853685368371e+00 -8.629240064361411555e+00
-2.867931793179318234e+00 -8.627609932147715099e+00
-2.867326732673267209e+00 -8.625979837813666506e+00
-2.866721672167217072e+00 -8.624349781377544488e+00
-2.866116611661166047e+00 -8.622719762857615322e+00
-2.865511551155115910e+00 -8.621089782272164825e+00
-2.864906490649064885e+00 -8.619459839639457499e+00
-2.864301430143014748e+00 -8.617829934977773831e+00
-2.863696369636963723e+00 -8.616200068305381876e+00
-2.863091309130913142e+00 -8.614570239640558569e+00
-2.862486248624862561e+00 -8.612940449001579069e+00
-2.861881188118811981e+00 -8.611310696406718534e+00
-2.861276127612761400e+00 -8.609680981874248573e+00
-2.860671067106710819e+00 -8.608051305422446120e+00
-2.860066006600660238e+00 -8.606421667069584558e+00
-2.859460946094609657e+00 -8.604792066833935493e+00
-2.858855885588559076e+00 -8.603162504733777638e+00
-2.858250825082508051e+00 -8.601532980787380822e+00
-2.857645764576457914e+00 -8.599903495013023758e+00
-2.857040704070406889e+00 -8.598274047428974498e+00
-2.856435643564356752e+00 -8.596644638053515308e+00
-2.855830583058305727e+00 -8.595015266904916018e+00
-2.855225522552255590e+00 -8.593385934001446458e+00
-2.854620462046204565e+00 -8.591756639361390668e+00
-2.854015401540154429e+00 -8.590127383003016703e+00
-2.853410341034103404e+00 -8.588498164944596169e+00
-2.852805280528052823e+00 -8.586868985204409555e+00
-2.852200220022002242e+00 -8.585239843800730242e+00
-2.851595159515951661e+00 -8.583610740751828061e+00
-2.850990099009901080e+00 -8.581981676075981724e+00
-2.850385038503850499e+00 -8.580352649791462838e+00
-2.849779977997799918e+00 -8.578723661916548338e+00
-2.849174917491749337e+00 -8.577094712469508053e+00
-2.848569856985698756e+00 -8.575465801468620697e+00
-2.847964796479648175e+00 -8.573836928932156098e+00
-2.847359735973597594e+00 -8.572208094878394746e+00
-2.846754675467546569e+00 -8.570579299325601141e+00
-2.846149614961496432e+00 -8.568950542292062877e+00
-2.845544554455445407e+00 -8.567321823796039126e+00
-2.844939493949395271e+00 -8.565693143855817482e+00
-2.844334433443344246e+00 -8.564064502489665998e+00
-2.843729372937294109e+00 -8.562435899715859833e+00
-2.843124312431243084e+00 -8.560807335552670594e+00
-2.842519251925192947e+00 -8.559178810018378769e+00
-2.841914191419141922e+00 -8.557550323131248859e+00
-2.841309130913091341e+00 -8.555921874909564906e+00
-2.840704070407040760e+00 -8.554293465371596739e+00
-2.840099009900990179e+00 -8.552665094535619517e+00
-2.839493949394939598e+00 -8.551036762419904846e+00
-2.838888888888889017e+00 -8.549408469042729664e+00
-2.838283828382838436e+00 -8.547780214422369127e+00
-2.837678767876787855e+00 -8.546151998577096620e+00
-2.837073707370737274e+00 -8.544523821525183749e+00
-2.836468646864686693e+00 -8.542895683284907449e+00
-2.835863586358636113e+00 -8.541267583874541103e+00
-2.835258525852585088e+00 -8.539639523312358094e+00
-2.834653465346534951e+00 -8.538011501616637133e+00
-2.834048404840483926e+00 -8.536383518805646275e+00
-2.833443344334433789e+00 -8.534755574897662456e+00
-2.832838283828382764e+00 -8.533127669910962609e+00
-2.832233223322332627e+00 -8.531499803863814790e+00
-2.831628162816281602e+00 -8.529871976774499487e+00
-2.831023102310231465e+00 -8.528244188661288305e+00
-2.830418041804180440e+00 -8.526616439542452852e+00
-2.829812981298129859e+00 -8.524988729436273616e+00
-2.829207920792079278e+00 -8.523361058361018650e+00
-2.828602860286028697e+00 -8.521733426334966666e+00
-2.827997799779978116e+00 -8.520105833376387494e+00
-2.827392739273927535e+00 -8.518478279503559847e+00
-2.826787678767876955e+00 -8.516850764734755330e+00
-2.826182618261826374e+00 -8.515223289088250880e+00
-2.825577557755775793e+00 -8.513595852582314549e+00
-2.824972497249724768e+00 -8.511968455235226827e+00
-2.824367436743674631e+00 -8.510341097065261096e+00
-2.823762376237623606e+00 -8.508713778090687185e+00
-2.823157315731573469e+00 -8.507086498329787361e+00
-2.822552255225522444e+00 -8.505459257800827899e+00
-2.821947194719472307e+00 -8.503832056522085736e+00
-2.821342134213421282e+00 -8.502204894511837807e+00
-2.820737073707371145e+00 -8.500577771788357495e+00
-2.820132013201320120e+00 -8.498950688369914630e+00
-2.819526952695269983e+00 -8.497323644274786147e+00
-2.818921892189218958e+00 -8.495696639521247207e+00
-2.818316831683168378e+00 -8.494069674127571190e+00
-2.817711771177117797e+00 -8.492442748112031481e+00
-2.817106710671067216e+00 -8.490815861492906791e+00
-2.816501650165016635e+00 -8.489189014288470503e+00
-2.815896589658966054e+00 -8.487562206516988894e+00
-2.815291529152915473e+00 -8.485935438196742453e+00
-2.814686468646864892e+00 -8.484308709346004562e+00
-2.814081408140814311e+00 -8.482682019983052157e+00
-2.813476347634763286e+00 -8.481055370126153292e+00
-2.812871287128713149e+00 -8.479428759793590231e+00
-2.812266226622662124e+00 -8.477802189003631028e+00
-2.811661166116611987e+00 -8.476175657774552619e+00
-2.811056105610560962e+00 -8.474549166124626609e+00
-2.810451045104510825e+00 -8.472922714072128159e+00
-2.809845984598459800e+00 -8.471296301635334203e+00
-2.809240924092409664e+00 -8.469669928832516348e+00
-2.808635863586358639e+00 -8.468043595681949753e+00
-2.808030803080308058e+00 -8.466417302201907802e+00
-2.807425742574257477e+00 -8.464791048410669205e+00
-2.806820682068206896e+00 -8.463164834326502017e+00
-2.806215621562156315e+00 -8.461538659967683174e+00
-2.805610561056105734e+00 -8.459912525352484280e+00
-2.805005500550055153e+00 -8.458286430499184050e+00
-2.804400440044004572e+00 -8.456660375426055865e+00
-2.803795379537953991e+00 -8.455034360151373107e+00
-2.803190319031903410e+00 -8.453408384693405608e+00
-2.802585258525852829e+00 -8.451782449070433856e+00
-2.801980198019801804e+00 -8.450156553300729456e+00
-2.801375137513751667e+00 -8.448530697402569345e+00
-2.800770077007700642e+00 -8.446904881394221576e+00
-2.800165016501650506e+00 -8.445279105293968414e+00
-2.799559955995599481e+00 -8.443653369120077912e+00
-2.798954895489549344e+00 -8.442027672890828782e+00
-2.798349834983498319e+00 -8.440402016624489079e+00
-2.797744774477448182e+00 -8.438776400339339290e+00
-2.797139713971397157e+00 -8.437150824053651021e+00
-2.796534653465346576e+00 -8.435525287785697657e+00
-2.795929592959295995e+00 -8.433899791553756131e+00
-2.795324532453245414e+00 -8.432274335376098051e+00
-2.794719471947194833e+00 -8.430648919271000352e+00
-2.794114411441144252e+00 -8.429023543256732864e+00
-2.793509350935093671e+00 -8.427398207351574300e+00
-2.792904290429043090e+00 -8.425772911573798041e+00
-2.792299229922992510e+00 -8.424147655941675694e+00
-2.791694169416941929e+00 -8.422522440473484195e+00
-2.791089108910891348e+00 -8.420897265187498704e+00
-2.790484048404840323e+00 -8.419272130101987273e+00
-2.789878987898790186e+00 -8.417647035235230391e+00
-2.789273927392739161e+00 -8.416021980605503217e+00
-2.788668866886689024e+00 -8.414396966231075581e+00
-2.788063806380637999e+00 -8.412771992130222642e+00
-2.787458745874587862e+00 -8.411147058321219561e+00
-2.786853685368536837e+00 -8.409522164822339718e+00
-2.786248624862486700e+00 -8.407897311651860051e+00
-2.785643564356435675e+00 -8.406272498828052164e+00
-2.785038503850385094e+00 -8.404647726369187666e+00
-2.784433443344334513e+00 -8.403022994293547043e+00
-2.783828382838283932e+00 -8.401398302619403680e+00
-2.783223322332233352e+00 -8.399773651365025628e+00
-2.782618261826182771e+00 -8.398149040548695154e+00
-2.782013201320132190e+00 -8.396524470188678535e+00
-2.781408140814081609e+00 -8.394899940303254482e+00
-2.780803080308031028e+00 -8.393275450910699931e+00
-2.780198019801980003e+00 -8.391651002029282935e+00
-2.779592959295929866e+00 -8.390026593677283984e+00
-2.778987898789878841e+00 -8.388402225872969353e+00
-2.778382838283828704e+00 -8.386777898634621309e+00
-2.777777777777777679e+00 -8.385153611980509680e+00
-2.777172717271727542e+00 -8.383529365928914956e+00
-2.776567656765676517e+00 -8.381905160498098084e+00
-2.775962596259626380e+00 -8.380280995706346658e+00
-2.775357535753575355e+00 -8.378656871571926956e+00
-2.774752475247524774e+00 -8.377032788113119466e+00
-2.774147414741474194e+00 -8.375408745348192241e+00
-2.773542354235423613e+00 -8.373784743295420441e+00
-2.772937293729373032e+00 -8.372160781973084553e+00
-2.772332233223322451e+00 -8.370536861399450856e+00
-2.771727172717271870e+00 -8.368912981592801614e+00
-2.771122112211221289e+00 -8.367289142571403104e+00
-2.770517051705170708e+00 -8.365665344353534039e+00
-2.769911991199120127e+00 -8.364041586957467800e+00
-2.769306930693069546e+00 -8.362417870401477771e+00
-2.768701870187018521e+00 -8.360794194703839111e+00
-2.768096809680968384e+00 -8.359170559882828755e+00
-2.767491749174917359e+00 -8.357546965956711205e+00
-2.766886688668867222e+00 -8.355923412943775830e+00
-2.766281628162816197e+00 -8.354299900862285355e+00
-2.765676567656766061e+00 -8.352676429730514940e+00
-2.765071507150715036e+00 -8.351052999566745072e+00
-2.764466446644664899e+00 -8.349429610389243805e+00
-2.763861386138613874e+00 -8.347806262216288076e+00
-2.763256325632563293e+00 -8.346182955066149489e+00
-2.762651265126512712e+00 -8.344559688957108534e+00
-2.762046204620462131e+00 -8.342936463907435041e+00
-2.761441144114411550e+00 -8.341313279935402392e+00
-2.760836083608360969e+00 -8.339690137059285746e+00
-2.760231023102310388e+00 -8.338067035297362040e+00
-2.759625962596259807e+00 -8.336443974667899326e+00
-2.759020902090209226e+00 -8.334820955189178093e+00
-2.758415841584158645e+00 -8.333197976879471724e+00
-2.757810781078108064e+00 -8.331575039757051826e+00
-2.757205720572057039e+00 -8.329952143840190004e+00
-2.756600660066006903e+00 -8.328329289147170300e+00
-2.755995599559955878e+00 -8.326706475696257215e+00
-2.755390539053905741e+00 -8.325083703505731236e+00
-2.754785478547854716e+00 -8.323460972593862195e+00
-2.754180418041804579e+00 -8.321838282978928802e+00
-2.753575357535753554e+00 -8.320215634679197336e+00
-2.752970297029703417e+00 -8.318593027712951837e+00
-2.752365236523652392e+00 -8.316970462098458583e+00
-2.751760176017601811e+00 -8.315347937853998062e+00
-2.751155115511551230e+00 -8.313725454997845432e+00
-2.750550055005500649e+00 -8.312103013548266972e+00
-2.749944994499450068e+00 -8.310480613523541393e+00
-2.749339933993399487e+00 -8.308858254941942079e+00
-2.748734873487348906e+00 -8.307235937821745964e+00
-2.748129812981298326e+00 -8.305613662181222878e+00
-2.747524752475247745e+00 -8.303991428038653311e+00
-2.746919691969197164e+00 -8.302369235412305315e+00
-2.746314631463146583e+00 -8.300747084320454050e+00
-2.745709570957095558e+00 -8.299124974781378228e+00
-2.745104510451045421e+00 -8.297502906813347678e+00
-2.744499449944994396e+00 -8.295880880434639337e+00
-2.743894389438944259e+00 -8.294258895663526587e+00
-2.743289328932893234e+00 -8.292636952518279259e+00
-2.742684268426843097e+00 -8.291015051017181392e+00
-2.742079207920792072e+00 -8.289393191178497489e+00
-2.741474147414741935e+00 -8.287771373020508037e+00
-2.740869086908690910e+00 -8.286149596561482866e+00
-2.740264026402640329e+00 -8.284527861819700689e+00
-2.739658965896589748e+00 -8.282906168813431336e+00
-2.739053905390539168e+00 -8.281284517560953518e+00
-2.738448844884488587e+00 -8.279662908080537065e+00
-2.737843784378438006e+00 -8.278041340390458913e+00
-2.737238723872387425e+00 -8.276419814508994222e+00
-2.736633663366336844e+00 -8.274798330454412820e+00
-2.736028602860286263e+00 -8.273176888244993421e+00
-2.735423542354235238e+00 -8.271555487899007630e+00
-2.734818481848185101e+00 -8.269934129434730607e+00
-2.734213421342134076e+00 -8.268312812870437511e+00
-2.733608360836083939e+00 -8.266691538224405278e+00
-2.733003300330032914e+00 -8.265070305514900184e+00
-2.732398239823982777e+00 -8.263449114760202718e+00
-2.731793179317931752e+00 -8.261827965978582711e+00
-2.731188118811881615e+00 -8.260206859188318873e+00
-2.730583058305830590e+00 -8.258585794407682812e+00
-2.729977997799780010e+00 -8.256964771654951463e+00
-2.729372937293729429e+00 -8.255343790948396432e+00
-2.728767876787678848e+00 -8.253722852306291102e+00
-2.728162816281628267e+00 -8.252101955746915962e+00
-2.727557755775577686e+00 -8.250481101288535513e+00
-2.726952695269527105e+00 -8.248860288949430242e+00
-2.726347634763476524e+00 -8.247239518747875309e+00
-2.725742574257425943e+00 -8.245618790702142320e+00
-2.725137513751375362e+00 -8.243998104830506435e+00
-2.724532453245324781e+00 -8.242377461151237483e+00
-2.723927392739273756e+00 -8.240756859682615953e+00
-2.723322332233223619e+00 -8.239136300442917005e+00
-2.722717271727172594e+00 -8.237515783450408691e+00
-2.722112211221122458e+00 -8.235895308723371500e+00
-2.721507150715071433e+00 -8.234274876280073485e+00
-2.720902090209021296e+00 -8.232654486138793359e+00
-2.720297029702970271e+00 -8.231034138317802729e+00
-2.719691969196920134e+00 -8.229413832835380305e+00
-2.719086908690869109e+00 -8.227793569709792365e+00
-2.718481848184818528e+00 -8.226173348959321174e+00
-2.717876787678767947e+00 -8.224553170602236563e+00
-2.717271727172717366e+00 -8.222933034656813689e+00
-2.716666666666666785e+00 -8.221312941141327713e+00
-2.716061606160616204e+00 -8.219692890074052016e+00
-2.715456545654565623e+00 -8.218072881473261759e+00
-2.714851485148515042e+00 -8.216452915357228548e+00
-2.714246424642464461e+00 -8.214832991744229318e+00
-2.713641364136413880e+00 -8.213213110652537452e+00
-2.713036303630363300e+00 -8.211593272100428109e+00
-2.712431243124312275e+00 -8.209973476106171120e+00
-2.711826182618262138e+00 -8.208353722688052301e+00
-2.711221122112211113e+00 -8.206734011864329048e+00
-2.710616061606160976e+00 -8.205114343653290732e+00
-2.710011001100109951e+00 -8.203494718073201852e+00
-2.709405940594059814e+00 -8.201875135142341122e+00
-2.708800880088008789e+00 -8.200255594878980148e+00
-2.708195819581958652e+00 -8.198636097301399417e+00
-2.707590759075907627e+00 -8.197016642427863431e+00
-2.706985698569857046e+00 -8.195397230276654454e+00
-2.706380638063806465e+00 -8.193777860866044094e+00
-2.705775577557755884e+00 -8.192158534214303955e+00
-2.705170517051705303e+00 -8.190539250339712751e+00
-2.704565456545654722e+00 -8.188920009260540311e+00
-2.703960396039604142e+00 -8.187300810995065348e+00
-2.703355335533553561e+00 -8.185681655561559467e+00
-2.702750275027502980e+00 -8.184062542978296051e+00
-2.702145214521451955e+00 -8.182443473263553813e+00
-2.701540154015401818e+00 -8.180824446435600805e+00
-2.700935093509350793e+00 -8.179205462512713964e+00
-2.700330033003300656e+00 -8.177586521513170226e+00
-2.699724972497249631e+00 -8.175967623455237643e+00
-2.699119911991199494e+00 -8.174348768357200257e+00
-2.698514851485148469e+00 -8.172729956237322568e+00
-2.697909790979098332e+00 -8.171111187113885066e+00
-2.697304730473047307e+00 -8.169492461005155803e+00
-2.696699669966997170e+00 -8.167873777929418821e+00
-2.696094609460946145e+00 -8.166255137904936845e+00
-2.695489548954895564e+00 -8.164636540949990362e+00
-2.694884488448844984e+00 -8.163017987082854532e+00
-2.694279427942794403e+00 -8.161399476321800961e+00
-2.693674367436743822e+00 -8.159781008685104808e+00
-2.693069306930693241e+00 -8.158162584191037681e+00
-2.692464246424642660e+00 -8.156544202857881842e+00
-2.691859185918592079e+00 -8.154925864703903571e+00
-2.691254125412541498e+00 -8.153307569747379802e+00
-2.690649064906490473e+00 -8.151689318006583918e+00
-2.690044004400440336e+00 -8.150071109499792854e+00
-2.689438943894389311e+00 -8.148452944245276441e+00
-2.688833883388339174e+00 -8.146834822261316944e+00
-2.688228822882288149e+00 -8.145216743566175310e+00
-2.687623762376238012e+00 -8.143598708178139134e+00
-2.687018701870186987e+00 -8.141980716115474692e+00
-2.686413641364136851e+00 -8.140362767396458921e+00
-2.685808580858085826e+00 -8.138744862039365202e+00
-2.685203520352035245e+00 -8.137127000062468696e+00
-2.684598459845984664e+00 -8.135509181484044561e+00
-2.683993399339934083e+00 -8.133891406322366180e+00
-2.683388338833883502e+00 -8.132273674595705160e+00
-2.682783278327832921e+00 -8.130655986322340212e+00
-2.682178217821782340e+00 -8.129038341520542943e+00
-2.681573157315731759e+00 -8.127420740208588512e+00
-2.680968096809681178e+00 -8.125803182404750302e+00
-2.680363036303630597e+00 -8.124185668127299920e+00
-2.679757975797580016e+00 -8.122568197394516076e+00
-2.679152915291528991e+00 -8.120950770224672155e+00
-2.678547854785478854e+00 -8.119333386636043315e+00
-2.677942794279427829e+00 -8.117716046646901162e+00
-2.677337733773377693e+00 -8.116098750275522633e+00
-2.676732673267326668e+00 -8.114481497540175781e+00
-2.676127612761276531e+00 -8.112864288459142870e+00
-2.675522552255225506e+00 -8.111247123050693730e+00
-2.674917491749175369e+00 -8.109630001333105298e+00
-2.674312431243124344e+00 -8.108012923324649179e+00
-2.673707370737073763e+00 -8.106395889043602310e+00
-2.673102310231023182e+00 -8.104778898508234519e+00
-2.672497249724972601e+00 -8.103161951736820967e+00
-2.671892189218922020e+00 -8.101545048747640365e+00
-2.671287128712871439e+00 -8.099928189558966096e+00
-2.670682068206820858e+00 -8.098311374189067990e+00
-2.670077007700770277e+00 -8.096694602656221207e+00
-2.669471947194719696e+00 -8.095077874978706234e+00
-2.668866886688669116e+00 -8.093461191174791125e+00
-2.668261826182618535e+00 -8.091844551262749263e+00
-2.667656765676567510e+00 -8.090227955260857584e+00
-2.667051705170517373e+00 -8.088611403187393023e+00
-2.666446644664466348e+00 -8.086994895060625410e+00
-2.665841584158416211e+00 -8.085378430898829905e+00
-2.665236523652365186e+00 -8.083762010720281665e+00
-2.664631463146315049e+00 -8.082145634543255852e+00
-2.664026402640264024e+00 -8.080529302386024071e+00
-2.663421342134213887e+00 -8.078913014266861481e+00
-2.662816281628162862e+00 -8.077296770204043241e+00
-2.662211221122112281e+00 -8.075680570215844511e+00
-2.661606160616061700e+00 -8.074064414320536898e+00
-2.661001100110011119e+00 -8.072448302536395559e+00
-2.660396039603960538e+00 -8.070832234881695655e+00
-2.659790979097909958e+00 -8.069216211374712344e+00
-2.659185918591859377e+00 -8.067600232033715457e+00
-2.658580858085808796e+00 -8.065984296876983706e+00
-2.657975797579758215e+00 -8.064368405922790473e+00
-2.657370737073707190e+00 -8.062752559189407364e+00
-2.656765676567657053e+00 -8.061136756695114869e+00
-2.656160616061606028e+00 -8.059520998458177488e+00
-2.655555555555555891e+00 -8.057905284496879261e+00
-2.654950495049504866e+00 -8.056289614829486467e+00
-2.654345434543454729e+00 -8.054673989474279594e+00
-2.653740374037403704e+00 -8.053058408449528471e+00
-2.653135313531353567e+00 -8.051442871773511811e+00
-2.652530253025302542e+00 -8.049827379464497668e+00
-2.651925192519251961e+00 -8.048211931540766528e+00
-2.651320132013201381e+00 -8.046596528020588224e+00
-2.650715071507150800e+00 -8.044981168922237913e+00
-2.650110011001100219e+00 -8.043365854263996084e+00
-2.649504950495049638e+00 -8.041750584064125462e+00
-2.648899889988999057e+00 -8.040135358340908311e+00
-2.648294829482948476e+00 -8.038520177112618015e+00
-2.647689768976897895e+00 -8.036905040397526179e+00
-2.647084708470847314e+00 -8.035289948213909739e+00
-2.646479647964796733e+00 -8.033674900580042078e+00
-2.645874587458745708e+00 -8.032059897514194802e+00
-2.645269526952695571e+00 -8.030444939034648399e+00
-2.644664466446644546e+00 -8.028830025159667372e+00
-2.644059405940594409e+00 -8.027215155907537536e+00
-2.643454345434543384e+00 -8.025600331296523393e+00
-2.642849284928493248e+00 -8.023985551344907208e+00
-2.642244224422442223e+00 -8.022370816070957034e+00
-2.641639163916392086e+00 -8.020756125492949806e+00
-2.641034103410341061e+00 -8.019141479629157132e+00
-2.640429042904290480e+00 -8.017526878497857723e+00
-2.639823982398239899e+00 -8.015912322117323185e+00
-2.639218921892189318e+00 -8.014297810505826902e+00
-2.638613861386138737e+00 -8.012683343681644033e+00
-2.638008800880088156e+00 -8.011068921663051512e+00
-2.637403740374037575e+00 -8.009454544468319170e+00
-2.636798679867986994e+00 -8.007840212115723943e+00
-2.636193619361936413e+00 -8.006225924623539214e+00
-2.635588558855885832e+00 -8.004611682010040141e+00
-2.634983498349835251e+00 -8.002997484293496555e+00
-2.634378437843784226e+00 -8.001383331492188944e+00
-2.633773377337734090e+00 -7.999769223624390690e+00
-2.633168316831683065e+00 -7.998155160708370737e+00
-2.632563256325632928e+00 -7.996541142762410459e+00
-2.631958195819581903e+00 -7.994927169804778799e+00
-2.631353135313531766e+00 -7.993313241853752693e+00
-2.630748074807480741e+00 -7.991699358927602859e+00
-2.630143014301430604e+00 -7.990085521044608008e+00
-2.629537953795379579e+00 -7.988471728223040635e+00
-2.628932893289328998e+00 -7.986857980481173236e+00
-2.628327832783278417e+00 -7.985244277837283633e+00
-2.627722772277227836e+00 -7.983630620309643433e+00
-2.627117711771177255e+00 -7.982017007916526907e+00
-2.626512651265126674e+00 -7.980403440676209215e+00
-2.625907590759076093e+00 -7.978789918606963738e+00
-2.625302530253025513e+00 -7.977176441727066525e+00
-2.624697469746974932e+00 -7.975563010054790958e+00
-2.624092409240924351e+00 -7.973949623608409532e+00
-2.623487348734873770e+00 -7.972336282406198293e+00
-2.622882288228822745e+00 -7.970722986466427962e+00
-2.622277227722772608e+00 -7.969109735807380801e+00
-2.621672167216721583e+00 -7.967496530447323977e+00
-2.621067106710671446e+00 -7.965883370404536201e+00
-2.620462046204620421e+00 -7.964270255697285528e+00
-2.619856985698570284e+00 -7.962657186343852445e+00
-2.619251925192519259e+00 -7.961044162362507670e+00
-2.618646864686469122e+00 -7.959431183771528140e+00
-2.618041804180418097e+00 -7.957818250589183684e+00
-2.617436743674367516e+00 -7.956205362833753902e+00
-2.616831683168316935e+00 -7.954592520523509513e+00
-2.616226622662266355e+00 -7.952979723676725676e+00
-2.615621562156215774e+00 -7.951366972311678438e+00
-2.615016501650165193e+00 -7.949754266446637629e+00
-2.614411441144114612e+00 -7.948141606099884626e+00
-2.613806380638064031e+00 -7.946528991289685706e+00
-2.613201320132013450e+00 -7.944916422034319581e+00
-2.612596259625962425e+00 -7.943303898352057857e+00
-2.611991199119912288e+00 -7.941691420261179246e+00
-2.611386138613861263e+00 -7.940078987779950914e+00
-2.610781078107811126e+00 -7.938466600926657790e+00
-2.610176017601760101e+00 -7.936854259719564375e+00
-2.609570957095709964e+00 -7.935241964176948493e+00
-2.608965896589658939e+00 -7.933629714317082637e+00
-2.608360836083608802e+00 -7.932017510158247298e+00
-2.607755775577557777e+00 -7.930405351718708751e+00
-2.607150715071507197e+00 -7.928793239016743044e+00
-2.606545654565456616e+00 -7.927181172070628001e+00
-2.605940594059406035e+00 -7.925569150898635229e+00
-2.605335533553355454e+00 -7.923957175519040774e+00
-2.604730473047304873e+00 -7.922345245950115356e+00
-2.604125412541254292e+00 -7.920733362210137685e+00
-2.603520352035203711e+00 -7.919121524317378480e+00
-2.602915291529153130e+00 -7.917509732290114677e+00
-2.602310231023102549e+00 -7.915897986146617882e+00
-2.601705170517051968e+00 -7.914286285905164142e+00
-2.601100110011000943e+00 -7.912674631584025953e+00
-2.600495049504950806e+00 -7.911063023201481137e+00
-2.599889988998899781e+00 -7.909451460775799525e+00
-2.599284928492849644e+00 -7.907839944325259829e+00
-2.598679867986798619e+00 -7.906228473868130102e+00
-2.598074807480748483e+00 -7.904617049422691721e+00
-2.597469746974697458e+00 -7.903005671007214517e+00
-2.596864686468647321e+00 -7.901394338639972759e+00
-2.596259625962596296e+00 -7.899783052339241607e+00
-2.595654565456545715e+00 -7.898171812123295332e+00
-2.595049504950495134e+00 -7.896560618010410870e+00
-2.594444444444444553e+00 -7.894949470018858051e+00
-2.593839383938393972e+00 -7.893338368166912034e+00
-2.593234323432343391e+00 -7.891727312472849754e+00
-2.592629262926292810e+00 -7.890116302954943706e+00
-2.592024202420242229e+00 -7.888505339631467272e+00
-2.591419141914191648e+00 -7.886894422520696502e+00
-2.590814081408141067e+00 -7.885283551640902999e+00
-2.590209020902090487e+00 -7.883672727010363701e+00
-2.589603960396039462e+00 -7.882061948647350214e+00
-2.588998899889989325e+00 -7.880451216570140360e+00
-2.588393839383938300e+00 -7.878840530797004860e+00
-2.587788778877888163e+00 -7.877229891346223312e+00
-2.587183718371837138e+00 -7.875619298236061105e+00
-2.586578657865787001e+00 -7.874008751484798729e+00
-2.585973597359735976e+00 -7.872398251110711342e+00
-2.585368536853685839e+00 -7.870787797132070551e+00
-2.584763476347634814e+00 -7.869177389567148850e+00
-2.584158415841584233e+00 -7.867567028434224952e+00
-2.583553355335533652e+00 -7.865956713751569573e+00
-2.582948294829483071e+00 -7.864346445537460539e+00
-2.582343234323432490e+00 -7.862736223810166791e+00
-2.581738173817381909e+00 -7.861126048587967041e+00
-2.581133113311331329e+00 -7.859515919889134672e+00
-2.580528052805280748e+00 -7.857905837731943954e+00
-2.579922992299230167e+00 -7.856295802134667383e+00
-2.579317931793179142e+00 -7.854685813115579229e+00
-2.578712871287129005e+00 -7.853075870692955540e+00
-2.578107810781077980e+00 -7.851465974885069699e+00
-2.577502750275027843e+00 -7.849856125710197752e+00
-2.576897689768976818e+00 -7.848246323186611306e+00
-2.576292629262926681e+00 -7.846636567332586409e+00
-2.575687568756875656e+00 -7.845026858166395556e+00
-2.575082508250825519e+00 -7.843417195706315681e+00
-2.574477447744774494e+00 -7.841807579970616615e+00
-2.573872387238724357e+00 -7.840198010977577958e+00
-2.573267326732673332e+00 -7.838588488745466876e+00
-2.572662266226622751e+00 -7.836979013292567409e+00
-2.572057205720572171e+00 -7.835369584637144058e+00
-2.571452145214521590e+00 -7.833760202797478200e+00
-2.570847084708471009e+00 -7.832150867791841442e+00
-2.570242024202420428e+00 -7.830541579638505389e+00
-2.569636963696369847e+00 -7.828932338355749643e+00
-2.569031903190319266e+00 -7.827323143961844920e+00
-2.568426842684268685e+00 -7.825713996475064604e+00
-2.567821782178217660e+00 -7.824104895913685631e+00
-2.567216721672167523e+00 -7.822495842295981383e+00
-2.566611661166116498e+00 -7.820886835640223467e+00
-2.566006600660066361e+00 -7.819277875964692370e+00
-2.565401540154015336e+00 -7.817668963287654371e+00
-2.564796479647965199e+00 -7.816060097627391734e+00
-2.564191419141914174e+00 -7.814451279002171624e+00
-2.563586358635864038e+00 -7.812842507430272754e+00
-2.562981298129813013e+00 -7.811233782929967617e+00
-2.562376237623762432e+00 -7.809625105519529598e+00
-2.561771177117711851e+00 -7.808016475217236518e+00
-2.561166116611661270e+00 -7.806407892041359098e+00
-2.560561056105610689e+00 -7.804799356010173383e+00
-2.559955995599560108e+00 -7.803190867141950982e+00
-2.559350935093509527e+00 -7.801582425454971492e+00
-2.558745874587458946e+00 -7.799974030967502969e+00
-2.558140814081408365e+00 -7.798365683697825901e+00
-2.557535753575357784e+00 -7.796757383664209229e+00
-2.556930693069307203e+00 -7.795149130884929001e+00
-2.556325632563256178e+00 -7.793540925378258599e+00
-2.555720572057206041e+00 -7.791932767162475848e+00
-2.555115511551155016e+00 -7.790324656255849689e+00
-2.554510451045104880e+00 -7.788716592676659722e+00
-2.553905390539053855e+00 -7.787108576443173114e+00
-2.553300330033003718e+00 -7.785500607573673904e+00
-2.552695269526952693e+00 -7.783892686086426593e+00
-2.552090209020902556e+00 -7.782284811999712559e+00
-2.551485148514851531e+00 -7.780676985331801632e+00
-2.550880088008800950e+00 -7.779069206100973410e+00
-2.550275027502750369e+00 -7.777461474325491508e+00
-2.549669966996699788e+00 -7.775853790023642631e+00
-2.549064906490649207e+00 -7.774246153213693944e+00
-2.548459845984598626e+00 -7.772638563913922383e+00
-2.547854785478548045e+00 -7.771031022142600442e+00
-2.547249724972497464e+00 -7.769423527918002392e+00
-2.546644664466446883e+00 -7.767816081258402505e+00
-2.546039603960396303e+00 -7.766208682182075940e+00
-2.545434543454345722e+00 -7.764601330707296967e+00
-2.544829482948294697e+00 -7.762994026852338969e+00
-2.544224422442244560e+00 -7.761386770635478882e+00
-2.543619361936193535e+00 -7.759779562074987425e+00
-2.543014301430143398e+00 -7.758172401189138867e+00
-2.542409240924092373e+00 -7.756565287996209257e+00
-2.541804180418042236e+00 -7.754958222514472865e+00
-2.541199119911991211e+00 -7.753351204762201299e+00
-2.540594059405941074e+00 -7.751744234757675045e+00
-2.539988998899890049e+00 -7.750137312519159494e+00
-2.539383938393839468e+00 -7.748530438064936909e+00
-2.538778877887788887e+00 -7.746923611413277122e+00
-2.538173817381738306e+00 -7.745316832582456179e+00
-2.537568756875687725e+00 -7.743710101590748351e+00
-2.536963696369637145e+00 -7.742103418456422581e+00
-2.536358635863586564e+00 -7.740496783197762021e+00
-2.535753575357535983e+00 -7.738890195833036501e+00
-2.535148514851485402e+00 -7.737283656380517627e+00
-2.534543454345434377e+00 -7.735677164858484112e+00
-2.533938393839384240e+00 -7.734070721285208450e+00
-2.533333333333333215e+00 -7.732464325678965800e+00
-2.532728272827283078e+00 -7.730857978058027768e+00
-2.532123212321232053e+00 -7.729251678440670403e+00
-2.531518151815181916e+00 -7.727645426845169752e+00
-2.530913091309130891e+00 -7.726039223289794755e+00
-2.530308030803080754e+00 -7.724433067792826790e+00
-2.529702970297029729e+00 -7.722826960372533023e+00
-2.529097909790979148e+00 -7.721220901047193053e+00
-2.528492849284928567e+00 -7.719614889835078486e+00
-2.527887788778877987e+00 -7.718008926754464483e+00
-2.527282728272827406e+00 -7.716403011823627089e+00
-2.526677667766776825e+00 -7.714797145060836137e+00
-2.526072607260726244e+00 -7.713191326484367671e+00
-2.525467546754675663e+00 -7.711585556112496853e+00
-2.524862486248625082e+00 -7.709979833963497953e+00
-2.524257425742574501e+00 -7.708374160055644353e+00
-2.523652365236523920e+00 -7.706768534407209437e+00
-2.523047304730472895e+00 -7.705162957036471028e+00
-2.522442244224422758e+00 -7.703557427961702508e+00
-2.521837183718371733e+00 -7.701951947201172821e+00
-2.521232123212321596e+00 -7.700346514773163342e+00
-2.520627062706270571e+00 -7.698741130695943014e+00
-2.520022002200220435e+00 -7.697135794987789659e+00
-2.519416941694169410e+00 -7.695530507666973996e+00
-2.518811881188119273e+00 -7.693925268751775626e+00
-2.518206820682068248e+00 -7.692320078260459937e+00
-2.517601760176017667e+00 -7.690714936211311858e+00
-2.516996699669967086e+00 -7.689109842622598556e+00
-2.516391639163916505e+00 -7.687504797512595189e+00
-2.515786578657865924e+00 -7.685899800899578693e+00
-2.515181518151815343e+00 -7.684294852801821563e+00
-2.514576457645764762e+00 -7.682689953237596292e+00
-2.513971397139714181e+00 -7.681085102225178929e+00
-2.513366336633663600e+00 -7.679480299782845520e+00
-2.512761276127613019e+00 -7.677875545928868561e+00
-2.512156215621562438e+00 -7.676270840681519658e+00
-2.511551155115511413e+00 -7.674666184059077523e+00
-2.510946094609461277e+00 -7.673061576079814650e+00
-2.510341034103410252e+00 -7.671457016762003533e+00
-2.509735973597360115e+00 -7.669852506123921998e+00
-2.509130913091309090e+00 -7.668248044183839873e+00
-2.508525852585258953e+00 -7.666643630960038536e+00
-2.507920792079207928e+00 -7.665039266470781598e+00
-2.507315731573157791e+00 -7.663434950734355766e+00
-2.506710671067106766e+00 -7.661830683769021988e+00
-2.506105610561056185e+00 -7.660226465593064304e+00
-2.505500550055005604e+00 -7.658622296224756099e+00
-2.504895489548955023e+00 -7.657018175682365424e+00
-2.504290429042904442e+00 -7.655414103984171881e+00
-2.503685368536853861e+00 -7.653810081148449740e+00
-2.503080308030803280e+00 -7.652206107193471496e+00
-2.502475247524752699e+00 -7.650602182137509644e+00
-2.501870187018702119e+00 -7.648998305998842895e+00
-2.501265126512651094e+00 -7.647394478795741968e+00
-2.500660066006600957e+00 -7.645790700546482910e+00
-2.500055005500549932e+00 -7.644186971269339992e+00
-2.499449944994499795e+00 -7.642583290982586597e+00
-2.498844884488448770e+00 -7.640979659704495219e+00
-2.498239823982398633e+00 -7.639376077453342795e+00
-2.497634763476347608e+00 -7.637772544247404483e+00
-2.497029702970297471e+00 -7.636169060104952777e+00
-2.496424642464246446e+00 -7.634565625044260173e+00
-2.495819581958196309e+00 -7.632962239083602718e+00
-2.495214521452145284e+00 -7.631358902241257347e+00
-2.494609460946094703e+00 -7.629755614535492114e+00
-2.494004400440044122e+00 -7.628152375984587508e+00
-2.493399339933993542e+00 -7.626549186606813358e+00
-2.492794279427942961e+00 -7.624946046420447487e+00
-2.492189218921892380e+00 -7.623342955443760616e+00
-2.491584158415841799e+00 -7.621739913695029678e+00
-2.490979097909791218e+00 -7.620136921192528057e+00
-2.490374037403740637e+00 -7.618533977954528247e+00
-2.489768976897689612e+00 -7.616931083999308072e+00
-2.489163916391639475e+00 -7.615328239345138250e+00
-2.488558855885588450e+00 -7.613725444010297494e+00
-2.487953795379538313e+00 -7.612122698013052968e+00
-2.487348734873487288e+00 -7.610520001371684273e+00
-2.486743674367437151e+00 -7.608917354104465680e+00
-2.486138613861386126e+00 -7.607314756229668795e+00
-2.485533553355335989e+00 -7.605712207765570554e+00
-2.484928492849284964e+00 -7.604109708730441675e+00
-2.484323432343234384e+00 -7.602507259142560869e+00
-2.483718371837183803e+00 -7.600904859020200632e+00
-2.483113311331133222e+00 -7.599302508381634347e+00
-2.482508250825082641e+00 -7.597700207245134507e+00
-2.481903190319032060e+00 -7.596097955628980714e+00
-2.481298129812981479e+00 -7.594495753551442796e+00
-2.480693069306930898e+00 -7.592893601030794137e+00
-2.480088008800880317e+00 -7.591291498085312561e+00
-2.479482948294829736e+00 -7.589689444733269674e+00
-2.478877887788779155e+00 -7.588087440992942412e+00
-2.478272827282728130e+00 -7.586485486882601492e+00
-2.477667766776677993e+00 -7.584883582420527404e+00
-2.477062706270626968e+00 -7.583281727624983759e+00
-2.476457645764576831e+00 -7.581679922514258152e+00
-2.475852585258525806e+00 -7.580078167106612419e+00
-2.475247524752475670e+00 -7.578476461420328825e+00
-2.474642464246424645e+00 -7.576874805473675423e+00
-2.474037403740374508e+00 -7.575273199284933590e+00
-2.473432343234323483e+00 -7.573671642872373155e+00
-2.472827282728272902e+00 -7.572070136254268391e+00
-2.472222222222222321e+00 -7.570468679448895344e+00
-2.471617161716171740e+00 -7.568867272474525620e+00
-2.471012101210121159e+00 -7.567265915349437044e+00
-2.470407040704070578e+00 -7.565664608091902998e+00
-2.469801980198019997e+00 -7.564063350720191536e+00
-2.469196919691969416e+00 -7.562462143252585811e+00
-2.468591859185918835e+00 -7.560860985707355653e+00
-2.467986798679868254e+00 -7.559259878102777108e+00
-2.467381738173817673e+00 -7.557658820457121784e+00
-2.466776677667766648e+00 -7.556057812788663952e+00
-2.466171617161716512e+00 -7.554456855115682323e+00
-2.465566556655665487e+00 -7.552855947456445840e+00
-2.464961496149615350e+00 -7.551255089829234102e+00
-2.464356435643564325e+00 -7.549654282252313386e+00
-2.463751375137514188e+00 -7.548053524743966847e+00
-2.463146314631463163e+00 -7.546452817322461648e+00
-2.462541254125413026e+00 -7.544852160006079167e+00
-2.461936193619362001e+00 -7.543251552813085681e+00
-2.461331133113311420e+00 -7.541650995761760790e+00
-2.460726072607260839e+00 -7.540050488870376988e+00
-2.460121012101210258e+00 -7.538450032157209435e+00
-2.459515951595159677e+00 -7.536849625640530626e+00
-2.458910891089109096e+00 -7.535249269338615719e+00
-2.458305830583058516e+00 -7.533648963269740761e+00
-2.457700770077007935e+00 -7.532048707452176473e+00
-2.457095709570957354e+00 -7.530448501904200675e+00
-2.456490649064906329e+00 -7.528848346644084089e+00
-2.455885588558856192e+00 -7.527248241690105424e+00
-2.455280528052805167e+00 -7.525648187060532734e+00
-2.454675467546755030e+00 -7.524048182773648286e+00
-2.454070407040704005e+00 -7.522448228847717466e+00
-2.453465346534653868e+00 -7.520848325301022541e+00
-2.452860286028602843e+00 -7.519248472151829787e+00
-2.452255225522552706e+00 -7.517648669418422358e+00
-2.451650165016501681e+00 -7.516048917119065642e+00
-2.451045104510451100e+00 -7.514449215272041904e+00
-2.450440044004400519e+00 -7.512849563895620975e+00
-2.449834983498349938e+00 -7.511249963008076236e+00
-2.449229922992299358e+00 -7.509650412627684624e+00
-2.448624862486248777e+00 -7.508050912772717744e+00
-2.448019801980198196e+00 -7.506451463461454310e+00
-2.447414741474147615e+00 -7.504852064712164150e+00
-2.446809680968097034e+00 -7.503252716543120648e+00
-2.446204620462046453e+00 -7.501653418972606069e+00
-2.445599559955995872e+00 -7.500054172018883136e+00
-2.444994499449944847e+00 -7.498454975700233227e+00
-2.444389438943894710e+00 -7.496855830034929724e+00
-2.443784378437843685e+00 -7.495256735041245122e+00
-2.443179317931793548e+00 -7.493657690737459909e+00
-2.442574257425742523e+00 -7.492058697141836809e+00
-2.441969196919692386e+00 -7.490459754272661641e+00
-2.441364136413641361e+00 -7.488860862148199793e+00
-2.440759075907591225e+00 -7.487262020786733530e+00
-2.440154015401540200e+00 -7.485663230206528240e+00
-2.439548954895489619e+00 -7.484064490425866190e+00
-2.438943894389439038e+00 -7.482465801463018096e+00
-2.438338833883388457e+00 -7.480867163336256453e+00
-2.437733773377337876e+00 -7.479268576063856422e+00
-2.437128712871287295e+00 -7.477670039664095825e+00
-2.436523652365236714e+00 -7.476071554155247156e+00
-2.435918591859186133e+00 -7.474473119555580247e+00
-2.435313531353135552e+00 -7.472874735883376474e+00
-2.434708470847084971e+00 -7.471276403156905666e+00
-2.434103410341034390e+00 -7.469678121394442094e+00
-2.433498349834983365e+00 -7.468079890614260030e+00
-2.432893289328933228e+00 -7.466481710834637298e+00
-2.432288228822882203e+00 -7.464883582073841950e+00
-2.431683168316832067e+00 -7.463285504350156252e+00
-2.431078107810781042e+00 -7.461687477681843816e+00
-2.430473047304730905e+00 -7.460089502087188684e+00
-2.429867986798679880e+00 -7.458491577584460686e+00
-2.429262926292629743e+00 -7.456893704191935868e+00
-2.428657865786578718e+00 -7.455295881927885837e+00
-2.428052805280528137e+00 -7.453698110810587529e+00
-2.427447744774477556e+00 -7.452100390858311663e+00
-2.426842684268426975e+00 -7.450502722089338725e+00
-2.426237623762376394e+00 -7.448905104521934106e+00
-2.425632563256325813e+00 -7.447307538174380070e+00
-2.425027502750275232e+00 -7.445710023064945560e+00
-2.424422442244224651e+00 -7.444112559211909286e+00
-2.423817381738174070e+00 -7.442515146633541967e+00
-2.423212321232123490e+00 -7.440917785348119651e+00
-2.422607260726072909e+00 -7.439320475373915720e+00
-2.422002200220021884e+00 -7.437723216729203557e+00
-2.421397139713971747e+00 -7.436126009432263650e+00
-2.420792079207920722e+00 -7.434528853501360501e+00
-2.420187018701870585e+00 -7.432931748954773710e+00
-2.419581958195819560e+00 -7.431334695810775770e+00
-2.418976897689769423e+00 -7.429737694087643618e+00
-2.418371837183718398e+00 -7.428140743803649748e+00
-2.417766776677668261e+00 -7.426543844977070208e+00
-2.417161716171617236e+00 -7.424946997626176604e+00
-2.416556655665566655e+00 -7.423350201769242318e+00
-2.415951595159516074e+00 -7.421753457424543399e+00
-2.415346534653465493e+00 -7.420156764610354116e+00
-2.414741474147414912e+00 -7.418560123344951407e+00
-2.414136413641364332e+00 -7.416963533646604212e+00
-2.413531353135313751e+00 -7.415366995533592132e+00
-2.412926292629263170e+00 -7.413770509024184108e+00
-2.412321232123212589e+00 -7.412174074136657964e+00
-2.411716171617161564e+00 -7.410577690889287084e+00
-2.411111111111111427e+00 -7.408981359300345737e+00
-2.410506050605060402e+00 -7.407385079388106419e+00
-2.409900990099010265e+00 -7.405788851170847842e+00
-2.409295929592959240e+00 -7.404192674666836282e+00
-2.408690869086909103e+00 -7.402596549894354894e+00
-2.408085808580858078e+00 -7.401000476871672618e+00
-2.407480748074807941e+00 -7.399404455617066390e+00
-2.406875687568756916e+00 -7.397808486148809592e+00
-2.406270627062706335e+00 -7.396212568485174721e+00
-2.405665566556655754e+00 -7.394616702644437822e+00
-2.405060506050605174e+00 -7.393020888644871391e+00
-2.404455445544554593e+00 -7.391425126504752363e+00
-2.403850385038504012e+00 -7.389829416242354121e+00
-2.403245324532453431e+00 -7.388233757875949159e+00
-2.402640264026402850e+00 -7.386638151423814413e+00
-2.402035203520352269e+00 -7.385042596904222378e+00
-2.401430143014301688e+00 -7.383447094335445549e+00
-2.400825082508251107e+00 -7.381851643735761748e+00
-2.400220022002200082e+00 -7.380256245123444359e+00
-2.399614961496149945e+00 -7.378660898516766764e+00
-2.399009900990098920e+00 -7.377065603934000571e+00
-2.398404840484048783e+00 -7.375470361393426266e+00
-2.397799779977997758e+00 -7.373875170913312793e+00
-2.397194719471947622e+00 -7.372280032511937087e+00
-2.396589658965896596e+00 -7.370684946207571642e+00
-2.395984598459846460e+00 -7.369089912018494282e+00
-2.395379537953795435e+00 -7.367494929962972172e+00
-2.394774477447744854e+00 -7.365900000059285802e+00
-2.394169416941694273e+00 -7.364305122325709441e+00
-2.393564356435643692e+00 -7.362710296780513808e+00
-2.392959295929593111e+00 -7.361115523441975839e+00
-2.392354235423542530e+00 -7.359520802328368916e+00
-2.391749174917491949e+00 -7.357926133457966422e+00
-2.391144114411441368e+00 -7.356331516849043517e+00
-2.390539053905390787e+00 -7.354736952519874471e+00
-2.389933993399340206e+00 -7.353142440488732667e+00
-2.389328932893289625e+00 -7.351547980773894153e+00
-2.388723872387238600e+00 -7.349953573393629647e+00
-2.388118811881188464e+00 -7.348359218366216972e+00
-2.387513751375137439e+00 -7.346764915709928623e+00
-2.386908690869087302e+00 -7.345170665443040647e+00
-2.386303630363036277e+00 -7.343576467583824652e+00
-2.385698569856986140e+00 -7.341982322150556683e+00
-2.385093509350935115e+00 -7.340388229161511902e+00
-2.384488448844884978e+00 -7.338794188634962801e+00
-2.383883388338833953e+00 -7.337200200589182764e+00
-2.383278327832783372e+00 -7.335606265042446950e+00
-2.382673267326732791e+00 -7.334012382013030518e+00
-2.382068206820682210e+00 -7.332418551519209515e+00
-2.381463146314631629e+00 -7.330824773579251108e+00
-2.380858085808581048e+00 -7.329231048211438448e+00
-2.380253025302530467e+00 -7.327637375434039591e+00
-2.379647964796479886e+00 -7.326043755265330581e+00
-2.379042904290429306e+00 -7.324450187723586581e+00
-2.378437843784378281e+00 -7.322856672827079194e+00
-2.377832783278328144e+00 -7.321263210594088910e+00
-2.377227722772277119e+00 -7.319669801042882007e+00
-2.376622662266226982e+00 -7.318076444191737195e+00
-2.376017601760175957e+00 -7.316483140058926971e+00
-2.375412541254125820e+00 -7.314889888662729156e+00
-2.374807480748074795e+00 -7.313296690021411806e+00
-2.374202420242024658e+00 -7.311703544153255407e+00
-2.373597359735973633e+00 -7.310110451076529792e+00
-2.372992299229923496e+00 -7.308517410809512782e+00
-2.372387238723872471e+00 -7.306924423370475097e+00
-2.371782178217821890e+00 -7.305331488777692783e+00
-2.371177117711771309e+00 -7.303738607049440112e+00
-2.370572057205720728e+00 -7.302145778203992244e+00
-2.369966996699670148e+00 -7.300553002259619895e+00
-2.369361936193619567e+00 -7.298960279234600890e+00
-2.368756875687568986e+00 -7.297367609147207723e+00
-2.368151815181518405e+00 -7.295774992015716442e+00
-2.367546754675467824e+00 -7.294182427858401319e+00
-2.366941694169416799e+00 -7.292589916693530405e+00
-2.366336633663366662e+00 -7.290997458539388631e+00
-2.365731573157315637e+00 -7.289405053414238722e+00
-2.365126512651265500e+00 -7.287812701336366494e+00
-2.364521452145214475e+00 -7.286220402324036449e+00
-2.363916391639164338e+00 -7.284628156395528187e+00
-2.363311331133113313e+00 -7.283035963569114202e+00
-2.362706270627063176e+00 -7.281443823863070541e+00
-2.362101210121012151e+00 -7.279851737295667036e+00
-2.361496149614961571e+00 -7.278259703885182397e+00
-2.360891089108910990e+00 -7.276667723649890007e+00
-2.360286028602860409e+00 -7.275075796608062362e+00
-2.359680968096809828e+00 -7.273483922777974620e+00
-2.359075907590759247e+00 -7.271892102177901940e+00
-2.358470847084708666e+00 -7.270300334826117705e+00
-2.357865786578658085e+00 -7.268708620740897963e+00
-2.357260726072607504e+00 -7.267116959940511656e+00
-2.356655665566556923e+00 -7.265525352443238383e+00
-2.356050605060506342e+00 -7.263933798267351527e+00
-2.355445544554455317e+00 -7.262342297431120919e+00
-2.354840484048405180e+00 -7.260750849952830599e+00
-2.354235423542354155e+00 -7.259159455850742404e+00
-2.353630363036304018e+00 -7.257568115143140375e+00
-2.353025302530252993e+00 -7.255976827848293453e+00
-2.352420242024202857e+00 -7.254385593984478575e+00
-2.351815181518151832e+00 -7.252794413569966459e+00
-2.351210121012101695e+00 -7.251203286623038480e+00
-2.350605060506050670e+00 -7.249612213161960916e+00
-2.350000000000000089e+00 -7.248021193205009816e+00
-2.349394939493949508e+00 -7.246430226770465666e+00
-2.348789878987898927e+00 -7.244839313876593856e+00
-2.348184818481848346e+00 -7.243248454541673986e+00
-2.347579757975797765e+00 -7.241657648783979440e+00
-2.346974697469747184e+00 -7.240066896621784487e+00
-2.346369636963696603e+00 -7.238476198073360734e+00
-2.345764576457646022e+00 -7.236885553156987783e+00
-2.345159515951595441e+00 -7.235294961890934573e+00
-2.344554455445544860e+00 -7.233704424293479818e+00
-2.343949394939493835e+00 -7.232113940382891570e+00
-2.343344334433443699e+00 -7.230523510177452096e+00
-2.342739273927392674e+00 -7.228933133695428559e+00
-2.342134213421342537e+00 -7.227342810955099672e+00
-2.341529152915291512e+00 -7.225752541974737042e+00
-2.340924092409241375e+00 -7.224162326772617604e+00
-2.340319031903190350e+00 -7.222572165367012076e+00
-2.339713971397140213e+00 -7.220982057776199170e+00
-2.339108910891089188e+00 -7.219392004018446940e+00
-2.338503850385038607e+00 -7.217802004112035874e+00
-2.337898789878988026e+00 -7.216212058075235802e+00
-2.337293729372937445e+00 -7.214622165926326325e+00
-2.336688668866886864e+00 -7.213032327683576383e+00
-2.336083608360836283e+00 -7.211442543365262026e+00
-2.335478547854785702e+00 -7.209852812989657522e+00
-2.334873487348735122e+00 -7.208263136575035368e+00
-2.334268426842684541e+00 -7.206673514139672498e+00
-2.333663366336633516e+00 -7.205083945701842296e+00
-2.333058305830583379e+00 -7.203494431279820809e+00
-2.332453245324532354e+00 -7.201904970891876090e+00
-2.331848184818482217e+00 -7.200315564556291292e+00
-2.331243124312431192e+00 -7.198726212291333582e+00
-2.330638063806381055e+00 -7.197136914115280781e+00
-2.330033003300330030e+00 -7.195547670046405386e+00
-2.329427942794279893e+00 -7.193958480102983444e+00
-2.328822882288228868e+00 -7.192369344303285672e+00
-2.328217821782178287e+00 -7.190780262665590783e+00
-2.327612761276127706e+00 -7.189191235208167718e+00
-2.327007700770077125e+00 -7.187602261949296079e+00
-2.326402640264026545e+00 -7.186013342907248358e+00
-2.325797579757975964e+00 -7.184424478100297939e+00
-2.325192519251925383e+00 -7.182835667546719094e+00
-2.324587458745874802e+00 -7.181246911264786092e+00
-2.323982398239824221e+00 -7.179658209272775871e+00
-2.323377337733773640e+00 -7.178069561588957370e+00
-2.322772277227723059e+00 -7.176480968231609303e+00
-2.322167216721672034e+00 -7.174892429219005052e+00
-2.321562156215621897e+00 -7.173303944569417112e+00
-2.320957095709570872e+00 -7.171715514301120642e+00
-2.320352035203520735e+00 -7.170127138432389913e+00
-2.319746974697469710e+00 -7.168538816981499195e+00
-2.319141914191419573e+00 -7.166950549966724537e+00
-2.318536853685368548e+00 -7.165362337406336657e+00
-2.317931793179318412e+00 -7.163774179318613378e+00
-2.317326732673267387e+00 -7.162186075721826306e+00
-2.316721672167216806e+00 -7.160598026634250601e+00
-2.316116611661166225e+00 -7.159010032074161423e+00
-2.315511551155115644e+00 -7.157422092059832153e+00
-2.314906490649065063e+00 -7.155834206609534398e+00
-2.314301430143014482e+00 -7.154246375741546871e+00
-2.313696369636963901e+00 -7.152658599474142065e+00
-2.313091309130913320e+00 -7.151070877825594252e+00
-2.312486248624862739e+00 -7.149483210814176815e+00
-2.311881188118812158e+00 -7.147895598458164024e+00
-2.311276127612761577e+00 -7.146308040775833703e+00
-2.310671067106710552e+00 -7.144720537785453907e+00
-2.310066006600660415e+00 -7.143133089505304234e+00
-2.309460946094609390e+00 -7.141545695953654516e+00
-2.308855885588559254e+00 -7.139958357148785240e+00
-2.308250825082508229e+00 -7.138371073108962683e+00
-2.307645764576458092e+00 -7.136783843852468223e+00
-2.307040704070407067e+00 -7.135196669397569913e+00
-2.306435643564356930e+00 -7.133609549762549129e+00
-2.305830583058305905e+00 -7.132022484965673037e+00
-2.305225522552255324e+00 -7.130435475025219461e+00
-2.304620462046204743e+00 -7.128848519959463559e+00
-2.304015401540154162e+00 -7.127261619786676050e+00
-2.303410341034103581e+00 -7.125674774525134758e+00
-2.302805280528053000e+00 -7.124087984193112177e+00
-2.302200220022002419e+00 -7.122501248808882579e+00
-2.301595159515951838e+00 -7.120914568390722010e+00
-2.300990099009901257e+00 -7.119327942956901190e+00
-2.300385038503850677e+00 -7.117741372525697052e+00
-2.299779977997800096e+00 -7.116154857115382093e+00
-2.299174917491749071e+00 -7.114568396744234136e+00
-2.298569856985698934e+00 -7.112981991430523010e+00
-2.297964796479647909e+00 -7.111395641192522987e+00
-2.297359735973597772e+00 -7.109809346048514556e+00
-2.296754675467546747e+00 -7.108223106016763104e+00
-2.296149614961496610e+00 -7.106636921115550010e+00
-2.295544554455445585e+00 -7.105050791363145990e+00
-2.294939493949395448e+00 -7.103464716777826204e+00
-2.294334433443344423e+00 -7.101878697377864036e+00
-2.293729372937293842e+00 -7.100292733181537308e+00
-2.293124312431243261e+00 -7.098706824207113186e+00
-2.292519251925192680e+00 -7.097120970472873935e+00
-2.291914191419142099e+00 -7.095535171997088497e+00
-2.291309130913091519e+00 -7.093949428798032919e+00
-2.290704070407040938e+00 -7.092363740893979696e+00
-2.290099009900990357e+00 -7.090778108303206650e+00
-2.289493949394939776e+00 -7.089192531043985390e+00
-2.288888888888888751e+00 -7.087607009134589298e+00
-2.288283828382838614e+00 -7.086021542593297085e+00
-2.287678767876787589e+00 -7.084436131438377693e+00
-2.287073707370737452e+00 -7.082850775688109835e+00
-2.286468646864686427e+00 -7.081265475360762451e+00
-2.285863586358636290e+00 -7.079680230474615144e+00
-2.285258525852585265e+00 -7.078095041047936853e+00
-2.284653465346535128e+00 -7.076509907099008956e+00
-2.284048404840484103e+00 -7.074924828646098618e+00
-2.283443344334433522e+00 -7.073339805707483663e+00
-2.282838283828382941e+00 -7.071754838301438362e+00
-2.282233223322332361e+00 -7.070169926446235209e+00
-2.281628162816281780e+00 -7.068585070160152917e+00
-2.281023102310231199e+00 -7.067000269461458650e+00
-2.280418041804180618e+00 -7.065415524368432898e+00
-2.279812981298130037e+00 -7.063830834899346378e+00
-2.279207920792079456e+00 -7.062246201072472473e+00
-2.278602860286028875e+00 -7.060661622906089896e+00
-2.277997799779978294e+00 -7.059077100418470252e+00
-2.277392739273927269e+00 -7.057492633627884260e+00
-2.276787678767877132e+00 -7.055908222552614184e+00
-2.276182618261826107e+00 -7.054323867210928078e+00
-2.275577557755775970e+00 -7.052739567621102879e+00
-2.274972497249724945e+00 -7.051155323801410191e+00
-2.274367436743674808e+00 -7.049571135770127839e+00
-2.273762376237623783e+00 -7.047987003545525653e+00
-2.273157315731573647e+00 -7.046402927145883233e+00
-2.272552255225522622e+00 -7.044818906589469520e+00
-2.271947194719472041e+00 -7.043234941894561452e+00
-2.271342134213421460e+00 -7.041651033079434185e+00
-2.270737073707370879e+00 -7.040067180162361993e+00
-2.270132013201320298e+00 -7.038483383161615592e+00
-2.269526952695269717e+00 -7.036899642095471918e+00
-2.268921892189219136e+00 -7.035315956982206131e+00
-2.268316831683168555e+00 -7.033732327840089837e+00
-2.267711771177117974e+00 -7.032148754687400860e+00
-2.267106710671067393e+00 -7.030565237542408141e+00
-2.266501650165016812e+00 -7.028981776423392169e+00
-2.265896589658965787e+00 -7.027398371348620998e+00
-2.265291529152915651e+00 -7.025815022336373339e+00
-2.264686468646864625e+00 -7.024231729404921687e+00
-2.264081408140814489e+00 -7.022648492572542089e+00
-2.263476347634763464e+00 -7.021065311857506153e+00
-2.262871287128713327e+00 -7.019482187278091700e+00
-2.262266226622662302e+00 -7.017899118852566787e+00
-2.261661166116612165e+00 -7.016316106599211899e+00
-2.261056105610561140e+00 -7.014733150536295980e+00
-2.260451045104510559e+00 -7.013150250682097742e+00
-2.259845984598459978e+00 -7.011567407054890566e+00
-2.259240924092409397e+00 -7.009984619672946948e+00
-2.258635863586358816e+00 -7.008401888554542936e+00
-2.258030803080308235e+00 -7.006819213717950134e+00
-2.257425742574257654e+00 -7.005236595181447257e+00
-2.256820682068207073e+00 -7.003654032963304132e+00
-2.256215621562156493e+00 -7.002071527081797697e+00
-2.255610561056105468e+00 -7.000489077555201334e+00
-2.255005500550055331e+00 -6.998906684401788425e+00
-2.254400440044004306e+00 -6.997324347639834130e+00
-2.253795379537954169e+00 -6.995742067287612720e+00
-2.253190319031903144e+00 -6.994159843363397577e+00
-2.252585258525853007e+00 -6.992577675885465638e+00
-2.251980198019801982e+00 -6.990995564872086732e+00
-2.251375137513751845e+00 -6.989413510341540459e+00
-2.250770077007700820e+00 -6.987831512312094873e+00
-2.250165016501650683e+00 -6.986249570802030462e+00
-2.249559955995599658e+00 -6.984667685829617056e+00
-2.248954895489549077e+00 -6.983085857413130704e+00
-2.248349834983498496e+00 -6.981504085570843898e+00
-2.247744774477447915e+00 -6.979922370321033576e+00
-2.247139713971397335e+00 -6.978340711681972230e+00
-2.246534653465346754e+00 -6.976759109671934134e+00
-2.245929592959296173e+00 -6.975177564309195333e+00
-2.245324532453245592e+00 -6.973596075612028322e+00
-2.244719471947195011e+00 -6.972014643598707373e+00
-2.244114411441143986e+00 -6.970433268287504980e+00
-2.243509350935093849e+00 -6.968851949696700743e+00
-2.242904290429042824e+00 -6.967270687844563604e+00
-2.242299229922992687e+00 -6.965689482749371386e+00
-2.241694169416941662e+00 -6.964108334429393921e+00
-2.241089108910891525e+00 -6.962527242902911695e+00
-2.240484048404840500e+00 -6.960946208188195428e+00
-2.239878987898790363e+00 -6.959365230303517613e+00
-2.239273927392739338e+00 -6.957784309267154299e+00
-2.238668866886688757e+00 -6.956203445097380644e+00
-2.238063806380638177e+00 -6.954622637812470032e+00
-2.237458745874587596e+00 -6.953041887430698509e+00
-2.236853685368537015e+00 -6.951461193970335906e+00
-2.236248624862486434e+00 -6.949880557449660046e+00
-2.235643564356435853e+00 -6.948299977886941647e+00
-2.235038503850385272e+00 -6.946719455300461199e+00
-2.234433443344334691e+00 -6.945138989708485866e+00
-2.233828382838284110e+00 -6.943558581129297913e+00
-2.233223322332233529e+00 -6.941978229581163617e+00
-2.232618261826182504e+00 -6.940397935082360803e+00
-2.232013201320132367e+00 -6.938817697651165517e+00
-2.231408140814081342e+00 -6.937237517305846701e+00
-2.230803080308031205e+00 -6.935657394064685732e+00
-2.230198019801980180e+00 -6.934077327945949776e+00
-2.229592959295930044e+00 -6.932497318967919320e+00
-2.228987898789879019e+00 -6.930917367148862418e+00
-2.228382838283828882e+00 -6.929337472507060447e+00
-2.227777777777777857e+00 -6.927757635060778796e+00
-2.227172717271727276e+00 -6.926177854828300617e+00
-2.226567656765676695e+00 -6.924598131827894854e+00
-2.225962596259626114e+00 -6.923018466077837552e+00
-2.225357535753575533e+00 -6.921438857596401206e+00
-2.224752475247524952e+00 -6.919859306401861865e+00
-2.224147414741474371e+00 -6.918279812512492022e+00
-2.223542354235423790e+00 -6.916700375946567725e+00
-2.222937293729373209e+00 -6.915120996722363245e+00
-2.222332233223322628e+00 -6.913541674858151964e+00
-2.221727172717272047e+00 -6.911962410372208154e+00
-2.221122112211221022e+00 -6.910383203282806974e+00
-2.220517051705170886e+00 -6.908804053608222695e+00
-2.219911991199119861e+00 -6.907224961366725147e+00
-2.219306930693069724e+00 -6.905645926576597482e+00
-2.218701870187018699e+00 -6.904066949256104202e+00
-2.218096809680968562e+00 -6.902488029423525795e+00
-2.217491749174917537e+00 -6.900909167097134755e+00
-2.216886688668867400e+00 -6.899330362295205354e+00
-2.216281628162816375e+00 -6.897751615036010087e+00
-2.215676567656765794e+00 -6.896172925337826776e+00
-2.215071507150715213e+00 -6.894594293218929693e+00
-2.214466446644664632e+00 -6.893015718697586891e+00
-2.213861386138614051e+00 -6.891437201792079748e+00
-2.213256325632563470e+00 -6.889858742520678980e+00
-2.212651265126512889e+00 -6.888280340901660637e+00
-2.212046204620462309e+00 -6.886701996953297211e+00
-2.211441144114411728e+00 -6.885123710693862975e+00
-2.210836083608360703e+00 -6.883545482141631311e+00
-2.210231023102310566e+00 -6.881967311314880043e+00
-2.209625962596259541e+00 -6.880389198231878112e+00
-2.209020902090209404e+00 -6.878811142910908671e+00
-2.208415841584158379e+00 -6.877233145370234446e+00
-2.207810781078108242e+00 -6.875655205628142141e+00
-2.207205720572057217e+00 -6.874077323702892706e+00
-2.206600660066007080e+00 -6.872499499612772844e+00
-2.205995599559956055e+00 -6.870921733376044394e+00
-2.205390539053905474e+00 -6.869344025010994059e+00
-2.204785478547854893e+00 -6.867766374535884566e+00
-2.204180418041804312e+00 -6.866188781969000843e+00
-2.203575357535753731e+00 -6.864611247328611832e+00
-2.202970297029703151e+00 -6.863033770632990027e+00
-2.202365236523652570e+00 -6.861456351900411477e+00
-2.201760176017601989e+00 -6.859878991149151339e+00
-2.201155115511551408e+00 -6.858301688397482998e+00
-2.200550055005500827e+00 -6.856724443663681612e+00
-2.199944994499450246e+00 -6.855147256966020564e+00
-2.199339933993399221e+00 -6.853570128322772348e+00
-2.198734873487349084e+00 -6.851993057752214789e+00
-2.198129812981298059e+00 -6.850416045272618604e+00
-2.197524752475247922e+00 -6.848839090902261617e+00
-2.196919691969196897e+00 -6.847262194659416323e+00
-2.196314631463146760e+00 -6.845685356562358770e+00
-2.195709570957095735e+00 -6.844108576629356122e+00
-2.195104510451045599e+00 -6.842531854878691533e+00
-2.194499449944994574e+00 -6.840955191328634832e+00
-2.193894389438943993e+00 -6.839378585997462068e+00
-2.193289328932893412e+00 -6.837802038903443957e+00
-2.192684268426842831e+00 -6.836225550064858325e+00
-2.192079207920792250e+00 -6.834649119499979442e+00
-2.191474147414741669e+00 -6.833072747227079802e+00
-2.190869086908691088e+00 -6.831496433264434565e+00
-2.190264026402640507e+00 -6.829920177630316225e+00
-2.189658965896589926e+00 -6.828343980343002606e+00
-2.189053905390539345e+00 -6.826767841420764427e+00
-2.188448844884488764e+00 -6.825191760881877734e+00
-2.187843784378437739e+00 -6.823615738744614134e+00
-2.187238723872387602e+00 -6.822039775027253228e+00
-2.186633663366336577e+00 -6.820463869748063068e+00
-2.186028602860286441e+00 -6.818888022925325032e+00
-2.185423542354235416e+00 -6.817312234577304508e+00
-2.184818481848185279e+00 -6.815736504722285538e+00
-2.184213421342134254e+00 -6.814160833378533511e+00
-2.183608360836084117e+00 -6.812585220564330690e+00
-2.183003300330033092e+00 -6.811009666297941578e+00
-2.182398239823982511e+00 -6.809434170597648439e+00
-2.181793179317931930e+00 -6.807858733481722879e+00
-2.181188118811881349e+00 -6.806283354968440058e+00
-2.180583058305830768e+00 -6.804708035076073358e+00
-2.179977997799780187e+00 -6.803132773822896162e+00
-2.179372937293729606e+00 -6.801557571227185406e+00
-2.178767876787679025e+00 -6.799982427307213584e+00
-2.178162816281628444e+00 -6.798407342081253191e+00
-2.177557755775577863e+00 -6.796832315567579386e+00
-2.176952695269527283e+00 -6.795257347784471769e+00
-2.176347634763476258e+00 -6.793682438750195729e+00
-2.175742574257426121e+00 -6.792107588483032643e+00
-2.175137513751375096e+00 -6.790532797001252341e+00
-2.174532453245324959e+00 -6.788958064323131758e+00
-2.173927392739273934e+00 -6.787383390466942501e+00
-2.173322332233223797e+00 -6.785808775450961505e+00
-2.172717271727172772e+00 -6.784234219293462154e+00
-2.172112211221122635e+00 -6.782659722012718717e+00
-2.171507150715071610e+00 -6.781085283627003690e+00
-2.170902090209021029e+00 -6.779510904154593121e+00
-2.170297029702970448e+00 -6.777936583613761279e+00
-2.169691969196919867e+00 -6.776362322022782436e+00
-2.169086908690869286e+00 -6.774788119399931752e+00
-2.168481848184818706e+00 -6.773213975763479056e+00
-2.167876787678768125e+00 -6.771639891131703948e+00
-2.167271727172717544e+00 -6.770065865522878923e+00
-2.166666666666666963e+00 -6.768491898955276476e+00
-2.166061606160615938e+00 -6.766917991447170877e+00
-2.165456545654565801e+00 -6.765344143016839951e+00
-2.164851485148514776e+00 -6.763770353682552638e+00
-2.164246424642464639e+00 -6.762196623462589429e+00
-2.163641364136413614e+00 -6.760622952375221040e+00
-2.163036303630363477e+00 -6.759049340438721742e+00
-2.162431243124312452e+00 -6.757475787671364031e+00
-2.161826182618262315e+00 -6.755902294091425730e+00
-2.161221122112211290e+00 -6.754328859717178446e+00
-2.160616061606160709e+00 -6.752755484566899113e+00
-2.160011001100110128e+00 -6.751182168658859339e+00
-2.159405940594059548e+00 -6.749608912011332507e+00
-2.158800880088008967e+00 -6.748035714642599103e+00
-2.158195819581958386e+00 -6.746462576570924519e+00
-2.157590759075907805e+00 -6.744889497814589241e+00
-2.156985698569857224e+00 -6.743316478391866653e+00
-2.156380638063806643e+00 -6.741743518321029249e+00
-2.155775577557756062e+00 -6.740170617620353077e+00
-2.155170517051705481e+00 -6.738597776308109744e+00
-2.154565456545654456e+00 -6.737024994402574407e+00
-2.153960396039604319e+00 -6.735452271922024892e+00
-2.153355335533553294e+00 -6.733879608884728363e+00
-2.152750275027503157e+00 -6.732307005308966197e+00
-2.152145214521452132e+00 -6.730734461213010000e+00
-2.151540154015401995e+00 -6.729161976615133156e+00
-2.150935093509350970e+00 -6.727589551533609935e+00
-2.150330033003300834e+00 -6.726017185986716385e+00
-2.149724972497249809e+00 -6.724444879992724111e+00
-2.149119911991199228e+00 -6.722872633569910938e+00
-2.148514851485148647e+00 -6.721300446736545808e+00
-2.147909790979098066e+00 -6.719728319510910097e+00
-2.147304730473047485e+00 -6.718156251911269194e+00
-2.146699669966996904e+00 -6.716584243955905364e+00
-2.146094609460946323e+00 -6.715012295663089326e+00
-2.145489548954895742e+00 -6.713440407051097125e+00
-2.144884488448845161e+00 -6.711868578138197705e+00
-2.144279427942794580e+00 -6.710296808942672442e+00
-2.143674367436743999e+00 -6.708725099482791165e+00
-2.143069306930692974e+00 -6.707153449776827259e+00
-2.142464246424642837e+00 -6.705581859843059434e+00
-2.141859185918591812e+00 -6.704010329699757520e+00
-2.141254125412541676e+00 -6.702438859365202006e+00
-2.140649064906490651e+00 -6.700867448857657394e+00
-2.140044004400440514e+00 -6.699296098195407723e+00
-2.139438943894389489e+00 -6.697724807396719271e+00
-2.138833883388339352e+00 -6.696153576479872527e+00
-2.138228822882288327e+00 -6.694582405463137320e+00
-2.137623762376237746e+00 -6.693011294364790587e+00
-2.137018701870187165e+00 -6.691440243203104821e+00
-2.136413641364136584e+00 -6.689869251996356070e+00
-2.135808580858086003e+00 -6.688298320762817717e+00
-2.135203520352035422e+00 -6.686727449520764033e+00
-2.134598459845984841e+00 -6.685156638288468400e+00
-2.133993399339934260e+00 -6.683585887084205091e+00
-2.133388338833883680e+00 -6.682015195926250151e+00
-2.132783278327832654e+00 -6.680444564832875187e+00
-2.132178217821782518e+00 -6.678873993822358912e+00
-2.131573157315731493e+00 -6.677303482912970267e+00
-2.130968096809681356e+00 -6.675733032122987076e+00
-2.130363036303630331e+00 -6.674162641470680946e+00
-2.129757975797580194e+00 -6.672592310974329699e+00
-2.129152915291529169e+00 -6.671022040652202278e+00
-2.128547854785479032e+00 -6.669451830522580948e+00
-2.127942794279428007e+00 -6.667881680603730210e+00
-2.127337733773377870e+00 -6.666311590913933216e+00
-2.126732673267326845e+00 -6.664741561471455356e+00
-2.126127612761276264e+00 -6.663171592294578005e+00
-2.125522552255225683e+00 -6.661601683401572771e+00
-2.124917491749175102e+00 -6.660031834810715701e+00
-2.124312431243124522e+00 -6.658462046540278401e+00
-2.123707370737073941e+00 -6.656892318608536918e+00
-2.123102310231023360e+00 -6.655322651033764636e+00
-2.122497249724972779e+00 -6.653753043834234049e+00
-2.121892189218922198e+00 -6.652183497028223869e+00
-2.121287128712871173e+00 -6.650614010634004813e+00
-2.120682068206821036e+00 -6.649044584669852931e+00
-2.120077007700770011e+00 -6.647475219154039827e+00
-2.119471947194719874e+00 -6.645905914104845102e+00
-2.118866886688668849e+00 -6.644336669540534146e+00
-2.118261826182618712e+00 -6.642767485479391887e+00
-2.117656765676567687e+00 -6.641198361939684602e+00
-2.117051705170517550e+00 -6.639629298939690116e+00
-2.116446644664466525e+00 -6.638060296497679147e+00
-2.115841584158415944e+00 -6.636491354631930406e+00
-2.115236523652365364e+00 -6.634922473360717277e+00
-2.114631463146314783e+00 -6.633353652702310477e+00
-2.114026402640264202e+00 -6.631784892674989607e+00
-2.113421342134213621e+00 -6.630216193297023608e+00
-2.112816281628163040e+00 -6.628647554586691193e+00
-2.112211221122112459e+00 -6.627078976562263080e+00
-2.111606160616061878e+00 -6.625510459242017092e+00
-2.111001100110011297e+00 -6.623942002644221283e+00
-2.110396039603960716e+00 -6.622373606787158806e+00
-2.109790979097909691e+00 -6.620805271689094162e+00
-2.109185918591859554e+00 -6.619236997368310504e+00
-2.108580858085808529e+00 -6.617668783843075886e+00
-2.107975797579758392e+00 -6.616100631131669019e+00
-2.107370737073707367e+00 -6.614532539252359733e+00
-2.106765676567657231e+00 -6.612964508223425852e+00
-2.106160616061606206e+00 -6.611396538063138983e+00
-2.105555555555556069e+00 -6.609828628789776062e+00
-2.104950495049505044e+00 -6.608260780421606917e+00
-2.104345434543454463e+00 -6.606692992976911150e+00
-2.103740374037403882e+00 -6.605125266473960366e+00
-2.103135313531353301e+00 -6.603557600931028837e+00
-2.102530253025302720e+00 -6.601989996366389946e+00
-2.101925192519252139e+00 -6.600422452798321515e+00
-2.101320132013201558e+00 -6.598854970245092488e+00
-2.100715071507150977e+00 -6.597287548724982464e+00
-2.100110011001100396e+00 -6.595720188256261274e+00
-2.099504950495049815e+00 -6.594152888857205852e+00
-2.098899889988999234e+00 -6.592585650546089582e+00
-2.098294829482948209e+00 -6.591018473341184958e+00
-2.097689768976898073e+00 -6.589451357260769804e+00
-2.097084708470847048e+00 -6.587884302323115726e+00
-2.096479647964796911e+00 -6.586317308546499660e+00
-2.095874587458745886e+00 -6.584750375949191437e+00
-2.095269526952695749e+00 -6.583183504549470655e+00
-2.094664466446644724e+00 -6.581616694365603593e+00
-2.094059405940594587e+00 -6.580049945415876067e+00
-2.093454345434543562e+00 -6.578483257718550803e+00
-2.092849284928492981e+00 -6.576916631291910065e+00
-2.092244224422442400e+00 -6.575350066154223683e+00
-2.091639163916391819e+00 -6.573783562323768592e+00
-2.091034103410341238e+00 -6.572217119818818176e+00
-2.090429042904290657e+00 -6.570650738657644929e+00
-2.089823982398240076e+00 -6.569084418858524899e+00
-2.089218921892189496e+00 -6.567518160439731467e+00
-2.088613861386138915e+00 -6.565951963419539794e+00
-2.088008800880087890e+00 -6.564385827816221486e+00
-2.087403740374037753e+00 -6.562819753648057031e+00
-2.086798679867986728e+00 -6.561253740933313594e+00
-2.086193619361936591e+00 -6.559687789690269888e+00
-2.085588558855885566e+00 -6.558121899937199295e+00
-2.084983498349835429e+00 -6.556556071692375198e+00
-2.084378437843784404e+00 -6.554990304974069204e+00
-2.083773377337734267e+00 -6.553424599800562689e+00
-2.083168316831683242e+00 -6.551858956190121930e+00
-2.082563256325632661e+00 -6.550293374161028304e+00
-2.081958195819582080e+00 -6.548727853731550752e+00
-2.081353135313531499e+00 -6.547162394919966211e+00
-2.080748074807480918e+00 -6.545596997744547174e+00
-2.080143014301430338e+00 -6.544031662223569690e+00
-2.079537953795379757e+00 -6.542466388375308028e+00
-2.078932893289329176e+00 -6.540901176218032909e+00
-2.078327832783278595e+00 -6.539336025770023042e+00
-2.077722772277228014e+00 -6.537770937049549147e+00
-2.077117711771177433e+00 -6.536205910074889935e+00
-2.076512651265126408e+00 -6.534640944864314349e+00
-2.075907590759076271e+00 -6.533076041436100212e+00
-2.075302530253025246e+00 -6.531511199808520018e+00
-2.074697469746975109e+00 -6.529946419999850704e+00
-2.074092409240924084e+00 -6.528381702028362099e+00
-2.073487348734873947e+00 -6.526817045912333803e+00
-2.072882288228822922e+00 -6.525252451670034759e+00
-2.072277227722772786e+00 -6.523687919319743678e+00
-2.071672167216721760e+00 -6.522123448879730390e+00
-2.071067106710671180e+00 -6.520559040368272719e+00
-2.070462046204620599e+00 -6.518994693803643159e+00
-2.069856985698570018e+00 -6.517430409204117758e+00
-2.069251925192519437e+00 -6.515866186587967235e+00
-2.068646864686468856e+00 -6.514302025973468524e+00
-2.068041804180418275e+00 -6.512737927378897673e+00
-2.067436743674367694e+00 -6.511173890822524513e+00
-2.066831683168317113e+00 -6.509609916322626866e+00
-2.066226622662266532e+00 -6.508046003897474563e+00
-2.065621562156215951e+00 -6.506482153565348092e+00
-2.065016501650164926e+00 -6.504918365344516396e+00
-2.064411441144114789e+00 -6.503354639253257297e+00
-2.063806380638063764e+00 -6.501790975309843290e+00
-2.063201320132013628e+00 -6.500227373532548647e+00
-2.062596259625962603e+00 -6.498663833939646750e+00
-2.061991199119912466e+00 -6.497100356549415423e+00
-2.061386138613861441e+00 -6.495536941380123608e+00
-2.060781078107811304e+00 -6.493973588450051793e+00
-2.060176017601760279e+00 -6.492410297777464478e+00
-2.059570957095709698e+00 -6.490847069380646595e+00
-2.058965896589659117e+00 -6.489283903277867971e+00
-2.058360836083608536e+00 -6.487720799487402878e+00
-2.057755775577557955e+00 -6.486157758027524700e+00
-2.057150715071507374e+00 -6.484594778916509483e+00
-2.056545654565456793e+00 -6.483031862172628834e+00
-2.055940594059406212e+00 -6.481469007814158800e+00
-2.055335533553355631e+00 -6.479906215859374541e+00
-2.054730473047304606e+00 -6.478343486326546774e+00
-2.054125412541254470e+00 -6.476780819233957764e+00
-2.053520352035203445e+00 -6.475218214599870237e+00
-2.052915291529153308e+00 -6.473655672442569120e+00
-2.052310231023102283e+00 -6.472093192780318915e+00
-2.051705170517052146e+00 -6.470530775631403664e+00
-2.051100110011001121e+00 -6.468968421014087866e+00
-2.050495049504950984e+00 -6.467406128946656452e+00
-2.049889988998899959e+00 -6.465843899447373033e+00
-2.049284928492849822e+00 -6.464281732534522540e+00
-2.048679867986798797e+00 -6.462719628226366808e+00
-2.048074807480748216e+00 -6.461157586541189879e+00
-2.047469746974697635e+00 -6.459595607497263359e+00
-2.046864686468647054e+00 -6.458033691112857966e+00
-2.046259625962596473e+00 -6.456471837406255077e+00
-2.045654565456545892e+00 -6.454910046395723633e+00
-2.045049504950495312e+00 -6.453348318099536129e+00
-2.044444444444444731e+00 -6.451786652535973943e+00
-2.043839383938394150e+00 -6.450225049723304238e+00
-2.043234323432343125e+00 -6.448663509679803951e+00
-2.042629262926292988e+00 -6.447102032423750018e+00
-2.042024202420241963e+00 -6.445540617973410491e+00
-2.041419141914191826e+00 -6.443979266347067636e+00
-2.040814081408140801e+00 -6.442417977562986842e+00
-2.040209020902090664e+00 -6.440856751639452149e+00
-2.039603960396039639e+00 -6.439295588594727171e+00
-2.038998899889989502e+00 -6.437734488447095949e+00
-2.038393839383938477e+00 -6.436173451214824759e+00
-2.037788778877887896e+00 -6.434612476916193202e+00
-2.037183718371837315e+00 -6.433051565569472885e+00
-2.036578657865786735e+00 -6.431490717192939854e+00
-2.035973597359736154e+00 -6.429929931804866605e+00
-2.035368536853685573e+00 -6.428369209423527408e+00
-2.034763476347634992e+00 -6.426808550067199199e+00
-2.034158415841584411e+00 -6.425247953754152697e+00
-2.033553355335533830e+00 -6.423687420502663059e+00
-2.032948294829483249e+00 -6.422126950331005446e+00
-2.032343234323432668e+00 -6.420566543257455905e+00
-2.031738173817381643e+00 -6.419006199300285154e+00
-2.031133113311331506e+00 -6.417445918477769240e+00
-2.030528052805280481e+00 -6.415885700808178882e+00
-2.029922992299230344e+00 -6.414325546309797232e+00
-2.029317931793179319e+00 -6.412765455000887904e+00
-2.028712871287129182e+00 -6.411205426899734050e+00
-2.028107810781078157e+00 -6.409645462024601947e+00
-2.027502750275028021e+00 -6.408085560393772973e+00
-2.026897689768976996e+00 -6.406525722025515179e+00
-2.026292629262926415e+00 -6.404965946938106391e+00
-2.025687568756875834e+00 -6.403406235149822656e+00
-2.025082508250825253e+00 -6.401846586678933804e+00
-2.024477447744774672e+00 -6.400287001543717658e+00
-2.023872387238724091e+00 -6.398727479762444048e+00
-2.023267326732673510e+00 -6.397168021353394352e+00
-2.022662266226622929e+00 -6.395608626334834845e+00
-2.022057205720572348e+00 -6.394049294725045129e+00
-2.021452145214521767e+00 -6.392490026542296810e+00
-2.020847084708471186e+00 -6.390930821804866824e+00
-2.020242024202420161e+00 -6.389371680531026776e+00
-2.019636963696370024e+00 -6.387812602739050938e+00
-2.019031903190318999e+00 -6.386253588447215357e+00
-2.018426842684268863e+00 -6.384694637673792528e+00
-2.017821782178217838e+00 -6.383135750437057609e+00
-2.017216721672167701e+00 -6.381576926755285761e+00
-2.016611661166116676e+00 -6.380018166646748590e+00
-2.016006600660066539e+00 -6.378459470129724806e+00
-2.015401540154015514e+00 -6.376900837222483354e+00
-2.014796479647964933e+00 -6.375342267943301167e+00
-2.014191419141914352e+00 -6.373783762310452516e+00
-2.013586358635863771e+00 -6.372225320342210786e+00
-2.012981298129813190e+00 -6.370666942056852911e+00
-2.012376237623762609e+00 -6.369108627472650497e+00
-2.011771177117712028e+00 -6.367550376607877816e+00
-2.011166116611661447e+00 -6.365992189480810914e+00
-2.010561056105610866e+00 -6.364434066109719623e+00
-2.009955995599559841e+00 -6.362876006512884430e+00
-2.009350935093509705e+00 -6.361318010708576054e+00
-2.008745874587458680e+00 -6.359760078715066101e+00
-2.008140814081408543e+00 -6.358202210550636835e+00
-2.007535753575357518e+00 -6.356644406233552758e+00
-2.006930693069307381e+00 -6.355086665782095245e+00
-2.006325632563256356e+00 -6.353528989214533240e+00
-2.005720572057206219e+00 -6.351971376549149895e+00
-2.005115511551155194e+00 -6.350413827804208822e+00
-2.004510451045105057e+00 -6.348856342997990510e+00
-2.003905390539054032e+00 -6.347298922148768341e+00
-2.003300330033003451e+00 -6.345741565274813922e+00
-2.002695269526952870e+00 -6.344184272394404189e+00
-2.002090209020902289e+00 -6.342627043525812525e+00
-2.001485148514851709e+00 -6.341069878687314088e+00
-2.000880088008801128e+00 -6.339512777897182261e+00
-2.000275027502750547e+00 -6.337955741173688651e+00
-1.999669966996699966e+00 -6.336398768535115522e+00
-1.999064906490649385e+00 -6.334841859999727376e+00
-1.998459845984598804e+00 -6.333285015585804700e+00
-1.997854785478548223e+00 -6.331728235311619990e+00
-1.997249724972497642e+00 -6.330171519195446628e+00
-1.996644664466447061e+00 -6.328614867255559773e+00
-1.996039603960396036e+00 -6.327058279510231031e+00
-1.995434543454345455e+00 -6.325501755977741780e+00
-1.994829482948294874e+00 -6.323945296676359185e+00
-1.994224422442244293e+00 -6.322388901624360180e+00
-1.993619361936193712e+00 -6.320832570840019038e+00
-1.993014301430143131e+00 -6.319276304341610029e+00
-1.992409240924092551e+00 -6.317720102147404759e+00
-1.991804180418041970e+00 -6.316163964275682829e+00
-1.991199119911991389e+00 -6.314607890744714069e+00
-1.990594059405940808e+00 -6.313051881572774526e+00
-1.989988998899890227e+00 -6.311495936778136695e+00
-1.989383938393839646e+00 -6.309940056379078399e+00
-1.988778877887789065e+00 -6.308384240393870357e+00
-1.988173817381738484e+00 -6.306828488840787728e+00
-1.987568756875687903e+00 -6.305272801738106558e+00
-1.986963696369637322e+00 -6.303717179104097568e+00
-1.986358635863586741e+00 -6.302161620957039467e+00
-1.985753575357536160e+00 -6.300606127315202087e+00
-1.985148514851485579e+00 -6.299050698196863252e+00
-1.984543454345434554e+00 -6.297495333620291902e+00
-1.983938393839383973e+00 -6.295940033603770303e+00
-1.983333333333333393e+00 -6.294384798165566508e+00
-1.982728272827282812e+00 -6.292829627323957453e+00
-1.982123212321232231e+00 -6.291274521097217409e+00
-1.981518151815181650e+00 -6.289719479503619759e+00
-1.980913091309131069e+00 -6.288164502561436109e+00
-1.980308030803080488e+00 -6.286609590288946059e+00
-1.979702970297029907e+00 -6.285054742704419439e+00
-1.979097909790979326e+00 -6.283499959826134074e+00
-1.978492849284928745e+00 -6.281945241672360680e+00
-1.977887788778878164e+00 -6.280390588261377971e+00
-1.977282728272827583e+00 -6.278835999611455776e+00
-1.976677667766777002e+00 -6.277281475740869254e+00
-1.976072607260726421e+00 -6.275727016667893565e+00
-1.975467546754675841e+00 -6.274172622410803868e+00
-1.974862486248625260e+00 -6.272618292987871769e+00
-1.974257425742574679e+00 -6.271064028417375091e+00
-1.973652365236523654e+00 -6.269509828717581890e+00
-1.973047304730473073e+00 -6.267955693906774428e+00
-1.972442244224422492e+00 -6.266401624003222537e+00
-1.971837183718371911e+00 -6.264847619025200487e+00
-1.971232123212321330e+00 -6.263293678990981661e+00
-1.970627062706270749e+00 -6.261739803918843883e+00
-1.970022002200220168e+00 -6.260185993827058759e+00
-1.969416941694169587e+00 -6.258632248733899672e+00
-1.968811881188119006e+00 -6.257078568657643558e+00
-1.968206820682068425e+00 -6.255524953616563799e+00
-1.967601760176017844e+00 -6.253971403628932002e+00
-1.966996699669967263e+00 -6.252417918713026879e+00
-1.966391639163916683e+00 -6.250864498887117371e+00
-1.965786578657866102e+00 -6.249311144169482191e+00
-1.965181518151815521e+00 -6.247757854578393832e+00
-1.964576457645764940e+00 -6.246204630132129232e+00
-1.963971397139714359e+00 -6.244651470848957331e+00
-1.963366336633663778e+00 -6.243098376747156841e+00
-1.962761276127613197e+00 -6.241545347844999370e+00
-1.962156215621562172e+00 -6.239992384160759187e+00
-1.961551155115511591e+00 -6.238439485712712340e+00
-1.960946094609461010e+00 -6.236886652519133101e+00
-1.960341034103410429e+00 -6.235333884598293963e+00
-1.959735973597359848e+00 -6.233781181968470086e+00
-1.959130913091309267e+00 -6.232228544647936630e+00
-1.958525852585258686e+00 -6.230675972654964312e+00
-1.957920792079208105e+00 -6.229123466007833620e+00
-1.957315731573157525e+00 -6.227571024724812609e+00
-1.956710671067106944e+00 -6.226018648824179103e+00
-1.956105610561056363e+00 -6.224466338324206482e+00
-1.955500550055005782e+00 -6.222914093243168132e+00
-1.954895489548955201e+00 -6.221361913599338322e+00
-1.954290429042904620e+00 -6.219809799410993989e+00
-1.953685368536854039e+00 -6.218257750696405850e+00
-1.953080308030803458e+00 -6.216705767473849065e+00
-1.952475247524752877e+00 -6.215153849761600569e+00
-1.951870187018702296e+00 -6.213601997577931080e+00
-1.951265126512651271e+00 -6.212050210941116646e+00
-1.950660066006600690e+00 -6.210498489869427985e+00
-1.950055005500550109e+00 -6.208946834381146473e+00
-1.949449944994499528e+00 -6.207395244494541053e+00
-1.948844884488448947e+00 -6.205843720227887772e+00
-1.948239823982398367e+00 -6.204292261599460012e+00
-1.947634763476347786e+00 -6.202740868627532045e+00
-1.947029702970297205e+00 -6.201189541330379029e+00
-1.946424642464246624e+00 -6.199638279726274348e+00
-1.945819581958196043e+00 -6.198087083833493161e+00
-1.945214521452145462e+00 -6.196535953670307961e+00
-1.944609460946094881e+00 -6.194984889254994798e+00
-1.944004400440044300e+00 -6.193433890605827052e+00
-1.943399339933993719e+00 -6.191882957741078997e+00
-1.942794279427943138e+00 -6.190332090679025789e+00
-1.942189218921892557e+00 -6.188781289437939037e+00
-1.941584158415841976e+00 -6.187230554036096564e+00
-1.940979097909791395e+00 -6.185679884491769087e+00
-1.940374037403740815e+00 -6.184129280823235320e+00
-1.939768976897689789e+00 -6.182578743048763315e+00
-1.939163916391639209e+00 -6.181028271186632672e+00
-1.938558855885588628e+00 -6.179477865255116775e+00
-1.937953795379538047e+00 -6.177927525272486342e+00
-1.937348734873487466e+00 -6.176377251257020973e+00
-1.936743674367436885e+00 -6.174827043226992274e+00
-1.936138613861386304e+00 -6.173276901200671851e+00
-1.935533553355335723e+00 -6.171726825196337529e+00
-1.934928492849285142e+00 -6.170176815232261802e+00
-1.934323432343234561e+00 -6.168626871326720718e+00
-1.933718371837183980e+00 -6.167076993497986770e+00
-1.933113311331133399e+00 -6.165527181764336007e+00
-1.932508250825082818e+00 -6.163977436144040034e+00
-1.931903190319032237e+00 -6.162427756655374012e+00
-1.931298129812981657e+00 -6.160878143316613098e+00
-1.930693069306931076e+00 -6.159328596146032453e+00
-1.930088008800880495e+00 -6.157779115161904571e+00
-1.929482948294829914e+00 -6.156229700382504610e+00
-1.928877887788778889e+00 -6.154680351826103291e+00
-1.928272827282728308e+00 -6.153131069510978435e+00
-1.927667766776677727e+00 -6.151581853455406979e+00
-1.927062706270627146e+00 -6.150032703677657864e+00
-1.926457645764576565e+00 -6.148483620196008914e+00
-1.925852585258525984e+00 -6.146934603028730848e+00
-1.925247524752475403e+00 -6.145385652194100601e+00
-1.924642464246424822e+00 -6.143836767710391555e+00
-1.924037403740374241e+00 -6.142287949595878871e+00
-1.923432343234323660e+00 -6.140739197868835930e+00
-1.922827282728273079e+00 -6.139190512547536116e+00
-1.922222222222222499e+00 -6.137641893650256364e+00
-1.921617161716171918e+00 -6.136093341195268280e+00
-1.921012101210121337e+00 -6.134544855200847024e+00
-1.920407040704070756e+00 -6.132996435685265979e+00
-1.919801980198020175e+00 -6.131448082666802080e+00
-1.919196919691969594e+00 -6.129899796163726933e+00
-1.918591859185919013e+00 -6.128351576194314809e+00
-1.917986798679868432e+00 -6.126803422776841757e+00
-1.917381738173817407e+00 -6.125255335929579381e+00
-1.916776677667766826e+00 -6.123707315670803730e+00
-1.916171617161716245e+00 -6.122159362018789963e+00
-1.915566556655665664e+00 -6.120611474991811463e+00
-1.914961496149615083e+00 -6.119063654608142500e+00
-1.914356435643564502e+00 -6.117515900886056457e+00
-1.913751375137513921e+00 -6.115968213843828494e+00
-1.913146314631463341e+00 -6.114420593499732881e+00
-1.912541254125412760e+00 -6.112873039872042114e+00
-1.911936193619362179e+00 -6.111325552979033127e+00
-1.911331133113311598e+00 -6.109778132838977527e+00
-1.910726072607261017e+00 -6.108230779470153138e+00
-1.910121012101210436e+00 -6.106683492890830678e+00
-1.909515951595159855e+00 -6.105136273119286194e+00
-1.908910891089109274e+00 -6.103589120173792182e+00
-1.908305830583058693e+00 -6.102042034072623800e+00
-1.907700770077008112e+00 -6.100495014834057983e+00
-1.907095709570957531e+00 -6.098948062476365450e+00
-1.906490649064906506e+00 -6.097401177017819585e+00
-1.905885588558855925e+00 -6.095854358476699097e+00
-1.905280528052805344e+00 -6.094307606871274707e+00
-1.904675467546754764e+00 -6.092760922219822461e+00
-1.904070407040704183e+00 -6.091214304540615743e+00
-1.903465346534653602e+00 -6.089667753851929710e+00
-1.902860286028603021e+00 -6.088121270172037747e+00
-1.902255225522552440e+00 -6.086574853519211459e+00
-1.901650165016501859e+00 -6.085028503911731335e+00
-1.901045104510451278e+00 -6.083482221367864540e+00
-1.900440044004400697e+00 -6.081936005905893339e+00
-1.899834983498350116e+00 -6.080389857544083121e+00
-1.899229922992299535e+00 -6.078843776300715263e+00
-1.898624862486248954e+00 -6.077297762194059594e+00
-1.898019801980198373e+00 -6.075751815242393938e+00
-1.897414741474147792e+00 -6.074205935463989015e+00
-1.896809680968097211e+00 -6.072660122877122646e+00
-1.896204620462046631e+00 -6.071114377500063775e+00
-1.895599559955995606e+00 -6.069568699351091112e+00
-1.894994499449945025e+00 -6.068023088448479818e+00
-1.894389438943894444e+00 -6.066477544810500611e+00
-1.893784378437843863e+00 -6.064932068455430425e+00
-1.893179317931793282e+00 -6.063386659401540868e+00
-1.892574257425742701e+00 -6.061841317667107987e+00
-1.891969196919692120e+00 -6.060296043270406052e+00
-1.891364136413641539e+00 -6.058750836229708447e+00
-1.890759075907590958e+00 -6.057205696563289443e+00
-1.890154015401540377e+00 -6.055660624289425087e+00
-1.889548954895489796e+00 -6.054115619426387873e+00
-1.888943894389439215e+00 -6.052570681992451185e+00
-1.888338833883388634e+00 -6.051025812005891069e+00
-1.887733773377338053e+00 -6.049481009484981797e+00
-1.887128712871287473e+00 -6.047936274447996752e+00
-1.886523652365236892e+00 -6.046391606913211092e+00
-1.885918591859186311e+00 -6.044847006898898201e+00
-1.885313531353135730e+00 -6.043302474423333237e+00
-1.884708470847085149e+00 -6.041758009504786919e+00
-1.884103410341034124e+00 -6.040213612161537071e+00
-1.883498349834983543e+00 -6.038669282411857964e+00
-1.882893289328932962e+00 -6.037125020274023868e+00
-1.882288228822882381e+00 -6.035580825766307278e+00
-1.881683168316831800e+00 -6.034036698906984242e+00
-1.881078107810781219e+00 -6.032492639714326366e+00
-1.880473047304730638e+00 -6.030948648206610585e+00
-1.879867986798680057e+00 -6.029404724402112947e+00
-1.879262926292629476e+00 -6.027860868319100618e+00
-1.878657865786578895e+00 -6.026317079975854085e+00
-1.878052805280528315e+00 -6.024773359390645844e+00
-1.877447744774477734e+00 -6.023229706581751941e+00
-1.876842684268427153e+00 -6.021686121567441319e+00
-1.876237623762376572e+00 -6.020142604365993577e+00
-1.875632563256325991e+00 -6.018599154995680323e+00
-1.875027502750275410e+00 -6.017055773474775826e+00
-1.874422442244224829e+00 -6.015512459821556135e+00
-1.873817381738174248e+00 -6.013969214054292856e+00
-1.873212321232123223e+00 -6.012426036191262035e+00
-1.872607260726072642e+00 -6.010882926250737057e+00
-1.872002200220022061e+00 -6.009339884250994857e+00
-1.871397139713971480e+00 -6.007796910210304375e+00
-1.870792079207920899e+00 -6.006254004146946990e+00
-1.870187018701870318e+00 -6.004711166079189866e+00
-1.869581958195819738e+00 -6.003168396025312603e+00
-1.868976897689769157e+00 -6.001625694003584144e+00
-1.868371837183718576e+00 -6.000083060032284088e+00
-1.867766776677667995e+00 -5.998540494129683154e+00
-1.867161716171617414e+00 -5.996997996314057389e+00
-1.866556655665566833e+00 -5.995455566603680175e+00
-1.865951595159516252e+00 -5.993913205016827561e+00
-1.865346534653465671e+00 -5.992370911571770264e+00
-1.864741474147415090e+00 -5.990828686286784333e+00
-1.864136413641364509e+00 -5.989286529180145813e+00
-1.863531353135313928e+00 -5.987744440270127200e+00
-1.862926292629263347e+00 -5.986202419575000988e+00
-1.862321232123212766e+00 -5.984660467113044113e+00
-1.861716171617161741e+00 -5.983118582902529070e+00
-1.861111111111111160e+00 -5.981576766961731906e+00
-1.860506050605060580e+00 -5.980035019308926003e+00
-1.859900990099009999e+00 -5.978493339962385633e+00
-1.859295929592959418e+00 -5.976951728940385067e+00
-1.858690869086908837e+00 -5.975410186261199463e+00
-1.858085808580858256e+00 -5.973868711943100429e+00
-1.857480748074807675e+00 -5.972327306004364011e+00
-1.856875687568757094e+00 -5.970785968463265370e+00
-1.856270627062706513e+00 -5.969244699338076998e+00
-1.855665566556655932e+00 -5.967703498647073168e+00
-1.855060506050605351e+00 -5.966162366408529927e+00
-1.854455445544554770e+00 -5.964621302640719769e+00
-1.853850385038504189e+00 -5.963080307361916965e+00
-1.853245324532453608e+00 -5.961539380590396675e+00
-1.852640264026403027e+00 -5.959998522344434946e+00
-1.852035203520352447e+00 -5.958457732642299831e+00
-1.851430143014301866e+00 -5.956917011502273596e+00
-1.850825082508250841e+00 -5.955376358942622517e+00
-1.850220022002200260e+00 -5.953835774981627083e+00
-1.849614961496149679e+00 -5.952295259637558900e+00
-1.849009900990099098e+00 -5.950754812928694015e+00
-1.848404840484048517e+00 -5.949214434873303148e+00
-1.847799779977997936e+00 -5.947674125489662345e+00
-1.847194719471947355e+00 -5.946133884796047653e+00
-1.846589658965896774e+00 -5.944593712810730679e+00
-1.845984598459846193e+00 -5.943053609551988359e+00
-1.845379537953795612e+00 -5.941513575038091410e+00
-1.844774477447745031e+00 -5.939973609287318546e+00
-1.844169416941694450e+00 -5.938433712317938706e+00
-1.843564356435643870e+00 -5.936893884148232381e+00
-1.842959295929593289e+00 -5.935354124796466735e+00
-1.842354235423542708e+00 -5.933814434280922256e+00
-1.841749174917492127e+00 -5.932274812619867888e+00
-1.841144114411441546e+00 -5.930735259831582340e+00
-1.840539053905390965e+00 -5.929195775934337220e+00
-1.839933993399340384e+00 -5.927656360946408576e+00
-1.839328932893289359e+00 -5.926117014886069789e+00
-1.838723872387238778e+00 -5.924577737771591579e+00
-1.838118811881188197e+00 -5.923038529621256210e+00
-1.837513751375137616e+00 -5.921499390453331735e+00
-1.836908690869087035e+00 -5.919960320286094202e+00
-1.836303630363036454e+00 -5.918421319137816994e+00
-1.835698569856985873e+00 -5.916882387026775270e+00
-1.835093509350935292e+00 -5.915343523971243300e+00
-1.834488448844884712e+00 -5.913804729989493580e+00
-1.833883388338834131e+00 -5.912266005099804822e+00
-1.833278327832783550e+00 -5.910727349320445967e+00
-1.832673267326732969e+00 -5.909188762669694839e+00
-1.832068206820682388e+00 -5.907650245165823932e+00
-1.831463146314631807e+00 -5.906111796827106630e+00
-1.830858085808581226e+00 -5.904573417671818980e+00
-1.830253025302530645e+00 -5.903035107718235253e+00
-1.829647964796480064e+00 -5.901496866984630607e+00
-1.829042904290429483e+00 -5.899958695489276650e+00
-1.828437843784378458e+00 -5.898420593250445876e+00
-1.827832783278327877e+00 -5.896882560286419661e+00
-1.827227722772277296e+00 -5.895344596615466060e+00
-1.826622662266226715e+00 -5.893806702255863783e+00
-1.826017601760176134e+00 -5.892268877225881774e+00
-1.825412541254125554e+00 -5.890731121543798743e+00
-1.824807480748074973e+00 -5.889193435227886297e+00
-1.824202420242024392e+00 -5.887655818296420485e+00
-1.823597359735973811e+00 -5.886118270767674687e+00
-1.822992299229923230e+00 -5.884580792659923176e+00
-1.822387238723872649e+00 -5.883043383991439335e+00
-1.821782178217822068e+00 -5.881506044780500098e+00
-1.821177117711771487e+00 -5.879968775045377072e+00
-1.820572057205720906e+00 -5.878431574804345416e+00
-1.819966996699670325e+00 -5.876894444075678514e+00
-1.819361936193619744e+00 -5.875357382877651524e+00
-1.818756875687569163e+00 -5.873820391228539606e+00
-1.818151815181518582e+00 -5.872283469146614365e+00
-1.817546754675468001e+00 -5.870746616650154515e+00
-1.816941694169416976e+00 -5.869209833757428108e+00
-1.816336633663366396e+00 -5.867673120486715632e+00
-1.815731573157315815e+00 -5.866136476856286919e+00
-1.815126512651265234e+00 -5.864599902884416238e+00
-1.814521452145214653e+00 -5.863063398589382302e+00
-1.813916391639164072e+00 -5.861526963989453165e+00
-1.813311331133113491e+00 -5.859990599102910203e+00
-1.812706270627062910e+00 -5.858454303948020581e+00
-1.812101210121012329e+00 -5.856918078543064787e+00
-1.811496149614961748e+00 -5.855381922906310876e+00
-1.810891089108911167e+00 -5.853845837056036672e+00
-1.810286028602860586e+00 -5.852309821010516444e+00
-1.809680968096810005e+00 -5.850773874788025353e+00
-1.809075907590759424e+00 -5.849237998406834116e+00
-1.808470847084708844e+00 -5.847702191885218781e+00
-1.807865786578658263e+00 -5.846166455241455395e+00
-1.807260726072607682e+00 -5.844630788493816453e+00
-1.806655665566557101e+00 -5.843095191660577115e+00
-1.806050605060506076e+00 -5.841559664760007209e+00
-1.805445544554455495e+00 -5.840024207810389001e+00
-1.804840484048404914e+00 -5.838488820829990544e+00
-1.804235423542354333e+00 -5.836953503837088775e+00
-1.803630363036303752e+00 -5.835418256849957075e+00
-1.803025302530253171e+00 -5.833883079886869716e+00
-1.802420242024202590e+00 -5.832347972966100080e+00
-1.801815181518152009e+00 -5.830812936105923328e+00
-1.801210121012101428e+00 -5.829277969324616393e+00
-1.800605060506050847e+00 -5.827743072640448219e+00
-1.800000000000000266e+00 -5.826208246071696628e+00
-1.799394939493949686e+00 -5.824673489645463498e+00
-1.798789878987899105e+00 -5.823138803424178001e+00
-1.798184818481848524e+00 -5.821604187479091586e+00
-1.797579757975797943e+00 -5.820069641881461031e+00
-1.796974697469747362e+00 -5.818535166702542227e+00
-1.796369636963696781e+00 -5.817000762013590176e+00
-1.795764576457646200e+00 -5.815466427885859879e+00
-1.795159515951595175e+00 -5.813932164390605450e+00
-1.794554455445544594e+00 -5.812397971599085444e+00
-1.793949394939494013e+00 -5.810863849582551310e+00
-1.793344334433443432e+00 -5.809329798412263379e+00
-1.792739273927392851e+00 -5.807795818159473100e+00
-1.792134213421342270e+00 -5.806261908895436363e+00
-1.791529152915291689e+00 -5.804728070691409059e+00
-1.790924092409241108e+00 -5.803194303618648853e+00
-1.790319031903190528e+00 -5.801660607748405418e+00
-1.789713971397139947e+00 -5.800126983151938198e+00
-1.789108910891089366e+00 -5.798593429900502194e+00
-1.788503850385038785e+00 -5.797059948065352408e+00
-1.787898789878988204e+00 -5.795526537717744731e+00
-1.787293729372937623e+00 -5.793993198928933275e+00
-1.786688668866887042e+00 -5.792459931770173931e+00
-1.786083608360836461e+00 -5.790926736312722589e+00
-1.785478547854785880e+00 -5.789393612627833363e+00
-1.784873487348735299e+00 -5.787860560786761255e+00
-1.784268426842684718e+00 -5.786327580860765707e+00
-1.783663366336633693e+00 -5.784794672921095504e+00
-1.783058305830583112e+00 -5.783261837039011866e+00
-1.782453245324532531e+00 -5.781729073285768905e+00
-1.781848184818481950e+00 -5.780196381732619848e+00
-1.781243124312431370e+00 -5.778663762450820585e+00
-1.780638063806380789e+00 -5.777131215511627893e+00
-1.780033003300330208e+00 -5.775598740986295887e+00
-1.779427942794279627e+00 -5.774066338946080457e+00
-1.778822882288229046e+00 -5.772534009462235716e+00
-1.778217821782178465e+00 -5.771001752606020219e+00
-1.777612761276127884e+00 -5.769469568448684527e+00
-1.777007700770077303e+00 -5.767937457061488971e+00
-1.776402640264026722e+00 -5.766405418515685000e+00
-1.775797579757976141e+00 -5.764873452882529392e+00
-1.775192519251925560e+00 -5.763341560233278926e+00
-1.774587458745874979e+00 -5.761809740639187716e+00
-1.773982398239824398e+00 -5.760277994171510763e+00
-1.773377337733773818e+00 -5.758746320901501292e+00
-1.772772277227722793e+00 -5.757214720900416971e+00
-1.772167216721672212e+00 -5.755683194239518130e+00
-1.771562156215621631e+00 -5.754151740990050889e+00
-1.770957095709571050e+00 -5.752620361223278245e+00
-1.770352035203520469e+00 -5.751089055010448092e+00
-1.769746974697469888e+00 -5.749557822422823428e+00
-1.769141914191419307e+00 -5.748026663531655700e+00
-1.768536853685368726e+00 -5.746495578408198135e+00
-1.767931793179318145e+00 -5.744964567123710175e+00
-1.767326732673267564e+00 -5.743433629749445934e+00
-1.766721672167216983e+00 -5.741902766356661303e+00
-1.766116611661166402e+00 -5.740371977016608618e+00
-1.765511551155115821e+00 -5.738841261800546434e+00
-1.764906490649065240e+00 -5.737310620779728865e+00
-1.764301430143014660e+00 -5.735780054025411800e+00
-1.763696369636964079e+00 -5.734249561608850243e+00
-1.763091309130913498e+00 -5.732719143601298306e+00
-1.762486248624862917e+00 -5.731188800074014544e+00
-1.761881188118812336e+00 -5.729658531098250407e+00
-1.761276127612761311e+00 -5.728128336745262672e+00
-1.760671067106710730e+00 -5.726598217086309006e+00
-1.760066006600660149e+00 -5.725068172192641747e+00
-1.759460946094609568e+00 -5.723538202135517672e+00
-1.758855885588558987e+00 -5.722008306986192672e+00
-1.758250825082508406e+00 -5.720478486815920860e+00
-1.757645764576457825e+00 -5.718948741695957239e+00
-1.757040704070407244e+00 -5.717419071697558586e+00
-1.756435643564356663e+00 -5.715889476891980792e+00
-1.755830583058306082e+00 -5.714359957350476193e+00
-1.755225522552255502e+00 -5.712830513144302458e+00
-1.754620462046204921e+00 -5.711301144344713698e+00
-1.754015401540154340e+00 -5.709771851022968470e+00
-1.753410341034103759e+00 -5.708242633250318221e+00
-1.752805280528053178e+00 -5.706713491098018842e+00
-1.752200220022002597e+00 -5.705184424637328000e+00
-1.751595159515952016e+00 -5.703655433939499808e+00
-1.750990099009901435e+00 -5.702126519075787492e+00
-1.750385038503850410e+00 -5.700597680117448718e+00
-1.749779977997799829e+00 -5.699068917135739376e+00
-1.749174917491749248e+00 -5.697540230201912692e+00
-1.748569856985698667e+00 -5.696011619387228109e+00
-1.747964796479648086e+00 -5.694483084762935299e+00
-1.747359735973597505e+00 -5.692954626400293705e+00
-1.746754675467546924e+00 -5.691426244370557441e+00
-1.746149614961496344e+00 -5.689897938744981509e+00
-1.745544554455445763e+00 -5.688369709594820911e+00
-1.744939493949395182e+00 -5.686841556991331537e+00
-1.744334433443344601e+00 -5.685313481005769276e+00
-1.743729372937294020e+00 -5.683785481709390908e+00
-1.743124312431243439e+00 -5.682257559173446992e+00
-1.742519251925192858e+00 -5.680729713469196085e+00
-1.741914191419142277e+00 -5.679201944667894963e+00
-1.741309130913091696e+00 -5.677674252840796854e+00
-1.740704070407041115e+00 -5.676146638059157645e+00
-1.740099009900990534e+00 -5.674619100394230564e+00
-1.739493949394939953e+00 -5.673091639917275053e+00
-1.738888888888888928e+00 -5.671564256699542561e+00
-1.738283828382838347e+00 -5.670036950812290755e+00
-1.737678767876787767e+00 -5.668509722326775524e+00
-1.737073707370737186e+00 -5.666982571314250983e+00
-1.736468646864686605e+00 -5.665455497845972133e+00
-1.735863586358636024e+00 -5.663928501993194864e+00
-1.735258525852585443e+00 -5.662401583827174179e+00
-1.734653465346534862e+00 -5.660874743419166855e+00
-1.734048404840484281e+00 -5.659347980840426118e+00
-1.733443344334433700e+00 -5.657821296162208746e+00
-1.732838283828383119e+00 -5.656294689455769742e+00
-1.732233223322332538e+00 -5.654768160792364107e+00
-1.731628162816281957e+00 -5.653241710243248619e+00
-1.731023102310231376e+00 -5.651715337879674728e+00
-1.730418041804180795e+00 -5.650189043772904540e+00
-1.729812981298130214e+00 -5.648662827994186841e+00
-1.729207920792079634e+00 -5.647136690614779297e+00
-1.728602860286029053e+00 -5.645610631705936910e+00
-1.727997799779978028e+00 -5.644084651338915570e+00
-1.727392739273927447e+00 -5.642558749584973832e+00
-1.726787678767876866e+00 -5.641032926515361368e+00
-1.726182618261826285e+00 -5.639507182201337621e+00
-1.725577557755775704e+00 -5.637981516714154928e+00
-1.724972497249725123e+00 -5.636455930125070068e+00
-1.724367436743674542e+00 -5.634930422505338932e+00
-1.723762376237623961e+00 -5.633404993926216520e+00
-1.723157315731573380e+00 -5.631879644458958722e+00
-1.722552255225522799e+00 -5.630354374174817877e+00
-1.721947194719472218e+00 -5.628829183145054316e+00
-1.721342134213421637e+00 -5.627304071440917710e+00
-1.720737073707371056e+00 -5.625779039133668391e+00
-1.720132013201320476e+00 -5.624254086294560473e+00
-1.719526952695269895e+00 -5.622729212994847181e+00
-1.718921892189219314e+00 -5.621204419305784405e+00
-1.718316831683168733e+00 -5.619679705298629813e+00
-1.717711771177118152e+00 -5.618155071044636628e+00
-1.717106710671067571e+00 -5.616630516615061630e+00
-1.716501650165016546e+00 -5.615106042081158932e+00
-1.715896589658965965e+00 -5.613581647514182649e+00
-1.715291529152915384e+00 -5.612057332985392222e+00
-1.714686468646864803e+00 -5.610533098566039101e+00
-1.714081408140814222e+00 -5.609008944327381840e+00
-1.713476347634763641e+00 -5.607484870340671890e+00
-1.712871287128713060e+00 -5.605960876677167803e+00
-1.712266226622662479e+00 -5.604436963408123695e+00
-1.711661166116611899e+00 -5.602913130604796343e+00
-1.711056105610561318e+00 -5.601389378338438974e+00
-1.710451045104510737e+00 -5.599865706680307476e+00
-1.709845984598460156e+00 -5.598342115701659516e+00
-1.709240924092409575e+00 -5.596818605473745656e+00
-1.708635863586358994e+00 -5.595295176067825338e+00
-1.708030803080308413e+00 -5.593771827555151788e+00
-1.707425742574257832e+00 -5.592248560006981783e+00
-1.706820682068207251e+00 -5.590725373494570327e+00
-1.706215621562156670e+00 -5.589202268089173309e+00
-1.705610561056105645e+00 -5.587679243862043954e+00
-1.705005500550055064e+00 -5.586156300884439041e+00
-1.704400440044004483e+00 -5.584633439227614460e+00
-1.703795379537953902e+00 -5.583110658962825212e+00
-1.703190319031903321e+00 -5.581587960161327189e+00
-1.702585258525852741e+00 -5.580065342894372726e+00
-1.701980198019802160e+00 -5.578542807233220380e+00
-1.701375137513751579e+00 -5.577020353249126039e+00
-1.700770077007700998e+00 -5.575497981013342930e+00
-1.700165016501650417e+00 -5.573975690597124277e+00
-1.699559955995599836e+00 -5.572453482071731301e+00
-1.698954895489549255e+00 -5.570931355508414562e+00
-1.698349834983498674e+00 -5.569409310978430838e+00
-1.697744774477448093e+00 -5.567887348553037796e+00
-1.697139713971397512e+00 -5.566365468303485997e+00
-1.696534653465346931e+00 -5.564843670301034884e+00
-1.695929592959296350e+00 -5.563321954616939458e+00
-1.695324532453245769e+00 -5.561800321322452945e+00
-1.694719471947195188e+00 -5.560278770488830347e+00
-1.694114411441144163e+00 -5.558757302187328442e+00
-1.693509350935093583e+00 -5.557235916489204897e+00
-1.692904290429043002e+00 -5.555714613465712048e+00
-1.692299229922992421e+00 -5.554193393188104899e+00
-1.691694169416941840e+00 -5.552672255727640227e+00
-1.691089108910891259e+00 -5.551151201155573034e+00
-1.690484048404840678e+00 -5.549630229543158322e+00
-1.689878987898790097e+00 -5.548109340961653757e+00
-1.689273927392739516e+00 -5.546588535482310789e+00
-1.688668866886688935e+00 -5.545067813176385307e+00
-1.688063806380638354e+00 -5.543547174115136755e+00
-1.687458745874587773e+00 -5.542026618369817470e+00
-1.686853685368537192e+00 -5.540506146011681565e+00
-1.686248624862486611e+00 -5.538985757111985819e+00
-1.685643564356436030e+00 -5.537465451741987010e+00
-1.685038503850385450e+00 -5.535945229972938364e+00
-1.684433443344334869e+00 -5.534425091876095770e+00
-1.683828382838284288e+00 -5.532905037522716007e+00
-1.683223322332233263e+00 -5.531385066984050525e+00
-1.682618261826182682e+00 -5.529865180331359653e+00
-1.682013201320132101e+00 -5.528345377635895730e+00
-1.681408140814081520e+00 -5.526825658968914645e+00
-1.680803080308030939e+00 -5.525306024401672289e+00
-1.680198019801980358e+00 -5.523786474005422775e+00
-1.679592959295929777e+00 -5.522267007851424658e+00
-1.678987898789879196e+00 -5.520747626010929388e+00
-1.678382838283828615e+00 -5.519228328555192853e+00
-1.677777777777778034e+00 -5.517709115555473609e+00
-1.677172717271727453e+00 -5.516189987083024882e+00
-1.676567656765676873e+00 -5.514670943209099008e+00
-1.675962596259626292e+00 -5.513151984004956319e+00
-1.675357535753575711e+00 -5.511633109541849151e+00
-1.674752475247525130e+00 -5.510114319891036061e+00
-1.674147414741474549e+00 -5.508595615123768496e+00
-1.673542354235423968e+00 -5.507076995311304124e+00
-1.672937293729373387e+00 -5.505558460524897058e+00
-1.672332233223322362e+00 -5.504040010835801411e+00
-1.671727172717271781e+00 -5.502521646315278403e+00
-1.671122112211221200e+00 -5.501003367034575930e+00
-1.670517051705170619e+00 -5.499485173064955212e+00
-1.669911991199120038e+00 -5.497967064477667698e+00
-1.669306930693069457e+00 -5.496449041343971942e+00
-1.668701870187018876e+00 -5.494931103735119393e+00
-1.668096809680968295e+00 -5.493413251722367718e+00
-1.667491749174917715e+00 -5.491895485376974584e+00
-1.666886688668867134e+00 -5.490377804770189663e+00
-1.666281628162816553e+00 -5.488860209973274173e+00
-1.665676567656765972e+00 -5.487342701057478678e+00
-1.665071507150715391e+00 -5.485825278094061730e+00
-1.664466446644664810e+00 -5.484307941154276556e+00
-1.663861386138614229e+00 -5.482790690309380821e+00
-1.663256325632563648e+00 -5.481273525630628640e+00
-1.662651265126513067e+00 -5.479756447189274127e+00
-1.662046204620462486e+00 -5.478239455056574947e+00
-1.661441144114411905e+00 -5.476722549303786103e+00
-1.660836083608360880e+00 -5.475205730002159044e+00
-1.660231023102310299e+00 -5.473688997222954988e+00
-1.659625962596259718e+00 -5.472172351037422722e+00
-1.659020902090209137e+00 -5.470655791516825239e+00
-1.658415841584158557e+00 -5.469139318732413990e+00
-1.657810781078107976e+00 -5.467622932755443976e+00
-1.657205720572057395e+00 -5.466106633657168423e+00
-1.656600660066006814e+00 -5.464590421508846774e+00
-1.655995599559956233e+00 -5.463074296381734918e+00
-1.655390539053905652e+00 -5.461558258347084305e+00
-1.654785478547855071e+00 -5.460042307476151713e+00
-1.654180418041804490e+00 -5.458526443840193032e+00
-1.653575357535753909e+00 -5.457010667510465041e+00
-1.652970297029703328e+00 -5.455494978558220076e+00
-1.652365236523652747e+00 -5.453979377054714917e+00
-1.651760176017602166e+00 -5.452463863071205452e+00
-1.651155115511551585e+00 -5.450948436678946685e+00
-1.650550055005501005e+00 -5.449433097949192728e+00
-1.649944994499449979e+00 -5.447917846953199472e+00
-1.649339933993399399e+00 -5.446402683762223695e+00
-1.648734873487348818e+00 -5.444887608447519511e+00
-1.648129812981298237e+00 -5.443372621080342810e+00
-1.647524752475247656e+00 -5.441857721731950370e+00
-1.646919691969197075e+00 -5.440342910473592752e+00
-1.646314631463146494e+00 -5.438828187376529399e+00
-1.645709570957095913e+00 -5.437313552512016201e+00
-1.645104510451045332e+00 -5.435799005951305496e+00
-1.644499449944994751e+00 -5.434284547765654061e+00
-1.643894389438944170e+00 -5.432770178026318675e+00
-1.643289328932893589e+00 -5.431255896804554339e+00
-1.642684268426843008e+00 -5.429741704171612504e+00
-1.642079207920792427e+00 -5.428227600198751723e+00
-1.641474147414741847e+00 -5.426713584957228775e+00
-1.640869086908691266e+00 -5.425199658518295998e+00
-1.640264026402640685e+00 -5.423685820953211056e+00
-1.639658965896590104e+00 -5.422172072333226289e+00
-1.639053905390539523e+00 -5.420658412729600251e+00
-1.638448844884488498e+00 -5.419144842213586166e+00
-1.637843784378437917e+00 -5.417631360856441702e+00
-1.637238723872387336e+00 -5.416117968729420085e+00
-1.636633663366336755e+00 -5.414604665903778091e+00
-1.636028602860286174e+00 -5.413091452450769836e+00
-1.635423542354235593e+00 -5.411578328441652097e+00
-1.634818481848185012e+00 -5.410065293947677212e+00
-1.634213421342134431e+00 -5.408552349040102847e+00
-1.633608360836083850e+00 -5.407039493790184892e+00
-1.633003300330033269e+00 -5.405526728269178349e+00
-1.632398239823982689e+00 -5.404014052548337332e+00
-1.631793179317932108e+00 -5.402501466698917731e+00
-1.631188118811881527e+00 -5.400988970792177213e+00
-1.630583058305830946e+00 -5.399476564899366338e+00
-1.629977997799780365e+00 -5.397964249091746325e+00
-1.629372937293729784e+00 -5.396452023440565959e+00
-1.628767876787679203e+00 -5.394939888017086460e+00
-1.628162816281628622e+00 -5.393427842892560165e+00
-1.627557755775577597e+00 -5.391915888138240298e+00
-1.626952695269527016e+00 -5.390404023825388968e+00
-1.626347634763476435e+00 -5.388892250025255848e+00
-1.625742574257425854e+00 -5.387380566809095939e+00
-1.625137513751375273e+00 -5.385868974248170460e+00
-1.624532453245324692e+00 -5.384357472413729973e+00
-1.623927392739274111e+00 -5.382846061377028590e+00
-1.623322332233223531e+00 -5.381334741209323091e+00
-1.622717271727172950e+00 -5.379823511981872919e+00
-1.622112211221122369e+00 -5.378312373765926857e+00
-1.621507150715071788e+00 -5.376801326632746125e+00
-1.620902090209021207e+00 -5.375290370653582173e+00
-1.620297029702970626e+00 -5.373779505899691777e+00
-1.619691969196920045e+00 -5.372268732442329053e+00
-1.619086908690869464e+00 -5.370758050352751667e+00
-1.618481848184818883e+00 -5.369247459702212844e+00
-1.617876787678768302e+00 -5.367736960561969362e+00
-1.617271727172717721e+00 -5.366226553003276223e+00
-1.616666666666667140e+00 -5.364716237097387541e+00
-1.616061606160616115e+00 -5.363206012915559207e+00
-1.615456545654565534e+00 -5.361695880529047109e+00
-1.614851485148514953e+00 -5.360185840009108027e+00
-1.614246424642464373e+00 -5.358675891426992521e+00
-1.613641364136413792e+00 -5.357166034853964476e+00
-1.613036303630363211e+00 -5.355656270361270010e+00
-1.612431243124312630e+00 -5.354146598020170345e+00
-1.611826182618262049e+00 -5.352637017901916927e+00
-1.611221122112211468e+00 -5.351127530077767425e+00
-1.610616061606160887e+00 -5.349618134618976839e+00
-1.610011001100110306e+00 -5.348108831596801949e+00
-1.609405940594059725e+00 -5.346599621082495091e+00
-1.608800880088009144e+00 -5.345090503147314820e+00
-1.608195819581958563e+00 -5.343581477862514362e+00
-1.607590759075907982e+00 -5.342072545299347830e+00
-1.606985698569857401e+00 -5.340563705529073779e+00
-1.606380638063806821e+00 -5.339054958622946323e+00
-1.605775577557756240e+00 -5.337546304652219575e+00
-1.605170517051705215e+00 -5.336037743688151203e+00
-1.604565456545654634e+00 -5.334529275801994430e+00
-1.603960396039604053e+00 -5.333020901065004260e+00
-1.603355335533553472e+00 -5.331512619548439247e+00
-1.602750275027502891e+00 -5.330004431323551728e+00
-1.602145214521452310e+00 -5.328496336461597593e+00
-1.601540154015401729e+00 -5.326988335033833621e+00
-1.600935093509351148e+00 -5.325480427111513926e+00
-1.600330033003300567e+00 -5.323972612765894397e+00
-1.599724972497249986e+00 -5.322464892068228259e+00
-1.599119911991199405e+00 -5.320957265089774069e+00
-1.598514851485148824e+00 -5.319449731901786826e+00
-1.597909790979098243e+00 -5.317942292575518870e+00
-1.597304730473047663e+00 -5.316434947182229642e+00
-1.596699669966997082e+00 -5.314927695793170592e+00
-1.596094609460946501e+00 -5.313420538479599387e+00
-1.595489548954895920e+00 -5.311913475312771027e+00
-1.594884488448845339e+00 -5.310406506363940515e+00
-1.594279427942794758e+00 -5.308899631704362854e+00
-1.593674367436743733e+00 -5.307392851405293932e+00
-1.593069306930693152e+00 -5.305886165537989640e+00
-1.592464246424642571e+00 -5.304379574173704093e+00
-1.591859185918591990e+00 -5.302873077383693179e+00
-1.591254125412541409e+00 -5.301366675239213677e+00
-1.590649064906490828e+00 -5.299860367811518813e+00
-1.590044004400440247e+00 -5.298354155171864477e+00
-1.589438943894389666e+00 -5.296848037391506558e+00
-1.588833883388339085e+00 -5.295342014541700948e+00
-1.588228822882288505e+00 -5.293836086693699983e+00
-1.587623762376237924e+00 -5.292330253918764882e+00
-1.587018701870187343e+00 -5.290824516288143542e+00
-1.586413641364136762e+00 -5.289318873873097182e+00
-1.585808580858086181e+00 -5.287813326744879028e+00
-1.585203520352035600e+00 -5.286307874974743193e+00
-1.584598459845985019e+00 -5.284802518633947344e+00
-1.583993399339934438e+00 -5.283297257793747370e+00
-1.583388338833883857e+00 -5.281792092525393834e+00
-1.582783278327832832e+00 -5.280287022900146177e+00
-1.582178217821782251e+00 -5.278782048989257625e+00
-1.581573157315731670e+00 -5.277277170863986733e+00
-1.580968096809681089e+00 -5.275772388595587614e+00
-1.580363036303630508e+00 -5.274267702255313495e+00
-1.579757975797579928e+00 -5.272763111914422041e+00
-1.579152915291529347e+00 -5.271258617644167366e+00
-1.578547854785478766e+00 -5.269754219515804472e+00
-1.577942794279428185e+00 -5.268249917600591026e+00
-1.577337733773377604e+00 -5.266745711969778476e+00
-1.576732673267327023e+00 -5.265241602694626266e+00
-1.576127612761276442e+00 -5.263737589846387621e+00
-1.575522552255225861e+00 -5.262233673496316655e+00
-1.574917491749175280e+00 -5.260729853715671034e+00
-1.574312431243124699e+00 -5.259226130575705760e+00
-1.573707370737074118e+00 -5.257722504147674947e+00
-1.573102310231023537e+00 -5.256218974502837149e+00
-1.572497249724972956e+00 -5.254715541712442928e+00
-1.571892189218921931e+00 -5.253212205847749061e+00
-1.571287128712871350e+00 -5.251708966980013216e+00
-1.570682068206820770e+00 -5.250205825180487729e+00
-1.570077007700770189e+00 -5.248702780520432931e+00
-1.569471947194719608e+00 -5.247199833071097608e+00
-1.568866886688669027e+00 -5.245696982903742089e+00
-1.568261826182618446e+00 -5.244194230089619602e+00
-1.567656765676567865e+00 -5.242691574699986923e+00
-1.567051705170517284e+00 -5.241189016806098167e+00
-1.566446644664466703e+00 -5.239686556479207447e+00
-1.565841584158416122e+00 -5.238184193790571541e+00
-1.565236523652365541e+00 -5.236681928811445452e+00
-1.564631463146314960e+00 -5.235179761613086846e+00
-1.564026402640264379e+00 -5.233677692266747172e+00
-1.563421342134213798e+00 -5.232175720843685873e+00
-1.562816281628163217e+00 -5.230673847415152622e+00
-1.562211221122112637e+00 -5.229172072052409526e+00
-1.561606160616062056e+00 -5.227670394826707145e+00
-1.561001100110011475e+00 -5.226168815809301371e+00
-1.560396039603960450e+00 -5.224667335071448981e+00
-1.559790979097909869e+00 -5.223165952684405866e+00
-1.559185918591859288e+00 -5.221664668719427915e+00
-1.558580858085808707e+00 -5.220163483247765690e+00
-1.557975797579758126e+00 -5.218662396340678633e+00
-1.557370737073707545e+00 -5.217161408069421746e+00
-1.556765676567656964e+00 -5.215660518505250920e+00
-1.556160616061606383e+00 -5.214159727719417603e+00
-1.555555555555555802e+00 -5.212659035783183015e+00
-1.554950495049505221e+00 -5.211158442767799492e+00
-1.554345434543454640e+00 -5.209657948744521150e+00
-1.553740374037404059e+00 -5.208157553784603877e+00
-1.553135313531353479e+00 -5.206657257959304452e+00
-1.552530253025302898e+00 -5.205157061339877878e+00
-1.551925192519252317e+00 -5.203656963997580043e+00
-1.551320132013201736e+00 -5.202156966003663285e+00
-1.550715071507151155e+00 -5.200657067429385272e+00
-1.550110011001100574e+00 -5.199157268346001892e+00
-1.549504950495049549e+00 -5.197657568824766372e+00
-1.548899889988998968e+00 -5.196157968936937266e+00
-1.548294829482948387e+00 -5.194658468753768688e+00
-1.547689768976897806e+00 -5.193159068346513862e+00
-1.547084708470847225e+00 -5.191659767786429569e+00
-1.546479647964796644e+00 -5.190160567144772585e+00
-1.545874587458746063e+00 -5.188661466492794361e+00
-1.545269526952695482e+00 -5.187162465901754338e+00
-1.544664466446644902e+00 -5.185663565442905742e+00
-1.544059405940594321e+00 -5.184164765187506241e+00
-1.543454345434543740e+00 -5.182666065206808170e+00
-1.542849284928493159e+00 -5.181167465572068309e+00
-1.542244224422442578e+00 -5.179668966354543436e+00
-1.541639163916391997e+00 -5.178170567625484999e+00
-1.541034103410341416e+00 -5.176672269456151554e+00
-1.540429042904290835e+00 -5.175174071917798102e+00
-1.539823982398240254e+00 -5.173675975081679645e+00
-1.539218921892189673e+00 -5.172177979019050298e+00
-1.538613861386139092e+00 -5.170680083801165949e+00
-1.538008800880088067e+00 -5.169182289499281602e+00
-1.537403740374037486e+00 -5.167684596184654922e+00
-1.536798679867986905e+00 -5.166187003928540911e+00
-1.536193619361936324e+00 -5.164689512802193683e+00
-1.535588558855885744e+00 -5.163192122876867352e+00
-1.534983498349835163e+00 -5.161694834223819583e+00
-1.534378437843784582e+00 -5.160197646914303604e+00
-1.533773377337734001e+00 -5.158700561019577968e+00
-1.533168316831683420e+00 -5.157203576610894125e+00
-1.532563256325632839e+00 -5.155706693759510628e+00
-1.531958195819582258e+00 -5.154209912536678928e+00
-1.531353135313531677e+00 -5.152713233013658467e+00
-1.530748074807481096e+00 -5.151216655261705135e+00
-1.530143014301430515e+00 -5.149720179352069493e+00
-1.529537953795379934e+00 -5.148223805356010985e+00
-1.528932893289329353e+00 -5.146727533344783723e+00
-1.528327832783278772e+00 -5.145231363389640933e+00
-1.527722772277228191e+00 -5.143735295561842058e+00
-1.527117711771177166e+00 -5.142239329932638547e+00
-1.526512651265126586e+00 -5.140743466573288067e+00
-1.525907590759076005e+00 -5.139247705555047396e+00
-1.525302530253025424e+00 -5.137752046949168871e+00
-1.524697469746974843e+00 -5.136256490826906607e+00
-1.524092409240924262e+00 -5.134761037259520933e+00
-1.523487348734873681e+00 -5.133265686318265075e+00
-1.522882288228823100e+00 -5.131770438074391372e+00
-1.522277227722772519e+00 -5.130275292599159265e+00
-1.521672167216721938e+00 -5.128780249963821092e+00
-1.521067106710671357e+00 -5.127285310239634519e+00
-1.520462046204620776e+00 -5.125790473497853661e+00
-1.519856985698570195e+00 -5.124295739809735295e+00
-1.519251925192519614e+00 -5.122801109246532647e+00
-1.518646864686469034e+00 -5.121306581879500719e+00
-1.518041804180418453e+00 -5.119812157779898065e+00
-1.517436743674367872e+00 -5.118317837018977912e+00
-1.516831683168317291e+00 -5.116823619667995260e+00
-1.516226622662266710e+00 -5.115329505798206000e+00
-1.515621562156215685e+00 -5.113835495480866022e+00
-1.515016501650165104e+00 -5.112341588787227664e+00
-1.514411441144114523e+00 -5.110847785788551256e+00
-1.513806380638063942e+00 -5.109354086556091801e+00
-1.513201320132013361e+00 -5.107860491161099858e+00
-1.512596259625962780e+00 -5.106366999674833096e+00
-1.511991199119912199e+00 -5.104873612168548291e+00
-1.511386138613861618e+00 -5.103380328713499559e+00
-1.510781078107811037e+00 -5.101887149380942788e+00
-1.510176017601760456e+00 -5.100394074242131204e+00
-1.509570957095709876e+00 -5.098901103368325138e+00
-1.508965896589659295e+00 -5.097408236830774264e+00
-1.508360836083608714e+00 -5.095915474700735359e+00
-1.507755775577558133e+00 -5.094422817049466978e+00
-1.507150715071507552e+00 -5.092930263948222347e+00
-1.506545654565456971e+00 -5.091437815468256467e+00
-1.505940594059406390e+00 -5.089945471680823452e+00
-1.505335533553355809e+00 -5.088453232657181857e+00
-1.504730473047304784e+00 -5.086961098468584019e+00
-1.504125412541254203e+00 -5.085469069186286717e+00
-1.503520352035203622e+00 -5.083977144881544952e+00
-1.502915291529153041e+00 -5.082485325625616390e+00
-1.502310231023102460e+00 -5.080993611489753370e+00
-1.501705170517051879e+00 -5.079502002545211781e+00
-1.501100110011001298e+00 -5.078010498863245736e+00
-1.500495049504950718e+00 -5.076519100515115568e+00
-1.499889988998900137e+00 -5.075027807572070948e+00
-1.499284928492849556e+00 -5.073536620105371320e+00
-1.498679867986798975e+00 -5.072045538186269908e+00
-1.498074807480748394e+00 -5.070554561886019940e+00
-1.497469746974697813e+00 -5.069063691275882633e+00
-1.496864686468647232e+00 -5.067572926427106772e+00
-1.496259625962596651e+00 -5.066082267410953577e+00
-1.495654565456546070e+00 -5.064591714298675384e+00
-1.495049504950495489e+00 -5.063101267161526309e+00
-1.494444444444444908e+00 -5.061610926070764016e+00
-1.493839383938394327e+00 -5.060120691097643508e+00
-1.493234323432343302e+00 -5.058630562313418011e+00
-1.492629262926292721e+00 -5.057140539789346967e+00
-1.492024202420242140e+00 -5.055650623596680937e+00
-1.491419141914191560e+00 -5.054160813806681141e+00
-1.490814081408140979e+00 -5.052671110490596362e+00
-1.490209020902090398e+00 -5.051181513719686933e+00
-1.489603960396039817e+00 -5.049692023565206078e+00
-1.488998899889989236e+00 -5.048202640098407912e+00
-1.488393839383938655e+00 -5.046713363390549212e+00
-1.487788778877888074e+00 -5.045224193512886757e+00
-1.487183718371837493e+00 -5.043735130536675548e+00
-1.486578657865786912e+00 -5.042246174533167036e+00
-1.485973597359736331e+00 -5.040757325573622438e+00
-1.485368536853685750e+00 -5.039268583729290540e+00
-1.484763476347635169e+00 -5.037779949071433450e+00
-1.484158415841584588e+00 -5.036291421671302615e+00
-1.483553355335534008e+00 -5.034803001600153038e+00
-1.482948294829483427e+00 -5.033314688929243275e+00
-1.482343234323432402e+00 -5.031826483729822996e+00
-1.481738173817381821e+00 -5.030338386073153423e+00
-1.481133113311331240e+00 -5.028850396030487779e+00
-1.480528052805280659e+00 -5.027362513673080180e+00
-1.479922992299230078e+00 -5.025874739072187403e+00
-1.479317931793179497e+00 -5.024387072299063561e+00
-1.478712871287128916e+00 -5.022899513424966322e+00
-1.478107810781078335e+00 -5.021412062521148911e+00
-1.477502750275027754e+00 -5.019924719658866330e+00
-1.476897689768977173e+00 -5.018437484909377133e+00
-1.476292629262926592e+00 -5.016950358343932770e+00
-1.475687568756876011e+00 -5.015463340033792683e+00
-1.475082508250825430e+00 -5.013976430050206545e+00
-1.474477447744774850e+00 -5.012489628464434688e+00
-1.473872387238724269e+00 -5.011002935347731224e+00
-1.473267326732673688e+00 -5.009516350771350268e+00
-1.472662266226623107e+00 -5.008029874806546822e+00
-1.472057205720572526e+00 -5.006543507524578551e+00
-1.471452145214521945e+00 -5.005057248996698682e+00
-1.470847084708470920e+00 -5.003571099294163993e+00
-1.470242024202420339e+00 -5.002085058488229485e+00
-1.469636963696369758e+00 -5.000599126650151049e+00
-1.469031903190319177e+00 -4.999113303851182799e+00
-1.468426842684268596e+00 -4.997627590162578848e+00
-1.467821782178218015e+00 -4.996141985655597750e+00
-1.467216721672167434e+00 -4.994656490401493620e+00
-1.466611661166116853e+00 -4.993171104471521460e+00
-1.466006600660066272e+00 -4.991685827936938047e+00
-1.465401540154015692e+00 -4.990200660868995719e+00
-1.464796479647965111e+00 -4.988715603338952143e+00
-1.464191419141914530e+00 -4.987230655418062319e+00
-1.463586358635863949e+00 -4.985745817177581252e+00
-1.462981298129813368e+00 -4.984261088688763053e+00
-1.462376237623762787e+00 -4.982776470022864501e+00
-1.461771177117712206e+00 -4.981291961251144151e+00
-1.461166116611661625e+00 -4.979807562444850788e+00
-1.460561056105611044e+00 -4.978323273675244742e+00
-1.459955995599560019e+00 -4.976839095013576575e+00
-1.459350935093509438e+00 -4.975355026531107505e+00
-1.458745874587458857e+00 -4.973871068299089870e+00
-1.458140814081408276e+00 -4.972387220388779561e+00
-1.457535753575357695e+00 -4.970903482871429802e+00
-1.456930693069307114e+00 -4.969419855818300924e+00
-1.456325632563256534e+00 -4.967936339300642601e+00
-1.455720572057205953e+00 -4.966452933389713387e+00
-1.455115511551155372e+00 -4.964969638156767395e+00
-1.454510451045104791e+00 -4.963486453673061405e+00
-1.453905390539054210e+00 -4.962003380009849529e+00
-1.453300330033003629e+00 -4.960520417238385882e+00
-1.452695269526953048e+00 -4.959037565429929906e+00
-1.452090209020902467e+00 -4.957554824655733050e+00
-1.451485148514851886e+00 -4.956072194987052093e+00
-1.450880088008801305e+00 -4.954589676495142925e+00
-1.450275027502750724e+00 -4.953107269251259659e+00
-1.449669966996700143e+00 -4.951624973326659962e+00
-1.449064906490649118e+00 -4.950142788792592619e+00
-1.448459845984598537e+00 -4.948660715720321512e+00
-1.447854785478547957e+00 -4.947178754181098981e+00
-1.447249724972497376e+00 -4.945696904246179137e+00
-1.446644664466446795e+00 -4.944215165986816096e+00
-1.446039603960396214e+00 -4.942733539474270188e+00
-1.445434543454345633e+00 -4.941252024779791086e+00
-1.444829482948295052e+00 -4.939770621974638232e+00
-1.444224422442244471e+00 -4.938289331130063964e+00
-1.443619361936193890e+00 -4.936808152317325948e+00
-1.443014301430143309e+00 -4.935327085607680075e+00
-1.442409240924092728e+00 -4.933846131072378682e+00
-1.441804180418042147e+00 -4.932365288782679436e+00
-1.441199119911991566e+00 -4.930884558809836449e+00
-1.440594059405940985e+00 -4.929403941225103836e+00
-1.439988998899890404e+00 -4.927923436099741039e+00
-1.439383938393839824e+00 -4.926443043505000396e+00
-1.438778877887789243e+00 -4.924962763512137798e+00
-1.438173817381738662e+00 -4.923482596192409133e+00
-1.437568756875687637e+00 -4.922002541617068516e+00
-1.436963696369637056e+00 -4.920522599857373613e+00
-1.436358635863586475e+00 -4.919042770984576762e+00
-1.435753575357535894e+00 -4.917563055069937406e+00
-1.435148514851485313e+00 -4.916083452184704328e+00
-1.434543454345434732e+00 -4.914603962400139636e+00
-1.433938393839384151e+00 -4.913124585787496557e+00
-1.433333333333333570e+00 -4.911645322418028314e+00
-1.432728272827282989e+00 -4.910166172362992576e+00
-1.432123212321232408e+00 -4.908687135693642567e+00
-1.431518151815181827e+00 -4.907208212481235066e+00
-1.430913091309131246e+00 -4.905729402797026850e+00
-1.430308030803080666e+00 -4.904250706712272034e+00
-1.429702970297030085e+00 -4.902772124298223844e+00
-1.429097909790979504e+00 -4.901293655626139056e+00
-1.428492849284928923e+00 -4.899815300767275339e+00
-1.427887788778878342e+00 -4.898337059792885029e+00
-1.427282728272827761e+00 -4.896858932774224016e+00
-1.426677667766776736e+00 -4.895380919782548190e+00
-1.426072607260726155e+00 -4.893903020889112554e+00
-1.425467546754675574e+00 -4.892425236165173885e+00
-1.424862486248624993e+00 -4.890947565681988074e+00
-1.424257425742574412e+00 -4.889470009510806570e+00
-1.423652365236523831e+00 -4.887992567722887038e+00
-1.423047304730473250e+00 -4.886515240389486259e+00
-1.422442244224422669e+00 -4.885038027581856568e+00
-1.421837183718372088e+00 -4.883560929371254744e+00
-1.421232123212321508e+00 -4.882083945828937566e+00
-1.420627062706270927e+00 -4.880607077026158258e+00
-1.420022002200220346e+00 -4.879130323034172712e+00
-1.419416941694169765e+00 -4.877653683924237704e+00
-1.418811881188119184e+00 -4.876177159767607350e+00
-1.418206820682068603e+00 -4.874700750635534874e+00
-1.417601760176018022e+00 -4.873224456599278831e+00
-1.416996699669967441e+00 -4.871748277730094223e+00
-1.416391639163916860e+00 -4.870272214099236052e+00
-1.415786578657866279e+00 -4.868796265777959320e+00
-1.415181518151815254e+00 -4.867320432837517252e+00
-1.414576457645764673e+00 -4.865844715349170180e+00
-1.413971397139714092e+00 -4.864369113384168664e+00
-1.413366336633663511e+00 -4.862893627013772146e+00
-1.412761276127612931e+00 -4.861418256309232078e+00
-1.412156215621562350e+00 -4.859943001341805235e+00
-1.411551155115511769e+00 -4.858467862182748398e+00
-1.410946094609461188e+00 -4.856992838903314791e+00
-1.410341034103410607e+00 -4.855517931574762969e+00
-1.409735973597360026e+00 -4.854043140268344381e+00
-1.409130913091309445e+00 -4.852568465055314917e+00
-1.408525852585258864e+00 -4.851093906006934020e+00
-1.407920792079208283e+00 -4.849619463194452251e+00
-1.407315731573157702e+00 -4.848145136689127277e+00
-1.406710671067107121e+00 -4.846670926562214099e+00
-1.406105610561056540e+00 -4.845196832884967719e+00
-1.405500550055005959e+00 -4.843722855728644916e+00
-1.404895489548955378e+00 -4.842248995164498027e+00
-1.404290429042904353e+00 -4.840775251263783829e+00
-1.403685368536853773e+00 -4.839301624097760879e+00
-1.403080308030803192e+00 -4.837828113737678848e+00
-1.402475247524752611e+00 -4.836354720254798067e+00
-1.401870187018702030e+00 -4.834881443720371763e+00
-1.401265126512651449e+00 -4.833408284205654049e+00
-1.400660066006600868e+00 -4.831935241781903478e+00
-1.400055005500550287e+00 -4.830462316520371502e+00
-1.399449944994499706e+00 -4.828989508492314897e+00
-1.398844884488449125e+00 -4.827516817768991331e+00
-1.398239823982398544e+00 -4.826044244421654028e+00
-1.397634763476347963e+00 -4.824571788521557991e+00
-1.397029702970297382e+00 -4.823099450139959110e+00
-1.396424642464246801e+00 -4.821627229348113275e+00
-1.395819581958196220e+00 -4.820155126217274599e+00
-1.395214521452145640e+00 -4.818683140818700750e+00
-1.394609460946095059e+00 -4.817211273223646728e+00
-1.394004400440044478e+00 -4.815739523503364872e+00
-1.393399339933993897e+00 -4.814267891729111959e+00
-1.392794279427942872e+00 -4.812796377972143880e+00
-1.392189218921892291e+00 -4.811324982303717412e+00
-1.391584158415841710e+00 -4.809853704795084006e+00
-1.390979097909791129e+00 -4.808382545517503104e+00
-1.390374037403740548e+00 -4.806911504542229707e+00
-1.389768976897689967e+00 -4.805440581940516154e+00
-1.389163916391639386e+00 -4.803969777783619222e+00
-1.388558855885588805e+00 -4.802499092142793913e+00
-1.387953795379538224e+00 -4.801028525089298782e+00
-1.387348734873487643e+00 -4.799558076694385278e+00
-1.386743674367437063e+00 -4.798087747029310179e+00
-1.386138613861386482e+00 -4.796617536165326712e+00
-1.385533553355335901e+00 -4.795147444173694318e+00
-1.384928492849285320e+00 -4.793677471125665335e+00
-1.384323432343234739e+00 -4.792207617092496541e+00
-1.383718371837184158e+00 -4.790737882145442050e+00
-1.383113311331133577e+00 -4.789268266355757753e+00
-1.382508250825082996e+00 -4.787798769794700426e+00
-1.381903190319031971e+00 -4.786329392533521521e+00
-1.381298129812981390e+00 -4.784860134643481366e+00
-1.380693069306930809e+00 -4.783390996195833189e+00
-1.380088008800880228e+00 -4.781921977261830214e+00
-1.379482948294829647e+00 -4.780453077912731885e+00
-1.378877887788779066e+00 -4.778984298219789650e+00
-1.378272827282728485e+00 -4.777515638254262065e+00
-1.377667766776677905e+00 -4.776047098087400578e+00
-1.377062706270627324e+00 -4.774578677790466408e+00
-1.376457645764576743e+00 -4.773110377434708340e+00
-1.375852585258526162e+00 -4.771642197091385817e+00
-1.375247524752475581e+00 -4.770174136831752953e+00
-1.374642464246425000e+00 -4.768706196727066526e+00
-1.374037403740374419e+00 -4.767238376848580650e+00
-1.373432343234323838e+00 -4.765770677267548550e+00
-1.372827282728273257e+00 -4.764303098055228780e+00
-1.372222222222222676e+00 -4.762835639282876343e+00
-1.371617161716172095e+00 -4.761368301021746241e+00
-1.371012101210121514e+00 -4.759901083343092587e+00
-1.370407040704070489e+00 -4.758433986318170383e+00
-1.369801980198019908e+00 -4.756967010018237296e+00
-1.369196919691969327e+00 -4.755500154514548328e+00
-1.368591859185918747e+00 -4.754033419878357591e+00
-1.367986798679868166e+00 -4.752566806180920977e+00
-1.367381738173817585e+00 -4.751100313493493488e+00
-1.366776677667767004e+00 -4.749633941887331900e+00
-1.366171617161716423e+00 -4.748167691433689441e+00
-1.365566556655665842e+00 -4.746701562203822888e+00
-1.364961496149615261e+00 -4.745235554268986355e+00
-1.364356435643564680e+00 -4.743769667700437509e+00
-1.363751375137514099e+00 -4.742303902569427798e+00
-1.363146314631463518e+00 -4.740838258947216666e+00
-1.362541254125412937e+00 -4.739372736905059114e+00
-1.361936193619362356e+00 -4.737907336514206591e+00
-1.361331133113311775e+00 -4.736442057845918541e+00
-1.360726072607261194e+00 -4.734976900971448188e+00
-1.360121012101210614e+00 -4.733511865962050535e+00
-1.359515951595159589e+00 -4.732046952888983249e+00
-1.358910891089109008e+00 -4.730582161823499554e+00
-1.358305830583058427e+00 -4.729117492836855341e+00
-1.357700770077007846e+00 -4.727652946000307388e+00
-1.357095709570957265e+00 -4.726188521385108920e+00
-1.356490649064906684e+00 -4.724724219062516717e+00
-1.355885588558856103e+00 -4.723260039103784003e+00
-1.355280528052805522e+00 -4.721795981580169332e+00
-1.354675467546754941e+00 -4.720332046562925932e+00
-1.354070407040704360e+00 -4.718868234123310579e+00
-1.353465346534653779e+00 -4.717404544332576499e+00
-1.352860286028603198e+00 -4.715940977261980471e+00
-1.352255225522552617e+00 -4.714477532982777497e+00
-1.351650165016502037e+00 -4.713014211566223466e+00
-1.351045104510451456e+00 -4.711551013083574269e+00
-1.350440044004400875e+00 -4.710087937606083131e+00
-1.349834983498350294e+00 -4.708624985205006830e+00
-1.349229922992299713e+00 -4.707162155951599480e+00
-1.348624862486248688e+00 -4.705699449917116972e+00
-1.348019801980198107e+00 -4.704236867172816972e+00
-1.347414741474147526e+00 -4.702774407789950928e+00
-1.346809680968096945e+00 -4.701312071839777396e+00
-1.346204620462046364e+00 -4.699849859393553153e+00
-1.345599559955995783e+00 -4.698387770522526985e+00
-1.344994499449945202e+00 -4.696925805297960110e+00
-1.344389438943894621e+00 -4.695463963791104867e+00
-1.343784378437844040e+00 -4.694002246073218920e+00
-1.343179317931793459e+00 -4.692540652215556385e+00
-1.342574257425742879e+00 -4.691079182289371374e+00
-1.341969196919692298e+00 -4.689617836365919779e+00
-1.341364136413641717e+00 -4.688156614516459264e+00
-1.340759075907591136e+00 -4.686695516812243945e+00
-1.340154015401540555e+00 -4.685234543324527934e+00
-1.339548954895489974e+00 -4.683773694124568010e+00
-1.338943894389439393e+00 -4.682312969283619175e+00
-1.338338833883388812e+00 -4.680852368872935543e+00
-1.337733773377338231e+00 -4.679391892963773003e+00
-1.337128712871287206e+00 -4.677931541627386558e+00
-1.336523652365236625e+00 -4.676471314935035650e+00
-1.335918591859186044e+00 -4.675011212957969065e+00
-1.335313531353135463e+00 -4.673551235767448020e+00
-1.334708470847084882e+00 -4.672091383434723966e+00
-1.334103410341034301e+00 -4.670631656031054568e+00
-1.333498349834983721e+00 -4.669172053627693941e+00
-1.332893289328933140e+00 -4.667712576295897087e+00
-1.332288228822882559e+00 -4.666253224106919895e+00
-1.331683168316831978e+00 -4.664793997132018255e+00
-1.331078107810781397e+00 -4.663334895442448058e+00
-1.330473047304730816e+00 -4.661875919109461641e+00
-1.329867986798680235e+00 -4.660417068204317559e+00
-1.329262926292629654e+00 -4.658958342798269037e+00
-1.328657865786579073e+00 -4.657499742962572853e+00
-1.328052805280528492e+00 -4.656041268768484009e+00
-1.327447744774477911e+00 -4.654582920287254844e+00
-1.326842684268427330e+00 -4.653124697590148351e+00
-1.326237623762376305e+00 -4.651666600748411540e+00
-1.325632563256325724e+00 -4.650208629833302965e+00
-1.325027502750275143e+00 -4.648750784916080292e+00
-1.324422442244224563e+00 -4.647293066067996747e+00
-1.323817381738173982e+00 -4.645835473360308221e+00
-1.323212321232123401e+00 -4.644378006864267938e+00
-1.322607260726072820e+00 -4.642920666651133565e+00
-1.322002200220022239e+00 -4.641463452792160993e+00
-1.321397139713971658e+00 -4.640006365358603446e+00
-1.320792079207921077e+00 -4.638549404421717703e+00
-1.320187018701870496e+00 -4.637092570052758767e+00
-1.319581958195819915e+00 -4.635635862322981637e+00
-1.318976897689769334e+00 -4.634179281303641318e+00
-1.318371837183718753e+00 -4.632722827065993698e+00
-1.317766776677668172e+00 -4.631266499681294668e+00
-1.317161716171617591e+00 -4.629810299220800118e+00
-1.316556655665567011e+00 -4.628354225755762386e+00
-1.315951595159516430e+00 -4.626898279357439137e+00
-1.315346534653465849e+00 -4.625442460097087150e+00
-1.314741474147414824e+00 -4.623986768045957874e+00
-1.314136413641364243e+00 -4.622531203275308975e+00
-1.313531353135313662e+00 -4.621075765856395456e+00
-1.312926292629263081e+00 -4.619620455860473207e+00
-1.312321232123212500e+00 -4.618165273358799894e+00
-1.311716171617161919e+00 -4.616710218422625189e+00
-1.311111111111111338e+00 -4.615255291123209425e+00
-1.310506050605060757e+00 -4.613800491531804049e+00
-1.309900990099010176e+00 -4.612345819719666729e+00
-1.309295929592959595e+00 -4.610891275758053354e+00
-1.308690869086909014e+00 -4.609436859718218038e+00
-1.308085808580858433e+00 -4.607982571671415783e+00
-1.307480748074807853e+00 -4.606528411688902480e+00
-1.306875687568757272e+00 -4.605074379841934018e+00
-1.306270627062706691e+00 -4.603620476201765399e+00
-1.305665566556656110e+00 -4.602166700839650737e+00
-1.305060506050605529e+00 -4.600713053826847698e+00
-1.304455445544554948e+00 -4.599259535234610397e+00
-1.303850385038503923e+00 -4.597806145134192946e+00
-1.303245324532453342e+00 -4.596352883596853012e+00
-1.302640264026402761e+00 -4.594899750693844709e+00
-1.302035203520352180e+00 -4.593446746496424815e+00
-1.301430143014301599e+00 -4.591993871075846556e+00
-1.300825082508251018e+00 -4.590541124503365822e+00
-1.300220022002200437e+00 -4.589088506850237614e+00
-1.299614961496149856e+00 -4.587636018187719600e+00
-1.299009900990099275e+00 -4.586183658587065004e+00
-1.298404840484048695e+00 -4.584731428119529717e+00
-1.297799779977998114e+00 -4.583279326856369629e+00
-1.297194719471947533e+00 -4.581827354868837965e+00
-1.296589658965896952e+00 -4.580375512228193280e+00
-1.295984598459846371e+00 -4.578923799005688799e+00
-1.295379537953795790e+00 -4.577472215272577749e+00
-1.294774477447745209e+00 -4.576020761100122236e+00
-1.294169416941694628e+00 -4.574569436559571045e+00
-1.293564356435644047e+00 -4.573118241722183619e+00
-1.292959295929593466e+00 -4.571667176659211407e+00
-1.292354235423542441e+00 -4.570216241441912963e+00
-1.291749174917491860e+00 -4.568765436141542402e+00
-1.291144114411441279e+00 -4.567314760829354725e+00
-1.290539053905390698e+00 -4.565864215576607599e+00
-1.289933993399340117e+00 -4.564413800454554249e+00
-1.289328932893289537e+00 -4.562963515534449677e+00
-1.288723872387238956e+00 -4.561513360887550661e+00
-1.288118811881188375e+00 -4.560063336585110427e+00
-1.287513751375137794e+00 -4.558613442698387530e+00
-1.286908690869087213e+00 -4.557163679298634307e+00
-1.286303630363036632e+00 -4.555714046457109312e+00
-1.285698569856986051e+00 -4.554264544245062218e+00
-1.285093509350935470e+00 -4.552815172733756022e+00
-1.284488448844884889e+00 -4.551365931994440395e+00
-1.283883388338834308e+00 -4.549916822098372116e+00
-1.283278327832783727e+00 -4.548467843116807963e+00
-1.282673267326733146e+00 -4.547018995121001161e+00
-1.282068206820682565e+00 -4.545570278182210266e+00
-1.281463146314631540e+00 -4.544121692371685839e+00
-1.280858085808580960e+00 -4.542673237760685545e+00
-1.280253025302530379e+00 -4.541224914420465275e+00
-1.279647964796479798e+00 -4.539776722422281807e+00
-1.279042904290429217e+00 -4.538328661837387479e+00
-1.278437843784378636e+00 -4.536880732737039956e+00
-1.277832783278328055e+00 -4.535432935192492465e+00
-1.277227722772277474e+00 -4.533985269275002672e+00
-1.276622662266226893e+00 -4.532537735055823802e+00
-1.276017601760176312e+00 -4.531090332606212634e+00
-1.275412541254125731e+00 -4.529643061997425058e+00
-1.274807480748075150e+00 -4.528195923300714298e+00
-1.274202420242024569e+00 -4.526748916587336247e+00
-1.273597359735973988e+00 -4.525302041928547681e+00
-1.272992299229923407e+00 -4.523855299395603602e+00
-1.272387238723872827e+00 -4.522408689059756348e+00
-1.271782178217822246e+00 -4.520962210992266250e+00
-1.271177117711771665e+00 -4.519515865264384757e+00
-1.270572057205721084e+00 -4.518069651947370424e+00
-1.269966996699670059e+00 -4.516623571112473812e+00
-1.269361936193619478e+00 -4.515177622830954363e+00
-1.268756875687568897e+00 -4.513731807174067079e+00
-1.268151815181518316e+00 -4.512286124213066962e+00
-1.267546754675467735e+00 -4.510840574019209015e+00
-1.266941694169417154e+00 -4.509395156663748239e+00
-1.266336633663366573e+00 -4.507949872217938747e+00
-1.265731573157315992e+00 -4.506504720753039983e+00
-1.265126512651265411e+00 -4.505059702340302508e+00
-1.264521452145214830e+00 -4.503614817050984875e+00
-1.263916391639164249e+00 -4.502170064956342088e+00
-1.263311331133113669e+00 -4.500725446127627372e+00
-1.262706270627063088e+00 -4.499280960636098392e+00
-1.262101210121012507e+00 -4.497836608553009263e+00
-1.261496149614961926e+00 -4.496392389949617652e+00
-1.260891089108911345e+00 -4.494948304897174118e+00
-1.260286028602860764e+00 -4.493504353466938106e+00
-1.259680968096810183e+00 -4.492060535730162840e+00
-1.259075907590759158e+00 -4.490616851758106876e+00
-1.258470847084708577e+00 -4.489173301622021661e+00
-1.257865786578657996e+00 -4.487729885393163975e+00
-1.257260726072607415e+00 -4.486286603142790597e+00
-1.256655665566556834e+00 -4.484843454942154750e+00
-1.256050605060506253e+00 -4.483400440862511438e+00
-1.255445544554455672e+00 -4.481957560975119215e+00
-1.254840484048405091e+00 -4.480514815351231306e+00
-1.254235423542354511e+00 -4.479072204062102713e+00
-1.253630363036303930e+00 -4.477629727178988439e+00
-1.253025302530253349e+00 -4.476187384773145261e+00
-1.252420242024202768e+00 -4.474745176915829958e+00
-1.251815181518152187e+00 -4.473303103678292203e+00
-1.251210121012101606e+00 -4.471861165131794102e+00
-1.250605060506051025e+00 -4.470419361347584442e+00
-1.250000000000000444e+00 -4.468977692396925328e+00
-1.249394939493949863e+00 -4.467536158351068210e+00
-1.248789878987899282e+00 -4.466094759281268090e+00
-1.248184818481848701e+00 -4.464653495258781746e+00
-1.247579757975797676e+00 -4.463212366354863292e+00
-1.246974697469747095e+00 -4.461771372640768618e+00
-1.246369636963696514e+00 -4.460330514187755391e+00
-1.245764576457645934e+00 -4.458889791067075059e+00
-1.245159515951595353e+00 -4.457449203349985289e+00
-1.244554455445544772e+00 -4.456008751107740196e+00
-1.243949394939494191e+00 -4.454568434411597444e+00
-1.243344334433443610e+00 -4.453128253332810260e+00
-1.242739273927393029e+00 -4.451688207942634534e+00
-1.242134213421342448e+00 -4.450248298312324380e+00
-1.241529152915291867e+00 -4.448808524513138352e+00
-1.240924092409241286e+00 -4.447368886616327899e+00
-1.240319031903190705e+00 -4.445929384693151576e+00
-1.239713971397140124e+00 -4.444490018814861720e+00
-1.239108910891089543e+00 -4.443050789052717775e+00
-1.238503850385038962e+00 -4.441611695477972077e+00
-1.237898789878988381e+00 -4.440172738161879629e+00
-1.237293729372937801e+00 -4.438733917175697208e+00
-1.236688668866886776e+00 -4.437295232590678928e+00
-1.236083608360836195e+00 -4.435856684478081569e+00
-1.235478547854785614e+00 -4.434418272909161018e+00
-1.234873487348735033e+00 -4.432979997955170504e+00
-1.234268426842684452e+00 -4.431541859687365914e+00
-1.233663366336633871e+00 -4.430103858177004028e+00
-1.233058305830583290e+00 -4.428665993495338071e+00
-1.232453245324532709e+00 -4.427228265713624822e+00
-1.231848184818482128e+00 -4.425790674903119282e+00
-1.231243124312431547e+00 -4.424353221135076453e+00
-1.230638063806380966e+00 -4.422915904480753113e+00
-1.230033003300330385e+00 -4.421478725011403377e+00
-1.229427942794279804e+00 -4.420041682798284022e+00
-1.228822882288229223e+00 -4.418604777912646497e+00
-1.228217821782178643e+00 -4.417168010425750246e+00
-1.227612761276128062e+00 -4.415731380408848494e+00
-1.227007700770077481e+00 -4.414294887933198908e+00
-1.226402640264026900e+00 -4.412858533070053824e+00
-1.225797579757975875e+00 -4.411422315890669132e+00
-1.225192519251925294e+00 -4.409986236466300724e+00
-1.224587458745874713e+00 -4.408550294868205377e+00
-1.223982398239824132e+00 -4.407114491167638093e+00
-1.223377337733773551e+00 -4.405678825435852097e+00
-1.222772277227722970e+00 -4.404243297744104169e+00
-1.222167216721672389e+00 -4.402807908163651085e+00
-1.221562156215621808e+00 -4.401372656765746960e+00
-1.220957095709571227e+00 -4.399937543621644132e+00
-1.220352035203520646e+00 -4.398502568802602930e+00
-1.219746974697470066e+00 -4.397067732379874805e+00
-1.219141914191419485e+00 -4.395633034424717422e+00
-1.218536853685368904e+00 -4.394198475008385785e+00
-1.217931793179318323e+00 -4.392764054202135782e+00
-1.217326732673267742e+00 -4.391329772077219751e+00
-1.216721672167217161e+00 -4.389895628704896247e+00
-1.216116611661166580e+00 -4.388461624156420271e+00
-1.215511551155115999e+00 -4.387027758503045938e+00
-1.214906490649065418e+00 -4.385594031816028249e+00
-1.214301430143014393e+00 -4.384160444166623982e+00
-1.213696369636963812e+00 -4.382726995626089028e+00
-1.213091309130913231e+00 -4.381293686265675724e+00
-1.212486248624862650e+00 -4.379860516156641737e+00
-1.211881188118812069e+00 -4.378427485370242955e+00
-1.211276127612761488e+00 -4.376994593977734382e+00
-1.210671067106710908e+00 -4.375561842050370132e+00
-1.210066006600660327e+00 -4.374129229659406981e+00
-1.209460946094609746e+00 -4.372696756876097268e+00
-1.208855885588559165e+00 -4.371264423771700436e+00
-1.208250825082508584e+00 -4.369832230417468821e+00
-1.207645764576458003e+00 -4.368400176884660979e+00
-1.207040704070407422e+00 -4.366968263244528359e+00
-1.206435643564356841e+00 -4.365536489568328626e+00
-1.205830583058306260e+00 -4.364104855927315008e+00
-1.205225522552255679e+00 -4.362673362392746945e+00
-1.204620462046205098e+00 -4.361242009035875888e+00
-1.204015401540154517e+00 -4.359810795927958615e+00
-1.203410341034103492e+00 -4.358379723140251016e+00
-1.202805280528052911e+00 -4.356948790744008093e+00
-1.202200220022002330e+00 -4.355517998810484848e+00
-1.201595159515951750e+00 -4.354087347410937170e+00
-1.200990099009901169e+00 -4.352656836616620062e+00
-1.200385038503850588e+00 -4.351226466498786749e+00
-1.199779977997800007e+00 -4.349796237128698451e+00
-1.199174917491749426e+00 -4.348366148577603951e+00
-1.198569856985698845e+00 -4.346936200916762694e+00
-1.197964796479648264e+00 -4.345506394217427015e+00
-1.197359735973597683e+00 -4.344076728550856359e+00
-1.196754675467547102e+00 -4.342647203988303062e+00
-1.196149614961496521e+00 -4.341217820601023014e+00
-1.195544554455445940e+00 -4.339788578460271218e+00
-1.194939493949395359e+00 -4.338359477637302675e+00
-1.194334433443344778e+00 -4.336930518203375051e+00
-1.193729372937294197e+00 -4.335501700229741573e+00
-1.193124312431243617e+00 -4.334073023787659018e+00
-1.192519251925193036e+00 -4.332644488948380612e+00
-1.191914191419142011e+00 -4.331216095783161357e+00
-1.191309130913091430e+00 -4.329787844363261584e+00
-1.190704070407040849e+00 -4.328359734759931854e+00
-1.190099009900990268e+00 -4.326931767044429833e+00
-1.189493949394939687e+00 -4.325503941288009635e+00
-1.188888888888889106e+00 -4.324076257561926262e+00
-1.188283828382838525e+00 -4.322648715937437380e+00
-1.187678767876787944e+00 -4.321221316485795327e+00
-1.187073707370737363e+00 -4.319794059278257770e+00
-1.186468646864686782e+00 -4.318366944386078821e+00
-1.185863586358636201e+00 -4.316939971880513482e+00
-1.185258525852585620e+00 -4.315513141832817645e+00
-1.184653465346535040e+00 -4.314086454314247199e+00
-1.184048404840484459e+00 -4.312659909396058922e+00
-1.183443344334433878e+00 -4.311233507149503374e+00
-1.182838283828383297e+00 -4.309807247645841777e+00
-1.182233223322332716e+00 -4.308381130956324689e+00
-1.181628162816282135e+00 -4.306955157152209779e+00
-1.181023102310231110e+00 -4.305529326304750271e+00
-1.180418041804180529e+00 -4.304103638485205607e+00
-1.179812981298129948e+00 -4.302678093764827238e+00
-1.179207920792079367e+00 -4.301252692214872830e+00
-1.178602860286028786e+00 -4.299827433906596497e+00
-1.177997799779978205e+00 -4.298402318911255904e+00
-1.177392739273927624e+00 -4.296977347300102501e+00
-1.176787678767877043e+00 -4.295552519144393955e+00
-1.176182618261826462e+00 -4.294127834515385267e+00
-1.175577557755775882e+00 -4.292703293484332328e+00
-1.174972497249725301e+00 -4.291278896122490139e+00
-1.174367436743674720e+00 -4.289854642501112814e+00
-1.173762376237624139e+00 -4.288430532691457131e+00
-1.173157315731573558e+00 -4.287006566764778981e+00
-1.172552255225522977e+00 -4.285582744792332477e+00
-1.171947194719472396e+00 -4.284159066845373509e+00
-1.171342134213421815e+00 -4.282735532995157079e+00
-1.170737073707371234e+00 -4.281312143312936414e+00
-1.170132013201320653e+00 -4.279888897869971842e+00
-1.169526952695269628e+00 -4.278465796737514815e+00
-1.168921892189219047e+00 -4.277042839986821221e+00
-1.168316831683168466e+00 -4.275620027689148728e+00
-1.167711771177117885e+00 -4.274197359915750560e+00
-1.167106710671067304e+00 -4.272774836737882609e+00
-1.166501650165016724e+00 -4.271352458226800763e+00
-1.165896589658966143e+00 -4.269930224453758250e+00
-1.165291529152915562e+00 -4.268508135490012734e+00
-1.164686468646864981e+00 -4.267086191406818330e+00
-1.164081408140814400e+00 -4.265664392275431815e+00
-1.163476347634763819e+00 -4.264242738167107305e+00
-1.162871287128713238e+00 -4.262821229153098912e+00
-1.162266226622662657e+00 -4.261399865304665191e+00
-1.161661166116612076e+00 -4.259978646693058479e+00
-1.161056105610561495e+00 -4.258557573389536444e+00
-1.160451045104510914e+00 -4.257136645465352309e+00
-1.159845984598460333e+00 -4.255715862991762855e+00
-1.159240924092409752e+00 -4.254295226040023081e+00
-1.158635863586358727e+00 -4.252874734681387991e+00
-1.158030803080308146e+00 -4.251454388987114363e+00
-1.157425742574257566e+00 -4.250034189028456311e+00
-1.156820682068206985e+00 -4.248614134876668835e+00
-1.156215621562156404e+00 -4.247194226603006939e+00
-1.155610561056105823e+00 -4.245774464278728288e+00
-1.155005500550055242e+00 -4.244354847975086997e+00
-1.154400440044004661e+00 -4.242935377763336291e+00
-1.153795379537954080e+00 -4.241516053714734724e+00
-1.153190319031903499e+00 -4.240096875900536411e+00
-1.152585258525852918e+00 -4.238677844391996352e+00
-1.151980198019802337e+00 -4.237258959260370439e+00
-1.151375137513751756e+00 -4.235840220576912785e+00
-1.150770077007701175e+00 -4.234421628412881056e+00
-1.150165016501650594e+00 -4.233003182839528478e+00
-1.149559955995600014e+00 -4.231584883928111829e+00
-1.148954895489549433e+00 -4.230166731749884335e+00
-1.148349834983498852e+00 -4.228748726376105438e+00
-1.147744774477448271e+00 -4.227330867878024812e+00
-1.147139713971397246e+00 -4.225913156326901898e+00
-1.146534653465346665e+00 -4.224495591793991700e+00
-1.145929592959296084e+00 -4.223078174350548331e+00
-1.145324532453245503e+00 -4.221660904067827680e+00
-1.144719471947194922e+00 -4.220243781017086526e+00
-1.144114411441144341e+00 -4.218826805269575431e+00
-1.143509350935093760e+00 -4.217409976896555612e+00
-1.142904290429043179e+00 -4.215993295969281185e+00
-1.142299229922992598e+00 -4.214576762559003598e+00
-1.141694169416942017e+00 -4.213160376736982293e+00
-1.141089108910891436e+00 -4.211744138574469609e+00
-1.140484048404840856e+00 -4.210328048142724100e+00
-1.139878987898790275e+00 -4.208912105512998103e+00
-1.139273927392739694e+00 -4.207496310756549285e+00
-1.138668866886689113e+00 -4.206080663944631759e+00
-1.138063806380638532e+00 -4.204665165148501416e+00
-1.137458745874587951e+00 -4.203249814439413257e+00
-1.136853685368537370e+00 -4.201834611888623172e+00
-1.136248624862486345e+00 -4.200419557567384388e+00
-1.135643564356435764e+00 -4.199004651546954570e+00
-1.135038503850385183e+00 -4.197589893898588720e+00
-1.134433443344334602e+00 -4.196175284693542729e+00
-1.133828382838284021e+00 -4.194760824003068933e+00
-1.133223322332233440e+00 -4.193346511898426776e+00
-1.132618261826182859e+00 -4.191932348450869483e+00
-1.132013201320132278e+00 -4.190518333731652945e+00
-1.131408140814081698e+00 -4.189104467812030386e+00
-1.130803080308031117e+00 -4.187690750763261249e+00
-1.130198019801980536e+00 -4.186277182656597873e+00
-1.129592959295929955e+00 -4.184863763563295258e+00
-1.128987898789879374e+00 -4.183450493554610183e+00
-1.128382838283828793e+00 -4.182037372701797651e+00
-1.127777777777778212e+00 -4.180624401076113550e+00
-1.127172717271727631e+00 -4.179211578748811107e+00
-1.126567656765677050e+00 -4.177798905791148876e+00
-1.125962596259626469e+00 -4.176386382274380971e+00
-1.125357535753575444e+00 -4.174974008269759729e+00
-1.124752475247524863e+00 -4.173561783848544593e+00
-1.124147414741474282e+00 -4.172149709081989677e+00
-1.123542354235423701e+00 -4.170737784041349983e+00
-1.122937293729373120e+00 -4.169326008797880512e+00
-1.122332233223322540e+00 -4.167914383422838043e+00
-1.121727172717271959e+00 -4.166502907987476689e+00
-1.121122112211221378e+00 -4.165091582563050565e+00
-1.120517051705170797e+00 -4.163680407220817337e+00
-1.119911991199120216e+00 -4.162269382032032894e+00
-1.119306930693069635e+00 -4.160858507067949574e+00
-1.118701870187019054e+00 -4.159447782399824156e+00
-1.118096809680968473e+00 -4.158037208098913418e+00
-1.117491749174917892e+00 -4.156626784236471472e+00
-1.116886688668867311e+00 -4.155216510883752434e+00
-1.116281628162816730e+00 -4.153806388112013970e+00
-1.115676567656766149e+00 -4.152396415992510192e+00
-1.115071507150715568e+00 -4.150986594596496104e+00
-1.114466446644664988e+00 -4.149576923995227595e+00
-1.113861386138613963e+00 -4.148167404259959667e+00
-1.113256325632563382e+00 -4.146758035461948211e+00
-1.112651265126512801e+00 -4.145348817672449115e+00
-1.112046204620462220e+00 -4.143939750962716495e+00
-1.111441144114411639e+00 -4.142530835404006240e+00
-1.110836083608361058e+00 -4.141122071067573351e+00
-1.110231023102310477e+00 -4.139713458024673720e+00
-1.109625962596259896e+00 -4.138304996346562348e+00
-1.109020902090209315e+00 -4.136896686104495124e+00
-1.108415841584158734e+00 -4.135488527369727052e+00
-1.107810781078108153e+00 -4.134080520213512244e+00
-1.107205720572057572e+00 -4.132672664707107479e+00
-1.106600660066006991e+00 -4.131264960921768647e+00
-1.105995599559956410e+00 -4.129857408928749862e+00
-1.105390539053905830e+00 -4.128450008799307014e+00
-1.104785478547855249e+00 -4.127042760604695104e+00
-1.104180418041804668e+00 -4.125635664416169135e+00
-1.103575357535754087e+00 -4.124228720304985885e+00
-1.102970297029703062e+00 -4.122821928342398579e+00
-1.102365236523652481e+00 -4.121415288599664883e+00
-1.101760176017601900e+00 -4.120008801148038025e+00
-1.101155115511551319e+00 -4.118602466058775669e+00
-1.100550055005500738e+00 -4.117196283403131929e+00
-1.099944994499450157e+00 -4.115790253252360920e+00
-1.099339933993399576e+00 -4.114384375677720307e+00
-1.098734873487348995e+00 -4.112978650750464205e+00
-1.098129812981298414e+00 -4.111573078541847615e+00
-1.097524752475247833e+00 -4.110167659123126427e+00
-1.096919691969197252e+00 -4.108762392565555643e+00
-1.096314631463146672e+00 -4.107357278940392042e+00
-1.095709570957096091e+00 -4.105952318318889738e+00
-1.095104510451045510e+00 -4.104547510772301955e+00
-1.094499449944994929e+00 -4.103142856371889025e+00
-1.093894389438944348e+00 -4.101738355188902396e+00
-1.093289328932893767e+00 -4.100334007294597960e+00
-1.092684268426843186e+00 -4.098929812760232494e+00
-1.092079207920792605e+00 -4.097525771657059224e+00
-1.091474147414741580e+00 -4.096121884056335816e+00
-1.090869086908690999e+00 -4.094718150029316384e+00
-1.090264026402640418e+00 -4.093314569647256818e+00
-1.089658965896589837e+00 -4.091911142981412119e+00
-1.089053905390539256e+00 -4.090507870103037291e+00
-1.088448844884488675e+00 -4.089104751083388223e+00
-1.087843784378438095e+00 -4.087701785993720804e+00
-1.087238723872387514e+00 -4.086298974905288262e+00
-1.086633663366336933e+00 -4.084896317889348261e+00
-1.086028602860286352e+00 -4.083493815017154915e+00
-1.085423542354235771e+00 -4.082091466359964116e+00
-1.084818481848185190e+00 -4.080689271989030864e+00
-1.084213421342134609e+00 -4.079287231975610162e+00
-1.083608360836084028e+00 -4.077885346390957899e+00
-1.083003300330033447e+00 -4.076483615306330854e+00
-1.082398239823982866e+00 -4.075082038792981365e+00
-1.081793179317932285e+00 -4.073680616922167097e+00
-1.081188118811881704e+00 -4.072279349765142165e+00
-1.080583058305830679e+00 -4.070878237393161569e+00
-1.079977997799780098e+00 -4.069477279877481202e+00
-1.079372937293729517e+00 -4.068076477289359616e+00
-1.078767876787678937e+00 -4.066675829700046485e+00
-1.078162816281628356e+00 -4.065275337180800364e+00
-1.077557755775577775e+00 -4.063874999802877142e+00
-1.076952695269527194e+00 -4.062474817637530045e+00
-1.076347634763476613e+00 -4.061074790756015851e+00
-1.075742574257426032e+00 -4.059674919229589563e+00
-1.075137513751375451e+00 -4.058275203129507069e+00
-1.074532453245324870e+00 -4.056875642527021597e+00
-1.073927392739274289e+00 -4.055476237493392588e+00
-1.073322332233223708e+00 -4.054076988099871492e+00
-1.072717271727173127e+00 -4.052677894417715088e+00
-1.072112211221122546e+00 -4.051278956518178376e+00
-1.071507150715071965e+00 -4.049880174472517247e+00
-1.070902090209021384e+00 -4.048481548351986703e+00
-1.070297029702970804e+00 -4.047083078227842634e+00
-1.069691969196920223e+00 -4.045684764171340930e+00
-1.069086908690869198e+00 -4.044286606253733041e+00
-1.068481848184818617e+00 -4.042888604546279296e+00
-1.067876787678768036e+00 -4.041490759120232923e+00
-1.067271727172717455e+00 -4.040093070046849810e+00
-1.066666666666666874e+00 -4.038695537397383184e+00
-1.066061606160616293e+00 -4.037298161243090711e+00
-1.065456545654565712e+00 -4.035900941655228280e+00
-1.064851485148515131e+00 -4.034503878705050006e+00
-1.064246424642464550e+00 -4.033106972463810891e+00
-1.063641364136413969e+00 -4.031710223002766824e+00
-1.063036303630363388e+00 -4.030313630393171920e+00
-1.062431243124312807e+00 -4.028917194706282956e+00
-1.061826182618262226e+00 -4.027520916013355823e+00
-1.061221122112211646e+00 -4.026124794385644634e+00
-1.060616061606161065e+00 -4.024728829894405280e+00
-1.060011001100110484e+00 -4.023333022610892762e+00
-1.059405940594059903e+00 -4.021937372606362082e+00
-1.058800880088009322e+00 -4.020541879952070019e+00
-1.058195819581958297e+00 -4.019146544719269798e+00
-1.057590759075907716e+00 -4.017751366979218197e+00
-1.056985698569857135e+00 -4.016356346803171107e+00
-1.056380638063806554e+00 -4.014961484262382641e+00
-1.055775577557755973e+00 -4.013566779428108688e+00
-1.055170517051705392e+00 -4.012172232371604252e+00
-1.054565456545654811e+00 -4.010777843164126111e+00
-1.053960396039604230e+00 -4.009383611876927489e+00
-1.053355335533553649e+00 -4.007989538581265165e+00
-1.052750275027503069e+00 -4.006595623348394142e+00
-1.052145214521452488e+00 -4.005201866249569420e+00
-1.051540154015401907e+00 -4.003808267356046002e+00
-1.050935093509351326e+00 -4.002414826739079778e+00
-1.050330033003300745e+00 -4.001021544469928415e+00
-1.049724972497250164e+00 -3.999628420619842917e+00
-1.049119911991199583e+00 -3.998235455260080951e+00
-1.048514851485149002e+00 -3.996842648461897518e+00
-1.047909790979098421e+00 -3.995450000296549398e+00
-1.047304730473047840e+00 -3.994057510835289371e+00
-1.046699669966996815e+00 -3.992665180149373327e+00
-1.046094609460946234e+00 -3.991273008310058046e+00
-1.045489548954895653e+00 -3.989880995388598972e+00
-1.044884488448845072e+00 -3.988489141456249776e+00
-1.044279427942794491e+00 -3.987097446584267235e+00
-1.043674367436743911e+00 -3.985705910843905464e+00
-1.043069306930693330e+00 -3.984314534306421685e+00
-1.042464246424642749e+00 -3.982923317043069122e+00
-1.041859185918592168e+00 -3.981532259125103224e+00
-1.041254125412541587e+00 -3.980141360623782543e+00
-1.040649064906491006e+00 -3.978750621610358085e+00
-1.040044004400440425e+00 -3.977360042156087516e+00
-1.039438943894389844e+00 -3.975969622332225839e+00
-1.038833883388339263e+00 -3.974579362210029387e+00
-1.038228822882288682e+00 -3.973189261860751387e+00
-1.037623762376238101e+00 -3.971799321355649059e+00
-1.037018701870187520e+00 -3.970409540765975631e+00
-1.036413641364136939e+00 -3.969019920162989656e+00
-1.035808580858085914e+00 -3.967630459617942584e+00
-1.035203520352035333e+00 -3.966241159202093858e+00
-1.034598459845984753e+00 -3.964852018986695814e+00
-1.033993399339934172e+00 -3.963463039043005676e+00
-1.033388338833883591e+00 -3.962074219442278000e+00
-1.032783278327833010e+00 -3.960685560255766902e+00
-1.032178217821782429e+00 -3.959297061554728714e+00
-1.031573157315731848e+00 -3.957908723410419771e+00
-1.030968096809681267e+00 -3.956520545894095520e+00
-1.030363036303630686e+00 -3.955132529077008741e+00
-1.029757975797580105e+00 -3.953744673030417545e+00
-1.029152915291529524e+00 -3.952356977825574713e+00
-1.028547854785478943e+00 -3.950969443533739689e+00
-1.027942794279428362e+00 -3.949582070226162145e+00
-1.027337733773377781e+00 -3.948194857974101524e+00
-1.026732673267327201e+00 -3.946807806848813271e+00
-1.026127612761276620e+00 -3.945420916921551502e+00
-1.025522552255226039e+00 -3.944034188263569884e+00
-1.024917491749175458e+00 -3.942647620946127418e+00
-1.024312431243124433e+00 -3.941261215040475996e+00
-1.023707370737073852e+00 -3.939874970617873284e+00
-1.023102310231023271e+00 -3.938488887749573397e+00
-1.022497249724972690e+00 -3.937102966506834001e+00
-1.021892189218922109e+00 -3.935717206960907433e+00
-1.021287128712871528e+00 -3.934331609183050027e+00
-1.020682068206820947e+00 -3.932946173244518562e+00
-1.020077007700770366e+00 -3.931560899216565375e+00
-1.019471947194719785e+00 -3.930175787170448576e+00
-1.018866886688669204e+00 -3.928790837177422279e+00
-1.018261826182618623e+00 -3.927406049308742375e+00
-1.017656765676568043e+00 -3.926021423635664309e+00
-1.017051705170517462e+00 -3.924636960229442639e+00
-1.016446644664466881e+00 -3.923252659161332812e+00
-1.015841584158416300e+00 -3.921868520502591160e+00
-1.015236523652365719e+00 -3.920484544324471798e+00
-1.014631463146315138e+00 -3.919100730698231061e+00
-1.014026402640264557e+00 -3.917717079695123950e+00
-1.013421342134213532e+00 -3.916333591386404578e+00
-1.012816281628162951e+00 -3.914950265843329724e+00
-1.012211221122112370e+00 -3.913567103137156167e+00
-1.011606160616061789e+00 -3.912184103339135799e+00
-1.011001100110011208e+00 -3.910801266520526731e+00
-1.010396039603960627e+00 -3.909418592752583521e+00
-1.009790979097910046e+00 -3.908036082106559839e+00
-1.009185918591859465e+00 -3.906653734653714238e+00
-1.008580858085808885e+00 -3.905271550465300390e+00
-1.007975797579758304e+00 -3.903889529612571963e+00
-1.007370737073707723e+00 -3.902507672166787955e+00
-1.006765676567657142e+00 -3.901125978199200262e+00
-1.006160616061606561e+00 -3.899744447781066548e+00
-1.005555555555555980e+00 -3.898363080983641371e+00
-1.004950495049505399e+00 -3.896981877878178846e+00
-1.004345434543454818e+00 -3.895600838535936639e+00
-1.003740374037404237e+00 -3.894219963028167975e+00
-1.003135313531353656e+00 -3.892839251426130076e+00
-1.002530253025302631e+00 -3.891458703801075725e+00
-1.001925192519252050e+00 -3.890078320224263031e+00
-1.001320132013201469e+00 -3.888698100766947441e+00
-1.000715071507150888e+00 -3.887318045500382180e+00
-1.000110011001100307e+00 -3.885938154495822694e+00
-9.995049504950497266e-01 -3.884558427824526206e+00
-9.988998899889991456e-01 -3.883178865557746384e+00
-9.982948294829485647e-01 -3.881799467766739564e+00
-9.976897689768979838e-01 -3.880420234522762080e+00
-9.970847084708474029e-01 -3.879041165897066268e+00
-9.964796479647968219e-01 -3.877662261960909795e+00
-9.958745874587462410e-01 -3.876283522785547664e+00
-9.952695269526956601e-01 -3.874904948442233543e+00
-9.946644664466450791e-01 -3.873526539002225100e+00
-9.940594059405944982e-01 -3.872148294536776447e+00
-9.934543454345439173e-01 -3.870770215117143920e+00
-9.928492849284933364e-01 -3.869392300814580743e+00
-9.922442244224427554e-01 -3.868014551700345471e+00
-9.916391639163921745e-01 -3.866636967845691775e+00
-9.910341034103411495e-01 -3.865259549321873322e+00
-9.904290429042905686e-01 -3.863882296200147781e+00
-9.898239823982399876e-01 -3.862505208551769265e+00
-9.892189218921894067e-01 -3.861128286447995439e+00
-9.886138613861388258e-01 -3.859751529960078198e+00
-9.880088008800882449e-01 -3.858374939159275208e+00
-9.874037403740376639e-01 -3.856998514116840138e+00
-9.867986798679870830e-01 -3.855622254904031987e+00
-9.861936193619365021e-01 -3.854246161592101316e+00
-9.855885588558859212e-01 -3.852870234252305792e+00
-9.849834983498353402e-01 -3.851494472955902193e+00
-9.843784378437847593e-01 -3.850118877774141524e+00
-9.837733773377341784e-01 -3.848743448778284559e+00
-9.831683168316835975e-01 -3.847368186039583193e+00
-9.825632563256330165e-01 -3.845993089629291983e+00
-9.819581958195824356e-01 -3.844618159618669928e+00
-9.813531353135318547e-01 -3.843243396078969365e+00
-9.807480748074812738e-01 -3.841868799081447072e+00
-9.801430143014302487e-01 -3.840494368697357164e+00
-9.795379537953796678e-01 -3.839120104997955529e+00
-9.789328932893290869e-01 -3.837746008054499391e+00
-9.783278327832785060e-01 -3.836372077938240643e+00
-9.777227722772279250e-01 -3.834998314720437840e+00
-9.771177117711773441e-01 -3.833624718472344650e+00
-9.765126512651267632e-01 -3.832251289265216521e+00
-9.759075907590761823e-01 -3.830878027170308453e+00
-9.753025302530256013e-01 -3.829504932258876337e+00
-9.746974697469750204e-01 -3.828132004602176508e+00
-9.740924092409244395e-01 -3.826759244271463523e+00
-9.734873487348738585e-01 -3.825386651337991495e+00
-9.728822882288232776e-01 -3.824014225873016759e+00
-9.722772277227726967e-01 -3.822641967947795649e+00
-9.716721672167221158e-01 -3.821269877633581835e+00
-9.710671067106715348e-01 -3.819897955001630763e+00
-9.704620462046209539e-01 -3.818526200123200542e+00
-9.698569856985703730e-01 -3.817154613069542624e+00
-9.692519251925197921e-01 -3.815783193911914672e+00
-9.686468646864687670e-01 -3.814411942721570803e+00
-9.680418041804181861e-01 -3.813040859569767349e+00
-9.674367436743676052e-01 -3.811669944527759313e+00
-9.668316831683170243e-01 -3.810299197666802584e+00
-9.662266226622664433e-01 -3.808928619058153053e+00
-9.656215621562158624e-01 -3.807558208773063946e+00
-9.650165016501652815e-01 -3.806187966882791596e+00
-9.644114411441147006e-01 -3.804817893458591893e+00
-9.638063806380641196e-01 -3.803447988571719396e+00
-9.632013201320135387e-01 -3.802078252293430438e+00
-9.625962596259629578e-01 -3.800708684694979134e+00
-9.619911991199123769e-01 -3.799339285847621372e+00
-9.613861386138617959e-01 -3.797970055822613045e+00
-9.607810781078112150e-01 -3.796600994691209596e+00
-9.601760176017606341e-01 -3.795232102524664697e+00
-9.595709570957100532e-01 -3.793863379394235569e+00
-9.589658965896594722e-01 -3.792494825371176326e+00
-9.583608360836088913e-01 -3.791126440526742858e+00
-9.577557755775578663e-01 -3.789758224932189723e+00
-9.571507150715072854e-01 -3.788390178658774143e+00
-9.565456545654567044e-01 -3.787022301777750677e+00
-9.559405940594061235e-01 -3.785654594360373437e+00
-9.553355335533555426e-01 -3.784287056477899647e+00
-9.547304730473049617e-01 -3.782919688201582531e+00
-9.541254125412543807e-01 -3.781552489602679312e+00
-9.535203520352037998e-01 -3.780185460752443660e+00
-9.529152915291532189e-01 -3.778818601722133685e+00
-9.523102310231026379e-01 -3.777451912583001281e+00
-9.517051705170520570e-01 -3.776085393406304114e+00
-9.511001100110014761e-01 -3.774719044263297185e+00
-9.504950495049508952e-01 -3.773352865225235497e+00
-9.498899889989003142e-01 -3.771986856363374052e+00
-9.492849284928497333e-01 -3.770621017748968740e+00
-9.486798679867991524e-01 -3.769255349453274562e+00
-9.480748074807485715e-01 -3.767889851547547408e+00
-9.474697469746979905e-01 -3.766524524103041394e+00
-9.468646864686474096e-01 -3.765159367191014184e+00
-9.462596259625963846e-01 -3.763794380882717672e+00
-9.456545654565458037e-01 -3.762429565249409968e+00
-9.450495049504952227e-01 -3.761064920362346520e+00
-9.444444444444446418e-01 -3.759700446292781884e+00
-9.438393839383940609e-01 -3.758336143111970618e+00
-9.432343234323434800e-01 -3.756972010891169500e+00
-9.426292629262928990e-01 -3.755608049701633533e+00
-9.420242024202423181e-01 -3.754244259614616386e+00
-9.414191419141917372e-01 -3.752880640701375725e+00
-9.408140814081411563e-01 -3.751517193033166997e+00
-9.402090209020905753e-01 -3.750153916681242094e+00
-9.396039603960399944e-01 -3.748790811716859128e+00
-9.389988998899894135e-01 -3.747427878211274432e+00
-9.383938393839388326e-01 -3.746065116235742121e+00
-9.377887788778882516e-01 -3.744702525861516751e+00
-9.371837183718376707e-01 -3.743340107159853769e+00
-9.365786578657870898e-01 -3.741977860202009953e+00
-9.359735973597365088e-01 -3.740615785059239862e+00
-9.353685368536854838e-01 -3.739253881802796720e+00
-9.347634763476349029e-01 -3.737892150503939082e+00
-9.341584158415843220e-01 -3.736530591233922394e+00
-9.335533553355337411e-01 -3.735169204064000326e+00
-9.329482948294831601e-01 -3.733807989065427879e+00
-9.323432343234325792e-01 -3.732446946309462277e+00
-9.317381738173819983e-01 -3.731086075867356744e+00
-9.311331133113314173e-01 -3.729725377810368947e+00
-9.305280528052808364e-01 -3.728364852209751223e+00
-9.299229922992302555e-01 -3.727004499136761684e+00
-9.293179317931796746e-01 -3.725644318662654886e+00
-9.287128712871290936e-01 -3.724284310858684943e+00
-9.281078107810785127e-01 -3.722924475796109967e+00
-9.275027502750279318e-01 -3.721564813546182293e+00
-9.268976897689773509e-01 -3.720205324180158701e+00
-9.262926292629267699e-01 -3.718846007769294637e+00
-9.256875687568761890e-01 -3.717486864384844658e+00
-9.250825082508256081e-01 -3.716127894098064655e+00
-9.244774477447750272e-01 -3.714769096980210517e+00
-9.238723872387240021e-01 -3.713410473102535914e+00
-9.232673267326734212e-01 -3.712052022536298068e+00
-9.226622662266228403e-01 -3.710693745352751538e+00
-9.220572057205722594e-01 -3.709335641623151325e+00
-9.214521452145216784e-01 -3.707977711418754652e+00
-9.208470847084710975e-01 -3.706619954810814299e+00
-9.202420242024205166e-01 -3.705262371870586158e+00
-9.196369636963699357e-01 -3.703904962669327450e+00
-9.190319031903193547e-01 -3.702547727278290957e+00
-9.184268426842687738e-01 -3.701190665768733901e+00
-9.178217821782181929e-01 -3.699833778211911284e+00
-9.172167216721676120e-01 -3.698477064679077664e+00
-9.166116611661170310e-01 -3.697120525241488487e+00
-9.160066006600664501e-01 -3.695764159970400531e+00
-9.154015401540158692e-01 -3.694407968937067910e+00
-9.147964796479652883e-01 -3.693051952212745626e+00
-9.141914191419147073e-01 -3.691696109868689568e+00
-9.135863586358641264e-01 -3.690340441976156072e+00
-9.129812981298131014e-01 -3.688984948606398362e+00
-9.123762376237625205e-01 -3.687629629830672773e+00
-9.117711771177119395e-01 -3.686274485720235639e+00
-9.111661166116613586e-01 -3.684919516346341073e+00
-9.105610561056107777e-01 -3.683564721780245854e+00
-9.099559955995601968e-01 -3.682210102093202764e+00
-9.093509350935096158e-01 -3.680855657356469912e+00
-9.087458745874590349e-01 -3.679501387641301413e+00
-9.081408140814084540e-01 -3.678147293018952269e+00
-9.075357535753578730e-01 -3.676793373560678813e+00
-9.069306930693072921e-01 -3.675439629337734715e+00
-9.063256325632567112e-01 -3.674086060421377198e+00
-9.057205720572061303e-01 -3.672732666882860819e+00
-9.051155115511555493e-01 -3.671379448793440581e+00
-9.045104510451049684e-01 -3.670026406224373261e+00
-9.039053905390543875e-01 -3.668673539246911197e+00
-9.033003300330038066e-01 -3.667320847932312944e+00
-9.026952695269532256e-01 -3.665968332351832171e+00
-9.020902090209022006e-01 -3.664615992576724324e+00
-9.014851485148516197e-01 -3.663263828678245293e+00
-9.008800880088010388e-01 -3.661911840727649636e+00
-9.002750275027504578e-01 -3.660560028796195020e+00
-8.996699669966998769e-01 -3.659208392971781354e+00
-8.990649064906492960e-01 -3.657856933654370923e+00
-8.984598459845987151e-01 -3.656505651521070543e+00
-8.978547854785481341e-01 -3.655154547258623321e+00
-8.972497249724975532e-01 -3.653803621553768366e+00
-8.966446644664469723e-01 -3.652452875093247009e+00
-8.960396039603963914e-01 -3.651102308563800580e+00
-8.954345434543458104e-01 -3.649751922652171299e+00
-8.948294829482952295e-01 -3.648401718045099607e+00
-8.942244224422446486e-01 -3.647051695429326834e+00
-8.936193619361940677e-01 -3.645701855491592536e+00
-8.930143014301434867e-01 -3.644352198918639818e+00
-8.924092409240929058e-01 -3.643002726397207347e+00
-8.918041804180423249e-01 -3.641653438614039118e+00
-8.911991199119917439e-01 -3.640304336255875572e+00
-8.905940594059407189e-01 -3.638955420009455821e+00
-8.899889988998901380e-01 -3.637606690561524303e+00
-8.893839383938395571e-01 -3.636258148598818796e+00
-8.887788778877889762e-01 -3.634909794808084182e+00
-8.881738173817383952e-01 -3.633561629876057797e+00
-8.875687568756878143e-01 -3.632213654489482746e+00
-8.869636963696372334e-01 -3.630865869335099472e+00
-8.863586358635866524e-01 -3.629518275099649749e+00
-8.857535753575360715e-01 -3.628170872469874464e+00
-8.851485148514854906e-01 -3.626823662132515391e+00
-8.845434543454349097e-01 -3.625476644774312085e+00
-8.839383938393843287e-01 -3.624129821082006320e+00
-8.833333333333337478e-01 -3.622783191742339426e+00
-8.827282728272831669e-01 -3.621436757442053178e+00
-8.821232123212325860e-01 -3.620090518867887575e+00
-8.815181518151820050e-01 -3.618744476706584834e+00
-8.809130913091314241e-01 -3.617398631644884510e+00
-8.803080308030808432e-01 -3.616052984369529710e+00
-8.797029702970298182e-01 -3.614707535567258656e+00
-8.790979097909792372e-01 -3.613362285924815787e+00
-8.784928492849286563e-01 -3.612017236128941544e+00
-8.778877887788780754e-01 -3.610672386866375927e+00
-8.772827282728274945e-01 -3.609327738823860265e+00
-8.766776677667769135e-01 -3.607983292688135890e+00
-8.760726072607263326e-01 -3.606639049145943243e+00
-8.754675467546757517e-01 -3.605295008884025432e+00
-8.748624862486251708e-01 -3.603951172589122454e+00
-8.742574257425745898e-01 -3.602607540947974307e+00
-8.736523652365240089e-01 -3.601264114647323655e+00
-8.730473047304734280e-01 -3.599920894373910496e+00
-8.724422442244228471e-01 -3.598577880814477048e+00
-8.718371837183722661e-01 -3.597235074655764642e+00
-8.712321232123216852e-01 -3.595892476584513275e+00
-8.706270627062711043e-01 -3.594550087287464279e+00
-8.700220022002205233e-01 -3.593207907451358096e+00
-8.694169416941699424e-01 -3.591865937762938277e+00
-8.688118811881193615e-01 -3.590524178908943487e+00
-8.682068206820683365e-01 -3.589182631576115945e+00
-8.676017601760177556e-01 -3.587841296451196538e+00
-8.669966996699671746e-01 -3.586500174220927484e+00
-8.663916391639165937e-01 -3.585159265572048781e+00
-8.657865786578660128e-01 -3.583818571191300428e+00
-8.651815181518154318e-01 -3.582478091765425088e+00
-8.645764576457648509e-01 -3.581137827981165422e+00
-8.639713971397142700e-01 -3.579797780525260098e+00
-8.633663366336636891e-01 -3.578457950084450445e+00
-8.627612761276131081e-01 -3.577118337345478238e+00
-8.621562156215625272e-01 -3.575778942995083476e+00
-8.615511551155119463e-01 -3.574439767720010153e+00
-8.609460946094613654e-01 -3.573100812206997379e+00
-8.603410341034107844e-01 -3.571762077142785596e+00
-8.597359735973602035e-01 -3.570423563214117024e+00
-8.591309130913096226e-01 -3.569085271107731661e+00
-8.585258525852590417e-01 -3.567747201510372168e+00
-8.579207920792084607e-01 -3.566409355108778989e+00
-8.573157315731574357e-01 -3.565071732589692566e+00
-8.567106710671068548e-01 -3.563734334639855561e+00
-8.561056105610562739e-01 -3.562397161946009305e+00
-8.555005500550056929e-01 -3.561060215194892464e+00
-8.548954895489551120e-01 -3.559723495073247701e+00
-8.542904290429045311e-01 -3.558387002267815902e+00
-8.536853685368539502e-01 -3.557050737465339285e+00
-8.530803080308033692e-01 -3.555714701352557849e+00
-8.524752475247527883e-01 -3.554378894616212925e+00
-8.518701870187022074e-01 -3.553043317943045398e+00
-8.512651265126516265e-01 -3.551707972019796600e+00
-8.506600660066010455e-01 -3.550372857533207860e+00
-8.500550055005504646e-01 -3.549037975170020065e+00
-8.494499449944998837e-01 -3.547703325616973657e+00
-8.488448844884493028e-01 -3.546368909560811300e+00
-8.482398239823987218e-01 -3.545034727688273879e+00
-8.476347634763481409e-01 -3.543700780686101393e+00
-8.470297029702975600e-01 -3.542367069241035615e+00
-8.464246424642469790e-01 -3.541033594039817878e+00
-8.458195819581959540e-01 -3.539700355769188178e+00
-8.452145214521453731e-01 -3.538367355115889179e+00
-8.446094609460947922e-01 -3.537034592766662655e+00
-8.440044004400442113e-01 -3.535702069408246384e+00
-8.433993399339936303e-01 -3.534369785727384361e+00
-8.427942794279430494e-01 -3.533037742410817472e+00
-8.421892189218924685e-01 -3.531705940145285716e+00
-8.415841584158418875e-01 -3.530374379617531755e+00
-8.409790979097913066e-01 -3.529043061514294255e+00
-8.403740374037407257e-01 -3.527711986522317211e+00
-8.397689768976901448e-01 -3.526381155328339290e+00
-8.391639163916395638e-01 -3.525050568619104041e+00
-8.385588558855889829e-01 -3.523720227081350131e+00
-8.379537953795384020e-01 -3.522390131401819779e+00
-8.373487348734878211e-01 -3.521060282267255204e+00
-8.367436743674372401e-01 -3.519730680364395958e+00
-8.361386138613866592e-01 -3.518401326379983374e+00
-8.355335533553360783e-01 -3.517072221000759669e+00
-8.349284928492850533e-01 -3.515743364913463953e+00
-8.343234323432344723e-01 -3.514414758804839778e+00
-8.337183718371838914e-01 -3.513086403361626697e+00
-8.331133113311333105e-01 -3.511758299270566486e+00
-8.325082508250827296e-01 -3.510430447218401362e+00
-8.319031903190321486e-01 -3.509102847891869548e+00
-8.312981298129815677e-01 -3.507775501977714150e+00
-8.306930693069309868e-01 -3.506448410162675611e+00
-8.300880088008804059e-01 -3.505121573133496149e+00
-8.294829482948298249e-01 -3.503794991576916207e+00
-8.288778877887792440e-01 -3.502468666179675783e+00
-8.282728272827286631e-01 -3.501142597628518427e+00
-8.276677667766780822e-01 -3.499816786610183250e+00
-8.270627062706275012e-01 -3.498491233811412471e+00
-8.264576457645769203e-01 -3.497165939918945643e+00
-8.258525852585263394e-01 -3.495840905619525429e+00
-8.252475247524757584e-01 -3.494516131599893161e+00
-8.246424642464251775e-01 -3.493191618546789723e+00
-8.240374037403745966e-01 -3.491867367146955115e+00
-8.234323432343235716e-01 -3.490543378087130666e+00
-8.228272827282729907e-01 -3.489219652054058152e+00
-8.222222222222224097e-01 -3.487896189734480235e+00
-8.216171617161718288e-01 -3.486572991815135136e+00
-8.210121012101212479e-01 -3.485250058982765520e+00
-8.204070407040706669e-01 -3.483927391924112715e+00
-8.198019801980200860e-01 -3.482604991325917165e+00
-8.191969196919695051e-01 -3.481282857874920644e+00
-8.185918591859189242e-01 -3.479960992257864039e+00
-8.179867986798683432e-01 -3.478639395161488235e+00
-8.173817381738177623e-01 -3.477318067272534119e+00
-8.167766776677671814e-01 -3.475997009277742578e+00
-8.161716171617166005e-01 -3.474676221863856718e+00
-8.155665566556660195e-01 -3.473355705717615649e+00
-8.149614961496154386e-01 -3.472035461525761590e+00
-8.143564356435648577e-01 -3.470715489975035428e+00
-8.137513751375142768e-01 -3.469395791752176716e+00
-8.131463146314636958e-01 -3.468076367543929006e+00
-8.125412541254126708e-01 -3.466757218037031407e+00
-8.119361936193620899e-01 -3.465438343918227027e+00
-8.113311331133115090e-01 -3.464119745874254530e+00
-8.107260726072609280e-01 -3.462801424591857469e+00
-8.101210121012103471e-01 -3.461483380757776285e+00
-8.095159515951597662e-01 -3.460165615058752753e+00
-8.089108910891091853e-01 -3.458848128181525095e+00
-8.083058305830586043e-01 -3.457530920812839081e+00
-8.077007700770080234e-01 -3.456213993639431159e+00
-8.070957095709574425e-01 -3.454897347348044434e+00
-8.064906490649068616e-01 -3.453580982625421125e+00
-8.058855885588562806e-01 -3.452264900158299898e+00
-8.052805280528056997e-01 -3.450949100633424749e+00
-8.046754675467551188e-01 -3.449633584737535230e+00
-8.040704070407045378e-01 -3.448318353157371785e+00
-8.034653465346539569e-01 -3.447003406579677076e+00
-8.028602860286033760e-01 -3.445688745691191546e+00
-8.022552255225527951e-01 -3.444374371178655636e+00
-8.016501650165022141e-01 -3.443060283728812898e+00
-8.010451045104511891e-01 -3.441746484028399333e+00
-8.004400440044006082e-01 -3.440432972764162045e+00
-7.998349834983500273e-01 -3.439119750622839256e+00
-7.992299229922994463e-01 -3.437806818291172295e+00
-7.986248624862488654e-01 -3.436494176455902938e+00
-7.980198019801982845e-01 -3.435181825803771183e+00
-7.974147414741477036e-01 -3.433869767021518360e+00
-7.968096809680971226e-01 -3.432558000795886244e+00
-7.962046204620465417e-01 -3.431246527813616609e+00
-7.955995599559959608e-01 -3.429935348761449010e+00
-7.949944994499453799e-01 -3.428624464326125221e+00
-7.943894389438947989e-01 -3.427313875194387460e+00
-7.937843784378442180e-01 -3.426003582052974838e+00
-7.931793179317936371e-01 -3.424693585588629130e+00
-7.925742574257430562e-01 -3.423383886488091665e+00
-7.919691969196924752e-01 -3.422074485438104663e+00
-7.913641364136418943e-01 -3.420765383125408121e+00
-7.907590759075913134e-01 -3.419456580236743370e+00
-7.901540154015402884e-01 -3.418148077458849965e+00
-7.895489548954897074e-01 -3.416839875478472344e+00
-7.889438943894391265e-01 -3.415531974982349617e+00
-7.883388338833885456e-01 -3.414224376657222670e+00
-7.877337733773379647e-01 -3.412917081189833279e+00
-7.871287128712873837e-01 -3.411610089266921886e+00
-7.865236523652368028e-01 -3.410303401575232485e+00
-7.859185918591862219e-01 -3.408997018801501522e+00
-7.853135313531356410e-01 -3.407690941632473436e+00
-7.847084708470850600e-01 -3.406385170754889113e+00
-7.841034103410344791e-01 -3.405079706855487665e+00
-7.834983498349838982e-01 -3.403774550621011308e+00
-7.828932893289333173e-01 -3.402469702738202262e+00
-7.822882288228827363e-01 -3.401165163893800969e+00
-7.816831683168321554e-01 -3.399860934774548316e+00
-7.810781078107815745e-01 -3.398557016067186076e+00
-7.804730473047309935e-01 -3.397253408458452917e+00
-7.798679867986804126e-01 -3.395950112635094165e+00
-7.792629262926293876e-01 -3.394647129283845821e+00
-7.786578657865788067e-01 -3.393344459091454102e+00
-7.780528052805282258e-01 -3.392042102744657228e+00
-7.774477447744776448e-01 -3.390740060930197419e+00
-7.768426842684270639e-01 -3.389438334334814673e+00
-7.762376237623764830e-01 -3.388136923645251208e+00
-7.756325632563259020e-01 -3.386835829548247911e+00
-7.750275027502753211e-01 -3.385535052730545225e+00
-7.744224422442247402e-01 -3.384234593878885811e+00
-7.738173817381741593e-01 -3.382934453680008779e+00
-7.732123212321235783e-01 -3.381634632820656794e+00
-7.726072607260729974e-01 -3.380335131987570296e+00
-7.720022002200224165e-01 -3.379035951867490617e+00
-7.713971397139718356e-01 -3.377737093147159086e+00
-7.707920792079212546e-01 -3.376438556513317035e+00
-7.701870187018706737e-01 -3.375140342652704462e+00
-7.695819581958200928e-01 -3.373842452252063140e+00
-7.689768976897695119e-01 -3.372544885998133957e+00
-7.683718371837189309e-01 -3.371247644577660019e+00
-7.677667766776679059e-01 -3.369950728677378216e+00
-7.671617161716173250e-01 -3.368654138984034319e+00
-7.665566556655667441e-01 -3.367357876184366550e+00
-7.659515951595161631e-01 -3.366061940965117572e+00
-7.653465346534655822e-01 -3.364766334013026494e+00
-7.647414741474150013e-01 -3.363471056014837313e+00
-7.641364136413644204e-01 -3.362176107657288693e+00
-7.635313531353138394e-01 -3.360881489627123297e+00
-7.629262926292632585e-01 -3.359587202611080681e+00
-7.623212321232126776e-01 -3.358293247295903949e+00
-7.617161716171620967e-01 -3.356999624368333546e+00
-7.611111111111115157e-01 -3.355706334515109024e+00
-7.605060506050609348e-01 -3.354413378422973935e+00
-7.599009900990103539e-01 -3.353120756778666500e+00
-7.592959295929597729e-01 -3.351828470268931603e+00
-7.586908690869091920e-01 -3.350536519580507466e+00
-7.580858085808586111e-01 -3.349244905400135863e+00
-7.574807480748080302e-01 -3.347953628414559013e+00
-7.568756875687570052e-01 -3.346662689310515137e+00
-7.562706270627064242e-01 -3.345372088774749564e+00
-7.556655665566558433e-01 -3.344081827494000958e+00
-7.550605060506052624e-01 -3.342791906155010206e+00
-7.544554455445546814e-01 -3.341502325444519528e+00
-7.538503850385041005e-01 -3.340213086049269364e+00
-7.532453245324535196e-01 -3.338924188656001046e+00
-7.526402640264029387e-01 -3.337635633951455461e+00
-7.520352035203523577e-01 -3.336347422622374381e+00
-7.514301430143017768e-01 -3.335059555355499139e+00
-7.508250825082511959e-01 -3.333772032837569288e+00
-7.502200220022006150e-01 -3.332484855755327047e+00
-7.496149614961500340e-01 -3.331198024795513302e+00
-7.490099009900994531e-01 -3.329911540644869827e+00
-7.484048404840488722e-01 -3.328625403990136178e+00
-7.477997799779982913e-01 -3.327339615518055460e+00
-7.471947194719477103e-01 -3.326054175915367672e+00
-7.465896589658971294e-01 -3.324769085868814145e+00
-7.459845984598465485e-01 -3.323484346065135764e+00
-7.453795379537955235e-01 -3.322199957191073860e+00
-7.447744774477449425e-01 -3.320915919933369764e+00
-7.441694169416943616e-01 -3.319632234978764806e+00
-7.435643564356437807e-01 -3.318348903013998985e+00
-7.429592959295931998e-01 -3.317065924725814963e+00
-7.423542354235426188e-01 -3.315783300800953182e+00
-7.417491749174920379e-01 -3.314501031926153640e+00
-7.411441144114414570e-01 -3.313219118788159889e+00
-7.405390539053908761e-01 -3.311937562073711039e+00
-7.399339933993402951e-01 -3.310656362469548863e+00
-7.393289328932897142e-01 -3.309375520662414694e+00
-7.387238723872391333e-01 -3.308095037339049416e+00
-7.381188118811885523e-01 -3.306814913186194360e+00
-7.375137513751379714e-01 -3.305535148890590413e+00
-7.369086908690873905e-01 -3.304255745138978462e+00
-7.363036303630368096e-01 -3.302976702618100280e+00
-7.356985698569862286e-01 -3.301698022014696754e+00
-7.350935093509356477e-01 -3.300419704015508326e+00
-7.344884488448846227e-01 -3.299141749307277216e+00
-7.338833883388340418e-01 -3.297864158576743865e+00
-7.332783278327834608e-01 -3.296586932510649604e+00
-7.326732673267328799e-01 -3.295310071795735762e+00
-7.320682068206822990e-01 -3.294033577118743228e+00
-7.314631463146317181e-01 -3.292757449166413775e+00
-7.308580858085811371e-01 -3.291481688625487845e+00
-7.302530253025305562e-01 -3.290206296182706769e+00
-7.296479647964799753e-01 -3.288931272524810989e+00
-7.290429042904293944e-01 -3.287656618338542280e+00
-7.284378437843788134e-01 -3.286382334310642417e+00
-7.278327832783282325e-01 -3.285108421127850953e+00
-7.272277227722776516e-01 -3.283834879476910995e+00
-7.266226622662270707e-01 -3.282561710044562098e+00
-7.260176017601764897e-01 -3.281288913517545591e+00
-7.254125412541259088e-01 -3.280016490582602362e+00
-7.248074807480753279e-01 -3.278744441926475517e+00
-7.242024202420247470e-01 -3.277472768235903722e+00
-7.235973597359741660e-01 -3.276201470197629639e+00
-7.229922992299231410e-01 -3.274930548498392380e+00
-7.223872387238725601e-01 -3.273660003824935938e+00
-7.217821782178219792e-01 -3.272389836863999868e+00
-7.211771177117713982e-01 -3.271120048302325944e+00
-7.205720572057208173e-01 -3.269850638826654610e+00
-7.199669966996702364e-01 -3.268581609123727638e+00
-7.193619361936196555e-01 -3.267312959880284584e+00
-7.187568756875690745e-01 -3.266044691783068554e+00
-7.181518151815184936e-01 -3.264776805518820435e+00
-7.175467546754679127e-01 -3.263509301774280225e+00
-7.169416941694173318e-01 -3.262242181236189698e+00
-7.163366336633667508e-01 -3.260975444591289740e+00
-7.157315731573161699e-01 -3.259709092526322127e+00
-7.151265126512655890e-01 -3.258443125728026857e+00
-7.145214521452150080e-01 -3.257177544883146147e+00
-7.139163916391644271e-01 -3.255912350678420442e+00
-7.133113311331138462e-01 -3.254647543800591958e+00
-7.127062706270632653e-01 -3.253383124936400250e+00
-7.121012101210122403e-01 -3.252119094772586205e+00
-7.114961496149616593e-01 -3.250855453995893374e+00
-7.108910891089110784e-01 -3.249592203293061754e+00
-7.102860286028604975e-01 -3.248329343350831344e+00
-7.096809680968099165e-01 -3.247066874855945251e+00
-7.090759075907593356e-01 -3.245804798495142585e+00
-7.084708470847087547e-01 -3.244543114955164675e+00
-7.078657865786581738e-01 -3.243281824922754630e+00
-7.072607260726075928e-01 -3.242020929084651559e+00
-7.066556655665570119e-01 -3.240760428127597681e+00
-7.060506050605064310e-01 -3.239500322738333882e+00
-7.054455445544558501e-01 -3.238240613603601492e+00
-7.048404840484052691e-01 -3.236981301410140510e+00
-7.042354235423546882e-01 -3.235722386844693155e+00
-7.036303630363041073e-01 -3.234463870594000312e+00
-7.030253025302535264e-01 -3.233205753344803757e+00
-7.024202420242029454e-01 -3.231948035783842599e+00
-7.018151815181523645e-01 -3.230690718597860833e+00
-7.012101210121017836e-01 -3.229433802473596682e+00
-7.006050605060507586e-01 -3.228177288097792808e+00
-7.000000000000001776e-01 -3.226921176157190096e+00
-6.993949394939495967e-01 -3.225665467338530323e+00
-6.987898789878990158e-01 -3.224410162328554819e+00
-6.981848184818484349e-01 -3.223155261814002692e+00
-6.975797579757978539e-01 -3.221900766481617495e+00
-6.969746974697472730e-01 -3.220646677018138337e+00
-6.963696369636966921e-01 -3.219392994110307438e+00
-6.957645764576461112e-01 -3.218139718444866126e+00
-6.951595159515955302e-01 -3.216886850708554402e+00
-6.945544554455449493e-01 -3.215634391588114926e+00
-6.939493949394943684e-01 -3.214382341770287255e+00
-6.933443344334437874e-01 -3.213130701941814493e+00
-6.927392739273932065e-01 -3.211879472789435308e+00
-6.921342134213426256e-01 -3.210628654999891918e+00
-6.915291529152920447e-01 -3.209378249259926541e+00
-6.909240924092414637e-01 -3.208128256256279620e+00
-6.903190319031908828e-01 -3.206878676675690709e+00
-6.897139713971398578e-01 -3.205629511204902915e+00
-6.891089108910892769e-01 -3.204380760530656680e+00
-6.885038503850386959e-01 -3.203132425339693334e+00
-6.878987898789881150e-01 -3.201884506318753765e+00
-6.872937293729375341e-01 -3.200637004154579301e+00
-6.866886688668869532e-01 -3.199389919533911719e+00
-6.860836083608363722e-01 -3.198143253143490128e+00
-6.854785478547857913e-01 -3.196897005670058078e+00
-6.848734873487352104e-01 -3.195651177800355125e+00
-6.842684268426846295e-01 -3.194405770221122154e+00
-6.836633663366340485e-01 -3.193160783619101384e+00
-6.830583058305834676e-01 -3.191916218681033257e+00
-6.824532453245328867e-01 -3.190672076093659104e+00
-6.818481848184823058e-01 -3.189428356543720700e+00
-6.812431243124317248e-01 -3.188185060717959374e+00
-6.806380638063811439e-01 -3.186942189303113793e+00
-6.800330033003305630e-01 -3.185699742985928395e+00
-6.794279427942799821e-01 -3.184457722453141404e+00
-6.788228822882294011e-01 -3.183216128391495481e+00
-6.782178217821783761e-01 -3.181974961487730624e+00
-6.776127612761277952e-01 -3.180734222428590385e+00
-6.770077007700772143e-01 -3.179493911900813430e+00
-6.764026402640266333e-01 -3.178254030591142421e+00
-6.757975797579760524e-01 -3.177014579186317800e+00
-6.751925192519254715e-01 -3.175775558373080010e+00
-6.745874587458748906e-01 -3.174536968838172157e+00
-6.739823982398243096e-01 -3.173298811268333353e+00
-6.733773377337737287e-01 -3.172061086350305814e+00
-6.727722772277231478e-01 -3.170823794770830428e+00
-6.721672167216725668e-01 -3.169586937216648526e+00
-6.715621562156219859e-01 -3.168350514374500548e+00
-6.709570957095714050e-01 -3.167114526931128271e+00
-6.703520352035208241e-01 -3.165878975573272580e+00
-6.697469746974702431e-01 -3.164643860987674362e+00
-6.691419141914196622e-01 -3.163409183861075391e+00
-6.685368536853690813e-01 -3.162174944880216110e+00
-6.679317931793185004e-01 -3.160941144731838293e+00
-6.673267326732674753e-01 -3.159707784102682826e+00
-6.667216721672168944e-01 -3.158474863679490596e+00
-6.661166116611663135e-01 -3.157242384149002490e+00
-6.655115511551157326e-01 -3.156010346197960281e+00
-6.649064906490651516e-01 -3.154778750513105745e+00
-6.643014301430145707e-01 -3.153547597781178879e+00
-6.636963696369639898e-01 -3.152316888688920571e+00
-6.630913091309134089e-01 -3.151086623923072594e+00
-6.624862486248628279e-01 -3.149856804170376279e+00
-6.618811881188122470e-01 -3.148627430117572068e+00
-6.612761276127616661e-01 -3.147398502451401736e+00
-6.606710671067110852e-01 -3.146170021858605281e+00
-6.600660066006605042e-01 -3.144941989025925810e+00
-6.594609460946099233e-01 -3.143714404640102877e+00
-6.588558855885593424e-01 -3.142487269387878257e+00
-6.582508250825087615e-01 -3.141260583955992836e+00
-6.576457645764581805e-01 -3.140034349031187499e+00
-6.570407040704075996e-01 -3.138808565300204023e+00
-6.564356435643565746e-01 -3.137583233449781517e+00
-6.558305830583059937e-01 -3.136358354166664419e+00
-6.552255225522554127e-01 -3.135133928137592285e+00
-6.546204620462048318e-01 -3.133909956049305556e+00
-6.540154015401542509e-01 -3.132686438588546007e+00
-6.534103410341036700e-01 -3.131463376442055413e+00
-6.528052805280530890e-01 -3.130240770296573327e+00
-6.522002200220025081e-01 -3.129018620838842413e+00
-6.515951595159519272e-01 -3.127796928755603112e+00
-6.509900990099013462e-01 -3.126575694733596755e+00
-6.503850385038507653e-01 -3.125354919459563341e+00
-6.497799779978001844e-01 -3.124134603620245976e+00
-6.491749174917496035e-01 -3.122914747902385102e+00
-6.485698569856990225e-01 -3.121695352992720718e+00
-6.479647964796484416e-01 -3.120476419577995930e+00
-6.473597359735978607e-01 -3.119257948344949405e+00
-6.467546754675472798e-01 -3.118039939980324249e+00
-6.461496149614966988e-01 -3.116822395170860460e+00
-6.455445544554461179e-01 -3.115605314603299814e+00
-6.449394939493950929e-01 -3.114388698964382751e+00
-6.443344334433445120e-01 -3.113172548940851048e+00
-6.437293729372939310e-01 -3.111956865219446478e+00
-6.431243124312433501e-01 -3.110741648486908595e+00
-6.425192519251927692e-01 -3.109526899429980507e+00
-6.419141914191421883e-01 -3.108312618735400878e+00
-6.413091309130916073e-01 -3.107098807089913262e+00
-6.407040704070410264e-01 -3.105885465180257210e+00
-6.400990099009904455e-01 -3.104672593693173610e+00
-6.394939493949398646e-01 -3.103460193315405569e+00
-6.388888888888892836e-01 -3.102248264733691308e+00
-6.382838283828387027e-01 -3.101036808634775710e+00
-6.376787678767881218e-01 -3.099825825705396110e+00
-6.370737073707375409e-01 -3.098615316632295613e+00
-6.364686468646869599e-01 -3.097405282102215107e+00
-6.358635863586363790e-01 -3.096195722801896366e+00
-6.352585258525857981e-01 -3.094986639418078056e+00
-6.346534653465352172e-01 -3.093778032637504616e+00
-6.340484048404841921e-01 -3.092569903146914712e+00
-6.334433443344336112e-01 -3.091362251633050118e+00
-6.328382838283830303e-01 -3.090155078782653941e+00
-6.322332233223324494e-01 -3.088948385282463960e+00
-6.316281628162818684e-01 -3.087742171819224613e+00
-6.310231023102312875e-01 -3.086536439079673677e+00
-6.304180418041807066e-01 -3.085331187750554260e+00
-6.298129812981301257e-01 -3.084126418518607693e+00
-6.292079207920795447e-01 -3.082922132070573973e+00
-6.286028602860289638e-01 -3.081718329093195763e+00
-6.279977997799783829e-01 -3.080515010273212617e+00
-6.273927392739278019e-01 -3.079312176297366754e+00
-6.267876787678772210e-01 -3.078109827852398173e+00
-6.261826182618266401e-01 -3.076907965625049535e+00
-6.255775577557760592e-01 -3.075706590302061283e+00
-6.249724972497254782e-01 -3.074505702570173860e+00
-6.243674367436748973e-01 -3.073305303116129483e+00
-6.237623762376243164e-01 -3.072105392626668596e+00
-6.231573157315737355e-01 -3.070905971788531641e+00
-6.225522552255227104e-01 -3.069707041288460392e+00
-6.219471947194721295e-01 -3.068508601813197068e+00
-6.213421342134215486e-01 -3.067310654049482110e+00
-6.207370737073709677e-01 -3.066113198684055963e+00
-6.201320132013203867e-01 -3.064916236403660399e+00
-6.195269526952698058e-01 -3.063719767895035861e+00
-6.189218921892192249e-01 -3.062523793844925013e+00
-6.183168316831686440e-01 -3.061328314940067852e+00
-6.177117711771180630e-01 -3.060133331867205264e+00
-6.171067106710674821e-01 -3.058938845313079025e+00
-6.165016501650169012e-01 -3.057744855964429131e+00
-6.158965896589663203e-01 -3.056551364507998692e+00
-6.152915291529157393e-01 -3.055358371630527703e+00
-6.146864686468651584e-01 -3.054165878018756608e+00
-6.140814081408145775e-01 -3.052973884359427625e+00
-6.134763476347639966e-01 -3.051782391339281642e+00
-6.128712871287134156e-01 -3.050591399645059099e+00
-6.122662266226628347e-01 -3.049400909963501771e+00
-6.116611661166118097e-01 -3.048210922981350546e+00
-6.110561056105612288e-01 -3.047021439385346753e+00
-6.104510451045106478e-01 -3.045832459862231723e+00
-6.098459845984600669e-01 -3.044643985098746342e+00
-6.092409240924094860e-01 -3.043456015781631496e+00
-6.086358635863589051e-01 -3.042268552597629405e+00
-6.080308030803083241e-01 -3.041081596233479178e+00
-6.074257425742577432e-01 -3.039895147375924367e+00
-6.068206820682071623e-01 -3.038709206711704525e+00
-6.062156215621565813e-01 -3.037523774927560094e+00
-6.056105610561060004e-01 -3.036338852710234182e+00
-6.050055005500554195e-01 -3.035154440746465898e+00
-6.044004400440048386e-01 -3.033970539722998350e+00
-6.037953795379542576e-01 -3.032787150326572423e+00
-6.031903190319036767e-01 -3.031604273243927672e+00
-6.025852585258530958e-01 -3.030421909161804983e+00
-6.019801980198025149e-01 -3.029240058766948795e+00
-6.013751375137519339e-01 -3.028058722746095999e+00
-6.007700770077013530e-01 -3.026877901785991920e+00
-6.001650165016503280e-01 -3.025697596573373449e+00
-5.995599559955997471e-01 -3.024517807794984581e+00
-5.989548954895491661e-01 -3.023338536137565757e+00
-5.983498349834985852e-01 -3.022159782287858310e+00
-5.977447744774480043e-01 -3.020981546932603123e+00
-5.971397139713974234e-01 -3.019803830758540641e+00
-5.965346534653468424e-01 -3.018626634452413526e+00
-5.959295929592962615e-01 -3.017449958700961776e+00
-5.953245324532456806e-01 -3.016273804190926722e+00
-5.947194719471950997e-01 -3.015098171609049693e+00
-5.941144114411445187e-01 -3.013923061642072021e+00
-5.935093509350939378e-01 -3.012748474976733704e+00
-5.929042904290433569e-01 -3.011574412299776515e+00
-5.922992299229927760e-01 -3.010400874297942675e+00
-5.916941694169421950e-01 -3.009227861657971737e+00
-5.910891089108916141e-01 -3.008055375066605919e+00
-5.904840484048410332e-01 -3.006883415210585220e+00
-5.898789878987904522e-01 -3.005711982776651858e+00
-5.892739273927394272e-01 -3.004541078451545388e+00
-5.886688668866888463e-01 -3.003370702922009361e+00
-5.880638063806382654e-01 -3.002200856874784662e+00
-5.874587458745876845e-01 -3.001031540996609515e+00
-5.868536853685371035e-01 -2.999862755974227913e+00
-5.862486248624865226e-01 -2.998694502494379854e+00
-5.856435643564359417e-01 -2.997526781243806226e+00
-5.850385038503853607e-01 -2.996359592909249248e+00
-5.844334433443347798e-01 -2.995192938177449360e+00
-5.838283828382841989e-01 -2.994026817735147450e+00
-5.832233223322336180e-01 -2.992861232269084404e+00
-5.826182618261830370e-01 -2.991696182466002885e+00
-5.820132013201324561e-01 -2.990531669012642002e+00
-5.814081408140818752e-01 -2.989367692595743531e+00
-5.808030803080312943e-01 -2.988204253902050578e+00
-5.801980198019807133e-01 -2.987041353618302253e+00
-5.795929592959301324e-01 -2.985878992431238554e+00
-5.789878987898795515e-01 -2.984717171027604365e+00
-5.783828382838289706e-01 -2.983555890094136576e+00
-5.777777777777779455e-01 -2.982395150317577848e+00
-5.771727172717273646e-01 -2.981234952384670844e+00
-5.765676567656767837e-01 -2.980075296982156008e+00
-5.759625962596262028e-01 -2.978916184796774225e+00
-5.753575357535756218e-01 -2.977757616515265937e+00
-5.747524752475250409e-01 -2.976599592824372920e+00
-5.741474147414744600e-01 -2.975442114410836503e+00
-5.735423542354238791e-01 -2.974285181961397129e+00
-5.729372937293732981e-01 -2.973128796162796128e+00
-5.723322332233227172e-01 -2.971972957701775719e+00
-5.717271727172721363e-01 -2.970817667265075457e+00
-5.711221122112215554e-01 -2.969662925539437559e+00
-5.705170517051709744e-01 -2.968508733211602468e+00
-5.699119911991203935e-01 -2.967355090968311515e+00
-5.693069306930698126e-01 -2.966201999496305586e+00
-5.687018701870192317e-01 -2.965049459482326899e+00
-5.680968096809686507e-01 -2.963897471613115453e+00
-5.674917491749180698e-01 -2.962746036575412578e+00
-5.668866886688670448e-01 -2.961595155055958717e+00
-5.662816281628164639e-01 -2.960444827741497420e+00
-5.656765676567658829e-01 -2.959295055318766909e+00
-5.650715071507153020e-01 -2.958145838474511180e+00
-5.644664466446647211e-01 -2.956997177895468898e+00
-5.638613861386141402e-01 -2.955849074268382726e+00
-5.632563256325635592e-01 -2.954701528279992662e+00
-5.626512651265129783e-01 -2.953554540617040036e+00
-5.620462046204623974e-01 -2.952408111966266624e+00
-5.614411441144118164e-01 -2.951262243014414643e+00
-5.608360836083612355e-01 -2.950116934448222317e+00
-5.602310231023106546e-01 -2.948972186954432306e+00
-5.596259625962600737e-01 -2.947828001219786387e+00
-5.590209020902094927e-01 -2.946684377931024557e+00
-5.584158415841589118e-01 -2.945541317774888146e+00
-5.578107810781083309e-01 -2.944398821438119374e+00
-5.572057205720577500e-01 -2.943256889607458238e+00
-5.566006600660071690e-01 -2.942115522969646069e+00
-5.559955995599561440e-01 -2.940974722211423309e+00
-5.553905390539055631e-01 -2.939834488019532177e+00
-5.547854785478549822e-01 -2.938694821080713560e+00
-5.541804180418044012e-01 -2.937555722081709231e+00
-5.535753575357538203e-01 -2.936417191709260077e+00
-5.529702970297032394e-01 -2.935279230650105653e+00
-5.523652365236526585e-01 -2.934141839590988621e+00
-5.517601760176020775e-01 -2.933005019218648979e+00
-5.511551155115514966e-01 -2.931868770219829834e+00
-5.505500550055009157e-01 -2.930733093281270740e+00
-5.499449944994503348e-01 -2.929597989089712584e+00
-5.493399339933997538e-01 -2.928463458331897584e+00
-5.487348734873491729e-01 -2.927329501694567071e+00
-5.481298129812985920e-01 -2.926196119864460155e+00
-5.475247524752480111e-01 -2.925063313528319497e+00
-5.469196919691974301e-01 -2.923931083372886430e+00
-5.463146314631468492e-01 -2.922799430084901395e+00
-5.457095709570962683e-01 -2.921668354351105279e+00
-5.451045104510456873e-01 -2.920537856858240744e+00
-5.444994499449946623e-01 -2.919407938293046456e+00
-5.438943894389440814e-01 -2.918278599342265966e+00
-5.432893289328935005e-01 -2.917149840692638829e+00
-5.426842684268429196e-01 -2.916021663030907263e+00
-5.420792079207923386e-01 -2.914894067043812598e+00
-5.414741474147417577e-01 -2.913767053418094832e+00
-5.408690869086911768e-01 -2.912640622840494853e+00
-5.402640264026405958e-01 -2.911514775997754878e+00
-5.396589658965900149e-01 -2.910389513576615794e+00
-5.390539053905394340e-01 -2.909264836263818044e+00
-5.384488448844888531e-01 -2.908140744746103401e+00
-5.378437843784382721e-01 -2.907017239710213197e+00
-5.372387238723876912e-01 -2.905894321842887873e+00
-5.366336633663371103e-01 -2.904771991830869649e+00
-5.360286028602865294e-01 -2.903650250360897633e+00
-5.354235423542359484e-01 -2.902529098119715378e+00
-5.348184818481853675e-01 -2.901408535794062438e+00
-5.342134213421347866e-01 -2.900288564070680586e+00
-5.336083608360837616e-01 -2.899169183636310265e+00
-5.330033003300331806e-01 -2.898050395177692806e+00
-5.323982398239825997e-01 -2.896932199381570427e+00
-5.317931793179320188e-01 -2.895814596934683127e+00
-5.311881188118814379e-01 -2.894697588523772680e+00
-5.305830583058308569e-01 -2.893581174835579972e+00
-5.299779977997802760e-01 -2.892465356556845446e+00
-5.293729372937296951e-01 -2.891350134374310876e+00
-5.287678767876791142e-01 -2.890235508974718037e+00
-5.281628162816285332e-01 -2.889121481044806483e+00
-5.275577557755779523e-01 -2.888008051271319321e+00
-5.269526952695273714e-01 -2.886895220340996993e+00
-5.263476347634767905e-01 -2.885782988940578608e+00
-5.257425742574262095e-01 -2.884671357756808163e+00
-5.251375137513756286e-01 -2.883560327476424767e+00
-5.245324532453250477e-01 -2.882449898786170195e+00
-5.239273927392744667e-01 -2.881340072372786221e+00
-5.233223322332238858e-01 -2.880230848923013731e+00
-5.227172717271733049e-01 -2.879122229123593169e+00
-5.221122112211222799e-01 -2.878014213661265863e+00
-5.215071507150716990e-01 -2.876906803222773146e+00
-5.209020902090211180e-01 -2.875799998494856791e+00
-5.202970297029705371e-01 -2.874693800164256352e+00
-5.196919691969199562e-01 -2.873588208917715381e+00
-5.190869086908693752e-01 -2.872483225441972543e+00
-5.184818481848187943e-01 -2.871378850423769613e+00
-5.178767876787682134e-01 -2.870275084549849254e+00
-5.172717271727176325e-01 -2.869171928506951019e+00
-5.166666666666670515e-01 -2.868069382981816240e+00
-5.160616061606164706e-01 -2.866967448661186246e+00
-5.154565456545658897e-01 -2.865866126231801925e+00
-5.148514851485153088e-01 -2.864765416380405494e+00
-5.142464246424647278e-01 -2.863665319793736064e+00
-5.136413641364141469e-01 -2.862565837158536741e+00
-5.130363036303635660e-01 -2.861466969161547524e+00
-5.124312431243129851e-01 -2.860368716489509744e+00
-5.118261826182624041e-01 -2.859271079829164730e+00
-5.112211221122113791e-01 -2.858174059867252925e+00
-5.106160616061607982e-01 -2.857077657290517436e+00
-5.100110011001102173e-01 -2.855981872785696929e+00
-5.094059405940596363e-01 -2.854886707039534954e+00
-5.088008800880090554e-01 -2.853792160738770178e+00
-5.081958195819584745e-01 -2.852698234570145264e+00
-5.075907590759078936e-01 -2.851604929220401097e+00
-5.069856985698573126e-01 -2.850512245376278120e+00
-5.063806380638067317e-01 -2.849420183724518552e+00
-5.057755775577561508e-01 -2.848328744951862834e+00
-5.051705170517055699e-01 -2.847237929745052742e+00
-5.045654565456549889e-01 -2.846147738790827830e+00
-5.039603960396044080e-01 -2.845058172775930760e+00
-5.033553355335538271e-01 -2.843969232387102419e+00
-5.027502750275032462e-01 -2.842880918311083693e+00
-5.021452145214526652e-01 -2.841793231234615469e+00
-5.015401540154020843e-01 -2.840706171844439965e+00
-5.009350935093515034e-01 -2.839619740827296290e+00
-5.003300330033009224e-01 -2.838533938869927109e+00
-4.997249724972498974e-01 -2.837448766659072863e+00
-4.991199119911993165e-01 -2.836364224881476659e+00
-4.985148514851487356e-01 -2.835280314223876275e+00
-4.979097909790981547e-01 -2.834197035373015261e+00
-4.973047304730475737e-01 -2.833114389015634060e+00
-4.966996699669969928e-01 -2.832032375838474447e+00
-4.960946094609464119e-01 -2.830950996528275976e+00
-4.954895489548958309e-01 -2.829870251771781309e+00
-4.948844884488452500e-01 -2.828790142255730444e+00
-4.942794279427946691e-01 -2.827710668666865157e+00
-4.936743674367440882e-01 -2.826631831691927221e+00
-4.930693069306935072e-01 -2.825553632017655747e+00
-4.924642464246429263e-01 -2.824476070330793398e+00
-4.918591859185923454e-01 -2.823399147318081948e+00
-4.912541254125417645e-01 -2.822322863666261394e+00
-4.906490649064911835e-01 -2.821247220062072625e+00
-4.900440044004406026e-01 -2.820172217192257413e+00
-4.894389438943900217e-01 -2.819097855743556647e+00
-4.888338833883389967e-01 -2.818024136402711211e+00
-4.882288228822884157e-01 -2.816951059856461992e+00
-4.876237623762378348e-01 -2.815878626791552097e+00
-4.870187018701872539e-01 -2.814806837894720637e+00
-4.864136413641366730e-01 -2.813735693852709385e+00
-4.858085808580860920e-01 -2.812665195352259673e+00
-4.852035203520355111e-01 -2.811595343080111942e+00
-4.845984598459849302e-01 -2.810526137723008855e+00
-4.839933993399343493e-01 -2.809457579967689078e+00
-4.833883388338837683e-01 -2.808389670500895274e+00
-4.827832783278331874e-01 -2.807322410009368774e+00
-4.821782178217826065e-01 -2.806255799179850019e+00
-4.815731573157320256e-01 -2.805189838699080340e+00
-4.809680968096814446e-01 -2.804124529253801512e+00
-4.803630363036308637e-01 -2.803059871530753533e+00
-4.797579757975802828e-01 -2.801995866216679065e+00
-4.791529152915297018e-01 -2.800932513998317663e+00
-4.785478547854791209e-01 -2.799869815562411102e+00
-4.779427942794285400e-01 -2.798807771595700711e+00
-4.773377337733775150e-01 -2.797746382784926489e+00
-4.767326732673269341e-01 -2.796685649816832431e+00
-4.761276127612763531e-01 -2.795625573378155870e+00
-4.755225522552257722e-01 -2.794566154155640358e+00
-4.749174917491751913e-01 -2.793507392836027226e+00
-4.743124312431246103e-01 -2.792449290106056470e+00
-4.737073707370740294e-01 -2.791391846652469422e+00
-4.731023102310234485e-01 -2.790335063162007412e+00
-4.724972497249728676e-01 -2.789278940321411770e+00
-4.718921892189222866e-01 -2.788223478817422940e+00
-4.712871287128717057e-01 -2.787168679336783139e+00
-4.706820682068211248e-01 -2.786114542566232366e+00
-4.700770077007705439e-01 -2.785061069192512395e+00
-4.694719471947199629e-01 -2.784008259902364113e+00
-4.688668866886693820e-01 -2.782956115382528850e+00
-4.682618261826188011e-01 -2.781904636319747937e+00
-4.676567656765682202e-01 -2.780853823400761815e+00
-4.670517051705176392e-01 -2.779803677312312260e+00
-4.664466446644666142e-01 -2.778754198741139270e+00
-4.658415841584160333e-01 -2.777705388373985507e+00
-4.652365236523654524e-01 -2.776657246897591413e+00
-4.646314631463148714e-01 -2.775609774998699208e+00
-4.640264026402642905e-01 -2.774562973364047558e+00
-4.634213421342137096e-01 -2.773516842680379124e+00
-4.628162816281631287e-01 -2.772471383634435682e+00
-4.622112211221125477e-01 -2.771426596912956786e+00
-4.616061606160619668e-01 -2.770382483202685098e+00
-4.610011001100113859e-01 -2.769339043190361060e+00
-4.603960396039608050e-01 -2.768296277562725560e+00
-4.597909790979102240e-01 -2.767254187006519484e+00
-4.591859185918596431e-01 -2.766212772208484605e+00
-4.585808580858090622e-01 -2.765172033855361811e+00
-4.579757975797584812e-01 -2.764131972633892431e+00
-4.573707370737079003e-01 -2.763092589230817797e+00
-4.567656765676573194e-01 -2.762053884332878351e+00
-4.561606160616067385e-01 -2.761015858626815422e+00
-4.555555555555561575e-01 -2.759978512799370787e+00
-4.549504950495051325e-01 -2.758941847537283998e+00
-4.543454345434545516e-01 -2.757905863527297718e+00
-4.537403740374039707e-01 -2.756870561456153279e+00
-4.531353135313533897e-01 -2.755835942010590234e+00
-4.525302530253028088e-01 -2.754802005877351689e+00
-4.519251925192522279e-01 -2.753768753743177200e+00
-4.513201320132016470e-01 -2.752736186294808096e+00
-4.507150715071510660e-01 -2.751704304218985708e+00
-4.501100110011004851e-01 -2.750673108202451367e+00
-4.495049504950499042e-01 -2.749642598931946402e+00
-4.488998899889993233e-01 -2.748612777094211701e+00
-4.482948294829487423e-01 -2.747583643375988594e+00
-4.476897689768981614e-01 -2.746555198464017078e+00
-4.470847084708475805e-01 -2.745527443045040705e+00
-4.464796479647969996e-01 -2.744500377805797697e+00
-4.458745874587464186e-01 -2.743474003433030717e+00
-4.452695269526958377e-01 -2.742448320613480650e+00
-4.446644664466452568e-01 -2.741423330033889716e+00
-4.440594059405942318e-01 -2.740399032380996136e+00
-4.434543454345436508e-01 -2.739375428341544350e+00
-4.428492849284930699e-01 -2.738352518602273467e+00
-4.422442244224424890e-01 -2.737330303849925706e+00
-4.416391639163919081e-01 -2.736308784771241953e+00
-4.410341034103413271e-01 -2.735287962052962651e+00
-4.404290429042907462e-01 -2.734267836381829575e+00
-4.398239823982401653e-01 -2.733248408444582722e+00
-4.392189218921895844e-01 -2.732229678927965644e+00
-4.386138613861390034e-01 -2.731211648518717894e+00
-4.380088008800884225e-01 -2.730194317903579471e+00
-4.374037403740378416e-01 -2.729177687769293925e+00
-4.367986798679872606e-01 -2.728161758802600367e+00
-4.361936193619366797e-01 -2.727146531690241460e+00
-4.355885588558860988e-01 -2.726132007118956757e+00
-4.349834983498355179e-01 -2.725118185775489366e+00
-4.343784378437849369e-01 -2.724105068346578840e+00
-4.337733773377343560e-01 -2.723092655518966509e+00
-4.331683168316833310e-01 -2.722080947979393262e+00
-4.325632563256327501e-01 -2.721069946414600427e+00
-4.319581958195821692e-01 -2.720059651511331111e+00
-4.313531353135315882e-01 -2.719050063956323982e+00
-4.307480748074810073e-01 -2.718041184436320812e+00
-4.301430143014304264e-01 -2.717033013638063377e+00
-4.295379537953798454e-01 -2.716025552248292119e+00
-4.289328932893292645e-01 -2.715018800953748368e+00
-4.283278327832786836e-01 -2.714012760441173455e+00
-4.277227722772281027e-01 -2.713007431397307379e+00
-4.271177117711775217e-01 -2.712002814508893245e+00
-4.265126512651269408e-01 -2.710998910462671052e+00
-4.259075907590763599e-01 -2.709995719945380799e+00
-4.253025302530257790e-01 -2.708993243643766036e+00
-4.246974697469751980e-01 -2.707991482244566761e+00
-4.240924092409246171e-01 -2.706990436434523417e+00
-4.234873487348740362e-01 -2.705990106900378223e+00
-4.228822882288234553e-01 -2.704990494328871620e+00
-4.222772277227728743e-01 -2.703991599406744495e+00
-4.216721672167218493e-01 -2.702993422820737734e+00
-4.210671067106712684e-01 -2.701995965257595333e+00
-4.204620462046206875e-01 -2.700999227404055070e+00
-4.198569856985701065e-01 -2.700003209946859606e+00
-4.192519251925195256e-01 -2.699007913572748940e+00
-4.186468646864689447e-01 -2.698013338968466179e+00
-4.180418041804183638e-01 -2.697019486820749989e+00
-4.174367436743677828e-01 -2.696026357816343921e+00
-4.168316831683172019e-01 -2.695033952641987085e+00
-4.162266226622666210e-01 -2.694042271984421699e+00
-4.156215621562160401e-01 -2.693051316530389094e+00
-4.150165016501654591e-01 -2.692061086966630157e+00
-4.144114411441148782e-01 -2.691071583979885329e+00
-4.138063806380642973e-01 -2.690082808256896385e+00
-4.132013201320137163e-01 -2.689094760484404656e+00
-4.125962596259631354e-01 -2.688107441349150584e+00
-4.119911991199125545e-01 -2.687120851537875943e+00
-4.113861386138619736e-01 -2.686134991737320288e+00
-4.107810781078109486e-01 -2.685149862634227169e+00
-4.101760176017603676e-01 -2.684165464915335697e+00
-4.095709570957097867e-01 -2.683181799267388534e+00
-4.089658965896592058e-01 -2.682198866377126123e+00
-4.083608360836086248e-01 -2.681216666931290238e+00
-4.077557755775580439e-01 -2.680235201616620433e+00
-4.071507150715074630e-01 -2.679254471119859371e+00
-4.065456545654568821e-01 -2.678274476127747938e+00
-4.059405940594063011e-01 -2.677295217327026577e+00
-4.053355335533557202e-01 -2.676316695404437063e+00
-4.047304730473051393e-01 -2.675338911046719836e+00
-4.041254125412545584e-01 -2.674361864940616673e+00
-4.035203520352039774e-01 -2.673385557772868459e+00
-4.029152915291533965e-01 -2.672409990230216525e+00
-4.023102310231028156e-01 -2.671435162999401314e+00
-4.017051705170522347e-01 -2.670461076767164599e+00
-4.011001100110016537e-01 -2.669487732220247267e+00
-4.004950495049510728e-01 -2.668515130045391093e+00
-3.998899889989004919e-01 -2.667543270930131882e+00
-3.992849284928494669e-01 -2.666572155777329645e+00
-3.986798679867988859e-01 -2.665601785995483031e+00
-3.980748074807483050e-01 -2.664632163065591808e+00
-3.974697469746977241e-01 -2.663663288468657520e+00
-3.968646864686471432e-01 -2.662695163685679933e+00
-3.962596259625965622e-01 -2.661727790197662369e+00
-3.956545654565459813e-01 -2.660761169485603261e+00
-3.950495049504954004e-01 -2.659795303030505043e+00
-3.944444444444448195e-01 -2.658830192313367480e+00
-3.938393839383942385e-01 -2.657865838815193449e+00
-3.932343234323436576e-01 -2.656902244016981829e+00
-3.926292629262930767e-01 -2.655939409399735496e+00
-3.920242024202424957e-01 -2.654977336444454217e+00
-3.914191419141919148e-01 -2.654016026632138647e+00
-3.908140814081413339e-01 -2.653055481443790331e+00
-3.902090209020907530e-01 -2.652095702360410812e+00
-3.896039603960401720e-01 -2.651136690862999856e+00
-3.889988998899895911e-01 -2.650178448432559897e+00
-3.883938393839385661e-01 -2.649220976550089368e+00
-3.877887788778879852e-01 -2.648264276696591590e+00
-3.871837183718374042e-01 -2.647308350353067663e+00
-3.865786578657868233e-01 -2.646353199000517353e+00
-3.859735973597362424e-01 -2.645398824119941761e+00
-3.853685368536856615e-01 -2.644445227192341985e+00
-3.847634763476350805e-01 -2.643492409698718681e+00
-3.841584158415844996e-01 -2.642540373120074282e+00
-3.835533553355339187e-01 -2.641589118937408109e+00
-3.829482948294833378e-01 -2.640638648631720820e+00
-3.823432343234327568e-01 -2.639688963684014844e+00
-3.817381738173821759e-01 -2.638740065575291283e+00
-3.811331133113315950e-01 -2.637791955786549014e+00
-3.805280528052810141e-01 -2.636844635798791359e+00
-3.799229922992304331e-01 -2.635898107093018083e+00
-3.793179317931798522e-01 -2.634952371150230288e+00
-3.787128712871292713e-01 -2.634007429451428628e+00
-3.781078107810786904e-01 -2.633063283477614647e+00
-3.775027502750281094e-01 -2.632119934709788556e+00
-3.768976897689770844e-01 -2.631177384628952343e+00
-3.762926292629265035e-01 -2.630235634716105775e+00
-3.756875687568759226e-01 -2.629294686452251284e+00
-3.750825082508253416e-01 -2.628354541318389082e+00
-3.744774477447747607e-01 -2.627415200795519379e+00
-3.738723872387241798e-01 -2.626476666364645052e+00
-3.732673267326735989e-01 -2.625538939506765423e+00
-3.726622662266230179e-01 -2.624602021702880261e+00
-3.720572057205724370e-01 -2.623665914433994661e+00
-3.714521452145218561e-01 -2.622730619181105727e+00
-3.708470847084712751e-01 -2.621796137425215001e+00
-3.702420242024206942e-01 -2.620862470647325804e+00
-3.696369636963701133e-01 -2.619929620328436570e+00
-3.690319031903195324e-01 -2.618997587949549288e+00
-3.684268426842689514e-01 -2.618066374991665501e+00
-3.678217821782183705e-01 -2.617135982935785421e+00
-3.672167216721677896e-01 -2.616206413262909258e+00
-3.666116611661172087e-01 -2.615277667454039445e+00
-3.660066006600661837e-01 -2.614349746990175305e+00
-3.654015401540156027e-01 -2.613422653352319713e+00
-3.647964796479650218e-01 -2.612496388021472882e+00
-3.641914191419144409e-01 -2.611570952478635022e+00
-3.635863586358638599e-01 -2.610646348204807676e+00
-3.629812981298132790e-01 -2.609722576680991946e+00
-3.623762376237626981e-01 -2.608799639388189373e+00
-3.617711771177121172e-01 -2.607877537807399726e+00
-3.611661166116615362e-01 -2.606956273419624548e+00
-3.605610561056109553e-01 -2.606035847705864494e+00
-3.599559955995603744e-01 -2.605116262147120665e+00
-3.593509350935097935e-01 -2.604197518224394603e+00
-3.587458745874592125e-01 -2.603279617418686076e+00
-3.581408140814086316e-01 -2.602362561210997960e+00
-3.575357535753580507e-01 -2.601446351082328245e+00
-3.569306930693074698e-01 -2.600530988513680697e+00
-3.563256325632568888e-01 -2.599616474986055525e+00
-3.557205720572063079e-01 -2.598702811980453387e+00
-3.551155115511557270e-01 -2.597790000977873603e+00
-3.545104510451047020e-01 -2.596878043459319940e+00
-3.539053905390541210e-01 -2.595966940905791720e+00
-3.533003300330035401e-01 -2.595056694798290930e+00
-3.526952695269529592e-01 -2.594147306617818227e+00
-3.520902090209023783e-01 -2.593238777845373821e+00
-3.514851485148517973e-01 -2.592331109961960145e+00
-3.508800880088012164e-01 -2.591424304448576077e+00
-3.502750275027506355e-01 -2.590518362786224493e+00
-3.496699669967000546e-01 -2.589613286455904273e+00
-3.490649064906494736e-01 -2.588709076938618736e+00
-3.484598459845988927e-01 -2.587805735715367650e+00
-3.478547854785483118e-01 -2.586903264267152114e+00
-3.472497249724977308e-01 -2.586001664074972783e+00
-3.466446644664471499e-01 -2.585100936619831646e+00
-3.460396039603965690e-01 -2.584201083382728470e+00
-3.454345434543459881e-01 -2.583302105844664354e+00
-3.448294829482954071e-01 -2.582404005486640841e+00
-3.442244224422448262e-01 -2.581506783789659032e+00
-3.436193619361938012e-01 -2.580610442234718249e+00
-3.430143014301432203e-01 -2.579714982302821369e+00
-3.424092409240926393e-01 -2.578820405474969490e+00
-3.418041804180420584e-01 -2.577926713232162825e+00
-3.411991199119914775e-01 -2.577033907055401141e+00
-3.405940594059408966e-01 -2.576141988425687313e+00
-3.399889988998903156e-01 -2.575250958824021552e+00
-3.393839383938397347e-01 -2.574360819731404515e+00
-3.387788778877891538e-01 -2.573471572628837301e+00
-3.381738173817385729e-01 -2.572583218997321453e+00
-3.375687568756879919e-01 -2.571695760317857626e+00
-3.369636963696374110e-01 -2.570809198071445589e+00
-3.363586358635868301e-01 -2.569923533739089105e+00
-3.357535753575362492e-01 -2.569038768801786610e+00
-3.351485148514856682e-01 -2.568154904740539646e+00
-3.345434543454350873e-01 -2.567271943036349313e+00
-3.339383938393845064e-01 -2.566389885170217156e+00
-3.333333333333339255e-01 -2.565508732623143384e+00
-3.327282728272829004e-01 -2.564628486876128211e+00
-3.321232123212323195e-01 -2.563749149410174955e+00
-3.315181518151817386e-01 -2.562870721706282939e+00
-3.309130913091311577e-01 -2.561993205245453264e+00
-3.303080308030805767e-01 -2.561116601508686585e+00
-3.297029702970299958e-01 -2.560240911976985334e+00
-3.290979097909794149e-01 -2.559366138131348389e+00
-3.284928492849288340e-01 -2.558492281452779071e+00
-3.278877887788782530e-01 -2.557619343422276259e+00
-3.272827282728276721e-01 -2.556747325520841496e+00
-3.266776677667770912e-01 -2.555876229229476326e+00
-3.260726072607265102e-01 -2.555006056029181405e+00
-3.254675467546759293e-01 -2.554136807400957387e+00
-3.248624862486253484e-01 -2.553268484825805817e+00
-3.242574257425747675e-01 -2.552401089784726906e+00
-3.236523652365241865e-01 -2.551534623758722198e+00
-3.230473047304736056e-01 -2.550669088228792791e+00
-3.224422442244230247e-01 -2.549804484675938898e+00
-3.218371837183724438e-01 -2.548940814581161618e+00
-3.212321232123214187e-01 -2.548078079425462494e+00
-3.206270627062708378e-01 -2.547216280689842183e+00
-3.200220022002202569e-01 -2.546355419855302227e+00
-3.194169416941696760e-01 -2.545495498402842394e+00
-3.188118811881190950e-01 -2.544636517813464227e+00
-3.182068206820685141e-01 -2.543778479568169715e+00
-3.176017601760179332e-01 -2.542921385147958180e+00
-3.169966996699673523e-01 -2.542065236033831610e+00
-3.163916391639167713e-01 -2.541210033706790661e+00
-3.157865786578661904e-01 -2.540355779647835988e+00
-3.151815181518156095e-01 -2.539502475337968246e+00
-3.145764576457650286e-01 -2.538650122258189867e+00
-3.139713971397144476e-01 -2.537798721889500619e+00
-3.133663366336638667e-01 -2.536948275712902046e+00
-3.127612761276132858e-01 -2.536098785209394801e+00
-3.121562156215627049e-01 -2.535250251859979098e+00
-3.115511551155121239e-01 -2.534402677145656924e+00
-3.109460946094615430e-01 -2.533556062547429377e+00
-3.103410341034105180e-01 -2.532710409546296226e+00
-3.097359735973599371e-01 -2.531865719623260347e+00
-3.091309130913093561e-01 -2.531021994259321506e+00
-3.085258525852587752e-01 -2.530179234935479915e+00
-3.079207920792081943e-01 -2.529337443132738450e+00
-3.073157315731576134e-01 -2.528496620332096434e+00
-3.067106710671070324e-01 -2.527656768014554522e+00
-3.061056105610564515e-01 -2.526817887661116480e+00
-3.055005500550058706e-01 -2.525979980752779408e+00
-3.048954895489552896e-01 -2.525143048770547516e+00
-3.042904290429047087e-01 -2.524307093195420126e+00
-3.036853685368541278e-01 -2.523472115508398783e+00
-3.030803080308035469e-01 -2.522638117190483253e+00
-3.024752475247529659e-01 -2.521805099722676857e+00
-3.018701870187023850e-01 -2.520973064585978918e+00
-3.012651265126518041e-01 -2.520142013261389202e+00
-3.006600660066012232e-01 -2.519311947229911475e+00
-3.000550055005506422e-01 -2.518482867972544614e+00
-2.994499449945000613e-01 -2.517654776970290609e+00
-2.988448844884490363e-01 -2.516827675704149225e+00
-2.982398239823984554e-01 -2.516001565655122452e+00
-2.976347634763478744e-01 -2.515176448304211831e+00
-2.970297029702972935e-01 -2.514352325132417576e+00
-2.964246424642467126e-01 -2.513529197620740341e+00
-2.958195819581961317e-01 -2.512707067250181225e+00
-2.952145214521455507e-01 -2.511885935501741773e+00
-2.946094609460949698e-01 -2.511065803856422640e+00
-2.940044004400443889e-01 -2.510246673795224481e+00
-2.933993399339938080e-01 -2.509428546799148840e+00
-2.927942794279432270e-01 -2.508611424349195484e+00
-2.921892189218926461e-01 -2.507795307926367290e+00
-2.915841584158420652e-01 -2.506980199011664023e+00
-2.909790979097914843e-01 -2.506166099086085453e+00
-2.903740374037409033e-01 -2.505353009630634897e+00
-2.897689768976903224e-01 -2.504540932126312125e+00
-2.891639163916397415e-01 -2.503729868054117791e+00
-2.885588558855891606e-01 -2.502919818895053883e+00
-2.879537953795381355e-01 -2.502110786130119724e+00
-2.873487348734875546e-01 -2.501302771240317746e+00
-2.867436743674369737e-01 -2.500495775706649937e+00
-2.861386138613863928e-01 -2.499689801010114287e+00
-2.855335533553358118e-01 -2.498884848631714117e+00
-2.849284928492852309e-01 -2.498080920052449638e+00
-2.843234323432346500e-01 -2.497278016753321062e+00
-2.837183718371840691e-01 -2.496476140215330819e+00
-2.831133113311334881e-01 -2.495675291919478234e+00
-2.825082508250829072e-01 -2.494875473346765293e+00
-2.819031903190323263e-01 -2.494076685978193542e+00
-2.812981298129817453e-01 -2.493278931294761858e+00
-2.806930693069311644e-01 -2.492482210777472673e+00
-2.800880088008805835e-01 -2.491686525907327976e+00
-2.794829482948300026e-01 -2.490891878165327533e+00
-2.788778877887794216e-01 -2.490098269032472000e+00
-2.782728272827288407e-01 -2.489305699989762477e+00
-2.776677667766782598e-01 -2.488514172518200063e+00
-2.770627062706276789e-01 -2.487723688098785857e+00
-2.764576457645766538e-01 -2.486934248212520515e+00
-2.758525852585260729e-01 -2.486145854340405137e+00
-2.752475247524754920e-01 -2.485358507963441710e+00
-2.746424642464249111e-01 -2.484572210562629557e+00
-2.740374037403743301e-01 -2.483786963618970667e+00
-2.734323432343237492e-01 -2.483002768613464806e+00
-2.728272827282731683e-01 -2.482219627027114850e+00
-2.722222222222225874e-01 -2.481437540340920123e+00
-2.716171617161720064e-01 -2.480656510035883056e+00
-2.710121012101214255e-01 -2.479876537593002972e+00
-2.704070407040708446e-01 -2.479097624493281860e+00
-2.698019801980202637e-01 -2.478319772217719485e+00
-2.691969196919696827e-01 -2.477542982247319614e+00
-2.685918591859191018e-01 -2.476767256063079792e+00
-2.679867986798685209e-01 -2.475992595146002895e+00
-2.673817381738179400e-01 -2.475219000977090023e+00
-2.667766776677673590e-01 -2.474446475037340942e+00
-2.661716171617167781e-01 -2.473675018807758086e+00
-2.655665566556657531e-01 -2.472904633769340776e+00
-2.649614961496151722e-01 -2.472135321403091446e+00
-2.643564356435645912e-01 -2.471367083190010749e+00
-2.637513751375140103e-01 -2.470599920611098455e+00
-2.631463146314634294e-01 -2.469833835147357437e+00
-2.625412541254128485e-01 -2.469068828279786132e+00
-2.619361936193622675e-01 -2.468304901489388303e+00
-2.613311331133116866e-01 -2.467542056257163718e+00
-2.607260726072611057e-01 -2.466780294064112145e+00
-2.601210121012105247e-01 -2.466019616391236902e+00
-2.595159515951599438e-01 -2.465260024719536869e+00
-2.589108910891093629e-01 -2.464501520530014034e+00
-2.583058305830587820e-01 -2.463744105303669496e+00
-2.577007700770082010e-01 -2.462987780521503467e+00
-2.570957095709576201e-01 -2.462232547664517934e+00
-2.564906490649070392e-01 -2.461478408213712665e+00
-2.558855885588564583e-01 -2.460725363650089648e+00
-2.552805280528058773e-01 -2.459973415454648649e+00
-2.546754675467552964e-01 -2.459222565108391656e+00
-2.540704070407042714e-01 -2.458472814092319325e+00
-2.534653465346536905e-01 -2.457724163887433200e+00
-2.528602860286031095e-01 -2.456976615974733047e+00
-2.522552255225525286e-01 -2.456230171835221299e+00
-2.516501650165019477e-01 -2.455484832949897278e+00
-2.510451045104513668e-01 -2.454740600799762973e+00
-2.504400440044007858e-01 -2.453997476865819483e+00
-2.498349834983502049e-01 -2.453255462629067019e+00
-2.492299229922996240e-01 -2.452514559570506680e+00
-2.486248624862490431e-01 -2.451774769171140456e+00
-2.480198019801984621e-01 -2.451036092911969000e+00
-2.474147414741478812e-01 -2.450298532273991636e+00
-2.468096809680973003e-01 -2.449562088738210797e+00
-2.462046204620467194e-01 -2.448826763785627136e+00
-2.455995599559961384e-01 -2.448092558897242199e+00
-2.449944994499455575e-01 -2.447359475554056196e+00
-2.443894389438949766e-01 -2.446627515237069783e+00
-2.437843784378443956e-01 -2.445896679427285392e+00
-2.431793179317933706e-01 -2.445166969605701457e+00
-2.425742574257427897e-01 -2.444438387253321743e+00
-2.419691969196922088e-01 -2.443710933851145573e+00
-2.413641364136416279e-01 -2.442984610880173602e+00
-2.407590759075910469e-01 -2.442259419821408706e+00
-2.401540154015404660e-01 -2.441535362155850652e+00
-2.395489548954898851e-01 -2.440812439364500097e+00
-2.389438943894393041e-01 -2.440090652928357695e+00
-2.383388338833887232e-01 -2.439370004328425878e+00
-2.377337733773381423e-01 -2.438650495045703526e+00
-2.371287128712875614e-01 -2.437932126561193957e+00
-2.365236523652369804e-01 -2.437214900355897385e+00
-2.359185918591863995e-01 -2.436498817910812686e+00
-2.353135313531358186e-01 -2.435783880706944071e+00
-2.347084708470852377e-01 -2.435070090225291306e+00
-2.341034103410346567e-01 -2.434357447946852826e+00
-2.334983498349840758e-01 -2.433645955352633283e+00
-2.328932893289334949e-01 -2.432935613923632001e+00
-2.322882288228829140e-01 -2.432226425140850079e+00
-2.316831683168318889e-01 -2.431518390485287284e+00
-2.310781078107813080e-01 -2.430811511437946937e+00
-2.304730473047307271e-01 -2.430105789479828804e+00
-2.298679867986801462e-01 -2.429401226091933985e+00
-2.292629262926295652e-01 -2.428697822755262692e+00
-2.286578657865789843e-01 -2.427995580950817356e+00
-2.280528052805284034e-01 -2.427294502159597300e+00
-2.274477447744778225e-01 -2.426594587862604513e+00
-2.268426842684272415e-01 -2.425895839540839649e+00
-2.262376237623766606e-01 -2.425198258675304253e+00
-2.256325632563260797e-01 -2.424501846746998535e+00
-2.250275027502754988e-01 -2.423806605236923151e+00
-2.244224422442249178e-01 -2.423112535626080977e+00
-2.238173817381743369e-01 -2.422419639395470448e+00
-2.232123212321237560e-01 -2.421727918026093551e+00
-2.226072607260731751e-01 -2.421037372998951387e+00
-2.220022002200225941e-01 -2.420348005795045498e+00
-2.213971397139720132e-01 -2.419659817895376097e+00
-2.207920792079209882e-01 -2.418972810780944283e+00
-2.201870187018704073e-01 -2.418286985932751154e+00
-2.195819581958198263e-01 -2.417602344831796923e+00
-2.189768976897692454e-01 -2.416918888959084022e+00
-2.183718371837186645e-01 -2.416236619795612661e+00
-2.177667766776680836e-01 -2.415555538822383497e+00
-2.171617161716175026e-01 -2.414875647520397184e+00
-2.165566556655669217e-01 -2.414196947370656154e+00
-2.159515951595163408e-01 -2.413519439854160176e+00
-2.153465346534657598e-01 -2.412843126451909459e+00
-2.147414741474151789e-01 -2.412168008644907768e+00
-2.141364136413645980e-01 -2.411494087914153095e+00
-2.135313531353140171e-01 -2.410821365740647426e+00
-2.129262926292634361e-01 -2.410149843605393194e+00
-2.123212321232128552e-01 -2.409479522989388833e+00
-2.117161716171622743e-01 -2.408810405373637220e+00
-2.111111111111116934e-01 -2.408142492239137678e+00
-2.105060506050611124e-01 -2.407475785066892637e+00
-2.099009900990100874e-01 -2.406810285337902311e+00
-2.092959295929595065e-01 -2.406145994533167798e+00
-2.086908690869089256e-01 -2.405482914133690642e+00
-2.080858085808583446e-01 -2.404821045620471498e+00
-2.074807480748077637e-01 -2.404160390474511466e+00
-2.068756875687571828e-01 -2.403500950176809869e+00
-2.062706270627066019e-01 -2.402842726208370028e+00
-2.056655665566560209e-01 -2.402185720050192153e+00
-2.050605060506054400e-01 -2.401529933183276011e+00
-2.044554455445548591e-01 -2.400875367088623147e+00
-2.038503850385042782e-01 -2.400222023247235992e+00
-2.032453245324536972e-01 -2.399569903140113869e+00
-2.026402640264031163e-01 -2.398919008248258322e+00
-2.020352035203525354e-01 -2.398269340052671339e+00
-2.014301430143019545e-01 -2.397620900034350466e+00
-2.008250825082513735e-01 -2.396973689674299912e+00
-2.002200220022007926e-01 -2.396327710453520332e+00
-1.996149614961502117e-01 -2.395682963853011493e+00
-1.990099009900996307e-01 -2.395039451353774940e+00
-1.984048404840486057e-01 -2.394397174436811326e+00
-1.977997799779980248e-01 -2.393756134583121753e+00
-1.971947194719474439e-01 -2.393116333273708651e+00
-1.965896589658968630e-01 -2.392477771989570901e+00
-1.959845984598462820e-01 -2.391840452211709600e+00
-1.953795379537957011e-01 -2.391204375421127626e+00
-1.947744774477451202e-01 -2.390569543098823413e+00
-1.941694169416945392e-01 -2.389935956725799837e+00
-1.935643564356439583e-01 -2.389303617783057110e+00
-1.929592959295933774e-01 -2.388672527751595887e+00
-1.923542354235427965e-01 -2.388042688112418599e+00
-1.917491749174922155e-01 -2.387414100346525014e+00
-1.911441144114416346e-01 -2.386786765934914900e+00
-1.905390539053910537e-01 -2.386160686358590688e+00
-1.899339933993404728e-01 -2.385535863098554366e+00
-1.893289328932898918e-01 -2.384912297635804368e+00
-1.887238723872393109e-01 -2.384289991451344015e+00
-1.881188118811887300e-01 -2.383668946026173074e+00
-1.875137513751377050e-01 -2.383049162841292201e+00
-1.869086908690871240e-01 -2.382430643377702939e+00
-1.863036303630365431e-01 -2.381813389116406832e+00
-1.856985698569859622e-01 -2.381197401538402758e+00
-1.850935093509353813e-01 -2.380582682124694927e+00
-1.844884488448848003e-01 -2.379969232356281328e+00
-1.838833883388342194e-01 -2.379357053714163950e+00
-1.832783278327836385e-01 -2.378746147679344336e+00
-1.826732673267330576e-01 -2.378136515732823142e+00
-1.820682068206824766e-01 -2.377528159355600135e+00
-1.814631463146318957e-01 -2.376921080028678190e+00
-1.808580858085813148e-01 -2.376315279233057520e+00
-1.802530253025307339e-01 -2.375710758449738336e+00
-1.796479647964801529e-01 -2.375107519159722624e+00
-1.790429042904295720e-01 -2.374505562844010598e+00
-1.784378437843789911e-01 -2.373904890983603799e+00
-1.778327832783284101e-01 -2.373305505059502885e+00
-1.772277227722778292e-01 -2.372707406552708953e+00
-1.766226622662272483e-01 -2.372110596944223104e+00
-1.760176017601762233e-01 -2.371515077715045550e+00
-1.754125412541256424e-01 -2.370920850346177389e+00
-1.748074807480750614e-01 -2.370327916318621053e+00
-1.742024202420244805e-01 -2.369736277113375866e+00
-1.735973597359738996e-01 -2.369145934211443816e+00
-1.729922992299233186e-01 -2.368556889093825113e+00
-1.723872387238727377e-01 -2.367969143241520857e+00
-1.717821782178221568e-01 -2.367382698135532593e+00
-1.711771177117715759e-01 -2.366797555256860530e+00
-1.705720572057209949e-01 -2.366213716086505769e+00
-1.699669966996704140e-01 -2.365631182105469854e+00
-1.693619361936198331e-01 -2.365049954794753440e+00
-1.687568756875692522e-01 -2.364470035635357181e+00
-1.681518151815186712e-01 -2.363891426108282623e+00
-1.675467546754680903e-01 -2.363314127694529532e+00
-1.669416941694175094e-01 -2.362738141875099451e+00
-1.663366336633669285e-01 -2.362163470130995258e+00
-1.657315731573163475e-01 -2.361590113943215385e+00
-1.651265126512653225e-01 -2.361018074792761379e+00
-1.645214521452147416e-01 -2.360447354160635225e+00
-1.639163916391641607e-01 -2.359877953527835803e+00
-1.633113311331135797e-01 -2.359309874375366434e+00
-1.627062706270629988e-01 -2.358743118184227328e+00
-1.621012101210124179e-01 -2.358177686435418252e+00
-1.614961496149618370e-01 -2.357613580609941639e+00
-1.608910891089112560e-01 -2.357050802188798144e+00
-1.602860286028606751e-01 -2.356489352652987979e+00
-1.596809680968100942e-01 -2.355929233483513130e+00
-1.590759075907595133e-01 -2.355370446161373810e+00
-1.584708470847089323e-01 -2.354812992167571117e+00
-1.578657865786583514e-01 -2.354256872983106152e+00
-1.572607260726077705e-01 -2.353702090088980459e+00
-1.566556655665571895e-01 -2.353148644966193803e+00
-1.560506050605066086e-01 -2.352596539095747730e+00
-1.554455445544560277e-01 -2.352045773958642894e+00
-1.548404840484054468e-01 -2.351496351035881727e+00
-1.542354235423548658e-01 -2.350948271808462664e+00
-1.536303630363038408e-01 -2.350401537757388581e+00
-1.530253025302532599e-01 -2.349856150363659690e+00
-1.524202420242026790e-01 -2.349312111108277534e+00
-1.518151815181520981e-01 -2.348769421472242769e+00
-1.512101210121015171e-01 -2.348228082936556049e+00
-1.506050605060509362e-01 -2.347688096982218919e+00
-1.500000000000003553e-01 -2.347149465090231590e+00
-1.493949394939497743e-01 -2.346612188741595606e+00
-1.487898789878991934e-01 -2.346076269417312066e+00
-1.481848184818486125e-01 -2.345541708598381181e+00
-1.475797579757980316e-01 -2.345008507765804051e+00
-1.469746974697474506e-01 -2.344476668400583108e+00
-1.463696369636968697e-01 -2.343946191983717231e+00
-1.457645764576462888e-01 -2.343417079996207963e+00
-1.451595159515957079e-01 -2.342889333919057293e+00
-1.445544554455451269e-01 -2.342362955233265431e+00
-1.439493949394945460e-01 -2.341837945419833034e+00
-1.433443344334439651e-01 -2.341314305959762088e+00
-1.427392739273929401e-01 -2.340792038334051917e+00
-1.421342134213423591e-01 -2.340271144023704952e+00
-1.415291529152917782e-01 -2.339751624509721850e+00
-1.409240924092411973e-01 -2.339233481273103266e+00
-1.403190319031906164e-01 -2.338716715794851186e+00
-1.397139713971400354e-01 -2.338201329555963603e+00
-1.391089108910894545e-01 -2.337687324037445169e+00
-1.385038503850388736e-01 -2.337174700720295206e+00
-1.378987898789882927e-01 -2.336663461085513926e+00
-1.372937293729377117e-01 -2.336153606614103762e+00
-1.366886688668871308e-01 -2.335645138787064923e+00
-1.360836083608365499e-01 -2.335138059085398066e+00
-1.354785478547859690e-01 -2.334632368990104290e+00
-1.348734873487353880e-01 -2.334128069982185583e+00
-1.342684268426848071e-01 -2.333625163542641268e+00
-1.336633663366342262e-01 -2.333123651152473776e+00
-1.330583058305836452e-01 -2.332623534292683321e+00
-1.324532453245330643e-01 -2.332124814444270555e+00
-1.318481848184824834e-01 -2.331627493088237024e+00
-1.312431243124314584e-01 -2.331131571705583383e+00
-1.306380638063808775e-01 -2.330637051777311175e+00
-1.300330033003302965e-01 -2.330143934784420612e+00
-1.294279427942797156e-01 -2.329652222207912793e+00
-1.288228822882291347e-01 -2.329161915528789262e+00
-1.282178217821785537e-01 -2.328673016228051118e+00
-1.276127612761279728e-01 -2.328185525786698129e+00
-1.270077007700773919e-01 -2.327699445685731838e+00
-1.264026402640268110e-01 -2.327214777406153789e+00
-1.257975797579762300e-01 -2.326731522428964194e+00
-1.251925192519256491e-01 -2.326249682235164151e+00
-1.245874587458750682e-01 -2.325769258305754761e+00
-1.239823982398244873e-01 -2.325290252121736678e+00
-1.233773377337739063e-01 -2.324812665164111003e+00
-1.227722772277233254e-01 -2.324336498913880167e+00
-1.221672167216727445e-01 -2.323861754852042161e+00
-1.215621562156221636e-01 -2.323388434459600305e+00
-1.209570957095715826e-01 -2.322916539217555254e+00
-1.203520352035205576e-01 -2.322446070606906776e+00
-1.197469746974699767e-01 -2.321977030108656859e+00
-1.191419141914193958e-01 -2.321509419203806157e+00
-1.185368536853688148e-01 -2.321043239373356215e+00
-1.179317931793182339e-01 -2.320578492098307688e+00
-1.173267326732676530e-01 -2.320115178859660787e+00
-1.167216721672170721e-01 -2.319653301138417056e+00
-1.161166116611664911e-01 -2.319192860415577151e+00
-1.155115511551159102e-01 -2.318733858172142615e+00
-1.149064906490653293e-01 -2.318276295889114547e+00
-1.143014301430147484e-01 -2.317820175047492715e+00
-1.136963696369641674e-01 -2.317365497128279106e+00
-1.130913091309135865e-01 -2.316912263612474376e+00
-1.124862486248630056e-01 -2.316460475981080069e+00
-1.118811881188124246e-01 -2.316010135715095952e+00
-1.112761276127618437e-01 -2.315561244295524013e+00
-1.106710671067112628e-01 -2.315113803203364462e+00
-1.100660066006606819e-01 -2.314667813919618400e+00
-1.094609460946096569e-01 -2.314223277925287370e+00
-1.088558855885590759e-01 -2.313780196701372027e+00
-1.082508250825084950e-01 -2.313338571728873028e+00
-1.076457645764579141e-01 -2.312898404488792359e+00
-1.070407040704073331e-01 -2.312459696462129788e+00
-1.064356435643567522e-01 -2.312022449129886414e+00
-1.058305830583061713e-01 -2.311586663973063782e+00
-1.052255225522555904e-01 -2.311152342472662546e+00
-1.046204620462050094e-01 -2.310719486109683807e+00
-1.040154015401544285e-01 -2.310288096365128219e+00
-1.034103410341038476e-01 -2.309858174719996882e+00
-1.028052805280532667e-01 -2.309429722655291339e+00
-1.022002200220026857e-01 -2.309002741652011359e+00
-1.015951595159521048e-01 -2.308577233191158484e+00
-1.009900990099015239e-01 -2.308153198753734259e+00
-1.003850385038509430e-01 -2.307730639820739338e+00
-9.977997799780036203e-02 -2.307309557833551406e+00
-9.917491749174978111e-02 -2.306889952302576763e+00
-9.856985698569920018e-02 -2.306471819977036208e+00
-9.796479647964817516e-02 -2.306055157393795518e+00
-9.735973597359759424e-02 -2.305639961089726686e+00
-9.675467546754701331e-02 -2.305226227601695044e+00
-9.614961496149643239e-02 -2.304813953466570808e+00
-9.554455445544585146e-02 -2.304403135221221088e+00
-9.493949394939527053e-02 -2.303993769402515213e+00
-9.433443344334468961e-02 -2.303585852547322066e+00
-9.372937293729410868e-02 -2.303179381192508757e+00
-9.312431243124352775e-02 -2.302774351874944614e+00
-9.251925192519294683e-02 -2.302370761131497634e+00
-9.191419141914236590e-02 -2.301968605499036702e+00
-9.130913091309178498e-02 -2.301567881514429814e+00
-9.070407040704120405e-02 -2.301168585714545856e+00
-9.009900990099062312e-02 -2.300770714636252823e+00
-8.949394939494004220e-02 -2.300374264816418268e+00
-8.888888888888946127e-02 -2.299979232791912853e+00
-8.828382838283888034e-02 -2.299585615099603242e+00
-8.767876787678829942e-02 -2.299193408276358319e+00
-8.707370737073727440e-02 -2.298802608859046526e+00
-8.646864686468669348e-02 -2.298413213384536746e+00
-8.586358635863611255e-02 -2.298025218389696533e+00
-8.525852585258553162e-02 -2.297638620411395216e+00
-8.465346534653495070e-02 -2.297253415986499903e+00
-8.404840484048436977e-02 -2.296869601651881254e+00
-8.344334433443378884e-02 -2.296487173944405047e+00
-8.283828382838320792e-02 -2.296106129400941054e+00
-8.223322332233262699e-02 -2.295726464558358604e+00
-8.162816281628204607e-02 -2.295348175953524805e+00
-8.102310231023146514e-02 -2.294971260123308099e+00
-8.041804180418088421e-02 -2.294595713604577814e+00
-7.981298129813030329e-02 -2.294221532934200614e+00
-7.920792079207972236e-02 -2.293848714649046716e+00
-7.860286028602914143e-02 -2.293477255285984562e+00
-7.799779977997856051e-02 -2.293107151381881259e+00
-7.739273927392797958e-02 -2.292738399473606137e+00
-7.678767876787739866e-02 -2.292370996098027636e+00
-7.618261826182681773e-02 -2.292004937792014196e+00
-7.557755775577579271e-02 -2.291640221092432927e+00
-7.497249724972521179e-02 -2.291276842536153158e+00
-7.436743674367463086e-02 -2.290914798660044660e+00
-7.376237623762404993e-02 -2.290554086000974987e+00
-7.315731573157346901e-02 -2.290194701095811247e+00
-7.255225522552288808e-02 -2.289836640481423213e+00
-7.194719471947230716e-02 -2.289479900694679326e+00
-7.134213421342172623e-02 -2.289124478272447138e+00
-7.073707370737114530e-02 -2.288770369751595535e+00
-7.013201320132056438e-02 -2.288417571668993400e+00
-6.952695269526998345e-02 -2.288066080561508731e+00
-6.892189218921940252e-02 -2.287715892966009967e+00
-6.831683168316882160e-02 -2.287367005419365551e+00
-6.771177117711824067e-02 -2.287019414458443478e+00
-6.710671067106765975e-02 -2.286673116620113522e+00
-6.650165016501707882e-02 -2.286328108441242346e+00
-6.589658965896649789e-02 -2.285984386458698836e+00
-6.529152915291591697e-02 -2.285641947209352765e+00
-6.468646864686489195e-02 -2.285300787230071684e+00
-6.408140814081431103e-02 -2.284960903057723147e+00
-6.347634763476373010e-02 -2.284622291229176927e+00
-6.287128712871314917e-02 -2.284284948281300576e+00
-6.226622662266256825e-02 -2.283948870750962534e+00
-6.166116611661198732e-02 -2.283614055175032131e+00
-6.105610561056140639e-02 -2.283280498090377808e+00
-6.045104510451082547e-02 -2.282948196033865340e+00
-5.984598459846024454e-02 -2.282617145542366277e+00
-5.924092409240966361e-02 -2.282287343152748171e+00
-5.863586358635908269e-02 -2.281958785401879464e+00
-5.803080308030850176e-02 -2.281631468826627707e+00
-5.742574257425792084e-02 -2.281305389963862673e+00
-5.682068206820733991e-02 -2.280980545350451472e+00
-5.621562156215675898e-02 -2.280656931523263431e+00
-5.561056105610617806e-02 -2.280334545019166104e+00
-5.500550055005559713e-02 -2.280013382375028819e+00
-5.440044004400501620e-02 -2.279693440127719573e+00
-5.379537953795443528e-02 -2.279374714814107250e+00
-5.319031903190341026e-02 -2.279057202971059848e+00
-5.258525852585282934e-02 -2.278740901135444918e+00
-5.198019801980224841e-02 -2.278425805844132679e+00
-5.137513751375166748e-02 -2.278111913633990682e+00
-5.077007700770108656e-02 -2.277799221041887368e+00
-5.016501650165050563e-02 -2.277487724604690733e+00
-4.955995599559992471e-02 -2.277177420859270995e+00
-4.895489548954934378e-02 -2.276868306342493931e+00
-4.834983498349876285e-02 -2.276560377591228868e+00
-4.774477447744818193e-02 -2.276253631142345579e+00
-4.713971397139760100e-02 -2.275948063532711174e+00
-4.653465346534702007e-02 -2.275643671299194093e+00
-4.592959295929643915e-02 -2.275340450978664109e+00
-4.532453245324585822e-02 -2.275038399107987441e+00
-4.471947194719527729e-02 -2.274737512224034308e+00
-4.411441144114469637e-02 -2.274437786863672262e+00
-4.350935093509411544e-02 -2.274139219563770631e+00
-4.290429042904353452e-02 -2.273841806861196080e+00
-4.229922992299250950e-02 -2.273545545292819270e+00
-4.169416941694192857e-02 -2.273250431395505977e+00
-4.108910891089134765e-02 -2.272956461706127751e+00
-4.048404840484076672e-02 -2.272663632761551256e+00
-3.987898789879018580e-02 -2.272371941098644044e+00
-3.927392739273960487e-02 -2.272081383254277220e+00
-3.866886688668902394e-02 -2.271791955765316118e+00
-3.806380638063844302e-02 -2.271503655168631397e+00
-3.745874587458786209e-02 -2.271216478001090611e+00
-3.685368536853728116e-02 -2.270930420799562199e+00
-3.624862486248670024e-02 -2.270645480100914604e+00
-3.564356435643611931e-02 -2.270361652442015821e+00
-3.503850385038553839e-02 -2.270078934359736067e+00
-3.443344334433495746e-02 -2.269797322390941119e+00
-3.382838283828437653e-02 -2.269516813072501638e+00
-3.322332233223379561e-02 -2.269237402941284731e+00
-3.261826182618321468e-02 -2.268959088534159285e+00
-3.201320132013263375e-02 -2.268681866387994628e+00
-3.140814081408205283e-02 -2.268405733039656980e+00
-3.080308030803102781e-02 -2.268130685026016113e+00
-3.019801980198044689e-02 -2.267856718883940914e+00
-2.959295929592986596e-02 -2.267583831150299378e+00
-2.898789878987928503e-02 -2.267312018361959502e+00
-2.838283828382870411e-02 -2.267041277055789728e+00
-2.777777777777812318e-02 -2.266771603768658938e+00
-2.717271727172754225e-02 -2.266502995037436463e+00
-2.656765676567696133e-02 -2.266235447398988523e+00
-2.596259625962638040e-02 -2.265968957390184890e+00
-2.535753575357579948e-02 -2.265703521547894450e+00
-2.475247524752521855e-02 -2.265439136408984755e+00
-2.414741474147463762e-02 -2.265175798510324245e+00
-2.354235423542405670e-02 -2.264913504388781362e+00
-2.293729372937347577e-02 -2.264652250581224546e+00
-2.233223322332289484e-02 -2.264392033624522682e+00
-2.172717271727231392e-02 -2.264132850055543766e+00
-2.112211221122173299e-02 -2.263874696411156684e+00
-2.051705170517115207e-02 -2.263617569228229431e+00
-1.991199119912012705e-02 -2.263361465043630449e+00
-1.930693069306954612e-02 -2.263106380394228179e+00
-1.870187018701896520e-02 -2.262852311816891060e+00
-1.809680968096838427e-02 -2.262599255848487534e+00
-1.749174917491780334e-02 -2.262347209025886485e+00
-1.688668866886722242e-02 -2.262096167885955467e+00
-1.628162816281664149e-02 -2.261846128965563807e+00
-1.567656765676606057e-02 -2.261597088801579503e+00
-1.507150715071547964e-02 -2.261349043930870550e+00
-1.446644664466489871e-02 -2.261101990890306279e+00
-1.386138613861431779e-02 -2.260855926216754241e+00
-1.325632563256373686e-02 -2.260610846447082878e+00
-1.265126512651315593e-02 -2.260366748118161961e+00
-1.204620462046257501e-02 -2.260123627766858601e+00
-1.144114411441199408e-02 -2.259881481930041236e+00
-1.083608360836141316e-02 -2.259640307144578752e+00
-1.023102310231083223e-02 -2.259400099947339147e+00
-9.625962596260251303e-03 -2.259160856875190859e+00
-9.020902090209670376e-03 -2.258922574465004107e+00
-8.415841584158645361e-03 -2.258685249253644223e+00
-7.810781078108064435e-03 -2.258448877777982311e+00
-7.205720572057483508e-03 -2.258213456574885480e+00
-6.600660066006902582e-03 -2.257978982181221728e+00
-5.995599559956321656e-03 -2.257745451133860382e+00
-5.390539053905740730e-03 -2.257512859969669883e+00
-4.785478547855159803e-03 -2.257281205225517340e+00
-4.180418041804578877e-03 -2.257050483438273858e+00
-3.575357535753997951e-03 -2.256820691144805657e+00
-2.970297029703417024e-03 -2.256591824881981179e+00
-2.365236523652836098e-03 -2.256363881186669307e+00
-1.760176017602255172e-03 -2.256136856595739371e+00
-1.155115511551674246e-03 -2.255910747646058478e+00
-5.500550055010933193e-04 -2.255685550874495515e+00
5.500550054993169624e-05 -2.255461262817918477e+00
6.600660066000685333e-04 -2.255237880013197582e+00
1.265126512651093549e-03 -2.255015398997199050e+00
1.870187018701230386e-03 -2.254793816306793097e+00
2.475247524752255401e-03 -2.254573128478846389e+00
3.080308030802392238e-03 -2.254353332050227809e+00
3.685368536853417254e-03 -2.254134423557806244e+00
4.290429042903554091e-03 -2.253916399538451465e+00
4.895489548954579107e-03 -2.253699256529029249e+00
5.500550055004715944e-03 -2.253482991066409369e+00
6.105610561055740959e-03 -2.253267599687460265e+00
6.710671067105877796e-03 -2.253053078929050823e+00
7.315731573156902812e-03 -2.252839425328047707e+00
7.920792079207927827e-03 -2.252626635421321133e+00
8.525852585258064664e-03 -2.252414705745738654e+00
9.130913091309089680e-03 -2.252203632838168712e+00
9.735973597359226517e-03 -2.251993413235481079e+00
1.034103410341025153e-02 -2.251784043474542418e+00
1.094609460946038837e-02 -2.251575520092221616e+00
1.155115511551141338e-02 -2.251367839625388001e+00
1.215621562156155022e-02 -2.251160998610908681e+00
1.276127612761257524e-02 -2.250954993585652542e+00
1.336633663366271207e-02 -2.250749821086488467e+00
1.397139713971373709e-02 -2.250545477650284454e+00
1.457645764576387393e-02 -2.250341959813909831e+00
1.518151815181489894e-02 -2.250139264114230819e+00
1.578657865786503578e-02 -2.249937387088117635e+00
1.639163916391606080e-02 -2.249736325272438719e+00
1.699669966996619763e-02 -2.249536075204062069e+00
1.760176017601722265e-02 -2.249336633419856124e+00
1.820682068206735948e-02 -2.249137996456688882e+00
1.881188118811838450e-02 -2.248940160851429670e+00
1.941694169416940952e-02 -2.248743123140946487e+00
2.002200220021954635e-02 -2.248546879862107772e+00
2.062706270627057137e-02 -2.248351427551781523e+00
2.123212321232070821e-02 -2.248156762746837511e+00
2.183718371837173322e-02 -2.247962881984141514e+00
2.244224422442187006e-02 -2.247769781800565525e+00
2.304730473047289507e-02 -2.247577458732974875e+00
2.365236523652303191e-02 -2.247385909318239339e+00
2.425742574257405693e-02 -2.247195130093227800e+00
2.486248624862419376e-02 -2.247005117594807810e+00
2.546754675467521878e-02 -2.246815868359847368e+00
2.607260726072535562e-02 -2.246627378925216245e+00
2.667766776677638063e-02 -2.246439645827781995e+00
2.728272827282651747e-02 -2.246252665604413501e+00
2.788778877887754248e-02 -2.246066434791979205e+00
2.849284928492767932e-02 -2.245880949927347103e+00
2.909790979097870434e-02 -2.245696207547385637e+00
2.970297029702884117e-02 -2.245512204188963690e+00
3.030803080307986619e-02 -2.245328936388948371e+00
3.091309130913089120e-02 -2.245146400684209897e+00
3.151815181518102804e-02 -2.244964593611616266e+00
3.212321232123205306e-02 -2.244783511708035029e+00
3.272827282728218989e-02 -2.244603151510335515e+00
3.333333333333321491e-02 -2.244423509555385277e+00
3.393839383938335175e-02 -2.244244582380054087e+00
3.454345434543437676e-02 -2.244066366521209055e+00
3.514851485148451360e-02 -2.243888858515719065e+00
3.575357535753553861e-02 -2.243712054900452113e+00
3.635863586358567545e-02 -2.243535952212277085e+00
3.696369636963670047e-02 -2.243360546988063309e+00
3.756875687568683730e-02 -2.243185835764677449e+00
3.817381738173786232e-02 -2.243011815078989279e+00
3.877887788778799916e-02 -2.242838481467866796e+00
3.938393839383902417e-02 -2.242665831468177995e+00
3.998899889988916101e-02 -2.242493861616791762e+00
4.059405940594018602e-02 -2.242322568450576092e+00
4.119911991199032286e-02 -2.242151948506400316e+00
4.180418041804134788e-02 -2.241981998321131986e+00
4.240924092409237289e-02 -2.241812714431639542e+00
4.301430143014250973e-02 -2.241644093374792313e+00
4.361936193619353475e-02 -2.241476131687457407e+00
4.422442244224367158e-02 -2.241308825906504598e+00
4.482948294829469660e-02 -2.241142172568800994e+00
4.543454345434483344e-02 -2.240976168211216368e+00
4.603960396039585845e-02 -2.240810809370617829e+00
4.664466446644599529e-02 -2.240646092583875149e+00
4.724972497249702030e-02 -2.240482014387855436e+00
4.785478547854715714e-02 -2.240318571319427576e+00
4.845984598459818216e-02 -2.240155759915460454e+00
4.906490649064831899e-02 -2.239993576712822065e+00
4.966996699669934401e-02 -2.239832018248380852e+00
5.027502750274948085e-02 -2.239671081059005697e+00
5.088008800880050586e-02 -2.239510761681563711e+00
5.148514851485064270e-02 -2.239351056652925109e+00
5.209020902090166771e-02 -2.239191962509957889e+00
5.269526952695269273e-02 -2.239033475789529604e+00
5.330033003300282957e-02 -2.238875593028508248e+00
5.390539053905385458e-02 -2.238718310763764041e+00
5.451045104510399142e-02 -2.238561625532164090e+00
5.511551155115501643e-02 -2.238405533870577724e+00
5.572057205720515327e-02 -2.238250032315872939e+00
5.632563256325617829e-02 -2.238095117404917289e+00
5.693069306930631512e-02 -2.237940785674580546e+00
5.753575357535734014e-02 -2.237787033661730263e+00
5.814081408140747698e-02 -2.237633857903235768e+00
5.874587458745850199e-02 -2.237481254935964170e+00
5.935093509350863883e-02 -2.237329221296786130e+00
5.995599559955966384e-02 -2.237177753522566537e+00
6.056105610560980068e-02 -2.237026848150177383e+00
6.116611661166082570e-02 -2.236876501716484889e+00
6.177117711771096253e-02 -2.236726710758357939e+00
6.237623762376198755e-02 -2.236577471812666307e+00
6.298129812981212439e-02 -2.236428781416276212e+00
6.358635863586314940e-02 -2.236280636106056985e+00
6.419141914191417442e-02 -2.236133032418877509e+00
6.479647964796431125e-02 -2.235985966891606225e+00
6.540154015401533627e-02 -2.235839436061111130e+00
6.600660066006547311e-02 -2.235693436464261108e+00
6.661166116611649812e-02 -2.235547964637923712e+00
6.721672167216663496e-02 -2.235403017118968716e+00
6.782178217821765998e-02 -2.235258590444262783e+00
6.842684268426779681e-02 -2.235114681150675242e+00
6.903190319031882183e-02 -2.234971285775074978e+00
6.963696369636895867e-02 -2.234828400854330432e+00
7.024202420241998368e-02 -2.234686022925308269e+00
7.084708470847012052e-02 -2.234544148524880036e+00
7.145214521452114553e-02 -2.234402774189911067e+00
7.205720572057128237e-02 -2.234261896457272023e+00
7.266226622662230739e-02 -2.234121511863829568e+00
7.326732673267244422e-02 -2.233981616946453475e+00
7.387238723872346924e-02 -2.233842208242010852e+00
7.447744774477360608e-02 -2.233703282287371916e+00
7.508250825082463109e-02 -2.233564835619403333e+00
7.568756875687565611e-02 -2.233426864774974874e+00
7.629262926292579294e-02 -2.233289366290954536e+00
7.689768976897681796e-02 -2.233152336704209873e+00
7.750275027502695480e-02 -2.233015772551610656e+00
7.810781078107797981e-02 -2.232879670370023995e+00
7.871287128712811665e-02 -2.232744026696319661e+00
7.931793179317914166e-02 -2.232608838067364765e+00
7.992299229922927850e-02 -2.232474101020029078e+00
8.052805280528030352e-02 -2.232339812091179709e+00
8.113311331133044035e-02 -2.232205967817686432e+00
8.173817381738146537e-02 -2.232072564736416354e+00
8.234323432343160221e-02 -2.231939599384238804e+00
8.294829482948262722e-02 -2.231807068298022223e+00
8.355335533553276406e-02 -2.231674968014634608e+00
8.415841584158378907e-02 -2.231543295070943067e+00
8.476347634763392591e-02 -2.231412046003819150e+00
8.536853685368495093e-02 -2.231281217350129076e+00
8.597359735973597594e-02 -2.231150805646741730e+00
8.657865786578611278e-02 -2.231020807430525554e+00
8.718371837183713779e-02 -2.230891219238348988e+00
8.778877887788727463e-02 -2.230762037607079584e+00
8.839383938393829965e-02 -2.230633259073587560e+00
8.899889988998843648e-02 -2.230504880174740912e+00
8.960396039603946150e-02 -2.230376897447407192e+00
9.020902090208959834e-02 -2.230249307428453953e+00
9.081408140814062335e-02 -2.230122106654752745e+00
9.141914191419076019e-02 -2.229995291663169787e+00
9.202420242024178521e-02 -2.229868858990573521e+00
9.262926292629192204e-02 -2.229742805173832831e+00
9.323432343234294706e-02 -2.229617126749815714e+00
9.383938393839308389e-02 -2.229491820255390611e+00
9.444444444444410891e-02 -2.229366882227426849e+00
9.504950495049424575e-02 -2.229242309202792427e+00
9.565456545654527076e-02 -2.229118097718354896e+00
9.625962596259540760e-02 -2.228994244310983586e+00
9.686468646864643262e-02 -2.228870745517546936e+00
9.746974697469745763e-02 -2.228747597874912945e+00
9.807480748074759447e-02 -2.228624797919950051e+00
9.867986798679861948e-02 -2.228502342189527585e+00
9.928492849284875632e-02 -2.228380227220512655e+00
9.988998899889978134e-02 -2.228258449549773701e+00
1.004950495049499182e-01 -2.228137005714180940e+00
1.011001100110009432e-01 -2.228015892250600594e+00
1.017051705170510800e-01 -2.227895105695902878e+00
1.023102310231021050e-01 -2.227774642586954457e+00
1.029152915291522419e-01 -2.227654499460625104e+00
1.035203520352032669e-01 -2.227534672853782816e+00
1.041254125412534037e-01 -2.227415159303297365e+00
1.047304730473044287e-01 -2.227295955346034528e+00
1.053355335533545656e-01 -2.227177057518864522e+00
1.059405940594055906e-01 -2.227058462358654900e+00
1.065456545654557274e-01 -2.226940166402274546e+00
1.071507150715067525e-01 -2.226822166186591900e+00
1.077557755775568893e-01 -2.226704458248475849e+00
1.083608360836079143e-01 -2.226587039124793499e+00
1.089658965896589393e-01 -2.226469905352415068e+00
1.095709570957090762e-01 -2.226353053468207221e+00
1.101760176017601012e-01 -2.226236480009038843e+00
1.107810781078102380e-01 -2.226120181511779261e+00
1.113861386138612630e-01 -2.226004154513296029e+00
1.119911991199113999e-01 -2.225888395550458476e+00
1.125962596259624249e-01 -2.225772901160132822e+00
1.132013201320125617e-01 -2.225657667879191060e+00
1.138063806380635867e-01 -2.225542692244498966e+00
1.144114411441137236e-01 -2.225427970792925425e+00
1.150165016501647486e-01 -2.225313500061338878e+00
1.156215621562148854e-01 -2.225199276586608654e+00
1.162266226622659104e-01 -2.225085296905602306e+00
1.168316831683160473e-01 -2.224971557555187385e+00
1.174367436743670723e-01 -2.224858055072234109e+00
1.180418041804172091e-01 -2.224744785993610030e+00
1.186468646864682341e-01 -2.224631746856184034e+00
1.192519251925183710e-01 -2.224518934196823228e+00
1.198569856985693960e-01 -2.224406344552397830e+00
1.204620462046204210e-01 -2.224293974459775391e+00
1.210671067106705578e-01 -2.224181820455823910e+00
1.216721672167215829e-01 -2.224069879077412271e+00
1.222772277227717197e-01 -2.223958146861409801e+00
1.228822882288227447e-01 -2.223846620344683167e+00
1.234873487348728816e-01 -2.223735296064102585e+00
1.240924092409239066e-01 -2.223624170556534718e+00
1.246974697469740434e-01 -2.223513240358848897e+00
1.253025302530250684e-01 -2.223402502007913117e+00
1.259075907590752053e-01 -2.223291952040596708e+00
1.265126512651262303e-01 -2.223181586993768555e+00
1.271177117711763671e-01 -2.223071403404294433e+00
1.277227722772273921e-01 -2.222961397809045003e+00
1.283278327832775290e-01 -2.222851566744888263e+00
1.289328932893285540e-01 -2.222741906748692653e+00
1.295379537953786908e-01 -2.222632414357326613e+00
1.301430143014297158e-01 -2.222523086107657253e+00
1.307480748074807408e-01 -2.222413918536554789e+00
1.313531353135308777e-01 -2.222304908180887661e+00
1.319581958195819027e-01 -2.222196051577522535e+00
1.325632563256320395e-01 -2.222087345263329627e+00
1.331683168316830645e-01 -2.221978785775176490e+00
1.337733773377332014e-01 -2.221870369649931121e+00
1.343784378437842264e-01 -2.221762093424463291e+00
1.349834983498343632e-01 -2.221653953635640999e+00
1.355885588558853883e-01 -2.221545946820331352e+00
1.361936193619355251e-01 -2.221438069515403679e+00
1.367986798679865501e-01 -2.221330318257727754e+00
1.374037403740366869e-01 -2.221222689584169352e+00
1.380088008800877120e-01 -2.221115180031599579e+00
1.386138613861378488e-01 -2.221007786136885098e+00
1.392189218921888738e-01 -2.220900504436893907e+00
1.398239823982390106e-01 -2.220793331468496223e+00
1.404290429042900357e-01 -2.220686263768559154e+00
1.410341034103401725e-01 -2.220579297873952473e+00
1.416391639163911975e-01 -2.220472430321542401e+00
1.422442244224422225e-01 -2.220365657648199598e+00
1.428492849284923594e-01 -2.220258976390790728e+00
1.434543454345433844e-01 -2.220152383086185122e+00
1.440594059405935212e-01 -2.220045874271251662e+00
1.446644664466445462e-01 -2.219939446482858347e+00
1.452695269526946831e-01 -2.219833096257873173e+00
1.458745874587457081e-01 -2.219726820133164580e+00
1.464796479647958449e-01 -2.219620614645601897e+00
1.470847084708468699e-01 -2.219514476332052233e+00
1.476897689768970068e-01 -2.219408401729384916e+00
1.482948294829480318e-01 -2.219302387374468388e+00
1.488998899889981686e-01 -2.219196429804171089e+00
1.495049504950491936e-01 -2.219090525555360571e+00
1.501100110010993305e-01 -2.218984671164906164e+00
1.507150715071503555e-01 -2.218878863169675864e+00
1.513201320132004923e-01 -2.218773098106538111e+00
1.519251925192515174e-01 -2.218667372512361347e+00
1.525302530253016542e-01 -2.218561682924014899e+00
1.531353135313526792e-01 -2.218456025878366322e+00
1.537403740374037042e-01 -2.218350397912284055e+00
1.543454345434538411e-01 -2.218244795562636096e+00
1.549504950495048661e-01 -2.218139215366291772e+00
1.555555555555550029e-01 -2.218033653860119081e+00
1.561606160616060279e-01 -2.217928107580986907e+00
1.567656765676561648e-01 -2.217822573065762803e+00
1.573707370737071898e-01 -2.217717046851315654e+00
1.579757975797573266e-01 -2.217611525474513456e+00
1.585808580858083516e-01 -2.217506005472225539e+00
1.591859185918584885e-01 -2.217400483381320342e+00
1.597909790979095135e-01 -2.217294955738664974e+00
1.603960396039596503e-01 -2.217189419081129209e+00
1.610011001100106753e-01 -2.217083869945580155e+00
1.616061606160608122e-01 -2.216978304868887584e+00
1.622112211221118372e-01 -2.216872720387919493e+00
1.628162816281619740e-01 -2.216767113039542991e+00
1.634213421342129990e-01 -2.216661479360630072e+00
1.640264026402631359e-01 -2.216555815888045178e+00
1.646314631463141609e-01 -2.216450119158658083e+00
1.652365236523651859e-01 -2.216344385709337672e+00
1.658415841584153227e-01 -2.216238612076952830e+00
1.664466446644663478e-01 -2.216132794798370664e+00
1.670517051705164846e-01 -2.216026930410460061e+00
1.676567656765675096e-01 -2.215921015450089904e+00
1.682618261826176465e-01 -2.215815046454129078e+00
1.688668866886686715e-01 -2.215709019959445136e+00
1.694719471947188083e-01 -2.215602932502905631e+00
1.700770077007698333e-01 -2.215496780621380335e+00
1.706820682068199702e-01 -2.215390560851737245e+00
1.712871287128709952e-01 -2.215284269730845246e+00
1.718921892189211320e-01 -2.215177903795572778e+00
1.724972497249721570e-01 -2.215071459582786950e+00
1.731023102310222939e-01 -2.214964933629357535e+00
1.737073707370733189e-01 -2.214858322472152530e+00
1.743124312431234557e-01 -2.214751622648040819e+00
1.749174917491744807e-01 -2.214644830693889510e+00
1.755225522552255057e-01 -2.214537943146568821e+00
1.761276127612756426e-01 -2.214430956542945861e+00
1.767326732673266676e-01 -2.214323867419889069e+00
1.773377337733768044e-01 -2.214216672314267775e+00
1.779427942794278295e-01 -2.214109367762949532e+00
1.785478547854779663e-01 -2.214001950302803667e+00
1.791529152915289913e-01 -2.213894416470697291e+00
1.797579757975791281e-01 -2.213786762803500618e+00
1.803630363036301532e-01 -2.213678985838079871e+00
1.809680968096802900e-01 -2.213571082111305266e+00
1.815731573157313150e-01 -2.213463048160044799e+00
1.821782178217814518e-01 -2.213354880521166468e+00
1.827832783278324769e-01 -2.213246575731538268e+00
1.833883388338826137e-01 -2.213138130328029973e+00
1.839933993399336387e-01 -2.213029540847509136e+00
1.845984598459837756e-01 -2.212920803826845084e+00
1.852035203520348006e-01 -2.212811915802904483e+00
1.858085808580849374e-01 -2.212702873312557106e+00
1.864136413641359624e-01 -2.212593672892671837e+00
1.870187018701869874e-01 -2.212484311080115784e+00
1.876237623762371243e-01 -2.212374784411757389e+00
1.882288228822881493e-01 -2.212265089424465980e+00
1.888338833883382861e-01 -2.212155222655109998e+00
1.894389438943893111e-01 -2.212045180640557884e+00
1.900440044004394480e-01 -2.211934959917677190e+00
1.906490649064904730e-01 -2.211824557023335913e+00
1.912541254125406098e-01 -2.211713968494404270e+00
1.918591859185916348e-01 -2.211603190867750257e+00
1.924642464246417717e-01 -2.211492220680240983e+00
1.930693069306927967e-01 -2.211381054468746665e+00
1.936743674367429335e-01 -2.211269688770133524e+00
1.942794279427939586e-01 -2.211158120121271775e+00
1.948844884488440954e-01 -2.211046345059030305e+00
1.954895489548951204e-01 -2.210934360120274889e+00
1.960946094609452572e-01 -2.210822161841876632e+00
1.966996699669962823e-01 -2.210709746760703531e+00
1.973047304730464191e-01 -2.210597111413622251e+00
1.979097909790974441e-01 -2.210484252337503452e+00
1.985148514851484691e-01 -2.210371166069212912e+00
1.991199119911986060e-01 -2.210257849145622178e+00
1.997249724972496310e-01 -2.210144298103597471e+00
2.003300330032997678e-01 -2.210030509643670982e+00
2.009350935093507928e-01 -2.209916483534301701e+00
2.015401540154009297e-01 -2.209802222268635319e+00
2.021452145214519547e-01 -2.209687728434531984e+00
2.027502750275020915e-01 -2.209573004619850511e+00
2.033553355335531165e-01 -2.209458053412449274e+00
2.039603960396032534e-01 -2.209342877400189309e+00
2.045654565456542784e-01 -2.209227479170929875e+00
2.051705170517044152e-01 -2.209111861312528902e+00
2.057755775577554402e-01 -2.208996026412846092e+00
2.063806380638055771e-01 -2.208879977059741595e+00
2.069856985698566021e-01 -2.208763715841073338e+00
2.075907590759067389e-01 -2.208647245344702803e+00
2.081958195819577639e-01 -2.208530568158487029e+00
2.088008800880087890e-01 -2.208413686870286607e+00
2.094059405940589258e-01 -2.208296604067960800e+00
2.100110011001099508e-01 -2.208179322339367978e+00
2.106160616061600876e-01 -2.208061844272368290e+00
2.112211221122111127e-01 -2.207944172454820997e+00
2.118261826182612495e-01 -2.207826309474585802e+00
2.124312431243122745e-01 -2.207708257919519745e+00
2.130363036303624114e-01 -2.207590020377485640e+00
2.136413641364134364e-01 -2.207471599436339638e+00
2.142464246424635732e-01 -2.207352997683943219e+00
2.148514851485145982e-01 -2.207234217708153867e+00
2.154565456545647351e-01 -2.207115262096833064e+00
2.160616061606157601e-01 -2.206996133437839180e+00
2.166666666666658969e-01 -2.206876834319030589e+00
2.172717271727169219e-01 -2.206757367328266550e+00
2.178767876787670588e-01 -2.206637735053408100e+00
2.184818481848180838e-01 -2.206517940082313167e+00
2.190869086908682206e-01 -2.206397985002841455e+00
2.196919691969192456e-01 -2.206277872402852225e+00
2.202970297029702706e-01 -2.206157604870204292e+00
2.209020902090204075e-01 -2.206037184992758693e+00
2.215071507150714325e-01 -2.205916615358372468e+00
2.221122112211215693e-01 -2.205795898554906653e+00
2.227172717271725944e-01 -2.205675037170219177e+00
2.233223322332227312e-01 -2.205554033792171076e+00
2.239273927392737562e-01 -2.205432891008619389e+00
2.245324532453238930e-01 -2.205311611407425598e+00
2.251375137513749181e-01 -2.205190197576447186e+00
2.257425742574250549e-01 -2.205068652103545190e+00
2.263476347634760799e-01 -2.204946977576577538e+00
2.269526952695262167e-01 -2.204825176583403934e+00
2.275577557755772418e-01 -2.204703251711884526e+00
2.281628162816273786e-01 -2.204581205549877243e+00
2.287678767876784036e-01 -2.204459040685242677e+00
2.293729372937285405e-01 -2.204336759705838755e+00
2.299779977997795655e-01 -2.204214365199525183e+00
2.305830583058297023e-01 -2.204091859754162996e+00
2.311881188118807273e-01 -2.203969245957608791e+00
2.317931793179317523e-01 -2.203846526397724048e+00
2.323982398239818892e-01 -2.203723703662366695e+00
2.330033003300329142e-01 -2.203600780339396881e+00
2.336083608360830510e-01 -2.203477759016672977e+00
2.342134213421340760e-01 -2.203354642282055575e+00
2.348184818481842129e-01 -2.203231432723403049e+00
2.354235423542352379e-01 -2.203108132928575547e+00
2.360286028602853747e-01 -2.202984745485430995e+00
2.366336633663363997e-01 -2.202861272981829543e+00
2.372387238723865366e-01 -2.202737718005631340e+00
2.378437843784375616e-01 -2.202614083144693868e+00
2.384488448844876984e-01 -2.202490370986877277e+00
2.390539053905387235e-01 -2.202366584120041271e+00
2.396589658965888603e-01 -2.202242725132044665e+00
2.402640264026398853e-01 -2.202118796610747609e+00
2.408690869086900221e-01 -2.201994801144008029e+00
2.414741474147410472e-01 -2.201870741319686076e+00
2.420792079207911840e-01 -2.201746619725641452e+00
2.426842684268422090e-01 -2.201622438949732086e+00
2.432893289328932340e-01 -2.201498201579818570e+00
2.438943894389433709e-01 -2.201373910203759721e+00
2.444994499449943959e-01 -2.201249567409414354e+00
2.451045104510445327e-01 -2.201125175784643062e+00
2.457095709570955577e-01 -2.201000737917304217e+00
2.463146314631456946e-01 -2.200876256395257524e+00
2.469196919691967196e-01 -2.200751733806361798e+00
2.475247524752468564e-01 -2.200627172738476300e+00
2.481298129812978814e-01 -2.200502575779461623e+00
2.487348734873480183e-01 -2.200377945517175249e+00
2.493399339933990433e-01 -2.200253284539477328e+00
2.499449944994491801e-01 -2.200128595434227563e+00
2.505500550055002051e-01 -2.200003880789284327e+00
2.511551155115503420e-01 -2.199879143192507769e+00
2.517601760176013670e-01 -2.199754385231756704e+00
2.523652365236515038e-01 -2.199629609494891280e+00
2.529702970297025288e-01 -2.199504818569769427e+00
2.535753575357535539e-01 -2.199380015044251735e+00
2.541804180418036907e-01 -2.199255201506196133e+00
2.547854785478547157e-01 -2.199130380543463659e+00
2.553905390539048526e-01 -2.199005554743912239e+00
2.559955995599558776e-01 -2.198880726695402021e+00
2.566006600660060144e-01 -2.198755898985791379e+00
2.572057205720570394e-01 -2.198631074202940017e+00
2.578107810781071763e-01 -2.198506254934707638e+00
2.584158415841582013e-01 -2.198381443768953503e+00
2.590209020902083381e-01 -2.198256643293536428e+00
2.596259625962593631e-01 -2.198131856096316561e+00
2.602310231023095000e-01 -2.198007084765152719e+00
2.608360836083605250e-01 -2.197882331887903273e+00
2.614411441144106618e-01 -2.197757600052428817e+00
2.620462046204616868e-01 -2.197632891846588166e+00
2.626512651265118237e-01 -2.197508209858240580e+00
2.632563256325628487e-01 -2.197383556675245764e+00
2.638613861386129855e-01 -2.197258934885462534e+00
2.644664466446640105e-01 -2.197134347076751038e+00
2.650715071507150356e-01 -2.197009795836968760e+00
2.656765676567651724e-01 -2.196885283753976736e+00
2.662816281628161974e-01 -2.196760813415633784e+00
2.668866886688663342e-01 -2.196636387409799607e+00
2.674917491749173593e-01 -2.196512008324332577e+00
2.680968096809674961e-01 -2.196387678747092398e+00
2.687018701870185211e-01 -2.196263401265937887e+00
2.693069306930686579e-01 -2.196139178468730080e+00
2.699119911991196830e-01 -2.196015012943326461e+00
2.705170517051698198e-01 -2.195890907277587178e+00
2.711221122112208448e-01 -2.195766864059370604e+00
2.717271727172709817e-01 -2.195642885876538219e+00
2.723322332233220067e-01 -2.195518975316946619e+00
2.729372937293721435e-01 -2.195395134968456841e+00
2.735423542354231685e-01 -2.195271367418927699e+00
2.741474147414733054e-01 -2.195147675256218456e+00
2.747524752475243304e-01 -2.195024061068188814e+00
2.753575357535744672e-01 -2.194900527442697591e+00
2.759625962596254922e-01 -2.194777076967604046e+00
2.765676567656765172e-01 -2.194653712230768328e+00
2.771727172717266541e-01 -2.194530435820048808e+00
2.777777777777776791e-01 -2.194407250323304304e+00
2.783828382838278159e-01 -2.194284158328395851e+00
2.789878987898788409e-01 -2.194161162423181821e+00
2.795929592959289778e-01 -2.194038265195521475e+00
2.801980198019800028e-01 -2.193915469233273630e+00
2.808030803080301396e-01 -2.193792777124297544e+00
2.814081408140811646e-01 -2.193670191456454699e+00
2.820132013201313015e-01 -2.193547714817601690e+00
2.826182618261823265e-01 -2.193425349795599111e+00
2.832233223322324633e-01 -2.193303098978306664e+00
2.838283828382834884e-01 -2.193180964953582279e+00
2.844334433443336252e-01 -2.193058950309286548e+00
2.850385038503846502e-01 -2.192937057633277842e+00
2.856435643564347870e-01 -2.192815289513416754e+00
2.862486248624858121e-01 -2.192693648537560769e+00
2.868536853685368371e-01 -2.192572137293570922e+00
2.874587458745869739e-01 -2.192450758369306030e+00
2.880638063806379989e-01 -2.192329514352623576e+00
2.886688668866881358e-01 -2.192208407831385930e+00
2.892739273927391608e-01 -2.192087441393450131e+00
2.898789878987892976e-01 -2.191966617626676328e+00
2.904840484048403226e-01 -2.191845939118923781e+00
2.910891089108904595e-01 -2.191725408458052193e+00
2.916941694169414845e-01 -2.191605028231919938e+00
2.922992299229916213e-01 -2.191484801028387164e+00
2.929042904290426463e-01 -2.191364729435312686e+00
2.935093509350927832e-01 -2.191244816040555765e+00
2.941144114411438082e-01 -2.191125063431976105e+00
2.947194719471939450e-01 -2.191005474197432079e+00
2.953245324532449700e-01 -2.190886050924784723e+00
2.959295929592951069e-01 -2.190766796201891964e+00
2.965346534653461319e-01 -2.190647712616613507e+00
2.971397139713962687e-01 -2.190528802756808169e+00
2.977447744774472937e-01 -2.190410069210336541e+00
2.983498349834983188e-01 -2.190291514565056996e+00
2.989548954895484556e-01 -2.190173141408828350e+00
2.995599559955994806e-01 -2.190054952329510307e+00
3.001650165016496175e-01 -2.189936949914963016e+00
3.007700770077006425e-01 -2.189819136753045736e+00
3.013751375137507793e-01 -2.189701515431615952e+00
3.019801980198018043e-01 -2.189584088538534701e+00
3.025852585258519412e-01 -2.189466858661660797e+00
3.031903190319029662e-01 -2.189349828388852615e+00
3.037953795379531030e-01 -2.189233000307972077e+00
3.044004400440041280e-01 -2.189116377006875780e+00
3.050055005500542649e-01 -2.188999961073423872e+00
3.056105610561052899e-01 -2.188883755095476058e+00
3.062156215621554267e-01 -2.188767761660891598e+00
3.068206820682064517e-01 -2.188651983357528419e+00
3.074257425742565886e-01 -2.188536422773248447e+00
3.080308030803076136e-01 -2.188421082495910053e+00
3.086358635863577504e-01 -2.188305965113370277e+00
3.092409240924087754e-01 -2.188191073213491045e+00
3.098459845984598005e-01 -2.188076409384130727e+00
3.104510451045099373e-01 -2.187961976213148141e+00
3.110561056105609623e-01 -2.187847776288404322e+00
3.116611661166110991e-01 -2.187733812197756755e+00
3.122662266226621242e-01 -2.187620086529065144e+00
3.128712871287122610e-01 -2.187506601870189638e+00
3.134763476347632860e-01 -2.187393360808988607e+00
3.140814081408134228e-01 -2.187280365933321313e+00
3.146864686468644479e-01 -2.187167619831047904e+00
3.152915291529145847e-01 -2.187055125090027197e+00
3.158965896589656097e-01 -2.186942884298118894e+00
3.165016501650157466e-01 -2.186830900043180925e+00
3.171067106710667716e-01 -2.186719174913074326e+00
3.177117711771169084e-01 -2.186607711495657913e+00
3.183168316831679334e-01 -2.186496512378790058e+00
3.189218921892180703e-01 -2.186385580150331354e+00
3.195269526952690953e-01 -2.186274917398139728e+00
3.201320132013192321e-01 -2.186164526710076661e+00
3.207370737073702571e-01 -2.186054410673998749e+00
3.213421342134212821e-01 -2.185944571877767029e+00
3.219471947194714190e-01 -2.185835012909240316e+00
3.225522552255224440e-01 -2.185725736356278315e+00
3.231573157315725808e-01 -2.185616744806739842e+00
3.237623762376236058e-01 -2.185508040848484157e+00
3.243674367436737427e-01 -2.185399627069371409e+00
3.249724972497247677e-01 -2.185291506057259525e+00
3.255775577557749045e-01 -2.185183680400009099e+00
3.261826182618259296e-01 -2.185076152685478501e+00
3.267876787678760664e-01 -2.184968925501527881e+00
3.273927392739270914e-01 -2.184862001436016055e+00
3.279977997799772282e-01 -2.184755383076802282e+00
3.286028602860282533e-01 -2.184649073011745823e+00
3.292079207920783901e-01 -2.184543073828705939e+00
3.298129812981294151e-01 -2.184437388115542333e+00
3.304180418041795519e-01 -2.184332018460113822e+00
3.310231023102305770e-01 -2.184226967450280554e+00
3.316281628162816020e-01 -2.184122237673900901e+00
3.322332233223317388e-01 -2.184017831718835012e+00
3.328382838283827638e-01 -2.183913752172940370e+00
3.334433443344329007e-01 -2.183810001624078900e+00
3.340484048404839257e-01 -2.183706582660108531e+00
3.346534653465340625e-01 -2.183603497868888077e+00
3.352585258525850875e-01 -2.183500749838278576e+00
3.358635863586352244e-01 -2.183398341156136624e+00
3.364686468646862494e-01 -2.183296274410323701e+00
3.370737073707363862e-01 -2.183194552188698623e+00
3.376787678767874112e-01 -2.183093177079120650e+00
3.382838283828375481e-01 -2.182992151669449044e+00
3.388888888888885731e-01 -2.182891478547543063e+00
3.394939493949387099e-01 -2.182791160301261968e+00
3.400990099009897349e-01 -2.182691199518464575e+00
3.407040704070398718e-01 -2.182591598787011478e+00
3.413091309130908968e-01 -2.182492360694761047e+00
3.419141914191410336e-01 -2.182393487829572543e+00
3.425192519251920586e-01 -2.182294982779306114e+00
3.431243124312430837e-01 -2.182196848131819689e+00
3.437293729372932205e-01 -2.182099086474973415e+00
3.443344334433442455e-01 -2.182001700396626998e+00
3.449394939493943824e-01 -2.181904692484638808e+00
3.455445544554454074e-01 -2.181808065326868995e+00
3.461496149614955442e-01 -2.181711821511176375e+00
3.467546754675465692e-01 -2.181615963625420207e+00
3.473597359735967061e-01 -2.181520494257460641e+00
3.479647964796477311e-01 -2.181425415995155159e+00
3.485698569856978679e-01 -2.181330731426364800e+00
3.491749174917488929e-01 -2.181236443138948822e+00
3.497799779977990298e-01 -2.181142553720765154e+00
3.503850385038500548e-01 -2.181049065759673944e+00
3.509900990099001916e-01 -2.180955981843534897e+00
3.515951595159512166e-01 -2.180863304560206384e+00
3.522002200220013535e-01 -2.180771036497548554e+00
3.528052805280523785e-01 -2.180679180243420223e+00
3.534103410341025153e-01 -2.180587738385681096e+00
3.540154015401535403e-01 -2.180496713512189988e+00
3.546204620462045654e-01 -2.180406108210806604e+00
3.552255225522547022e-01 -2.180315925069390648e+00
3.558305830583057272e-01 -2.180226166675799604e+00
3.564356435643558640e-01 -2.180136835617895397e+00
3.570407040704068891e-01 -2.180047934483534622e+00
3.576457645764570259e-01 -2.179959465860579648e+00
3.582508250825080509e-01 -2.179871432336886627e+00
3.588558855885581877e-01 -2.179783836500317040e+00
3.594609460946092128e-01 -2.179696680938729259e+00
3.600660066006593496e-01 -2.179609968239982987e+00
3.606710671067103746e-01 -2.179523700991936597e+00
3.612761276127605115e-01 -2.179437881782450681e+00
3.618811881188115365e-01 -2.179352513199384056e+00
3.624862486248616733e-01 -2.179267597830595982e+00
3.630913091309126983e-01 -2.179183138263945718e+00
3.636963696369628352e-01 -2.179099137087292526e+00
3.643014301430138602e-01 -2.179015596888495665e+00
3.649064906490639970e-01 -2.178932520255414840e+00
3.655115511551150220e-01 -2.178849909775908866e+00
3.661166116611660470e-01 -2.178767768037837449e+00
3.667216721672161839e-01 -2.178686097629060292e+00
3.673267326732672089e-01 -2.178604901137434879e+00
3.679317931793173457e-01 -2.178524181150822248e+00
3.685368536853683707e-01 -2.178443940257081213e+00
3.691419141914185076e-01 -2.178364181044071479e+00
3.697469746974695326e-01 -2.178284906099651419e+00
3.703520352035196694e-01 -2.178206118011681180e+00
3.709570957095706945e-01 -2.178127819368020024e+00
3.715621562156208313e-01 -2.178050012756526321e+00
3.721672167216718563e-01 -2.177972700765060665e+00
3.727722772277219931e-01 -2.177895885981481872e+00
3.733773377337730182e-01 -2.177819570993647869e+00
3.739823982398231550e-01 -2.177743758389420137e+00
3.745874587458741800e-01 -2.177668450756657048e+00
3.751925192519243168e-01 -2.177593650683217863e+00
3.757975797579753419e-01 -2.177519360756961841e+00
3.764026402640263669e-01 -2.177445583565748688e+00
3.770077007700765037e-01 -2.177372321697436774e+00
3.776127612761275287e-01 -2.177299577739886249e+00
3.782178217821776656e-01 -2.177227354280956817e+00
3.788228822882286906e-01 -2.177155653908506405e+00
3.794279427942788274e-01 -2.177084479210395163e+00
3.800330033003298524e-01 -2.177013832774482793e+00
3.806380638063799893e-01 -2.176943717188627669e+00
3.812431243124310143e-01 -2.176874135040690383e+00
3.818481848184811511e-01 -2.176805088918528419e+00
3.824532453245321761e-01 -2.176736581410002813e+00
3.830583058305823130e-01 -2.176668615102971494e+00
3.836633663366333380e-01 -2.176601192585294609e+00
3.842684268426834748e-01 -2.176534316444831418e+00
3.848734873487344998e-01 -2.176467989269440739e+00
3.854785478547846367e-01 -2.176402213646982720e+00
3.860836083608356617e-01 -2.176336992165316175e+00
3.866886688668857985e-01 -2.176272327412299479e+00
3.872937293729368236e-01 -2.176208221975793666e+00
3.878987898789878486e-01 -2.176144678443656666e+00
3.885038503850379854e-01 -2.176081699403749070e+00
3.891089108910890104e-01 -2.176019287443929251e+00
3.897139713971391473e-01 -2.175957445152056025e+00
3.903190319031901723e-01 -2.175896175115989983e+00
3.909240924092403091e-01 -2.175835479923589499e+00
3.915291529152913341e-01 -2.175775362162714721e+00
3.921342134213414710e-01 -2.175715824421224021e+00
3.927392739273924960e-01 -2.175656869286977102e+00
3.933443344334426328e-01 -2.175598499347833670e+00
3.939493949394936578e-01 -2.175540717191652540e+00
3.945544554455437947e-01 -2.175483525406292529e+00
3.951595159515948197e-01 -2.175426926579613784e+00
3.957645764576449565e-01 -2.175370923299476456e+00
3.963696369636959815e-01 -2.175315518153737138e+00
3.969746974697461184e-01 -2.175260713730257756e+00
3.975797579757971434e-01 -2.175206512616896237e+00
3.981848184818472802e-01 -2.175152917401512731e+00
3.987898789878983052e-01 -2.175099930671965165e+00
3.993949394939493303e-01 -2.175047555016114575e+00
3.999999999999994671e-01 -2.174995793021819335e+00
4.006050605060504921e-01 -2.174944647276938703e+00
4.012101210121006289e-01 -2.174894120369332384e+00
4.018151815181516540e-01 -2.174844214886859195e+00
4.024202420242017908e-01 -2.174794933417378839e+00
4.030253025302528158e-01 -2.174746278548750578e+00
4.036303630363029527e-01 -2.174698252868833670e+00
4.042354235423539777e-01 -2.174650858965486933e+00
4.048404840484041145e-01 -2.174604099426570070e+00
4.054455445544551395e-01 -2.174557976839943230e+00
4.060506050605052764e-01 -2.174512493793463896e+00
4.066556655665563014e-01 -2.174467652874993107e+00
4.072607260726064382e-01 -2.174423456672389676e+00
4.078657865786574632e-01 -2.174379907773511977e+00
4.084708470847076001e-01 -2.174337008766220158e+00
4.090759075907586251e-01 -2.174294762238373480e+00
4.096809680968096501e-01 -2.174253170777831201e+00
4.102860286028597869e-01 -2.174212236972452583e+00
4.108910891089108119e-01 -2.174171963410096886e+00
4.114961496149609488e-01 -2.174132352678623814e+00
4.121012101210119738e-01 -2.174093407365891739e+00
4.127062706270621106e-01 -2.174055130059760810e+00
4.133113311331131356e-01 -2.174017523348089842e+00
4.139163916391632725e-01 -2.173980589818738984e+00
4.145214521452142975e-01 -2.173944332059565721e+00
4.151265126512644343e-01 -2.173908752658431975e+00
4.157315731573154594e-01 -2.173873854203194345e+00
4.163366336633655962e-01 -2.173839639281714753e+00
4.169416941694166212e-01 -2.173806110481850240e+00
4.175467546754667580e-01 -2.173773270391461399e+00
4.181518151815177831e-01 -2.173741121598407489e+00
4.187568756875679199e-01 -2.173709666690547326e+00
4.193619361936189449e-01 -2.173678908255739284e+00
4.199669966996690817e-01 -2.173648848881844842e+00
4.205720572057201068e-01 -2.173619491156722372e+00
4.211771177117711318e-01 -2.173590837668230691e+00
4.217821782178212686e-01 -2.173562891004229503e+00
4.223872387238722936e-01 -2.173535653752577623e+00
4.229922992299224305e-01 -2.173509128501136090e+00
4.235973597359734555e-01 -2.173483317837761941e+00
4.242024202420235923e-01 -2.173458224350315771e+00
4.248074807480746173e-01 -2.173433850626656394e+00
4.254125412541247542e-01 -2.173410199254643960e+00
4.260176017601757792e-01 -2.173387272822135952e+00
4.266226622662259160e-01 -2.173365073916993850e+00
4.272277227722769410e-01 -2.173343605127075584e+00
4.278327832783270779e-01 -2.173322869040240857e+00
4.284378437843781029e-01 -2.173302868244348485e+00
4.290429042904282397e-01 -2.173283605327259504e+00
4.296479647964792647e-01 -2.173265082876830068e+00
4.302530253025294016e-01 -2.173247303480922543e+00
4.308580858085804266e-01 -2.173230269727395303e+00
4.314631463146305634e-01 -2.173213984204106719e+00
4.320682068206815885e-01 -2.173198449498917384e+00
4.326732673267326135e-01 -2.173183668199685670e+00
4.332783278327827503e-01 -2.173169642894271281e+00
4.338833883388337753e-01 -2.173156376170533477e+00
4.344884488448839122e-01 -2.173143870616331519e+00
4.350935093509349372e-01 -2.173132128819525111e+00
4.356985698569850740e-01 -2.173121153367972180e+00
4.363036303630360990e-01 -2.173110946849533764e+00
4.369086908690862359e-01 -2.173101511852068679e+00
4.375137513751372609e-01 -2.173092850963435296e+00
4.381188118811873977e-01 -2.173084966771494209e+00
4.387238723872384227e-01 -2.173077861864103788e+00
4.393289328932885596e-01 -2.173071538829123739e+00
4.399339933993395846e-01 -2.173066000254412877e+00
4.405390539053897214e-01 -2.173061248727831796e+00
4.411441144114407464e-01 -2.173057286837238422e+00
4.417491749174908833e-01 -2.173054117170492905e+00
4.423542354235419083e-01 -2.173051742315454060e+00
4.429592959295920451e-01 -2.173050164859981148e+00
4.435643564356430701e-01 -2.173049387391933873e+00
4.441694169416940952e-01 -2.173049412499171495e+00
4.447744774477442320e-01 -2.173050242769552831e+00
4.453795379537952570e-01 -2.173051880790937584e+00
4.459845984598453938e-01 -2.173054329151185460e+00
4.465896589658964189e-01 -2.173057590438154385e+00
4.471947194719465557e-01 -2.173061667239705397e+00
4.477997799779975807e-01 -2.173066562143697311e+00
4.484048404840477176e-01 -2.173072277737988056e+00
4.490099009900987426e-01 -2.173078816610438668e+00
4.496149614961488794e-01 -2.173086181348907964e+00
4.502200220021999044e-01 -2.173094374541254759e+00
4.508250825082500413e-01 -2.173103398775339201e+00
4.514301430143010663e-01 -2.173113256639018775e+00
4.520352035203512031e-01 -2.173123950720154518e+00
4.526402640264022281e-01 -2.173135483606605689e+00
4.532453245324523650e-01 -2.173147857886231105e+00
4.538503850385033900e-01 -2.173161076146890469e+00
4.544554455445544150e-01 -2.173175140976443043e+00
4.550605060506045518e-01 -2.173190054962746309e+00
4.556655665566555768e-01 -2.173205820693662194e+00
4.562706270627057137e-01 -2.173222440757048624e+00
4.568756875687567387e-01 -2.173239917740765748e+00
4.574807480748068755e-01 -2.173258254232671938e+00
4.580858085808579006e-01 -2.173277452820626898e+00
4.586908690869080374e-01 -2.173297516092489889e+00
4.592959295929590624e-01 -2.173318446636120171e+00
4.599009900990091992e-01 -2.173340247039377893e+00
4.605060506050602243e-01 -2.173362919890121425e+00
4.611111111111103611e-01 -2.173386467776209585e+00
4.617161716171613861e-01 -2.173410893285502521e+00
4.623212321232115229e-01 -2.173436199005859493e+00
4.629262926292625480e-01 -2.173462387525139761e+00
4.635313531353126848e-01 -2.173489461431202141e+00
4.641364136413637098e-01 -2.173517423311907226e+00
4.647414741474138467e-01 -2.173546275755112500e+00
4.653465346534648717e-01 -2.173576021348678999e+00
4.659515951595158967e-01 -2.173606662680464652e+00
4.665566556655660335e-01 -2.173638202338329606e+00
4.671617161716170585e-01 -2.173670642910133122e+00
4.677667766776671954e-01 -2.173703986983734016e+00
4.683718371837182204e-01 -2.173738237146991992e+00
4.689768976897683572e-01 -2.173773395987766310e+00
4.695819581958193822e-01 -2.173809466093915788e+00
4.701870187018695191e-01 -2.173846450053300128e+00
4.707920792079205441e-01 -2.173884350453779479e+00
4.713971397139706809e-01 -2.173923169883211770e+00
4.720022002200217059e-01 -2.173962910929456704e+00
4.726072607260718428e-01 -2.174003576180373987e+00
4.732123212321228678e-01 -2.174045168223822433e+00
4.738173817381730046e-01 -2.174087689647661747e+00
4.744224422442240297e-01 -2.174131143039751191e+00
4.750275027502741665e-01 -2.174175530987950022e+00
4.756325632563251915e-01 -2.174220856080117503e+00
4.762376237623753283e-01 -2.174267120904112449e+00
4.768426842684263534e-01 -2.174314328047794564e+00
4.774477447744773784e-01 -2.174362480099023553e+00
4.780528052805275152e-01 -2.174411579645658676e+00
4.786578657865785402e-01 -2.174461629275558749e+00
4.792629262926286771e-01 -2.174512631576583033e+00
4.798679867986797021e-01 -2.174564589136591231e+00
4.804730473047298389e-01 -2.174617504543442603e+00
4.810781078107808639e-01 -2.174671380384996411e+00
4.816831683168310008e-01 -2.174726219249111470e+00
4.822882288228820258e-01 -2.174782023723647928e+00
4.828932893289321626e-01 -2.174838796396464602e+00
4.834983498349831876e-01 -2.174896539855420752e+00
4.841034103410333245e-01 -2.174955256688375638e+00
4.847084708470843495e-01 -2.175014949483189408e+00
4.853135313531344863e-01 -2.175075620827719991e+00
4.859185918591855113e-01 -2.175137273309827979e+00
4.865236523652356482e-01 -2.175199909517371299e+00
4.871287128712866732e-01 -2.175263532038210990e+00
4.877337733773368100e-01 -2.175328143460204533e+00
4.883388338833878350e-01 -2.175393746371212522e+00
4.889438943894388601e-01 -2.175460343359093773e+00
4.895489548954889969e-01 -2.175527937011707991e+00
4.901540154015400219e-01 -2.175596529916913990e+00
4.907590759075901587e-01 -2.175666124662571033e+00
4.913641364136411838e-01 -2.175736723836538822e+00
4.919691969196913206e-01 -2.175808330026676174e+00
4.925742574257423456e-01 -2.175880945820843237e+00
4.931793179317924825e-01 -2.175954573806898829e+00
4.937843784378435075e-01 -2.176029216572701319e+00
4.943894389438936443e-01 -2.176104876706111746e+00
4.949944994499446693e-01 -2.176181556794988481e+00
4.955995599559948062e-01 -2.176259259427190784e+00
4.962046204620458312e-01 -2.176337987190577916e+00
4.968096809680959680e-01 -2.176417742673009137e+00
4.974147414741469930e-01 -2.176498528462344151e+00
4.980198019801971299e-01 -2.176580347146442662e+00
4.986248624862481549e-01 -2.176663201313163043e+00
4.992299229922991799e-01 -2.176747093550364553e+00
4.998349834983493167e-01 -2.176832026445907786e+00
5.004400440044003417e-01 -2.176918002731564439e+00
5.010451045104504786e-01 -2.177005026491395157e+00
5.016501650165015036e-01 -2.177093102550393677e+00
5.022552255225516404e-01 -2.177182235741141003e+00
5.028602860286026655e-01 -2.177272430896218580e+00
5.034653465346528023e-01 -2.177363692848209187e+00
5.040704070407038273e-01 -2.177456026429694713e+00
5.046754675467539641e-01 -2.177549436473257494e+00
5.052805280528049892e-01 -2.177643927811478086e+00
5.058855885588551260e-01 -2.177739505276940601e+00
5.064906490649061510e-01 -2.177836173702224709e+00
5.070957095709562878e-01 -2.177933937919914076e+00
5.077007700770073129e-01 -2.178032802762589704e+00
5.083058305830574497e-01 -2.178132773062833039e+00
5.089108910891084747e-01 -2.178233853653228635e+00
5.095159515951586116e-01 -2.178336049366355720e+00
5.101210121012096366e-01 -2.178439365034797071e+00
5.107260726072606616e-01 -2.178543805491134577e+00
5.113311331133107984e-01 -2.178649375567951019e+00
5.119361936193618234e-01 -2.178756080097827397e+00
5.125412541254119603e-01 -2.178863923913346046e+00
5.131463146314629853e-01 -2.178972911847088856e+00
5.137513751375131221e-01 -2.179083048731637273e+00
5.143564356435641471e-01 -2.179194339399574964e+00
5.149614961496142840e-01 -2.179306788683482043e+00
5.155665566556653090e-01 -2.179420401415941289e+00
5.161716171617154458e-01 -2.179535182429534590e+00
5.167766776677664708e-01 -2.179651136556843838e+00
5.173817381738166077e-01 -2.179768268630450923e+00
5.179867986798676327e-01 -2.179886583482937290e+00
5.185918591859177695e-01 -2.180006085946886607e+00
5.191969196919687946e-01 -2.180126780854878987e+00
5.198019801980189314e-01 -2.180248673039496765e+00
5.204070407040699564e-01 -2.180371767333322719e+00
5.210121012101200932e-01 -2.180496068568938295e+00
5.216171617161711183e-01 -2.180621581578925827e+00
5.222222222222221433e-01 -2.180748311195866762e+00
5.228272827282722801e-01 -2.180876262252343434e+00
5.234323432343233051e-01 -2.181005439580936844e+00
5.240374037403734420e-01 -2.181135848014230216e+00
5.246424642464244670e-01 -2.181267492384804996e+00
5.252475247524746038e-01 -2.181400377525243073e+00
5.258525852585256288e-01 -2.181534508268126338e+00
5.264576457645757657e-01 -2.181669889446037125e+00
5.270627062706267907e-01 -2.181806525891557325e+00
5.276677667766769275e-01 -2.181944422437268827e+00
5.282728272827279525e-01 -2.182083583915753078e+00
5.288778877887780894e-01 -2.182224015159592412e+00
5.294829482948291144e-01 -2.182365721001369163e+00
5.300880088008792512e-01 -2.182508706273664334e+00
5.306930693069302762e-01 -2.182652975809061147e+00
5.312981298129804131e-01 -2.182798534440140603e+00
5.319031903190314381e-01 -2.182945386999485482e+00
5.325082508250824631e-01 -2.183093538319676785e+00
5.331133113311325999e-01 -2.183242993233297291e+00
5.337183718371836250e-01 -2.183393756572927558e+00
5.343234323432337618e-01 -2.183545833171151695e+00
5.349284928492847868e-01 -2.183699227860550263e+00
5.355335533553349237e-01 -2.183853945473705149e+00
5.361386138613859487e-01 -2.184009990843199578e+00
5.367436743674360855e-01 -2.184167368801613662e+00
5.373487348734871105e-01 -2.184326084181530625e+00
5.379537953795372474e-01 -2.184486141815532356e+00
5.385588558855882724e-01 -2.184647546536199858e+00
5.391639163916384092e-01 -2.184810303176115909e+00
5.397689768976894342e-01 -2.184974416567863287e+00
5.403740374037395711e-01 -2.185139891544022106e+00
5.409790979097905961e-01 -2.185306732937175589e+00
5.415841584158407329e-01 -2.185474945579904738e+00
5.421892189218917579e-01 -2.185644534304793218e+00
5.427942794279418948e-01 -2.185815503944421145e+00
5.433993399339929198e-01 -2.185987859331371297e+00
5.440044004400439448e-01 -2.186161605298226007e+00
5.446094609460940816e-01 -2.186336746677566278e+00
5.452145214521451067e-01 -2.186513288301974445e+00
5.458195819581952435e-01 -2.186691235004032841e+00
5.464246424642462685e-01 -2.186870591616323356e+00
5.470297029702964053e-01 -2.187051362971427437e+00
5.476347634763474304e-01 -2.187233553901927419e+00
5.482398239823975672e-01 -2.187417169240405634e+00
5.488448844884485922e-01 -2.187602213819443087e+00
5.494499449944987290e-01 -2.187788692471622110e+00
5.500550055005497541e-01 -2.187976610029525482e+00
5.506600660065998909e-01 -2.188165971325734205e+00
5.512651265126509159e-01 -2.188356781192830613e+00
5.518701870187010528e-01 -2.188549044463396154e+00
5.524752475247520778e-01 -2.188742765970013604e+00
5.530803080308022146e-01 -2.188937950545264410e+00
5.536853685368532396e-01 -2.189134603021730463e+00
5.542904290429033765e-01 -2.189332728231994540e+00
5.548954895489544015e-01 -2.189532331008637644e+00
5.555005500550054265e-01 -2.189733416184242110e+00
5.561056105610555633e-01 -2.189935988591389826e+00
5.567106710671065883e-01 -2.190140053062662684e+00
5.573157315731567252e-01 -2.190345614430642573e+00
5.579207920792077502e-01 -2.190552677527912273e+00
5.585258525852578870e-01 -2.190761247187052785e+00
5.591309130913089120e-01 -2.190971328240645999e+00
5.597359735973590489e-01 -2.191182925521274250e+00
5.603410341034100739e-01 -2.191396043861519871e+00
5.609460946094602107e-01 -2.191610688093964754e+00
5.615511551155112357e-01 -2.191826863051190788e+00
5.621562156215613726e-01 -2.192044573565778087e+00
5.627612761276123976e-01 -2.192263824470311206e+00
5.633663366336625344e-01 -2.192484620597371148e+00
5.639713971397135595e-01 -2.192706966779539801e+00
5.645764576457636963e-01 -2.192930867849398613e+00
5.651815181518147213e-01 -2.193156328639530805e+00
5.657865786578648581e-01 -2.193383353982516937e+00
5.663916391639158832e-01 -2.193611948710940229e+00
5.669966996699669082e-01 -2.193842117657382573e+00
5.676017601760170450e-01 -2.194073865654424971e+00
5.682068206820680700e-01 -2.194307197534649312e+00
5.688118811881182069e-01 -2.194542118130638819e+00
5.694169416941692319e-01 -2.194778632274974051e+00
5.700220022002193687e-01 -2.195016744800237785e+00
5.706270627062703937e-01 -2.195256460539011911e+00
5.712321232123205306e-01 -2.195497784323877877e+00
5.718371837183715556e-01 -2.195740720987418459e+00
5.724422442244216924e-01 -2.195985275362215550e+00
5.730473047304727174e-01 -2.196231452280850149e+00
5.736523652365228543e-01 -2.196479256575905481e+00
5.742574257425738793e-01 -2.196728693079962547e+00
5.748624862486240161e-01 -2.196979766625603236e+00
5.754675467546750411e-01 -2.197232482045410773e+00
5.760726072607251780e-01 -2.197486844171964826e+00
5.766776677667762030e-01 -2.197742857837849950e+00
5.772827282728272280e-01 -2.198000527875646704e+00
5.778877887788773648e-01 -2.198259859117936088e+00
5.784928492849283899e-01 -2.198520856397303103e+00
5.790979097909785267e-01 -2.198783524546326973e+00
5.797029702970295517e-01 -2.199047868397590921e+00
5.803080308030796886e-01 -2.199313892783675950e+00
5.809130913091307136e-01 -2.199581602537164837e+00
5.815181518151808504e-01 -2.199851002490639029e+00
5.821232123212318754e-01 -2.200122097476680860e+00
5.827282728272820123e-01 -2.200394892327871776e+00
5.833333333333330373e-01 -2.200669391876795000e+00
5.839383938393831741e-01 -2.200945600956031090e+00
5.845434543454341991e-01 -2.201223524398162379e+00
5.851485148514843360e-01 -2.201503167035771202e+00
5.857535753575353610e-01 -2.201784533701439450e+00
5.863586358635854978e-01 -2.202067629227749013e+00
5.869636963696365228e-01 -2.202352458447281780e+00
5.875687568756866597e-01 -2.202639026192618754e+00
5.881738173817376847e-01 -2.202927337296343602e+00
5.887788778877887097e-01 -2.203217396591037769e+00
5.893839383938388465e-01 -2.203509208909282258e+00
5.899889988998898716e-01 -2.203802779083660734e+00
5.905940594059400084e-01 -2.204098111946753313e+00
5.911991199119910334e-01 -2.204395212331142773e+00
5.918041804180411702e-01 -2.204694085069411447e+00
5.924092409240921953e-01 -2.204994734994140781e+00
5.930143014301423321e-01 -2.205297166937912667e+00
5.936193619361933571e-01 -2.205601385733309439e+00
5.942244224422434939e-01 -2.205907396212912985e+00
5.948294829482945190e-01 -2.206215203209305642e+00
5.954345434543446558e-01 -2.206524811555068410e+00
5.960396039603956808e-01 -2.206836226082783625e+00
5.966446644664458177e-01 -2.207149451625033620e+00
5.972497249724968427e-01 -2.207464493014399842e+00
5.978547854785469795e-01 -2.207781355083464625e+00
5.984598459845980045e-01 -2.208100042664810303e+00
5.990649064906481414e-01 -2.208420560591017434e+00
5.996699669966991664e-01 -2.208742913694669685e+00
6.002750275027501914e-01 -2.209067106808348502e+00
6.008800880088003282e-01 -2.209393144764634442e+00
6.014851485148513532e-01 -2.209721032396111173e+00
6.020902090209014901e-01 -2.210050774535359697e+00
6.026952695269525151e-01 -2.210382376014963235e+00
6.033003300330026519e-01 -2.210715841667502346e+00
6.039053905390536769e-01 -2.211051176325558920e+00
6.045104510451038138e-01 -2.211388384821715736e+00
6.051155115511548388e-01 -2.211727471988555127e+00
6.057205720572049756e-01 -2.212068442658658096e+00
6.063256325632560007e-01 -2.212411301664606977e+00
6.069306930693061375e-01 -2.212756053838982773e+00
6.075357535753571625e-01 -2.213102704014369593e+00
6.081408140814072993e-01 -2.213451257023347551e+00
6.087458745874583244e-01 -2.213801717698499871e+00
6.093509350935084612e-01 -2.214154090872407110e+00
6.099559955995594862e-01 -2.214508381377652491e+00
6.105610561056096230e-01 -2.214864594046817015e+00
6.111661166116606481e-01 -2.215222733712483461e+00
6.117711771177116731e-01 -2.215582805207233719e+00
6.123762376237618099e-01 -2.215944813363648347e+00
6.129812981298128349e-01 -2.216308763014311900e+00
6.135863586358629718e-01 -2.216674658991803160e+00
6.141914191419139968e-01 -2.217042506128707124e+00
6.147964796479641336e-01 -2.217412309257603464e+00
6.154015401540151586e-01 -2.217784073211075846e+00
6.160066006600652955e-01 -2.218157802821704383e+00
6.166116611661163205e-01 -2.218533502922073186e+00
6.172167216721664573e-01 -2.218911178344762813e+00
6.178217821782174823e-01 -2.219290833922355155e+00
6.184268426842676192e-01 -2.219672474487432545e+00
6.190319031903186442e-01 -2.220056104872576430e+00
6.196369636963687810e-01 -2.220441729910370476e+00
6.202420242024198060e-01 -2.220829354433395686e+00
6.208470847084699429e-01 -2.221218983274232617e+00
6.214521452145209679e-01 -2.221610621265464935e+00
6.220572057205719929e-01 -2.222004273239674532e+00
6.226622662266221298e-01 -2.222399944029441965e+00
6.232673267326731548e-01 -2.222797638467351344e+00
6.238723872387232916e-01 -2.223197361385982340e+00
6.244774477447743166e-01 -2.223599117617918175e+00
6.250825082508244535e-01 -2.224002911995740739e+00
6.256875687568754785e-01 -2.224408749352031922e+00
6.262926292629256153e-01 -2.224816634519372727e+00
6.268976897689766403e-01 -2.225226572330347263e+00
6.275027502750267772e-01 -2.225638567617535646e+00
6.281078107810778022e-01 -2.226052625213520209e+00
6.287128712871279390e-01 -2.226468749950883286e+00
6.293179317931789640e-01 -2.226886946662207212e+00
6.299229922992291009e-01 -2.227307220180072989e+00
6.305280528052801259e-01 -2.227729575337063395e+00
6.311331133113302627e-01 -2.228154016965758544e+00
6.317381738173812877e-01 -2.228580549898743879e+00
6.323432343234314246e-01 -2.229009178968597737e+00
6.329482948294824496e-01 -2.229439909007904674e+00
6.335533553355334746e-01 -2.229872744849245692e+00
6.341584158415836114e-01 -2.230307691325201791e+00
6.347634763476346365e-01 -2.230744753268356639e+00
6.353685368536847733e-01 -2.231183935511290795e+00
6.359735973597357983e-01 -2.231625242886587479e+00
6.365786578657859351e-01 -2.232068680226827251e+00
6.371837183718369602e-01 -2.232514252364593332e+00
6.377887788778870970e-01 -2.232961964132466282e+00
6.383938393839381220e-01 -2.233411820363029765e+00
6.389988998899882588e-01 -2.233863825888864785e+00
6.396039603960392839e-01 -2.234317985542553675e+00
6.402090209020894207e-01 -2.234774304156676994e+00
6.408140814081404457e-01 -2.235232786563819296e+00
6.414191419141905826e-01 -2.235693437596560251e+00
6.420242024202416076e-01 -2.236156262087483526e+00
6.426292629262917444e-01 -2.236621264869168790e+00
6.432343234323427694e-01 -2.237088450774200599e+00
6.438393839383929063e-01 -2.237557824635158177e+00
6.444444444444439313e-01 -2.238029391284626968e+00
6.450495049504949563e-01 -2.238503155555186197e+00
6.456545654565450931e-01 -2.238979122279419087e+00
6.462596259625961181e-01 -2.239457296289906640e+00
6.468646864686462550e-01 -2.239937682419231191e+00
6.474697469746972800e-01 -2.240420285499975073e+00
6.480748074807474168e-01 -2.240905110364720176e+00
6.486798679867984418e-01 -2.241392161846048392e+00
6.492849284928485787e-01 -2.241881444776540722e+00
6.498899889988996037e-01 -2.242372963988780388e+00
6.504950495049497405e-01 -2.242866724315348836e+00
6.511001100110007656e-01 -2.243362730588828846e+00
6.517051705170509024e-01 -2.243860987641800531e+00
6.523102310231019274e-01 -2.244361500306848001e+00
6.529152915291520642e-01 -2.244864273416551370e+00
6.535203520352030893e-01 -2.245369311803494305e+00
6.541254125412532261e-01 -2.245876620300256477e+00
6.547304730473042511e-01 -2.246386203739422882e+00
6.553355335533552761e-01 -2.246898066953573192e+00
6.559405940594054130e-01 -2.247412214775289296e+00
6.565456545654564380e-01 -2.247928652037154862e+00
6.571507150715065748e-01 -2.248447383571749114e+00
6.577557755775575998e-01 -2.248968414211657496e+00
6.583608360836077367e-01 -2.249491748789459677e+00
6.589658965896587617e-01 -2.250017392137738881e+00
6.595709570957088985e-01 -2.250545349089075664e+00
6.601760176017599235e-01 -2.251075624476052806e+00
6.607810781078100604e-01 -2.251608223131251751e+00
6.613861386138610854e-01 -2.252143149887255724e+00
6.619911991199112222e-01 -2.252680409576644394e+00
6.625962596259622472e-01 -2.253220007032002759e+00
6.632013201320123841e-01 -2.253761947085909600e+00
6.638063806380634091e-01 -2.254306234570949474e+00
6.644114411441135459e-01 -2.254852874319702494e+00
6.650165016501645709e-01 -2.255401871164752325e+00
6.656215621562147078e-01 -2.255953229938679083e+00
6.662266226622657328e-01 -2.256506955474065990e+00
6.668316831683167578e-01 -2.257063052603495823e+00
6.674367436743668947e-01 -2.257621526159548253e+00
6.680418041804179197e-01 -2.258182380974805614e+00
6.686468646864680565e-01 -2.258745621881851573e+00
6.692519251925190815e-01 -2.259311253713267131e+00
6.698569856985692184e-01 -2.259879281301634180e+00
6.704620462046202434e-01 -2.260449709479535052e+00
6.710671067106703802e-01 -2.261022543079550307e+00
6.716721672167214052e-01 -2.261597786934264498e+00
6.722772277227715421e-01 -2.262175445876256408e+00
6.728822882288225671e-01 -2.262755524738111035e+00
6.734873487348727039e-01 -2.263338028352408049e+00
6.740924092409237289e-01 -2.263922961551731117e+00
6.746974697469738658e-01 -2.264510329168660352e+00
6.753025302530248908e-01 -2.265100136035780753e+00
6.759075907590750276e-01 -2.265692386985670659e+00
6.765126512651260526e-01 -2.266287086850914179e+00
6.771177117711761895e-01 -2.266884240464092315e+00
6.777227722772272145e-01 -2.267483852657787846e+00
6.783278327832782395e-01 -2.268085928264583107e+00
6.789328932893283763e-01 -2.268690472117058210e+00
6.795379537953794014e-01 -2.269297489047796823e+00
6.801430143014295382e-01 -2.269906983889379948e+00
6.807480748074805632e-01 -2.270518961474390363e+00
6.813531353135307000e-01 -2.271133426635408625e+00
6.819581958195817251e-01 -2.271750384205018403e+00
6.825632563256318619e-01 -2.272369839015800252e+00
6.831683168316828869e-01 -2.272991795900337841e+00
6.837733773377330238e-01 -2.273616259691211283e+00
6.843784378437840488e-01 -2.274243235221003356e+00
6.849834983498341856e-01 -2.274872727322295951e+00
6.855885588558852106e-01 -2.275504740827671402e+00
6.861936193619353475e-01 -2.276139280569711154e+00
6.867986798679863725e-01 -2.276776351380997099e+00
6.874037403740365093e-01 -2.277415958094111126e+00
6.880088008800875343e-01 -2.278058105541636458e+00
6.886138613861376712e-01 -2.278702798556152764e+00
6.892189218921886962e-01 -2.279350041970245044e+00
6.898239823982397212e-01 -2.279999840616492968e+00
6.904290429042898580e-01 -2.280652199327478424e+00
6.910341034103408830e-01 -2.281307122935784637e+00
6.916391639163910199e-01 -2.281964616273991719e+00
6.922442244224420449e-01 -2.282624684174684226e+00
6.928492849284921817e-01 -2.283287331470441828e+00
6.934543454345432067e-01 -2.283952562993848190e+00
6.940594059405933436e-01 -2.284620383577483871e+00
6.946644664466443686e-01 -2.285290798053931649e+00
6.952695269526945054e-01 -2.285963811255772526e+00
6.958745874587455305e-01 -2.286639428015591058e+00
6.964796479647956673e-01 -2.287317653165964249e+00
6.970847084708466923e-01 -2.287998491539480206e+00
6.976897689768968291e-01 -2.288681947968716379e+00
6.982948294829478542e-01 -2.289368027286256879e+00
6.988998899889979910e-01 -2.290056734324681376e+00
6.995049504950490160e-01 -2.290748073916575311e+00
7.001100110011000410e-01 -2.291442050889930027e+00
7.007150715071501779e-01 -2.292138668830742798e+00
7.013201320132012029e-01 -2.292837928408481663e+00
7.019251925192513397e-01 -2.293539829874407854e+00
7.025302530253023647e-01 -2.294244373479785271e+00
7.031353135313525016e-01 -2.294951559475872482e+00
7.037403740374035266e-01 -2.295661388113934276e+00
7.043454345434536634e-01 -2.296373859645230109e+00
7.049504950495046884e-01 -2.297088974321024324e+00
7.055555555555548253e-01 -2.297806732392576823e+00
7.061606160616058503e-01 -2.298527134111151060e+00
7.067656765676559871e-01 -2.299250179728006493e+00
7.073707370737070121e-01 -2.299975869494407910e+00
7.079757975797571490e-01 -2.300704203661613878e+00
7.085808580858081740e-01 -2.301435182480889186e+00
7.091859185918583108e-01 -2.302168806203492846e+00
7.097909790979093358e-01 -2.302905075080690533e+00
7.103960396039594727e-01 -2.303643989363739930e+00
7.110011001100104977e-01 -2.304385549303906267e+00
7.116061606160615227e-01 -2.305129755152449889e+00
7.122112211221116596e-01 -2.305876607160632030e+00
7.128162816281626846e-01 -2.306626105579715702e+00
7.134213421342128214e-01 -2.307378250660961694e+00
7.140264026402638464e-01 -2.308133042655633016e+00
7.146314631463139833e-01 -2.308890481814990014e+00
7.152365236523650083e-01 -2.309650568390296588e+00
7.158415841584151451e-01 -2.310413302632811750e+00
7.164466446644661701e-01 -2.311178684793801175e+00
7.170517051705163070e-01 -2.311946715124522544e+00
7.176567656765673320e-01 -2.312717393876240646e+00
7.182618261826174688e-01 -2.313490721300215380e+00
7.188668866886684938e-01 -2.314266697647711535e+00
7.194719471947186307e-01 -2.315045323169986791e+00
7.200770077007696557e-01 -2.315826598118306823e+00
7.206820682068197925e-01 -2.316610522743929756e+00
7.212871287128708175e-01 -2.317397097298122599e+00
7.218921892189209544e-01 -2.318186322032141700e+00
7.224972497249719794e-01 -2.318978197197252733e+00
7.231023102310230044e-01 -2.319772723044716045e+00
7.237073707370731412e-01 -2.320569899825792426e+00
7.243124312431241663e-01 -2.321369727791745330e+00
7.249174917491743031e-01 -2.322172207193835991e+00
7.255225522552253281e-01 -2.322977338283326976e+00
7.261276127612754649e-01 -2.323785121311478630e+00
7.267326732673264900e-01 -2.324595556529554852e+00
7.273377337733766268e-01 -2.325408644188815099e+00
7.279427942794276518e-01 -2.326224384540523271e+00
7.285478547854777887e-01 -2.327042777835939269e+00
7.291529152915288137e-01 -2.327863824326327435e+00
7.297579757975789505e-01 -2.328687524262947672e+00
7.303630363036299755e-01 -2.329513877897062102e+00
7.309680968096801124e-01 -2.330342885479932402e+00
7.315731573157311374e-01 -2.331174547262822028e+00
7.321782178217812742e-01 -2.332008863496990880e+00
7.327832783278322992e-01 -2.332845834433702414e+00
7.333883388338833242e-01 -2.333685460324217864e+00
7.339933993399334611e-01 -2.334527741419796687e+00
7.345984598459844861e-01 -2.335372677971705002e+00
7.352035203520346229e-01 -2.336220270231200935e+00
7.358085808580856479e-01 -2.337070518449548828e+00
7.364136413641357848e-01 -2.337923422878009472e+00
7.370187018701868098e-01 -2.338778983767845432e+00
7.376237623762369466e-01 -2.339637201370316610e+00
7.382288228822879717e-01 -2.340498075936686906e+00
7.388338833883381085e-01 -2.341361607718217108e+00
7.394389438943891335e-01 -2.342227796966170228e+00
7.400440044004392703e-01 -2.343096643931807055e+00
7.406490649064902954e-01 -2.343968148866389267e+00
7.412541254125404322e-01 -2.344842312021178987e+00
7.418591859185914572e-01 -2.345719133647438781e+00
7.424642464246415940e-01 -2.346598613996428551e+00
7.430693069306926191e-01 -2.347480753319413083e+00
7.436743674367427559e-01 -2.348365551867652279e+00
7.442794279427937809e-01 -2.349253009892408262e+00
7.448844884488448059e-01 -2.350143127644943597e+00
7.454895489548949428e-01 -2.351035905376517299e+00
7.460946094609459678e-01 -2.351931343338395486e+00
7.466996699669961046e-01 -2.352829441781836284e+00
7.473047304730471296e-01 -2.353730200958104479e+00
7.479097909790972665e-01 -2.354633621118459086e+00
7.485148514851482915e-01 -2.355539702514164890e+00
7.491199119911984283e-01 -2.356448445396481350e+00
7.497249724972494533e-01 -2.357359850016672809e+00
7.503300330032995902e-01 -2.358273916625997391e+00
7.509350935093506152e-01 -2.359190645475720327e+00
7.515401540154007520e-01 -2.360110036817101520e+00
7.521452145214517770e-01 -2.361032090901404867e+00
7.527502750275019139e-01 -2.361956807979888495e+00
7.533553355335529389e-01 -2.362884188303818522e+00
7.539603960396030757e-01 -2.363814232124453518e+00
7.545654565456541008e-01 -2.364746939693058270e+00
7.551705170517042376e-01 -2.365682311260891346e+00
7.557755775577552626e-01 -2.366620347079218423e+00
7.563806380638062876e-01 -2.367561047399298069e+00
7.569856985698564245e-01 -2.368504412472392850e+00
7.575907590759074495e-01 -2.369450442549764890e+00
7.581958195819575863e-01 -2.370399137882676310e+00
7.588008800880086113e-01 -2.371350498722389677e+00
7.594059405940587482e-01 -2.372304525320164892e+00
7.600110011001097732e-01 -2.373261217927265410e+00
7.606160616061599100e-01 -2.374220576794952020e+00
7.612211221122109350e-01 -2.375182602174488178e+00
7.618261826182610719e-01 -2.376147294317132896e+00
7.624312431243120969e-01 -2.377114653474151407e+00
7.630363036303622337e-01 -2.378084679896801834e+00
7.636413641364132587e-01 -2.379057373836350298e+00
7.642464246424633956e-01 -2.380032735544054923e+00
7.648514851485144206e-01 -2.381010765271180052e+00
7.654565456545645574e-01 -2.381991463268984699e+00
7.660616061606155824e-01 -2.382974829788735427e+00
7.666666666666657193e-01 -2.383960865081688585e+00
7.672717271727167443e-01 -2.384949569399110292e+00
7.678767876787677693e-01 -2.385940942992260450e+00
7.684818481848179061e-01 -2.386934986112399848e+00
7.690869086908689312e-01 -2.387931699010793274e+00
7.696919691969190680e-01 -2.388931081938699741e+00
7.702970297029700930e-01 -2.389933135147383148e+00
7.709020902090202298e-01 -2.390937858888103396e+00
7.715071507150712549e-01 -2.391945253412124384e+00
7.721122112211213917e-01 -2.392955318970706013e+00
7.727172717271724167e-01 -2.393968055815112184e+00
7.733223322332225536e-01 -2.394983464196602796e+00
7.739273927392735786e-01 -2.396001544366441305e+00
7.745324532453237154e-01 -2.397022296575887612e+00
7.751375137513747404e-01 -2.398045721076205616e+00
7.757425742574248773e-01 -2.399071818118655219e+00
7.763476347634759023e-01 -2.400100587954500764e+00
7.769526952695260391e-01 -2.401132030835001707e+00
7.775577557755770641e-01 -2.402166147011422392e+00
7.781628162816280891e-01 -2.403202936735022277e+00
7.787678767876782260e-01 -2.404242400257062151e+00
7.793729372937292510e-01 -2.405284537828808133e+00
7.799779977997793878e-01 -2.406329349701518350e+00
7.805830583058304128e-01 -2.407376836126456698e+00
7.811881188118805497e-01 -2.408426997354883525e+00
7.817931793179315747e-01 -2.409479833638062285e+00
7.823982398239817115e-01 -2.410535345227251991e+00
7.830033003300327366e-01 -2.411593532373719206e+00
7.836083608360828734e-01 -2.412654395328721169e+00
7.842134213421338984e-01 -2.413717934343523108e+00
7.848184818481840352e-01 -2.414784149669383595e+00
7.854235423542350603e-01 -2.415853041557567860e+00
7.860286028602851971e-01 -2.416924610259334472e+00
7.866336633663362221e-01 -2.417998856025949106e+00
7.872387238723863589e-01 -2.419075779108668556e+00
7.878437843784373840e-01 -2.420155379758759384e+00
7.884488448844875208e-01 -2.421237658227480161e+00
7.890539053905385458e-01 -2.422322614766096116e+00
7.896589658965895708e-01 -2.423410249625867152e+00
7.902640264026397077e-01 -2.424500563058053171e+00
7.908690869086907327e-01 -2.425593555313918959e+00
7.914741474147408695e-01 -2.426689226644724418e+00
7.920792079207918945e-01 -2.427787577301733890e+00
7.926842684268420314e-01 -2.428888607536205946e+00
7.932893289328930564e-01 -2.429992317599405371e+00
7.938943894389431932e-01 -2.431098707742591181e+00
7.944994499449942182e-01 -2.432207778217028604e+00
7.951045104510443551e-01 -2.433319529273975768e+00
7.957095709570953801e-01 -2.434433961164698790e+00
7.963146314631455169e-01 -2.435551074140454464e+00
7.969196919691965419e-01 -2.436670868452509797e+00
7.975247524752466788e-01 -2.437793344352121583e+00
7.981298129812977038e-01 -2.438918502090555940e+00
7.987348734873478406e-01 -2.440046341919071438e+00
7.993399339933988657e-01 -2.441176864088933751e+00
7.999449944994490025e-01 -2.442310068851400118e+00
8.005500550055000275e-01 -2.443445956457737100e+00
8.011551155115510525e-01 -2.444584527159203269e+00
8.017601760176011894e-01 -2.445725781207059857e+00
8.023652365236522144e-01 -2.446869718852572095e+00
8.029702970297023512e-01 -2.448016340346998110e+00
8.035753575357533762e-01 -2.449165645941603131e+00
8.041804180418035131e-01 -2.450317635887645729e+00
8.047854785478545381e-01 -2.451472310436391133e+00
8.053905390539046749e-01 -2.452629669839097470e+00
8.059955995599556999e-01 -2.453789714347030415e+00
8.066006600660058368e-01 -2.454952444211448537e+00
8.072057205720568618e-01 -2.456117859683617510e+00
8.078107810781069986e-01 -2.457285961014793685e+00
8.084158415841580236e-01 -2.458456748456244068e+00
8.090209020902081605e-01 -2.459630222259227672e+00
8.096259625962591855e-01 -2.460806382675007953e+00
8.102310231023093223e-01 -2.461985229954844367e+00
8.108360836083603473e-01 -2.463166764350002147e+00
8.114411441144104842e-01 -2.464350986111738973e+00
8.120462046204615092e-01 -2.465537895491321407e+00
8.126512651265125342e-01 -2.466727492740008465e+00
8.132563256325626710e-01 -2.467919778109061379e+00
8.138613861386136961e-01 -2.469114751849744493e+00
8.144664466446638329e-01 -2.470312414213315932e+00
8.150715071507148579e-01 -2.471512765451041371e+00
8.156765676567649948e-01 -2.472715805814180268e+00
8.162816281628160198e-01 -2.473921535553996964e+00
8.168866886688661566e-01 -2.475129954921749142e+00
8.174917491749171816e-01 -2.476341064168703365e+00
8.180968096809673185e-01 -2.477554863546117314e+00
8.187018701870183435e-01 -2.478771353305256220e+00
8.193069306930684803e-01 -2.479990533697379096e+00
8.199119911991195053e-01 -2.481212404973750729e+00
8.205170517051696422e-01 -2.482436967385628801e+00
8.211221122112206672e-01 -2.483664221184280763e+00
8.217271727172708040e-01 -2.484894166620963407e+00
8.223322332233218290e-01 -2.486126803946942410e+00
8.229372937293728540e-01 -2.487362133413476784e+00
8.235423542354229909e-01 -2.488600155271828651e+00
8.241474147414740159e-01 -2.489840869773261911e+00
8.247524752475241527e-01 -2.491084277169034689e+00
8.253575357535751778e-01 -2.492330377710414435e+00
8.259625962596253146e-01 -2.493579171648657056e+00
8.265676567656763396e-01 -2.494830659235028669e+00
8.271727172717264764e-01 -2.496084840720787845e+00
8.277777777777775015e-01 -2.497341716357200259e+00
8.283828382838276383e-01 -2.498601286395524035e+00
8.289878987898786633e-01 -2.499863551087023517e+00
8.295929592959288001e-01 -2.501128510682959494e+00
8.301980198019798252e-01 -2.502396165434594089e+00
8.308030803080299620e-01 -2.503666515593187647e+00
8.314081408140809870e-01 -2.504939561410006288e+00
8.320132013201311239e-01 -2.506215303136305916e+00
8.326182618261821489e-01 -2.507493741023353984e+00
8.332233223322322857e-01 -2.508774875322406839e+00
8.338283828382833107e-01 -2.510058706284731933e+00
8.344334433443343357e-01 -2.511345234161588280e+00
8.350385038503844726e-01 -2.512634459204235782e+00
8.356435643564354976e-01 -2.513926381663940557e+00
8.362486248624856344e-01 -2.515221001791959843e+00
8.368536853685366594e-01 -2.516518319839559759e+00
8.374587458745867963e-01 -2.517818336057998430e+00
8.380638063806378213e-01 -2.519121050698542419e+00
8.386688668866879581e-01 -2.520426464012447632e+00
8.392739273927389831e-01 -2.521734576250981075e+00
8.398789878987891200e-01 -2.523045387665400430e+00
8.404840484048401450e-01 -2.524358898506972260e+00
8.410891089108902818e-01 -2.525675109026952914e+00
8.416941694169413068e-01 -2.526994019476609399e+00
8.422992299229914437e-01 -2.528315630107199397e+00
8.429042904290424687e-01 -2.529639941169989470e+00
8.435093509350926055e-01 -2.530966952916235080e+00
8.441144114411436306e-01 -2.532296665597203678e+00
8.447194719471937674e-01 -2.533629079464153833e+00
8.453245324532447924e-01 -2.534964194768349888e+00
8.459295929592958174e-01 -2.536302011761052633e+00
8.465346534653459543e-01 -2.537642530693521525e+00
8.471397139713969793e-01 -2.538985751817022241e+00
8.477447744774471161e-01 -2.540331675382812904e+00
8.483498349834981411e-01 -2.541680301642159634e+00
8.489548954895482780e-01 -2.543031630846319224e+00
8.495599559955993030e-01 -2.544385663246559126e+00
8.501650165016494398e-01 -2.545742399094136132e+00
8.507700770077004648e-01 -2.547101838640315918e+00
8.513751375137506017e-01 -2.548463982136357053e+00
8.519801980198016267e-01 -2.549828829833524768e+00
8.525852585258517635e-01 -2.551196381983077632e+00
8.531903190319027885e-01 -2.552566638836279989e+00
8.537953795379529254e-01 -2.553939600644391739e+00
8.544004400440039504e-01 -2.555315267658676781e+00
8.550055005500540872e-01 -2.556693640130394574e+00
8.556105610561051122e-01 -2.558074718310810347e+00
8.562156215621561373e-01 -2.559458502451183115e+00
8.568206820682062741e-01 -2.560844992802774112e+00
8.574257425742572991e-01 -2.562234189616847679e+00
8.580308030803074359e-01 -2.563626093144662832e+00
8.586358635863584610e-01 -2.565020703637485688e+00
8.592409240924085978e-01 -2.566418021346572154e+00
8.598459845984596228e-01 -2.567818046523190123e+00
8.604510451045097597e-01 -2.569220779418597278e+00
8.610561056105607847e-01 -2.570626220284058405e+00
8.616611661166109215e-01 -2.572034369370831630e+00
8.622662266226619465e-01 -2.573445226930183516e+00
8.628712871287120834e-01 -2.574858793213370856e+00
8.634763476347631084e-01 -2.576275068471660656e+00
8.640814081408132452e-01 -2.577694052956309267e+00
8.646864686468642702e-01 -2.579115746918584140e+00
8.652915291529144071e-01 -2.580540150609741623e+00
8.658965896589654321e-01 -2.581967264281049168e+00
8.665016501650155689e-01 -2.583397088183763124e+00
8.671067106710665939e-01 -2.584829622569149610e+00
8.677117711771176189e-01 -2.586264867688469860e+00
8.683168316831677558e-01 -2.587702823792981555e+00
8.689218921892187808e-01 -2.589143491133952590e+00
8.695269526952689176e-01 -2.590586869962639760e+00
8.701320132013199427e-01 -2.592032960530308738e+00
8.707370737073700795e-01 -2.593481763088217207e+00
8.713421342134211045e-01 -2.594933277887632173e+00
8.719471947194712413e-01 -2.596387505179810429e+00
8.725522552255222664e-01 -2.597844445216018094e+00
8.731573157315724032e-01 -2.599304098247513295e+00
8.737623762376234282e-01 -2.600766464525561705e+00
8.743674367436735650e-01 -2.602231544301420563e+00
8.749724972497245901e-01 -2.603699337826356874e+00
8.755775577557747269e-01 -2.605169845351627433e+00
8.761826182618257519e-01 -2.606643067128498803e+00
8.767876787678758888e-01 -2.608119003408228220e+00
8.773927392739269138e-01 -2.609597654442082693e+00
8.779977997799770506e-01 -2.611079020481317681e+00
8.786028602860280756e-01 -2.612563101777201524e+00
8.792079207920791006e-01 -2.614049898580993680e+00
8.798129812981292375e-01 -2.615539411143952719e+00
8.804180418041802625e-01 -2.617031639717344760e+00
8.810231023102303993e-01 -2.618526584552428371e+00
8.816281628162814243e-01 -2.620024245900469673e+00
8.822332233223315612e-01 -2.621524624012725013e+00
8.828382838283825862e-01 -2.623027719140461400e+00
8.834433443344327230e-01 -2.624533531534936959e+00
8.840484048404837480e-01 -2.626042061447416032e+00
8.846534653465338849e-01 -2.627553309129157633e+00
8.852585258525849099e-01 -2.629067274831428325e+00
8.858635863586350467e-01 -2.630583958805484457e+00
8.864686468646860718e-01 -2.632103361302592592e+00
8.870737073707362086e-01 -2.633625482574009968e+00
8.876787678767872336e-01 -2.635150322871002704e+00
8.882838283828373704e-01 -2.636677882444829368e+00
8.888888888888883955e-01 -2.638208161546756081e+00
8.894939493949385323e-01 -2.639741160428037858e+00
8.900990099009895573e-01 -2.641276879339943928e+00
8.907040704070405823e-01 -2.642815318533731528e+00
8.913091309130907192e-01 -2.644356478260663224e+00
8.919141914191417442e-01 -2.645900358772002914e+00
8.925192519251918810e-01 -2.647446960319008280e+00
8.931243124312429060e-01 -2.648996283152945885e+00
8.937293729372930429e-01 -2.650548327525073855e+00
8.943344334433440679e-01 -2.652103093686656976e+00
8.949394939493942047e-01 -2.653660581888954262e+00
8.955445544554452297e-01 -2.655220792383230943e+00
8.961496149614953666e-01 -2.656783725420745146e+00
8.967546754675463916e-01 -2.658349381252761656e+00
8.973597359735965284e-01 -2.659917760130539932e+00
8.979647964796475534e-01 -2.661488862305344760e+00
8.985698569856976903e-01 -2.663062688028434266e+00
8.991749174917487153e-01 -2.664639237551075013e+00
8.997799779977988521e-01 -2.666218511124523349e+00
9.003850385038498771e-01 -2.667800509000046283e+00
9.009900990099009022e-01 -2.669385231428902827e+00
9.015951595159510390e-01 -2.670972678662353328e+00
9.022002200220020640e-01 -2.672562850951664792e+00
9.028052805280522009e-01 -2.674155748548092237e+00
9.034103410341032259e-01 -2.675751371702903558e+00
9.040154015401533627e-01 -2.677349720667356880e+00
9.046204620462043877e-01 -2.678950795692716547e+00
9.052255225522545246e-01 -2.680554597030241126e+00
9.058305830583055496e-01 -2.682161124931196738e+00
9.064356435643556864e-01 -2.683770379646841064e+00
9.070407040704067114e-01 -2.685382361428439335e+00
9.076457645764568483e-01 -2.686997070527251008e+00
9.082508250825078733e-01 -2.688614507194540426e+00
9.088558855885580101e-01 -2.690234671681565715e+00
9.094609460946090351e-01 -2.691857564239592993e+00
9.100660066006591720e-01 -2.693483185119879497e+00
9.106710671067101970e-01 -2.695111534573691348e+00
9.112761276127603338e-01 -2.696742612852287557e+00
9.118811881188113588e-01 -2.698376420206932025e+00
9.124862486248623838e-01 -2.700012956888886873e+00
9.130913091309125207e-01 -2.701652223149409338e+00
9.136963696369635457e-01 -2.703294219239767315e+00
9.143014301430136825e-01 -2.704938945411217599e+00
9.149064906490647076e-01 -2.706586401915026308e+00
9.155115511551148444e-01 -2.708236589002451122e+00
9.161166116611658694e-01 -2.709889506924758606e+00
9.167216721672160062e-01 -2.711545155933205553e+00
9.173267326732670313e-01 -2.713203536279058525e+00
9.179317931793171681e-01 -2.714864648213575204e+00
9.185368536853681931e-01 -2.716528491988021266e+00
9.191419141914183299e-01 -2.718195067853654834e+00
9.197469746974693550e-01 -2.719864376061742028e+00
9.203520352035194918e-01 -2.721536416863538754e+00
9.209570957095705168e-01 -2.723211190510313795e+00
9.215621562156206537e-01 -2.724888697253322611e+00
9.221672167216716787e-01 -2.726568937343832655e+00
9.227722772277218155e-01 -2.728251911033100718e+00
9.233773377337728405e-01 -2.729937618572393365e+00
9.239823982398238655e-01 -2.731626060212970053e+00
9.245874587458740024e-01 -2.733317236206089795e+00
9.251925192519250274e-01 -2.735011146803020043e+00
9.257975797579751642e-01 -2.736707792255017146e+00
9.264026402640261892e-01 -2.738407172813349000e+00
9.270077007700763261e-01 -2.740109288729271952e+00
9.276127612761273511e-01 -2.741814140254051679e+00
9.282178217821774879e-01 -2.743521727638945418e+00
9.288228822882285129e-01 -2.745232051135221507e+00
9.294279427942786498e-01 -2.746945110994134964e+00
9.300330033003296748e-01 -2.748660907466954129e+00
9.306380638063798116e-01 -2.750379440804934461e+00
9.312431243124308367e-01 -2.752100711259343413e+00
9.318481848184809735e-01 -2.753824719081438666e+00
9.324532453245319985e-01 -2.755551464522485450e+00
9.330583058305821353e-01 -2.757280947833742335e+00
9.336633663366331604e-01 -2.759013169266474552e+00
9.342684268426832972e-01 -2.760748129071940227e+00
9.348734873487343222e-01 -2.762485827501405922e+00
9.354785478547853472e-01 -2.764226264806129763e+00
9.360836083608354841e-01 -2.765969441237372983e+00
9.366886688668865091e-01 -2.767715357046399927e+00
9.372937293729366459e-01 -2.769464012484470050e+00
9.378987898789876709e-01 -2.771215407802849917e+00
9.385038503850378078e-01 -2.772969543252794988e+00
9.391089108910888328e-01 -2.774726419085571827e+00
9.397139713971389696e-01 -2.776486035552438558e+00
9.403190319031899946e-01 -2.778248392904662190e+00
9.409240924092401315e-01 -2.780013491393498626e+00
9.415291529152911565e-01 -2.781781331270214874e+00
9.421342134213412933e-01 -2.783551912786068172e+00
9.427392739273923183e-01 -2.785325236192325526e+00
9.433443344334424552e-01 -2.787101301740242842e+00
9.439493949394934802e-01 -2.788880109681088015e+00
9.445544554455436170e-01 -2.790661660266116950e+00
9.451595159515946420e-01 -2.792445953746597098e+00
9.457645764576456671e-01 -2.794232990373788361e+00
9.463696369636958039e-01 -2.796022770398948420e+00
9.469746974697468289e-01 -2.797815294073345171e+00
9.475797579757969658e-01 -2.799610561648235407e+00
9.481848184818479908e-01 -2.801408573374886579e+00
9.487898789878981276e-01 -2.803209329504553704e+00
9.493949394939491526e-01 -2.805012830288506009e+00
9.499999999999992895e-01 -2.806819075977998512e+00
9.506050605060503145e-01 -2.808628066824298664e+00
9.512101210121004513e-01 -2.810439803078663257e+00
9.518151815181514763e-01 -2.812254284992359299e+00
9.524202420242016132e-01 -2.814071512816644027e+00
9.530253025302526382e-01 -2.815891486802783561e+00
9.536303630363027750e-01 -2.817714207202034249e+00
9.542354235423538000e-01 -2.819539674265663542e+00
9.548404840484039369e-01 -2.821367888244929123e+00
9.554455445544549619e-01 -2.823198849391097109e+00
9.560506050605050987e-01 -2.825032557955423851e+00
9.566556655665561237e-01 -2.826869014189177243e+00
9.572607260726071488e-01 -2.828708218343615854e+00
9.578657865786572856e-01 -2.830550170669998700e+00
9.584708470847083106e-01 -2.832394871419593230e+00
9.590759075907584474e-01 -2.834242320843656682e+00
9.596809680968094725e-01 -2.836092519193456507e+00
9.602860286028596093e-01 -2.837945466720246834e+00
9.608910891089106343e-01 -2.839801163675296003e+00
9.614961496149607711e-01 -2.841659610309861250e+00
9.621012101210117962e-01 -2.843520806875210027e+00
9.627062706270619330e-01 -2.845384753622596907e+00
9.633113311331129580e-01 -2.847251450803292006e+00
9.639163916391630949e-01 -2.849120898668549007e+00
9.645214521452141199e-01 -2.850993097469636250e+00
9.651265126512642567e-01 -2.852868047457809642e+00
9.657315731573152817e-01 -2.854745748884337964e+00
9.663366336633654186e-01 -2.856626202000476233e+00
9.669416941694164436e-01 -2.858509407057491902e+00
9.675467546754665804e-01 -2.860395364306641763e+00
9.681518151815176054e-01 -2.862284073999192824e+00
9.687568756875686304e-01 -2.864175536386404541e+00
9.693619361936187673e-01 -2.866069751719535930e+00
9.699669966996697923e-01 -2.867966720249853552e+00
9.705720572057199291e-01 -2.869866442228615533e+00
9.711771177117709541e-01 -2.871768917907087548e+00
9.717821782178210910e-01 -2.873674147536525503e+00
9.723872387238721160e-01 -2.875582131368197736e+00
9.729922992299222528e-01 -2.877492869653361929e+00
9.735973597359732779e-01 -2.879406362643283313e+00
9.742024202420234147e-01 -2.881322610589218680e+00
9.748074807480744397e-01 -2.883241613742435927e+00
9.754125412541245765e-01 -2.885163372354191402e+00
9.760176017601756016e-01 -2.887087886675752113e+00
9.766226622662257384e-01 -2.889015156958373520e+00
9.772277227722767634e-01 -2.890945183453324852e+00
9.778327832783269002e-01 -2.892877966411860235e+00
9.784378437843779253e-01 -2.894813506085250232e+00
9.790429042904289503e-01 -2.896751802724751190e+00
9.796479647964790871e-01 -2.898692856581622568e+00
9.802530253025301121e-01 -2.900636667907132260e+00
9.808580858085802490e-01 -2.902583236952536172e+00
9.814631463146312740e-01 -2.904532563969102643e+00
9.820682068206814108e-01 -2.906484649208088022e+00
9.826732673267324358e-01 -2.908439492920757097e+00
9.832783278327825727e-01 -2.910397095358369768e+00
9.838833883388335977e-01 -2.912357456772189934e+00
9.844884488448837345e-01 -2.914320577413477054e+00
9.850935093509347595e-01 -2.916286457533496801e+00
9.856985698569848964e-01 -2.918255097383505969e+00
9.863036303630359214e-01 -2.920226497214771566e+00
9.869086908690860582e-01 -2.922200657278549496e+00
9.875137513751370832e-01 -2.924177577826108099e+00
9.881188118811872201e-01 -2.926157259108704167e+00
9.887238723872382451e-01 -2.928139701377603377e+00
9.893289328932883819e-01 -2.930124904884062520e+00
9.899339933993394069e-01 -2.932112869879349937e+00
9.905390539053904320e-01 -2.934103596614724641e+00
9.911441144114405688e-01 -2.936097085341445201e+00
9.917491749174915938e-01 -2.938093336310777293e+00
9.923542354235417307e-01 -2.940092349773980374e+00
9.929592959295927557e-01 -2.942094125982320119e+00
9.935643564356428925e-01 -2.944098665187053321e+00
9.941694169416939175e-01 -2.946105967639445211e+00
9.947744774477440544e-01 -2.948116033590756135e+00
9.953795379537950794e-01 -2.950128863292250880e+00
9.959845984598452162e-01 -2.952144456995185795e+00
9.965896589658962412e-01 -2.954162814950829663e+00
9.971947194719463781e-01 -2.956183937410436613e+00
9.977997799779974031e-01 -2.958207824625275872e+00
9.984048404840475399e-01 -2.960234476846602902e+00
9.990099009900985649e-01 -2.962263894325684710e+00
9.996149614961487018e-01 -2.964296077313778532e+00
1.000220022002199727e+00 -2.966331026062150933e+00
1.000825082508249864e+00 -2.968368740822060037e+00
1.001430143014300889e+00 -2.970409221844770631e+00
1.002035203520351914e+00 -2.972452469381543061e+00
1.002640264026402050e+00 -2.974498483683636785e+00
1.003245324532453076e+00 -2.976547265002318365e+00
1.003850385038503212e+00 -2.978598813588844596e+00
1.004455445544554237e+00 -2.980653129694482040e+00
1.005060506050604374e+00 -2.982710213570488822e+00
1.005665566556655399e+00 -2.984770065468131506e+00
1.006270627062705536e+00 -2.986832685638663776e+00
1.006875687568756561e+00 -2.988898074333357968e+00
1.007480748074806698e+00 -2.990966231803466435e+00
1.008085808580857723e+00 -2.993037158300258405e+00
1.008690869086907860e+00 -2.995110854074988449e+00
1.009295929592958885e+00 -2.997187319378926240e+00
1.009900990099009022e+00 -2.999266554463326795e+00
1.010506050605060047e+00 -3.001348559579457120e+00
1.011111111111110183e+00 -3.003433334978574898e+00
1.011716171617161208e+00 -3.005520880911946691e+00
1.012321232123211345e+00 -3.007611197630828404e+00
1.012926292629262370e+00 -3.009704285386487932e+00
1.013531353135313395e+00 -3.011800144430184289e+00
1.014136413641363532e+00 -3.013898775013176490e+00
1.014741474147414557e+00 -3.016000177386731984e+00
1.015346534653464694e+00 -3.018104351802106677e+00
1.015951595159515719e+00 -3.020211298510568465e+00
1.016556655665565856e+00 -3.022321017763373696e+00
1.017161716171616881e+00 -3.024433509811789378e+00
1.017766776677667018e+00 -3.026548774907071859e+00
1.018371837183718043e+00 -3.028666813300489480e+00
1.018976897689768180e+00 -3.030787625243295480e+00
1.019581958195819205e+00 -3.032911210986761308e+00
1.020187018701869341e+00 -3.035037570782140648e+00
1.020792079207920366e+00 -3.037166704880701396e+00
1.021397139713970503e+00 -3.039298613533701232e+00
1.022002200220021528e+00 -3.041433296992406277e+00
1.022607260726071665e+00 -3.043570755508072878e+00
1.023212321232122690e+00 -3.045710989331968044e+00
1.023817381738173715e+00 -3.047853998715351675e+00
1.024422442244223852e+00 -3.049999783909481899e+00
1.025027502750274877e+00 -3.052148345165626608e+00
1.025632563256325014e+00 -3.054299682735043042e+00
1.026237623762376039e+00 -3.056453796868996875e+00
1.026842684268426176e+00 -3.058610687818746232e+00
1.027447744774477201e+00 -3.060770355835556789e+00
1.028052805280527338e+00 -3.062932801170685337e+00
1.028657865786578363e+00 -3.065098024075400218e+00
1.029262926292628499e+00 -3.067266024800956448e+00
1.029867986798679524e+00 -3.069436803598622365e+00
1.030473047304729661e+00 -3.071610360719653876e+00
1.031078107810780686e+00 -3.073786696415317543e+00
1.031683168316830823e+00 -3.075965810936871048e+00
1.032288228822881848e+00 -3.078147704535581397e+00
1.032893289328931985e+00 -3.080332377462704940e+00
1.033498349834983010e+00 -3.082519829969507796e+00
1.034103410341033147e+00 -3.084710062307248091e+00
1.034708470847084172e+00 -3.086903074727192386e+00
1.035313531353135197e+00 -3.089098867480600141e+00
1.035918591859185334e+00 -3.091297440818729481e+00
1.036523652365236359e+00 -3.093498794992849188e+00
1.037128712871286496e+00 -3.095702930254213392e+00
1.037733773377337521e+00 -3.097909846854091764e+00
1.038338833883387657e+00 -3.100119545043739766e+00
1.038943894389438682e+00 -3.102332025074424848e+00
1.039548954895488819e+00 -3.104547287197402028e+00
1.040154015401539844e+00 -3.106765331663940977e+00
1.040759075907589981e+00 -3.108986158725295823e+00
1.041364136413641006e+00 -3.111209768632736683e+00
1.041969196919691143e+00 -3.113436161637516353e+00
1.042574257425742168e+00 -3.115665337990904948e+00
1.043179317931792305e+00 -3.117897297944157486e+00
1.043784378437843330e+00 -3.120132041748541418e+00
1.044389438943893467e+00 -3.122369569655313093e+00
1.044994499449944492e+00 -3.124609881915741294e+00
1.045599559955994629e+00 -3.126852978781080594e+00
1.046204620462045654e+00 -3.129098860502598889e+00
1.046809680968096679e+00 -3.131347527331555636e+00
1.047414741474146815e+00 -3.133598979519209404e+00
1.048019801980197840e+00 -3.135853217316827646e+00
1.048624862486247977e+00 -3.138110240975667597e+00
1.049229922992299002e+00 -3.140370050746994046e+00
1.049834983498349139e+00 -3.142632646882066005e+00
1.050440044004400164e+00 -3.144898029632150038e+00
1.051045104510450301e+00 -3.147166199248501606e+00
1.051650165016501326e+00 -3.149437155982389935e+00
1.052255225522551463e+00 -3.151710900085069600e+00
1.052860286028602488e+00 -3.153987431807808051e+00
1.053465346534652625e+00 -3.156266751401862969e+00
1.054070407040703650e+00 -3.158548859118500474e+00
1.054675467546753787e+00 -3.160833755208976914e+00
1.055280528052804812e+00 -3.163121439924561074e+00
1.055885588558854948e+00 -3.165411913516507081e+00
1.056490649064905973e+00 -3.167705176236084164e+00
1.057095709570956110e+00 -3.170001228334548227e+00
1.057700770077007135e+00 -3.172300070063165389e+00
1.058305830583058160e+00 -3.174601701673196885e+00
1.058910891089108297e+00 -3.176906123415899952e+00
1.059515951595159322e+00 -3.179213335542542040e+00
1.060121012101209459e+00 -3.181523338304380388e+00
1.060726072607260484e+00 -3.183836131952682003e+00
1.061331133113310621e+00 -3.186151716738703232e+00
1.061936193619361646e+00 -3.188470092913711529e+00
1.062541254125411783e+00 -3.190791260728963241e+00
1.063146314631462808e+00 -3.193115220435724932e+00
1.063751375137512944e+00 -3.195441972285253840e+00
1.064356435643563970e+00 -3.197771516528818303e+00
1.064961496149614106e+00 -3.200103853417670674e+00
1.065566556655665131e+00 -3.202438983203083289e+00
1.066171617161715268e+00 -3.204776906136309389e+00
1.066776677667766293e+00 -3.207117622468617313e+00
1.067381738173816430e+00 -3.209461132451262966e+00
1.067986798679867455e+00 -3.211807436335514687e+00
1.068591859185918480e+00 -3.214156534372631935e+00
1.069196919691968617e+00 -3.216508426813869725e+00
1.069801980198019642e+00 -3.218863113910500395e+00
1.070407040704069779e+00 -3.221220595913777629e+00
1.071012101210120804e+00 -3.223580873074969766e+00
1.071617161716170941e+00 -3.225943945645332267e+00
1.072222222222221966e+00 -3.228309813876134360e+00
1.072827282728272102e+00 -3.230678478018629285e+00
1.073432343234323127e+00 -3.233049938324087158e+00
1.074037403740373264e+00 -3.235424195043762996e+00
1.074642464246424289e+00 -3.237801248428923806e+00
1.075247524752474426e+00 -3.240181098730828602e+00
1.075852585258525451e+00 -3.242563746200741281e+00
1.076457645764575588e+00 -3.244949191089919527e+00
1.077062706270626613e+00 -3.247337433649631677e+00
1.077667766776676750e+00 -3.249728474131131861e+00
1.078272827282727775e+00 -3.252122312785690639e+00
1.078877887788777912e+00 -3.254518949864560362e+00
1.079482948294828937e+00 -3.256918385619012035e+00
1.080088008800879962e+00 -3.259320620300301563e+00
1.080693069306930099e+00 -3.261725654159689736e+00
1.081298129812981124e+00 -3.264133487448445781e+00
1.081903190319031260e+00 -3.266544120417822494e+00
1.082508250825082285e+00 -3.268957553319088660e+00
1.083113311331132422e+00 -3.271373786403501960e+00
1.083718371837183447e+00 -3.273792819922327180e+00
1.084323432343233584e+00 -3.276214654126822445e+00
1.084928492849284609e+00 -3.278639289268255652e+00
1.085533553355334746e+00 -3.281066725597880485e+00
1.086138613861385771e+00 -3.283496963366967059e+00
1.086743674367435908e+00 -3.285930002826769503e+00
1.087348734873486933e+00 -3.288365844228557489e+00
1.087953795379537070e+00 -3.290804487823585589e+00
1.088558855885588095e+00 -3.293245933863122588e+00
1.089163916391638232e+00 -3.295690182598422169e+00
1.089768976897689257e+00 -3.298137234280754448e+00
1.090374037403739393e+00 -3.300587089161374887e+00
1.090979097909790418e+00 -3.303039747491550937e+00
1.091584158415841443e+00 -3.305495209522540723e+00
1.092189218921891580e+00 -3.307953475505605034e+00
1.092794279427942605e+00 -3.310414545692009547e+00
1.093399339933992742e+00 -3.312878420333011498e+00
1.094004400440043767e+00 -3.315345099679878338e+00
1.094609460946093904e+00 -3.317814583983865084e+00
1.095214521452144929e+00 -3.320286873496240965e+00
1.095819581958195066e+00 -3.322761968468260552e+00
1.096424642464246091e+00 -3.325239869151193517e+00
1.097029702970296228e+00 -3.327720575796293101e+00
1.097634763476347253e+00 -3.330204088654829864e+00
1.098239823982397390e+00 -3.332690407978057934e+00
1.098844884488448415e+00 -3.335179534017244762e+00
1.099449944994498551e+00 -3.337671467023647587e+00
1.100055005500549576e+00 -3.340166207248534302e+00
1.100660066006599713e+00 -3.342663754943159482e+00
1.101265126512650738e+00 -3.345164110358791909e+00
1.101870187018701763e+00 -3.347667273746691041e+00
1.102475247524751900e+00 -3.350173245358113228e+00
1.103080308030802925e+00 -3.352682025444328140e+00
1.103685368536853062e+00 -3.355193614256591239e+00
1.104290429042904087e+00 -3.357708012046171309e+00
1.104895489548954224e+00 -3.360225219064322477e+00
1.105500550055005249e+00 -3.362745235562314861e+00
1.106105610561055386e+00 -3.365268061791401255e+00
1.106710671067106411e+00 -3.367793698002852221e+00
1.107315731573156548e+00 -3.370322144447921886e+00
1.107920792079207573e+00 -3.372853401377879035e+00
1.108525852585257709e+00 -3.375387469043979571e+00
1.109130913091308734e+00 -3.377924347697490948e+00
1.109735973597358871e+00 -3.380464037589669068e+00
1.110341034103409896e+00 -3.383006538971781829e+00
1.110946094609460033e+00 -3.385551852095083802e+00
1.111551155115511058e+00 -3.388099977210845992e+00
1.112156215621561195e+00 -3.390650914570320751e+00
1.112761276127612220e+00 -3.393204664424778194e+00
1.113366336633663245e+00 -3.395761227025476892e+00
1.113971397139713382e+00 -3.398320602623674525e+00
1.114576457645764407e+00 -3.400882791470640321e+00
1.115181518151814544e+00 -3.403447793817627964e+00
1.115786578657865569e+00 -3.406015609915908016e+00
1.116391639163915706e+00 -3.408586240016734603e+00
1.116996699669966731e+00 -3.411159684371376510e+00
1.117601760176016867e+00 -3.413735943231088310e+00
1.118206820682067892e+00 -3.416315016847139230e+00
1.118811881188118029e+00 -3.418896905470783842e+00
1.119416941694169054e+00 -3.421481609353292264e+00
1.120022002200219191e+00 -3.424069128745917290e+00
1.120627062706270216e+00 -3.426659463899928593e+00
1.121232123212320353e+00 -3.429252615066581633e+00
1.121837183718371378e+00 -3.431848582497144751e+00
1.122442244224421515e+00 -3.434447366442872518e+00
1.123047304730472540e+00 -3.437048967155034607e+00
1.123652365236522677e+00 -3.439653384884884257e+00
1.124257425742573702e+00 -3.442260619883692030e+00
1.124862486248624727e+00 -3.444870672402715606e+00
1.125467546754674864e+00 -3.447483542693214442e+00
1.126072607260725889e+00 -3.450099231006454659e+00
1.126677667766776025e+00 -3.452717737593693492e+00
1.127282728272827050e+00 -3.455339062706198838e+00
1.127887788778877187e+00 -3.457963206595224825e+00
1.128492849284928212e+00 -3.460590169512042458e+00
1.129097909790978349e+00 -3.463219951707904087e+00
1.129702970297029374e+00 -3.465852553434081162e+00
1.130308030803079511e+00 -3.468487974941826479e+00
1.130913091309130536e+00 -3.471126216482409266e+00
1.131518151815180673e+00 -3.473767278307084538e+00
1.132123212321231698e+00 -3.476411160667121081e+00
1.132728272827281835e+00 -3.479057863813775242e+00
1.133333333333332860e+00 -3.481707387998313141e+00
1.133938393839382996e+00 -3.484359733471991127e+00
1.134543454345434021e+00 -3.487014900486078428e+00
1.135148514851484158e+00 -3.489672889291829172e+00
1.135753575357535183e+00 -3.492333700140512587e+00
1.136358635863586208e+00 -3.494997333283387242e+00
1.136963696369636345e+00 -3.497663788971709486e+00
1.137568756875687370e+00 -3.500333067456750324e+00
1.138173817381737507e+00 -3.503005168989764773e+00
1.138778877887788532e+00 -3.505680093822020282e+00
1.139383938393838669e+00 -3.508357842204771870e+00
1.139988998899889694e+00 -3.511038414389290097e+00
1.140594059405939831e+00 -3.513721810626827313e+00
1.141199119911990856e+00 -3.516408031168654524e+00
1.141804180418040993e+00 -3.519097076266024970e+00
1.142409240924092018e+00 -3.521788946170209655e+00
1.143014301430142154e+00 -3.524483641132459155e+00
1.143619361936193179e+00 -3.527181161404047582e+00
1.144224422442243316e+00 -3.529881507236225957e+00
1.144829482948294341e+00 -3.532584678880264839e+00
1.145434543454344478e+00 -3.535290676587418801e+00
1.146039603960395503e+00 -3.537999500608956183e+00
1.146644664466446528e+00 -3.540711151196135553e+00
1.147249724972496665e+00 -3.543425628600216371e+00
1.147854785478547690e+00 -3.546142933072465198e+00
1.148459845984597827e+00 -3.548863064864139272e+00
1.149064906490648852e+00 -3.551586024226506488e+00
1.149669966996698989e+00 -3.554311811410821420e+00
1.150275027502750014e+00 -3.557040426668352406e+00
1.150880088008800151e+00 -3.559771870250354464e+00
1.151485148514851176e+00 -3.562506142408097709e+00
1.152090209020901312e+00 -3.565243243392836270e+00
1.152695269526952337e+00 -3.567983173455838930e+00
1.153300330033002474e+00 -3.570725932848359818e+00
1.153905390539053499e+00 -3.573471521821669050e+00
1.154510451045103636e+00 -3.576219940627019866e+00
1.155115511551154661e+00 -3.578971189515683271e+00
1.155720572057204798e+00 -3.581725268738913392e+00
1.156325632563255823e+00 -3.584482178547977682e+00
1.156930693069305960e+00 -3.587241919194132045e+00
1.157535753575356985e+00 -3.590004490928645708e+00
1.158140814081408010e+00 -3.592769894002776354e+00
1.158745874587458147e+00 -3.595538128667780775e+00
1.159350935093509172e+00 -3.598309195174931752e+00
1.159955995599559309e+00 -3.601083093775480748e+00
1.160561056105610334e+00 -3.603859824720698768e+00
1.161166116611660470e+00 -3.606639388261839052e+00
1.161771177117711495e+00 -3.609421784650170828e+00
1.162376237623761632e+00 -3.612207014136949113e+00
1.162981298129812657e+00 -3.614995076973443577e+00
1.163586358635862794e+00 -3.617785973410906575e+00
1.164191419141913819e+00 -3.620579703700611329e+00
1.164796479647963956e+00 -3.623376268093807973e+00
1.165401540154014981e+00 -3.626175666841767509e+00
1.166006600660065118e+00 -3.628977900195744954e+00
1.166611661166116143e+00 -3.631782968407009093e+00
1.167216721672166280e+00 -3.634590871726814054e+00
1.167821782178217305e+00 -3.637401610406429509e+00
1.168426842684267442e+00 -3.640215184697109585e+00
1.169031903190318467e+00 -3.643031594850123955e+00
1.169636963696369492e+00 -3.645850841116729857e+00
1.170242024202419628e+00 -3.648672923748187191e+00
1.170847084708470653e+00 -3.651497842995762966e+00
1.171452145214520790e+00 -3.654325599110713085e+00
1.172057205720571815e+00 -3.657156192344307222e+00
1.172662266226621952e+00 -3.659989622947798171e+00
1.173267326732672977e+00 -3.662825891172455606e+00
1.173872387238723114e+00 -3.665664997269535874e+00
1.174477447744774139e+00 -3.668506941490305540e+00
1.175082508250824276e+00 -3.671351724086019619e+00
1.175687568756875301e+00 -3.674199345307950004e+00
1.176292629262925438e+00 -3.677049805407346827e+00
1.176897689768976463e+00 -3.679903104635483313e+00
1.177502750275026600e+00 -3.682759243243611369e+00
1.178107810781077625e+00 -3.685618221483001555e+00
1.178712871287127761e+00 -3.688480039604908001e+00
1.179317931793178786e+00 -3.691344697860599489e+00
1.179922992299228923e+00 -3.694212196501330148e+00
1.180528052805279948e+00 -3.697082535778370538e+00
1.181133113311330973e+00 -3.699955715942977896e+00
1.181738173817381110e+00 -3.702831737246410793e+00
1.182343234323432135e+00 -3.705710599939938898e+00
1.182948294829482272e+00 -3.708592304274814122e+00
1.183553355335533297e+00 -3.711476850502308800e+00
1.184158415841583434e+00 -3.714364238873675284e+00
1.184763476347634459e+00 -3.717254469640184578e+00
1.185368536853684596e+00 -3.720147543053089478e+00
1.185973597359735621e+00 -3.723043459363661434e+00
1.186578657865785758e+00 -3.725942218823152352e+00
1.187183718371836783e+00 -3.728843821682832349e+00
1.187788778877886919e+00 -3.731748268193957330e+00
1.188393839383937944e+00 -3.734655558607793857e+00
1.188998899889988081e+00 -3.737565693175597392e+00
1.189603960396039106e+00 -3.740478672148639827e+00
1.190209020902089243e+00 -3.743394495778170850e+00
1.190814081408140268e+00 -3.746313164315464128e+00
1.191419141914191293e+00 -3.749234678011775124e+00
1.192024202420241430e+00 -3.752159037118363294e+00
1.192629262926292455e+00 -3.755086241886496978e+00
1.193234323432342592e+00 -3.758016292567430305e+00
1.193839383938393617e+00 -3.760949189412434279e+00
1.194444444444443754e+00 -3.763884932672760808e+00
1.195049504950494779e+00 -3.766823522599681784e+00
1.195654565456544915e+00 -3.769764959444450447e+00
1.196259625962595941e+00 -3.772709243458336026e+00
1.196864686468646077e+00 -3.775656374892592204e+00
1.197469746974697102e+00 -3.778606353998489542e+00
1.198074807480747239e+00 -3.781559181027281724e+00
1.198679867986798264e+00 -3.784514856230238422e+00
1.199284928492848401e+00 -3.787473379858613765e+00
1.199889988998899426e+00 -3.790434752163676535e+00
1.200495049504949563e+00 -3.793398973396682194e+00
1.201100110011000588e+00 -3.796366043808900415e+00
1.201705170517050725e+00 -3.799335963651583103e+00
1.202310231023101750e+00 -3.802308733176001709e+00
1.202915291529152775e+00 -3.805284352633415690e+00
1.203520352035202912e+00 -3.808262822275079174e+00
1.204125412541253937e+00 -3.811244142352263609e+00
1.204730473047304073e+00 -3.814228313116224456e+00
1.205335533553355098e+00 -3.817215334818229167e+00
1.205940594059405235e+00 -3.820205207709532313e+00
1.206545654565456260e+00 -3.823197932041405345e+00
1.207150715071506397e+00 -3.826193508065099280e+00
1.207755775577557422e+00 -3.829191936031885568e+00
1.208360836083607559e+00 -3.832193216193019225e+00
1.208965896589658584e+00 -3.835197348799768591e+00
1.209570957095708721e+00 -3.838204334103386461e+00
1.210176017601759746e+00 -3.841214172355144285e+00
1.210781078107809883e+00 -3.844226863806296635e+00
1.211386138613860908e+00 -3.847242408708111405e+00
1.211991199119911045e+00 -3.850260807311842726e+00
1.212596259625962070e+00 -3.853282059868762488e+00
1.213201320132012206e+00 -3.856306166630121712e+00
1.213806380638063231e+00 -3.859333127847192291e+00
1.214411441144114256e+00 -3.862362943771232349e+00
1.215016501650164393e+00 -3.865395614653496459e+00
1.215621562156215418e+00 -3.868431140745258290e+00
1.216226622662265555e+00 -3.871469522297769750e+00
1.216831683168316580e+00 -3.874510759562301843e+00
1.217436743674366717e+00 -3.877554852790106921e+00
1.218041804180417742e+00 -3.880601802232455100e+00
1.218646864686467879e+00 -3.883651608140601397e+00
1.219251925192518904e+00 -3.886704270765815039e+00
1.219856985698569041e+00 -3.889759790359349267e+00
1.220462046204620066e+00 -3.892818167172475086e+00
1.221067106710670203e+00 -3.895879401456444846e+00
1.221672167216721228e+00 -3.898943493462529997e+00
1.222277227722771364e+00 -3.902010443441982446e+00
1.222882288228822389e+00 -3.905080251646074085e+00
1.223487348734872526e+00 -3.908152918326057712e+00
1.224092409240923551e+00 -3.911228443733204330e+00
1.224697469746974576e+00 -3.914306828118769399e+00
1.225302530253024713e+00 -3.917388071734011934e+00
1.225907590759075738e+00 -3.920472174830203382e+00
1.226512651265125875e+00 -3.923559137658595652e+00
1.227117711771176900e+00 -3.926648960470458860e+00
1.227722772277227037e+00 -3.929741643517046690e+00
1.228327832783278062e+00 -3.932837187049630145e+00
1.228932893289328199e+00 -3.935935591319461579e+00
1.229537953795379224e+00 -3.939036856577811996e+00
1.230143014301429361e+00 -3.942140983075934635e+00
1.230748074807480386e+00 -3.945247971065100057e+00
1.231353135313530522e+00 -3.948357820796561057e+00
1.231958195819581547e+00 -3.951470532521588197e+00
1.232563256325631684e+00 -3.954586106491435604e+00
1.233168316831682709e+00 -3.957704542957372063e+00
1.233773377337732846e+00 -3.960825842170651701e+00
1.234378437843783871e+00 -3.963950004382544634e+00
1.234983498349834008e+00 -3.967077029844305436e+00
1.235588558855885033e+00 -3.970206918807202889e+00
1.236193619361936058e+00 -3.973339671522495120e+00
1.236798679867986195e+00 -3.976475288241440254e+00
1.237403740374037220e+00 -3.979613769215307961e+00
1.238008800880087357e+00 -3.982755114695351040e+00
1.238613861386138382e+00 -3.985899324932841381e+00
1.239218921892188519e+00 -3.989046400179030893e+00
1.239823982398239544e+00 -3.992196340685191025e+00
1.240429042904289680e+00 -3.995349146702575460e+00
1.241034103410340705e+00 -3.998504818482452983e+00
1.241639163916390842e+00 -4.001663356276076833e+00
1.242244224422441867e+00 -4.004824760334719791e+00
1.242849284928492004e+00 -4.007989030909631545e+00
1.243454345434543029e+00 -4.011156168252085763e+00
1.244059405940593166e+00 -4.014326172613335686e+00
1.244664466446644191e+00 -4.017499044244647877e+00
1.245269526952694328e+00 -4.020674783397280017e+00
1.245874587458745353e+00 -4.023853390322500445e+00
1.246479647964795490e+00 -4.027034865271563291e+00
1.247084708470846515e+00 -4.030219208495737782e+00
1.247689768976897540e+00 -4.033406420246281598e+00
1.248294829482947677e+00 -4.036596500774453311e+00
1.248899889988998702e+00 -4.039789450331523035e+00
1.249504950495048838e+00 -4.042985269168744011e+00
1.250110011001099863e+00 -4.046183957537386355e+00
1.250715071507150000e+00 -4.049385515688702419e+00
1.251320132013201025e+00 -4.052589943873964984e+00
1.251925192519251162e+00 -4.055797242344425513e+00
1.252530253025302187e+00 -4.059007411351355010e+00
1.253135313531352324e+00 -4.062220451146005828e+00
1.253740374037403349e+00 -4.065436361979650748e+00
1.254345434543453486e+00 -4.068655144103541232e+00
1.254950495049504511e+00 -4.071876797768946510e+00
1.255555555555554648e+00 -4.075101323227122485e+00
1.256160616061605673e+00 -4.078328720729338386e+00
1.256765676567655809e+00 -4.081558990526846564e+00
1.257370737073706835e+00 -4.084792132870919801e+00
1.257975797579756971e+00 -4.088028148012808671e+00
1.258580858085807996e+00 -4.091267036203785068e+00
1.259185918591859021e+00 -4.094508797695106672e+00
1.259790979097909158e+00 -4.097753432738030277e+00
1.260396039603960183e+00 -4.101000941583827775e+00
1.261001100110010320e+00 -4.104251324483749741e+00
1.261606160616061345e+00 -4.107504581689069845e+00
1.262211221122111482e+00 -4.110760713451038662e+00
1.262816281628162507e+00 -4.114019720020928972e+00
1.263421342134212644e+00 -4.117281601649990463e+00
1.264026402640263669e+00 -4.120546358589498581e+00
1.264631463146313806e+00 -4.123813991090700348e+00
1.265236523652364831e+00 -4.127084499404872986e+00
1.265841584158414967e+00 -4.130357883783263517e+00
1.266446644664465992e+00 -4.133634144477147387e+00
1.267051705170516129e+00 -4.136913281737776060e+00
1.267656765676567154e+00 -4.140195295816418763e+00
1.268261826182617291e+00 -4.143480186964330514e+00
1.268866886688668316e+00 -4.146767955432778763e+00
1.269471947194719341e+00 -4.150058601473025632e+00
1.270077007700769478e+00 -4.153352125336324363e+00
1.270682068206820503e+00 -4.156648527273948623e+00
1.271287128712870640e+00 -4.159947807537150766e+00
1.271892189218921665e+00 -4.163249966377199129e+00
1.272497249724971802e+00 -4.166555004045349619e+00
1.273102310231022827e+00 -4.169862920792871464e+00
1.273707370737072964e+00 -4.173173716871016126e+00
1.274312431243123989e+00 -4.176487392531059939e+00
1.274917491749174125e+00 -4.179803948024249038e+00
1.275522552255225150e+00 -4.183123383601857981e+00
1.276127612761275287e+00 -4.186445699515139118e+00
1.276732673267326312e+00 -4.189770896015362567e+00
1.277337733773376449e+00 -4.193098973353782455e+00
1.277942794279427474e+00 -4.196429931781668898e+00
1.278547854785477611e+00 -4.199763771550273361e+00
1.279152915291528636e+00 -4.203100492910868624e+00
1.279757975797578773e+00 -4.206440096114706151e+00
1.280363036303629798e+00 -4.209782581413059610e+00
1.280968096809680823e+00 -4.213127949057183130e+00
1.281573157315730960e+00 -4.216476199298336169e+00
1.282178217821781985e+00 -4.219827332387787067e+00
1.282783278327832122e+00 -4.223181348576789063e+00
1.283388338833883147e+00 -4.226538248116616714e+00
1.283993399339933283e+00 -4.229898031258517932e+00
1.284598459845984308e+00 -4.233260698253767274e+00
1.285203520352034445e+00 -4.236626249353616203e+00
1.285808580858085470e+00 -4.239994684809335723e+00
1.286413641364135607e+00 -4.243366004872177299e+00
1.287018701870186632e+00 -4.246740209793415488e+00
1.287623762376236769e+00 -4.250117299824298200e+00
1.288228822882287794e+00 -4.253497275216099993e+00
1.288833883388337931e+00 -4.256880136220070554e+00
1.289438943894388956e+00 -4.260265883087484440e+00
1.290044004400439093e+00 -4.263654516069592226e+00
1.290649064906490118e+00 -4.267046035417665806e+00
1.291254125412540255e+00 -4.270440441382956642e+00
1.291859185918591280e+00 -4.273837734216735740e+00
1.292464246424642305e+00 -4.277237914170262556e+00
1.293069306930692441e+00 -4.280640981494791220e+00
1.293674367436743466e+00 -4.284046936441596287e+00
1.294279427942793603e+00 -4.287455779261927447e+00
1.294884488448844628e+00 -4.290867510207056590e+00
1.295489548954894765e+00 -4.294282129528236958e+00
1.296094609460945790e+00 -4.297699637476737777e+00
1.296699669966995927e+00 -4.301120034303814066e+00
1.297304730473046952e+00 -4.304543320260737715e+00
1.297909790979097089e+00 -4.307969495598756637e+00
1.298514851485148114e+00 -4.311398560569145388e+00
1.299119911991198251e+00 -4.314830515423157209e+00
1.299724972497249276e+00 -4.318265360412059550e+00
1.300330033003299413e+00 -4.321703095773901993e+00
1.300935093509350438e+00 -4.325143721499134841e+00
1.301540154015400574e+00 -4.328587237358294537e+00
1.302145214521451599e+00 -4.332033643114285404e+00
1.302750275027502624e+00 -4.335482938530003771e+00
1.303355335533552761e+00 -4.338935123368338864e+00
1.303960396039603786e+00 -4.342390197392203888e+00
1.304565456545653923e+00 -4.345848160364486290e+00
1.305170517051704948e+00 -4.349309012048090395e+00
1.305775577557755085e+00 -4.352772752205905427e+00
1.306380638063806110e+00 -4.356239380600844591e+00
1.306985698569856247e+00 -4.359708896995792671e+00
1.307590759075907272e+00 -4.363181301153653990e+00
1.308195819581957409e+00 -4.366656592837322215e+00
1.308800880088008434e+00 -4.370134771809703444e+00
1.309405940594058571e+00 -4.373615837833685127e+00
1.310011001100109596e+00 -4.377099790672178692e+00
1.310616061606159732e+00 -4.380586630088068034e+00
1.311221122112210757e+00 -4.384076355844264583e+00
1.311826182618260894e+00 -4.387568967703653122e+00
1.312431243124311919e+00 -4.391064465429145081e+00
1.313036303630362056e+00 -4.394562848783627906e+00
1.313641364136413081e+00 -4.398064117530008588e+00
1.314246424642464106e+00 -4.401568271431181678e+00
1.314851485148514243e+00 -4.405075310250039067e+00
1.315456545654565268e+00 -4.408585233749489518e+00
1.316061606160615405e+00 -4.412098041692423145e+00
1.316666666666666430e+00 -4.415613733841745159e+00
1.317271727172716567e+00 -4.419132309960343896e+00
1.317876787678767592e+00 -4.422653769811129010e+00
1.318481848184817729e+00 -4.426178113156988836e+00
1.319086908690868754e+00 -4.429705339760829474e+00
1.319691969196918890e+00 -4.433235449385541926e+00
1.320297029702969915e+00 -4.436768441794032292e+00
1.320902090209020052e+00 -4.440304316749189795e+00
1.321507150715071077e+00 -4.443843074013922312e+00
1.322112211221121214e+00 -4.447384713351118180e+00
1.322717271727172239e+00 -4.450929234523684386e+00
1.323322332233222376e+00 -4.454476637294511931e+00
1.323927392739273401e+00 -4.458026921426506028e+00
1.324532453245323538e+00 -4.461580086682555013e+00
1.325137513751374563e+00 -4.465136132825568538e+00
1.325742574257425588e+00 -4.468695059618440268e+00
1.326347634763475725e+00 -4.472256866824061206e+00
1.326952695269526750e+00 -4.475821554205341890e+00
1.327557755775576886e+00 -4.479389121525168882e+00
1.328162816281627912e+00 -4.482959568546451834e+00
1.328767876787678048e+00 -4.486532895032075530e+00
1.329372937293729073e+00 -4.490109100744951398e+00
1.329977997799779210e+00 -4.493688185447967776e+00
1.330583058305830235e+00 -4.497270148904031650e+00
1.331188118811880372e+00 -4.500854990876030470e+00
1.331793179317931397e+00 -4.504442711126873888e+00
1.332398239823981534e+00 -4.508033309419450241e+00
1.333003300330032559e+00 -4.511626785516666516e+00
1.333608360836082696e+00 -4.515223139181410161e+00
1.334213421342133721e+00 -4.518822370176591718e+00
1.334818481848183858e+00 -4.522424478265098635e+00
1.335423542354234883e+00 -4.526029463209837012e+00
1.336028602860285019e+00 -4.529637324773697848e+00
1.336633663366336044e+00 -4.533248062719588134e+00
1.337238723872387069e+00 -4.536861676810400645e+00
1.337843784378437206e+00 -4.540478166809029936e+00
1.338448844884488231e+00 -4.544097532478382995e+00
1.339053905390538368e+00 -4.547719773581346381e+00
1.339658965896589393e+00 -4.551344889880832412e+00
1.340264026402639530e+00 -4.554972881139725871e+00
1.340869086908690555e+00 -4.558603747120936411e+00
1.341474147414740692e+00 -4.562237487587352369e+00
1.342079207920791717e+00 -4.565874102301880733e+00
1.342684268426841854e+00 -4.569513591027410726e+00
1.343289328932892879e+00 -4.573155953526850226e+00
1.343894389438943016e+00 -4.576801189563088457e+00
1.344499449944994041e+00 -4.580449298899030630e+00
1.345104510451044177e+00 -4.584100281297568635e+00
1.345709570957095202e+00 -4.587754136521606796e+00
1.346314631463145339e+00 -4.591410864334036113e+00
1.346919691969196364e+00 -4.595070464497764462e+00
1.347524752475247389e+00 -4.598732936775684621e+00
1.348129812981297526e+00 -4.602398280930688479e+00
1.348734873487348551e+00 -4.606066496725686576e+00
1.349339933993398688e+00 -4.609737583923565474e+00
1.349944994499449713e+00 -4.613411542287234823e+00
1.350550055005499850e+00 -4.617088371579580297e+00
1.351155115511550875e+00 -4.620768071563513324e+00
1.351760176017601012e+00 -4.624450642001918688e+00
1.352365236523652037e+00 -4.628136082657706929e+00
1.352970297029702174e+00 -4.631824393293764608e+00
1.353575357535753199e+00 -4.635515573673003153e+00
1.354180418041803335e+00 -4.639209623558306461e+00
1.354785478547854360e+00 -4.642906542712585960e+00
1.355390539053904497e+00 -4.646606330898726434e+00
1.355995599559955522e+00 -4.650308987879639311e+00
1.356600660066005659e+00 -4.654014513418212040e+00
1.357205720572056684e+00 -4.657722907277352498e+00
1.357810781078106821e+00 -4.661434169219948132e+00
1.358415841584157846e+00 -4.665148299008908594e+00
1.359020902090208871e+00 -4.668865296407126664e+00
1.359625962596259008e+00 -4.672585161177493340e+00
1.360231023102310033e+00 -4.676307893082920053e+00
1.360836083608360170e+00 -4.680033491886292474e+00
1.361441144114411195e+00 -4.683761957350522032e+00
1.362046204620461332e+00 -4.687493289238490846e+00
1.362651265126512357e+00 -4.691227487313113897e+00
1.363256325632562493e+00 -4.694964551337275083e+00
1.363861386138613518e+00 -4.698704481073884054e+00
1.364466446644663655e+00 -4.702447276285829147e+00
1.365071507150714680e+00 -4.706192936736018240e+00
1.365676567656764817e+00 -4.709941462187338779e+00
1.366281628162815842e+00 -4.713692852402700417e+00
1.366886688668865979e+00 -4.717447107144989715e+00
1.367491749174917004e+00 -4.721204226177116325e+00
1.368096809680967141e+00 -4.724964209261967696e+00
1.368701870187018166e+00 -4.728727056162454367e+00
1.369306930693068303e+00 -4.732492766641458459e+00
1.369911991199119328e+00 -4.736261340461894065e+00
1.370517051705170353e+00 -4.740032777386653073e+00
1.371122112211220490e+00 -4.743807077178625597e+00
1.371727172717271515e+00 -4.747584239600724842e+00
1.372332233223321651e+00 -4.751364264415832928e+00
1.372937293729372676e+00 -4.755147151386863946e+00
1.373542354235422813e+00 -4.758932900276702682e+00
1.374147414741473838e+00 -4.762721510848257900e+00
1.374752475247523975e+00 -4.766512982864417047e+00
1.375357535753575000e+00 -4.770307316088091554e+00
1.375962596259625137e+00 -4.774104510282166203e+00
1.376567656765676162e+00 -4.777904565209550647e+00
1.377172717271726299e+00 -4.781707480633130558e+00
1.377777777777777324e+00 -4.785513256315819142e+00
1.378382838283827461e+00 -4.789321892020499405e+00
1.378987898789878486e+00 -4.793133387510083665e+00
1.379592959295928623e+00 -4.796947742547458482e+00
1.380198019801979648e+00 -4.800764956895530844e+00
1.380803080308029784e+00 -4.804585030317189087e+00
1.381408140814080809e+00 -4.808407962575343753e+00
1.382013201320131834e+00 -4.812233753432884953e+00
1.382618261826181971e+00 -4.816062402652708130e+00
1.383223322332232996e+00 -4.819893909997721160e+00
1.383828382838283133e+00 -4.823728275230810603e+00
1.384433443344334158e+00 -4.827565498114887887e+00
1.385038503850384295e+00 -4.831405578412836022e+00
1.385643564356435320e+00 -4.835248515887569098e+00
1.386248624862485457e+00 -4.839094310301972790e+00
1.386853685368536482e+00 -4.842942961418952308e+00
1.387458745874586619e+00 -4.846794469001399541e+00
1.388063806380637644e+00 -4.850648832812221478e+00
1.388668866886687780e+00 -4.854506052614308231e+00
1.389273927392738806e+00 -4.858366128170565013e+00
1.389878987898788942e+00 -4.862229059243881046e+00
1.390484048404839967e+00 -4.866094845597165097e+00
1.391089108910890104e+00 -4.869963486993301949e+00
1.391694169416941129e+00 -4.873834983195207471e+00
1.392299229922992154e+00 -4.877709333965767335e+00
1.392904290429042291e+00 -4.881586539067879649e+00
1.393509350935093316e+00 -4.885466598264447846e+00
1.394114411441143453e+00 -4.889349511318362929e+00
1.394719471947194478e+00 -4.893235277992534549e+00
1.395324532453244615e+00 -4.897123898049848378e+00
1.395929592959295640e+00 -4.901015371253214070e+00
1.396534653465345777e+00 -4.904909697365517296e+00
1.397139713971396802e+00 -4.908806876149670373e+00
1.397744774477446938e+00 -4.912706907368557196e+00
1.398349834983497963e+00 -4.916609790785089196e+00
1.398954895489548100e+00 -4.920515526162153819e+00
1.399559955995599125e+00 -4.924424113262658054e+00
1.400165016501649262e+00 -4.928335551849488461e+00
1.400770077007700287e+00 -4.932249841685559133e+00
1.401375137513750424e+00 -4.936166982533753966e+00
1.401980198019801449e+00 -4.940086974156979949e+00
1.402585258525851586e+00 -4.944009816318128081e+00
1.403190319031902611e+00 -4.947935508780106240e+00
1.403795379537953636e+00 -4.951864051305807202e+00
1.404400440044003773e+00 -4.955795443658122856e+00
1.405005500550054798e+00 -4.959729685599961968e+00
1.405610561056104935e+00 -4.963666776894212873e+00
1.406215621562155960e+00 -4.967606717303787001e+00
1.406820682068206096e+00 -4.971549506591567358e+00
1.407425742574257121e+00 -4.975495144520464486e+00
1.408030803080307258e+00 -4.979443630853366720e+00
1.408635863586358283e+00 -4.983394965353182826e+00
1.409240924092408420e+00 -4.987349147782799363e+00
1.409845984598459445e+00 -4.991306177905125097e+00
1.410451045104509582e+00 -4.995266055483048362e+00
1.411056105610560607e+00 -4.999228780279477924e+00
1.411661166116610744e+00 -5.003194352057299454e+00
1.412266226622661769e+00 -5.007162770579426159e+00
1.412871287128711906e+00 -5.011134035608741932e+00
1.413476347634762931e+00 -5.015108146908154652e+00
1.414081408140813068e+00 -5.019085104240556205e+00
1.414686468646864093e+00 -5.023064907368852694e+00
1.415291529152915118e+00 -5.027047556055934230e+00
1.415896589658965254e+00 -5.031033050064698031e+00
1.416501650165016279e+00 -5.035021389158051974e+00
1.417106710671066416e+00 -5.039012573098884396e+00
1.417711771177117441e+00 -5.043006601650102283e+00
1.418316831683167578e+00 -5.047003474574592197e+00
1.418921892189218603e+00 -5.051003191635265566e+00
1.419526952695268740e+00 -5.055005752595008950e+00
1.420132013201319765e+00 -5.059011157216731114e+00
1.420737073707369902e+00 -5.063019405263318617e+00
1.421342134213420927e+00 -5.067030496497682002e+00
1.421947194719471064e+00 -5.071044430682707826e+00
1.422552255225522089e+00 -5.075061207581307521e+00
1.423157315731572226e+00 -5.079080826956363204e+00
1.423762376237623251e+00 -5.083103288570787193e+00
1.424367436743673387e+00 -5.087128592187467824e+00
1.424972497249724412e+00 -5.091156737569311197e+00
1.425577557755775437e+00 -5.095187724479213642e+00
1.426182618261825574e+00 -5.099221552680064384e+00
1.426787678767876599e+00 -5.103258221934773964e+00
1.427392739273926736e+00 -5.107297732006229829e+00
1.427997799779977761e+00 -5.111340082657341632e+00
1.428602860286027898e+00 -5.115385273650994158e+00
1.429207920792078923e+00 -5.119433304750100611e+00
1.429812981298129060e+00 -5.123484175717544886e+00
1.430418041804180085e+00 -5.127537886316237525e+00
1.431023102310230222e+00 -5.131594436309065088e+00
1.431628162816281247e+00 -5.135653825458936339e+00
1.432233223322331384e+00 -5.139716053528739614e+00
1.432838283828382409e+00 -5.143781120281384567e+00
1.433443344334432545e+00 -5.147849025479756868e+00
1.434048404840483570e+00 -5.151919768886767059e+00
1.434653465346533707e+00 -5.155993350265299036e+00
1.435258525852584732e+00 -5.160069769378268667e+00
1.435863586358634869e+00 -5.164149025988553632e+00
1.436468646864685894e+00 -5.168231119859072464e+00
1.437073707370736919e+00 -5.172316050752713501e+00
1.437678767876787056e+00 -5.176403818432367743e+00
1.438283828382838081e+00 -5.180494422660946618e+00
1.438888888888888218e+00 -5.184587863201338465e+00
1.439493949394939243e+00 -5.188684139816451157e+00
1.440099009900989380e+00 -5.192783252269170369e+00
1.440704070407040405e+00 -5.196885200322407528e+00
1.441309130913090542e+00 -5.200989983739047418e+00
1.441914191419141567e+00 -5.205097602282002356e+00
1.442519251925191703e+00 -5.209208055714158014e+00
1.443124312431242728e+00 -5.213321343798423158e+00
1.443729372937292865e+00 -5.217437466297684345e+00
1.444334433443343890e+00 -5.221556422974854783e+00
1.444939493949394027e+00 -5.225678213592815702e+00
1.445544554455445052e+00 -5.229802837914479419e+00
1.446149614961495189e+00 -5.233930295702733382e+00
1.446754675467546214e+00 -5.238060586720487244e+00
1.447359735973596351e+00 -5.242193710730625789e+00
1.447964796479647376e+00 -5.246329667496060445e+00
1.448569856985698401e+00 -5.250468456779682214e+00
1.449174917491748538e+00 -5.254610078344385649e+00
1.449779977997799563e+00 -5.258754531953077738e+00
1.450385038503849700e+00 -5.262901817368646817e+00
1.450990099009900725e+00 -5.267051934354004317e+00
1.451595159515950861e+00 -5.271204882672033243e+00
1.452200220022001886e+00 -5.275360662085643249e+00
1.452805280528052023e+00 -5.279519272357725335e+00
1.453410341034103048e+00 -5.283680713251186489e+00
1.454015401540153185e+00 -5.287844984528911496e+00
1.454620462046204210e+00 -5.292012085953814449e+00
1.455225522552254347e+00 -5.296182017288778354e+00
1.455830583058305372e+00 -5.300354778296714642e+00
1.456435643564355509e+00 -5.304530368740508095e+00
1.457040704070406534e+00 -5.308708788383070143e+00
1.457645764576456671e+00 -5.312890036987288234e+00
1.458250825082507696e+00 -5.317074114316070244e+00
1.458855885588557832e+00 -5.321261020132302733e+00
1.459460946094608857e+00 -5.325450754198898906e+00
1.460066006600659883e+00 -5.329643316278744436e+00
1.460671067106710019e+00 -5.333838706134739205e+00
1.461276127612761044e+00 -5.338036923529788425e+00
1.461881188118811181e+00 -5.342237968226779543e+00
1.462486248624862206e+00 -5.346441839988623101e+00
1.463091309130912343e+00 -5.350648538578204771e+00
1.463696369636963368e+00 -5.354858063758435094e+00
1.464301430143013505e+00 -5.359070415292197964e+00
1.464906490649064530e+00 -5.363285592942408364e+00
1.465511551155114667e+00 -5.367503596471948413e+00
1.466116611661165692e+00 -5.371724425643731315e+00
1.466721672167215829e+00 -5.375948080220640080e+00
1.467326732673266854e+00 -5.380174559965586134e+00
1.467931793179316990e+00 -5.384403864641456039e+00
1.468536853685368015e+00 -5.388635994011161223e+00
1.469141914191418152e+00 -5.392870947837585582e+00
1.469746974697469177e+00 -5.397108725883640545e+00
1.470352035203520202e+00 -5.401349327912217113e+00
1.470957095709570339e+00 -5.405592753686208951e+00
1.471562156215621364e+00 -5.409839002968526600e+00
1.472167216721671501e+00 -5.414088075522053067e+00
1.472772277227722526e+00 -5.418339971109701558e+00
1.473377337733772663e+00 -5.422594689494357745e+00
1.473982398239823688e+00 -5.426852230438933056e+00
1.474587458745873825e+00 -5.431112593706308722e+00
1.475192519251924850e+00 -5.435375779059399726e+00
1.475797579757974987e+00 -5.439641786261092626e+00
1.476402640264026012e+00 -5.443910615074292636e+00
1.477007700770076148e+00 -5.448182265261891644e+00
1.477612761276127173e+00 -5.452456736586796637e+00
1.478217821782177310e+00 -5.456734028811894177e+00
1.478822882288228335e+00 -5.461014141700094804e+00
1.479427942794278472e+00 -5.465297075014285078e+00
1.480033003300329497e+00 -5.469582828517372874e+00
1.480638063806379634e+00 -5.473871401972247419e+00
1.481243124312430659e+00 -5.478162795141818364e+00
1.481848184818481684e+00 -5.482457007788976711e+00
1.482453245324531821e+00 -5.486754039676615236e+00
1.483058305830582846e+00 -5.491053890567643592e+00
1.483663366336632983e+00 -5.495356560224948339e+00
1.484268426842684008e+00 -5.499662048411440907e+00
1.484873487348734145e+00 -5.503970354890005190e+00
1.485478547854785170e+00 -5.508281479423552618e+00
1.486083608360835306e+00 -5.512595421774970639e+00
1.486688668866886331e+00 -5.516912181707164464e+00
1.487293729372936468e+00 -5.521231758983025983e+00
1.487898789878987493e+00 -5.525554153365464849e+00
1.488503850385037630e+00 -5.529879364617363180e+00
1.489108910891088655e+00 -5.534207392501634182e+00
1.489713971397138792e+00 -5.538538236781163526e+00
1.490319031903189817e+00 -5.542871897218861754e+00
1.490924092409239954e+00 -5.547208373577614537e+00
1.491529152915290979e+00 -5.551547665620330640e+00
1.492134213421341116e+00 -5.555889773109898400e+00
1.492739273927392141e+00 -5.560234695809228356e+00
1.493344334433443166e+00 -5.564582433481211510e+00
1.493949394939493303e+00 -5.568932985888740639e+00
1.494554455445544328e+00 -5.573286352794724507e+00
1.495159515951594464e+00 -5.577642533962050564e+00
1.495764576457645489e+00 -5.582001529153627573e+00
1.496369636963695626e+00 -5.586363338132343870e+00
1.496974697469746651e+00 -5.590727960661108220e+00
1.497579757975796788e+00 -5.595095396502808072e+00
1.498184818481847813e+00 -5.599465645420352189e+00
1.498789878987897950e+00 -5.603838707176627132e+00
1.499394939493948975e+00 -5.608214581534542553e+00
1.499999999999999112e+00 -5.612593268256985013e+00
1.500605060506050137e+00 -5.616974767106866828e+00
1.501210121012100274e+00 -5.621359077847071006e+00
1.501815181518151299e+00 -5.625746200240508976e+00
1.502420242024201436e+00 -5.630136134050069963e+00
1.503025302530252461e+00 -5.634528879038656513e+00
1.503630363036302597e+00 -5.638924434969161403e+00
1.504235423542353622e+00 -5.643322801604493399e+00
1.504840484048404647e+00 -5.647723978707544390e+00
1.505445544554454784e+00 -5.652127966041206264e+00
1.506050605060505809e+00 -5.656534763368387786e+00
1.506655665566555946e+00 -5.660944370451979069e+00
1.507260726072606971e+00 -5.665356787054886212e+00
1.507865786578657108e+00 -5.669772012939997552e+00
1.508470847084708133e+00 -5.674190047870223630e+00
1.509075907590758270e+00 -5.678610891608447453e+00
1.509680968096809295e+00 -5.683034543917583115e+00
1.510286028602859432e+00 -5.687461004560514510e+00
1.510891089108910457e+00 -5.691890273300152181e+00
1.511496149614960594e+00 -5.696322349899383575e+00
1.512101210121011619e+00 -5.700757234121119232e+00
1.512706270627061755e+00 -5.705194925728240385e+00
1.513311331133112780e+00 -5.709635424483663790e+00
1.513916391639162917e+00 -5.714078730150269791e+00
1.514521452145213942e+00 -5.718524842490975146e+00
1.515126512651264967e+00 -5.722973761268667303e+00
1.515731573157315104e+00 -5.727425486246236375e+00
1.516336633663366129e+00 -5.731880017186598231e+00
1.516941694169416266e+00 -5.736337353852635879e+00
1.517546754675467291e+00 -5.740797496007259859e+00
1.518151815181517428e+00 -5.745260443413357621e+00
1.518756875687568453e+00 -5.749726195833838815e+00
1.519361936193618590e+00 -5.754194753031587339e+00
1.519966996699669615e+00 -5.758666114769516398e+00
1.520572057205719751e+00 -5.763140280810510774e+00
1.521177117711770777e+00 -5.767617250917480121e+00
1.521782178217820913e+00 -5.772097024853312774e+00
1.522387238723871938e+00 -5.776579602380916612e+00
1.522992299229922075e+00 -5.781064983263178192e+00
1.523597359735973100e+00 -5.785553167263008056e+00
1.524202420242023237e+00 -5.790044154143293653e+00
1.524807480748074262e+00 -5.794537943666942859e+00
1.525412541254124399e+00 -5.799034535596844009e+00
1.526017601760175424e+00 -5.803533929695904092e+00
1.526622662266226449e+00 -5.808036125727020327e+00
1.527227722772276586e+00 -5.812541123453080161e+00
1.527832783278327611e+00 -5.817048922636997688e+00
1.528437843784377748e+00 -5.821559523041654138e+00
1.529042904290428773e+00 -5.826072924429963606e+00
1.529647964796478909e+00 -5.830589126564811764e+00
1.530253025302529934e+00 -5.835108129209108263e+00
1.530858085808580071e+00 -5.839629932125738776e+00
1.531463146314631096e+00 -5.844154535077614732e+00
1.532068206820681233e+00 -5.848681937827620914e+00
1.532673267326732258e+00 -5.853212140138669639e+00
1.533278327832782395e+00 -5.857745141773644804e+00
1.533883388338833420e+00 -5.862280942495456060e+00
1.534488448844883557e+00 -5.866819542066992632e+00
1.535093509350934582e+00 -5.871360940251162397e+00
1.535698569856984719e+00 -5.875905136810851914e+00
1.536303630363035744e+00 -5.880452131508972613e+00
1.536908690869085881e+00 -5.885001924108408389e+00
1.537513751375136906e+00 -5.889554514372072447e+00
1.538118811881187931e+00 -5.894109902062854900e+00
1.538723872387238067e+00 -5.898668086943645861e+00
1.539328932893289092e+00 -5.903229068777361199e+00
1.539933993399339229e+00 -5.907792847326881258e+00
1.540539053905390254e+00 -5.912359422355119243e+00
1.541144114411440391e+00 -5.916928793624960825e+00
1.541749174917491416e+00 -5.921500960899318322e+00
1.542354235423541553e+00 -5.926075923941072077e+00
1.542959295929592578e+00 -5.930653682513140623e+00
1.543564356435642715e+00 -5.935234236378401640e+00
1.544169416941693740e+00 -5.939817585299770109e+00
1.544774477447743877e+00 -5.944403729040130813e+00
1.545379537953794902e+00 -5.948992667362396958e+00
1.545984598459845039e+00 -5.953584400029449775e+00
1.546589658965896064e+00 -5.958178926804203357e+00
1.547194719471946200e+00 -5.962776247449542488e+00
1.547799779977997225e+00 -5.967376361728375045e+00
1.548404840484048250e+00 -5.971979269403597357e+00
1.549009900990098387e+00 -5.976584970238098649e+00
1.549614961496149412e+00 -5.981193463994792126e+00
1.550220022002199549e+00 -5.985804750436559019e+00
1.550825082508250574e+00 -5.990418829326314309e+00
1.551430143014300711e+00 -5.995035700426941894e+00
1.552035203520351736e+00 -5.999655363501350536e+00
1.552640264026401873e+00 -6.004277818312431236e+00
1.553245324532452898e+00 -6.008903064623090096e+00
1.553850385038503035e+00 -6.013531102196213673e+00
1.554455445544554060e+00 -6.018161930794713399e+00
1.555060506050604197e+00 -6.022795550181474056e+00
1.555665566556655222e+00 -6.027431960119407961e+00
1.556270627062705358e+00 -6.032071160371399010e+00
1.556875687568756383e+00 -6.036713150700359520e+00
1.557480748074806520e+00 -6.041357930869173387e+00
1.558085808580857545e+00 -6.046005500640752928e+00
1.558690869086907682e+00 -6.050655859777983814e+00
1.559295929592958707e+00 -6.055309008043772145e+00
1.559900990099009732e+00 -6.059964945201018693e+00
1.560506050605059869e+00 -6.064623671012607353e+00
1.561111111111110894e+00 -6.069285185241452218e+00
1.561716171617161031e+00 -6.073949487650439849e+00
1.562321232123212056e+00 -6.078616578002479898e+00
1.562926292629262193e+00 -6.083286456060456260e+00
1.563531353135313218e+00 -6.087959121587282141e+00
1.564136413641363355e+00 -6.092634574345842324e+00
1.564741474147414380e+00 -6.097312814099045575e+00
1.565346534653464516e+00 -6.101993840609781117e+00
1.565951595159515541e+00 -6.106677653640959491e+00
1.566556655665565678e+00 -6.111364252955461929e+00
1.567161716171616703e+00 -6.116053638316204299e+00
1.567766776677666840e+00 -6.120745809486066946e+00
1.568371837183717865e+00 -6.125440766227967515e+00
1.568976897689768002e+00 -6.130138508304785461e+00
1.569581958195819027e+00 -6.134839035479435765e+00
1.570187018701869164e+00 -6.139542347514797882e+00
1.570792079207920189e+00 -6.144248444173791235e+00
1.571397139713971214e+00 -6.148957325219299719e+00
1.572002200220021351e+00 -6.153668990414221440e+00
1.572607260726072376e+00 -6.158383439521465164e+00
1.573212321232122513e+00 -6.163100672303912120e+00
1.573817381738173538e+00 -6.167820688524480843e+00
1.574422442244223674e+00 -6.172543487946049900e+00
1.575027502750274699e+00 -6.177269070331534273e+00
1.575632563256324836e+00 -6.181997435443816968e+00
1.576237623762375861e+00 -6.186728583045812080e+00
1.576842684268425998e+00 -6.191462512900401727e+00
1.577447744774477023e+00 -6.196199224770499114e+00
1.578052805280527160e+00 -6.200938718418988138e+00
1.578657865786578185e+00 -6.205680993608780227e+00
1.579262926292628322e+00 -6.210426050102761053e+00
1.579867986798679347e+00 -6.215173887663842045e+00
1.580473047304729484e+00 -6.219924506054907987e+00
1.581078107810780509e+00 -6.224677905038870307e+00
1.581683168316830645e+00 -6.229434084378612013e+00
1.582288228822881671e+00 -6.234193043837047199e+00
1.582893289328932696e+00 -6.238954783177067753e+00
1.583498349834982832e+00 -6.243719302161563789e+00
1.584103410341033857e+00 -6.248486600553446735e+00
1.584708470847083994e+00 -6.253256678115599598e+00
1.585313531353135019e+00 -6.258029534610936473e+00
1.585918591859185156e+00 -6.262805169802343030e+00
1.586523652365236181e+00 -6.267583583452730700e+00
1.587128712871286318e+00 -6.272364775324979824e+00
1.587733773377337343e+00 -6.277148745182008049e+00
1.588338833883387480e+00 -6.281935492786697495e+00
1.588943894389438505e+00 -6.286725017901957813e+00
1.589548954895488642e+00 -6.291517320290673787e+00
1.590154015401539667e+00 -6.296312399715761288e+00
1.590759075907589803e+00 -6.301110255940103322e+00
1.591364136413640828e+00 -6.305910888726609542e+00
1.591969196919690965e+00 -6.310714297838164732e+00
1.592574257425741990e+00 -6.315520483037682986e+00
1.593179317931793015e+00 -6.320329444088056192e+00
1.593784378437843152e+00 -6.325141180752170911e+00
1.594389438943894177e+00 -6.329955692792943012e+00
1.594994499449944314e+00 -6.334772979973255502e+00
1.595599559955995339e+00 -6.339593042056021588e+00
1.596204620462045476e+00 -6.344415878804124276e+00
1.596809680968096501e+00 -6.349241489980475883e+00
1.597414741474146638e+00 -6.354069875347962082e+00
1.598019801980197663e+00 -6.358901034669495189e+00
1.598624862486247800e+00 -6.363734967707954659e+00
1.599229922992298825e+00 -6.368571674226258139e+00
1.599834983498348961e+00 -6.373411153987287747e+00
1.600440044004399986e+00 -6.378253406630166822e+00
1.601045104510450123e+00 -6.383098430630801623e+00
1.601650165016501148e+00 -6.387946223827816183e+00
1.602255225522551285e+00 -6.392796784053264680e+00
1.602860286028602310e+00 -6.397650109139236818e+00
1.603465346534652447e+00 -6.402506196917792991e+00
1.604070407040703472e+00 -6.407365045221023792e+00
1.604675467546754497e+00 -6.412226651880994943e+00
1.605280528052804634e+00 -6.417091014729770393e+00
1.605885588558855659e+00 -6.421958131599444286e+00
1.606490649064905796e+00 -6.426828000322075241e+00
1.607095709570956821e+00 -6.431700618729748520e+00
1.607700770077006958e+00 -6.436575984654529847e+00
1.608305830583057983e+00 -6.441454095928500934e+00
1.608910891089108119e+00 -6.446334950383729279e+00
1.609515951595159144e+00 -6.451218545852295705e+00
1.610121012101209281e+00 -6.456104880166267712e+00
1.610726072607260306e+00 -6.460993951157728787e+00
1.611331133113310443e+00 -6.465885756658740213e+00
1.611936193619361468e+00 -6.470780294501392582e+00
1.612541254125411605e+00 -6.475677562517744512e+00
1.613146314631462630e+00 -6.480577558539884819e+00
1.613751375137512767e+00 -6.485480280399873010e+00
1.614356435643563792e+00 -6.490385725929799676e+00
1.614961496149613929e+00 -6.495293892961721660e+00
1.615566556655664954e+00 -6.500204779327729554e+00
1.616171617161715979e+00 -6.505118382859891746e+00
1.616776677667766116e+00 -6.510034701390273959e+00
1.617381738173817141e+00 -6.514953732750964122e+00
1.617986798679867277e+00 -6.519875474774024404e+00
1.618591859185918302e+00 -6.524799925291540070e+00
1.619196919691968439e+00 -6.529727082135575067e+00
1.619801980198019464e+00 -6.534656943138215546e+00
1.620407040704069601e+00 -6.539589506131522789e+00
1.621012101210120626e+00 -6.544524768947583837e+00
1.621617161716170763e+00 -6.549462729418461748e+00
1.622222222222221788e+00 -6.554403385376242674e+00
1.622827282728271925e+00 -6.559346734652987898e+00
1.623432343234322950e+00 -6.564292775080784459e+00
1.624037403740373087e+00 -6.569241504491694528e+00
1.624642464246424112e+00 -6.574192920717804256e+00
1.625247524752474249e+00 -6.579147021591174038e+00
1.625852585258525274e+00 -6.584103804943898020e+00
1.626457645764575410e+00 -6.589063268608028601e+00
1.627062706270626435e+00 -6.594025410415659039e+00
1.627667766776677460e+00 -6.598990228198856833e+00
1.628272827282727597e+00 -6.603957719789682379e+00
1.628877887788778622e+00 -6.608927883020233374e+00
1.629482948294828759e+00 -6.613900715722565771e+00
1.630088008800879784e+00 -6.618876215728769274e+00
1.630693069306929921e+00 -6.623854380870901615e+00
1.631298129812980946e+00 -6.628835208981051608e+00
1.631903190319031083e+00 -6.633818697891283200e+00
1.632508250825082108e+00 -6.638804845433684321e+00
1.633113311331132245e+00 -6.643793649440310034e+00
1.633718371837183270e+00 -6.648785107743250933e+00
1.634323432343233407e+00 -6.653779218174571852e+00
1.634928492849284432e+00 -6.658775978566357168e+00
1.635533553355334568e+00 -6.663775386750667273e+00
1.636138613861385593e+00 -6.668777440559590097e+00
1.636743674367435730e+00 -6.673782137825188698e+00
1.637348734873486755e+00 -6.678789476379550116e+00
1.637953795379537780e+00 -6.683799454054740075e+00
1.638558855885587917e+00 -6.688812068682827849e+00
1.639163916391638942e+00 -6.693827318095900480e+00
1.639768976897689079e+00 -6.698845200126019250e+00
1.640374037403740104e+00 -6.703865712605272087e+00
1.640979097909790241e+00 -6.708888853365720273e+00
1.641584158415841266e+00 -6.713914620239450848e+00
1.642189218921891403e+00 -6.718943011058526871e+00
1.642794279427942428e+00 -6.723974023655031829e+00
1.643399339933992565e+00 -6.729007655861029669e+00
1.644004400440043590e+00 -6.734043905508609207e+00
1.644609460946093726e+00 -6.739082770429828173e+00
1.645214521452144751e+00 -6.744124248456777160e+00
1.645819581958194888e+00 -6.749168337421513897e+00
1.646424642464245913e+00 -6.754215035156129865e+00
1.647029702970296050e+00 -6.759264339492684570e+00
1.647634763476347075e+00 -6.764316248263264164e+00
1.648239823982397212e+00 -6.769370759299930818e+00
1.648844884488448237e+00 -6.774427870434775123e+00
1.649449944994499262e+00 -6.779487579499859251e+00
1.650055005500549399e+00 -6.784549884327254254e+00
1.650660066006600424e+00 -6.789614782749048061e+00
1.651265126512650561e+00 -6.794682272597299288e+00
1.651870187018701586e+00 -6.799752351704100306e+00
1.652475247524751722e+00 -6.804825017901507067e+00
1.653080308030802748e+00 -6.809900269021609276e+00
1.653685368536852884e+00 -6.814978102896468215e+00
1.654290429042903909e+00 -6.820058517358171812e+00
1.654895489548954046e+00 -6.825141510238779574e+00
1.655500550055005071e+00 -6.830227079370381205e+00
1.656105610561055208e+00 -6.835315222585034434e+00
1.656710671067106233e+00 -6.840405937714831630e+00
1.657315731573156370e+00 -6.845499222591829636e+00
1.657920792079207395e+00 -6.850595075048119931e+00
1.658525852585257532e+00 -6.855693492915762910e+00
1.659130913091308557e+00 -6.860794474026842060e+00
1.659735973597358694e+00 -6.865898016213419552e+00
1.660341034103409719e+00 -6.871004117307589532e+00
1.660946094609460744e+00 -6.876112775141412392e+00
1.661551155115510880e+00 -6.881223987546957410e+00
1.662156215621561905e+00 -6.886337752356315178e+00
1.662761276127612042e+00 -6.891454067401543426e+00
1.663366336633663067e+00 -6.896572930514732747e+00
1.663971397139713204e+00 -6.901694339527940869e+00
1.664576457645764229e+00 -6.906818292273258386e+00
1.665181518151814366e+00 -6.911944786582745692e+00
1.665786578657865391e+00 -6.917073820288488939e+00
1.666391639163915528e+00 -6.922205391222548521e+00
1.666996699669966553e+00 -6.927339497217017694e+00
1.667601760176016690e+00 -6.932476136103950637e+00
1.668206820682067715e+00 -6.937615305715437941e+00
1.668811881188117852e+00 -6.942757003883541778e+00
1.669416941694168877e+00 -6.947901228440348298e+00
1.670022002200219013e+00 -6.953047977217920561e+00
1.670627062706270038e+00 -6.958197248048342054e+00
1.671232123212321063e+00 -6.963349038763684717e+00
1.671837183718371200e+00 -6.968503347196013387e+00
1.672442244224422225e+00 -6.973660171177416878e+00
1.673047304730472362e+00 -6.978819508539957361e+00
1.673652365236523387e+00 -6.983981357115721877e+00
1.674257425742573524e+00 -6.989145714736769044e+00
1.674862486248624549e+00 -6.994312579235188565e+00
1.675467546754674686e+00 -6.999481948443044388e+00
1.676072607260725711e+00 -7.004653820192418223e+00
1.676677667766775848e+00 -7.009828192315374018e+00
1.677282728272826873e+00 -7.015005062644003253e+00
1.677887788778877010e+00 -7.020184429010360105e+00
1.678492849284928035e+00 -7.025366289246536056e+00
1.679097909790978171e+00 -7.030550641184591498e+00
1.679702970297029196e+00 -7.035737482656612585e+00
1.680308030803079333e+00 -7.040926811494665039e+00
1.680913091309130358e+00 -7.046118625530831459e+00
1.681518151815180495e+00 -7.051312922597175792e+00
1.682123212321231520e+00 -7.056509700525782414e+00
1.682728272827282545e+00 -7.061708957148726817e+00
1.683333333333332682e+00 -7.066910690298064068e+00
1.683938393839383707e+00 -7.072114897805893641e+00
1.684543454345433844e+00 -7.077321577504271488e+00
1.685148514851484869e+00 -7.082530727225283762e+00
1.685753575357535006e+00 -7.087742344800992633e+00
1.686358635863586031e+00 -7.092956428063489582e+00
1.686963696369636168e+00 -7.098172974844832339e+00
1.687568756875687193e+00 -7.103391982977107055e+00
1.688173817381737329e+00 -7.108613450292376790e+00
1.688778877887788354e+00 -7.113837374622733911e+00
1.689383938393838491e+00 -7.119063753800227268e+00
1.689988998899889516e+00 -7.124292585656957222e+00
1.690594059405939653e+00 -7.129523868024977062e+00
1.691199119911990678e+00 -7.134757598736377382e+00
1.691804180418040815e+00 -7.139993775623217687e+00
1.692409240924091840e+00 -7.145232396517587681e+00
1.693014301430141977e+00 -7.150473459251548647e+00
1.693619361936193002e+00 -7.155716961657186737e+00
1.694224422442244027e+00 -7.160962901566567673e+00
1.694829482948294164e+00 -7.166211276811763398e+00
1.695434543454345189e+00 -7.171462085224859173e+00
1.696039603960395326e+00 -7.176715324637914506e+00
1.696644664466446351e+00 -7.181970992883021765e+00
1.697249724972496487e+00 -7.187229087792236903e+00
1.697854785478547512e+00 -7.192489607197651402e+00
1.698459845984597649e+00 -7.197752548931322991e+00
1.699064906490648674e+00 -7.203017910825344039e+00
1.699669966996698811e+00 -7.208285690711772276e+00
1.700275027502749836e+00 -7.213555886422694741e+00
1.700880088008799973e+00 -7.218828495790172717e+00
1.701485148514850998e+00 -7.224103516646296796e+00
1.702090209020901135e+00 -7.229380946823124710e+00
1.702695269526952160e+00 -7.234660784152746160e+00
1.703300330033002297e+00 -7.239943026467219767e+00
1.703905390539053322e+00 -7.245227671598636121e+00
1.704510451045103459e+00 -7.250514717379055618e+00
1.705115511551154484e+00 -7.255804161640565297e+00
1.705720572057205509e+00 -7.261096002215232659e+00
1.706325632563255645e+00 -7.266390236935124314e+00
1.706930693069306670e+00 -7.271686863632329967e+00
1.707535753575356807e+00 -7.276985880138908236e+00
1.708140814081407832e+00 -7.282287284286952378e+00
1.708745874587457969e+00 -7.287591073908517458e+00
1.709350935093508994e+00 -7.292897246835693181e+00
1.709955995599559131e+00 -7.298205800900539053e+00
1.710561056105610156e+00 -7.303516733935146554e+00
1.711166116611660293e+00 -7.308830043771574303e+00
1.711771177117711318e+00 -7.314145728241909339e+00
1.712376237623761455e+00 -7.319463785178212056e+00
1.712981298129812480e+00 -7.324784212412574824e+00
1.713586358635862616e+00 -7.330107007777054484e+00
1.714191419141913642e+00 -7.335432169103738964e+00
1.714796479647963778e+00 -7.340759694224688658e+00
1.715401540154014803e+00 -7.346089580971995936e+00
1.716006600660065828e+00 -7.351421827177723856e+00
1.716611661166115965e+00 -7.356756430673939917e+00
1.717216721672166990e+00 -7.362093389292734713e+00
1.717821782178217127e+00 -7.367432700866166861e+00
1.718426842684268152e+00 -7.372774363226327843e+00
1.719031903190318289e+00 -7.378118374205271834e+00
1.719636963696369314e+00 -7.383464731635094758e+00
1.720242024202419451e+00 -7.388813433347851678e+00
1.720847084708470476e+00 -7.394164477175631411e+00
1.721452145214520613e+00 -7.399517860950496129e+00
1.722057205720571638e+00 -7.404873582504531981e+00
1.722662266226621774e+00 -7.410231639669802028e+00
1.723267326732672799e+00 -7.415592030278395086e+00
1.723872387238722936e+00 -7.420954752162367107e+00
1.724477447744773961e+00 -7.426319803153809573e+00
1.725082508250824098e+00 -7.431687181084782878e+00
1.725687568756875123e+00 -7.437056883787374062e+00
1.726292629262925260e+00 -7.442428909093644407e+00
1.726897689768976285e+00 -7.447803254835685394e+00
1.727502750275027310e+00 -7.453179918845556529e+00
1.728107810781077447e+00 -7.458558898955333305e+00
1.728712871287128472e+00 -7.463940192997097434e+00
1.729317931793178609e+00 -7.469323798802913750e+00
1.729922992299229634e+00 -7.474709714204870181e+00
1.730528052805279771e+00 -7.480097937035024458e+00
1.731133113311330796e+00 -7.485488465125468061e+00
1.731738173817380932e+00 -7.490881296308257831e+00
1.732343234323431957e+00 -7.496276428415486137e+00
1.732948294829482094e+00 -7.501673859279212486e+00
1.733553355335533119e+00 -7.507073586731523029e+00
1.734158415841583256e+00 -7.512475608604477273e+00
1.734763476347634281e+00 -7.517879922730166697e+00
1.735368536853684418e+00 -7.523286526940650809e+00
1.735973597359735443e+00 -7.528695419068019312e+00
1.736578657865785580e+00 -7.534106596944329048e+00
1.737183718371836605e+00 -7.539520058401670610e+00
1.737788778877886742e+00 -7.544935801272105280e+00
1.738393839383937767e+00 -7.550353823387717433e+00
1.738998899889988792e+00 -7.555774122580579899e+00
1.739603960396038929e+00 -7.561196696682754848e+00
1.740209020902089954e+00 -7.566621543526333760e+00
1.740814081408140090e+00 -7.572048660943378806e+00
1.741419141914191115e+00 -7.577478046765975250e+00
1.742024202420241252e+00 -7.582909698826180822e+00
1.742629262926292277e+00 -7.588343614956088778e+00
1.743234323432342414e+00 -7.593779792987757737e+00
1.743839383938393439e+00 -7.599218230753277403e+00
1.744444444444443576e+00 -7.604658926084704618e+00
1.745049504950494601e+00 -7.610101876814133526e+00
1.745654565456544738e+00 -7.615547080773617417e+00
1.746259625962595763e+00 -7.620994535795247771e+00
1.746864686468645900e+00 -7.626444239711086759e+00
1.747469746974696925e+00 -7.631896190353222309e+00
1.748074807480747062e+00 -7.637350385553711263e+00
1.748679867986798087e+00 -7.642806823144646877e+00
1.749284928492849112e+00 -7.648265500958093099e+00
1.749889988998899248e+00 -7.653726416826119205e+00
1.750495049504950273e+00 -7.659189568512091206e+00
1.751100110011000410e+00 -7.664654953300075846e+00
1.751705170517051435e+00 -7.670122568270089758e+00
1.752310231023101572e+00 -7.675592410501348439e+00
1.752915291529152597e+00 -7.681064477073110908e+00
1.753520352035202734e+00 -7.686538765064597989e+00
1.754125412541253759e+00 -7.692015271555064260e+00
1.754730473047303896e+00 -7.697493993623733211e+00
1.755335533553354921e+00 -7.702974928349859418e+00
1.755940594059405058e+00 -7.708458072812668149e+00
1.756545654565456083e+00 -7.713943424091408652e+00
1.757150715071506220e+00 -7.719430979265306192e+00
1.757755775577557245e+00 -7.724920735413619788e+00
1.758360836083607381e+00 -7.730412689615565824e+00
1.758965896589658406e+00 -7.735906838950402431e+00
1.759570957095708543e+00 -7.741403180497348657e+00
1.760176017601759568e+00 -7.746901711335665297e+00
1.760781078107810593e+00 -7.752402428544578505e+00
1.761386138613860730e+00 -7.757905329203318878e+00
1.761991199119911755e+00 -7.763410410391143657e+00
1.762596259625961892e+00 -7.768917669187275443e+00
1.763201320132012917e+00 -7.774427102670967038e+00
1.763806380638063054e+00 -7.779938707921440155e+00
1.764411441144114079e+00 -7.785452482017952924e+00
1.765016501650164216e+00 -7.790968422039727947e+00
1.765621562156215241e+00 -7.796486525066017137e+00
1.766226622662265378e+00 -7.802006788176043983e+00
1.766831683168316403e+00 -7.807529208449063063e+00
1.767436743674366539e+00 -7.813053782964300531e+00
1.768041804180417564e+00 -7.818580508801005635e+00
1.768646864686467701e+00 -7.824109383038405419e+00
1.769251925192518726e+00 -7.829640402755754458e+00
1.769856985698568863e+00 -7.835173565032271803e+00
1.770462046204619888e+00 -7.840708866947214695e+00
1.771067106710670025e+00 -7.846246305579804847e+00
1.771672167216721050e+00 -7.851785878009300390e+00
1.772277227722772075e+00 -7.857327581314926590e+00
1.772882288228822212e+00 -7.862871412575919372e+00
1.773487348734873237e+00 -7.868417368871528872e+00
1.774092409240923374e+00 -7.873965447280982133e+00
1.774697469746974399e+00 -7.879515644883530179e+00
1.775302530253024536e+00 -7.885067958758395612e+00
1.775907590759075561e+00 -7.890622385984838338e+00
1.776512651265125697e+00 -7.896178923642075631e+00
1.777117711771176722e+00 -7.901737568809365619e+00
1.777722772277226859e+00 -7.907298318565928241e+00
1.778327832783277884e+00 -7.912861169991018961e+00
1.778932893289328021e+00 -7.918426120163861270e+00
1.779537953795379046e+00 -7.923993166163712409e+00
1.780143014301429183e+00 -7.929562305069788763e+00
1.780748074807480208e+00 -7.935133533961348462e+00
1.781353135313530345e+00 -7.940706849917617660e+00
1.781958195819581370e+00 -7.946282250017846494e+00
1.782563256325631507e+00 -7.951859731341256676e+00
1.783168316831682532e+00 -7.957439290967108114e+00
1.783773377337733557e+00 -7.963020925974627851e+00
1.784378437843783693e+00 -7.968604633443045593e+00
1.784983498349834719e+00 -7.974190410451620359e+00
1.785588558855884855e+00 -7.979778254079572086e+00
1.786193619361935880e+00 -7.985368161406156240e+00
1.786798679867986017e+00 -7.990960129510593646e+00
1.787403740374037042e+00 -7.996554155472140657e+00
1.788008800880087179e+00 -8.002150236370020764e+00
1.788613861386138204e+00 -8.007748369283484990e+00
1.789218921892188341e+00 -8.013348551291761268e+00
1.789823982398239366e+00 -8.018950779474103285e+00
1.790429042904289503e+00 -8.024555050909729204e+00
1.791034103410340528e+00 -8.030161362677898040e+00
1.791639163916390665e+00 -8.035769711857831510e+00
1.792244224422441690e+00 -8.041380095528783301e+00
1.792849284928491826e+00 -8.046992510769978679e+00
1.793454345434542851e+00 -8.052606954660671335e+00
1.794059405940593876e+00 -8.058223424280090086e+00
1.794664466446644013e+00 -8.063841916707467306e+00
1.795269526952695038e+00 -8.069462429022056682e+00
1.795874587458745175e+00 -8.075084958303078153e+00
1.796479647964796200e+00 -8.080709501629796065e+00
1.797084708470846337e+00 -8.086336056081421475e+00
1.797689768976897362e+00 -8.091964618737218728e+00
1.798294829482947499e+00 -8.097595186676404211e+00
1.798899889988998524e+00 -8.103227756978236940e+00
1.799504950495048661e+00 -8.108862326721935077e+00
1.800110011001099686e+00 -8.114498892986757639e+00
1.800715071507149823e+00 -8.120137452851926341e+00
1.801320132013200848e+00 -8.125778003396691318e+00
1.801925192519250984e+00 -8.131420541700279614e+00
1.802530253025302009e+00 -8.137065064841946693e+00
1.803135313531352146e+00 -8.142711569900912494e+00
1.803740374037403171e+00 -8.148360053956434257e+00
1.804345434543453308e+00 -8.154010514087733696e+00
1.804950495049504333e+00 -8.159662947374068054e+00
1.805555555555555358e+00 -8.165317350894660819e+00
1.806160616061605495e+00 -8.170973721728749695e+00
1.806765676567656520e+00 -8.176632056955586592e+00
1.807370737073706657e+00 -8.182292353654395001e+00
1.807975797579757682e+00 -8.187954608904426834e+00
1.808580858085807819e+00 -8.193618819784910912e+00
1.809185918591858844e+00 -8.199284983375095592e+00
1.809790979097908981e+00 -8.204953096754207920e+00
1.810396039603960006e+00 -8.210623157001499806e+00
1.811001100110010142e+00 -8.216295161196198293e+00
1.811606160616061167e+00 -8.221969106417549966e+00
1.812211221122111304e+00 -8.227644989744787196e+00
1.812816281628162329e+00 -8.233322808257158343e+00
1.813421342134212466e+00 -8.239002559033886897e+00
1.814026402640263491e+00 -8.244684239154228322e+00
1.814631463146313628e+00 -8.250367845697406111e+00
1.815236523652364653e+00 -8.256053375742673950e+00
1.815841584158414790e+00 -8.261740826369258883e+00
1.816446644664465815e+00 -8.267430194656409270e+00
1.817051705170516840e+00 -8.273121477683355707e+00
1.817656765676566977e+00 -8.278814672529334118e+00
1.818261826182618002e+00 -8.284509776273598192e+00
1.818866886688668139e+00 -8.290206785995366090e+00
1.819471947194719164e+00 -8.295905698773893278e+00
1.820077007700769300e+00 -8.301606511688410350e+00
1.820682068206820325e+00 -8.307309221818162115e+00
1.821287128712870462e+00 -8.313013826242377391e+00
1.821892189218921487e+00 -8.318720322040309867e+00
1.822497249724971624e+00 -8.324428706291183033e+00
1.823102310231022649e+00 -8.330138976074245249e+00
1.823707370737072786e+00 -8.335851128468728888e+00
1.824312431243123811e+00 -8.341565160553880531e+00
1.824917491749173948e+00 -8.347281069408923670e+00
1.825522552255224973e+00 -8.352998852113122652e+00
1.826127612761275110e+00 -8.358718505745688532e+00
1.826732673267326135e+00 -8.364440027385882104e+00
1.827337733773376272e+00 -8.370163414112923306e+00
1.827942794279427297e+00 -8.375888663006072932e+00
1.828547854785478322e+00 -8.381615771144550919e+00
1.829152915291528458e+00 -8.387344735607596746e+00
1.829757975797579483e+00 -8.393075553474460548e+00
1.830363036303629620e+00 -8.398808221824365816e+00
1.830968096809680645e+00 -8.404542737736571567e+00
1.831573157315730782e+00 -8.410279098290295963e+00
1.832178217821781807e+00 -8.416017300564794468e+00
1.832783278327831944e+00 -8.421757341639290573e+00
1.833388338833882969e+00 -8.427499218593039743e+00
1.833993399339933106e+00 -8.433242928505263691e+00
1.834598459845984131e+00 -8.438988468455216108e+00
1.835203520352034268e+00 -8.444735835522124034e+00
1.835808580858085293e+00 -8.450485026785234055e+00
1.836413641364135430e+00 -8.456236039323776765e+00
1.837018701870186455e+00 -8.461988870217002301e+00
1.837623762376236591e+00 -8.467743516544135929e+00
1.838228822882287616e+00 -8.473499975384433114e+00
1.838833883388338641e+00 -8.479258243817120899e+00
1.839438943894388778e+00 -8.485018318921431657e+00
1.840044004400439803e+00 -8.490780197776619076e+00
1.840649064906489940e+00 -8.496543877461908423e+00
1.841254125412540965e+00 -8.502309355056556939e+00
1.841859185918591102e+00 -8.508076627639779232e+00
1.842464246424642127e+00 -8.513845692290836098e+00
1.843069306930692264e+00 -8.519616546088945697e+00
1.843674367436743289e+00 -8.525389186113368822e+00
1.844279427942793426e+00 -8.531163609443321860e+00
1.844884488448844451e+00 -8.536939813158069157e+00
1.845489548954894587e+00 -8.542717794336821768e+00
1.846094609460945613e+00 -8.548497550058838712e+00
1.846699669966995749e+00 -8.554279077403347031e+00
1.847304730473046774e+00 -8.560062373449595086e+00
1.847909790979096911e+00 -8.565847435276809918e+00
1.848514851485147936e+00 -8.571634259964245217e+00
1.849119911991198073e+00 -8.577422844591122697e+00
1.849724972497249098e+00 -8.583213186236697823e+00
1.850330033003300123e+00 -8.589005281980201190e+00
1.850935093509350260e+00 -8.594799128900863394e+00
1.851540154015401285e+00 -8.600594724077939901e+00
1.852145214521451422e+00 -8.606392064590652424e+00
1.852750275027502447e+00 -8.612191147518254652e+00
1.853355335533552584e+00 -8.617991969939973629e+00
1.853960396039603609e+00 -8.623794528935057713e+00
1.854565456545653745e+00 -8.629598821582735724e+00
1.855170517051704770e+00 -8.635404844962259574e+00
1.855775577557754907e+00 -8.641212596152849201e+00
1.856380638063805932e+00 -8.647022072233767176e+00
1.856985698569856069e+00 -8.652833270284228107e+00
1.857590759075907094e+00 -8.658646187383491011e+00
1.858195819581957231e+00 -8.664460820610774050e+00
1.858800880088008256e+00 -8.670277167045339795e+00
1.859405940594058393e+00 -8.676095223766404629e+00
1.860011001100109418e+00 -8.681914987853227572e+00
1.860616061606159555e+00 -8.687736456385025008e+00
1.861221122112210580e+00 -8.693559626441057731e+00
1.861826182618261605e+00 -8.699384495100554560e+00
1.862431243124311742e+00 -8.705211059442746091e+00
1.863036303630362767e+00 -8.711039316546886013e+00
1.863641364136412903e+00 -8.716869263492197817e+00
1.864246424642463928e+00 -8.722700897357938743e+00
1.864851485148514065e+00 -8.728534215223328729e+00
1.865456545654565090e+00 -8.734369214167621465e+00
1.866061606160615227e+00 -8.740205891270040439e+00
1.866666666666666252e+00 -8.746044243609841118e+00
1.867271727172716389e+00 -8.751884268266246991e+00
1.867876787678767414e+00 -8.757725962318513524e+00
1.868481848184817551e+00 -8.763569322845860654e+00
1.869086908690868576e+00 -8.769414346927543846e+00
1.869691969196918713e+00 -8.775261031642786591e+00
1.870297029702969738e+00 -8.781109374070844353e+00
1.870902090209019875e+00 -8.786959371290937071e+00
1.871507150715070900e+00 -8.792811020382320208e+00
1.872112211221121925e+00 -8.798664318424227915e+00
1.872717271727172061e+00 -8.804519262495885457e+00
1.873322332233223086e+00 -8.810375849676553628e+00
1.873927392739273223e+00 -8.816234077045454143e+00
1.874532453245324248e+00 -8.822093941681835361e+00
1.875137513751374385e+00 -8.827955440664926101e+00
1.875742574257425410e+00 -8.833818571073978276e+00
1.876347634763475547e+00 -8.839683329988215377e+00
1.876952695269526572e+00 -8.845549714486894644e+00
1.877557755775576709e+00 -8.851417721649236015e+00
1.878162816281627734e+00 -8.857287348554494955e+00
1.878767876787677871e+00 -8.863158592281889625e+00
1.879372937293728896e+00 -8.869031449910684373e+00
1.879977997799779033e+00 -8.874905918520093806e+00
1.880583058305830058e+00 -8.880781995189376943e+00
1.881188118811880194e+00 -8.886659676997753721e+00
1.881793179317931219e+00 -8.892538961024481381e+00
1.882398239823981356e+00 -8.898419844348779861e+00
1.883003300330032381e+00 -8.904302324049906403e+00
1.883608360836083406e+00 -8.910186397207091602e+00
1.884213421342133543e+00 -8.916072060899562501e+00
1.884818481848184568e+00 -8.921959312206579895e+00
1.885423542354234705e+00 -8.927848148207361945e+00
1.886028602860285730e+00 -8.933738565981164115e+00
1.886633663366335867e+00 -8.939630562607206343e+00
1.887238723872386892e+00 -8.945524135164752977e+00
1.887843784378437029e+00 -8.951419280733018624e+00
1.888448844884488054e+00 -8.957315996391258750e+00
1.889053905390538191e+00 -8.963214279218696845e+00
1.889658965896589216e+00 -8.969114126294590150e+00
1.890264026402639352e+00 -8.975015534698155051e+00
1.890869086908690377e+00 -8.980918501508652341e+00
1.891474147414740514e+00 -8.986823023805303734e+00
1.892079207920791539e+00 -8.992729098667364696e+00
1.892684268426841676e+00 -8.998636723174053387e+00
1.893289328932892701e+00 -9.004545894404628825e+00
1.893894389438942838e+00 -9.010456609438310949e+00
1.894499449944993863e+00 -9.016368865354355222e+00
1.895104510451044888e+00 -9.022282659231997570e+00
1.895709570957095025e+00 -9.028197988150459707e+00
1.896314631463146050e+00 -9.034114849189002427e+00
1.896919691969196187e+00 -9.040033239426842115e+00
1.897524752475247212e+00 -9.045953155943244894e+00
1.898129812981297349e+00 -9.051874595817421820e+00
1.898734873487348374e+00 -9.057797556128637240e+00
1.899339933993398510e+00 -9.063722033956107538e+00
1.899944994499449535e+00 -9.069648026379086403e+00
1.900550055005499672e+00 -9.075575530476800878e+00
1.901155115511550697e+00 -9.081504543328504653e+00
1.901760176017600834e+00 -9.087435062013419440e+00
1.902365236523651859e+00 -9.093367083610800705e+00
1.902970297029701996e+00 -9.099300605199870162e+00
1.903575357535753021e+00 -9.105235623859885052e+00
1.904180418041803158e+00 -9.111172136670063537e+00
1.904785478547854183e+00 -9.117110140709662858e+00
1.905390539053904320e+00 -9.123049633057906505e+00
1.905995599559955345e+00 -9.128990610794048166e+00
1.906600660066006370e+00 -9.134933070997323767e+00
1.907205720572056507e+00 -9.140877010746951470e+00
1.907810781078107532e+00 -9.146822427122197396e+00
1.908415841584157668e+00 -9.152769317202279709e+00
1.909020902090208693e+00 -9.158717678066455647e+00
1.909625962596258830e+00 -9.164667506793945151e+00
1.910231023102309855e+00 -9.170618800464007236e+00
1.910836083608359992e+00 -9.176571556155856513e+00
1.911441144114411017e+00 -9.182525770948753774e+00
1.912046204620461154e+00 -9.188481441921922510e+00
1.912651265126512179e+00 -9.194438566154616410e+00
1.913256325632562316e+00 -9.200397140726053635e+00
1.913861386138613341e+00 -9.206357162715494979e+00
1.914466446644663478e+00 -9.212318629202162157e+00
1.915071507150714503e+00 -9.218281537265307080e+00
1.915676567656764639e+00 -9.224245883984155014e+00
1.916281628162815664e+00 -9.230211666437957874e+00
1.916886688668866690e+00 -9.236178881705949806e+00
1.917491749174916826e+00 -9.242147526867357854e+00
1.918096809680967851e+00 -9.248117599001441036e+00
1.918701870187017988e+00 -9.254089095187415737e+00
1.919306930693069013e+00 -9.260062012504544526e+00
1.919911991199119150e+00 -9.266036348032045566e+00
1.920517051705170175e+00 -9.272012098849174322e+00
1.921122112211220312e+00 -9.277989262035152507e+00
1.921727172717271337e+00 -9.283967834669233810e+00
1.922332233223321474e+00 -9.289947813830643497e+00
1.922937293729372499e+00 -9.295929196598640587e+00
1.923542354235422636e+00 -9.301911980052437912e+00
1.924147414741473661e+00 -9.307896161271299817e+00
1.924752475247523797e+00 -9.313881737334440913e+00
1.925357535753574822e+00 -9.319868705321121993e+00
1.925962596259624959e+00 -9.325857062310559442e+00
1.926567656765675984e+00 -9.331846805382015830e+00
1.927172717271726121e+00 -9.337837931614705766e+00
1.927777777777777146e+00 -9.343830438087891821e+00
1.928382838283828171e+00 -9.349824321880799260e+00
1.928987898789878308e+00 -9.355819580072658681e+00
1.929592959295929333e+00 -9.361816209742730877e+00
1.930198019801979470e+00 -9.367814207970228679e+00
1.930803080308030495e+00 -9.373813571834418212e+00
1.931408140814080632e+00 -9.379814298414512308e+00
1.932013201320131657e+00 -9.385816384789769984e+00
1.932618261826181794e+00 -9.391819828039416507e+00
1.933223322332232819e+00 -9.397824625242702012e+00
1.933828382838282955e+00 -9.403830773478849991e+00
1.934433443344333980e+00 -9.409838269827119461e+00
1.935038503850384117e+00 -9.415847111366726807e+00
1.935643564356435142e+00 -9.421857295176927494e+00
1.936248624862485279e+00 -9.427868818336950341e+00
1.936853685368536304e+00 -9.433881677926045484e+00
1.937458745874586441e+00 -9.439895871023438190e+00
1.938063806380637466e+00 -9.445911394708378594e+00
1.938668866886687603e+00 -9.451928246060091965e+00
1.939273927392738628e+00 -9.457946422157837318e+00
1.939878987898789653e+00 -9.463965920080838146e+00
1.940484048404839790e+00 -9.469986736908330371e+00
1.941089108910890815e+00 -9.476008869719564132e+00
1.941694169416940952e+00 -9.482032315593766469e+00
1.942299229922991977e+00 -9.488057071610192850e+00
1.942904290429042113e+00 -9.494083134848061434e+00
1.943509350935093138e+00 -9.500110502386625910e+00
1.944114411441143275e+00 -9.506139171305115099e+00
1.944719471947194300e+00 -9.512169138682780911e+00
1.945324532453244437e+00 -9.518200401598843285e+00
1.945929592959295462e+00 -9.524232957132561239e+00
1.946534653465345599e+00 -9.530266802363156486e+00
1.947139713971396624e+00 -9.536301934369880939e+00
1.947744774477446761e+00 -9.542338350231961641e+00
1.948349834983497786e+00 -9.548376047028650504e+00
1.948954895489547923e+00 -9.554415021839169242e+00
1.949559955995598948e+00 -9.560455271742778649e+00
1.950165016501649085e+00 -9.566496793818693334e+00
1.950770077007700110e+00 -9.572539585146172314e+00
1.951375137513751135e+00 -9.578583642804446185e+00
1.951980198019801271e+00 -9.584628963872745544e+00
1.952585258525852296e+00 -9.590675545430324078e+00
1.953190319031902433e+00 -9.596723384556405279e+00
1.953795379537953458e+00 -9.602772478330242834e+00
1.954400440044003595e+00 -9.608822823831062010e+00
1.955005500550054620e+00 -9.614874418138114720e+00
1.955610561056104757e+00 -9.620927258330624454e+00
1.956215621562155782e+00 -9.626981341487844901e+00
1.956820682068205919e+00 -9.633036664689003103e+00
1.957425742574256944e+00 -9.639093225013350974e+00
1.958030803080307081e+00 -9.645151019540108450e+00
1.958635863586358106e+00 -9.651210045348534550e+00
1.959240924092408243e+00 -9.657270299517849210e+00
1.959845984598459268e+00 -9.663331779127309673e+00
1.960451045104509404e+00 -9.669394481256135876e+00
1.961056105610560429e+00 -9.675458402983586836e+00
1.961661166116611454e+00 -9.681523541388887821e+00
1.962266226622661591e+00 -9.687589893551272979e+00
1.962871287128712616e+00 -9.693657456549997775e+00
1.963476347634762753e+00 -9.699726227464280370e+00
1.964081408140813778e+00 -9.705796203373381559e+00
1.964686468646863915e+00 -9.711867381356517726e+00
1.965291529152914940e+00 -9.717939758492947888e+00
1.965896589658965077e+00 -9.724013331861893761e+00
1.966501650165016102e+00 -9.730088098542610808e+00
1.967106710671066239e+00 -9.736164055614320745e+00
1.967711771177117264e+00 -9.742241200156279035e+00
1.968316831683167401e+00 -9.748319529247705617e+00
1.968921892189218426e+00 -9.754399039967857732e+00
1.969526952695268562e+00 -9.760479729395957094e+00
1.970132013201319587e+00 -9.766561594611260944e+00
1.970737073707369724e+00 -9.772644632692990996e+00
1.971342134213420749e+00 -9.778728840720399162e+00
1.971947194719470886e+00 -9.784814215772712487e+00
1.972552255225521911e+00 -9.790900754929179328e+00
1.973157315731572936e+00 -9.796988455269040941e+00
1.973762376237623073e+00 -9.803077313871515486e+00
1.974367436743674098e+00 -9.809167327815867310e+00
1.974972497249724235e+00 -9.815258494181314575e+00
1.975577557755775260e+00 -9.821350810047110969e+00
1.976182618261825397e+00 -9.827444272492481758e+00
1.976787678767876422e+00 -9.833538878596684185e+00
1.977392739273926558e+00 -9.839634625438932858e+00
1.977997799779977584e+00 -9.845731510098492123e+00
1.978602860286027720e+00 -9.851829529654578366e+00
1.979207920792078745e+00 -9.857928681186447051e+00
1.979812981298128882e+00 -9.864028961773323445e+00
1.980418041804179907e+00 -9.870130368494461237e+00
1.981023102310230044e+00 -9.876232898429080365e+00
1.981628162816281069e+00 -9.882336548656439845e+00
1.982233223322331206e+00 -9.888441316255759617e+00
1.982838283828382231e+00 -9.894547198306295144e+00
1.983443344334432368e+00 -9.900654191887269917e+00
1.984048404840483393e+00 -9.906762294077935849e+00
1.984653465346534418e+00 -9.912871501957528864e+00
1.985258525852584555e+00 -9.918981812605274229e+00
1.985863586358635580e+00 -9.925093223100429185e+00
1.986468646864685716e+00 -9.931205730522215447e+00
1.987073707370736741e+00 -9.937319331949892032e+00
1.987678767876786878e+00 -9.943434024462675325e+00
1.988283828382837903e+00 -9.949549805139820791e+00
1.988888888888888040e+00 -9.955666671060559025e+00
1.989493949394939065e+00 -9.961784619304133059e+00
1.990099009900989202e+00 -9.967903646949773488e+00
1.990704070407040227e+00 -9.974023751076735778e+00
1.991309130913090364e+00 -9.980144928764236312e+00
1.991914191419141389e+00 -9.986267177091534109e+00
1.992519251925191526e+00 -9.992390493137850882e+00
1.993124312431242551e+00 -9.998514873982443874e+00
1.993729372937292688e+00 -1.000464031670453124e+01
1.994334433443343713e+00 -1.001076681838337024e+01
1.994939493949394738e+00 -1.001689437609819500e+01
1.995544554455444874e+00 -1.002302298692822902e+01
1.996149614961495899e+00 -1.002915264795273487e+01
1.996754675467546036e+00 -1.003528335625092538e+01
1.997359735973597061e+00 -1.004141510890206312e+01
1.997964796479647198e+00 -1.004754790298536804e+01
1.998569856985698223e+00 -1.005368173558009914e+01
1.999174917491748360e+00 -1.005981660376546927e+01
1.999779977997799385e+00 -1.006595250462074276e+01
2.000385038503849522e+00 -1.007208943522513778e+01
2.000990099009900547e+00 -1.007822739265791157e+01
2.001595159515950684e+00 -1.008436637399828584e+01
2.002200220022001709e+00 -1.009050637632551251e+01
2.002805280528051846e+00 -1.009664739671881861e+01
2.003410341034102871e+00 -1.010278943225745607e+01
2.004015401540153007e+00 -1.010893248002064837e+01
2.004620462046204032e+00 -1.011507653708765098e+01
2.005225522552254169e+00 -1.012122160053768383e+01
2.005830583058305194e+00 -1.012736766745000772e+01
2.006435643564356219e+00 -1.013351473490384791e+01
2.007040704070406356e+00 -1.013966279997843500e+01
2.007645764576457381e+00 -1.014581185975302446e+01
2.008250825082507518e+00 -1.015196191130684333e+01
2.008855885588558543e+00 -1.015811295171914352e+01
2.009460946094608680e+00 -1.016426497806914320e+01
2.010066006600659705e+00 -1.017041798743610315e+01
2.010671067106709842e+00 -1.017657197689924331e+01
2.011276127612760867e+00 -1.018272694353782093e+01
2.011881188118811004e+00 -1.018888288443105417e+01
2.012486248624862029e+00 -1.019503979665820204e+01
2.013091309130912165e+00 -1.020119767729848448e+01
2.013696369636963190e+00 -1.020735652343115873e+01
2.014301430143013327e+00 -1.021351633213544297e+01
2.014906490649064352e+00 -1.021967710049059974e+01
2.015511551155114489e+00 -1.022583882557584367e+01
2.016116611661165514e+00 -1.023200150447043555e+01
2.016721672167215651e+00 -1.023816513425359354e+01
2.017326732673266676e+00 -1.024432971200457310e+01
2.017931793179317701e+00 -1.025049523480261016e+01
2.018536853685367838e+00 -1.025666169972692998e+01
2.019141914191418863e+00 -1.026282910385678804e+01
2.019746974697469000e+00 -1.026899744427140604e+01
2.020352035203520025e+00 -1.027516671805004300e+01
2.020957095709570162e+00 -1.028133692227191709e+01
2.021562156215621187e+00 -1.028750805401628732e+01
2.022167216721671323e+00 -1.029368011036237185e+01
2.022772277227722348e+00 -1.029985308838942970e+01
2.023377337733772485e+00 -1.030602698517667903e+01
2.023982398239823510e+00 -1.031220179780337887e+01
2.024587458745873647e+00 -1.031837752334874914e+01
2.025192519251924672e+00 -1.032455415889204531e+01
2.025797579757974809e+00 -1.033073170151249087e+01
2.026402640264025834e+00 -1.033691014828933952e+01
2.027007700770075971e+00 -1.034308949630181651e+01
2.027612761276126996e+00 -1.034926974262917021e+01
2.028217821782177133e+00 -1.035545088435063121e+01
2.028822882288228158e+00 -1.036163291854545321e+01
2.029427942794279183e+00 -1.036781584229285968e+01
2.030033003300329320e+00 -1.037399965267208657e+01
2.030638063806380345e+00 -1.038018434676238932e+01
2.031243124312430481e+00 -1.038636992164298789e+01
2.031848184818481506e+00 -1.039255637439314128e+01
2.032453245324531643e+00 -1.039874370209206766e+01
2.033058305830582668e+00 -1.040493190181902428e+01
2.033663366336632805e+00 -1.041112097065323105e+01
2.034268426842683830e+00 -1.041731090567394347e+01
2.034873487348733967e+00 -1.042350170396039033e+01
2.035478547854784992e+00 -1.042969336259182001e+01
2.036083608360835129e+00 -1.043588587864745598e+01
2.036688668866886154e+00 -1.044207924920655373e+01
2.037293729372936291e+00 -1.044827347134833495e+01
2.037898789878987316e+00 -1.045446854215205690e+01
2.038503850385037452e+00 -1.046066445869693950e+01
2.039108910891088478e+00 -1.046686121806224179e+01
2.039713971397139503e+00 -1.047305881732718724e+01
2.040319031903189639e+00 -1.047925725357101179e+01
2.040924092409240664e+00 -1.048545652387297089e+01
2.041529152915290801e+00 -1.049165662531228449e+01
2.042134213421341826e+00 -1.049785755496820983e+01
2.042739273927391963e+00 -1.050405930991996684e+01
2.043344334433442988e+00 -1.051026188724681099e+01
2.043949394939493125e+00 -1.051646528402796754e+01
2.044554455445544150e+00 -1.052266949734268842e+01
2.045159515951594287e+00 -1.052887452427019710e+01
2.045764576457645312e+00 -1.053508036188974728e+01
2.046369636963695449e+00 -1.054128700728056245e+01
2.046974697469746474e+00 -1.054749445752190162e+01
2.047579757975796610e+00 -1.055370270969297941e+01
2.048184818481847635e+00 -1.055991176087305305e+01
2.048789878987897772e+00 -1.056612160814134960e+01
2.049394939493948797e+00 -1.057233224857712273e+01
2.049999999999999822e+00 -1.057854367925959949e+01
