-4.000000000000000000e+00 -1.059902373912707851e+01
-3.999394939493949419e+00 -1.059734463907220992e+01
-3.998789878987898838e+00 -1.059566558070837416e+01
-3.998184818481848257e+00 -1.059398656403556238e+01
-3.997579757975797676e+00 -1.059230758905378345e+01
-3.996974697469747095e+00 -1.059062865576303381e+01
-3.996369636963696514e+00 -1.058894976416331168e+01
-3.995764576457645934e+00 -1.058727091425461886e+01
-3.995159515951595353e+00 -1.058559210603695711e+01
-3.994554455445544772e+00 -1.058391333951032642e+01
-3.993949394939493747e+00 -1.058223461467472148e+01
-3.993344334433443166e+00 -1.058055593153014762e+01
-3.992739273927392585e+00 -1.057887729007660305e+01
-3.992134213421342004e+00 -1.057719869031408777e+01
-3.991529152915291423e+00 -1.057552013224260534e+01
-3.990924092409240842e+00 -1.057384161586214688e+01
-3.990319031903190261e+00 -1.057216314117272127e+01
-3.989713971397139680e+00 -1.057048470817432495e+01
-3.989108910891089099e+00 -1.056880631686695615e+01
-3.988503850385038518e+00 -1.056712796725062020e+01
-3.987898789878987937e+00 -1.056544965932531177e+01
-3.987293729372937356e+00 -1.056377139309103086e+01
-3.986688668866886776e+00 -1.056209316854778280e+01
-3.986083608360836195e+00 -1.056041498569556403e+01
-3.985478547854785614e+00 -1.055873684453437100e+01
-3.984873487348735033e+00 -1.055705874506421083e+01
-3.984268426842684452e+00 -1.055538068728507817e+01
-3.983663366336633871e+00 -1.055370267119697836e+01
-3.983058305830582846e+00 -1.055202469679990251e+01
-3.982453245324532265e+00 -1.055034676409385952e+01
-3.981848184818481684e+00 -1.054866887307884582e+01
-3.981243124312431103e+00 -1.054699102375486319e+01
-3.980638063806380522e+00 -1.054531321612190453e+01
-3.980033003300329941e+00 -1.054363545017998227e+01
-3.979427942794279360e+00 -1.054195772592908398e+01
-3.978822882288228779e+00 -1.054028004336921853e+01
-3.978217821782178198e+00 -1.053860240250038061e+01
-3.977612761276127618e+00 -1.053692480332257553e+01
-3.977007700770077037e+00 -1.053524724583579619e+01
-3.976402640264026456e+00 -1.053356973004004615e+01
-3.975797579757975875e+00 -1.053189225593532896e+01
-3.975192519251925294e+00 -1.053021482352163574e+01
-3.974587458745874713e+00 -1.052853743279897891e+01
-3.973982398239824132e+00 -1.052686008376734783e+01
-3.973377337733773551e+00 -1.052518277642674605e+01
-3.972772277227722970e+00 -1.052350551077717355e+01
-3.972167216721672389e+00 -1.052182828681863214e+01
-3.971562156215621364e+00 -1.052015110455111646e+01
-3.970957095709570783e+00 -1.051847396397463541e+01
-3.970352035203520202e+00 -1.051679686508917833e+01
-3.969746974697469621e+00 -1.051511980789475409e+01
-3.969141914191419040e+00 -1.051344279239135915e+01
-3.968536853685368460e+00 -1.051176581857899350e+01
-3.967931793179317879e+00 -1.051008888645765893e+01
-3.967326732673267298e+00 -1.050841199602735188e+01
-3.966721672167216717e+00 -1.050673514728807412e+01
-3.966116611661166136e+00 -1.050505834023982565e+01
-3.965511551155115555e+00 -1.050338157488260826e+01
-3.964906490649064974e+00 -1.050170485121641661e+01
-3.964301430143014393e+00 -1.050002816924125959e+01
-3.963696369636963812e+00 -1.049835152895712831e+01
-3.963091309130913231e+00 -1.049667493036402810e+01
-3.962486248624862650e+00 -1.049499837346195896e+01
-3.961881188118812069e+00 -1.049332185825091734e+01
-3.961276127612761488e+00 -1.049164538473090325e+01
-3.960671067106710463e+00 -1.048996895290192022e+01
-3.960066006600659883e+00 -1.048829256276396649e+01
-3.959460946094609302e+00 -1.048661621431704383e+01
-3.958855885588558721e+00 -1.048493990756115046e+01
-3.958250825082508140e+00 -1.048326364249628284e+01
-3.957645764576457559e+00 -1.048158741912244807e+01
-3.957040704070406978e+00 -1.047991123743964437e+01
-3.956435643564356397e+00 -1.047823509744786641e+01
-3.955830583058305816e+00 -1.047655899914711775e+01
-3.955225522552255235e+00 -1.047488294253740371e+01
-3.954620462046204654e+00 -1.047320692761871364e+01
-3.954015401540154073e+00 -1.047153095439105464e+01
-3.953410341034103492e+00 -1.046985502285442671e+01
-3.952805280528052911e+00 -1.046817913300882630e+01
-3.952200220022002330e+00 -1.046650328485425696e+01
-3.951595159515951750e+00 -1.046482747839071514e+01
-3.950990099009901169e+00 -1.046315171361820617e+01
-3.950385038503850588e+00 -1.046147599053672295e+01
-3.949779977997799563e+00 -1.045980030914626902e+01
-3.949174917491748982e+00 -1.045812466944684616e+01
-3.948569856985698401e+00 -1.045644907143845259e+01
-3.947964796479647820e+00 -1.045477351512109010e+01
-3.947359735973597239e+00 -1.045309800049475513e+01
-3.946754675467546658e+00 -1.045142252755944945e+01
-3.946149614961496077e+00 -1.044974709631517307e+01
-3.945544554455445496e+00 -1.044807170676192776e+01
-3.944939493949394915e+00 -1.044639635889971174e+01
-3.944334433443344334e+00 -1.044472105272852502e+01
-3.943729372937293753e+00 -1.044304578824836760e+01
-3.943124312431243172e+00 -1.044137056545923770e+01
-3.942519251925192592e+00 -1.043969538436113709e+01
-3.941914191419142011e+00 -1.043802024495407110e+01
-3.941309130913091430e+00 -1.043634514723803086e+01
-3.940704070407040849e+00 -1.043467009121301814e+01
-3.940099009900990268e+00 -1.043299507687903827e+01
-3.939493949394939687e+00 -1.043132010423608769e+01
-3.938888888888889106e+00 -1.042964517328416285e+01
-3.938283828382838081e+00 -1.042797028402327086e+01
-3.937678767876787500e+00 -1.042629543645340817e+01
-3.937073707370736919e+00 -1.042462063057457478e+01
-3.936468646864686338e+00 -1.042294586638677067e+01
-3.935863586358635757e+00 -1.042127114388999587e+01
-3.935258525852585176e+00 -1.041959646308425036e+01
-3.934653465346534595e+00 -1.041792182396953592e+01
-3.934048404840484014e+00 -1.041624722654584723e+01
-3.933443344334433434e+00 -1.041457267081319138e+01
-3.932838283828382853e+00 -1.041289815677156483e+01
-3.932233223322332272e+00 -1.041122368442096402e+01
-3.931628162816281691e+00 -1.040954925376139784e+01
-3.931023102310231110e+00 -1.040787486479285917e+01
-3.930418041804180529e+00 -1.040620051751534980e+01
-3.929812981298129948e+00 -1.040452621192886795e+01
-3.929207920792079367e+00 -1.040285194803342073e+01
-3.928602860286028786e+00 -1.040117772582899747e+01
-3.927997799779978205e+00 -1.039950354531560528e+01
-3.927392739273927624e+00 -1.039782940649324239e+01
-3.926787678767876599e+00 -1.039615530936190879e+01
-3.926182618261826018e+00 -1.039448125392160627e+01
-3.925577557755775437e+00 -1.039280724017233304e+01
-3.924972497249724857e+00 -1.039113326811408911e+01
-3.924367436743674276e+00 -1.038945933774687269e+01
-3.923762376237623695e+00 -1.038778544907068735e+01
-3.923157315731573114e+00 -1.038611160208553130e+01
-3.922552255225522533e+00 -1.038443779679140455e+01
-3.921947194719471952e+00 -1.038276403318830532e+01
-3.921342134213421371e+00 -1.038109031127624249e+01
-3.920737073707370790e+00 -1.037941663105520362e+01
-3.920132013201320209e+00 -1.037774299252519405e+01
-3.919526952695269628e+00 -1.037606939568621556e+01
-3.918921892189219047e+00 -1.037439584053826458e+01
-3.918316831683168466e+00 -1.037272232708134290e+01
-3.917711771177117885e+00 -1.037104885531545229e+01
-3.917106710671067304e+00 -1.036937542524059275e+01
-3.916501650165016724e+00 -1.036770203685676073e+01
-3.915896589658965699e+00 -1.036602869016395623e+01
-3.915291529152915118e+00 -1.036435538516218280e+01
-3.914686468646864537e+00 -1.036268212185143867e+01
-3.914081408140813956e+00 -1.036100890023172560e+01
-3.913476347634763375e+00 -1.035933572030304006e+01
-3.912871287128712794e+00 -1.035766258206538559e+01
-3.912266226622662213e+00 -1.035598948551876042e+01
-3.911661166116611632e+00 -1.035431643066316276e+01
-3.911056105610561051e+00 -1.035264341749859796e+01
-3.910451045104510470e+00 -1.035097044602505889e+01
-3.909845984598459889e+00 -1.034929751624255267e+01
-3.909240924092409308e+00 -1.034762462815107220e+01
-3.908635863586358727e+00 -1.034595178175062458e+01
-3.908030803080308146e+00 -1.034427897704120447e+01
-3.907425742574257566e+00 -1.034260621402281544e+01
-3.906820682068206985e+00 -1.034093349269545570e+01
-3.906215621562156404e+00 -1.033926081305912348e+01
-3.905610561056105823e+00 -1.033758817511382411e+01
-3.905005500550054798e+00 -1.033591557885954870e+01
-3.904400440044004217e+00 -1.033424302429630792e+01
-3.903795379537953636e+00 -1.033257051142409466e+01
-3.903190319031903055e+00 -1.033089804024290892e+01
-3.902585258525852474e+00 -1.032922561075275425e+01
-3.901980198019801893e+00 -1.032755322295362888e+01
-3.901375137513751312e+00 -1.032588087684553457e+01
-3.900770077007700731e+00 -1.032420857242846957e+01
-3.900165016501650150e+00 -1.032253630970243208e+01
-3.899559955995599569e+00 -1.032086408866742566e+01
-3.898954895489548989e+00 -1.031919190932345032e+01
-3.898349834983498408e+00 -1.031751977167050072e+01
-3.897744774477447827e+00 -1.031584767570857863e+01
-3.897139713971397246e+00 -1.031417562143769295e+01
-3.896534653465346665e+00 -1.031250360885783302e+01
-3.895929592959296084e+00 -1.031083163796900237e+01
-3.895324532453245503e+00 -1.030915970877120103e+01
-3.894719471947194922e+00 -1.030748782126442897e+01
-3.894114411441144341e+00 -1.030581597544868799e+01
-3.893509350935093316e+00 -1.030414417132397809e+01
-3.892904290429042735e+00 -1.030247240889029214e+01
-3.892299229922992154e+00 -1.030080068814763905e+01
-3.891694169416941573e+00 -1.029912900909601525e+01
-3.891089108910890992e+00 -1.029745737173541897e+01
-3.890484048404840411e+00 -1.029578577606585732e+01
-3.889878987898789831e+00 -1.029411422208731963e+01
-3.889273927392739250e+00 -1.029244270979981479e+01
-3.888668866886688669e+00 -1.029077123920333570e+01
-3.888063806380638088e+00 -1.028909981029789122e+01
-3.887458745874587507e+00 -1.028742842308347072e+01
-3.886853685368536926e+00 -1.028575707756008484e+01
-3.886248624862486345e+00 -1.028408577372772648e+01
-3.885643564356435764e+00 -1.028241451158639741e+01
-3.885038503850385183e+00 -1.028074329113609586e+01
-3.884433443344334602e+00 -1.027907211237682361e+01
-3.883828382838284021e+00 -1.027740097530858421e+01
-3.883223322332233440e+00 -1.027572987993137410e+01
-3.882618261826182859e+00 -1.027405882624519329e+01
-3.882013201320131834e+00 -1.027238781425003644e+01
-3.881408140814081253e+00 -1.027071684394591600e+01
-3.880803080308030673e+00 -1.026904591533282129e+01
-3.880198019801980092e+00 -1.026737502841075766e+01
-3.879592959295929511e+00 -1.026570418317972155e+01
-3.878987898789878930e+00 -1.026403337963971651e+01
-3.878382838283828349e+00 -1.026236261779074077e+01
-3.877777777777777768e+00 -1.026069189763279432e+01
-3.877172717271727187e+00 -1.025902121916587717e+01
-3.876567656765676606e+00 -1.025735058238999109e+01
-3.875962596259626025e+00 -1.025567998730513253e+01
-3.875357535753575444e+00 -1.025400943391130149e+01
-3.874752475247524863e+00 -1.025233892220850684e+01
-3.874147414741474282e+00 -1.025066845219673617e+01
-3.873542354235423701e+00 -1.024899802387599479e+01
-3.872937293729373120e+00 -1.024732763724628626e+01
-3.872332233223322540e+00 -1.024565729230760347e+01
-3.871727172717271515e+00 -1.024398698905994998e+01
-3.871122112211220934e+00 -1.024231672750332933e+01
-3.870517051705170353e+00 -1.024064650763773443e+01
-3.869911991199119772e+00 -1.023897632946317238e+01
-3.869306930693069191e+00 -1.023730619297963784e+01
-3.868701870187018610e+00 -1.023563609818713438e+01
-3.868096809680968029e+00 -1.023396604508565666e+01
-3.867491749174917448e+00 -1.023229603367521356e+01
-3.866886688668866867e+00 -1.023062606395579799e+01
-3.866281628162816286e+00 -1.022895613592740993e+01
-3.865676567656765705e+00 -1.022728624959005472e+01
-3.865071507150715124e+00 -1.022561640494372703e+01
-3.864466446644664543e+00 -1.022394660198842864e+01
-3.863861386138613963e+00 -1.022227684072416132e+01
-3.863256325632563382e+00 -1.022060712115092151e+01
-3.862651265126512801e+00 -1.021893744326871101e+01
-3.862046204620462220e+00 -1.021726780707753157e+01
-3.861441144114411639e+00 -1.021559821257737788e+01
-3.860836083608361058e+00 -1.021392865976825703e+01
-3.860231023102310033e+00 -1.021225914865016371e+01
-3.859625962596259452e+00 -1.021058967922310323e+01
-3.859020902090208871e+00 -1.020892025148707027e+01
-3.858415841584158290e+00 -1.020725086544206661e+01
-3.857810781078107709e+00 -1.020558152108809047e+01
-3.857205720572057128e+00 -1.020391221842514895e+01
-3.856600660066006547e+00 -1.020224295745323140e+01
-3.855995599559955966e+00 -1.020057373817234669e+01
-3.855390539053905385e+00 -1.019890456058248951e+01
-3.854785478547854805e+00 -1.019723542468366517e+01
-3.854180418041804224e+00 -1.019556633047586658e+01
-3.853575357535753643e+00 -1.019389727795909906e+01
-3.852970297029703062e+00 -1.019222826713336083e+01
-3.852365236523652481e+00 -1.019055929799865012e+01
-3.851760176017601900e+00 -1.018889037055497226e+01
-3.851155115511551319e+00 -1.018722148480232015e+01
-3.850550055005500738e+00 -1.018555264074070088e+01
-3.849944994499450157e+00 -1.018388383837011268e+01
-3.849339933993399576e+00 -1.018221507769054668e+01
-3.848734873487348551e+00 -1.018054635870201530e+01
-3.848129812981297970e+00 -1.017887768140451143e+01
-3.847524752475247389e+00 -1.017720904579803864e+01
-3.846919691969196808e+00 -1.017554045188259693e+01
-3.846314631463146227e+00 -1.017387189965818095e+01
-3.845709570957095647e+00 -1.017220338912479605e+01
-3.845104510451045066e+00 -1.017053492028244222e+01
-3.844499449944994485e+00 -1.016886649313111413e+01
-3.843894389438943904e+00 -1.016719810767081889e+01
-3.843289328932893323e+00 -1.016552976390155116e+01
-3.842684268426842742e+00 -1.016386146182331274e+01
-3.842079207920792161e+00 -1.016219320143610538e+01
-3.841474147414741580e+00 -1.016052498273992910e+01
-3.840869086908690999e+00 -1.015885680573478034e+01
-3.840264026402640418e+00 -1.015718867042065732e+01
-3.839658965896589837e+00 -1.015552057679757070e+01
-3.839053905390539256e+00 -1.015385252486550804e+01
-3.838448844884488231e+00 -1.015218451462447469e+01
-3.837843784378438095e+00 -1.015051654607447595e+01
-3.837238723872387069e+00 -1.014884861921549941e+01
-3.836633663366336489e+00 -1.014718073404755927e+01
-3.836028602860285908e+00 -1.014551289057064487e+01
-3.835423542354235327e+00 -1.014384508878475977e+01
-3.834818481848184746e+00 -1.014217732868990751e+01
-3.834213421342134165e+00 -1.014050961028608100e+01
-3.833608360836083584e+00 -1.013884193357328556e+01
-3.833003300330033003e+00 -1.013717429855151941e+01
-3.832398239823982422e+00 -1.013550670522078256e+01
-3.831793179317931841e+00 -1.013383915358107501e+01
-3.831188118811881260e+00 -1.013217164363239853e+01
-3.830583058305830679e+00 -1.013050417537475134e+01
-3.829977997799780098e+00 -1.012883674880812990e+01
-3.829372937293729517e+00 -1.012716936393254308e+01
-3.828767876787678937e+00 -1.012550202074798200e+01
-3.828162816281628356e+00 -1.012383471925445200e+01
-3.827557755775577775e+00 -1.012216745945195129e+01
-3.826952695269526750e+00 -1.012050024134047632e+01
-3.826347634763476169e+00 -1.011883306492003776e+01
-3.825742574257425588e+00 -1.011716593019062316e+01
-3.825137513751375007e+00 -1.011549883715224141e+01
-3.824532453245324426e+00 -1.011383178580488718e+01
-3.823927392739273845e+00 -1.011216477614856046e+01
-3.823322332233223264e+00 -1.011049780818326838e+01
-3.822717271727172683e+00 -1.010883088190900025e+01
-3.822112211221122102e+00 -1.010716399732576498e+01
-3.821507150715071521e+00 -1.010549715443356078e+01
-3.820902090209020940e+00 -1.010383035323238410e+01
-3.820297029702970359e+00 -1.010216359372223671e+01
-3.819691969196919779e+00 -1.010049687590311684e+01
-3.819086908690869198e+00 -1.009883019977502983e+01
-3.818481848184818617e+00 -1.009716356533796855e+01
-3.817876787678768036e+00 -1.009549697259194190e+01
-3.817271727172717455e+00 -1.009383042153694099e+01
-3.816666666666666874e+00 -1.009216391217297115e+01
-3.816061606160616293e+00 -1.009049744450002883e+01
-3.815456545654565268e+00 -1.008883101851811759e+01
-3.814851485148514687e+00 -1.008716463422723386e+01
-3.814246424642464106e+00 -1.008549829162738121e+01
-3.813641364136413525e+00 -1.008383199071855785e+01
-3.813036303630362944e+00 -1.008216573150076378e+01
-3.812431243124312363e+00 -1.008049951397399902e+01
-3.811826182618261782e+00 -1.007883333813826354e+01
-3.811221122112211201e+00 -1.007716720399355914e+01
-3.810616061606160621e+00 -1.007550111153988226e+01
-3.810011001100110040e+00 -1.007383506077723645e+01
-3.809405940594059459e+00 -1.007216905170561816e+01
-3.808800880088008878e+00 -1.007050308432503272e+01
-3.808195819581958297e+00 -1.006883715863547302e+01
-3.807590759075907716e+00 -1.006717127463694439e+01
-3.806985698569857135e+00 -1.006550543232944506e+01
-3.806380638063806554e+00 -1.006383963171297680e+01
-3.805775577557755973e+00 -1.006217387278753428e+01
-3.805170517051705392e+00 -1.006050815555312639e+01
-3.804565456545654811e+00 -1.005884248000974246e+01
-3.803960396039603786e+00 -1.005717684615739138e+01
-3.803355335533553205e+00 -1.005551125399606605e+01
-3.802750275027502624e+00 -1.005384570352577356e+01
-3.802145214521452043e+00 -1.005218019474651037e+01
-3.801540154015401463e+00 -1.005051472765827647e+01
-3.800935093509350882e+00 -1.004884930226107187e+01
-3.800330033003300301e+00 -1.004718391855489834e+01
-3.799724972497249720e+00 -1.004551857653975055e+01
-3.799119911991199139e+00 -1.004385327621563562e+01
-3.798514851485148558e+00 -1.004218801758254997e+01
-3.797909790979097977e+00 -1.004052280064049185e+01
-3.797304730473047396e+00 -1.003885762538946480e+01
-3.796699669966996815e+00 -1.003719249182946527e+01
-3.796094609460946234e+00 -1.003552739996049503e+01
-3.795489548954895653e+00 -1.003386234978255587e+01
-3.794884488448845072e+00 -1.003219734129564777e+01
-3.794279427942794491e+00 -1.003053237449976542e+01
-3.793674367436743466e+00 -1.002886744939491415e+01
-3.793069306930692886e+00 -1.002720256598109216e+01
-3.792464246424642305e+00 -1.002553772425829948e+01
-3.791859185918591724e+00 -1.002387292422653609e+01
-3.791254125412541143e+00 -1.002220816588580377e+01
-3.790649064906490562e+00 -1.002054344923610074e+01
-3.790044004400439981e+00 -1.001887877427742701e+01
-3.789438943894389400e+00 -1.001721414100978080e+01
-3.788833883388338819e+00 -1.001554954943316567e+01
-3.788228822882288238e+00 -1.001388499954758160e+01
-3.787623762376237657e+00 -1.001222049135302328e+01
-3.787018701870187076e+00 -1.001055602484949603e+01
-3.786413641364136495e+00 -1.000889160003699985e+01
-3.785808580858085914e+00 -1.000722721691553119e+01
-3.785203520352035333e+00 -1.000556287548509005e+01
-3.784598459845984753e+00 -1.000389857574568353e+01
-3.783993399339934172e+00 -1.000223431769730276e+01
-3.783388338833883591e+00 -1.000057010133995306e+01
-3.782783278327833010e+00 -9.998905926673632649e+00
-3.782178217821781985e+00 -9.997241793698339762e+00
-3.781573157315731404e+00 -9.995577702414077947e+00
-3.780968096809680823e+00 -9.993913652820845428e+00
-3.780363036303630242e+00 -9.992249644918643980e+00
-3.779757975797579661e+00 -9.990585678707470052e+00
-3.779152915291529080e+00 -9.988921754187327195e+00
-3.778547854785478499e+00 -9.987257871358211858e+00
-3.777942794279427918e+00 -9.985594030220127593e+00
-3.777337733773377337e+00 -9.983930230773070846e+00
-3.776732673267326756e+00 -9.982266473017045172e+00
-3.776127612761276175e+00 -9.980602756952047017e+00
-3.775522552255225595e+00 -9.978939082578081710e+00
-3.774917491749175014e+00 -9.977275449895142145e+00
-3.774312431243124433e+00 -9.975611858903235429e+00
-3.773707370737073852e+00 -9.973948309602356233e+00
-3.773102310231023271e+00 -9.972284801992506331e+00
-3.772497249724972690e+00 -9.970621336073685725e+00
-3.771892189218922109e+00 -9.968957911845896191e+00
-3.771287128712871528e+00 -9.967294529309135953e+00
-3.770682068206820503e+00 -9.965631188463401458e+00
-3.770077007700769922e+00 -9.963967889308699810e+00
-3.769471947194719341e+00 -9.962304631845027458e+00
-3.768866886688668760e+00 -9.960641416072382626e+00
-3.768261826182618179e+00 -9.958978241990770641e+00
-3.767656765676567598e+00 -9.957315109600186176e+00
-3.767051705170517018e+00 -9.955652018900631006e+00
-3.766446644664466437e+00 -9.953988969892106908e+00
-3.765841584158415856e+00 -9.952325962574612106e+00
-3.765236523652365275e+00 -9.950662996948144823e+00
-3.764631463146314694e+00 -9.949000073012706835e+00
-3.764026402640264113e+00 -9.947337190768299919e+00
-3.763421342134213532e+00 -9.945674350214922299e+00
-3.762816281628162951e+00 -9.944011551352573974e+00
-3.762211221122112370e+00 -9.942348794181254945e+00
-3.761606160616061789e+00 -9.940686078700963435e+00
-3.761001100110011208e+00 -9.939023404911704773e+00
-3.760396039603960627e+00 -9.937360772813473631e+00
-3.759790979097910046e+00 -9.935698182406273560e+00
-3.759185918591859021e+00 -9.934035633690101008e+00
-3.758580858085808440e+00 -9.932373126664957752e+00
-3.757975797579757860e+00 -9.930710661330845568e+00
-3.757370737073707279e+00 -9.929048237687762679e+00
-3.756765676567656698e+00 -9.927385855735707310e+00
-3.756160616061606117e+00 -9.925723515474684788e+00
-3.755555555555555536e+00 -9.924061216904689786e+00
-3.754950495049504955e+00 -9.922398960025724080e+00
-3.754345434543454374e+00 -9.920736744837787668e+00
-3.753740374037403793e+00 -9.919074571340880553e+00
-3.753135313531353212e+00 -9.917412439535002733e+00
-3.752530253025302631e+00 -9.915750349420155985e+00
-3.751925192519252050e+00 -9.914088300996338532e+00
-3.751320132013201469e+00 -9.912426294263548598e+00
-3.750715071507150888e+00 -9.910764329221791513e+00
-3.750110011001100307e+00 -9.909102405871060171e+00
-3.749504950495049727e+00 -9.907440524211358124e+00
-3.748899889988998702e+00 -9.905778684242687149e+00
-3.748294829482948565e+00 -9.904116885965049022e+00
-3.747689768976897540e+00 -9.902455129378434862e+00
-3.747084708470846959e+00 -9.900793414482853549e+00
-3.746479647964796378e+00 -9.899131741278296204e+00
-3.745874587458745797e+00 -9.897470109764777035e+00
-3.745269526952695216e+00 -9.895808519942281833e+00
-3.744664466446644635e+00 -9.894146971810815927e+00
-3.744059405940594054e+00 -9.892485465370381092e+00
-3.743454345434543473e+00 -9.890824000620977330e+00
-3.742849284928492892e+00 -9.889162577562599310e+00
-3.742244224422442311e+00 -9.887501196195254138e+00
-3.741639163916391730e+00 -9.885839856518938262e+00
-3.741034103410341149e+00 -9.884178558533648129e+00
-3.740429042904290569e+00 -9.882517302239389068e+00
-3.739823982398239988e+00 -9.880856087636161078e+00
-3.739218921892189407e+00 -9.879194914723962384e+00
-3.738613861386138826e+00 -9.877533783502791209e+00
-3.738008800880088245e+00 -9.875872693972651106e+00
-3.737403740374037220e+00 -9.874211646133536746e+00
-3.736798679867986639e+00 -9.872550639985457011e+00
-3.736193619361936058e+00 -9.870889675528404794e+00
-3.735588558855885477e+00 -9.869228752762381873e+00
-3.734983498349834896e+00 -9.867567871687386472e+00
-3.734378437843784315e+00 -9.865907032303423918e+00
-3.733773377337733734e+00 -9.864246234610490660e+00
-3.733168316831683153e+00 -9.862585478608584921e+00
-3.732563256325632572e+00 -9.860924764297710254e+00
-3.731958195819581992e+00 -9.859264091677863107e+00
-3.731353135313531411e+00 -9.857603460749047031e+00
-3.730748074807480830e+00 -9.855942871511260250e+00
-3.730143014301430249e+00 -9.854282323964504542e+00
-3.729537953795379668e+00 -9.852621818108776353e+00
-3.728932893289329087e+00 -9.850961353944075682e+00
-3.728327832783278506e+00 -9.849300931470407861e+00
-3.727722772277227925e+00 -9.847640550687765781e+00
-3.727117711771176900e+00 -9.845980211596154774e+00
-3.726512651265126763e+00 -9.844319914195576615e+00
-3.725907590759075738e+00 -9.842659658486024199e+00
-3.725302530253025157e+00 -9.840999444467502855e+00
-3.724697469746974576e+00 -9.839339272140009029e+00
-3.724092409240923995e+00 -9.837679141503546276e+00
-3.723487348734873414e+00 -9.836019052558114595e+00
-3.722882288228822834e+00 -9.834359005303710433e+00
-3.722277227722772253e+00 -9.832698999740335566e+00
-3.721672167216721672e+00 -9.831039035867989995e+00
-3.721067106710671091e+00 -9.829379113686675495e+00
-3.720462046204620510e+00 -9.827719233196388515e+00
-3.719856985698569929e+00 -9.826059394397130831e+00
-3.719251925192519348e+00 -9.824399597288904218e+00
-3.718646864686468767e+00 -9.822739841871706901e+00
-3.718041804180418186e+00 -9.821080128145537103e+00
-3.717436743674367605e+00 -9.819420456110400153e+00
-3.716831683168317024e+00 -9.817760825766288946e+00
-3.716226622662266443e+00 -9.816101237113210587e+00
-3.715621562156215418e+00 -9.814441690151157971e+00
-3.715016501650165281e+00 -9.812782184880138203e+00
-3.714411441144114256e+00 -9.811122721300145955e+00
-3.713806380638063676e+00 -9.809463299411183002e+00
-3.713201320132013095e+00 -9.807803919213251120e+00
-3.712596259625962514e+00 -9.806144580706348535e+00
-3.711991199119911933e+00 -9.804485283890475245e+00
-3.711386138613861352e+00 -9.802826028765631250e+00
-3.710781078107810771e+00 -9.801166815331816551e+00
-3.710176017601760190e+00 -9.799507643589029371e+00
-3.709570957095709609e+00 -9.797848513537275039e+00
-3.708965896589659028e+00 -9.796189425176548227e+00
-3.708360836083608447e+00 -9.794530378506852486e+00
-3.707755775577557866e+00 -9.792871373528182488e+00
-3.707150715071507285e+00 -9.791212410240545339e+00
-3.706545654565456704e+00 -9.789553488643939261e+00
-3.705940594059406124e+00 -9.787894608738358926e+00
-3.705335533553355543e+00 -9.786235770523809663e+00
-3.704730473047304962e+00 -9.784576974000287919e+00
-3.704125412541253937e+00 -9.782918219167797247e+00
-3.703520352035203800e+00 -9.781259506026335870e+00
-3.702915291529152775e+00 -9.779600834575903789e+00
-3.702310231023102194e+00 -9.777942204816502780e+00
-3.701705170517051613e+00 -9.776283616748129290e+00
-3.701100110011001032e+00 -9.774625070370785096e+00
-3.700495049504950451e+00 -9.772966565684473750e+00
-3.699889988998899870e+00 -9.771308102689186370e+00
-3.699284928492849289e+00 -9.769649681384931839e+00
-3.698679867986798708e+00 -9.767991301771706603e+00
-3.698074807480748127e+00 -9.766332963849510662e+00
-3.697469746974697546e+00 -9.764674667618344017e+00
-3.696864686468646966e+00 -9.763016413078208444e+00
-3.696259625962596385e+00 -9.761358200229100390e+00
-3.695654565456545804e+00 -9.759700029071019856e+00
-3.695049504950495223e+00 -9.758041899603975722e+00
-3.694444444444444642e+00 -9.756383811827952002e+00
-3.693839383938394061e+00 -9.754725765742964683e+00
-3.693234323432343480e+00 -9.753067761349001330e+00
-3.692629262926292455e+00 -9.751409798646072602e+00
-3.692024202420241874e+00 -9.749751877634171393e+00
-3.691419141914191293e+00 -9.748093998313297703e+00
-3.690814081408140712e+00 -9.746436160683455086e+00
-3.690209020902090131e+00 -9.744778364744643540e+00
-3.689603960396039550e+00 -9.743120610496859513e+00
-3.688998899889988969e+00 -9.741462897940104781e+00
-3.688393839383938388e+00 -9.739805227074381122e+00
-3.687788778877887808e+00 -9.738147597899684982e+00
-3.687183718371837227e+00 -9.736490010416019913e+00
-3.686578657865786646e+00 -9.734832464623384141e+00
-3.685973597359736065e+00 -9.733174960521775887e+00
-3.685368536853685484e+00 -9.731517498111198705e+00
-3.684763476347634903e+00 -9.729860077391652595e+00
-3.684158415841584322e+00 -9.728202698363132228e+00
-3.683553355335533741e+00 -9.726545361025644709e+00
-3.682948294829483160e+00 -9.724888065379182933e+00
-3.682343234323432135e+00 -9.723230811423754005e+00
-3.681738173817381998e+00 -9.721573599159354373e+00
-3.681133113311330973e+00 -9.719916428585982260e+00
-3.680528052805280392e+00 -9.718259299703639442e+00
-3.679922992299229811e+00 -9.716602212512331249e+00
-3.679317931793179230e+00 -9.714945167012043470e+00
-3.678712871287128650e+00 -9.713288163202792092e+00
-3.678107810781078069e+00 -9.711631201084570009e+00
-3.677502750275027488e+00 -9.709974280657371892e+00
-3.676897689768976907e+00 -9.708317401921210177e+00
-3.676292629262926326e+00 -9.706660564876072428e+00
-3.675687568756875745e+00 -9.705003769521967527e+00
-3.675082508250825164e+00 -9.703347015858890146e+00
-3.674477447744774583e+00 -9.701690303886843836e+00
-3.673872387238724002e+00 -9.700033633605825045e+00
-3.673267326732673421e+00 -9.698377005015839103e+00
-3.672662266226622840e+00 -9.696720418116878903e+00
-3.672057205720572259e+00 -9.695063872908951552e+00
-3.671452145214521678e+00 -9.693407369392051720e+00
-3.670847084708470653e+00 -9.691750907566179407e+00
-3.670242024202420517e+00 -9.690094487431339942e+00
-3.669636963696369492e+00 -9.688438108987527997e+00
-3.669031903190318911e+00 -9.686781772234747123e+00
-3.668426842684268330e+00 -9.685125477172993769e+00
-3.667821782178217749e+00 -9.683469223802269710e+00
-3.667216721672167168e+00 -9.681813012122576723e+00
-3.666611661166116587e+00 -9.680156842133913031e+00
-3.666006600660066006e+00 -9.678500713836278635e+00
-3.665401540154015425e+00 -9.676844627229673534e+00
-3.664796479647964844e+00 -9.675188582314095953e+00
-3.664191419141914263e+00 -9.673532579089552996e+00
-3.663586358635863682e+00 -9.671876617556035782e+00
-3.662981298129813101e+00 -9.670220697713547864e+00
-3.662376237623762520e+00 -9.668564819562089241e+00
-3.661771177117711940e+00 -9.666908983101661690e+00
-3.661166116611661359e+00 -9.665253188332263434e+00
-3.660561056105610778e+00 -9.663597435253894474e+00
-3.659955995599560197e+00 -9.661941723866554810e+00
-3.659350935093509172e+00 -9.660286054170242664e+00
-3.658745874587458591e+00 -9.658630426164959815e+00
-3.658140814081408010e+00 -9.656974839850709813e+00
-3.657535753575357429e+00 -9.655319295227487331e+00
-3.656930693069306848e+00 -9.653663792295295920e+00
-3.656325632563256267e+00 -9.652008331054132029e+00
-3.655720572057205686e+00 -9.650352911503997433e+00
-3.655115511551155105e+00 -9.648697533644893909e+00
-3.654510451045104524e+00 -9.647042197476817904e+00
-3.653905390539053943e+00 -9.645386902999774748e+00
-3.653300330033003362e+00 -9.643731650213757334e+00
-3.652695269526952782e+00 -9.642076439118770992e+00
-3.652090209020902201e+00 -9.640421269714815722e+00
-3.651485148514851620e+00 -9.638766142001886195e+00
-3.650880088008801039e+00 -9.637111055979991292e+00
-3.650275027502750458e+00 -9.635456011649122132e+00
-3.649669966996699877e+00 -9.633801009009280492e+00
-3.649064906490649296e+00 -9.632146048060471699e+00
-3.648459845984598715e+00 -9.630491128802692202e+00
-3.647854785478547690e+00 -9.628836251235940225e+00
-3.647249724972497109e+00 -9.627181415360219319e+00
-3.646644664466446528e+00 -9.625526621175525932e+00
-3.646039603960395947e+00 -9.623871868681865394e+00
-3.645434543454345366e+00 -9.622217157879232374e+00
-3.644829482948294785e+00 -9.620562488767628651e+00
-3.644224422442244204e+00 -9.618907861347055999e+00
-3.643619361936193624e+00 -9.617253275617510866e+00
-3.643014301430143043e+00 -9.615598731578995029e+00
-3.642409240924092462e+00 -9.613944229231510263e+00
-3.641804180418041881e+00 -9.612289768575054794e+00
-3.641199119911991300e+00 -9.610635349609626843e+00
-3.640594059405940719e+00 -9.608980972335229964e+00
-3.639988998899890138e+00 -9.607326636751862381e+00
-3.639383938393839557e+00 -9.605672342859524093e+00
-3.638778877887788976e+00 -9.604018090658215101e+00
-3.638173817381738395e+00 -9.602363880147937181e+00
-3.637568756875687370e+00 -9.600709711328685003e+00
-3.636963696369637233e+00 -9.599055584200467450e+00
-3.636358635863586208e+00 -9.597401498763273864e+00
-3.635753575357535627e+00 -9.595747455017111349e+00
-3.635148514851485047e+00 -9.594093452961981683e+00
-3.634543454345434466e+00 -9.592439492597879536e+00
-3.633938393839383885e+00 -9.590785573924804908e+00
-3.633333333333333304e+00 -9.589131696942763128e+00
-3.632728272827282723e+00 -9.587477861651745314e+00
-3.632123212321232142e+00 -9.585824068051763902e+00
-3.631518151815181561e+00 -9.584170316142808232e+00
-3.630913091309130980e+00 -9.582516605924881858e+00
-3.630308030803080399e+00 -9.580862937397988333e+00
-3.629702970297029818e+00 -9.579209310562118773e+00
-3.629097909790979237e+00 -9.577555725417280286e+00
-3.628492849284928656e+00 -9.575902181963472870e+00
-3.627887788778878075e+00 -9.574248680200698303e+00
-3.627282728272827494e+00 -9.572595220128944149e+00
-3.626677667766776914e+00 -9.570941801748228173e+00
-3.626072607260725889e+00 -9.569288425058534386e+00
-3.625467546754675752e+00 -9.567635090059877001e+00
-3.624862486248624727e+00 -9.565981796752243582e+00
-3.624257425742574146e+00 -9.564328545135643012e+00
-3.623652365236523565e+00 -9.562675335210069960e+00
-3.623047304730472984e+00 -9.561022166975527981e+00
-3.622442244224422403e+00 -9.559369040432015296e+00
-3.621837183718371822e+00 -9.557715955579531908e+00
-3.621232123212321241e+00 -9.556062912418077815e+00
-3.620627062706270660e+00 -9.554409910947651241e+00
-3.620022002200220079e+00 -9.552756951168255739e+00
-3.619416941694169498e+00 -9.551104033079889533e+00
-3.618811881188118917e+00 -9.549451156682552622e+00
-3.618206820682068336e+00 -9.547798321976246783e+00
-3.617601760176017756e+00 -9.546145528960968463e+00
-3.616996699669967175e+00 -9.544492777636719438e+00
-3.616391639163916594e+00 -9.542840068003503262e+00
-3.615786578657866013e+00 -9.541187400061312829e+00
-3.615181518151815432e+00 -9.539534773810151691e+00
-3.614576457645764407e+00 -9.537882189250021625e+00
-3.613971397139713826e+00 -9.536229646380920855e+00
-3.613366336633663245e+00 -9.534577145202849380e+00
-3.612761276127612664e+00 -9.532924685715808977e+00
-3.612156215621562083e+00 -9.531272267919794317e+00
-3.611551155115511502e+00 -9.529619891814812505e+00
-3.610946094609460921e+00 -9.527967557400859988e+00
-3.610341034103410340e+00 -9.526315264677934991e+00
-3.609735973597359759e+00 -9.524663013646042842e+00
-3.609130913091309178e+00 -9.523010804305176435e+00
-3.608525852585258598e+00 -9.521358636655341101e+00
-3.607920792079208017e+00 -9.519706510696533286e+00
-3.607315731573157436e+00 -9.518054426428758319e+00
-3.606710671067106855e+00 -9.516402383852009095e+00
-3.606105610561056274e+00 -9.514750382966290942e+00
-3.605500550055005693e+00 -9.513098423771603862e+00
-3.604895489548955112e+00 -9.511446506267944301e+00
-3.604290429042904087e+00 -9.509794630455315811e+00
-3.603685368536853950e+00 -9.508142796333718394e+00
-3.603080308030802925e+00 -9.506491003903143167e+00
-3.602475247524752344e+00 -9.504839253163602564e+00
-3.601870187018701763e+00 -9.503187544115089480e+00
-3.601265126512651182e+00 -9.501535876757611021e+00
-3.600660066006600601e+00 -9.499884251091158305e+00
-3.600055005500550021e+00 -9.498232667115733108e+00
-3.599449944994499440e+00 -9.496581124831340759e+00
-3.598844884488448859e+00 -9.494929624237975929e+00
-3.598239823982398278e+00 -9.493278165335642171e+00
-3.597634763476347697e+00 -9.491626748124335933e+00
-3.597029702970297116e+00 -9.489975372604060766e+00
-3.596424642464246535e+00 -9.488324038774814895e+00
-3.595819581958195954e+00 -9.486672746636596543e+00
-3.595214521452145373e+00 -9.485021496189409262e+00
-3.594609460946094792e+00 -9.483370287433249501e+00
-3.594004400440044211e+00 -9.481719120368122589e+00
-3.593399339933993630e+00 -9.480067994994024971e+00
-3.592794279427942605e+00 -9.478416911310951321e+00
-3.592189218921892468e+00 -9.476765869318912294e+00
-3.591584158415841443e+00 -9.475114869017902564e+00
-3.590979097909790863e+00 -9.473463910407920352e+00
-3.590374037403740282e+00 -9.471812993488969212e+00
-3.589768976897689701e+00 -9.470162118261047368e+00
-3.589163916391639120e+00 -9.468511284724154820e+00
-3.588558855885588539e+00 -9.466860492878291566e+00
-3.587953795379537958e+00 -9.465209742723455832e+00
-3.587348734873487377e+00 -9.463559034259652947e+00
-3.586743674367436796e+00 -9.461908367486877580e+00
-3.586138613861386215e+00 -9.460257742405131509e+00
-3.585533553355335634e+00 -9.458607159014416510e+00
-3.584928492849285053e+00 -9.456956617314729030e+00
-3.584323432343234472e+00 -9.455306117306072622e+00
-3.583718371837183891e+00 -9.453655658988445509e+00
-3.583113311331133310e+00 -9.452005242361847692e+00
-3.582508250825082730e+00 -9.450354867426277394e+00
-3.581903190319032149e+00 -9.448704534181738168e+00
-3.581298129812981124e+00 -9.447054242628226461e+00
-3.580693069306930987e+00 -9.445403992765747603e+00
-3.580088008800879962e+00 -9.443753784594296263e+00
-3.579482948294829381e+00 -9.442103618113874219e+00
-3.578877887788778800e+00 -9.440453493324481471e+00
-3.578272827282728219e+00 -9.438803410226121571e+00
-3.577667766776677638e+00 -9.437153368818787413e+00
-3.577062706270627057e+00 -9.435503369102484328e+00
-3.576457645764576476e+00 -9.433853411077208762e+00
-3.575852585258525895e+00 -9.432203494742962491e+00
-3.575247524752475314e+00 -9.430553620099750844e+00
-3.574642464246424733e+00 -9.428903787147563165e+00
-3.574037403740374153e+00 -9.427253995886408333e+00
-3.573432343234323572e+00 -9.425604246316282797e+00
-3.572827282728272991e+00 -9.423954538437183004e+00
-3.572222222222222410e+00 -9.422304872249116059e+00
-3.571617161716171829e+00 -9.420655247752076633e+00
-3.571012101210121248e+00 -9.419005664946068279e+00
-3.570407040704070667e+00 -9.417356123831087444e+00
-3.569801980198019642e+00 -9.415706624407139458e+00
-3.569196919691969061e+00 -9.414057166674217214e+00
-3.568591859185918480e+00 -9.412407750632327819e+00
-3.567986798679867899e+00 -9.410758376281464166e+00
-3.567381738173817318e+00 -9.409109043621631585e+00
-3.566776677667766737e+00 -9.407459752652830076e+00
-3.566171617161716156e+00 -9.405810503375056086e+00
-3.565566556655665575e+00 -9.404161295788313168e+00
-3.564961496149614995e+00 -9.402512129892597770e+00
-3.564356435643564414e+00 -9.400863005687913443e+00
-3.563751375137513833e+00 -9.399213923174256635e+00
-3.563146314631463252e+00 -9.397564882351632676e+00
-3.562541254125412671e+00 -9.395915883220034459e+00
-3.561936193619362090e+00 -9.394266925779469091e+00
-3.561331133113311509e+00 -9.392618010029931241e+00
-3.560726072607260928e+00 -9.390969135971424464e+00
-3.560121012101210347e+00 -9.389320303603943429e+00
-3.559515951595159322e+00 -9.387671512927491690e+00
-3.558910891089109185e+00 -9.386022763942074576e+00
-3.558305830583058160e+00 -9.384374056647683204e+00
-3.557700770077007579e+00 -9.382725391044322905e+00
-3.557095709570956998e+00 -9.381076767131990124e+00
-3.556490649064906417e+00 -9.379428184910691968e+00
-3.555885588558855837e+00 -9.377779644380417778e+00
-3.555280528052805256e+00 -9.376131145541174661e+00
-3.554675467546754675e+00 -9.374482688392960839e+00
-3.554070407040704094e+00 -9.372834272935776312e+00
-3.553465346534653513e+00 -9.371185899169621081e+00
-3.552860286028602932e+00 -9.369537567094498698e+00
-3.552255225522552351e+00 -9.367889276710402058e+00
-3.551650165016501770e+00 -9.366241028017332937e+00
-3.551045104510451189e+00 -9.364592821015296664e+00
-3.550440044004400608e+00 -9.362944655704293240e+00
-3.549834983498350027e+00 -9.361296532084313782e+00
-3.549229922992299446e+00 -9.359648450155365396e+00
-3.548624862486248865e+00 -9.358000409917444529e+00
-3.548019801980197840e+00 -9.356352411370556510e+00
-3.547414741474147704e+00 -9.354704454514697787e+00
-3.546809680968096679e+00 -9.353056539349866583e+00
-3.546204620462046098e+00 -9.351408665876064674e+00
-3.545599559955995517e+00 -9.349760834093293838e+00
-3.544994499449944936e+00 -9.348113044001550520e+00
-3.544389438943894355e+00 -9.346465295600838274e+00
-3.543784378437843774e+00 -9.344817588891155324e+00
-3.543179317931793193e+00 -9.343169923872501670e+00
-3.542574257425742612e+00 -9.341522300544879087e+00
-3.541969196919692031e+00 -9.339874718908282247e+00
-3.541364136413641450e+00 -9.338227178962718256e+00
-3.540759075907590869e+00 -9.336579680708181783e+00
-3.540154015401540288e+00 -9.334932224144674606e+00
-3.539548954895489707e+00 -9.333284809272198501e+00
-3.538943894389439127e+00 -9.331637436090751692e+00
-3.538338833883388546e+00 -9.329990104600332401e+00
-3.537733773377337965e+00 -9.328342814800944183e+00
-3.537128712871287384e+00 -9.326695566692585260e+00
-3.536523652365236359e+00 -9.325048360275255632e+00
-3.535918591859185778e+00 -9.323401195548953524e+00
-3.535313531353135197e+00 -9.321754072513684264e+00
-3.534708470847084616e+00 -9.320106991169442523e+00
-3.534103410341034035e+00 -9.318459951516230078e+00
-3.533498349834983454e+00 -9.316812953554048704e+00
-3.532893289328932873e+00 -9.315165997282896626e+00
-3.532288228822882292e+00 -9.313519082702772067e+00
-3.531683168316831711e+00 -9.311872209813678580e+00
-3.531078107810781130e+00 -9.310225378615614389e+00
-3.530473047304730549e+00 -9.308578589108577717e+00
-3.529867986798679969e+00 -9.306931841292573893e+00
-3.529262926292629388e+00 -9.305285135167597588e+00
-3.528657865786578807e+00 -9.303638470733652355e+00
-3.528052805280528226e+00 -9.301991847990732865e+00
-3.527447744774477645e+00 -9.300345266938847999e+00
-3.526842684268427064e+00 -9.298698727577987100e+00
-3.526237623762376039e+00 -9.297052229908159049e+00
-3.525632563256325902e+00 -9.295405773929360294e+00
-3.525027502750274877e+00 -9.293759359641589057e+00
-3.524422442244224296e+00 -9.292112987044848893e+00
-3.523817381738173715e+00 -9.290466656139138024e+00
-3.523212321232123134e+00 -9.288820366924456451e+00
-3.522607260726072553e+00 -9.287174119400805949e+00
-3.522002200220021972e+00 -9.285527913568181191e+00
-3.521397139713971391e+00 -9.283881749426587504e+00
-3.520792079207920811e+00 -9.282235626976024889e+00
-3.520187018701870230e+00 -9.280589546216491570e+00
-3.519581958195819649e+00 -9.278943507147985770e+00
-3.518976897689769068e+00 -9.277297509770511041e+00
-3.518371837183718487e+00 -9.275651554084065609e+00
-3.517766776677667906e+00 -9.274005640088651248e+00
-3.517161716171617325e+00 -9.272359767784262630e+00
-3.516556655665566744e+00 -9.270713937170905083e+00
-3.515951595159516163e+00 -9.269068148248576833e+00
-3.515346534653465582e+00 -9.267422401017279654e+00
-3.514741474147414557e+00 -9.265776695477006442e+00
-3.514136413641364420e+00 -9.264131031627769630e+00
-3.513531353135313395e+00 -9.262485409469558562e+00
-3.512926292629262814e+00 -9.260839829002378565e+00
-3.512321232123212233e+00 -9.259194290226229640e+00
-3.511716171617161653e+00 -9.257548793141106458e+00
-3.511111111111111072e+00 -9.255903337747014348e+00
-3.510506050605060491e+00 -9.254257924043951533e+00
-3.509900990099009910e+00 -9.252612552031918014e+00
-3.509295929592959329e+00 -9.250967221710913790e+00
-3.508690869086908748e+00 -9.249321933080940639e+00
-3.508085808580858167e+00 -9.247676686141995006e+00
-3.507480748074807586e+00 -9.246031480894078669e+00
-3.506875687568757005e+00 -9.244386317337193404e+00
-3.506270627062706424e+00 -9.242741195471337434e+00
-3.505665566556655843e+00 -9.241096115296507207e+00
-3.505060506050605262e+00 -9.239451076812713382e+00
-3.504455445544554681e+00 -9.237806080019943522e+00
-3.503850385038504101e+00 -9.236161124918206511e+00
-3.503245324532453076e+00 -9.234516211507495242e+00
-3.502640264026402939e+00 -9.232871339787816822e+00
-3.502035203520351914e+00 -9.231226509759165921e+00
-3.501430143014301333e+00 -9.229581721421542539e+00
-3.500825082508250752e+00 -9.227936974774952006e+00
-3.500220022002200171e+00 -9.226292269819390768e+00
-3.499614961496149590e+00 -9.224647606554857049e+00
-3.499009900990099009e+00 -9.223002984981356178e+00
-3.498404840484048428e+00 -9.221358405098882827e+00
-3.497799779977997847e+00 -9.219713866907438771e+00
-3.497194719471947266e+00 -9.218069370407024010e+00
-3.496589658965896685e+00 -9.216424915597638545e+00
-3.495984598459846104e+00 -9.214780502479282376e+00
-3.495379537953795523e+00 -9.213136131051957278e+00
-3.494774477447744943e+00 -9.211491801315659700e+00
-3.494169416941694362e+00 -9.209847513270393193e+00
-3.493564356435643781e+00 -9.208203266916155982e+00
-3.492959295929592756e+00 -9.206559062252946291e+00
-3.492354235423542619e+00 -9.204914899280767671e+00
-3.491749174917491594e+00 -9.203270777999618346e+00
-3.491144114411441457e+00 -9.201626698409500094e+00
-3.490539053905390432e+00 -9.199982660510407584e+00
-3.489933993399339851e+00 -9.198338664302346146e+00
-3.489328932893289270e+00 -9.196694709785315780e+00
-3.488723872387238689e+00 -9.195050796959312933e+00
-3.488118811881188108e+00 -9.193406925824339382e+00
-3.487513751375137527e+00 -9.191763096380395126e+00
-3.486908690869086946e+00 -9.190119308627483719e+00
-3.486303630363036365e+00 -9.188475562565599830e+00
-3.485698569856985785e+00 -9.186831858194743461e+00
-3.485093509350935204e+00 -9.185188195514918164e+00
-3.484488448844884623e+00 -9.183544574526123938e+00
-3.483883388338834042e+00 -9.181900995228355455e+00
-3.483278327832783461e+00 -9.180257457621619821e+00
-3.482673267326732880e+00 -9.178613961705911706e+00
-3.482068206820682299e+00 -9.176970507481232886e+00
-3.481463146314631274e+00 -9.175327094947585138e+00
-3.480858085808581137e+00 -9.173683724104964909e+00
-3.480253025302530112e+00 -9.172040394953375753e+00
-3.479647964796479975e+00 -9.170397107492817668e+00
-3.479042904290428950e+00 -9.168753861723285326e+00
-3.478437843784378369e+00 -9.167110657644784055e+00
-3.477832783278327788e+00 -9.165467495257312081e+00
-3.477227722772277207e+00 -9.163824374560869401e+00
-3.476622662266226627e+00 -9.162181295555456018e+00
-3.476017601760176046e+00 -9.160538258241073706e+00
-3.475412541254125465e+00 -9.158895262617718913e+00
-3.474807480748074884e+00 -9.157252308685395192e+00
-3.474202420242024303e+00 -9.155609396444100767e+00
-3.473597359735973722e+00 -9.153966525893833861e+00
-3.472992299229923141e+00 -9.152323697034598027e+00
-3.472387238723872560e+00 -9.150680909866393264e+00
-3.471782178217821979e+00 -9.149038164389214245e+00
-3.471177117711771398e+00 -9.147395460603068074e+00
-3.470572057205720817e+00 -9.145752798507949421e+00
-3.469966996699669792e+00 -9.144110178103858289e+00
-3.469361936193619655e+00 -9.142467599390800004e+00
-3.468756875687568630e+00 -9.140825062368769238e+00
-3.468151815181518050e+00 -9.139182567037769545e+00
-3.467546754675467469e+00 -9.137540113397799146e+00
-3.466941694169416888e+00 -9.135897701448856267e+00
-3.466336633663366307e+00 -9.134255331190946237e+00
-3.465731573157315726e+00 -9.132613002624061949e+00
-3.465126512651265145e+00 -9.130970715748208733e+00
-3.464521452145214564e+00 -9.129328470563384812e+00
-3.463916391639163983e+00 -9.127686267069591963e+00
-3.463311331133113402e+00 -9.126044105266826634e+00
-3.462706270627062821e+00 -9.124401985155092376e+00
-3.462101210121012240e+00 -9.122759906734387414e+00
-3.461496149614961659e+00 -9.121117870004709971e+00
-3.460891089108911078e+00 -9.119475874966063600e+00
-3.460286028602860497e+00 -9.117833921618444748e+00
-3.459680968096809472e+00 -9.116192009961856968e+00
-3.459075907590759336e+00 -9.114550139996298483e+00
-3.458470847084708311e+00 -9.112908311721769294e+00
-3.457865786578658174e+00 -9.111266525138271177e+00
-3.457260726072607149e+00 -9.109624780245802356e+00
-3.456655665566556568e+00 -9.107983077044357501e+00
-3.456050605060505987e+00 -9.106341415533947270e+00
-3.455445544554455406e+00 -9.104699795714568111e+00
-3.454840484048404825e+00 -9.103058217586212919e+00
-3.454235423542354244e+00 -9.101416681148890575e+00
-3.453630363036303663e+00 -9.099775186402599303e+00
-3.453025302530253082e+00 -9.098133733347333774e+00
-3.452420242024202501e+00 -9.096492321983101093e+00
-3.451815181518151920e+00 -9.094850952309895931e+00
-3.451210121012101339e+00 -9.093209624327718288e+00
-3.450605060506050759e+00 -9.091568338036573493e+00
-3.450000000000000178e+00 -9.089927093436457994e+00
-3.449394939493949597e+00 -9.088285890527370015e+00
-3.448789878987899016e+00 -9.086644729309313107e+00
-3.448184818481847991e+00 -9.085003609782283718e+00
-3.447579757975797854e+00 -9.083362531946285401e+00
-3.446974697469746829e+00 -9.081721495801316379e+00
-3.446369636963696692e+00 -9.080080501347378430e+00
-3.445764576457645667e+00 -9.078439548584466223e+00
-3.445159515951595086e+00 -9.076798637512583312e+00
-3.444554455445544505e+00 -9.075157768131731473e+00
-3.443949394939493924e+00 -9.073516940441910705e+00
-3.443344334433443343e+00 -9.071876154443119233e+00
-3.442739273927392762e+00 -9.070235410135355281e+00
-3.442134213421342182e+00 -9.068594707518622400e+00
-3.441529152915291601e+00 -9.066954046592918814e+00
-3.440924092409241020e+00 -9.065313427358244525e+00
-3.440319031903190439e+00 -9.063672849814597754e+00
-3.439713971397139858e+00 -9.062032313961983832e+00
-3.439108910891089277e+00 -9.060391819800397428e+00
-3.438503850385038696e+00 -9.058751367329840321e+00
-3.437898789878988115e+00 -9.057110956550314285e+00
-3.437293729372937534e+00 -9.055470587461813992e+00
-3.436688668866886509e+00 -9.053830260064346547e+00
-3.436083608360836372e+00 -9.052189974357910174e+00
-3.435478547854785347e+00 -9.050549730342497767e+00
-3.434873487348735210e+00 -9.048909528018119985e+00
-3.434268426842684185e+00 -9.047269367384766170e+00
-3.433663366336633604e+00 -9.045629248442446979e+00
-3.433058305830583024e+00 -9.043989171191155307e+00
-3.432453245324532443e+00 -9.042349135630892931e+00
-3.431848184818481862e+00 -9.040709141761661627e+00
-3.431243124312431281e+00 -9.039069189583457842e+00
-3.430638063806380700e+00 -9.037429279096283352e+00
-3.430033003300330119e+00 -9.035789410300138158e+00
-3.429427942794279538e+00 -9.034149583195024036e+00
-3.428822882288228957e+00 -9.032509797780939209e+00
-3.428217821782178376e+00 -9.030870054057883678e+00
-3.427612761276127795e+00 -9.029230352025857442e+00
-3.427007700770077214e+00 -9.027590691684860502e+00
-3.426402640264026189e+00 -9.025951073034891081e+00
-3.425797579757976052e+00 -9.024311496075954508e+00
-3.425192519251925027e+00 -9.022671960808043679e+00
-3.424587458745874891e+00 -9.021032467231167473e+00
-3.423982398239823866e+00 -9.019393015345315234e+00
-3.423377337733773285e+00 -9.017753605150495844e+00
-3.422772277227722704e+00 -9.016114236646703972e+00
-3.422167216721672123e+00 -9.014474909833943173e+00
-3.421562156215621542e+00 -9.012835624712211668e+00
-3.420957095709570961e+00 -9.011196381281509460e+00
-3.420352035203520380e+00 -9.009557179541836547e+00
-3.419746974697469799e+00 -9.007918019493192929e+00
-3.419141914191419218e+00 -9.006278901135580384e+00
-3.418536853685368637e+00 -9.004639824468995357e+00
-3.417931793179318056e+00 -9.003000789493439626e+00
-3.417326732673267475e+00 -9.001361796208914967e+00
-3.416721672167216894e+00 -8.999722844615419604e+00
-3.416116611661166313e+00 -8.998083934712951759e+00
-3.415511551155115733e+00 -8.996445066501514987e+00
-3.414906490649064708e+00 -8.994806239981105733e+00
-3.414301430143014571e+00 -8.993167455151727552e+00
-3.413696369636963546e+00 -8.991528712013378666e+00
-3.413091309130913409e+00 -8.989890010566060852e+00
-3.412486248624862384e+00 -8.988251350809770557e+00
-3.411881188118811803e+00 -8.986612732744509557e+00
-3.411276127612761222e+00 -8.984974156370277854e+00
-3.410671067106710641e+00 -8.983335621687078998e+00
-3.410066006600660060e+00 -8.981697128694904109e+00
-3.409460946094609479e+00 -8.980058677393762068e+00
-3.408855885588558898e+00 -8.978420267783651099e+00
-3.408250825082508317e+00 -8.976781899864565872e+00
-3.407645764576457736e+00 -8.975143573636511718e+00
-3.407040704070407156e+00 -8.973505289099488635e+00
-3.406435643564356575e+00 -8.971867046253491296e+00
-3.405830583058305994e+00 -8.970228845098526804e+00
-3.405225522552255413e+00 -8.968590685634588056e+00
-3.404620462046204832e+00 -8.966952567861682155e+00
-3.404015401540154251e+00 -8.965314491779805550e+00
-3.403410341034103226e+00 -8.963676457388958241e+00
-3.402805280528053089e+00 -8.962038464689138451e+00
-3.402200220022002064e+00 -8.960400513680349732e+00
-3.401595159515951927e+00 -8.958762604362590309e+00
-3.400990099009900902e+00 -8.957124736735860182e+00
-3.400385038503850321e+00 -8.955486910800159350e+00
-3.399779977997799740e+00 -8.953849126555487814e+00
-3.399174917491749159e+00 -8.952211384001845573e+00
-3.398569856985698578e+00 -8.950573683139232628e+00
-3.397964796479647998e+00 -8.948936023967650755e+00
-3.397359735973597417e+00 -8.947298406487098177e+00
-3.396754675467546836e+00 -8.945660830697574895e+00
-3.396149614961496255e+00 -8.944023296599079131e+00
-3.395544554455445674e+00 -8.942385804191614440e+00
-3.394939493949395093e+00 -8.940748353475180821e+00
-3.394334433443344512e+00 -8.939110944449772944e+00
-3.393729372937293931e+00 -8.937473577115397916e+00
-3.393124312431243350e+00 -8.935836251472048630e+00
-3.392519251925192769e+00 -8.934198967519730417e+00
-3.391914191419141744e+00 -8.932561725258443275e+00
-3.391309130913091607e+00 -8.930924524688183652e+00
-3.390704070407040582e+00 -8.929287365808955101e+00
-3.390099009900990001e+00 -8.927650248620754070e+00
-3.389493949394939420e+00 -8.926013173123584110e+00
-3.388888888888888840e+00 -8.924376139317445222e+00
-3.388283828382838259e+00 -8.922739147202332077e+00
-3.387678767876787678e+00 -8.921102196778250004e+00
-3.387073707370737097e+00 -8.919465288045199003e+00
-3.386468646864686516e+00 -8.917828421003175521e+00
-3.385863586358635935e+00 -8.916191595652183111e+00
-3.385258525852585354e+00 -8.914554811992219996e+00
-3.384653465346534773e+00 -8.912918070023282624e+00
-3.384048404840484192e+00 -8.911281369745378100e+00
-3.383443344334433611e+00 -8.909644711158502872e+00
-3.382838283828383030e+00 -8.908008094262655163e+00
-3.382233223322332449e+00 -8.906371519057838526e+00
-3.381628162816281424e+00 -8.904734985544051185e+00
-3.381023102310231288e+00 -8.903098493721294915e+00
-3.380418041804180262e+00 -8.901462043589566164e+00
-3.379812981298130126e+00 -8.899825635148866709e+00
-3.379207920792079101e+00 -8.898189268399196550e+00
-3.378602860286028520e+00 -8.896552943340555686e+00
-3.377997799779977939e+00 -8.894916659972947670e+00
-3.377392739273927358e+00 -8.893280418296365397e+00
-3.376787678767876777e+00 -8.891644218310815972e+00
-3.376182618261826196e+00 -8.890008060016292291e+00
-3.375577557755775615e+00 -8.888371943412799681e+00
-3.374972497249725034e+00 -8.886735868500336366e+00
-3.374367436743674453e+00 -8.885099835278902347e+00
-3.373762376237623872e+00 -8.883463843748497624e+00
-3.373157315731573291e+00 -8.881827893909123972e+00
-3.372552255225522710e+00 -8.880191985760777840e+00
-3.371947194719472130e+00 -8.878556119303462779e+00
-3.371342134213421549e+00 -8.876920294537175238e+00
-3.370737073707370968e+00 -8.875284511461920545e+00
-3.370132013201319943e+00 -8.873648770077689818e+00
-3.369526952695269806e+00 -8.872013070384493716e+00
-3.368921892189218781e+00 -8.870377412382325133e+00
-3.368316831683168644e+00 -8.868741796071187622e+00
-3.367711771177117619e+00 -8.867106221451075854e+00
-3.367106710671067038e+00 -8.865470688521995157e+00
-3.366501650165016457e+00 -8.863835197283943756e+00
-3.365896589658965876e+00 -8.862199747736923428e+00
-3.365291529152915295e+00 -8.860564339880932394e+00
-3.364686468646864714e+00 -8.858928973715970656e+00
-3.364081408140814133e+00 -8.857293649242036437e+00
-3.363476347634763552e+00 -8.855658366459131514e+00
-3.362871287128712972e+00 -8.854023125367259439e+00
-3.362266226622662391e+00 -8.852387925966414883e+00
-3.361661166116611810e+00 -8.850752768256597847e+00
-3.361056105610561229e+00 -8.849117652237815435e+00
-3.360451045104510648e+00 -8.847482577910056989e+00
-3.359845984598460067e+00 -8.845847545273331392e+00
-3.359240924092409486e+00 -8.844212554327635090e+00
-3.358635863586358461e+00 -8.842577605072964531e+00
-3.358030803080308324e+00 -8.840942697509326820e+00
-3.357425742574257299e+00 -8.839307831636716628e+00
-3.356820682068207162e+00 -8.837673007455141061e+00
-3.356215621562156137e+00 -8.836038224964589460e+00
-3.355610561056105556e+00 -8.834403484165067155e+00
-3.355005500550054975e+00 -8.832768785056577698e+00
-3.354400440044004394e+00 -8.831134127639117537e+00
-3.353795379537953814e+00 -8.829499511912684895e+00
-3.353190319031903233e+00 -8.827864937877281548e+00
-3.352585258525852652e+00 -8.826230405532907497e+00
-3.351980198019802071e+00 -8.824595914879564518e+00
-3.351375137513751490e+00 -8.822961465917250834e+00
-3.350770077007700909e+00 -8.821327058645966446e+00
-3.350165016501650328e+00 -8.819692693065711353e+00
-3.349559955995599747e+00 -8.818058369176483779e+00
-3.348954895489549166e+00 -8.816424086978289054e+00
-3.348349834983498585e+00 -8.814789846471121848e+00
-3.347744774477448004e+00 -8.813155647654985714e+00
-3.347139713971396979e+00 -8.811521490529875322e+00
-3.346534653465346842e+00 -8.809887375095797779e+00
-3.345929592959295817e+00 -8.808253301352747755e+00
-3.345324532453245236e+00 -8.806619269300728803e+00
-3.344719471947194656e+00 -8.804985278939739146e+00
-3.344114411441144075e+00 -8.803351330269777009e+00
-3.343509350935093494e+00 -8.801717423290845943e+00
-3.342904290429042913e+00 -8.800083558002945949e+00
-3.342299229922992332e+00 -8.798449734406073475e+00
-3.341694169416941751e+00 -8.796815952500230296e+00
-3.341089108910891170e+00 -8.795182212285418188e+00
-3.340484048404840589e+00 -8.793548513761633600e+00
-3.339878987898790008e+00 -8.791914856928876532e+00
-3.339273927392739427e+00 -8.790281241787155864e+00
-3.338668866886688846e+00 -8.788647668336459162e+00
-3.338063806380638265e+00 -8.787014136576793533e+00
-3.337458745874587684e+00 -8.785380646508155422e+00
-3.336853685368536659e+00 -8.783747198130548384e+00
-3.336248624862486523e+00 -8.782113791443972417e+00
-3.335643564356435498e+00 -8.780480426448422193e+00
-3.335038503850385361e+00 -8.778847103143906594e+00
-3.334433443344334336e+00 -8.777213821530414961e+00
-3.333828382838283755e+00 -8.775580581607956177e+00
-3.333223322332233174e+00 -8.773947383376523135e+00
-3.332618261826182593e+00 -8.772314226836122941e+00
-3.332013201320132012e+00 -8.770681111986752043e+00
-3.331408140814081431e+00 -8.769048038828408664e+00
-3.330803080308030850e+00 -8.767415007361098134e+00
-3.330198019801980269e+00 -8.765782017584815122e+00
-3.329592959295929688e+00 -8.764149069499561406e+00
-3.328987898789879107e+00 -8.762516163105336986e+00
-3.328382838283828526e+00 -8.760883298402143637e+00
-3.327777777777777946e+00 -8.759250475389977808e+00
-3.327172717271727365e+00 -8.757617694068841274e+00
-3.326567656765676784e+00 -8.755984954438735812e+00
-3.325962596259626203e+00 -8.754352256499657869e+00
-3.325357535753575178e+00 -8.752719600251610998e+00
-3.324752475247525041e+00 -8.751086985694595199e+00
-3.324147414741474016e+00 -8.749454412828603367e+00
-3.323542354235423879e+00 -8.747821881653646159e+00
-3.322937293729372854e+00 -8.746189392169714694e+00
-3.322332233223322273e+00 -8.744556944376816077e+00
-3.321727172717271692e+00 -8.742924538274944979e+00
-3.321122112211221111e+00 -8.741292173864104953e+00
-3.320517051705170530e+00 -8.739659851144292446e+00
-3.319911991199119949e+00 -8.738027570115511011e+00
-3.319306930693069368e+00 -8.736395330777758872e+00
-3.318701870187018788e+00 -8.734763133131034252e+00
-3.318096809680968207e+00 -8.733130977175342480e+00
-3.317491749174917626e+00 -8.731498862910676451e+00
-3.316886688668867045e+00 -8.729866790337043270e+00
-3.316281628162816464e+00 -8.728234759454435832e+00
-3.315676567656765883e+00 -8.726602770262861242e+00
-3.315071507150715302e+00 -8.724970822762314171e+00
-3.314466446644664721e+00 -8.723338916952798172e+00
-3.313861386138613696e+00 -8.721707052834307916e+00
-3.313256325632563559e+00 -8.720075230406852285e+00
-3.312651265126512534e+00 -8.718443449670422396e+00
-3.312046204620462397e+00 -8.716811710625023579e+00
-3.311441144114411372e+00 -8.715180013270652282e+00
-3.310836083608360791e+00 -8.713548357607313832e+00
-3.310231023102310211e+00 -8.711916743635002902e+00
-3.309625962596259630e+00 -8.710285171353721267e+00
-3.309020902090209049e+00 -8.708653640763468928e+00
-3.308415841584158468e+00 -8.707022151864247661e+00
-3.307810781078107887e+00 -8.705390704656055689e+00
-3.307205720572057306e+00 -8.703759299138891237e+00
-3.306600660066006725e+00 -8.702127935312756080e+00
-3.305995599559956144e+00 -8.700496613177651994e+00
-3.305390539053905563e+00 -8.698865332733577205e+00
-3.304785478547854982e+00 -8.697234093980533487e+00
-3.304180418041804401e+00 -8.695602896918515512e+00
-3.303575357535753376e+00 -8.693971741547528609e+00
-3.302970297029703239e+00 -8.692340627867572778e+00
-3.302365236523652214e+00 -8.690709555878642689e+00
-3.301760176017602078e+00 -8.689078525580747225e+00
-3.301155115511551053e+00 -8.687447536973877504e+00
-3.300550055005500472e+00 -8.685816590058037079e+00
-3.299944994499449891e+00 -8.684185684833225949e+00
-3.299339933993399310e+00 -8.682554821299447667e+00
-3.298734873487348729e+00 -8.680923999456695128e+00
-3.298129812981298148e+00 -8.679293219304973661e+00
-3.297524752475247567e+00 -8.677662480844283266e+00
-3.296919691969196986e+00 -8.676031784074620390e+00
-3.296314631463146405e+00 -8.674401128995985033e+00
-3.295709570957095824e+00 -8.672770515608382524e+00
-3.295104510451045243e+00 -8.671139943911809311e+00
-3.294499449944994662e+00 -8.669509413906263617e+00
-3.293894389438944081e+00 -8.667878925591750772e+00
-3.293289328932893500e+00 -8.666248478968263669e+00
-3.292684268426842920e+00 -8.664618074035805861e+00
-3.292079207920791895e+00 -8.662987710794379126e+00
-3.291474147414741758e+00 -8.661357389243981686e+00
-3.290869086908690733e+00 -8.659727109384613541e+00
-3.290264026402640596e+00 -8.658096871216276469e+00
-3.289658965896589571e+00 -8.656466674738965139e+00
-3.289053905390538990e+00 -8.654836519952688434e+00
-3.288448844884488409e+00 -8.653206406857435695e+00
-3.287843784378437828e+00 -8.651576335453215805e+00
-3.287238723872387247e+00 -8.649946305740023433e+00
-3.286633663366336666e+00 -8.648316317717863910e+00
-3.286028602860286085e+00 -8.646686371386731906e+00
-3.285423542354235504e+00 -8.645056466746627422e+00
-3.284818481848184923e+00 -8.643426603797555785e+00
-3.284213421342134342e+00 -8.641796782539511668e+00
-3.283608360836083762e+00 -8.640167002972496846e+00
-3.283003300330033181e+00 -8.638537265096511319e+00
-3.282398239823982600e+00 -8.636907568911556865e+00
-3.281793179317932019e+00 -8.635277914417631706e+00
-3.281188118811881438e+00 -8.633648301614734066e+00
-3.280583058305830413e+00 -8.632018730502865722e+00
-3.279977997799780276e+00 -8.630389201082028450e+00
-3.279372937293729251e+00 -8.628759713352220473e+00
-3.278767876787679114e+00 -8.627130267313443568e+00
-3.278162816281628089e+00 -8.625500862965690629e+00
-3.277557755775577508e+00 -8.623871500308972315e+00
-3.276952695269526927e+00 -8.622242179343281521e+00
-3.276347634763476346e+00 -8.620612900068620021e+00
-3.275742574257425765e+00 -8.618983662484989594e+00
-3.275137513751375185e+00 -8.617354466592388462e+00
-3.274532453245324604e+00 -8.615725312390814850e+00
-3.273927392739274023e+00 -8.614096199880274085e+00
-3.273322332233223442e+00 -8.612467129060760840e+00
-3.272717271727172861e+00 -8.610838099932275114e+00
-3.272112211221122280e+00 -8.609209112494820459e+00
-3.271507150715071699e+00 -8.607580166748396877e+00
-3.270902090209021118e+00 -8.605951262693000814e+00
-3.270297029702970537e+00 -8.604322400328632270e+00
-3.269691969196919956e+00 -8.602693579655296574e+00
-3.269086908690868931e+00 -8.601064800672988397e+00
-3.268481848184818794e+00 -8.599436063381711293e+00
-3.267876787678767769e+00 -8.597807367781459931e+00
-3.267271727172717188e+00 -8.596178713872243193e+00
-3.266666666666666607e+00 -8.594550101654053975e+00
-3.266061606160616027e+00 -8.592921531126894052e+00
-3.265456545654565446e+00 -8.591293002290761649e+00
-3.264851485148514865e+00 -8.589664515145662094e+00
-3.264246424642464284e+00 -8.588036069691590058e+00
-3.263641364136413703e+00 -8.586407665928547317e+00
-3.263036303630363122e+00 -8.584779303856537425e+00
-3.262431243124312541e+00 -8.583150983475551499e+00
-3.261826182618261960e+00 -8.581522704785598421e+00
-3.261221122112211379e+00 -8.579894467786674639e+00
-3.260616061606160798e+00 -8.578266272478780152e+00
-3.260011001100110217e+00 -8.576638118861914961e+00
-3.259405940594059636e+00 -8.575010006936079066e+00
-3.258800880088008611e+00 -8.573381936701270689e+00
-3.258195819581958474e+00 -8.571753908157495161e+00
-3.257590759075907449e+00 -8.570125921304747152e+00
-3.256985698569857313e+00 -8.568497976143030215e+00
-3.256380638063806288e+00 -8.566870072672339020e+00
-3.255775577557755707e+00 -8.565242210892680674e+00
-3.255170517051705126e+00 -8.563614390804051624e+00
-3.254565456545654545e+00 -8.561986612406450092e+00
-3.253960396039603964e+00 -8.560358875699881409e+00
-3.253355335533553383e+00 -8.558731180684340245e+00
-3.252750275027502802e+00 -8.557103527359828377e+00
-3.252145214521452221e+00 -8.555475915726344027e+00
-3.251540154015401640e+00 -8.553848345783890750e+00
-3.250935093509351059e+00 -8.552220817532470321e+00
-3.250330033003300478e+00 -8.550593330972073858e+00
-3.249724972497249897e+00 -8.548965886102710243e+00
-3.249119911991199317e+00 -8.547338482924375924e+00
-3.248514851485148736e+00 -8.545711121437069124e+00
-3.247909790979098155e+00 -8.544083801640793396e+00
-3.247304730473047130e+00 -8.542456523535545188e+00
-3.246699669966996993e+00 -8.540829287121331603e+00
-3.246094609460945968e+00 -8.539202092398140209e+00
-3.245489548954895831e+00 -8.537574939365983440e+00
-3.244884488448844806e+00 -8.535947828024854189e+00
-3.244279427942794225e+00 -8.534320758374754234e+00
-3.243674367436743644e+00 -8.532693730415683575e+00
-3.243069306930693063e+00 -8.531066744147643988e+00
-3.242464246424642482e+00 -8.529439799570631919e+00
-3.241859185918591901e+00 -8.527812896684652699e+00
-3.241254125412541320e+00 -8.526186035489699222e+00
-3.240649064906490739e+00 -8.524559215985776817e+00
-3.240044004400440159e+00 -8.522932438172883707e+00
-3.239438943894389578e+00 -8.521305702051019892e+00
-3.238833883388338997e+00 -8.519679007620187150e+00
-3.238228822882288416e+00 -8.518052354880381927e+00
-3.237623762376237835e+00 -8.516425743831607775e+00
-3.237018701870187254e+00 -8.514799174473861143e+00
-3.236413641364136673e+00 -8.513172646807143806e+00
-3.235808580858085648e+00 -8.511546160831455765e+00
-3.235203520352035511e+00 -8.509919716546798796e+00
-3.234598459845984486e+00 -8.508293313953171122e+00
-3.233993399339934349e+00 -8.506666953050572744e+00
-3.233388338833883324e+00 -8.505040633839003661e+00
-3.232783278327832743e+00 -8.503414356318463874e+00
-3.232178217821782162e+00 -8.501788120488953382e+00
-3.231573157315731581e+00 -8.500161926350472186e+00
-3.230968096809681001e+00 -8.498535773903022061e+00
-3.230363036303630420e+00 -8.496909663146599456e+00
-3.229757975797579839e+00 -8.495283594081207923e+00
-3.229152915291529258e+00 -8.493657566706847462e+00
-3.228547854785478677e+00 -8.492031581023510967e+00
-3.227942794279428096e+00 -8.490405637031209096e+00
-3.227337733773377515e+00 -8.488779734729934745e+00
-3.226732673267326934e+00 -8.487153874119687913e+00
-3.226127612761276353e+00 -8.485528055200473929e+00
-3.225522552255225328e+00 -8.483902277972285688e+00
-3.224917491749175191e+00 -8.482276542435130295e+00
-3.224312431243124166e+00 -8.480650848589002422e+00
-3.223707370737074029e+00 -8.479025196433905620e+00
-3.223102310231023004e+00 -8.477399585969838114e+00
-3.222497249724972423e+00 -8.475774017196799903e+00
-3.221892189218921843e+00 -8.474148490114789212e+00
-3.221287128712871262e+00 -8.472523004723807816e+00
-3.220682068206820681e+00 -8.470897561023859268e+00
-3.220077007700770100e+00 -8.469272159014938239e+00
-3.219471947194719519e+00 -8.467646798697046506e+00
-3.218866886688668938e+00 -8.466021480070185845e+00
-3.218261826182618357e+00 -8.464396203134352703e+00
-3.217656765676567776e+00 -8.462770967889550633e+00
-3.217051705170517195e+00 -8.461145774335776082e+00
-3.216446644664466614e+00 -8.459520622473032603e+00
-3.215841584158416033e+00 -8.457895512301318419e+00
-3.215236523652365452e+00 -8.456270443820633531e+00
-3.214631463146314871e+00 -8.454645417030976162e+00
-3.214026402640263846e+00 -8.453020431932349865e+00
-3.213421342134213710e+00 -8.451395488524752864e+00
-3.212816281628162685e+00 -8.449770586808185158e+00
-3.212211221122112548e+00 -8.448145726782648524e+00
-3.211606160616061523e+00 -8.446520908448139409e+00
-3.211001100110010942e+00 -8.444896131804661366e+00
-3.210396039603960361e+00 -8.443271396852210842e+00
-3.209790979097909780e+00 -8.441646703590791390e+00
-3.209185918591859199e+00 -8.440022052020399457e+00
-3.208580858085808618e+00 -8.438397442141038596e+00
-3.207975797579758037e+00 -8.436772873952707030e+00
-3.207370737073707456e+00 -8.435148347455406537e+00
-3.206765676567656875e+00 -8.433523862649131786e+00
-3.206160616061606294e+00 -8.431899419533889883e+00
-3.205555555555555713e+00 -8.430275018109675500e+00
-3.204950495049505133e+00 -8.428650658376492188e+00
-3.204345434543454552e+00 -8.427026340334336396e+00
-3.203740374037403971e+00 -8.425402063983209899e+00
-3.203135313531353390e+00 -8.423777829323114474e+00
-3.202530253025302365e+00 -8.422153636354048345e+00
-3.201925192519252228e+00 -8.420529485076013287e+00
-3.201320132013201203e+00 -8.418905375489002196e+00
-3.200715071507151066e+00 -8.417281307593025730e+00
-3.200110011001100041e+00 -8.415657281388076782e+00
-3.199504950495049460e+00 -8.414033296874158907e+00
-3.198899889988998879e+00 -8.412409354051266774e+00
-3.198294829482948298e+00 -8.410785452919409266e+00
-3.197689768976897717e+00 -8.409161593478577501e+00
-3.197084708470847136e+00 -8.407537775728775031e+00
-3.196479647964796555e+00 -8.405913999670005410e+00
-3.195874587458745975e+00 -8.404290265302261531e+00
-3.195269526952695394e+00 -8.402666572625548724e+00
-3.194664466446644813e+00 -8.401042921639865213e+00
-3.194059405940594232e+00 -8.399419312345210997e+00
-3.193454345434543651e+00 -8.397795744741586077e+00
-3.192849284928493070e+00 -8.396172218828992229e+00
-3.192244224422442489e+00 -8.394548734607427676e+00
-3.191639163916391908e+00 -8.392925292076890642e+00
-3.191034103410340883e+00 -8.391301891237382904e+00
-3.190429042904290746e+00 -8.389678532088906238e+00
-3.189823982398239721e+00 -8.388055214631458867e+00
-3.189218921892189140e+00 -8.386431938865039015e+00
-3.188613861386138559e+00 -8.384808704789650236e+00
-3.188008800880087978e+00 -8.383185512405292528e+00
-3.187403740374037397e+00 -8.381562361711962339e+00
-3.186798679867986817e+00 -8.379939252709661446e+00
-3.186193619361936236e+00 -8.378316185398389848e+00
-3.185588558855885655e+00 -8.376693159778147546e+00
-3.184983498349835074e+00 -8.375070175848936316e+00
-3.184378437843784493e+00 -8.373447233610752605e+00
-3.183773377337733912e+00 -8.371824333063601742e+00
-3.183168316831683331e+00 -8.370201474207476622e+00
-3.182563256325632750e+00 -8.368578657042380797e+00
-3.181958195819582169e+00 -8.366955881568317821e+00
-3.181353135313531588e+00 -8.365333147785282364e+00
-3.180748074807480563e+00 -8.363710455693276202e+00
-3.180143014301430426e+00 -8.362087805292301113e+00
-3.179537953795379401e+00 -8.360465196582353542e+00
-3.178932893289329265e+00 -8.358842629563437043e+00
-3.178327832783278240e+00 -8.357220104235548064e+00
-3.177722772277227659e+00 -8.355597620598690156e+00
-3.177117711771177078e+00 -8.353975178652859768e+00
-3.176512651265126497e+00 -8.352352778398060451e+00
-3.175907590759075916e+00 -8.350730419834290430e+00
-3.175302530253025335e+00 -8.349108102961549704e+00
-3.174697469746974754e+00 -8.347485827779840051e+00
-3.174092409240924173e+00 -8.345863594289157916e+00
-3.173487348734873592e+00 -8.344241402489505077e+00
-3.172882288228823011e+00 -8.342619252380881534e+00
-3.172277227722772430e+00 -8.340997143963289062e+00
-3.171672167216721849e+00 -8.339375077236724110e+00
-3.171067106710671268e+00 -8.337753052201190229e+00
-3.170462046204620687e+00 -8.336131068856685644e+00
-3.169856985698570107e+00 -8.334509127203208578e+00
-3.169251925192519082e+00 -8.332887227240762584e+00
-3.168646864686468945e+00 -8.331265368969347662e+00
-3.168041804180417920e+00 -8.329643552388960259e+00
-3.167436743674367783e+00 -8.328021777499603928e+00
-3.166831683168316758e+00 -8.326400044301273340e+00
-3.166226622662266177e+00 -8.324778352793975600e+00
-3.165621562156215596e+00 -8.323156702977705379e+00
-3.165016501650165015e+00 -8.321535094852464454e+00
-3.164411441144114434e+00 -8.319913528418256377e+00
-3.163806380638063853e+00 -8.318292003675074042e+00
-3.163201320132013272e+00 -8.316670520622924556e+00
-3.162596259625962691e+00 -8.315049079261802589e+00
-3.161991199119912110e+00 -8.313427679591708142e+00
-3.161386138613861529e+00 -8.311806321612646542e+00
-3.160781078107810949e+00 -8.310185005324612462e+00
-3.160176017601760368e+00 -8.308563730727609453e+00
-3.159570957095709787e+00 -8.306942497821633964e+00
-3.158965896589659206e+00 -8.305321306606689546e+00
-3.158360836083608625e+00 -8.303700157082772648e+00
-3.157755775577557600e+00 -8.302079049249886822e+00
-3.157150715071507463e+00 -8.300457983108032067e+00
-3.156545654565456438e+00 -8.298836958657201279e+00
-3.155940594059406301e+00 -8.297215975897405116e+00
-3.155335533553355276e+00 -8.295595034828636472e+00
-3.154730473047304695e+00 -8.293974135450895346e+00
-3.154125412541254114e+00 -8.292353277764188846e+00
-3.153520352035203533e+00 -8.290732461768506312e+00
-3.152915291529152952e+00 -8.289111687463856626e+00
-3.152310231023102371e+00 -8.287490954850236236e+00
-3.151705170517051791e+00 -8.285870263927643364e+00
-3.151100110011001210e+00 -8.284249614696081565e+00
-3.150495049504950629e+00 -8.282629007155549061e+00
-3.149889988998900048e+00 -8.281008441306045853e+00
-3.149284928492849467e+00 -8.279387917147571940e+00
-3.148679867986798886e+00 -8.277767434680129099e+00
-3.148074807480748305e+00 -8.276146993903712001e+00
-3.147469746974697724e+00 -8.274526594818327752e+00
-3.146864686468647143e+00 -8.272906237423971021e+00
-3.146259625962596118e+00 -8.271285921720643586e+00
-3.145654565456545981e+00 -8.269665647708347223e+00
-3.145049504950494956e+00 -8.268045415387080155e+00
-3.144444444444444375e+00 -8.266425224756840606e+00
-3.143839383938393794e+00 -8.264805075817633906e+00
-3.143234323432343214e+00 -8.263184968569452948e+00
-3.142629262926292633e+00 -8.261564903012304839e+00
-3.142024202420242052e+00 -8.259944879146186025e+00
-3.141419141914191471e+00 -8.258324896971092954e+00
-3.140814081408140890e+00 -8.256704956487030955e+00
-3.140209020902090309e+00 -8.255085057694001804e+00
-3.139603960396039728e+00 -8.253465200591998396e+00
-3.138998899889989147e+00 -8.251845385181024284e+00
-3.138393839383938566e+00 -8.250225611461081243e+00
-3.137788778877887985e+00 -8.248605879432167498e+00
-3.137183718371837404e+00 -8.246986189094283048e+00
-3.136578657865786823e+00 -8.245366540447427894e+00
-3.135973597359735798e+00 -8.243746933491600259e+00
-3.135368536853685661e+00 -8.242127368226805473e+00
-3.134763476347634636e+00 -8.240507844653039982e+00
-3.134158415841584500e+00 -8.238888362770303786e+00
-3.133553355335533475e+00 -8.237268922578593333e+00
-3.132948294829482894e+00 -8.235649524077913952e+00
-3.132343234323432313e+00 -8.234030167268267419e+00
-3.131738173817381732e+00 -8.232410852149646630e+00
-3.131133113311331151e+00 -8.230791578722058688e+00
-3.130528052805280570e+00 -8.229172346985496489e+00
-3.129922992299229989e+00 -8.227553156939965362e+00
-3.129317931793179408e+00 -8.225934008585465307e+00
-3.128712871287128827e+00 -8.224314901921990995e+00
-3.128107810781078246e+00 -8.222695836949551307e+00
-3.127502750275027665e+00 -8.221076813668137362e+00
-3.126897689768977084e+00 -8.219457832077752713e+00
-3.126292629262926503e+00 -8.217838892178400911e+00
-3.125687568756875923e+00 -8.216219993970074853e+00
-3.125082508250825342e+00 -8.214601137452778090e+00
-3.124477447744774317e+00 -8.212982322626512399e+00
-3.123872387238724180e+00 -8.211363549491277780e+00
-3.123267326732673155e+00 -8.209744818047070680e+00
-3.122662266226623018e+00 -8.208126128293894652e+00
-3.122057205720571993e+00 -8.206507480231742591e+00
-3.121452145214521412e+00 -8.204888873860626930e+00
-3.120847084708470831e+00 -8.203270309180535236e+00
-3.120242024202420250e+00 -8.201651786191476390e+00
-3.119636963696369669e+00 -8.200033304893446839e+00
-3.119031903190319088e+00 -8.198414865286446584e+00
-3.118426842684268507e+00 -8.196796467370473849e+00
-3.117821782178217926e+00 -8.195178111145533961e+00
-3.117216721672167346e+00 -8.193559796611619817e+00
-3.116611661166116765e+00 -8.191941523768736744e+00
-3.116006600660066184e+00 -8.190323292616884743e+00
-3.115401540154015603e+00 -8.188705103156062037e+00
-3.114796479647965022e+00 -8.187086955386265075e+00
-3.114191419141914441e+00 -8.185468849307502737e+00
-3.113586358635863860e+00 -8.183850784919766141e+00
-3.112981298129812835e+00 -8.182232762223058842e+00
-3.112376237623762698e+00 -8.180614781217384390e+00
-3.111771177117711673e+00 -8.178996841902733905e+00
-3.111166116611661536e+00 -8.177378944279118045e+00
-3.110561056105610511e+00 -8.175761088346529704e+00
-3.109955995599559930e+00 -8.174143274104970658e+00
-3.109350935093509349e+00 -8.172525501554442684e+00
-3.108745874587458768e+00 -8.170907770694942229e+00
-3.108140814081408188e+00 -8.169290081526472846e+00
-3.107535753575357607e+00 -8.167672434049030983e+00
-3.106930693069307026e+00 -8.166054828262620191e+00
-3.106325632563256445e+00 -8.164437264167236918e+00
-3.105720572057205864e+00 -8.162819741762884718e+00
-3.105115511551155283e+00 -8.161202261049561812e+00
-3.104510451045104702e+00 -8.159584822027269979e+00
-3.103905390539054121e+00 -8.157967424696003889e+00
-3.103300330033003540e+00 -8.156350069055768870e+00
-3.102695269526952515e+00 -8.154732755106563147e+00
-3.102090209020902378e+00 -8.153115482848388496e+00
-3.101485148514851353e+00 -8.151498252281241363e+00
-3.100880088008801216e+00 -8.149881063405125303e+00
-3.100275027502750191e+00 -8.148263916220038539e+00
-3.099669966996699610e+00 -8.146646810725979293e+00
-3.099064906490649030e+00 -8.145029746922951119e+00
-3.098459845984598449e+00 -8.143412724810952241e+00
-3.097854785478547868e+00 -8.141795744389982659e+00
-3.097249724972497287e+00 -8.140178805660042372e+00
-3.096644664466446706e+00 -8.138561908621133156e+00
-3.096039603960396125e+00 -8.136945053273251460e+00
-3.095434543454345544e+00 -8.135328239616399060e+00
-3.094829482948294963e+00 -8.133711467650577731e+00
-3.094224422442244382e+00 -8.132094737375783922e+00
-3.093619361936193801e+00 -8.130478048792021184e+00
-3.093014301430143220e+00 -8.128861401899287742e+00
-3.092409240924092639e+00 -8.127244796697583595e+00
-3.091804180418042058e+00 -8.125628233186908744e+00
-3.091199119911991033e+00 -8.124011711367263189e+00
-3.090594059405940897e+00 -8.122395231238646929e+00
-3.089988998899889872e+00 -8.120778792801058188e+00
-3.089383938393839735e+00 -8.119162396054504072e+00
-3.088778877887788710e+00 -8.117546040998975698e+00
-3.088173817381738129e+00 -8.115929727634476620e+00
-3.087568756875687548e+00 -8.114313455961008614e+00
-3.086963696369636967e+00 -8.112697225978569904e+00
-3.086358635863586386e+00 -8.111081037687160489e+00
-3.085753575357535805e+00 -8.109464891086780369e+00
-3.085148514851485224e+00 -8.107848786177427769e+00
-3.084543454345434643e+00 -8.106232722959108017e+00
-3.083938393839384062e+00 -8.104616701431815784e+00
-3.083333333333333481e+00 -8.103000721595552847e+00
-3.082728272827282900e+00 -8.101384783450320981e+00
-3.082123212321232320e+00 -8.099768886996116635e+00
-3.081518151815181739e+00 -8.098153032232941584e+00
-3.080913091309131158e+00 -8.096537219160799381e+00
-3.080308030803080577e+00 -8.094921447779682921e+00
-3.079702970297029552e+00 -8.093305718089597534e+00
-3.079097909790979415e+00 -8.091690030090543218e+00
-3.078492849284928390e+00 -8.090074383782514644e+00
-3.077887788778878253e+00 -8.088458779165518919e+00
-3.077282728272827228e+00 -8.086843216239548937e+00
-3.076677667766776647e+00 -8.085227695004611803e+00
-3.076072607260726066e+00 -8.083612215460703965e+00
-3.075467546754675485e+00 -8.081996777607821869e+00
-3.074862486248624904e+00 -8.080381381445974398e+00
-3.074257425742574323e+00 -8.078766026975152670e+00
-3.073652365236523742e+00 -8.077150714195362013e+00
-3.073047304730473162e+00 -8.075535443106600653e+00
-3.072442244224422581e+00 -8.073920213708868587e+00
-3.071837183718372000e+00 -8.072305026002165818e+00
-3.071232123212321419e+00 -8.070689879986492343e+00
-3.070627062706270838e+00 -8.069074775661849941e+00
-3.070022002200220257e+00 -8.067459713028235058e+00
-3.069416941694169676e+00 -8.065844692085649470e+00
-3.068811881188119095e+00 -8.064229712834093178e+00
-3.068206820682068070e+00 -8.062614775273569734e+00
-3.067601760176017933e+00 -8.060999879404072033e+00
-3.066996699669966908e+00 -8.059385025225605403e+00
-3.066391639163916327e+00 -8.057770212738168070e+00
-3.065786578657865746e+00 -8.056155441941758255e+00
-3.065181518151815165e+00 -8.054540712836379512e+00
-3.064576457645764584e+00 -8.052926025422031842e+00
-3.063971397139714004e+00 -8.051311379698711690e+00
-3.063366336633663423e+00 -8.049696775666420834e+00
-3.062761276127612842e+00 -8.048082213325161050e+00
-3.062156215621562261e+00 -8.046467692674930561e+00
-3.061551155115511680e+00 -8.044853213715727591e+00
-3.060946094609461099e+00 -8.043238776447555693e+00
-3.060341034103410518e+00 -8.041624380870413091e+00
-3.059735973597359937e+00 -8.040010026984298008e+00
-3.059130913091309356e+00 -8.038395714789215774e+00
-3.058525852585258775e+00 -8.036781444285162834e+00
-3.057920792079207750e+00 -8.035167215472135638e+00
-3.057315731573157613e+00 -8.033553028350141290e+00
-3.056710671067106588e+00 -8.031938882919172684e+00
-3.056105610561056452e+00 -8.030324779179238703e+00
-3.055500550055005426e+00 -8.028710717130330465e+00
-3.054895489548954846e+00 -8.027096696772453299e+00
-3.054290429042904265e+00 -8.025482718105605429e+00
-3.053685368536853684e+00 -8.023868781129785077e+00
-3.053080308030803103e+00 -8.022254885844997574e+00
-3.052475247524752522e+00 -8.020641032251237590e+00
-3.051870187018701941e+00 -8.019027220348506901e+00
-3.051265126512651360e+00 -8.017413450136805508e+00
-3.050660066006600779e+00 -8.015799721616135187e+00
-3.050055005500550198e+00 -8.014186034786492385e+00
-3.049449944994499617e+00 -8.012572389647882432e+00
-3.048844884488449036e+00 -8.010958786200296444e+00
-3.048239823982398455e+00 -8.009345224443741529e+00
-3.047634763476347874e+00 -8.007731704378219462e+00
-3.047029702970297294e+00 -8.006118226003724914e+00
-3.046424642464246269e+00 -8.004504789320257885e+00
-3.045819581958196132e+00 -8.002891394327821928e+00
-3.045214521452145107e+00 -8.001278041026415266e+00
-3.044609460946094970e+00 -7.999664729416041453e+00
-3.044004400440043945e+00 -7.998051459496691606e+00
-3.043399339933993364e+00 -7.996438231268372832e+00
-3.042794279427942783e+00 -7.994825044731086905e+00
-3.042189218921892202e+00 -7.993211899884828497e+00
-3.041584158415841621e+00 -7.991598796729597609e+00
-3.040979097909791040e+00 -7.989985735265396016e+00
-3.040374037403740459e+00 -7.988372715492227272e+00
-3.039768976897689878e+00 -7.986759737410086046e+00
-3.039163916391639297e+00 -7.985146801018974116e+00
-3.038558855885588716e+00 -7.983533906318892370e+00
-3.037953795379538136e+00 -7.981921053309839031e+00
-3.037348734873487555e+00 -7.980308241991815876e+00
-3.036743674367436974e+00 -7.978695472364822905e+00
-3.036138613861386393e+00 -7.977082744428858341e+00
-3.035533553355335812e+00 -7.975470058183923072e+00
-3.034928492849284787e+00 -7.973857413630016211e+00
-3.034323432343234650e+00 -7.972244810767143086e+00
-3.033718371837183625e+00 -7.970632249595293928e+00
-3.033113311331133488e+00 -7.969019730114478506e+00
-3.032508250825082463e+00 -7.967407252324689715e+00
-3.031903190319031882e+00 -7.965794816225932884e+00
-3.031298129812981301e+00 -7.964182421818203572e+00
-3.030693069306930720e+00 -7.962570069101504444e+00
-3.030088008800880139e+00 -7.960957758075835500e+00
-3.029482948294829558e+00 -7.959345488741195851e+00
-3.028877887788778978e+00 -7.957733261097582833e+00
-3.028272827282728397e+00 -7.956121075145002663e+00
-3.027667766776677816e+00 -7.954508930883450901e+00
-3.027062706270627235e+00 -7.952896828312928434e+00
-3.026457645764576654e+00 -7.951284767433435263e+00
-3.025852585258526073e+00 -7.949672748244971388e+00
-3.025247524752475492e+00 -7.948060770747537696e+00
-3.024642464246424911e+00 -7.946448834941134187e+00
-3.024037403740374330e+00 -7.944836940825759086e+00
-3.023432343234323305e+00 -7.943225088401412393e+00
-3.022827282728273168e+00 -7.941613277668096771e+00
-3.022222222222222143e+00 -7.940001508625809556e+00
-3.021617161716171562e+00 -7.938389781274551638e+00
-3.021012101210120981e+00 -7.936778095614323902e+00
-3.020407040704070400e+00 -7.935166451645124575e+00
-3.019801980198019820e+00 -7.933554849366957207e+00
-3.019196919691969239e+00 -7.931943288779817358e+00
-3.018591859185918658e+00 -7.930331769883707693e+00
-3.017986798679868077e+00 -7.928720292678626436e+00
-3.017381738173817496e+00 -7.927108857164576250e+00
-3.016776677667766915e+00 -7.925497463341555360e+00
-3.016171617161716334e+00 -7.923886111209561989e+00
-3.015566556655665753e+00 -7.922274800768600578e+00
-3.014961496149615172e+00 -7.920663532018666686e+00
-3.014356435643564591e+00 -7.919052304959763866e+00
-3.013751375137514010e+00 -7.917441119591888565e+00
-3.013146314631462985e+00 -7.915829975915042560e+00
-3.012541254125412848e+00 -7.914218873929229403e+00
-3.011936193619361823e+00 -7.912607813634441989e+00
-3.011331133113311687e+00 -7.910996795030686535e+00
-3.010726072607260662e+00 -7.909385818117958600e+00
-3.010121012101210081e+00 -7.907774882896261737e+00
-3.009515951595159500e+00 -7.906163989365593281e+00
-3.008910891089108919e+00 -7.904553137525955009e+00
-3.008305830583058338e+00 -7.902942327377346032e+00
-3.007700770077007757e+00 -7.901331558919766351e+00
-3.007095709570957176e+00 -7.899720832153215966e+00
-3.006490649064906595e+00 -7.898110147077694876e+00
-3.005885588558856014e+00 -7.896499503693204858e+00
-3.005280528052805433e+00 -7.894888901999742359e+00
-3.004675467546754852e+00 -7.893278341997310932e+00
-3.004070407040704271e+00 -7.891667823685907024e+00
-3.003465346534653690e+00 -7.890057347065534188e+00
-3.002860286028603110e+00 -7.888446912136190647e+00
-3.002255225522552529e+00 -7.886836518897875514e+00
-3.001650165016501504e+00 -7.885226167350589677e+00
-3.001045104510451367e+00 -7.883615857494334911e+00
-3.000440044004400342e+00 -7.882005589329109441e+00
-2.999834983498350205e+00 -7.880395362854912378e+00
-2.999229922992299180e+00 -7.878785178071744610e+00
-2.998624862486249043e+00 -7.877175034979608803e+00
-2.998019801980198018e+00 -7.875564933578498739e+00
-2.997414741474147437e+00 -7.873954873868419746e+00
-2.996809680968096856e+00 -7.872344855849370049e+00
-2.996204620462046275e+00 -7.870734879521349647e+00
-2.995599559955995694e+00 -7.869124944884360318e+00
-2.994994499449945113e+00 -7.867515051938400283e+00
-2.994389438943894532e+00 -7.865905200683467768e+00
-2.993784378437843952e+00 -7.864295391119566325e+00
-2.993179317931793371e+00 -7.862685623246694178e+00
-2.992574257425742790e+00 -7.861075897064850437e+00
-2.991969196919692209e+00 -7.859466212574035993e+00
-2.991364136413641184e+00 -7.857856569774252620e+00
-2.990759075907591047e+00 -7.856246968665499431e+00
-2.990154015401540022e+00 -7.854637409247773761e+00
-2.989548954895489885e+00 -7.853027891521078274e+00
-2.988943894389438860e+00 -7.851418415485410307e+00
-2.988338833883388723e+00 -7.849808981140775188e+00
-2.987733773377337698e+00 -7.848199588487165812e+00
-2.987128712871287561e+00 -7.846590237524589284e+00
-2.986523652365236536e+00 -7.844980928253040275e+00
-2.985918591859185955e+00 -7.843371660672520562e+00
-2.985313531353135375e+00 -7.841762434783033697e+00
-2.984708470847084794e+00 -7.840153250584571687e+00
-2.984103410341034213e+00 -7.838544108077141637e+00
-2.983498349834983632e+00 -7.836935007260739994e+00
-2.982893289328933051e+00 -7.835325948135368535e+00
-2.982288228822882470e+00 -7.833716930701026371e+00
-2.981683168316831889e+00 -7.832107954957714391e+00
-2.981078107810780864e+00 -7.830499020905429930e+00
-2.980473047304730727e+00 -7.828890128544177429e+00
-2.979867986798679702e+00 -7.827281277873950671e+00
-2.979262926292629565e+00 -7.825672468894756761e+00
-2.978657865786578540e+00 -7.824063701606592147e+00
-2.978052805280528403e+00 -7.822454976009456828e+00
-2.977447744774477378e+00 -7.820846292103348141e+00
-2.976842684268427242e+00 -7.819237649888272301e+00
-2.976237623762376217e+00 -7.817629049364224869e+00
-2.975632563256325636e+00 -7.816020490531205844e+00
-2.975027502750275055e+00 -7.814411973389217891e+00
-2.974422442244224474e+00 -7.812803497938258346e+00
-2.973817381738173893e+00 -7.811195064178328096e+00
-2.973212321232123312e+00 -7.809586672109428918e+00
-2.972607260726072731e+00 -7.807978321731557259e+00
-2.972002200220022150e+00 -7.806370013044715783e+00
-2.971397139713971569e+00 -7.804761746048905380e+00
-2.970792079207920988e+00 -7.803153520744122496e+00
-2.970187018701870407e+00 -7.801545337130369795e+00
-2.969581958195819382e+00 -7.799937195207645502e+00
-2.968976897689769245e+00 -7.798329094975951392e+00
-2.968371837183718220e+00 -7.796721036435286578e+00
-2.967766776677668084e+00 -7.795113019585651948e+00
-2.967161716171617059e+00 -7.793505044427044837e+00
-2.966556655665566922e+00 -7.791897110959469686e+00
-2.965951595159515897e+00 -7.790289219182922942e+00
-2.965346534653465760e+00 -7.788681369097406382e+00
-2.964741474147414735e+00 -7.787073560702918229e+00
-2.964136413641364154e+00 -7.785465793999459372e+00
-2.963531353135313573e+00 -7.783858068987031587e+00
-2.962926292629262992e+00 -7.782250385665632209e+00
-2.962321232123212411e+00 -7.780642744035261238e+00
-2.961716171617161830e+00 -7.779035144095919563e+00
-2.961111111111111249e+00 -7.777427585847610736e+00
-2.960506050605060668e+00 -7.775820069290327652e+00
-2.959900990099010087e+00 -7.774212594424076528e+00
-2.959295929592959506e+00 -7.772605161248853811e+00
-2.958690869086908926e+00 -7.770997769764660390e+00
-2.958085808580857901e+00 -7.769390419971495376e+00
-2.957480748074807764e+00 -7.767783111869364099e+00
-2.956875687568756739e+00 -7.766175845458256788e+00
-2.956270627062706602e+00 -7.764568620738182325e+00
-2.955665566556655577e+00 -7.762961437709135382e+00
-2.955060506050605440e+00 -7.761354296371121286e+00
-2.954455445544554415e+00 -7.759747196724132934e+00
-2.953850385038504278e+00 -7.758140138768176541e+00
-2.953245324532453253e+00 -7.756533122503246780e+00
-2.952640264026402672e+00 -7.754926147929349867e+00
-2.952035203520352091e+00 -7.753319215046479584e+00
-2.951430143014301510e+00 -7.751712323854640374e+00
-2.950825082508250929e+00 -7.750105474353830459e+00
-2.950220022002200349e+00 -7.748498666544049840e+00
-2.949614961496149768e+00 -7.746891900425296740e+00
-2.949009900990099187e+00 -7.745285175997576488e+00
-2.948404840484048606e+00 -7.743678493260884643e+00
-2.947799779977997581e+00 -7.742071852215220318e+00
-2.947194719471947444e+00 -7.740465252860588841e+00
-2.946589658965896419e+00 -7.738858695196982218e+00
-2.945984598459846282e+00 -7.737252179224411108e+00
-2.945379537953795257e+00 -7.735645704942863965e+00
-2.944774477447745120e+00 -7.734039272352349670e+00
-2.944169416941694095e+00 -7.732432881452862006e+00
-2.943564356435643958e+00 -7.730826532244407190e+00
-2.942959295929592933e+00 -7.729220224726978117e+00
-2.942354235423542796e+00 -7.727613958900581892e+00
-2.941749174917491771e+00 -7.726007734765213186e+00
-2.941144114411441191e+00 -7.724401552320873776e+00
-2.940539053905390610e+00 -7.722795411567564550e+00
-2.939933993399340029e+00 -7.721189312505284619e+00
-2.939328932893289448e+00 -7.719583255134034872e+00
-2.938723872387238867e+00 -7.717977239453813532e+00
-2.938118811881188286e+00 -7.716371265464621487e+00
-2.937513751375137705e+00 -7.714765333166459627e+00
-2.936908690869087124e+00 -7.713159442559327061e+00
-2.936303630363036099e+00 -7.711553593643223792e+00
-2.935698569856985962e+00 -7.709947786418150706e+00
-2.935093509350934937e+00 -7.708342020884105139e+00
-2.934488448844884800e+00 -7.706736297041091532e+00
-2.933883388338833775e+00 -7.705130614889107221e+00
-2.933278327832783638e+00 -7.703524974428151317e+00
-2.932673267326732613e+00 -7.701919375658222933e+00
-2.932068206820682477e+00 -7.700313818579328284e+00
-2.931463146314631452e+00 -7.698708303191460267e+00
-2.930858085808580871e+00 -7.697102829494622434e+00
-2.930253025302530290e+00 -7.695497397488814784e+00
-2.929647964796479709e+00 -7.693892007174035541e+00
-2.929042904290429128e+00 -7.692286658550285594e+00
-2.928437843784378547e+00 -7.690681351617566719e+00
-2.927832783278327966e+00 -7.689076086375874475e+00
-2.927227722772277385e+00 -7.687470862825213302e+00
-2.926622662266226804e+00 -7.685865680965583202e+00
-2.926017601760176223e+00 -7.684260540796980621e+00
-2.925412541254125642e+00 -7.682655442319406447e+00
-2.924807480748074617e+00 -7.681050385532863345e+00
-2.924202420242024481e+00 -7.679445370437350427e+00
-2.923597359735973455e+00 -7.677840397032865027e+00
-2.922992299229923319e+00 -7.676235465319411588e+00
-2.922387238723872294e+00 -7.674630575296984780e+00
-2.921782178217822157e+00 -7.673025726965589044e+00
-2.921177117711771132e+00 -7.671420920325222603e+00
-2.920572057205720995e+00 -7.669816155375885458e+00
-2.919966996699669970e+00 -7.668211432117577608e+00
-2.919361936193619389e+00 -7.666606750550299942e+00
-2.918756875687568808e+00 -7.665002110674050684e+00
-2.918151815181518227e+00 -7.663397512488831609e+00
-2.917546754675467646e+00 -7.661792955994641829e+00
-2.916941694169417065e+00 -7.660188441191481346e+00
-2.916336633663366484e+00 -7.658583968079351934e+00
-2.915731573157315903e+00 -7.656979536658250041e+00
-2.915126512651265323e+00 -7.655375146928177443e+00
-2.914521452145214742e+00 -7.653770798889135918e+00
-2.913916391639164161e+00 -7.652166492541121912e+00
-2.913311331133113136e+00 -7.650562227884138977e+00
-2.912706270627062999e+00 -7.648958004918186226e+00
-2.912101210121011974e+00 -7.647353823643260107e+00
-2.911496149614961837e+00 -7.645749684059365947e+00
-2.910891089108910812e+00 -7.644145586166500195e+00
-2.910286028602860675e+00 -7.642541529964663738e+00
-2.909680968096809650e+00 -7.640937515453856577e+00
-2.909075907590759513e+00 -7.639333542634079599e+00
-2.908470847084708488e+00 -7.637729611505330141e+00
-2.907865786578657907e+00 -7.636125722067612642e+00
-2.907260726072607326e+00 -7.634521874320924439e+00
-2.906655665566556745e+00 -7.632918068265263756e+00
-2.906050605060506165e+00 -7.631314303900634144e+00
-2.905445544554455584e+00 -7.629710581227034716e+00
-2.904840484048405003e+00 -7.628106900244462807e+00
-2.904235423542354422e+00 -7.626503260952921082e+00
-2.903630363036303841e+00 -7.624899663352409540e+00
-2.903025302530252816e+00 -7.623296107442927294e+00
-2.902420242024202679e+00 -7.621692593224474344e+00
-2.901815181518151654e+00 -7.620089120697048912e+00
-2.901210121012101517e+00 -7.618485689860655441e+00
-2.900605060506050492e+00 -7.616882300715291265e+00
-2.900000000000000355e+00 -7.615278953260955497e+00
-2.899394939493949330e+00 -7.613675647497649024e+00
-2.898789878987899193e+00 -7.612072383425372735e+00
-2.898184818481848168e+00 -7.610469161044123965e+00
-2.897579757975797587e+00 -7.608865980353908043e+00
-2.896974697469747007e+00 -7.607262841354719640e+00
-2.896369636963696426e+00 -7.605659744046562309e+00
-2.895764576457645845e+00 -7.604056688429432498e+00
-2.895159515951595264e+00 -7.602453674503331982e+00
-2.894554455445544683e+00 -7.600850702268262538e+00
-2.893949394939494102e+00 -7.599247771724222389e+00
-2.893344334433443521e+00 -7.597644882871211536e+00
-2.892739273927392940e+00 -7.596042035709229090e+00
-2.892134213421342359e+00 -7.594439230238276828e+00
-2.891529152915291334e+00 -7.592836466458352973e+00
-2.890924092409241197e+00 -7.591233744369461078e+00
-2.890319031903190172e+00 -7.589631063971594926e+00
-2.889713971397140035e+00 -7.588028425264762511e+00
-2.889108910891089010e+00 -7.586425828248955838e+00
-2.888503850385038874e+00 -7.584823272924181126e+00
-2.887898789878987849e+00 -7.583220759290433932e+00
-2.887293729372937712e+00 -7.581618287347719587e+00
-2.886688668866886687e+00 -7.580015857096030985e+00
-2.886083608360836106e+00 -7.578413468535373454e+00
-2.885478547854785525e+00 -7.576811121665746107e+00
-2.884873487348734944e+00 -7.575208816487146279e+00
-2.884268426842684363e+00 -7.573606552999576635e+00
-2.883663366336633782e+00 -7.572004331203038063e+00
-2.883058305830583201e+00 -7.570402151097526122e+00
-2.882453245324532620e+00 -7.568800012683046141e+00
-2.881848184818482039e+00 -7.567197915959596344e+00
-2.881243124312431458e+00 -7.565595860927173177e+00
-2.880638063806380877e+00 -7.563993847585780195e+00
-2.880033003300329852e+00 -7.562391875935416508e+00
-2.879427942794279716e+00 -7.560789945976084780e+00
-2.878822882288228691e+00 -7.559188057707778796e+00
-2.878217821782178554e+00 -7.557586211130505660e+00
-2.877612761276127529e+00 -7.555984406244259155e+00
-2.877007700770077392e+00 -7.554382643049043722e+00
-2.876402640264026367e+00 -7.552780921544856696e+00
-2.875797579757976230e+00 -7.551179241731702518e+00
-2.875192519251925205e+00 -7.549577603609572307e+00
-2.874587458745874624e+00 -7.547976007178474944e+00
-2.873982398239824043e+00 -7.546374452438406877e+00
-2.873377337733773462e+00 -7.544772939389367217e+00
-2.872772277227722881e+00 -7.543171468031357740e+00
-2.872167216721672300e+00 -7.541570038364376671e+00
-2.871562156215621719e+00 -7.539968650388427562e+00
-2.870957095709571139e+00 -7.538367304103505973e+00
-2.870352035203520558e+00 -7.536765999509614566e+00
-2.869746974697469977e+00 -7.535164736606752456e+00
-2.869141914191419396e+00 -7.533563515394918753e+00
-2.868536853685368371e+00 -7.531962335874116121e+00
-2.867931793179318234e+00 -7.530361198044341897e+00
-2.867326732673267209e+00 -7.528760101905596969e+00
-2.866721672167217072e+00 -7.527159047457882224e+00
-2.866116611661166047e+00 -7.525558034701197663e+00
-2.865511551155115910e+00 -7.523957063635542397e+00
-2.864906490649064885e+00 -7.522356134260915539e+00
-2.864301430143014748e+00 -7.520755246577319753e+00
-2.863696369636963723e+00 -7.519154400584749709e+00
-2.863091309130913142e+00 -7.517553596283211625e+00
-2.862486248624862561e+00 -7.515952833672702837e+00
-2.861881188118811981e+00 -7.514352112753224233e+00
-2.861276127612761400e+00 -7.512751433524774924e+00
-2.860671067106710819e+00 -7.511150795987353135e+00
-2.860066006600660238e+00 -7.509550200140964193e+00
-2.859460946094609657e+00 -7.507949645985602771e+00
-2.858855885588559076e+00 -7.506349133521270645e+00
-2.858250825082508051e+00 -7.504748662747966037e+00
-2.857645764576457914e+00 -7.503148233665694278e+00
-2.857040704070406889e+00 -7.501547846274450038e+00
-2.856435643564356752e+00 -7.499947500574237758e+00
-2.855830583058305727e+00 -7.498347196565051220e+00
-2.855225522552255590e+00 -7.496746934246898419e+00
-2.854620462046204565e+00 -7.495146713619771361e+00
-2.854015401540154429e+00 -7.493546534683676263e+00
-2.853410341034103404e+00 -7.491946397438606908e+00
-2.852805280528052823e+00 -7.490346301884571290e+00
-2.852200220022002242e+00 -7.488746248021562302e+00
-2.851595159515951661e+00 -7.487146235849584386e+00
-2.850990099009901080e+00 -7.485546265368636654e+00
-2.850385038503850499e+00 -7.483946336578716441e+00
-2.849779977997799918e+00 -7.482346449479825523e+00
-2.849174917491749337e+00 -7.480746604071965677e+00
-2.848569856985698756e+00 -7.479146800355136016e+00
-2.847964796479648175e+00 -7.477547038329333873e+00
-2.847359735973597594e+00 -7.475947317994561914e+00
-2.846754675467546569e+00 -7.474347639350817474e+00
-2.846149614961496432e+00 -7.472748002398104994e+00
-2.845544554455445407e+00 -7.471148407136420033e+00
-2.844939493949395271e+00 -7.469548853565767921e+00
-2.844334433443344246e+00 -7.467949341686141551e+00
-2.843729372937294109e+00 -7.466349871497548918e+00
-2.843124312431243084e+00 -7.464750442999980251e+00
-2.842519251925192947e+00 -7.463151056193446209e+00
-2.841914191419141922e+00 -7.461551711077936133e+00
-2.841309130913091341e+00 -7.459952407653458906e+00
-2.840704070407040760e+00 -7.458353145920011862e+00
-2.840099009900990179e+00 -7.456753925877594114e+00
-2.839493949394939598e+00 -7.455154747526204773e+00
-2.838888888888889017e+00 -7.453555610865844727e+00
-2.838283828382838436e+00 -7.451956515896515754e+00
-2.837678767876787855e+00 -7.450357462618215187e+00
-2.837073707370737274e+00 -7.448758451030943029e+00
-2.836468646864686693e+00 -7.447159481134702830e+00
-2.835863586358636113e+00 -7.445560552929489262e+00
-2.835258525852585088e+00 -7.443961666415304990e+00
-2.834653465346534951e+00 -7.442362821592151789e+00
-2.834048404840483926e+00 -7.440764018460027884e+00
-2.833443344334433789e+00 -7.439165257018935051e+00
-2.832838283828382764e+00 -7.437566537268867961e+00
-2.832233223322332627e+00 -7.435967859209833719e+00
-2.831628162816281602e+00 -7.434369222841826996e+00
-2.831023102310231465e+00 -7.432770628164851345e+00
-2.830418041804180440e+00 -7.431172075178903214e+00
-2.829812981298129859e+00 -7.429573563883984377e+00
-2.829207920792079278e+00 -7.427975094280097501e+00
-2.828602860286028697e+00 -7.426376666367239920e+00
-2.827997799779978116e+00 -7.424778280145408971e+00
-2.827392739273927535e+00 -7.423179935614608205e+00
-2.826787678767876955e+00 -7.421581632774839399e+00
-2.826182618261826374e+00 -7.419983371626097224e+00
-2.825577557755775793e+00 -7.418385152168387009e+00
-2.824972497249724768e+00 -7.416786974401702537e+00
-2.824367436743674631e+00 -7.415188838326052689e+00
-2.823762376237623606e+00 -7.413590743941428585e+00
-2.823157315731573469e+00 -7.411992691247836440e+00
-2.822552255225522444e+00 -7.410394680245270038e+00
-2.821947194719472307e+00 -7.408796710933736485e+00
-2.821342134213421282e+00 -7.407198783313230450e+00
-2.820737073707371145e+00 -7.405600897383755488e+00
-2.820132013201320120e+00 -7.404003053145309821e+00
-2.819526952695269983e+00 -7.402405250597892561e+00
-2.818921892189218958e+00 -7.400807489741502820e+00
-2.818316831683168378e+00 -7.399209770576146816e+00
-2.817711771177117797e+00 -7.397612093101819219e+00
-2.817106710671067216e+00 -7.396014457318519142e+00
-2.816501650165016635e+00 -7.394416863226249248e+00
-2.815896589658966054e+00 -7.392819310825009538e+00
-2.815291529152915473e+00 -7.391221800114799123e+00
-2.814686468646864892e+00 -7.389624331095618004e+00
-2.814081408140814311e+00 -7.388026903767467957e+00
-2.813476347634763286e+00 -7.386429518130343652e+00
-2.812871287128713149e+00 -7.384832174184252196e+00
-2.812266226622662124e+00 -7.383234871929188259e+00
-2.811661166116611987e+00 -7.381637611365155394e+00
-2.811056105610560962e+00 -7.380040392492149159e+00
-2.810451045104510825e+00 -7.378443215310175773e+00
-2.809845984598459800e+00 -7.376846079819228130e+00
-2.809240924092409664e+00 -7.375248986019314223e+00
-2.808635863586358639e+00 -7.373651933910425171e+00
-2.808030803080308058e+00 -7.372054923492569856e+00
-2.807425742574257477e+00 -7.370457954765741171e+00
-2.806820682068206896e+00 -7.368861027729943558e+00
-2.806215621562156315e+00 -7.367264142385174353e+00
-2.805610561056105734e+00 -7.365667298731436219e+00
-2.805005500550055153e+00 -7.364070496768725604e+00
-2.804400440044004572e+00 -7.362473736497046062e+00
-2.803795379537953991e+00 -7.360877017916394038e+00
-2.803190319031903410e+00 -7.359280341026773975e+00
-2.802585258525852829e+00 -7.357683705828183207e+00
-2.801980198019801804e+00 -7.356087112320618182e+00
-2.801375137513751667e+00 -7.354490560504086005e+00
-2.800770077007700642e+00 -7.352894050378582236e+00
-2.800165016501650506e+00 -7.351297581944108650e+00
-2.799559955995599481e+00 -7.349701160697138747e+00
-2.798954895489549344e+00 -7.348104801151801091e+00
-2.798349834983498319e+00 -7.346508504081038282e+00
-2.797744774477448182e+00 -7.344912269484852985e+00
-2.797139713971397157e+00 -7.343316097363236317e+00
-2.796534653465346576e+00 -7.341719987716199824e+00
-2.795929592959295995e+00 -7.340123940543735515e+00
-2.795324532453245414e+00 -7.338527955845845163e+00
-2.794719471947194833e+00 -7.336932033622530547e+00
-2.794114411441144252e+00 -7.335336173873789001e+00
-2.793509350935093671e+00 -7.333740376599624966e+00
-2.792904290429043090e+00 -7.332144641800034002e+00
-2.792299229922992510e+00 -7.330548969475017884e+00
-2.791694169416941929e+00 -7.328953359624576613e+00
-2.791089108910891348e+00 -7.327357812248710189e+00
-2.790484048404840323e+00 -7.325762327347414171e+00
-2.789878987898790186e+00 -7.324166904920699217e+00
-2.789273927392739161e+00 -7.322571544968554669e+00
-2.788668866886689024e+00 -7.320976247490988520e+00
-2.788063806380637999e+00 -7.319381012487992777e+00
-2.787458745874587862e+00 -7.317785839959574545e+00
-2.786853685368536837e+00 -7.316190729905727608e+00
-2.786248624862486700e+00 -7.314595682326459958e+00
-2.785643564356435675e+00 -7.313000697221761826e+00
-2.785038503850385094e+00 -7.311405774591642093e+00
-2.784433443344334513e+00 -7.309810914436095430e+00
-2.783828382838283932e+00 -7.308216116755123615e+00
-2.783223322332233352e+00 -7.306621381548726646e+00
-2.782618261826182771e+00 -7.305026708816903636e+00
-2.782013201320132190e+00 -7.303432098559658137e+00
-2.781408140814081609e+00 -7.301837550776982155e+00
-2.780803080308031028e+00 -7.300243065468884573e+00
-2.780198019801980003e+00 -7.298648642635359174e+00
-2.779592959295929866e+00 -7.297054282276410397e+00
-2.778987898789878841e+00 -7.295459984392033803e+00
-2.778382838283828704e+00 -7.293865748982234720e+00
-2.777777777777777679e+00 -7.292271576047008708e+00
-2.777172717271727542e+00 -7.290677465586359318e+00
-2.776567656765676517e+00 -7.289083417600280335e+00
-2.775962596259626380e+00 -7.287489432088779751e+00
-2.775357535753575355e+00 -7.285895509051852237e+00
-2.774752475247524774e+00 -7.284301648489500458e+00
-2.774147414741474194e+00 -7.282707850401719973e+00
-2.773542354235423613e+00 -7.281114114788518776e+00
-2.772937293729373032e+00 -7.279520441649890650e+00
-2.772332233223322451e+00 -7.277926830985834705e+00
-2.771727172717271870e+00 -7.276333282796356272e+00
-2.771122112211221289e+00 -7.274739797081450021e+00
-2.770517051705170708e+00 -7.273146373841119505e+00
-2.769911991199120127e+00 -7.271553013075365612e+00
-2.769306930693069546e+00 -7.269959714784183014e+00
-2.768701870187018521e+00 -7.268366478967577038e+00
-2.768096809680968384e+00 -7.266773305625545909e+00
-2.767491749174917359e+00 -7.265180194758086074e+00
-2.766886688668867222e+00 -7.263587146365204639e+00
-2.766281628162816197e+00 -7.261994160446895386e+00
-2.765676567656766061e+00 -7.260401237003163644e+00
-2.765071507150715036e+00 -7.258808376034004972e+00
-2.764466446644664899e+00 -7.257215577539420259e+00
-2.763861386138613874e+00 -7.255622841519408617e+00
-2.763256325632563293e+00 -7.254030167973974486e+00
-2.762651265126512712e+00 -7.252437556903114313e+00
-2.762046204620462131e+00 -7.250845008306828099e+00
-2.761441144114411550e+00 -7.249252522185117620e+00
-2.760836083608360969e+00 -7.247660098537980211e+00
-2.760231023102310388e+00 -7.246067737365418537e+00
-2.759625962596259807e+00 -7.244475438667431710e+00
-2.759020902090209226e+00 -7.242883202444018842e+00
-2.758415841584158645e+00 -7.241291028695179932e+00
-2.757810781078108064e+00 -7.239698917420916757e+00
-2.757205720572057039e+00 -7.238106868621226653e+00
-2.756600660066006903e+00 -7.236514882296114060e+00
-2.755995599559955878e+00 -7.234922958445572760e+00
-2.755390539053905741e+00 -7.233331097069608973e+00
-2.754785478547854716e+00 -7.231739298168217367e+00
-2.754180418041804579e+00 -7.230147561741402384e+00
-2.753575357535753554e+00 -7.228555887789160472e+00
-2.752970297029703417e+00 -7.226964276311494295e+00
-2.752365236523652392e+00 -7.225372727308402077e+00
-2.751760176017601811e+00 -7.223781240779882928e+00
-2.751155115511551230e+00 -7.222189816725939515e+00
-2.750550055005500649e+00 -7.220598455146573613e+00
-2.749944994499450068e+00 -7.219007156041779893e+00
-2.749339933993399487e+00 -7.217415919411559244e+00
-2.748734873487348906e+00 -7.215824745255915218e+00
-2.748129812981298326e+00 -7.214233633574845150e+00
-2.747524752475247745e+00 -7.212642584368350818e+00
-2.746919691969197164e+00 -7.211051597636430444e+00
-2.746314631463146583e+00 -7.209460673379082252e+00
-2.745709570957095558e+00 -7.207869811596311571e+00
-2.745104510451045421e+00 -7.206279012288114849e+00
-2.744499449944994396e+00 -7.204688275454491198e+00
-2.743894389438944259e+00 -7.203097601095445057e+00
-2.743289328932893234e+00 -7.201506989210972876e+00
-2.742684268426843097e+00 -7.199916439801074652e+00
-2.742079207920792072e+00 -7.198325952865752164e+00
-2.741474147414741935e+00 -7.196735528405000970e+00
-2.740869086908690910e+00 -7.195145166418826399e+00
-2.740264026402640329e+00 -7.193554866907224898e+00
-2.739658965896589748e+00 -7.191964629870200909e+00
-2.739053905390539168e+00 -7.190374455307749990e+00
-2.738448844884488587e+00 -7.188784343219874806e+00
-2.737843784378438006e+00 -7.187194293606573581e+00
-2.737238723872387425e+00 -7.185604306467845426e+00
-2.736633663366336844e+00 -7.184014381803694782e+00
-2.736028602860286263e+00 -7.182424519614116321e+00
-2.735423542354235238e+00 -7.180834719899112706e+00
-2.734818481848185101e+00 -7.179244982658684826e+00
-2.734213421342134076e+00 -7.177655307892828240e+00
-2.733608360836083939e+00 -7.176065695601551830e+00
-2.733003300330032914e+00 -7.174476145784846715e+00
-2.732398239823982777e+00 -7.172886658442717334e+00
-2.731793179317931752e+00 -7.171297233575161023e+00
-2.731188118811881615e+00 -7.169707871182182224e+00
-2.730583058305830590e+00 -7.168118571263773831e+00
-2.729977997799780010e+00 -7.166529333819941172e+00
-2.729372937293729429e+00 -7.164940158850686025e+00
-2.728767876787678848e+00 -7.163351046356003060e+00
-2.728162816281628267e+00 -7.161761996335895830e+00
-2.727557755775577686e+00 -7.160173008790362559e+00
-2.726952695269527105e+00 -7.158584083719403246e+00
-2.726347634763476524e+00 -7.156995221123020556e+00
-2.725742574257425943e+00 -7.155406421001210049e+00
-2.725137513751375362e+00 -7.153817683353975276e+00
-2.724532453245324781e+00 -7.152229008181317127e+00
-2.723927392739273756e+00 -7.150640395483228495e+00
-2.723322332233223619e+00 -7.149051845259720039e+00
-2.722717271727172594e+00 -7.147463357510782878e+00
-2.722112211221122458e+00 -7.145874932236422339e+00
-2.721507150715071433e+00 -7.144286569436634871e+00
-2.720902090209021296e+00 -7.142698269111422249e+00
-2.720297029702970271e+00 -7.141110031260784474e+00
-2.719691969196920134e+00 -7.139521855884721546e+00
-2.719086908690869109e+00 -7.137933742983232577e+00
-2.718481848184818528e+00 -7.136345692556318454e+00
-2.717876787678767947e+00 -7.134757704603978290e+00
-2.717271727172717366e+00 -7.133169779126213861e+00
-2.716666666666666785e+00 -7.131581916123023390e+00
-2.716061606160616204e+00 -7.129994115594408655e+00
-2.715456545654565623e+00 -7.128406377540366989e+00
-2.714851485148515042e+00 -7.126818701960901059e+00
-2.714246424642464461e+00 -7.125231088856008199e+00
-2.713641364136413880e+00 -7.123643538225691074e+00
-2.713036303630363300e+00 -7.122056050069949684e+00
-2.712431243124312275e+00 -7.120468624388781365e+00
-2.711826182618262138e+00 -7.118881261182188780e+00
-2.711221122112211113e+00 -7.117293960450168377e+00
-2.710616061606160976e+00 -7.115706722192725486e+00
-2.710011001100109951e+00 -7.114119546409854777e+00
-2.709405940594059814e+00 -7.112532433101560692e+00
-2.708800880088008789e+00 -7.110945382267839676e+00
-2.708195819581958652e+00 -7.109358393908696172e+00
-2.707590759075907627e+00 -7.107771468024123074e+00
-2.706985698569857046e+00 -7.106184604614126599e+00
-2.706380638063806465e+00 -7.104597803678704970e+00
-2.705775577557755884e+00 -7.103011065217857301e+00
-2.705170517051705303e+00 -7.101424389231585366e+00
-2.704565456545654722e+00 -7.099837775719886501e+00
-2.703960396039604142e+00 -7.098251224682762484e+00
-2.703355335533553561e+00 -7.096664736120215977e+00
-2.702750275027502980e+00 -7.095078310032241653e+00
-2.702145214521451955e+00 -7.093491946418841287e+00
-2.701540154015401818e+00 -7.091905645280017545e+00
-2.700935093509350793e+00 -7.090319406615765985e+00
-2.700330033003300656e+00 -7.088733230426091936e+00
-2.699724972497249631e+00 -7.087147116710989181e+00
-2.699119911991199494e+00 -7.085561065470462161e+00
-2.698514851485148469e+00 -7.083975076704510876e+00
-2.697909790979098332e+00 -7.082389150413135326e+00
-2.697304730473047307e+00 -7.080803286596329293e+00
-2.696699669966997170e+00 -7.079217485254102549e+00
-2.696094609460946145e+00 -7.077631746386448874e+00
-2.695489548954895564e+00 -7.076046069993370047e+00
-2.694884488448844984e+00 -7.074460456074866066e+00
-2.694279427942794403e+00 -7.072874904630936044e+00
-2.693674367436743822e+00 -7.071289415661580868e+00
-2.693069306930693241e+00 -7.069703989166802316e+00
-2.692464246424642660e+00 -7.068118625146594169e+00
-2.691859185918592079e+00 -7.066533323600963534e+00
-2.691254125412541498e+00 -7.064948084529908634e+00
-2.690649064906490473e+00 -7.063362907933424140e+00
-2.690044004400440336e+00 -7.061777793811518045e+00
-2.689438943894389311e+00 -7.060192742164184132e+00
-2.688833883388339174e+00 -7.058607752991427731e+00
-2.688228822882288149e+00 -7.057022826293242623e+00
-2.687623762376238012e+00 -7.055437962069635027e+00
-2.687018701870186987e+00 -7.053853160320598725e+00
-2.686413641364136851e+00 -7.052268421046139935e+00
-2.685808580858085826e+00 -7.050683744246253326e+00
-2.685203520352035245e+00 -7.049099129920944229e+00
-2.684598459845984664e+00 -7.047514578070209090e+00
-2.683993399339934083e+00 -7.045930088694047022e+00
-2.683388338833883502e+00 -7.044345661792458912e+00
-2.682783278327832921e+00 -7.042761297365448314e+00
-2.682178217821782340e+00 -7.041176995413009898e+00
-2.681573157315731759e+00 -7.039592755935146329e+00
-2.680968096809681178e+00 -7.038008578931860271e+00
-2.680363036303630597e+00 -7.036424464403145507e+00
-2.679757975797580016e+00 -7.034840412349006478e+00
-2.679152915291528991e+00 -7.033256422769441407e+00
-2.678547854785478854e+00 -7.031672495664453848e+00
-2.677942794279427829e+00 -7.030088631034036695e+00
-2.677337733773377693e+00 -7.028504828878197053e+00
-2.676732673267326668e+00 -7.026921089196928705e+00
-2.676127612761276531e+00 -7.025337411990239644e+00
-2.675522552255225506e+00 -7.023753797258121878e+00
-2.674917491749175369e+00 -7.022170245000580735e+00
-2.674312431243124344e+00 -7.020586755217611774e+00
-2.673707370737073763e+00 -7.019003327909217660e+00
-2.673102310231023182e+00 -7.017419963075400169e+00
-2.672497249724972601e+00 -7.015836660716156636e+00
-2.671892189218922020e+00 -7.014253420831488839e+00
-2.671287128712871439e+00 -7.012670243421394112e+00
-2.670682068206820858e+00 -7.011087128485873343e+00
-2.670077007700770277e+00 -7.009504076024928310e+00
-2.669471947194719696e+00 -7.007921086038558123e+00
-2.668866886688669116e+00 -7.006338158526761006e+00
-2.668261826182618535e+00 -7.004755293489540513e+00
-2.667656765676567510e+00 -7.003172490926893090e+00
-2.667051705170517373e+00 -7.001589750838822290e+00
-2.666446644664466348e+00 -7.000007073225322785e+00
-2.665841584158416211e+00 -6.998424458086400790e+00
-2.665236523652365186e+00 -6.996841905422050978e+00
-2.664631463146315049e+00 -6.995259415232277789e+00
-2.664026402640264024e+00 -6.993676987517077670e+00
-2.663421342134213887e+00 -6.992094622276454174e+00
-2.662816281628162862e+00 -6.990512319510403749e+00
-2.662211221122112281e+00 -6.988930079218928171e+00
-2.661606160616061700e+00 -6.987347901402028327e+00
-2.661001100110011119e+00 -6.985765786059702442e+00
-2.660396039603960538e+00 -6.984183733191949628e+00
-2.659790979097909958e+00 -6.982601742798772548e+00
-2.659185918591859377e+00 -6.981019814880170316e+00
-2.658580858085808796e+00 -6.979437949436143818e+00
-2.657975797579758215e+00 -6.977856146466691278e+00
-2.657370737073707190e+00 -6.976274405971809145e+00
-2.656765676567657053e+00 -6.974692727951508076e+00
-2.656160616061606028e+00 -6.973111112405777412e+00
-2.655555555555555891e+00 -6.971529559334624260e+00
-2.654950495049504866e+00 -6.969948068738043290e+00
-2.654345434543454729e+00 -6.968366640616038943e+00
-2.653740374037403704e+00 -6.966785274968605002e+00
-2.653135313531353567e+00 -6.965203971795751237e+00
-2.652530253025302542e+00 -6.963622731097469654e+00
-2.651925192519251961e+00 -6.962041552873761141e+00
-2.651320132013201381e+00 -6.960460437124629252e+00
-2.650715071507150800e+00 -6.958879383850071321e+00
-2.650110011001100219e+00 -6.957298393050088237e+00
-2.649504950495049638e+00 -6.955717464724680887e+00
-2.648899889988999057e+00 -6.954136598873844832e+00
-2.648294829482948476e+00 -6.952555795497587177e+00
-2.647689768976897895e+00 -6.950975054595901703e+00
-2.647084708470847314e+00 -6.949394376168791965e+00
-2.646479647964796733e+00 -6.947813760216256185e+00
-2.645874587458745708e+00 -6.946233206738294363e+00
-2.645269526952695571e+00 -6.944652715734910053e+00
-2.644664466446644546e+00 -6.943072287206097037e+00
-2.644059405940594409e+00 -6.941491921151860645e+00
-2.643454345434543384e+00 -6.939911617572196434e+00
-2.642849284928493248e+00 -6.938331376467109735e+00
-2.642244224422442223e+00 -6.936751197836595217e+00
-2.641639163916392086e+00 -6.935171081680657323e+00
-2.641034103410341061e+00 -6.933591027999292500e+00
-2.640429042904290480e+00 -6.932011036792503411e+00
-2.639823982398239899e+00 -6.930431108060288281e+00
-2.639218921892189318e+00 -6.928851241802648886e+00
-2.638613861386138737e+00 -6.927271438019582561e+00
-2.638008800880088156e+00 -6.925691696711091083e+00
-2.637403740374037575e+00 -6.924112017877176228e+00
-2.636798679867986994e+00 -6.922532401517833556e+00
-2.636193619361936413e+00 -6.920952847633066618e+00
-2.635588558855885832e+00 -6.919373356222872751e+00
-2.634983498349835251e+00 -6.917793927287256395e+00
-2.634378437843784226e+00 -6.916214560826211333e+00
-2.633773377337734090e+00 -6.914635256839743782e+00
-2.633168316831683065e+00 -6.913056015327848414e+00
-2.632563256325632928e+00 -6.911476836290530557e+00
-2.631958195819581903e+00 -6.909897719727784882e+00
-2.631353135313531766e+00 -6.908318665639615830e+00
-2.630748074807480741e+00 -6.906739674026018960e+00
-2.630143014301430604e+00 -6.905160744886998714e+00
-2.629537953795379579e+00 -6.903581878222551538e+00
-2.628932893289328998e+00 -6.902003074032679208e+00
-2.628327832783278417e+00 -6.900424332317382614e+00
-2.627722772277227836e+00 -6.898845653076659090e+00
-2.627117711771177255e+00 -6.897267036310511301e+00
-2.626512651265126674e+00 -6.895688482018937471e+00
-2.625907590759076093e+00 -6.894109990201938487e+00
-2.625302530253025513e+00 -6.892531560859515238e+00
-2.624697469746974932e+00 -6.890953193991665948e+00
-2.624092409240924351e+00 -6.889374889598389728e+00
-2.623487348734873770e+00 -6.887796647679689244e+00
-2.622882288228822745e+00 -6.886218468235562717e+00
-2.622277227722772608e+00 -6.884640351266012814e+00
-2.621672167216721583e+00 -6.883062296771035093e+00
-2.621067106710671446e+00 -6.881484304750634884e+00
-2.620462046204620421e+00 -6.879906375204805080e+00
-2.619856985698570284e+00 -6.878328508133554564e+00
-2.619251925192519259e+00 -6.876750703536875342e+00
-2.618646864686469122e+00 -6.875172961414771855e+00
-2.618041804180418097e+00 -6.873595281767242327e+00
-2.617436743674367516e+00 -6.872017664594288533e+00
-2.616831683168316935e+00 -6.870440109895907810e+00
-2.616226622662266355e+00 -6.868862617672104598e+00
-2.615621562156215774e+00 -6.867285187922871792e+00
-2.615016501650165193e+00 -6.865707820648216497e+00
-2.614411441144114612e+00 -6.864130515848136049e+00
-2.613806380638064031e+00 -6.862553273522629560e+00
-2.613201320132013450e+00 -6.860976093671697917e+00
-2.612596259625962425e+00 -6.859398976295339345e+00
-2.611991199119912288e+00 -6.857821921393556508e+00
-2.611386138613861263e+00 -6.856244928966348517e+00
-2.610781078107811126e+00 -6.854667999013717150e+00
-2.610176017601760101e+00 -6.853091131535655300e+00
-2.609570957095709964e+00 -6.851514326532171850e+00
-2.608965896589658939e+00 -6.849937584003261470e+00
-2.608360836083608802e+00 -6.848360903948926826e+00
-2.607755775577557777e+00 -6.846784286369166139e+00
-2.607150715071507197e+00 -6.845207731263979412e+00
-2.606545654565456616e+00 -6.843631238633368419e+00
-2.605940594059406035e+00 -6.842054808477331385e+00
-2.605335533553355454e+00 -6.840478440795869197e+00
-2.604730473047304873e+00 -6.838902135588981857e+00
-2.604125412541254292e+00 -6.837325892856668474e+00
-2.603520352035203711e+00 -6.835749712598931715e+00
-2.602915291529153130e+00 -6.834173594815767139e+00
-2.602310231023102549e+00 -6.832597539507178297e+00
-2.601705170517051968e+00 -6.831021546673163414e+00
-2.601100110011000943e+00 -6.829445616313721601e+00
-2.600495049504950806e+00 -6.827869748428857299e+00
-2.599889988998899781e+00 -6.826293943018566068e+00
-2.599284928492849644e+00 -6.824718200082852348e+00
-2.598679867986798619e+00 -6.823142519621709923e+00
-2.598074807480748483e+00 -6.821566901635143232e+00
-2.597469746974697458e+00 -6.819991346123151388e+00
-2.596864686468647321e+00 -6.818415853085733502e+00
-2.596259625962596296e+00 -6.816840422522890464e+00
-2.595654565456545715e+00 -6.815265054434621383e+00
-2.595049504950495134e+00 -6.813689748820928038e+00
-2.594444444444444553e+00 -6.812114505681809540e+00
-2.593839383938393972e+00 -6.810539325017263224e+00
-2.593234323432343391e+00 -6.808964206827294419e+00
-2.592629262926292810e+00 -6.807389151111897796e+00
-2.592024202420242229e+00 -6.805814157871076908e+00
-2.591419141914191648e+00 -6.804239227104832644e+00
-2.590814081408141067e+00 -6.802664358813160561e+00
-2.590209020902090487e+00 -6.801089552996064214e+00
-2.589603960396039462e+00 -6.799514809653540048e+00
-2.588998899889989325e+00 -6.797940128785593394e+00
-2.588393839383938300e+00 -6.796365510392218923e+00
-2.587788778877888163e+00 -6.794790954473422850e+00
-2.587183718371837138e+00 -6.793216461029197184e+00
-2.586578657865787001e+00 -6.791642030059548141e+00
-2.585973597359735976e+00 -6.790067661564473056e+00
-2.585368536853685839e+00 -6.788493355543974594e+00
-2.584763476347634814e+00 -6.786919111998047427e+00
-2.584158415841584233e+00 -6.785344930926696883e+00
-2.583553355335533652e+00 -6.783770812329920297e+00
-2.582948294829483071e+00 -6.782196756207719446e+00
-2.582343234323432490e+00 -6.780622762560093442e+00
-2.581738173817381909e+00 -6.779048831387040508e+00
-2.581133113311331329e+00 -6.777474962688562421e+00
-2.580528052805280748e+00 -6.775901156464660069e+00
-2.579922992299230167e+00 -6.774327412715330787e+00
-2.579317931793179142e+00 -6.772753731440575464e+00
-2.578712871287129005e+00 -6.771180112640397653e+00
-2.578107810781077980e+00 -6.769606556314792023e+00
-2.577502750275027843e+00 -6.768033062463763905e+00
-2.576897689768976818e+00 -6.766459631087306192e+00
-2.576292629262926681e+00 -6.764886262185426880e+00
-2.575687568756875656e+00 -6.763312955758118861e+00
-2.575082508250825519e+00 -6.761739711805388353e+00
-2.574477447744774494e+00 -6.760166530327230028e+00
-2.573872387238724357e+00 -6.758593411323648326e+00
-2.573267326732673332e+00 -6.757020354794638806e+00
-2.572662266226622751e+00 -6.755447360740206797e+00
-2.572057205720572171e+00 -6.753874429160347859e+00
-2.571452145214521590e+00 -6.752301560055064655e+00
-2.570847084708471009e+00 -6.750728753424354522e+00
-2.570242024202420428e+00 -6.749156009268220124e+00
-2.569636963696369847e+00 -6.747583327586658797e+00
-2.569031903190319266e+00 -6.746010708379674092e+00
-2.568426842684268685e+00 -6.744438151647263346e+00
-2.567821782178217660e+00 -6.742865657389424783e+00
-2.567216721672167523e+00 -6.741293225606165507e+00
-2.566611661166116498e+00 -6.739720856297476637e+00
-2.566006600660066361e+00 -6.738148549463364390e+00
-2.565401540154015336e+00 -6.736576305103826101e+00
-2.564796479647965199e+00 -6.735004123218863548e+00
-2.564191419141914174e+00 -6.733432003808474064e+00
-2.563586358635864038e+00 -6.731859946872660316e+00
-2.562981298129813013e+00 -6.730287952411420527e+00
-2.562376237623762432e+00 -6.728716020424756472e+00
-2.561771177117711851e+00 -6.727144150912665488e+00
-2.561166116611661270e+00 -6.725572343875149350e+00
-2.560561056105610689e+00 -6.724000599312208948e+00
-2.559955995599560108e+00 -6.722428917223842504e+00
-2.559350935093509527e+00 -6.720857297610050907e+00
-2.558745874587458946e+00 -6.719285740470832380e+00
-2.558140814081408365e+00 -6.717714245806190476e+00
-2.557535753575357784e+00 -6.716142813616122531e+00
-2.556930693069307203e+00 -6.714571443900629433e+00
-2.556325632563256178e+00 -6.713000136659708517e+00
-2.555720572057206041e+00 -6.711428891893366000e+00
-2.555115511551155016e+00 -6.709857709601595666e+00
-2.554510451045104880e+00 -6.708286589784401954e+00
-2.553905390539053855e+00 -6.706715532441780425e+00
-2.553300330033003718e+00 -6.705144537573735519e+00
-2.552695269526952693e+00 -6.703573605180262795e+00
-2.552090209020902556e+00 -6.702002735261368471e+00
-2.551485148514851531e+00 -6.700431927817045441e+00
-2.550880088008800950e+00 -6.698861182847297258e+00
-2.550275027502750369e+00 -6.697290500352125697e+00
-2.549669966996699788e+00 -6.695719880331527207e+00
-2.549064906490649207e+00 -6.694149322785503564e+00
-2.548459845984598626e+00 -6.692578827714054768e+00
-2.547854785478548045e+00 -6.691008395117179930e+00
-2.547249724972497464e+00 -6.689438024994880827e+00
-2.546644664466446883e+00 -6.687867717347155683e+00
-2.546039603960396303e+00 -6.686297472174005385e+00
-2.545434543454345722e+00 -6.684727289475430823e+00
-2.544829482948294697e+00 -6.683157169251426666e+00
-2.544224422442244560e+00 -6.681587111502001797e+00
-2.543619361936193535e+00 -6.680017116227149110e+00
-2.543014301430143398e+00 -6.678447183426871270e+00
-2.542409240924092373e+00 -6.676877313101168276e+00
-2.541804180418042236e+00 -6.675307505250041906e+00
-2.541199119911991211e+00 -6.673737759873486830e+00
-2.540594059405941074e+00 -6.672168076971509265e+00
-2.539988998899890049e+00 -6.670598456544102994e+00
-2.539383938393839468e+00 -6.669028898591274235e+00
-2.538778877887788887e+00 -6.667459403113017657e+00
-2.538173817381738306e+00 -6.665889970109336815e+00
-2.537568756875687725e+00 -6.664320599580232596e+00
-2.536963696369637145e+00 -6.662751291525701447e+00
-2.536358635863586564e+00 -6.661182045945743369e+00
-2.535753575357535983e+00 -6.659612862840362801e+00
-2.535148514851485402e+00 -6.658043742209553528e+00
-2.534543454345434377e+00 -6.656474684053319990e+00
-2.533938393839384240e+00 -6.654905688371663075e+00
-2.533333333333333215e+00 -6.653336755164578342e+00
-2.532728272827283078e+00 -6.651767884432070232e+00
-2.532123212321232053e+00 -6.650199076174136081e+00
-2.531518151815181916e+00 -6.648630330390776777e+00
-2.530913091309130891e+00 -6.647061647081989655e+00
-2.530308030803080754e+00 -6.645493026247780932e+00
-2.529702970297029729e+00 -6.643924467888143504e+00
-2.529097909790979148e+00 -6.642355972003082698e+00
-2.528492849284928567e+00 -6.640787538592595851e+00
-2.527887788778877987e+00 -6.639219167656682963e+00
-2.527282728272827406e+00 -6.637650859195346698e+00
-2.526677667766776825e+00 -6.636082613208583503e+00
-2.526072607260726244e+00 -6.634514429696394267e+00
-2.525467546754675663e+00 -6.632946308658778989e+00
-2.524862486248625082e+00 -6.631378250095741222e+00
-2.524257425742574501e+00 -6.629810254007277415e+00
-2.523652365236523920e+00 -6.628242320393386677e+00
-2.523047304730472895e+00 -6.626674449254070787e+00
-2.522442244224422758e+00 -6.625106640589331519e+00
-2.521837183718371733e+00 -6.623538894399163546e+00
-2.521232123212321596e+00 -6.621971210683573972e+00
-2.520627062706270571e+00 -6.620403589442555692e+00
-2.520022002200220435e+00 -6.618836030676114923e+00
-2.519416941694169410e+00 -6.617268534384244560e+00
-2.518811881188119273e+00 -6.615701100566953485e+00
-2.518206820682068248e+00 -6.614133729224233704e+00
-2.517601760176017667e+00 -6.612566420356089658e+00
-2.516996699669967086e+00 -6.610999173962521347e+00
-2.516391639163916505e+00 -6.609431990043526994e+00
-2.515786578657865924e+00 -6.607864868599106600e+00
-2.515181518151815343e+00 -6.606297809629261941e+00
-2.514576457645764762e+00 -6.604730813133991241e+00
-2.513971397139714181e+00 -6.603163879113294499e+00
-2.513366336633663600e+00 -6.601597007567173492e+00
-2.512761276127613019e+00 -6.600030198495625555e+00
-2.512156215621562438e+00 -6.598463451898652465e+00
-2.511551155115511413e+00 -6.596896767776254222e+00
-2.510946094609461277e+00 -6.595330146128432602e+00
-2.510341034103410252e+00 -6.593763586955184053e+00
-2.509735973597360115e+00 -6.592197090256509462e+00
-2.509130913091309090e+00 -6.590630656032409718e+00
-2.508525852585258953e+00 -6.589064284282885708e+00
-2.507920792079207928e+00 -6.587497975007934770e+00
-2.507315731573157791e+00 -6.585931728207560454e+00
-2.506710671067106766e+00 -6.584365543881758320e+00
-2.506105610561056185e+00 -6.582799422030532810e+00
-2.505500550055005604e+00 -6.581233362653881258e+00
-2.504895489548955023e+00 -6.579667365751803665e+00
-2.504290429042904442e+00 -6.578101431324300918e+00
-2.503685368536853861e+00 -6.576535559371373019e+00
-2.503080308030803280e+00 -6.574969749893019966e+00
-2.502475247524752699e+00 -6.573404002889242648e+00
-2.501870187018702119e+00 -6.571838318360036624e+00
-2.501265126512651094e+00 -6.570272696305408111e+00
-2.500660066006600957e+00 -6.568707136725353557e+00
-2.500055005500549932e+00 -6.567141639619871185e+00
-2.499449944994499795e+00 -6.565576204988968101e+00
-2.498844884488448770e+00 -6.564010832832635423e+00
-2.498239823982398633e+00 -6.562445523150881144e+00
-2.497634763476347608e+00 -6.560880275943697271e+00
-2.497029702970297471e+00 -6.559315091211090909e+00
-2.496424642464246446e+00 -6.557749968953057618e+00
-2.495819581958196309e+00 -6.556184909169600949e+00
-2.495214521452145284e+00 -6.554619911860717352e+00
-2.494609460946094703e+00 -6.553054977026408601e+00
-2.494004400440044122e+00 -6.551490104666674696e+00
-2.493399339933993542e+00 -6.549925294781516527e+00
-2.492794279427942961e+00 -6.548360547370928764e+00
-2.492189218921892380e+00 -6.546795862434919400e+00
-2.491584158415841799e+00 -6.545231239973483994e+00
-2.490979097909791218e+00 -6.543666679986623436e+00
-2.490374037403740637e+00 -6.542102182474335947e+00
-2.489768976897689612e+00 -6.540537747436623306e+00
-2.489163916391639475e+00 -6.538973374873487288e+00
-2.488558855885588450e+00 -6.537409064784924340e+00
-2.487953795379538313e+00 -6.535844817170937127e+00
-2.487348734873487288e+00 -6.534280632031522984e+00
-2.486743674367437151e+00 -6.532716509366684576e+00
-2.486138613861386126e+00 -6.531152449176419239e+00
-2.485533553355335989e+00 -6.529588451460730525e+00
-2.484928492849284964e+00 -6.528024516219615769e+00
-2.484323432343234384e+00 -6.526460643453075861e+00
-2.483718371837183803e+00 -6.524896833161109022e+00
-2.483113311331133222e+00 -6.523333085343717919e+00
-2.482508250825082641e+00 -6.521769400000900774e+00
-2.481903190319032060e+00 -6.520205777132659364e+00
-2.481298129812981479e+00 -6.518642216738992801e+00
-2.480693069306930898e+00 -6.517078718819899308e+00
-2.480088008800880317e+00 -6.515515283375380662e+00
-2.479482948294829736e+00 -6.513951910405439527e+00
-2.478877887788779155e+00 -6.512388599910069686e+00
-2.478272827282728130e+00 -6.510825351889272916e+00
-2.477667766776677993e+00 -6.509262166343054545e+00
-2.477062706270626968e+00 -6.507699043271409245e+00
-2.476457645764576831e+00 -6.506135982674339679e+00
-2.475852585258525806e+00 -6.504572984551842296e+00
-2.475247524752475670e+00 -6.503010048903924201e+00
-2.474642464246424645e+00 -6.501447175730574735e+00
-2.474037403740374508e+00 -6.499884365031803668e+00
-2.473432343234323483e+00 -6.498321616807605672e+00
-2.472827282728272902e+00 -6.496758931057983411e+00
-2.472222222222222321e+00 -6.495196307782935108e+00
-2.471617161716171740e+00 -6.493633746982460764e+00
-2.471012101210121159e+00 -6.492071248656563043e+00
-2.470407040704070578e+00 -6.490508812805239280e+00
-2.469801980198019997e+00 -6.488946439428488588e+00
-2.469196919691969416e+00 -6.487384128526312743e+00
-2.468591859185918835e+00 -6.485821880098712633e+00
-2.467986798679868254e+00 -6.484259694145687369e+00
-2.467381738173817673e+00 -6.482697570667234288e+00
-2.466776677667766648e+00 -6.481135509663357830e+00
-2.466171617161716512e+00 -6.479573511134057995e+00
-2.465566556655665487e+00 -6.478011575079327677e+00
-2.464961496149615350e+00 -6.476449701499177536e+00
-2.464356435643564325e+00 -6.474887890393596912e+00
-2.463751375137514188e+00 -6.473326141762594688e+00
-2.463146314631463163e+00 -6.471764455606165534e+00
-2.462541254125413026e+00 -6.470202831924312115e+00
-2.461936193619362001e+00 -6.468641270717030878e+00
-2.461331133113311420e+00 -6.467079771984326264e+00
-2.460726072607260839e+00 -6.465518335726195609e+00
-2.460121012101210258e+00 -6.463956961942638912e+00
-2.459515951595159677e+00 -6.462395650633657063e+00
-2.458910891089109096e+00 -6.460834401799250948e+00
-2.458305830583058516e+00 -6.459273215439418792e+00
-2.457700770077007935e+00 -6.457712091554161482e+00
-2.457095709570957354e+00 -6.456151030143478131e+00
-2.456490649064906329e+00 -6.454590031207367851e+00
-2.455885588558856192e+00 -6.453029094745835081e+00
-2.455280528052805167e+00 -6.451468220758876271e+00
-2.454675467546755030e+00 -6.449907409246492307e+00
-2.454070407040704005e+00 -6.448346660208680525e+00
-2.453465346534653868e+00 -6.446785973645447143e+00
-2.452860286028602843e+00 -6.445225349556785943e+00
-2.452255225522552706e+00 -6.443664787942699590e+00
-2.451650165016501681e+00 -6.442104288803188084e+00
-2.451045104510451100e+00 -6.440543852138251424e+00
-2.450440044004400519e+00 -6.438983477947888723e+00
-2.449834983498349938e+00 -6.437423166232100868e+00
-2.449229922992299358e+00 -6.435862916990888749e+00
-2.448624862486248777e+00 -6.434302730224249700e+00
-2.448019801980198196e+00 -6.432742605932185498e+00
-2.447414741474147615e+00 -6.431182544114697031e+00
-2.446809680968097034e+00 -6.429622544771782522e+00
-2.446204620462046453e+00 -6.428062607903443748e+00
-2.445599559955995872e+00 -6.426502733509676268e+00
-2.444994499449944847e+00 -6.424942921590485412e+00
-2.444389438943894710e+00 -6.423383172145870290e+00
-2.443784378437843685e+00 -6.421823485175827351e+00
-2.443179317931793548e+00 -6.420263860680361923e+00
-2.442574257425742523e+00 -6.418704298659468677e+00
-2.441969196919692386e+00 -6.417144799113151166e+00
-2.441364136413641361e+00 -6.415585362041407613e+00
-2.440759075907591225e+00 -6.414025987444239796e+00
-2.440154015401540200e+00 -6.412466675321645049e+00
-2.439548954895489619e+00 -6.410907425673625148e+00
-2.438943894389439038e+00 -6.409348238500181871e+00
-2.438338833883388457e+00 -6.407789113801310776e+00
-2.437733773377337876e+00 -6.406230051577015416e+00
-2.437128712871287295e+00 -6.404671051827294903e+00
-2.436523652365236714e+00 -6.403112114552148348e+00
-2.435918591859186133e+00 -6.401553239751576641e+00
-2.435313531353135552e+00 -6.399994427425579779e+00
-2.434708470847084971e+00 -6.398435677574156877e+00
-2.434103410341034390e+00 -6.396876990197310597e+00
-2.433498349834983365e+00 -6.395318365295036500e+00
-2.432893289328933228e+00 -6.393759802867339026e+00
-2.432288228822882203e+00 -6.392201302914213734e+00
-2.431683168316832067e+00 -6.390642865435665065e+00
-2.431078107810781042e+00 -6.389084490431688579e+00
-2.430473047304730905e+00 -6.387526177902288715e+00
-2.429867986798679880e+00 -6.385967927847464587e+00
-2.429262926292629743e+00 -6.384409740267214417e+00
-2.428657865786578718e+00 -6.382851615161536429e+00
-2.428052805280528137e+00 -6.381293552530435065e+00
-2.427447744774477556e+00 -6.379735552373906771e+00
-2.426842684268426975e+00 -6.378177614691955100e+00
-2.426237623762376394e+00 -6.376619739484576499e+00
-2.425632563256325813e+00 -6.375061926751774521e+00
-2.425027502750275232e+00 -6.373504176493545614e+00
-2.424422442244224651e+00 -6.371946488709891554e+00
-2.423817381738174070e+00 -6.370388863400811452e+00
-2.423212321232123490e+00 -6.368831300566307085e+00
-2.422607260726072909e+00 -6.367273800206376677e+00
-2.422002200220021884e+00 -6.365716362321019339e+00
-2.421397139713971747e+00 -6.364158986910240401e+00
-2.420792079207920722e+00 -6.362601673974031868e+00
-2.420187018701870585e+00 -6.361044423512401735e+00
-2.419581958195819560e+00 -6.359487235525343785e+00
-2.418976897689769423e+00 -6.357930110012861569e+00
-2.418371837183718398e+00 -6.356373046974953311e+00
-2.417766776677668261e+00 -6.354816046411620789e+00
-2.417161716171617236e+00 -6.353259108322860449e+00
-2.416556655665566655e+00 -6.351702232708676732e+00
-2.415951595159516074e+00 -6.350145419569066085e+00
-2.415346534653465493e+00 -6.348588668904032950e+00
-2.414741474147414912e+00 -6.347031980713571997e+00
-2.414136413641364332e+00 -6.345475354997686779e+00
-2.413531353135313751e+00 -6.343918791756374631e+00
-2.412926292629263170e+00 -6.342362290989637330e+00
-2.412321232123212589e+00 -6.340805852697476652e+00
-2.411716171617161564e+00 -6.339249476879887268e+00
-2.411111111111111427e+00 -6.337693163536877172e+00
-2.410506050605060402e+00 -6.336136912668437482e+00
-2.409900990099010265e+00 -6.334580724274575303e+00
-2.409295929592959240e+00 -6.333024598355285306e+00
-2.408690869086909103e+00 -6.331468534910571933e+00
-2.408085808580858078e+00 -6.329912533940431629e+00
-2.407480748074807941e+00 -6.328356595444867949e+00
-2.406875687568756916e+00 -6.326800719423875563e+00
-2.406270627062706335e+00 -6.325244905877460688e+00
-2.405665566556655754e+00 -6.323689154805618884e+00
-2.405060506050605174e+00 -6.322133466208352814e+00
-2.404455445544554593e+00 -6.320577840085661592e+00
-2.403850385038504012e+00 -6.319022276437543439e+00
-2.403245324532453431e+00 -6.317466775264001022e+00
-2.402640264026402850e+00 -6.315911336565031675e+00
-2.402035203520352269e+00 -6.314355960340638951e+00
-2.401430143014301688e+00 -6.312800646590820186e+00
-2.400825082508251107e+00 -6.311245395315575379e+00
-2.400220022002200082e+00 -6.309690206514904531e+00
-2.399614961496149945e+00 -6.308135080188810306e+00
-2.399009900990098920e+00 -6.306580016337290928e+00
-2.398404840484048783e+00 -6.305025014960343732e+00
-2.397799779977997758e+00 -6.303470076057972271e+00
-2.397194719471947622e+00 -6.301915199630176545e+00
-2.396589658965896596e+00 -6.300360385676953001e+00
-2.395984598459846460e+00 -6.298805634198307857e+00
-2.395379537953795435e+00 -6.297250945194233118e+00
-2.394774477447744854e+00 -6.295696318664735003e+00
-2.394169416941694273e+00 -6.294141754609811734e+00
-2.393564356435643692e+00 -6.292587253029463312e+00
-2.392959295929593111e+00 -6.291032813923687961e+00
-2.392354235423542530e+00 -6.289478437292487456e+00
-2.391749174917491949e+00 -6.287924123135863574e+00
-2.391144114411441368e+00 -6.286369871453813651e+00
-2.390539053905390787e+00 -6.284815682246335911e+00
-2.389933993399340206e+00 -6.283261555513435681e+00
-2.389328932893289625e+00 -6.281707491255109410e+00
-2.388723872387238600e+00 -6.280153489471355321e+00
-2.388118811881188464e+00 -6.278599550162179632e+00
-2.387513751375137439e+00 -6.277045673327574349e+00
-2.386908690869087302e+00 -6.275491858967547465e+00
-2.386303630363036277e+00 -6.273938107082093651e+00
-2.385698569856986140e+00 -6.272384417671215573e+00
-2.385093509350935115e+00 -6.270830790734910565e+00
-2.384488448844884978e+00 -6.269277226273180403e+00
-2.383883388338833953e+00 -6.267723724286024201e+00
-2.383278327832783372e+00 -6.266170284773443733e+00
-2.382673267326732791e+00 -6.264616907735438112e+00
-2.382068206820682210e+00 -6.263063593172006449e+00
-2.381463146314631629e+00 -6.261510341083149633e+00
-2.380858085808581048e+00 -6.259957151468866776e+00
-2.380253025302530467e+00 -6.258404024329158766e+00
-2.379647964796479886e+00 -6.256850959664027378e+00
-2.379042904290429306e+00 -6.255297957473468173e+00
-2.378437843784378281e+00 -6.253745017757482927e+00
-2.377832783278328144e+00 -6.252192140516075192e+00
-2.377227722772277119e+00 -6.250639325749239639e+00
-2.376622662266226982e+00 -6.249086573456979821e+00
-2.376017601760175957e+00 -6.247533883639294849e+00
-2.375412541254125820e+00 -6.245981256296184725e+00
-2.374807480748074795e+00 -6.244428691427647671e+00
-2.374202420242024658e+00 -6.242876189033687240e+00
-2.373597359735973633e+00 -6.241323749114298991e+00
-2.372992299229923496e+00 -6.239771371669487365e+00
-2.372387238723872471e+00 -6.238219056699248810e+00
-2.371782178217821890e+00 -6.236666804203585102e+00
-2.371177117711771309e+00 -6.235114614182497128e+00
-2.370572057205720728e+00 -6.233562486635983113e+00
-2.369966996699670148e+00 -6.232010421564043945e+00
-2.369361936193619567e+00 -6.230458418966679623e+00
-2.368756875687568986e+00 -6.228906478843890149e+00
-2.368151815181518405e+00 -6.227354601195674633e+00
-2.367546754675467824e+00 -6.225802786022033963e+00
-2.366941694169416799e+00 -6.224251033322966364e+00
-2.366336633663366662e+00 -6.222699343098475389e+00
-2.365731573157315637e+00 -6.221147715348557483e+00
-2.365126512651265500e+00 -6.219596150073216201e+00
-2.364521452145214475e+00 -6.218044647272447989e+00
-2.363916391639164338e+00 -6.216493206946255512e+00
-2.363311331133113313e+00 -6.214941829094636105e+00
-2.362706270627063176e+00 -6.213390513717593322e+00
-2.362101210121012151e+00 -6.211839260815122721e+00
-2.361496149614961571e+00 -6.210288070387226966e+00
-2.360891089108910990e+00 -6.208736942433907835e+00
-2.360286028602860409e+00 -6.207185876955162662e+00
-2.359680968096809828e+00 -6.205634873950991448e+00
-2.359075907590759247e+00 -6.204083933421394192e+00
-2.358470847084708666e+00 -6.202533055366373560e+00
-2.357865786578658085e+00 -6.200982239785925998e+00
-2.357260726072607504e+00 -6.199431486680053283e+00
-2.356655665566556923e+00 -6.197880796048756302e+00
-2.356050605060506342e+00 -6.196330167892034169e+00
-2.355445544554455317e+00 -6.194779602209882441e+00
-2.354840484048405180e+00 -6.193229099002310001e+00
-2.354235423542354155e+00 -6.191678658269308855e+00
-2.353630363036304018e+00 -6.190128280010886108e+00
-2.353025302530252993e+00 -6.188577964227034656e+00
-2.352420242024202857e+00 -6.187027710917761603e+00
-2.351815181518151832e+00 -6.185477520083058955e+00
-2.351210121012101695e+00 -6.183927391722933820e+00
-2.350605060506050670e+00 -6.182377325837379090e+00
-2.350000000000000089e+00 -6.180827322426402759e+00
-2.349394939493949508e+00 -6.179277381490000387e+00
-2.348789878987898927e+00 -6.177727503028172862e+00
-2.348184818481848346e+00 -6.176177687040919295e+00
-2.347579757975797765e+00 -6.174627933528240575e+00
-2.346974697469747184e+00 -6.173078242490135814e+00
-2.346369636963696603e+00 -6.171528613926607676e+00
-2.345764576457646022e+00 -6.169979047837652608e+00
-2.345159515951595441e+00 -6.168429544223271499e+00
-2.344554455445544860e+00 -6.166880103083466125e+00
-2.343949394939493835e+00 -6.165330724418233821e+00
-2.343344334433443699e+00 -6.163781408227578140e+00
-2.342739273927392674e+00 -6.162232154511496418e+00
-2.342134213421342537e+00 -6.160682963269990431e+00
-2.341529152915291512e+00 -6.159133834503055738e+00
-2.340924092409241375e+00 -6.157584768210698556e+00
-2.340319031903190350e+00 -6.156035764392913556e+00
-2.339713971397140213e+00 -6.154486823049706068e+00
-2.339108910891089188e+00 -6.152937944181072538e+00
-2.338503850385038607e+00 -6.151389127787011191e+00
-2.337898789878988026e+00 -6.149840373867526466e+00
-2.337293729372937445e+00 -6.148291682422616589e+00
-2.336688668866886864e+00 -6.146743053452280670e+00
-2.336083608360836283e+00 -6.145194486956518709e+00
-2.335478547854785702e+00 -6.143645982935333372e+00
-2.334873487348735122e+00 -6.142097541388721105e+00
-2.334268426842684541e+00 -6.140549162316684573e+00
-2.333663366336633516e+00 -6.139000845719219335e+00
-2.333058305830583379e+00 -6.137452591596333384e+00
-2.332453245324532354e+00 -6.135904399948017840e+00
-2.331848184818482217e+00 -6.134356270774279807e+00
-2.331243124312431192e+00 -6.132808204075114844e+00
-2.330638063806381055e+00 -6.131260199850526504e+00
-2.330033003300330030e+00 -6.129712258100510347e+00
-2.329427942794279893e+00 -6.128164378825069925e+00
-2.328822882288228868e+00 -6.126616562024203461e+00
-2.328217821782178287e+00 -6.125068807697912732e+00
-2.327612761276127706e+00 -6.123521115846195961e+00
-2.327007700770077125e+00 -6.121973486469053150e+00
-2.326402640264026545e+00 -6.120425919566486073e+00
-2.325797579757975964e+00 -6.118878415138492954e+00
-2.325192519251925383e+00 -6.117330973185074683e+00
-2.324587458745874802e+00 -6.115783593706232146e+00
-2.323982398239824221e+00 -6.114236276701962680e+00
-2.323377337733773640e+00 -6.112689022172268061e+00
-2.322772277227723059e+00 -6.111141830117148288e+00
-2.322167216721672034e+00 -6.109594700536602474e+00
-2.321562156215621897e+00 -6.108047633430633283e+00
-2.320957095709570872e+00 -6.106500628799235386e+00
-2.320352035203520735e+00 -6.104953686642415889e+00
-2.319746974697469710e+00 -6.103406806960167685e+00
-2.319141914191419573e+00 -6.101859989752496993e+00
-2.318536853685368548e+00 -6.100313235019399372e+00
-2.317931793179318412e+00 -6.098766542760877485e+00
-2.317326732673267387e+00 -6.097219912976926892e+00
-2.316721672167216806e+00 -6.095673345667554699e+00
-2.316116611661166225e+00 -6.094126840832754688e+00
-2.315511551155115644e+00 -6.092580398472529524e+00
-2.314906490649065063e+00 -6.091034018586880983e+00
-2.314301430143014482e+00 -6.089487701175805512e+00
-2.313696369636963901e+00 -6.087941446239304000e+00
-2.313091309130913320e+00 -6.086395253777378223e+00
-2.312486248624862739e+00 -6.084849123790027292e+00
-2.311881188118812158e+00 -6.083303056277251208e+00
-2.311276127612761577e+00 -6.081757051239048195e+00
-2.310671067106710552e+00 -6.080211108675419140e+00
-2.310066006600660415e+00 -6.078665228586368485e+00
-2.309460946094609390e+00 -6.077119410971889124e+00
-2.308855885588559254e+00 -6.075573655831986386e+00
-2.308250825082508229e+00 -6.074027963166655830e+00
-2.307645764576458092e+00 -6.072482332975901897e+00
-2.307040704070407067e+00 -6.070936765259720147e+00
-2.306435643564356930e+00 -6.069391260018116796e+00
-2.305830583058305905e+00 -6.067845817251084739e+00
-2.305225522552255324e+00 -6.066300436958629305e+00
-2.304620462046204743e+00 -6.064755119140746942e+00
-2.304015401540154162e+00 -6.063209863797441201e+00
-2.303410341034103581e+00 -6.061664670928707643e+00
-2.302805280528053000e+00 -6.060119540534550708e+00
-2.302200220022002419e+00 -6.058574472614967732e+00
-2.301595159515951838e+00 -6.057029467169958714e+00
-2.300990099009901257e+00 -6.055484524199526319e+00
-2.300385038503850677e+00 -6.053939643703666107e+00
-2.299779977997800096e+00 -6.052394825682380741e+00
-2.299174917491749071e+00 -6.050850070135670222e+00
-2.298569856985698934e+00 -6.049305377063536326e+00
-2.297964796479647909e+00 -6.047760746465973725e+00
-2.297359735973597772e+00 -6.046216178342987746e+00
-2.296754675467546747e+00 -6.044671672694575726e+00
-2.296149614961496610e+00 -6.043127229520740329e+00
-2.295544554455445585e+00 -6.041582848821477114e+00
-2.294939493949395448e+00 -6.040038530596791411e+00
-2.294334433443344423e+00 -6.038494274846676113e+00
-2.293729372937293842e+00 -6.036950081571138327e+00
-2.293124312431243261e+00 -6.035405950770173611e+00
-2.292519251925192680e+00 -6.033861882443785518e+00
-2.291914191419142099e+00 -6.032317876591969608e+00
-2.291309130913091519e+00 -6.030773933214730320e+00
-2.290704070407040938e+00 -6.029230052312064103e+00
-2.290099009900990357e+00 -6.027686233883973621e+00
-2.289493949394939776e+00 -6.026142477930456209e+00
-2.288888888888888751e+00 -6.024598784451514533e+00
-2.288283828382838614e+00 -6.023055153447147703e+00
-2.287678767876787589e+00 -6.021511584917353943e+00
-2.287073707370737452e+00 -6.019968078862138583e+00
-2.286468646864686427e+00 -6.018424635281494517e+00
-2.285863586358636290e+00 -6.016881254175426186e+00
-2.285258525852585265e+00 -6.015337935543930925e+00
-2.284653465346535128e+00 -6.013794679387013176e+00
-2.284048404840484103e+00 -6.012251485704666720e+00
-2.283443344334433522e+00 -6.010708354496896888e+00
-2.282838283828382941e+00 -6.009165285763701014e+00
-2.282233223322332361e+00 -6.007622279505079987e+00
-2.281628162816281780e+00 -6.006079335721033807e+00
-2.281023102310231199e+00 -6.004536454411561586e+00
-2.280418041804180618e+00 -6.002993635576665099e+00
-2.279812981298130037e+00 -6.001450879216342571e+00
-2.279207920792079456e+00 -5.999908185330594890e+00
-2.278602860286028875e+00 -5.998365553919422055e+00
-2.277997799779978294e+00 -5.996822984982822291e+00
-2.277392739273927269e+00 -5.995280478520797374e+00
-2.276787678767877132e+00 -5.993738034533349079e+00
-2.276182618261826107e+00 -5.992195653020472967e+00
-2.275577557755775970e+00 -5.990653333982175255e+00
-2.274972497249724945e+00 -5.989111077418447948e+00
-2.274367436743674808e+00 -5.987568883329298153e+00
-2.273762376237623783e+00 -5.986026751714719651e+00
-2.273157315731573647e+00 -5.984484682574718661e+00
-2.272552255225522622e+00 -5.982942675909290742e+00
-2.271947194719472041e+00 -5.981400731718437669e+00
-2.271342134213421460e+00 -5.979858850002160331e+00
-2.270737073707370879e+00 -5.978317030760456952e+00
-2.270132013201320298e+00 -5.976775273993328419e+00
-2.269526952695269717e+00 -5.975233579700773845e+00
-2.268921892189219136e+00 -5.973691947882795006e+00
-2.268316831683168555e+00 -5.972150378539389237e+00
-2.267711771177117974e+00 -5.970608871670558315e+00
-2.267106710671067393e+00 -5.969067427276304016e+00
-2.266501650165016812e+00 -5.967526045356621900e+00
-2.265896589658965787e+00 -5.965984725911514630e+00
-2.265291529152915651e+00 -5.964443468940983983e+00
-2.264686468646864625e+00 -5.962902274445024631e+00
-2.264081408140814489e+00 -5.961361142423642789e+00
-2.263476347634763464e+00 -5.959820072876834018e+00
-2.262871287128713327e+00 -5.958279065804601871e+00
-2.262266226622662302e+00 -5.956738121206942793e+00
-2.261661166116612165e+00 -5.955197239083858562e+00
-2.261056105610561140e+00 -5.953656419435349179e+00
-2.260451045104510559e+00 -5.952115662261412865e+00
-2.259845984598459978e+00 -5.950574967562052286e+00
-2.259240924092409397e+00 -5.949034335337266555e+00
-2.258635863586358816e+00 -5.947493765587056558e+00
-2.258030803080308235e+00 -5.945953258311419631e+00
-2.257425742574257654e+00 -5.944412813510357552e+00
-2.256820682068207073e+00 -5.942872431183870319e+00
-2.256215621562156493e+00 -5.941332111331956156e+00
-2.255610561056105468e+00 -5.939791853954618617e+00
-2.255005500550055331e+00 -5.938251659051855924e+00
-2.254400440044004306e+00 -5.936711526623665414e+00
-2.253795379537954169e+00 -5.935171456670051526e+00
-2.253190319031903144e+00 -5.933631449191010709e+00
-2.252585258525853007e+00 -5.932091504186546516e+00
-2.251980198019801982e+00 -5.930551621656655392e+00
-2.251375137513751845e+00 -5.929011801601340892e+00
-2.250770077007700820e+00 -5.927472044020598574e+00
-2.250165016501650683e+00 -5.925932348914432879e+00
-2.249559955995599658e+00 -5.924392716282840254e+00
-2.248954895489549077e+00 -5.922853146125822477e+00
-2.248349834983498496e+00 -5.921313638443379546e+00
-2.247744774477447915e+00 -5.919774193235511461e+00
-2.247139713971397335e+00 -5.918234810502216448e+00
-2.246534653465346754e+00 -5.916695490243498057e+00
-2.245929592959296173e+00 -5.915156232459353625e+00
-2.245324532453245592e+00 -5.913617037149784039e+00
-2.244719471947195011e+00 -5.912077904314788412e+00
-2.244114411441143986e+00 -5.910538833954367632e+00
-2.243509350935093849e+00 -5.908999826068522587e+00
-2.242904290429042824e+00 -5.907460880657248836e+00
-2.242299229922992687e+00 -5.905921997720554373e+00
-2.241694169416941662e+00 -5.904383177258430315e+00
-2.241089108910891525e+00 -5.902844419270884657e+00
-2.240484048404840500e+00 -5.901305723757909405e+00
-2.239878987898790363e+00 -5.899767090719512552e+00
-2.239273927392739338e+00 -5.898228520155688770e+00
-2.238668866886688757e+00 -5.896690012066439834e+00
-2.238063806380638177e+00 -5.895151566451763969e+00
-2.237458745874587596e+00 -5.893613183311664727e+00
-2.236853685368537015e+00 -5.892074862646140332e+00
-2.236248624862486434e+00 -5.890536604455189007e+00
-2.235643564356435853e+00 -5.888998408738812529e+00
-2.235038503850385272e+00 -5.887460275497010898e+00
-2.234433443344334691e+00 -5.885922204729784113e+00
-2.233828382838284110e+00 -5.884384196437132175e+00
-2.233223322332233529e+00 -5.882846250619055084e+00
-2.232618261826182504e+00 -5.881308367275551063e+00
-2.232013201320132367e+00 -5.879770546406623666e+00
-2.231408140814081342e+00 -5.878232788012269339e+00
-2.230803080308031205e+00 -5.876695092092489858e+00
-2.230198019801980180e+00 -5.875157458647283448e+00
-2.229592959295930044e+00 -5.873619887676655438e+00
-2.228987898789879019e+00 -5.872082379180598721e+00
-2.228382838283828882e+00 -5.870544933159120404e+00
-2.227777777777777857e+00 -5.869007549612211605e+00
-2.227172717271727276e+00 -5.867470228539881205e+00
-2.226567656765676695e+00 -5.865932969942123876e+00
-2.225962596259626114e+00 -5.864395773818941393e+00
-2.225357535753575533e+00 -5.862858640170333757e+00
-2.224752475247524952e+00 -5.861321568996300080e+00
-2.224147414741474371e+00 -5.859784560296842137e+00
-2.223542354235423790e+00 -5.858247614071958154e+00
-2.222937293729373209e+00 -5.856710730321649017e+00
-2.222332233223322628e+00 -5.855173909045914726e+00
-2.221727172717272047e+00 -5.853637150244754395e+00
-2.221122112211221022e+00 -5.852100453918167133e+00
-2.220517051705170886e+00 -5.850563820066158272e+00
-2.219911991199119861e+00 -5.849027248688720704e+00
-2.219306930693069724e+00 -5.847490739785859759e+00
-2.218701870187018699e+00 -5.845954293357571885e+00
-2.218096809680968562e+00 -5.844417909403860634e+00
-2.217491749174917537e+00 -5.842881587924722453e+00
-2.216886688668867400e+00 -5.841345328920159119e+00
-2.216281628162816375e+00 -5.839809132390168855e+00
-2.215676567656765794e+00 -5.838272998334756103e+00
-2.215071507150715213e+00 -5.836736926753916421e+00
-2.214466446644664632e+00 -5.835200917647651586e+00
-2.213861386138614051e+00 -5.833664971015961598e+00
-2.213256325632563470e+00 -5.832129086858846456e+00
-2.212651265126512889e+00 -5.830593265176305273e+00
-2.212046204620462309e+00 -5.829057505968338049e+00
-2.211441144114411728e+00 -5.827521809234946559e+00
-2.210836083608360703e+00 -5.825986174976128140e+00
-2.210231023102310566e+00 -5.824450603191887232e+00
-2.209625962596259541e+00 -5.822915093882217619e+00
-2.209020902090209404e+00 -5.821379647047125516e+00
-2.208415841584158379e+00 -5.819844262686606484e+00
-2.207810781078108242e+00 -5.818308940800663187e+00
-2.207205720572057217e+00 -5.816773681389292960e+00
-2.206600660066007080e+00 -5.815238484452500245e+00
-2.205995599559956055e+00 -5.813703349990277047e+00
-2.205390539053905474e+00 -5.812168278002632249e+00
-2.204785478547854893e+00 -5.810633268489561409e+00
-2.204180418041804312e+00 -5.809098321451065416e+00
-2.203575357535753731e+00 -5.807563436887143382e+00
-2.202970297029703151e+00 -5.806028614797796195e+00
-2.202365236523652570e+00 -5.804493855183023854e+00
-2.201760176017601989e+00 -5.802959158042824583e+00
-2.201155115511551408e+00 -5.801424523377201936e+00
-2.200550055005500827e+00 -5.799889951186154136e+00
-2.199944994499450246e+00 -5.798355441527561105e+00
-2.199339933993399221e+00 -5.796821002562734471e+00
-2.198734873487349084e+00 -5.795286640079841511e+00
-2.198129812981298059e+00 -5.793752354078877786e+00
-2.197524752475247922e+00 -5.792218144559847737e+00
-2.196919691969196897e+00 -5.790684011522746033e+00
-2.196314631463146760e+00 -5.789149954967577116e+00
-2.195709570957095735e+00 -5.787615974894337434e+00
-2.195104510451045599e+00 -5.786082071303032315e+00
-2.194499449944994574e+00 -5.784548244193656430e+00
-2.193894389438943993e+00 -5.783014493566211556e+00
-2.193289328932893412e+00 -5.781480819420697692e+00
-2.192684268426842831e+00 -5.779947221757115727e+00
-2.192079207920792250e+00 -5.778413700575465661e+00
-2.191474147414741669e+00 -5.776880255875744830e+00
-2.190869086908691088e+00 -5.775346887657955897e+00
-2.190264026402640507e+00 -5.773813595922098862e+00
-2.189658965896589926e+00 -5.772280380668173727e+00
-2.189053905390539345e+00 -5.770747241896178714e+00
-2.188448844884488764e+00 -5.769214179606113824e+00
-2.187843784378437739e+00 -5.767681193797979944e+00
-2.187238723872387602e+00 -5.766148284471778851e+00
-2.186633663366336577e+00 -5.764615451627508769e+00
-2.186028602860286441e+00 -5.763082695265170585e+00
-2.185423542354235416e+00 -5.761550015384760748e+00
-2.184818481848185279e+00 -5.760017411986286362e+00
-2.184213421342134254e+00 -5.758484885069739434e+00
-2.183608360836084117e+00 -5.756952434635126181e+00
-2.183003300330033092e+00 -5.755420060682441274e+00
-2.182398239823982511e+00 -5.753887763211689155e+00
-2.181793179317931930e+00 -5.752355542222869822e+00
-2.181188118811881349e+00 -5.750823397715979723e+00
-2.180583058305830768e+00 -5.749291329691021524e+00
-2.179977997799780187e+00 -5.747759338147995223e+00
-2.179372937293729606e+00 -5.746227423086899044e+00
-2.178767876787679025e+00 -5.744695584507733876e+00
-2.178162816281628444e+00 -5.743163822410499719e+00
-2.177557755775577863e+00 -5.741632136795198349e+00
-2.176952695269527283e+00 -5.740100527661826213e+00
-2.176347634763476258e+00 -5.738568995010385088e+00
-2.175742574257426121e+00 -5.737037538840877637e+00
-2.175137513751375096e+00 -5.735506159153298533e+00
-2.174532453245324959e+00 -5.733974855947653992e+00
-2.173927392739273934e+00 -5.732443629223936910e+00
-2.173322332233223797e+00 -5.730912478982154390e+00
-2.172717271727172772e+00 -5.729381405222300216e+00
-2.172112211221122635e+00 -5.727850407944379718e+00
-2.171507150715071610e+00 -5.726319487148387566e+00
-2.170902090209021029e+00 -5.724788642834328201e+00
-2.170297029702970448e+00 -5.723257875002200734e+00
-2.169691969196919867e+00 -5.721727183652003390e+00
-2.169086908690869286e+00 -5.720196568783737945e+00
-2.168481848184818706e+00 -5.718666030397402622e+00
-2.167876787678768125e+00 -5.717135568493000086e+00
-2.167271727172717544e+00 -5.715605183070527673e+00
-2.166666666666666963e+00 -5.714074874129986270e+00
-2.166061606160615938e+00 -5.712544641671374990e+00
-2.165456545654565801e+00 -5.711014485694697385e+00
-2.164851485148514776e+00 -5.709484406199949014e+00
-2.164246424642464639e+00 -5.707954403187133430e+00
-2.163641364136413614e+00 -5.706424476656247080e+00
-2.163036303630363477e+00 -5.704894626607295294e+00
-2.162431243124312452e+00 -5.703364853040270077e+00
-2.161826182618262315e+00 -5.701835155955182088e+00
-2.161221122112211290e+00 -5.700305535352019781e+00
-2.160616061606160709e+00 -5.698775991230789373e+00
-2.160011001100110128e+00 -5.697246523591492640e+00
-2.159405940594059548e+00 -5.695717132434125141e+00
-2.158800880088008967e+00 -5.694187817758690429e+00
-2.158195819581958386e+00 -5.692658579565184951e+00
-2.157590759075907805e+00 -5.691129417853612260e+00
-2.156985698569857224e+00 -5.689600332623969692e+00
-2.156380638063806643e+00 -5.688071323876259022e+00
-2.155775577557756062e+00 -5.686542391610479363e+00
-2.155170517051705481e+00 -5.685013535826630715e+00
-2.154565456545654456e+00 -5.683484756524712189e+00
-2.153960396039604319e+00 -5.681956053704728227e+00
-2.153355335533553294e+00 -5.680427427366671722e+00
-2.152750275027503157e+00 -5.678898877510548893e+00
-2.152145214521452132e+00 -5.677370404136356186e+00
-2.151540154015401995e+00 -5.675842007244095377e+00
-2.150935093509350970e+00 -5.674313686833763803e+00
-2.150330033003300834e+00 -5.672785442905365905e+00
-2.149724972497249809e+00 -5.671257275458896352e+00
-2.149119911991199228e+00 -5.669729184494359586e+00
-2.148514851485148647e+00 -5.668201170011755607e+00
-2.147909790979098066e+00 -5.666673232011080863e+00
-2.147304730473047485e+00 -5.665145370492338905e+00
-2.146699669966996904e+00 -5.663617585455525294e+00
-2.146094609460946323e+00 -5.662089876900645358e+00
-2.145489548954895742e+00 -5.660562244827696432e+00
-2.144884488448845161e+00 -5.659034689236677629e+00
-2.144279427942794580e+00 -5.657507210127590724e+00
-2.143674367436743999e+00 -5.655979807500434831e+00
-2.143069306930692974e+00 -5.654452481355209059e+00
-2.142464246424642837e+00 -5.652925231691916075e+00
-2.141859185918591812e+00 -5.651398058510553213e+00
-2.141254125412541676e+00 -5.649870961811123138e+00
-2.140649064906490651e+00 -5.648343941593623185e+00
-2.140044004400440514e+00 -5.646816997858054243e+00
-2.139438943894389489e+00 -5.645290130604416312e+00
-2.138833883388339352e+00 -5.643763339832710280e+00
-2.138228822882288327e+00 -5.642236625542935258e+00
-2.137623762376237746e+00 -5.640709987735090358e+00
-2.137018701870187165e+00 -5.639183426409177358e+00
-2.136413641364136584e+00 -5.637656941565195368e+00
-2.135808580858086003e+00 -5.636130533203144388e+00
-2.135203520352035422e+00 -5.634604201323025308e+00
-2.134598459845984841e+00 -5.633077945924837238e+00
-2.133993399339934260e+00 -5.631551767008581066e+00
-2.133388338833883680e+00 -5.630025664574255018e+00
-2.132783278327832654e+00 -5.628499638621859980e+00
-2.132178217821782518e+00 -5.626973689151397728e+00
-2.131573157315731493e+00 -5.625447816162864711e+00
-2.130968096809681356e+00 -5.623922019656263593e+00
-2.130363036303630331e+00 -5.622396299631593486e+00
-2.129757975797580194e+00 -5.620870656088856165e+00
-2.129152915291529169e+00 -5.619345089028047191e+00
-2.128547854785479032e+00 -5.617819598449172780e+00
-2.127942794279428007e+00 -5.616294184352226715e+00
-2.127337733773377870e+00 -5.614768846737213437e+00
-2.126732673267326845e+00 -5.613243585604129393e+00
-2.126127612761276264e+00 -5.611718400952978136e+00
-2.125522552255225683e+00 -5.610193292783757890e+00
-2.124917491749175102e+00 -5.608668261096469543e+00
-2.124312431243124522e+00 -5.607143305891111318e+00
-2.123707370737073941e+00 -5.605618427167684992e+00
-2.123102310231023360e+00 -5.604093624926189676e+00
-2.122497249724972779e+00 -5.602568899166624483e+00
-2.121892189218922198e+00 -5.601044249888992077e+00
-2.121287128712871173e+00 -5.599519677093288905e+00
-2.120682068206821036e+00 -5.597995180779519409e+00
-2.120077007700770011e+00 -5.596470760947679146e+00
-2.119471947194719874e+00 -5.594946417597771671e+00
-2.118866886688668849e+00 -5.593422150729793429e+00
-2.118261826182618712e+00 -5.591897960343748863e+00
-2.117656765676567687e+00 -5.590373846439632644e+00
-2.117051705170517550e+00 -5.588849809017450099e+00
-2.116446644664466525e+00 -5.587325848077196788e+00
-2.115841584158415944e+00 -5.585801963618874488e+00
-2.115236523652365364e+00 -5.584278155642484975e+00
-2.114631463146314783e+00 -5.582754424148025585e+00
-2.114026402640264202e+00 -5.581230769135498093e+00
-2.113421342134213621e+00 -5.579707190604902500e+00
-2.112816281628163040e+00 -5.578183688556236142e+00
-2.112211221122112459e+00 -5.576660262989502570e+00
-2.111606160616061878e+00 -5.575136913904699121e+00
-2.111001100110011297e+00 -5.573613641301828459e+00
-2.110396039603960716e+00 -5.572090445180887031e+00
-2.109790979097909691e+00 -5.570567325541876613e+00
-2.109185918591859554e+00 -5.569044282384799871e+00
-2.108580858085808529e+00 -5.567521315709651475e+00
-2.107975797579758392e+00 -5.565998425516436754e+00
-2.107370737073707367e+00 -5.564475611805151267e+00
-2.106765676567657231e+00 -5.562952874575799456e+00
-2.106160616061606206e+00 -5.561430213828375102e+00
-2.105555555555556069e+00 -5.559907629562884424e+00
-2.104950495049505044e+00 -5.558385121779324756e+00
-2.104345434543454463e+00 -5.556862690477695210e+00
-2.103740374037403882e+00 -5.555340335657997564e+00
-2.103135313531353301e+00 -5.553818057320231816e+00
-2.102530253025302720e+00 -5.552295855464397079e+00
-2.101925192519252139e+00 -5.550773730090492464e+00
-2.101320132013201558e+00 -5.549251681198520636e+00
-2.100715071507150977e+00 -5.547729708788478931e+00
-2.100110011001100396e+00 -5.546207812860369124e+00
-2.099504950495049815e+00 -5.544685993414188552e+00
-2.098899889988999234e+00 -5.543164250449940766e+00
-2.098294829482948209e+00 -5.541642583967622215e+00
-2.097689768976898073e+00 -5.540120993967239116e+00
-2.097084708470847048e+00 -5.538599480448782586e+00
-2.096479647964796911e+00 -5.537078043412260620e+00
-2.095874587458745886e+00 -5.535556682857667887e+00
-2.095269526952695749e+00 -5.534035398785007942e+00
-2.094664466446644724e+00 -5.532514191194278119e+00
-2.094059405940594587e+00 -5.530993060085480195e+00
-2.093454345434543562e+00 -5.529472005458612394e+00
-2.092849284928492981e+00 -5.527951027313676491e+00
-2.092244224422442400e+00 -5.526430125650670711e+00
-2.091639163916391819e+00 -5.524909300469597717e+00
-2.091034103410341238e+00 -5.523388551770453958e+00
-2.090429042904290657e+00 -5.521867879553242986e+00
-2.089823982398240076e+00 -5.520347283817962136e+00
-2.089218921892189496e+00 -5.518826764564614962e+00
-2.088613861386138915e+00 -5.517306321793196133e+00
-2.088008800880087890e+00 -5.515785955503709204e+00
-2.087403740374037753e+00 -5.514265665696153285e+00
-2.086798679867986728e+00 -5.512745452370529264e+00
-2.086193619361936591e+00 -5.511225315526837143e+00
-2.085588558855885566e+00 -5.509705255165074256e+00
-2.084983498349835429e+00 -5.508185271285245044e+00
-2.084378437843784404e+00 -5.506665363887345066e+00
-2.083773377337734267e+00 -5.505145532971376099e+00
-2.083168316831683242e+00 -5.503625778537339031e+00
-2.082563256325632661e+00 -5.502106100585232973e+00
-2.081958195819582080e+00 -5.500586499115057926e+00
-2.081353135313531499e+00 -5.499066974126814777e+00
-2.080748074807480918e+00 -5.497547525620502640e+00
-2.080143014301430338e+00 -5.496028153596121513e+00
-2.079537953795379757e+00 -5.494508858053671396e+00
-2.078932893289329176e+00 -5.492989638993153179e+00
-2.078327832783278595e+00 -5.491470496414564195e+00
-2.077722772277228014e+00 -5.489951430317908887e+00
-2.077117711771177433e+00 -5.488432440703182813e+00
-2.076512651265126408e+00 -5.486913527570388638e+00
-2.075907590759076271e+00 -5.485394690919527250e+00
-2.075302530253025246e+00 -5.483875930750593319e+00
-2.074697469746975109e+00 -5.482357247063593952e+00
-2.074092409240924084e+00 -5.480838639858524708e+00
-2.073487348734873947e+00 -5.479320109135388250e+00
-2.072882288228822922e+00 -5.477801654894179251e+00
-2.072277227722772786e+00 -5.476283277134903926e+00
-2.071672167216721760e+00 -5.474764975857557836e+00
-2.071067106710671180e+00 -5.473246751062146309e+00
-2.070462046204620599e+00 -5.471728602748663128e+00
-2.069856985698570018e+00 -5.470210530917111846e+00
-2.069251925192519437e+00 -5.468692535567493351e+00
-2.068646864686468856e+00 -5.467174616699804091e+00
-2.068041804180418275e+00 -5.465656774314046729e+00
-2.067436743674367694e+00 -5.464139008410221265e+00
-2.066831683168317113e+00 -5.462621318988325037e+00
-2.066226622662266532e+00 -5.461103706048361595e+00
-2.065621562156215951e+00 -5.459586169590329163e+00
-2.065016501650164926e+00 -5.458068709614225966e+00
-2.064411441144114789e+00 -5.456551326120056444e+00
-2.063806380638063764e+00 -5.455034019107817045e+00
-2.063201320132013628e+00 -5.453516788577510432e+00
-2.062596259625962603e+00 -5.451999634529133054e+00
-2.061991199119912466e+00 -5.450482556962688463e+00
-2.061386138613861441e+00 -5.448965555878173106e+00
-2.060781078107811304e+00 -5.447448631275590536e+00
-2.060176017601760279e+00 -5.445931783154937200e+00
-2.059570957095709698e+00 -5.444415011516216651e+00
-2.058965896589659117e+00 -5.442898316359427113e+00
-2.058360836083608536e+00 -5.441381697684569474e+00
-2.057755775577557955e+00 -5.439865155491641957e+00
-2.057150715071507374e+00 -5.438348689780645451e+00
-2.056545654565456793e+00 -5.436832300551581731e+00
-2.055940594059406212e+00 -5.435315987804446358e+00
-2.055335533553355631e+00 -5.433799751539245548e+00
-2.054730473047304606e+00 -5.432283591755972196e+00
-2.054125412541254470e+00 -5.430767508454633408e+00
-2.053520352035203445e+00 -5.429251501635222965e+00
-2.052915291529153308e+00 -5.427735571297746198e+00
-2.052310231023102283e+00 -5.426219717442198665e+00
-2.051705170517052146e+00 -5.424703940068585695e+00
-2.051100110011001121e+00 -5.423188239176900183e+00
-2.050495049504950984e+00 -5.421672614767148346e+00
-2.049889988998899959e+00 -5.420157066839325744e+00
-2.049284928492849822e+00 -5.418641595393435928e+00
-2.048679867986798797e+00 -5.417126200429475347e+00
-2.048074807480748216e+00 -5.415610881947446664e+00
-2.047469746974697635e+00 -5.414095639947350769e+00
-2.046864686468647054e+00 -5.412580474429184108e+00
-2.046259625962596473e+00 -5.411065385392950233e+00
-2.045654565456545892e+00 -5.409550372838646481e+00
-2.045049504950495312e+00 -5.408035436766274628e+00
-2.044444444444444731e+00 -5.406520577175832898e+00
-2.043839383938394150e+00 -5.405005794067323066e+00
-2.043234323432343125e+00 -5.403491087440743357e+00
-2.042629262926292988e+00 -5.401976457296097323e+00
-2.042024202420241963e+00 -5.400461903633379634e+00
-2.041419141914191826e+00 -5.398947426452596510e+00
-2.040814081408140801e+00 -5.397433025753739955e+00
-2.040209020902090664e+00 -5.395918701536819739e+00
-2.039603960396039639e+00 -5.394404453801827870e+00
-2.038998899889989502e+00 -5.392890282548767011e+00
-2.038393839383938477e+00 -5.391376187777637163e+00
-2.037788778877887896e+00 -5.389862169488439214e+00
-2.037183718371837315e+00 -5.388348227681172276e+00
-2.036578657865786735e+00 -5.386834362355836348e+00
-2.035973597359736154e+00 -5.385320573512431430e+00
-2.035368536853685573e+00 -5.383806861150959300e+00
-2.034763476347634992e+00 -5.382293225271416404e+00
-2.034158415841584411e+00 -5.380779665873806294e+00
-2.033553355335533830e+00 -5.379266182958126308e+00
-2.032948294829483249e+00 -5.377752776524377332e+00
-2.032343234323432668e+00 -5.376239446572561143e+00
-2.031738173817381643e+00 -5.374726193102673300e+00
-2.031133113311331506e+00 -5.373213016114720020e+00
-2.030528052805280481e+00 -5.371699915608695086e+00
-2.029922992299230344e+00 -5.370186891584602940e+00
-2.029317931793179319e+00 -5.368673944042440915e+00
-2.028712871287129182e+00 -5.367161072982212566e+00
-2.028107810781078157e+00 -5.365648278403910787e+00
-2.027502750275028021e+00 -5.364135560307545347e+00
-2.026897689768976996e+00 -5.362622918693106477e+00
-2.026292629262926415e+00 -5.361110353560602171e+00
-2.025687568756875834e+00 -5.359597864910027987e+00
-2.025082508250825253e+00 -5.358085452741384813e+00
-2.024477447744774672e+00 -5.356573117054673538e+00
-2.023872387238724091e+00 -5.355060857849892386e+00
-2.023267326732673510e+00 -5.353548675127042245e+00
-2.022662266226622929e+00 -5.352036568886124002e+00
-2.022057205720572348e+00 -5.350524539127137658e+00
-2.021452145214521767e+00 -5.349012585850081436e+00
-2.020847084708471186e+00 -5.347500709054956225e+00
-2.020242024202420161e+00 -5.345988908741762025e+00
-2.019636963696370024e+00 -5.344477184910501499e+00
-2.019031903190318999e+00 -5.342965537561170208e+00
-2.018426842684268863e+00 -5.341453966693770816e+00
-2.017821782178217838e+00 -5.339942472308300658e+00
-2.017216721672167701e+00 -5.338431054404764176e+00
-2.016611661166116676e+00 -5.336919712983156039e+00
-2.016006600660066539e+00 -5.335408448043482466e+00
-2.015401540154015514e+00 -5.333897259585736350e+00
-2.014796479647964933e+00 -5.332386147609923910e+00
-2.014191419141914352e+00 -5.330875112116043368e+00
-2.013586358635863771e+00 -5.329364153104092061e+00
-2.012981298129813190e+00 -5.327853270574071765e+00
-2.012376237623762609e+00 -5.326342464525984255e+00
-2.011771177117712028e+00 -5.324831734959826868e+00
-2.011166116611661447e+00 -5.323321081875601379e+00
-2.010561056105610866e+00 -5.321810505273308678e+00
-2.009955995599559841e+00 -5.320300005152942546e+00
-2.009350935093509705e+00 -5.318789581514511866e+00
-2.008745874587458680e+00 -5.317279234358010420e+00
-2.008140814081408543e+00 -5.315768963683442649e+00
-2.007535753575357518e+00 -5.314258769490801448e+00
-2.006930693069307381e+00 -5.312748651780095699e+00
-2.006325632563256356e+00 -5.311238610551318295e+00
-2.005720572057206219e+00 -5.309728645804474567e+00
-2.005115511551155194e+00 -5.308218757539559185e+00
-2.004510451045105057e+00 -5.306708945756577478e+00
-2.003905390539054032e+00 -5.305199210455525005e+00
-2.003300330033003451e+00 -5.303689551636404431e+00
-2.002695269526952870e+00 -5.302179969299215756e+00
-2.002090209020902289e+00 -5.300670463443958091e+00
-2.001485148514851709e+00 -5.299161034070631437e+00
-2.000880088008801128e+00 -5.297651681179234906e+00
-2.000275027502750547e+00 -5.296142404769771161e+00
-1.999669966996699966e+00 -5.294633204842238428e+00
-1.999064906490649385e+00 -5.293124081396636704e+00
-1.998459845984598804e+00 -5.291615034432965992e+00
-1.997854785478548223e+00 -5.290106063951226290e+00
-1.997249724972497642e+00 -5.288597169951418486e+00
-1.996644664466447061e+00 -5.287088352433540805e+00
-1.996039603960396036e+00 -5.285579611397593247e+00
-1.995434543454345455e+00 -5.284070946843577588e+00
-1.994829482948294874e+00 -5.282562358771494715e+00
-1.994224422442244293e+00 -5.281053847181341965e+00
-1.993619361936193712e+00 -5.279545412073121113e+00
-1.993014301430143131e+00 -5.278037053446831273e+00
-1.992409240924092551e+00 -5.276528771302472443e+00
-1.991804180418041970e+00 -5.275020565640044623e+00
-1.991199119911991389e+00 -5.273512436459549590e+00
-1.990594059405940808e+00 -5.272004383760982904e+00
-1.989988998899890227e+00 -5.270496407544349005e+00
-1.989383938393839646e+00 -5.268988507809647004e+00
-1.988778877887789065e+00 -5.267480684556875126e+00
-1.988173817381738484e+00 -5.265972937786033370e+00
-1.987568756875687903e+00 -5.264465267497124401e+00
-1.986963696369637322e+00 -5.262957673690145555e+00
-1.986358635863586741e+00 -5.261450156365099495e+00
-1.985753575357536160e+00 -5.259942715521982670e+00
-1.985148514851485579e+00 -5.258435351160798632e+00
-1.984543454345434554e+00 -5.256928063281543828e+00
-1.983938393839383973e+00 -5.255420851884222699e+00
-1.983333333333333393e+00 -5.253913716968830805e+00
-1.982728272827282812e+00 -5.252406658535372586e+00
-1.982123212321232231e+00 -5.250899676583843600e+00
-1.981518151815181650e+00 -5.249392771114245626e+00
-1.980913091309131069e+00 -5.247885942126578662e+00
-1.980308030803080488e+00 -5.246379189620842709e+00
-1.979702970297029907e+00 -5.244872513597040431e+00
-1.979097909790979326e+00 -5.243365914055167387e+00
-1.978492849284928745e+00 -5.241859390995226242e+00
-1.977887788778878164e+00 -5.240352944417215220e+00
-1.977282728272827583e+00 -5.238846574321136096e+00
-1.976677667766777002e+00 -5.237340280706987983e+00
-1.976072607260726421e+00 -5.235834063574771768e+00
-1.975467546754675841e+00 -5.234327922924485677e+00
-1.974862486248625260e+00 -5.232821858756130595e+00
-1.974257425742574679e+00 -5.231315871069707413e+00
-1.973652365236523654e+00 -5.229809959865214353e+00
-1.973047304730473073e+00 -5.228304125142653191e+00
-1.972442244224422492e+00 -5.226798366902023929e+00
-1.971837183718371911e+00 -5.225292685143324789e+00
-1.971232123212321330e+00 -5.223787079866558436e+00
-1.970627062706270749e+00 -5.222281551071722205e+00
-1.970022002200220168e+00 -5.220776098758817874e+00
-1.969416941694169587e+00 -5.219270722927844552e+00
-1.968811881188119006e+00 -5.217765423578801354e+00
-1.968206820682068425e+00 -5.216260200711689166e+00
-1.967601760176017844e+00 -5.214755054326509764e+00
-1.966996699669967263e+00 -5.213249984423260486e+00
-1.966391639163916683e+00 -5.211744991001942218e+00
-1.965786578657866102e+00 -5.210240074062555848e+00
-1.965181518151815521e+00 -5.208735233605100490e+00
-1.964576457645764940e+00 -5.207230469629577030e+00
-1.963971397139714359e+00 -5.205725782135983692e+00
-1.963366336633663778e+00 -5.204221171124322254e+00
-1.962761276127613197e+00 -5.202716636594590938e+00
-1.962156215621562172e+00 -5.201212178546790632e+00
-1.961551155115511591e+00 -5.199707796980923113e+00
-1.960946094609461010e+00 -5.198203491896983941e+00
-1.960341034103410429e+00 -5.196699263294979332e+00
-1.959735973597359848e+00 -5.195195111174903957e+00
-1.959130913091309267e+00 -5.193691035536761369e+00
-1.958525852585258686e+00 -5.192187036380548903e+00
-1.957920792079208105e+00 -5.190683113706267449e+00
-1.957315731573157525e+00 -5.189179267513917893e+00
-1.956710671067106944e+00 -5.187675497803499347e+00
-1.956105610561056363e+00 -5.186171804575011812e+00
-1.955500550055005782e+00 -5.184668187828455288e+00
-1.954895489548955201e+00 -5.183164647563829774e+00
-1.954290429042904620e+00 -5.181661183781135271e+00
-1.953685368536854039e+00 -5.180157796480372667e+00
-1.953080308030803458e+00 -5.178654485661541074e+00
-1.952475247524752877e+00 -5.177151251324640491e+00
-1.951870187018702296e+00 -5.175648093469671807e+00
-1.951265126512651271e+00 -5.174145012096632357e+00
-1.950660066006600690e+00 -5.172642007205524806e+00
-1.950055005500550109e+00 -5.171139078796350042e+00
-1.949449944994499528e+00 -5.169636226869104512e+00
-1.948844884488448947e+00 -5.168133451423791769e+00
-1.948239823982398367e+00 -5.166630752460410037e+00
-1.947634763476347786e+00 -5.165128129978958427e+00
-1.947029702970297205e+00 -5.163625583979438716e+00
-1.946424642464246624e+00 -5.162123114461850903e+00
-1.945819581958196043e+00 -5.160620721426192326e+00
-1.945214521452145462e+00 -5.159118404872465646e+00
-1.944609460946094881e+00 -5.157616164800671754e+00
-1.944004400440044300e+00 -5.156114001210807984e+00
-1.943399339933993719e+00 -5.154611914102874337e+00
-1.942794279427943138e+00 -5.153109903476872589e+00
-1.942189218921892557e+00 -5.151607969332802739e+00
-1.941584158415841976e+00 -5.150106111670663900e+00
-1.940979097909791395e+00 -5.148604330490456071e+00
-1.940374037403740815e+00 -5.147102625792180142e+00
-1.939768976897689789e+00 -5.145600997575832558e+00
-1.939163916391639209e+00 -5.144099445841417761e+00
-1.938558855885588628e+00 -5.142597970588935752e+00
-1.937953795379538047e+00 -5.141096571818382976e+00
-1.937348734873487466e+00 -5.139595249529762100e+00
-1.936743674367436885e+00 -5.138094003723073122e+00
-1.936138613861386304e+00 -5.136592834398315155e+00
-1.935533553355335723e+00 -5.135091741555487310e+00
-1.934928492849285142e+00 -5.133590725194592252e+00
-1.934323432343234561e+00 -5.132089785315627317e+00
-1.933718371837183980e+00 -5.130588921918593392e+00
-1.933113311331133399e+00 -5.129088135003490478e+00
-1.932508250825082818e+00 -5.127587424570320351e+00
-1.931903190319032237e+00 -5.126086790619079459e+00
-1.931298129812981657e+00 -5.124586233149771353e+00
-1.930693069306931076e+00 -5.123085752162392481e+00
-1.930088008800880495e+00 -5.121585347656946396e+00
-1.929482948294829914e+00 -5.120085019633432211e+00
-1.928877887788778889e+00 -5.118584768091846371e+00
-1.928272827282728308e+00 -5.117084593032192430e+00
-1.927667766776677727e+00 -5.115584494454471276e+00
-1.927062706270627146e+00 -5.114084472358680244e+00
-1.926457645764576565e+00 -5.112584526744821112e+00
-1.925852585258525984e+00 -5.111084657612893878e+00
-1.925247524752475403e+00 -5.109584864962896766e+00
-1.924642464246424822e+00 -5.108085148794830666e+00
-1.924037403740374241e+00 -5.106585509108695575e+00
-1.923432343234323660e+00 -5.105085945904491496e+00
-1.922827282728273079e+00 -5.103586459182219315e+00
-1.922222222222222499e+00 -5.102087048941879033e+00
-1.921617161716171918e+00 -5.100587715183467985e+00
-1.921012101210121337e+00 -5.099088457906989724e+00
-1.920407040704070756e+00 -5.097589277112442474e+00
-1.919801980198020175e+00 -5.096090172799826234e+00
-1.919196919691969594e+00 -5.094591144969141006e+00
-1.918591859185919013e+00 -5.093092193620386787e+00
-1.917986798679868432e+00 -5.091593318753563580e+00
-1.917381738173817407e+00 -5.090094520368671382e+00
-1.916776677667766826e+00 -5.088595798465711084e+00
-1.916171617161716245e+00 -5.087097153044682685e+00
-1.915566556655665664e+00 -5.085598584105584408e+00
-1.914961496149615083e+00 -5.084100091648417141e+00
-1.914356435643564502e+00 -5.082601675673181774e+00
-1.913751375137513921e+00 -5.081103336179877417e+00
-1.913146314631463341e+00 -5.079605073168504070e+00
-1.912541254125412760e+00 -5.078106886639062623e+00
-1.911936193619362179e+00 -5.076608776591551297e+00
-1.911331133113311598e+00 -5.075110743025971871e+00
-1.910726072607261017e+00 -5.073612785942323455e+00
-1.910121012101210436e+00 -5.072114905340606050e+00
-1.909515951595159855e+00 -5.070617101220820544e+00
-1.908910891089109274e+00 -5.069119373582965160e+00
-1.908305830583058693e+00 -5.067621722427041675e+00
-1.907700770077008112e+00 -5.066124147753049201e+00
-1.907095709570957531e+00 -5.064626649560987737e+00
-1.906490649064906506e+00 -5.063129227850856395e+00
-1.905885588558855925e+00 -5.061631882622656953e+00
-1.905280528052805344e+00 -5.060134613876389409e+00
-1.904675467546754764e+00 -5.058637421612052876e+00
-1.904070407040704183e+00 -5.057140305829647353e+00
-1.903465346534653602e+00 -5.055643266529173729e+00
-1.902860286028603021e+00 -5.054146303710631116e+00
-1.902255225522552440e+00 -5.052649417374018626e+00
-1.901650165016501859e+00 -5.051152607519338034e+00
-1.901045104510451278e+00 -5.049655874146588452e+00
-1.900440044004400697e+00 -5.048159217255770770e+00
-1.899834983498350116e+00 -5.046662636846883210e+00
-1.899229922992299535e+00 -5.045166132919927549e+00
-1.898624862486248954e+00 -5.043669705474902898e+00
-1.898019801980198373e+00 -5.042173354511809258e+00
-1.897414741474147792e+00 -5.040677080030646628e+00
-1.896809680968097211e+00 -5.039180882031415010e+00
-1.896204620462046631e+00 -5.037684760514115290e+00
-1.895599559955995606e+00 -5.036188715478745692e+00
-1.894994499449945025e+00 -5.034692746925307105e+00
-1.894389438943894444e+00 -5.033196854853802193e+00
-1.893784378437843863e+00 -5.031701039264225628e+00
-1.893179317931793282e+00 -5.030205300156581849e+00
-1.892574257425742701e+00 -5.028709637530869969e+00
-1.891969196919692120e+00 -5.027214051387087324e+00
-1.891364136413641539e+00 -5.025718541725237465e+00
-1.890759075907590958e+00 -5.024223108545317729e+00
-1.890154015401540377e+00 -5.022727751847330779e+00
-1.889548954895489796e+00 -5.021232471631273953e+00
-1.888943894389439215e+00 -5.019737267897147248e+00
-1.888338833883388634e+00 -5.018242140644952443e+00
-1.887733773377338053e+00 -5.016747089874689536e+00
-1.887128712871287473e+00 -5.015252115586357640e+00
-1.886523652365236892e+00 -5.013757217779956754e+00
-1.885918591859186311e+00 -5.012262396455486879e+00
-1.885313531353135730e+00 -5.010767651612948015e+00
-1.884708470847085149e+00 -5.009272983252341049e+00
-1.884103410341034124e+00 -5.007778391373664206e+00
-1.883498349834983543e+00 -5.006283875976919262e+00
-1.882893289328932962e+00 -5.004789437062104440e+00
-1.882288228822882381e+00 -5.003295074629222405e+00
-1.881683168316831800e+00 -5.001800788678270493e+00
-1.881078107810781219e+00 -5.000306579209251368e+00
-1.880473047304730638e+00 -4.998812446222161476e+00
-1.879867986798680057e+00 -4.997318389717003484e+00
-1.879262926292629476e+00 -4.995824409693777390e+00
-1.878657865786578895e+00 -4.994330506152481419e+00
-1.878052805280528315e+00 -4.992836679093117347e+00
-1.877447744774477734e+00 -4.991342928515684285e+00
-1.876842684268427153e+00 -4.989849254420182234e+00
-1.876237623762376572e+00 -4.988355656806611194e+00
-1.875632563256325991e+00 -4.986862135674971164e+00
-1.875027502750275410e+00 -4.985368691025263033e+00
-1.874422442244224829e+00 -4.983875322857485024e+00
-1.873817381738174248e+00 -4.982382031171638914e+00
-1.873212321232123223e+00 -4.980888815967722927e+00
-1.872607260726072642e+00 -4.979395677245740615e+00
-1.872002200220022061e+00 -4.977902615005687537e+00
-1.871397139713971480e+00 -4.976409629247566357e+00
-1.870792079207920899e+00 -4.974916719971375301e+00
-1.870187018701870318e+00 -4.973423887177117919e+00
-1.869581958195819738e+00 -4.971931130864788884e+00
-1.868976897689769157e+00 -4.970438451034393523e+00
-1.868371837183718576e+00 -4.968945847685927397e+00
-1.867766776677667995e+00 -4.967453320819394058e+00
-1.867161716171617414e+00 -4.965960870434790841e+00
-1.866556655665566833e+00 -4.964468496532118635e+00
-1.865951595159516252e+00 -4.962976199111378328e+00
-1.865346534653465671e+00 -4.961483978172569032e+00
-1.864741474147415090e+00 -4.959991833715690746e+00
-1.864136413641364509e+00 -4.958499765740744358e+00
-1.863531353135313928e+00 -4.957007774247728094e+00
-1.862926292629263347e+00 -4.955515859236642839e+00
-1.862321232123212766e+00 -4.954024020707490372e+00
-1.861716171617161741e+00 -4.952532258660266251e+00
-1.861111111111111160e+00 -4.951040573094975805e+00
-1.860506050605060580e+00 -4.949548964011615482e+00
-1.859900990099009999e+00 -4.948057431410187057e+00
-1.859295929592959418e+00 -4.946565975290689643e+00
-1.858690869086908837e+00 -4.945074595653123239e+00
-1.858085808580858256e+00 -4.943583292497487847e+00
-1.857480748074807675e+00 -4.942092065823783464e+00
-1.856875687568757094e+00 -4.940600915632010981e+00
-1.856270627062706513e+00 -4.939109841922170396e+00
-1.855665566556655932e+00 -4.937618844694259934e+00
-1.855060506050605351e+00 -4.936127923948280483e+00
-1.854455445544554770e+00 -4.934637079684232930e+00
-1.853850385038504189e+00 -4.933146311902115499e+00
-1.853245324532453608e+00 -4.931655620601929968e+00
-1.852640264026403027e+00 -4.930165005783675447e+00
-1.852035203520352447e+00 -4.928674467447352825e+00
-1.851430143014301866e+00 -4.927184005592960325e+00
-1.850825082508250841e+00 -4.925693620220498836e+00
-1.850220022002200260e+00 -4.924203311329968358e+00
-1.849614961496149679e+00 -4.922713078921369778e+00
-1.849009900990099098e+00 -4.921222922994702209e+00
-1.848404840484048517e+00 -4.919732843549965651e+00
-1.847799779977997936e+00 -4.918242840587161879e+00
-1.847194719471947355e+00 -4.916752914106287342e+00
-1.846589658965896774e+00 -4.915263064107344704e+00
-1.845984598459846193e+00 -4.913773290590333964e+00
-1.845379537953795612e+00 -4.912283593555253347e+00
-1.844774477447745031e+00 -4.910793973002104629e+00
-1.844169416941694450e+00 -4.909304428930886921e+00
-1.843564356435643870e+00 -4.907814961341600224e+00
-1.842959295929593289e+00 -4.906325570234244537e+00
-1.842354235423542708e+00 -4.904836255608820750e+00
-1.841749174917492127e+00 -4.903347017465327085e+00
-1.841144114411441546e+00 -4.901857855803765318e+00
-1.840539053905390965e+00 -4.900368770624135450e+00
-1.839933993399340384e+00 -4.898879761926435705e+00
-1.839328932893289359e+00 -4.897390829710666083e+00
-1.838723872387238778e+00 -4.895901973976829247e+00
-1.838118811881188197e+00 -4.894413194724924310e+00
-1.837513751375137616e+00 -4.892924491954948607e+00
-1.836908690869087035e+00 -4.891435865666904803e+00
-1.836303630363036454e+00 -4.889947315860792898e+00
-1.835698569856985873e+00 -4.888458842536611115e+00
-1.835093509350935292e+00 -4.886970445694361231e+00
-1.834488448844884712e+00 -4.885482125334042358e+00
-1.833883388338834131e+00 -4.883993881455655384e+00
-1.833278327832783550e+00 -4.882505714059198532e+00
-1.832673267326732969e+00 -4.881017623144673578e+00
-1.832068206820682388e+00 -4.879529608712079636e+00
-1.831463146314631807e+00 -4.878041670761416704e+00
-1.830858085808581226e+00 -4.876553809292685671e+00
-1.830253025302530645e+00 -4.875066024305884760e+00
-1.829647964796480064e+00 -4.873578315801015748e+00
-1.829042904290429483e+00 -4.872090683778077747e+00
-1.828437843784378458e+00 -4.870603128237069868e+00
-1.827832783278327877e+00 -4.869115649177993888e+00
-1.827227722772277296e+00 -4.867628246600848918e+00
-1.826622662266226715e+00 -4.866140920505635847e+00
-1.826017601760176134e+00 -4.864653670892353787e+00
-1.825412541254125554e+00 -4.863166497761003626e+00
-1.824807480748074973e+00 -4.861679401111581811e+00
-1.824202420242024392e+00 -4.860192380944093671e+00
-1.823597359735973811e+00 -4.858705437258536541e+00
-1.822992299229923230e+00 -4.857218570054909534e+00
-1.822387238723872649e+00 -4.855731779333215314e+00
-1.821782178217822068e+00 -4.854245065093451217e+00
-1.821177117711771487e+00 -4.852758427335619018e+00
-1.820572057205720906e+00 -4.851271866059716942e+00
-1.819966996699670325e+00 -4.849785381265747652e+00
-1.819361936193619744e+00 -4.848298972953707597e+00
-1.818756875687569163e+00 -4.846812641123600329e+00
-1.818151815181518582e+00 -4.845326385775424072e+00
-1.817546754675468001e+00 -4.843840206909177937e+00
-1.816941694169416976e+00 -4.842354104524862812e+00
-1.816336633663366396e+00 -4.840868078622479587e+00
-1.815731573157315815e+00 -4.839382129202027372e+00
-1.815126512651265234e+00 -4.837896256263506167e+00
-1.814521452145214653e+00 -4.836410459806916862e+00
-1.813916391639164072e+00 -4.834924739832258567e+00
-1.813311331133113491e+00 -4.833439096339531282e+00
-1.812706270627062910e+00 -4.831953529328735009e+00
-1.812101210121012329e+00 -4.830468038799870634e+00
-1.811496149614961748e+00 -4.828982624752937269e+00
-1.810891089108911167e+00 -4.827497287187934916e+00
-1.810286028602860586e+00 -4.826012026104863573e+00
-1.809680968096810005e+00 -4.824526841503723240e+00
-1.809075907590759424e+00 -4.823041733384514806e+00
-1.808470847084708844e+00 -4.821556701747237383e+00
-1.807865786578658263e+00 -4.820071746591890083e+00
-1.807260726072607682e+00 -4.818586867918474681e+00
-1.806655665566557101e+00 -4.817102065726991178e+00
-1.806050605060506076e+00 -4.815617340017436021e+00
-1.805445544554455495e+00 -4.814132690789815427e+00
-1.804840484048404914e+00 -4.812648118044124956e+00
-1.804235423542354333e+00 -4.811163621780364608e+00
-1.803630363036303752e+00 -4.809679201998537046e+00
-1.803025302530253171e+00 -4.808194858698640495e+00
-1.802420242024202590e+00 -4.806710591880674954e+00
-1.801815181518152009e+00 -4.805226401544639536e+00
-1.801210121012101428e+00 -4.803742287690536017e+00
-1.800605060506050847e+00 -4.802258250318364396e+00
-1.800000000000000266e+00 -4.800774289428122898e+00
-1.799394939493949686e+00 -4.799290458800602899e+00
-1.798789878987899105e+00 -4.797806812216589556e+00
-1.798184818481848524e+00 -4.796323349676085535e+00
-1.797579757975797943e+00 -4.794840071179091723e+00
-1.796974697469747362e+00 -4.793356976725606344e+00
-1.796369636963696781e+00 -4.791874066315629399e+00
-1.795764576457646200e+00 -4.790391339949159999e+00
-1.795159515951595175e+00 -4.788908797626200808e+00
-1.794554455445544594e+00 -4.787426439346750051e+00
-1.793949394939494013e+00 -4.785944265110808615e+00
-1.793344334433443432e+00 -4.784462274918375613e+00
-1.792739273927392851e+00 -4.782980468769451932e+00
-1.792134213421342270e+00 -4.781498846664035796e+00
-1.791529152915291689e+00 -4.780017408602129869e+00
-1.790924092409241108e+00 -4.778536154583733264e+00
-1.790319031903190528e+00 -4.777055084608843316e+00
-1.789713971397139947e+00 -4.775574198677464466e+00
-1.789108910891089366e+00 -4.774093496789593161e+00
-1.788503850385038785e+00 -4.772612978945230289e+00
-1.787898789878988204e+00 -4.771132645144377626e+00
-1.787293729372937623e+00 -4.769652495387032509e+00
-1.786688668866887042e+00 -4.768172529673196713e+00
-1.786083608360836461e+00 -4.766692748002869351e+00
-1.785478547854785880e+00 -4.765213150376052198e+00
-1.784873487348735299e+00 -4.763733736792743478e+00
-1.784268426842684718e+00 -4.762254507252941416e+00
-1.783663366336633693e+00 -4.760775461756649563e+00
-1.783058305830583112e+00 -4.759296600303866143e+00
-1.782453245324532531e+00 -4.757817922894592044e+00
-1.781848184818481950e+00 -4.756339429528827267e+00
-1.781243124312431370e+00 -4.754861120206570035e+00
-1.780638063806380789e+00 -4.753382994927823013e+00
-1.780033003300330208e+00 -4.751905053692585312e+00
-1.779427942794279627e+00 -4.750427296500854268e+00
-1.778822882288229046e+00 -4.748949723352633434e+00
-1.778217821782178465e+00 -4.747472334247921033e+00
-1.777612761276127884e+00 -4.745995129186717065e+00
-1.777007700770077303e+00 -4.744518108169023307e+00
-1.776402640264026722e+00 -4.743041271194837094e+00
-1.775797579757976141e+00 -4.741564618264160202e+00
-1.775192519251925560e+00 -4.740088149376991744e+00
-1.774587458745874979e+00 -4.738611864533331719e+00
-1.773982398239824398e+00 -4.737135763733182792e+00
-1.773377337733773818e+00 -4.735659846976540521e+00
-1.772772277227722793e+00 -4.734184114263406684e+00
-1.772167216721672212e+00 -4.732708565593783057e+00
-1.771562156215621631e+00 -4.731233200967667862e+00
-1.770957095709571050e+00 -4.729758020385061990e+00
-1.770352035203520469e+00 -4.728283023845963662e+00
-1.769746974697469888e+00 -4.726808211350373767e+00
-1.769141914191419307e+00 -4.725333582898294082e+00
-1.768536853685368726e+00 -4.723859138489723719e+00
-1.767931793179318145e+00 -4.722384878124660901e+00
-1.767326732673267564e+00 -4.720910801803108292e+00
-1.766721672167216983e+00 -4.719436909525063228e+00
-1.766116611661166402e+00 -4.717963201290527486e+00
-1.765511551155115821e+00 -4.716489677099500177e+00
-1.764906490649065240e+00 -4.715016336951982190e+00
-1.764301430143014660e+00 -4.713543180847973524e+00
-1.763696369636964079e+00 -4.712070208787472403e+00
-1.763091309130913498e+00 -4.710597420770481492e+00
-1.762486248624862917e+00 -4.709124816796998125e+00
-1.761881188118812336e+00 -4.707652396867024081e+00
-1.761276127612761311e+00 -4.706180160980557581e+00
-1.760671067106710730e+00 -4.704708109137600403e+00
-1.760066006600660149e+00 -4.703236241338153434e+00
-1.759460946094609568e+00 -4.701764557582214898e+00
-1.758855885588558987e+00 -4.700293057869784796e+00
-1.758250825082508406e+00 -4.698821742200864016e+00
-1.757645764576457825e+00 -4.697350610575450780e+00
-1.757040704070407244e+00 -4.695879662993548642e+00
-1.756435643564356663e+00 -4.694408899455153161e+00
-1.755830583058306082e+00 -4.692938319960267890e+00
-1.755225522552255502e+00 -4.691467924508891052e+00
-1.754620462046204921e+00 -4.689997713101023535e+00
-1.754015401540154340e+00 -4.688527685736662676e+00
-1.753410341034103759e+00 -4.687057842415812026e+00
-1.752805280528053178e+00 -4.685588183138470697e+00
-1.752200220022002597e+00 -4.684118707904637802e+00
-1.751595159515952016e+00 -4.682649416714313340e+00
-1.750990099009901435e+00 -4.681180309567498199e+00
-1.750385038503850410e+00 -4.679711386464189715e+00
-1.749779977997799829e+00 -4.678242647404393217e+00
-1.749174917491749248e+00 -4.676774092388104265e+00
-1.748569856985698667e+00 -4.675305721415323745e+00
-1.747964796479648086e+00 -4.673837534486053436e+00
-1.747359735973597505e+00 -4.672369531600291559e+00
-1.746754675467546924e+00 -4.670901712758037228e+00
-1.746149614961496344e+00 -4.669434077959293106e+00
-1.745544554455445763e+00 -4.667966627204057417e+00
-1.744939493949395182e+00 -4.666499360492330162e+00
-1.744334433443344601e+00 -4.665032277824112228e+00
-1.743729372937294020e+00 -4.663565379199402727e+00
-1.743124312431243439e+00 -4.662098664618201660e+00
-1.742519251925192858e+00 -4.660632134080509914e+00
-1.741914191419142277e+00 -4.659165787586327490e+00
-1.741309130913091696e+00 -4.657699625135652610e+00
-1.740704070407041115e+00 -4.656233646728487940e+00
-1.740099009900990534e+00 -4.654767852364830816e+00
-1.739493949394939953e+00 -4.653302242044683901e+00
-1.738888888888888928e+00 -4.651836815768043643e+00
-1.738283828382838347e+00 -4.650371573534914482e+00
-1.737678767876787767e+00 -4.648906515345292867e+00
-1.737073707370737186e+00 -4.647441641199181461e+00
-1.736468646864686605e+00 -4.645976951096577601e+00
-1.735863586358636024e+00 -4.644512445037482173e+00
-1.735258525852585443e+00 -4.643048123021896068e+00
-1.734653465346534862e+00 -4.641583985049819283e+00
-1.734048404840484281e+00 -4.640120031121250932e+00
-1.733443344334433700e+00 -4.638656261236191014e+00
-1.732838283828383119e+00 -4.637192675394641306e+00
-1.732233223322332538e+00 -4.635729273596600031e+00
-1.731628162816281957e+00 -4.634266055842066301e+00
-1.731023102310231376e+00 -4.632803022131042781e+00
-1.730418041804180795e+00 -4.631340172463527693e+00
-1.729812981298130214e+00 -4.629877506839521040e+00
-1.729207920792079634e+00 -4.628415025259022819e+00
-1.728602860286029053e+00 -4.626952727722035696e+00
-1.727997799779978028e+00 -4.625490614228553454e+00
-1.727392739273927447e+00 -4.624028684778582310e+00
-1.726787678767876866e+00 -4.622566939372119599e+00
-1.726182618261826285e+00 -4.621105378009166209e+00
-1.725577557755775704e+00 -4.619644000689721253e+00
-1.724972497249725123e+00 -4.618182807413785618e+00
-1.724367436743674542e+00 -4.616721798181359304e+00
-1.723762376237623961e+00 -4.615260972992440536e+00
-1.723157315731573380e+00 -4.613800331847031089e+00
-1.722552255225522799e+00 -4.612339874745130075e+00
-1.721947194719472218e+00 -4.610879601686739271e+00
-1.721342134213421637e+00 -4.609419512671855124e+00
-1.720737073707371056e+00 -4.607959607700482074e+00
-1.720132013201320476e+00 -4.606499886772616570e+00
-1.719526952695269895e+00 -4.605040349888260387e+00
-1.718921892189219314e+00 -4.603580997047412637e+00
-1.718316831683168733e+00 -4.602121828250074209e+00
-1.717711771177118152e+00 -4.600662843496244214e+00
-1.717106710671067571e+00 -4.599204042785922653e+00
-1.716501650165016546e+00 -4.597745426119109524e+00
-1.715896589658965965e+00 -4.596286993495805717e+00
-1.715291529152915384e+00 -4.594828744916011232e+00
-1.714686468646864803e+00 -4.593370680379725179e+00
-1.714081408140814222e+00 -4.591912799886947560e+00
-1.713476347634763641e+00 -4.590455103437680151e+00
-1.712871287128713060e+00 -4.588997591031920287e+00
-1.712266226622662479e+00 -4.587540262669669744e+00
-1.711661166116611899e+00 -4.586083118350928522e+00
-1.711056105610561318e+00 -4.584626158075694846e+00
-1.710451045104510737e+00 -4.583169381843970491e+00
-1.709845984598460156e+00 -4.581712789655755458e+00
-1.709240924092409575e+00 -4.580256381511049746e+00
-1.708635863586358994e+00 -4.578800157409850691e+00
-1.708030803080308413e+00 -4.577344117352162733e+00
-1.707425742574257832e+00 -4.575888261337983209e+00
-1.706820682068207251e+00 -4.574432589367311230e+00
-1.706215621562156670e+00 -4.572977101440149461e+00
-1.705610561056105645e+00 -4.571521797556494349e+00
-1.705005500550055064e+00 -4.570066677716349446e+00
-1.704400440044004483e+00 -4.568611741919714753e+00
-1.703795379537953902e+00 -4.567156990166585828e+00
-1.703190319031903321e+00 -4.565702422456968002e+00
-1.702585258525852741e+00 -4.564248038790859496e+00
-1.701980198019802160e+00 -4.562793839168258536e+00
-1.701375137513751579e+00 -4.561339823589166897e+00
-1.700770077007700998e+00 -4.559885992053583692e+00
-1.700165016501650417e+00 -4.558432344561509808e+00
-1.699559955995599836e+00 -4.556978881112943469e+00
-1.698954895489549255e+00 -4.555525601707887340e+00
-1.698349834983498674e+00 -4.554072506346340532e+00
-1.697744774477448093e+00 -4.552619595028301269e+00
-1.697139713971397512e+00 -4.551166867753771328e+00
-1.696534653465346931e+00 -4.549714324522749820e+00
-1.695929592959296350e+00 -4.548261965335237633e+00
-1.695324532453245769e+00 -4.546809790191233880e+00
-1.694719471947195188e+00 -4.545357799090738560e+00
-1.694114411441144163e+00 -4.543905992033751673e+00
-1.693509350935093583e+00 -4.542454369020275884e+00
-1.692904290429043002e+00 -4.541002930050307640e+00
-1.692299229922992421e+00 -4.539551675123847829e+00
-1.691694169416941840e+00 -4.538100604240897340e+00
-1.691089108910891259e+00 -4.536649717401455284e+00
-1.690484048404840678e+00 -4.535199014605520773e+00
-1.689878987898790097e+00 -4.533748495853097360e+00
-1.689273927392739516e+00 -4.532298161144182380e+00
-1.688668866886688935e+00 -4.530848010478775834e+00
-1.688063806380638354e+00 -4.529398043856878608e+00
-1.687458745874587773e+00 -4.527948261278489817e+00
-1.686853685368537192e+00 -4.526498662743608570e+00
-1.686248624862486611e+00 -4.525049248252238421e+00
-1.685643564356436030e+00 -4.523600017804376705e+00
-1.685038503850385450e+00 -4.522150971400021646e+00
-1.684433443344334869e+00 -4.520702109039177685e+00
-1.683828382838284288e+00 -4.519253430721842157e+00
-1.683223322332233263e+00 -4.517804936448013287e+00
-1.682618261826182682e+00 -4.516356626217695514e+00
-1.682013201320132101e+00 -4.514908500030885286e+00
-1.681408140814081520e+00 -4.513460557887585267e+00
-1.680803080308030939e+00 -4.512012799787793682e+00
-1.680198019801980358e+00 -4.510565225731510530e+00
-1.679592959295929777e+00 -4.509117835718735812e+00
-1.678987898789879196e+00 -4.507670629749470415e+00
-1.678382838283828615e+00 -4.506223607823714339e+00
-1.677777777777778034e+00 -4.504776769941465808e+00
-1.677172717271727453e+00 -4.503330116102727487e+00
-1.676567656765676873e+00 -4.501883646307497600e+00
-1.675962596259626292e+00 -4.500437360555776145e+00
-1.675357535753575711e+00 -4.498991258847564012e+00
-1.674752475247525130e+00 -4.497545341182859424e+00
-1.674147414741474549e+00 -4.496099607561665046e+00
-1.673542354235423968e+00 -4.494654057983979101e+00
-1.672937293729373387e+00 -4.493208692449802477e+00
-1.672332233223322362e+00 -4.491763510959133399e+00
-1.671727172717271781e+00 -4.490318513511972753e+00
-1.671122112211221200e+00 -4.488873700108322318e+00
-1.670517051705170619e+00 -4.487429070748181203e+00
-1.669911991199120038e+00 -4.485984625431548523e+00
-1.669306930693069457e+00 -4.484540364158424275e+00
-1.668701870187018876e+00 -4.483096286928808460e+00
-1.668096809680968295e+00 -4.481652393742701967e+00
-1.667491749174917715e+00 -4.480208684600104796e+00
-1.666886688668867134e+00 -4.478765159501015169e+00
-1.666281628162816553e+00 -4.477321818445434864e+00
-1.665676567656765972e+00 -4.475878661433362993e+00
-1.665071507150715391e+00 -4.474435688464800442e+00
-1.664466446644664810e+00 -4.472992899539748102e+00
-1.663861386138614229e+00 -4.471550294658203306e+00
-1.663256325632563648e+00 -4.470107873820167832e+00
-1.662651265126513067e+00 -4.468665637025640791e+00
-1.662046204620462486e+00 -4.467223584274622183e+00
-1.661441144114411905e+00 -4.465781715567112009e+00
-1.660836083608360880e+00 -4.464340030903111156e+00
-1.660231023102310299e+00 -4.462898530282617848e+00
-1.659625962596259718e+00 -4.461457213705635638e+00
-1.659020902090209137e+00 -4.460016081172161861e+00
-1.658415841584158557e+00 -4.458575132682195630e+00
-1.657810781078107976e+00 -4.457134368235738719e+00
-1.657205720572057395e+00 -4.455693787832791131e+00
-1.656600660066006814e+00 -4.454253391473352863e+00
-1.655995599559956233e+00 -4.452813179157423029e+00
-1.655390539053905652e+00 -4.451373150885000740e+00
-1.654785478547855071e+00 -4.449933306656088661e+00
-1.654180418041804490e+00 -4.448493646470685015e+00
-1.653575357535753909e+00 -4.447054170328790690e+00
-1.652970297029703328e+00 -4.445614878230404798e+00
-1.652365236523652747e+00 -4.444175770175527340e+00
-1.651760176017602166e+00 -4.442736846164158315e+00
-1.651155115511551585e+00 -4.441298106196299500e+00
-1.650550055005501005e+00 -4.439859550271949118e+00
-1.649944994499449979e+00 -4.438421178391106281e+00
-1.649339933993399399e+00 -4.436982990553771877e+00
-1.648734873487348818e+00 -4.435544986759948571e+00
-1.648129812981298237e+00 -4.434107167009632811e+00
-1.647524752475247656e+00 -4.432669531302826371e+00
-1.646919691969197075e+00 -4.431232079639528365e+00
-1.646314631463146494e+00 -4.429794812019739680e+00
-1.645709570957095913e+00 -4.428357728443460317e+00
-1.645104510451045332e+00 -4.426920828910687611e+00
-1.644499449944994751e+00 -4.425484113421426891e+00
-1.643894389438944170e+00 -4.424047581975671939e+00
-1.643289328932893589e+00 -4.422611234573427197e+00
-1.642684268426843008e+00 -4.421175071214690888e+00
-1.642079207920792427e+00 -4.419739091899464789e+00
-1.641474147414741847e+00 -4.418303296627745347e+00
-1.640869086908691266e+00 -4.416867685399537002e+00
-1.640264026402640685e+00 -4.415432258214835315e+00
-1.639658965896590104e+00 -4.413997015073643837e+00
-1.639053905390539523e+00 -4.412561955975960792e+00
-1.638448844884488498e+00 -4.411127080921785293e+00
-1.637843784378437917e+00 -4.409692389911120003e+00
-1.637238723872387336e+00 -4.408257882943963146e+00
-1.636633663366336755e+00 -4.406823560020315611e+00
-1.636028602860286174e+00 -4.405389421140177397e+00
-1.635423542354235593e+00 -4.403955466303547617e+00
-1.634818481848185012e+00 -4.402521695510425381e+00
-1.634213421342134431e+00 -4.401088108760813356e+00
-1.633608360836083850e+00 -4.399654706054708875e+00
-1.633003300330033269e+00 -4.398221487392114604e+00
-1.632398239823982689e+00 -4.396788452773027878e+00
-1.631793179317932108e+00 -4.395355602197450473e+00
-1.631188118811881527e+00 -4.393922935665382390e+00
-1.630583058305830946e+00 -4.392490453176823628e+00
-1.629977997799780365e+00 -4.391058154731772412e+00
-1.629372937293729784e+00 -4.389626040330230516e+00
-1.628767876787679203e+00 -4.388194109972197943e+00
-1.628162816281628622e+00 -4.386762363657673802e+00
-1.627557755775577597e+00 -4.385330801386657207e+00
-1.626952695269527016e+00 -4.383899423159149933e+00
-1.626347634763476435e+00 -4.382468228975151980e+00
-1.625742574257425854e+00 -4.381037218834664237e+00
-1.625137513751375273e+00 -4.379606392737684040e+00
-1.624532453245324692e+00 -4.378175750684211387e+00
-1.623927392739274111e+00 -4.376745292674250720e+00
-1.623322332233223531e+00 -4.375315018707796710e+00
-1.622717271727172950e+00 -4.373884928784851134e+00
-1.622112211221122369e+00 -4.372455022905416655e+00
-1.621507150715071788e+00 -4.371025301069487945e+00
-1.620902090209021207e+00 -4.369595763277068556e+00
-1.620297029702970626e+00 -4.368166409528160266e+00
-1.619691969196920045e+00 -4.366737239822758632e+00
-1.619086908690869464e+00 -4.365308254160867207e+00
-1.618481848184818883e+00 -4.363879452542484216e+00
-1.617876787678768302e+00 -4.362450834967610547e+00
-1.617271727172717721e+00 -4.361022401436244422e+00
-1.616666666666667140e+00 -4.359594151948388507e+00
-1.616061606160616115e+00 -4.358166086504039249e+00
-1.615456545654565534e+00 -4.356738205103200201e+00
-1.614851485148514953e+00 -4.355310507745870474e+00
-1.614246424642464373e+00 -4.353882994432047404e+00
-1.613641364136413792e+00 -4.352455665161736320e+00
-1.613036303630363211e+00 -4.351028519934931893e+00
-1.612431243124312630e+00 -4.349601558751636787e+00
-1.611826182618262049e+00 -4.348174781611851891e+00
-1.611221122112211468e+00 -4.346748188515573652e+00
-1.610616061606160887e+00 -4.345321779462805623e+00
-1.610011001100110306e+00 -4.343895554453546026e+00
-1.609405940594059725e+00 -4.342469513487795751e+00
-1.608800880088009144e+00 -4.341043656565553022e+00
-1.608195819581958563e+00 -4.339617983686820502e+00
-1.607590759075907982e+00 -4.338192494851596415e+00
-1.606985698569857401e+00 -4.336767190059879873e+00
-1.606380638063806821e+00 -4.335342069311674429e+00
-1.605775577557756240e+00 -4.333917132606975642e+00
-1.605170517051705215e+00 -4.332492379945787064e+00
-1.604565456545654634e+00 -4.331067811328106920e+00
-1.603960396039604053e+00 -4.329643426753934321e+00
-1.603355335533553472e+00 -4.328219226223271932e+00
-1.602750275027502891e+00 -4.326795209736118863e+00
-1.602145214521452310e+00 -4.325371377292473341e+00
-1.601540154015401729e+00 -4.323947728892337139e+00
-1.600935093509351148e+00 -4.322524264535711147e+00
-1.600330033003300567e+00 -4.321100984222591812e+00
-1.599724972497249986e+00 -4.319677887952981798e+00
-1.599119911991199405e+00 -4.318254975726881995e+00
-1.598514851485148824e+00 -4.316832247544288848e+00
-1.597909790979098243e+00 -4.315409703405207686e+00
-1.597304730473047663e+00 -4.313987343309633182e+00
-1.596699669966997082e+00 -4.312565167257567111e+00
-1.596094609460946501e+00 -4.311143175249009474e+00
-1.595489548954895920e+00 -4.309721367283962046e+00
-1.594884488448845339e+00 -4.308299743362423051e+00
-1.594279427942794758e+00 -4.306878303484394266e+00
-1.593674367436743733e+00 -4.305457047649871249e+00
-1.593069306930693152e+00 -4.304035975858858443e+00
-1.592464246424642571e+00 -4.302615088111354957e+00
-1.591859185918591990e+00 -4.301194384407359017e+00
-1.591254125412541409e+00 -4.299773864746874175e+00
-1.590649064906490828e+00 -4.298353529129896877e+00
-1.590044004400440247e+00 -4.296933377556428013e+00
-1.589438943894389666e+00 -4.295513410026468470e+00
-1.588833883388339085e+00 -4.294093626540017361e+00
-1.588228822882288505e+00 -4.292674027097075573e+00
-1.587623762376237924e+00 -4.291254611697641330e+00
-1.587018701870187343e+00 -4.289835380341718185e+00
-1.586413641364136762e+00 -4.288416333029301697e+00
-1.585808580858086181e+00 -4.286997469760395418e+00
-1.585203520352035600e+00 -4.285578790534998461e+00
-1.584598459845985019e+00 -4.284160295353108161e+00
-1.583993399339934438e+00 -4.282741984214728959e+00
-1.583388338833883857e+00 -4.281323857119858189e+00
-1.582783278327832832e+00 -4.279905914068494077e+00
-1.582178217821782251e+00 -4.278488155060640175e+00
-1.581573157315731670e+00 -4.277070580096295593e+00
-1.580968096809681089e+00 -4.275653189175459445e+00
-1.580363036303630508e+00 -4.274235982298131731e+00
-1.579757975797579928e+00 -4.272818959464313338e+00
-1.579152915291529347e+00 -4.271402120674003378e+00
-1.578547854785478766e+00 -4.269985465927203627e+00
-1.577942794279428185e+00 -4.268568995223910534e+00
-1.577337733773377604e+00 -4.267152708564128538e+00
-1.576732673267327023e+00 -4.265736605947854088e+00
-1.576127612761276442e+00 -4.264320687375088070e+00
-1.575522552255225861e+00 -4.262904952845831374e+00
-1.574917491749175280e+00 -4.261489402360084000e+00
-1.574312431243124699e+00 -4.260074035917845947e+00
-1.573707370737074118e+00 -4.258658853519114551e+00
-1.573102310231023537e+00 -4.257243855163893365e+00
-1.572497249724972956e+00 -4.255829040852180611e+00
-1.571892189218921931e+00 -4.254414410583976291e+00
-1.571287128712871350e+00 -4.252999964359282181e+00
-1.570682068206820770e+00 -4.251585702178095616e+00
-1.570077007700770189e+00 -4.250171624040417484e+00
-1.569471947194719608e+00 -4.248757729946250450e+00
-1.568866886688669027e+00 -4.247344019895590073e+00
-1.568261826182618446e+00 -4.245930493888439017e+00
-1.567656765676567865e+00 -4.244517151924797282e+00
-1.567051705170517284e+00 -4.243103994004663981e+00
-1.566446644664466703e+00 -4.241691020128039114e+00
-1.565841584158416122e+00 -4.240278230294924455e+00
-1.565236523652365541e+00 -4.238865624505316454e+00
-1.564631463146314960e+00 -4.237453202759219550e+00
-1.564026402640264379e+00 -4.236040965056630192e+00
-1.563421342134213798e+00 -4.234628911397550155e+00
-1.562816281628163217e+00 -4.233217041781978551e+00
-1.562211221122112637e+00 -4.231805356209917157e+00
-1.561606160616062056e+00 -4.230393854681362420e+00
-1.561001100110011475e+00 -4.228982537196317892e+00
-1.560396039603960450e+00 -4.227571403754779134e+00
-1.559790979097909869e+00 -4.226160454356753249e+00
-1.559185918591859288e+00 -4.224749689002234909e+00
-1.558580858085808707e+00 -4.223339107691225003e+00
-1.557975797579758126e+00 -4.221928710423724418e+00
-1.557370737073707545e+00 -4.220518497199732266e+00
-1.556765676567656964e+00 -4.219108468019248548e+00
-1.556160616061606383e+00 -4.217698622882274151e+00
-1.555555555555555802e+00 -4.216288961788809075e+00
-1.554950495049505221e+00 -4.214879484738852433e+00
-1.554345434543454640e+00 -4.213470191732404224e+00
-1.553740374037404059e+00 -4.212061082769465337e+00
-1.553135313531353479e+00 -4.210652157850035771e+00
-1.552530253025302898e+00 -4.209243416974112861e+00
-1.551925192519252317e+00 -4.207834860141701938e+00
-1.551320132013201736e+00 -4.206426487352797672e+00
-1.550715071507151155e+00 -4.205018298607401839e+00
-1.550110011001100574e+00 -4.203610293905516215e+00
-1.549504950495049549e+00 -4.202202473247137249e+00
-1.548899889988998968e+00 -4.200794836632269380e+00
-1.548294829482948387e+00 -4.199387384060909945e+00
-1.547689768976897806e+00 -4.197980115533058942e+00
-1.547084708470847225e+00 -4.196573031048717262e+00
-1.546479647964796644e+00 -4.195166130607883126e+00
-1.545874587458746063e+00 -4.193759414210559200e+00
-1.545269526952695482e+00 -4.192352881856743707e+00
-1.544664466446644902e+00 -4.190946533546437536e+00
-1.544059405940594321e+00 -4.189540369279638909e+00
-1.543454345434543740e+00 -4.188134389056350493e+00
-1.542849284928493159e+00 -4.186728592876569621e+00
-1.542244224422442578e+00 -4.185322980740298071e+00
-1.541639163916391997e+00 -4.183917552647535842e+00
-1.541034103410341416e+00 -4.182512308598282047e+00
-1.540429042904290835e+00 -4.181107248592536685e+00
-1.539823982398240254e+00 -4.179702372630301532e+00
-1.539218921892189673e+00 -4.178297680711573925e+00
-1.538613861386139092e+00 -4.176893172836353862e+00
-1.538008800880088067e+00 -4.175488849004644898e+00
-1.537403740374037486e+00 -4.174084709216443478e+00
-1.536798679867986905e+00 -4.172680753471752269e+00
-1.536193619361936324e+00 -4.171276981770568604e+00
-1.535588558855885744e+00 -4.169873394112894260e+00
-1.534983498349835163e+00 -4.168469990498728350e+00
-1.534378437843784582e+00 -4.167066770928070873e+00
-1.533773377337734001e+00 -4.165663735400923606e+00
-1.533168316831683420e+00 -4.164260883917284772e+00
-1.532563256325632839e+00 -4.162858216477154372e+00
-1.531958195819582258e+00 -4.161455733080532404e+00
-1.531353135313531677e+00 -4.160053433727419758e+00
-1.530748074807481096e+00 -4.158651318417816434e+00
-1.530143014301430515e+00 -4.157249387151721542e+00
-1.529537953795379934e+00 -4.155847639929135084e+00
-1.528932893289329353e+00 -4.154446076750057948e+00
-1.528327832783278772e+00 -4.153044697614490133e+00
-1.527722772277228191e+00 -4.151643502522429863e+00
-1.527117711771177166e+00 -4.150242491473878026e+00
-1.526512651265126586e+00 -4.148841664468836399e+00
-1.525907590759076005e+00 -4.147441021507303205e+00
-1.525302530253025424e+00 -4.146040562589278444e+00
-1.524697469746974843e+00 -4.144640287714763005e+00
-1.524092409240924262e+00 -4.143240196883755999e+00
-1.523487348734873681e+00 -4.141840290096258315e+00
-1.522882288228823100e+00 -4.140440567352269063e+00
-1.522277227722772519e+00 -4.139041028651788245e+00
-1.521672167216721938e+00 -4.137641673994816749e+00
-1.521067106710671357e+00 -4.136242503381354574e+00
-1.520462046204620776e+00 -4.134843516811399944e+00
-1.519856985698570195e+00 -4.133444714284955523e+00
-1.519251925192519614e+00 -4.132046095802019536e+00
-1.518646864686469034e+00 -4.130647661362591982e+00
-1.518041804180418453e+00 -4.129249410966673750e+00
-1.517436743674367872e+00 -4.127851344614263951e+00
-1.516831683168317291e+00 -4.126453462305363473e+00
-1.516226622662266710e+00 -4.125055764039970541e+00
-1.515621562156215685e+00 -4.123658249818086929e+00
-1.515016501650165104e+00 -4.122260919639712640e+00
-1.514411441144114523e+00 -4.120863773504846783e+00
-1.513806380638063942e+00 -4.119466811413489360e+00
-1.513201320132013361e+00 -4.118070033365642146e+00
-1.512596259625962780e+00 -4.116673439361302478e+00
-1.511991199119912199e+00 -4.115277029400472131e+00
-1.511386138613861618e+00 -4.113880803483151105e+00
-1.510781078107811037e+00 -4.112484761609338513e+00
-1.510176017601760456e+00 -4.111088903779034354e+00
-1.509570957095709876e+00 -4.109693229992239516e+00
-1.508965896589659295e+00 -4.108297740248953112e+00
-1.508360836083608714e+00 -4.106902434549176029e+00
-1.507755775577558133e+00 -4.105507312892907379e+00
-1.507150715071507552e+00 -4.104112375280148051e+00
-1.506545654565456971e+00 -4.102717621710897156e+00
-1.505940594059406390e+00 -4.101323052185154694e+00
-1.505335533553355809e+00 -4.099928666702921554e+00
-1.504730473047304784e+00 -4.098534465264195958e+00
-1.504125412541254203e+00 -4.097140447868980573e+00
-1.503520352035203622e+00 -4.095746614517273620e+00
-1.502915291529153041e+00 -4.094352965209075990e+00
-1.502310231023102460e+00 -4.092959499944386792e+00
-1.501705170517051879e+00 -4.091566218723206916e+00
-1.501100110011001298e+00 -4.090173121545534585e+00
-1.500495049504950718e+00 -4.088780208411372463e+00
-1.499889988998900137e+00 -4.087387479320718775e+00
-1.499284928492849556e+00 -4.085994934273573520e+00
-1.498679867986798975e+00 -4.084602573269936698e+00
-1.498074807480748394e+00 -4.083210396309810086e+00
-1.497469746974697813e+00 -4.081818403393191019e+00
-1.496864686468647232e+00 -4.080426594520081274e+00
-1.496259625962596651e+00 -4.079034969690480850e+00
-1.495654565456546070e+00 -4.077643528904387971e+00
-1.495049504950495489e+00 -4.076252272161805301e+00
-1.494444444444444908e+00 -4.074861199462731065e+00
-1.493839383938394327e+00 -4.073470310807164374e+00
-1.493234323432343302e+00 -4.072079606195107004e+00
-1.492629262926292721e+00 -4.070689085626558956e+00
-1.492024202420242140e+00 -4.069298749101520229e+00
-1.491419141914191560e+00 -4.067908596619989048e+00
-1.490814081408140979e+00 -4.066518628181968076e+00
-1.490209020902090398e+00 -4.065128843787455537e+00
-1.489603960396039817e+00 -4.063739243436452320e+00
-1.488998899889989236e+00 -4.062349827128956647e+00
-1.488393839383938655e+00 -4.060960594864970297e+00
-1.487788778877888074e+00 -4.059571546644493267e+00
-1.487183718371837493e+00 -4.058182682467524671e+00
-1.486578657865786912e+00 -4.056794002334064508e+00
-1.485973597359736331e+00 -4.055405506244113667e+00
-1.485368536853685750e+00 -4.054017194197671259e+00
-1.484763476347635169e+00 -4.052629066194738172e+00
-1.484158415841584588e+00 -4.051241122235314407e+00
-1.483553355335534008e+00 -4.049853362319398187e+00
-1.482948294829483427e+00 -4.048465786446991288e+00
-1.482343234323432402e+00 -4.047078394618092823e+00
-1.481738173817381821e+00 -4.045691186832702790e+00
-1.481133113311331240e+00 -4.044304163090822968e+00
-1.480528052805280659e+00 -4.042917323392451578e+00
-1.479922992299230078e+00 -4.041530667737588622e+00
-1.479317931793179497e+00 -4.040144196126234988e+00
-1.478712871287128916e+00 -4.038757908558389786e+00
-1.478107810781078335e+00 -4.037371805034053907e+00
-1.477502750275027754e+00 -4.035985885553226460e+00
-1.476897689768977173e+00 -4.034600150115907446e+00
-1.476292629262926592e+00 -4.033214598722097755e+00
-1.475687568756876011e+00 -4.031829231371796496e+00
-1.475082508250825430e+00 -4.030444048065004559e+00
-1.474477447744774850e+00 -4.029059048801721055e+00
-1.473872387238724269e+00 -4.027674233581947760e+00
-1.473267326732673688e+00 -4.026289602405681123e+00
-1.472662266226623107e+00 -4.024905155272923807e+00
-1.472057205720572526e+00 -4.023520892183676700e+00
-1.471452145214521945e+00 -4.022136813137937139e+00
-1.470847084708470920e+00 -4.020752918135706011e+00
-1.470242024202420339e+00 -4.019369207176984204e+00
-1.469636963696369758e+00 -4.017985680261771719e+00
-1.469031903190319177e+00 -4.016602337390068556e+00
-1.468426842684268596e+00 -4.015219178561872937e+00
-1.467821782178218015e+00 -4.013836203777186640e+00
-1.467216721672167434e+00 -4.012453413036009664e+00
-1.466611661166116853e+00 -4.011070806338340233e+00
-1.466006600660066272e+00 -4.009688383684180124e+00
-1.465401540154015692e+00 -4.008306145073530224e+00
-1.464796479647965111e+00 -4.006924090506387870e+00
-1.464191419141914530e+00 -4.005542219982753949e+00
-1.463586358635863949e+00 -4.004160533502630237e+00
-1.462981298129813368e+00 -4.002779031066014070e+00
-1.462376237623762787e+00 -4.001397712672907225e+00
-1.461771177117712206e+00 -4.000016578323309702e+00
-1.461166116611661625e+00 -3.998635628017220167e+00
-1.460561056105611044e+00 -3.997254861754639954e+00
-1.459955995599560019e+00 -3.995874279535566842e+00
-1.459350935093509438e+00 -3.994493881360004384e+00
-1.458745874587458857e+00 -3.993113667227950803e+00
-1.458140814081408276e+00 -3.991733637139405655e+00
-1.457535753575357695e+00 -3.990353791094368496e+00
-1.456930693069307114e+00 -3.988974129092841547e+00
-1.456325632563256534e+00 -3.987594651134823032e+00
-1.455720572057205953e+00 -3.986215357220313393e+00
-1.455115511551155372e+00 -3.984836247349312632e+00
-1.454510451045104791e+00 -3.983457321521820305e+00
-1.453905390539054210e+00 -3.982078579737837298e+00
-1.453300330033003629e+00 -3.980700021997362725e+00
-1.452695269526953048e+00 -3.979321648300396586e+00
-1.452090209020902467e+00 -3.977943458646939767e+00
-1.451485148514851886e+00 -3.976565453036992270e+00
-1.450880088008801305e+00 -3.975187631470553207e+00
-1.450275027502750724e+00 -3.973809993947622132e+00
-1.449669966996700143e+00 -3.972432540468200823e+00
-1.449064906490649118e+00 -3.971055271032286615e+00
-1.448459845984598537e+00 -3.969678185639883061e+00
-1.447854785478547957e+00 -3.968301284290987940e+00
-1.447249724972497376e+00 -3.966924566985602141e+00
-1.446644664466446795e+00 -3.965548033723724330e+00
-1.446039603960396214e+00 -3.964171684505355842e+00
-1.445434543454345633e+00 -3.962795519330495786e+00
-1.444829482948295052e+00 -3.961419538199145052e+00
-1.444224422442244471e+00 -3.960043741111302307e+00
-1.443619361936193890e+00 -3.958668128066968883e+00
-1.443014301430143309e+00 -3.957292699066144781e+00
-1.442409240924092728e+00 -3.955917454108828668e+00
-1.441804180418042147e+00 -3.954542393195021877e+00
-1.441199119911991566e+00 -3.953167516324724406e+00
-1.440594059405940985e+00 -3.951792823497935370e+00
-1.439988998899890404e+00 -3.950418314714654322e+00
-1.439383938393839824e+00 -3.949043989974882152e+00
-1.438778877887789243e+00 -3.947669849278619747e+00
-1.438173817381738662e+00 -3.946295892625866220e+00
-1.437568756875687637e+00 -3.944922120016620237e+00
-1.436963696369637056e+00 -3.943548531450883576e+00
-1.436358635863586475e+00 -3.942175126928656237e+00
-1.435753575357535894e+00 -3.940801906449937331e+00
-1.435148514851485313e+00 -3.939428870014727746e+00
-1.434543454345434732e+00 -3.938056017623026595e+00
-1.433938393839384151e+00 -3.936683349274834320e+00
-1.433333333333333570e+00 -3.935310864970151368e+00
-1.432728272827282989e+00 -3.933938564708977292e+00
-1.432123212321232408e+00 -3.932566448491310762e+00
-1.431518151815181827e+00 -3.931194516317154442e+00
-1.430913091309131246e+00 -3.929822768186506554e+00
-1.430308030803080666e+00 -3.928451204099367100e+00
-1.429702970297030085e+00 -3.927079824055736079e+00
-1.429097909790979504e+00 -3.925708628055614824e+00
-1.428492849284928923e+00 -3.924337616099002002e+00
-1.427887788778878342e+00 -3.922966788185898057e+00
-1.427282728272827761e+00 -3.921596144316302990e+00
-1.426677667766776736e+00 -3.920225684490215912e+00
-1.426072607260726155e+00 -3.918855408707638155e+00
-1.425467546754675574e+00 -3.917485316968569720e+00
-1.424862486248624993e+00 -3.916115409273009274e+00
-1.424257425742574412e+00 -3.914745685620958149e+00
-1.423652365236523831e+00 -3.913376146012416346e+00
-1.423047304730473250e+00 -3.912006790447383420e+00
-1.422442244224422669e+00 -3.910637618925858483e+00
-1.421837183718372088e+00 -3.909268631447842424e+00
-1.421232123212321508e+00 -3.907899828013336130e+00
-1.420627062706270927e+00 -3.906531208622337381e+00
-1.420022002200220346e+00 -3.905162773274848398e+00
-1.419416941694169765e+00 -3.903794521970867848e+00
-1.418811881188119184e+00 -3.902426454710396175e+00
-1.418206820682068603e+00 -3.901058571493433380e+00
-1.417601760176018022e+00 -3.899690872319979906e+00
-1.416996699669967441e+00 -3.898323357190033978e+00
-1.416391639163916860e+00 -3.896956026103598258e+00
-1.415786578657866279e+00 -3.895588879060670973e+00
-1.415181518151815254e+00 -3.894221916061251676e+00
-1.414576457645764673e+00 -3.892855137105340813e+00
-1.413971397139714092e+00 -3.891488542192940159e+00
-1.413366336633663511e+00 -3.890122131324047938e+00
-1.412761276127612931e+00 -3.888755904498664151e+00
-1.412156215621562350e+00 -3.887389861716789685e+00
-1.411551155115511769e+00 -3.886024002978424097e+00
-1.410946094609461188e+00 -3.884658328283567830e+00
-1.410341034103410607e+00 -3.883292837632219108e+00
-1.409735973597360026e+00 -3.881927531024379263e+00
-1.409130913091309445e+00 -3.880562408460049184e+00
-1.408525852585258864e+00 -3.879197469939227538e+00
-1.407920792079208283e+00 -3.877832715461915214e+00
-1.407315731573157702e+00 -3.876468145028110879e+00
-1.406710671067107121e+00 -3.875103758637815421e+00
-1.406105610561056540e+00 -3.873739556291029729e+00
-1.405500550055005959e+00 -3.872375537987752470e+00
-1.404895489548955378e+00 -3.871011703727983644e+00
-1.404290429042904353e+00 -3.869648053511722807e+00
-1.403685368536853773e+00 -3.868284587338971292e+00
-1.403080308030803192e+00 -3.866921305209729542e+00
-1.402475247524752611e+00 -3.865558207123996226e+00
-1.401870187018702030e+00 -3.864195293081771343e+00
-1.401265126512651449e+00 -3.862832563083055781e+00
-1.400660066006600868e+00 -3.861470017127848653e+00
-1.400055005500550287e+00 -3.860107655216149958e+00
-1.399449944994499706e+00 -3.858745477347961028e+00
-1.398844884488449125e+00 -3.857383483523280532e+00
-1.398239823982398544e+00 -3.856021673742108913e+00
-1.397634763476347963e+00 -3.854660048004446171e+00
-1.397029702970297382e+00 -3.853298606310292307e+00
-1.396424642464246801e+00 -3.851937348659647320e+00
-1.395819581958196220e+00 -3.850576275052510322e+00
-1.395214521452145640e+00 -3.849215385488882646e+00
-1.394609460946095059e+00 -3.847854679968763847e+00
-1.394004400440044478e+00 -3.846494158492154813e+00
-1.393399339933993897e+00 -3.845133821059053769e+00
-1.392794279427942872e+00 -3.843773667669460270e+00
-1.392189218921892291e+00 -3.842413698323376536e+00
-1.391584158415841710e+00 -3.841053913020802124e+00
-1.390979097909791129e+00 -3.839694311761736589e+00
-1.390374037403740548e+00 -3.838334894546179488e+00
-1.389768976897689967e+00 -3.836975661374130819e+00
-1.389163916391639386e+00 -3.835616612245591917e+00
-1.388558855885588805e+00 -3.834257747160561447e+00
-1.387953795379538224e+00 -3.832899066119039855e+00
-1.387348734873487643e+00 -3.831540569121027584e+00
-1.386743674367437063e+00 -3.830182256166523302e+00
-1.386138613861386482e+00 -3.828824127255528342e+00
-1.385533553355335901e+00 -3.827466182388041815e+00
-1.384928492849285320e+00 -3.826108421564064610e+00
-1.384323432343234739e+00 -3.824750844783595394e+00
-1.383718371837184158e+00 -3.823393452046635499e+00
-1.383113311331133577e+00 -3.822036243353184926e+00
-1.382508250825082996e+00 -3.820679218703242341e+00
-1.381903190319031971e+00 -3.819322378096807746e+00
-1.381298129812981390e+00 -3.817965721533883361e+00
-1.380693069306930809e+00 -3.816609249014467409e+00
-1.380088008800880228e+00 -3.815252960538560778e+00
-1.379482948294829647e+00 -3.813896856106162137e+00
-1.378877887788779066e+00 -3.812540935717272816e+00
-1.378272827282728485e+00 -3.811185199371893262e+00
-1.377667766776677905e+00 -3.809829647070020808e+00
-1.377062706270627324e+00 -3.808474278811658564e+00
-1.376457645764576743e+00 -3.807119094596804310e+00
-1.375852585258526162e+00 -3.805764094425458488e+00
-1.375247524752475581e+00 -3.804409278297622876e+00
-1.374642464246425000e+00 -3.803054646213294809e+00
-1.374037403740374419e+00 -3.801700198172476064e+00
-1.373432343234323838e+00 -3.800345934175166196e+00
-1.372827282728273257e+00 -3.798991854221365649e+00
-1.372222222222222676e+00 -3.797637958311073092e+00
-1.371617161716172095e+00 -3.796284246444288968e+00
-1.371012101210121514e+00 -3.794930718621015497e+00
-1.370407040704070489e+00 -3.793577374841247796e+00
-1.369801980198019908e+00 -3.792224215104991636e+00
-1.369196919691969327e+00 -3.790871239412243021e+00
-1.368591859185918747e+00 -3.789518447763003728e+00
-1.367986798679868166e+00 -3.788165840157272868e+00
-1.367381738173817585e+00 -3.786813416595051329e+00
-1.366776677667767004e+00 -3.785461177076338224e+00
-1.366171617161716423e+00 -3.784109121601134440e+00
-1.365566556655665842e+00 -3.782757250169439089e+00
-1.364961496149615261e+00 -3.781405562781253060e+00
-1.364356435643564680e+00 -3.780054059436575464e+00
-1.363751375137514099e+00 -3.778702740135405858e+00
-1.363146314631463518e+00 -3.777351604877746460e+00
-1.362541254125412937e+00 -3.776000653663595941e+00
-1.361936193619362356e+00 -3.774649886492953854e+00
-1.361331133113311775e+00 -3.773299303365820201e+00
-1.360726072607261194e+00 -3.771948904282195425e+00
-1.360121012101210614e+00 -3.770598689242079082e+00
-1.359515951595159589e+00 -3.769248658245471617e+00
-1.358910891089109008e+00 -3.767898811292372585e+00
-1.358305830583058427e+00 -3.766549148382783763e+00
-1.357700770077007846e+00 -3.765199669516703374e+00
-1.357095709570957265e+00 -3.763850374694131418e+00
-1.356490649064906684e+00 -3.762501263915068783e+00
-1.355885588558856103e+00 -3.761152337179515470e+00
-1.355280528052805522e+00 -3.759803594487468814e+00
-1.354675467546754941e+00 -3.758455035838932812e+00
-1.354070407040704360e+00 -3.757106661233905687e+00
-1.353465346534653779e+00 -3.755758470672386551e+00
-1.352860286028603198e+00 -3.754410464154377181e+00
-1.352255225522552617e+00 -3.753062641679875355e+00
-1.351650165016502037e+00 -3.751715003248882851e+00
-1.351045104510451456e+00 -3.750367548861399669e+00
-1.350440044004400875e+00 -3.749020278517425808e+00
-1.349834983498350294e+00 -3.747673192216959492e+00
-1.349229922992299713e+00 -3.746326289960002498e+00
-1.348624862486248688e+00 -3.744979571746553049e+00
-1.348019801980198107e+00 -3.743633037576614253e+00
-1.347414741474147526e+00 -3.742286687450183447e+00
-1.346809680968096945e+00 -3.740940521367261518e+00
-1.346204620462046364e+00 -3.739594539327848466e+00
-1.345599559955995783e+00 -3.738248741331944291e+00
-1.344994499449945202e+00 -3.736903127379549439e+00
-1.344389438943894621e+00 -3.735557697470663019e+00
-1.343784378437844040e+00 -3.734212451605285921e+00
-1.343179317931793459e+00 -3.732867389783416812e+00
-1.342574257425742879e+00 -3.731522512005056136e+00
-1.341969196919692298e+00 -3.730177818270205670e+00
-1.341364136413641717e+00 -3.728833308578862749e+00
-1.340759075907591136e+00 -3.727488982931029149e+00
-1.340154015401540555e+00 -3.726144841326704871e+00
-1.339548954895489974e+00 -3.724800883765889026e+00
-1.338943894389439393e+00 -3.723457110248582502e+00
-1.338338833883388812e+00 -3.722113520774783968e+00
-1.337733773377338231e+00 -3.720770115344494755e+00
-1.337128712871287206e+00 -3.719426893957713087e+00
-1.336523652365236625e+00 -3.718083856614440741e+00
-1.335918591859186044e+00 -3.716741003314678160e+00
-1.335313531353135463e+00 -3.715398334058424457e+00
-1.334708470847084882e+00 -3.714055848845678742e+00
-1.334103410341034301e+00 -3.712713547676442793e+00
-1.333498349834983721e+00 -3.711371430550714834e+00
-1.332893289328933140e+00 -3.710029497468496640e+00
-1.332288228822882559e+00 -3.708687748429785991e+00
-1.331683168316831978e+00 -3.707346183434585107e+00
-1.331078107810781397e+00 -3.706004802482892657e+00
-1.330473047304730816e+00 -3.704663605574709084e+00
-1.329867986798680235e+00 -3.703322592710034833e+00
-1.329262926292629654e+00 -3.701981763888868571e+00
-1.328657865786579073e+00 -3.700641119111211630e+00
-1.328052805280528492e+00 -3.699300658377063566e+00
-1.327447744774477911e+00 -3.697960381686423936e+00
-1.326842684268427330e+00 -3.696620289039293183e+00
-1.326237623762376305e+00 -3.695280380435670864e+00
-1.325632563256325724e+00 -3.693940655875557866e+00
-1.325027502750275143e+00 -3.692601115358953745e+00
-1.324422442244224563e+00 -3.691261758885858502e+00
-1.323817381738173982e+00 -3.689922586456271691e+00
-1.323212321232123401e+00 -3.688583598070194647e+00
-1.322607260726072820e+00 -3.687244793727625591e+00
-1.322002200220022239e+00 -3.685906173428565857e+00
-1.321397139713971658e+00 -3.684567737173015001e+00
-1.320792079207921077e+00 -3.683229484960972577e+00
-1.320187018701870496e+00 -3.681891416792439031e+00
-1.319581958195819915e+00 -3.680553532667413918e+00
-1.318976897689769334e+00 -3.679215832585898127e+00
-1.318371837183718753e+00 -3.677878316547890769e+00
-1.317766776677668172e+00 -3.676540984553392732e+00
-1.317161716171617591e+00 -3.675203836602403129e+00
-1.316556655665567011e+00 -3.673866872694922847e+00
-1.315951595159516430e+00 -3.672530092830950998e+00
-1.315346534653465849e+00 -3.671193497010488027e+00
-1.314741474147414824e+00 -3.669857085233533045e+00
-1.314136413641364243e+00 -3.668520857500087828e+00
-1.313531353135313662e+00 -3.667184813810150601e+00
-1.312926292629263081e+00 -3.665848954163723583e+00
-1.312321232123212500e+00 -3.664513278560804999e+00
-1.311716171617161919e+00 -3.663177787001394847e+00
-1.311111111111111338e+00 -3.661842479485493129e+00
-1.310506050605060757e+00 -3.660507356013100733e+00
-1.309900990099010176e+00 -3.659172416584217657e+00
-1.309295929592959595e+00 -3.657837661198843016e+00
-1.308690869086909014e+00 -3.656503089856976807e+00
-1.308085808580858433e+00 -3.655168702558620364e+00
-1.307480748074807853e+00 -3.653834499303771466e+00
-1.306875687568757272e+00 -3.652500480092432333e+00
-1.306270627062706691e+00 -3.651166644924601634e+00
-1.305665566556656110e+00 -3.649832993800279368e+00
-1.305060506050605529e+00 -3.648499526719466424e+00
-1.304455445544554948e+00 -3.647166243682162801e+00
-1.303850385038503923e+00 -3.645833144688366723e+00
-1.303245324532453342e+00 -3.644500229738079966e+00
-1.302640264026402761e+00 -3.643167498831302531e+00
-1.302035203520352180e+00 -3.641834951968033529e+00
-1.301430143014301599e+00 -3.640502589148272961e+00
-1.300825082508251018e+00 -3.639170410372022602e+00
-1.300220022002200437e+00 -3.637838415639279344e+00
-1.299614961496149856e+00 -3.636506604950046295e+00
-1.299009900990099275e+00 -3.635174978304322124e+00
-1.298404840484048695e+00 -3.633843535702105498e+00
-1.297799779977998114e+00 -3.632512277143398638e+00
-1.297194719471947533e+00 -3.631181202628200211e+00
-1.296589658965896952e+00 -3.629850312156510661e+00
-1.295984598459846371e+00 -3.628519605728330433e+00
-1.295379537953795790e+00 -3.627189083343658638e+00
-1.294774477447745209e+00 -3.625858745002495720e+00
-1.294169416941694628e+00 -3.624528590704841680e+00
-1.293564356435644047e+00 -3.623198620450696517e+00
-1.292959295929593466e+00 -3.621868834240060231e+00
-1.292354235423542441e+00 -3.620539232072931490e+00
-1.291749174917491860e+00 -3.619209813949312071e+00
-1.291144114411441279e+00 -3.617880579869201974e+00
-1.290539053905390698e+00 -3.616551529832600753e+00
-1.289933993399340117e+00 -3.615222663839508854e+00
-1.289328932893289537e+00 -3.613893981889924945e+00
-1.288723872387238956e+00 -3.612565483983850356e+00
-1.288118811881188375e+00 -3.611237170121284201e+00
-1.287513751375137794e+00 -3.609909040302227368e+00
-1.286908690869087213e+00 -3.608581094526678967e+00
-1.286303630363036632e+00 -3.607253332794639000e+00
-1.285698569856986051e+00 -3.605925755106108355e+00
-1.285093509350935470e+00 -3.604598361461087030e+00
-1.284488448844884889e+00 -3.603271151859574140e+00
-1.283883388338834308e+00 -3.601944126301569682e+00
-1.283278327832783727e+00 -3.600617284787074546e+00
-1.282673267326733146e+00 -3.599290627316087843e+00
-1.282068206820682565e+00 -3.597964153888610461e+00
-1.281463146314631540e+00 -3.596637864504640625e+00
-1.280858085808580960e+00 -3.595311759164180110e+00
-1.280253025302530379e+00 -3.593985837867228916e+00
-1.279647964796479798e+00 -3.592660100613787044e+00
-1.279042904290429217e+00 -3.591334547403853161e+00
-1.278437843784378636e+00 -3.590009178237428600e+00
-1.277832783278328055e+00 -3.588683993114512027e+00
-1.277227722772277474e+00 -3.587358992035105665e+00
-1.276622662266226893e+00 -3.586034174999206847e+00
-1.276017601760176312e+00 -3.584709542006817351e+00
-1.275412541254125731e+00 -3.583385093057937176e+00
-1.274807480748075150e+00 -3.582060828152565435e+00
-1.274202420242024569e+00 -3.580736747290702127e+00
-1.273597359735973988e+00 -3.579412850472348140e+00
-1.272992299229923407e+00 -3.578089137697502586e+00
-1.272387238723872827e+00 -3.576765608966165910e+00
-1.271782178217822246e+00 -3.575442264278338556e+00
-1.271177117711771665e+00 -3.574119103634019634e+00
-1.270572057205721084e+00 -3.572796127033209146e+00
-1.269966996699670059e+00 -3.571473334475907535e+00
-1.269361936193619478e+00 -3.570150725962114358e+00
-1.268756875687568897e+00 -3.568828301491831390e+00
-1.268151815181518316e+00 -3.567506061065056855e+00
-1.267546754675467735e+00 -3.566184004681790753e+00
-1.266941694169417154e+00 -3.564862132342033973e+00
-1.266336633663366573e+00 -3.563540444045785183e+00
-1.265731573157315992e+00 -3.562218939793045713e+00
-1.265126512651265411e+00 -3.560897619583815121e+00
-1.264521452145214830e+00 -3.559576483418092963e+00
-1.263916391639164249e+00 -3.558255531295880125e+00
-1.263311331133113669e+00 -3.556934763217175721e+00
-1.262706270627063088e+00 -3.555614179181980639e+00
-1.262101210121012507e+00 -3.554293779190293989e+00
-1.261496149614961926e+00 -3.552973563242116217e+00
-1.260891089108911345e+00 -3.551653531337447767e+00
-1.260286028602860764e+00 -3.550333683476287305e+00
-1.259680968096810183e+00 -3.549014019658636165e+00
-1.259075907590759158e+00 -3.547694539884492571e+00
-1.258470847084708577e+00 -3.546375244153859629e+00
-1.257865786578657996e+00 -3.545056132466735122e+00
-1.257260726072607415e+00 -3.543737204823118159e+00
-1.256655665566556834e+00 -3.542418461223011406e+00
-1.256050605060506253e+00 -3.541099901666413086e+00
-1.255445544554455672e+00 -3.539781526153323199e+00
-1.254840484048405091e+00 -3.538463334683743078e+00
-1.254235423542354511e+00 -3.537145327257671390e+00
-1.253630363036303930e+00 -3.535827503875107691e+00
-1.253025302530253349e+00 -3.534509864536053758e+00
-1.252420242024202768e+00 -3.533192409240508258e+00
-1.251815181518152187e+00 -3.531875137988471636e+00
-1.251210121012101606e+00 -3.530558050779943891e+00
-1.250605060506051025e+00 -3.529241147614925467e+00
-1.250000000000000444e+00 -3.527924428493415476e+00
-1.249394939493949863e+00 -3.526607893415413919e+00
-1.248789878987899282e+00 -3.525291542380920795e+00
-1.248184818481848701e+00 -3.523975375389937881e+00
-1.247579757975797676e+00 -3.522659392442461623e+00
-1.246974697469747095e+00 -3.521343593538495576e+00
-1.246369636963696514e+00 -3.520027978678038849e+00
-1.245764576457645934e+00 -3.518712547861090112e+00
-1.245159515951595353e+00 -3.517397301087650696e+00
-1.244554455445544772e+00 -3.516082238357720158e+00
-1.243949394939494191e+00 -3.514767359671298497e+00
-1.243344334433443610e+00 -3.513452665028385269e+00
-1.242739273927393029e+00 -3.512138154428980918e+00
-1.242134213421342448e+00 -3.510823827873085889e+00
-1.241529152915291867e+00 -3.509509685360698850e+00
-1.240924092409241286e+00 -3.508195726891821131e+00
-1.240319031903190705e+00 -3.506881952466453178e+00
-1.239713971397140124e+00 -3.505568362084591882e+00
-1.239108910891089543e+00 -3.504254955746240796e+00
-1.238503850385038962e+00 -3.502941733451399031e+00
-1.237898789878988381e+00 -3.501628695200064811e+00
-1.237293729372937801e+00 -3.500315840992240357e+00
-1.236688668866886776e+00 -3.499003170827923448e+00
-1.236083608360836195e+00 -3.497690684707115416e+00
-1.235478547854785614e+00 -3.496378382629818038e+00
-1.234873487348735033e+00 -3.495066264596027761e+00
-1.234268426842684452e+00 -3.493754330605747249e+00
-1.233663366336633871e+00 -3.492442580658976059e+00
-1.233058305830583290e+00 -3.491131014755712414e+00
-1.232453245324532709e+00 -3.489819632895958534e+00
-1.231848184818482128e+00 -3.488508435079713088e+00
-1.231243124312431547e+00 -3.487197421306975631e+00
-1.230638063806380966e+00 -3.485886591577748383e+00
-1.230033003300330385e+00 -3.484575945892029569e+00
-1.229427942794279804e+00 -3.483265484249819188e+00
-1.228822882288229223e+00 -3.481955206651118129e+00
-1.228217821782178643e+00 -3.480645113095925947e+00
-1.227612761276128062e+00 -3.479335203584241754e+00
-1.227007700770077481e+00 -3.478025478116067326e+00
-1.226402640264026900e+00 -3.476715936691401332e+00
-1.225797579757975875e+00 -3.475406579310242883e+00
-1.225192519251925294e+00 -3.474097405972594643e+00
-1.224587458745874713e+00 -3.472788416678455725e+00
-1.223982398239824132e+00 -3.471479611427824352e+00
-1.223377337733773551e+00 -3.470170990220702745e+00
-1.222772277227722970e+00 -3.468862553057089571e+00
-1.222167216721672389e+00 -3.467554299936985274e+00
-1.221562156215621808e+00 -3.466246230860389854e+00
-1.220957095709571227e+00 -3.464938345827302868e+00
-1.220352035203520646e+00 -3.463630644837725647e+00
-1.219746974697470066e+00 -3.462323127891655972e+00
-1.219141914191419485e+00 -3.461015794989096062e+00
-1.218536853685368904e+00 -3.459708646130044585e+00
-1.217931793179318323e+00 -3.458401681314502873e+00
-1.217326732673267742e+00 -3.457094900542468707e+00
-1.216721672167217161e+00 -3.455788303813943418e+00
-1.216116611661166580e+00 -3.454481891128928339e+00
-1.215511551155115999e+00 -3.453175662487420361e+00
-1.214906490649065418e+00 -3.451869617889422148e+00
-1.214301430143014393e+00 -3.450563757334932369e+00
-1.213696369636963812e+00 -3.449258080823951023e+00
-1.213091309130913231e+00 -3.447952588356478998e+00
-1.212486248624862650e+00 -3.446647279932515850e+00
-1.211881188118812069e+00 -3.445342155552062025e+00
-1.211276127612761488e+00 -3.444037215215116632e+00
-1.210671067106710908e+00 -3.442732458921679672e+00
-1.210066006600660327e+00 -3.441427886671752034e+00
-1.209460946094609746e+00 -3.440123498465333274e+00
-1.208855885588559165e+00 -3.438819294302422502e+00
-1.208250825082508584e+00 -3.437515274183021941e+00
-1.207645764576458003e+00 -3.436211438107129368e+00
-1.207040704070407422e+00 -3.434907786074745228e+00
-1.206435643564356841e+00 -3.433604318085870410e+00
-1.205830583058306260e+00 -3.432301034140504470e+00
-1.205225522552255679e+00 -3.430997934238647407e+00
-1.204620462046205098e+00 -3.429695018380298777e+00
-1.204015401540154517e+00 -3.428392286565459912e+00
-1.203410341034103492e+00 -3.427089738794127705e+00
-1.202805280528052911e+00 -3.425787375066305707e+00
-1.202200220022002330e+00 -3.424485195381991698e+00
-1.201595159515951750e+00 -3.423183199741188343e+00
-1.200990099009901169e+00 -3.421881388143892977e+00
-1.200385038503850588e+00 -3.420579760590106488e+00
-1.199779977997800007e+00 -3.419278336134637275e+00
-1.199174917491749426e+00 -3.417977325571317060e+00
-1.198569856985698845e+00 -3.416676787255497505e+00
-1.197964796479648264e+00 -3.415376721187178166e+00
-1.197359735973597683e+00 -3.414077127366361264e+00
-1.196754675467547102e+00 -3.412778005793045466e+00
-1.196149614961496521e+00 -3.411479356467230772e+00
-1.195544554455445940e+00 -3.410181179388917183e+00
-1.194939493949395359e+00 -3.408883474558105142e+00
-1.194334433443344778e+00 -3.407586241974794206e+00
-1.193729372937294197e+00 -3.406289481638985706e+00
-1.193124312431243617e+00 -3.404993193550677422e+00
-1.192519251925193036e+00 -3.403697377709870242e+00
-1.191914191419142011e+00 -3.402402034116563723e+00
-1.191309130913091430e+00 -3.401107162770758752e+00
-1.190704070407040849e+00 -3.399812763672456217e+00
-1.190099009900990268e+00 -3.398518836821654343e+00
-1.189493949394939687e+00 -3.397225382218354017e+00
-1.188888888888889106e+00 -3.395932399862554352e+00
-1.188283828382838525e+00 -3.394639889754256679e+00
-1.187678767876787944e+00 -3.393347851893460110e+00
-1.187073707370737363e+00 -3.392056286280164201e+00
-1.186468646864686782e+00 -3.390765192914368953e+00
-1.185863586358636201e+00 -3.389474571796077473e+00
-1.185258525852585620e+00 -3.388184422925286210e+00
-1.184653465346535040e+00 -3.386894746301994275e+00
-1.184048404840484459e+00 -3.385605541926205664e+00
-1.183443344334433878e+00 -3.384316809797918602e+00
-1.182838283828383297e+00 -3.383028549917131311e+00
-1.182233223322332716e+00 -3.381740762283846458e+00
-1.181628162816282135e+00 -3.380453446898063152e+00
-1.181023102310231110e+00 -3.379166603759778731e+00
-1.180418041804180529e+00 -3.377880232868997634e+00
-1.179812981298129948e+00 -3.376594334225717198e+00
-1.179207920792079367e+00 -3.375308907829938310e+00
-1.178602860286028786e+00 -3.374023953681660970e+00
-1.177997799779978205e+00 -3.372739471780884735e+00
-1.177392739273927624e+00 -3.371455462127609604e+00
-1.176787678767877043e+00 -3.370171924721835577e+00
-1.176182618261826462e+00 -3.368888859563563098e+00
-1.175577557755775882e+00 -3.367606266652792169e+00
-1.174972497249725301e+00 -3.366324145989521899e+00
-1.174367436743674720e+00 -3.365042497573753177e+00
-1.173762376237624139e+00 -3.363761321405486893e+00
-1.173157315731573558e+00 -3.362480617484719936e+00
-1.172552255225522977e+00 -3.361200385811454971e+00
-1.171947194719472396e+00 -3.359920626385691556e+00
-1.171342134213421815e+00 -3.358641339207429688e+00
-1.170737073707371234e+00 -3.357362524276668481e+00
-1.170132013201320653e+00 -3.356084181593408378e+00
-1.169526952695269628e+00 -3.354806311157649379e+00
-1.168921892189219047e+00 -3.353528912969391929e+00
-1.168316831683168466e+00 -3.352251987028636027e+00
-1.167711771177117885e+00 -3.350975533335381229e+00
-1.167106710671067304e+00 -3.349699551889628868e+00
-1.166501650165016724e+00 -3.348424042691376279e+00
-1.165896589658966143e+00 -3.347149005740625682e+00
-1.165291529152915562e+00 -3.345874441037375746e+00
-1.164686468646864981e+00 -3.344600348581627358e+00
-1.164081408140814400e+00 -3.343326728373380963e+00
-1.163476347634763819e+00 -3.342053580412634783e+00
-1.162871287128713238e+00 -3.340780904699390597e+00
-1.162266226622662657e+00 -3.339508701233647514e+00
-1.161661166116612076e+00 -3.338236970015404648e+00
-1.161056105610561495e+00 -3.336965711044664662e+00
-1.160451045104510914e+00 -3.335694924321425781e+00
-1.159845984598460333e+00 -3.334424609845687115e+00
-1.159240924092409752e+00 -3.333154767617450887e+00
-1.158635863586358727e+00 -3.331885397636713986e+00
-1.158030803080308146e+00 -3.330616499903480410e+00
-1.157425742574257566e+00 -3.329348074417747050e+00
-1.156820682068206985e+00 -3.328080121179514794e+00
-1.156215621562156404e+00 -3.326812640188784531e+00
-1.155610561056105823e+00 -3.325545631445555816e+00
-1.155005500550055242e+00 -3.324279094949828206e+00
-1.154400440044004661e+00 -3.323013030701601256e+00
-1.153795379537954080e+00 -3.321747438700875854e+00
-1.153190319031903499e+00 -3.320482318947652001e+00
-1.152585258525852918e+00 -3.319217671441929252e+00
-1.151980198019802337e+00 -3.317953496183708051e+00
-1.151375137513751756e+00 -3.316689793172987955e+00
-1.150770077007701175e+00 -3.315426562409768518e+00
-1.150165016501650594e+00 -3.314163803894051075e+00
-1.149559955995600014e+00 -3.312901517625834291e+00
-1.148954895489549433e+00 -3.311639703605119944e+00
-1.148349834983498852e+00 -3.310378361831905814e+00
-1.147744774477448271e+00 -3.309117492306193675e+00
-1.147139713971397246e+00 -3.307857095027980865e+00
-1.146534653465346665e+00 -3.306597169997270935e+00
-1.145929592959296084e+00 -3.305337717214062554e+00
-1.145324532453245503e+00 -3.304078736678355277e+00
-1.144719471947194922e+00 -3.302820228390148660e+00
-1.144114411441144341e+00 -3.301562192349443592e+00
-1.143509350935093760e+00 -3.300304628556240072e+00
-1.142904290429043179e+00 -3.299047537010538100e+00
-1.142299229922992598e+00 -3.297790917712336789e+00
-1.141694169416942017e+00 -3.296534770661637026e+00
-1.141089108910891436e+00 -3.295279095858438811e+00
-1.140484048404840856e+00 -3.294023893302741257e+00
-1.139878987898790275e+00 -3.292769162994545695e+00
-1.139273927392739694e+00 -3.291514904933851238e+00
-1.138668866886689113e+00 -3.290261119120657440e+00
-1.138063806380638532e+00 -3.289007805554965191e+00
-1.137458745874587951e+00 -3.287754964236774047e+00
-1.136853685368537370e+00 -3.286502595166084006e+00
-1.136248624862486345e+00 -3.285250698342895959e+00
-1.135643564356435764e+00 -3.283999273767209015e+00
-1.135038503850385183e+00 -3.282748321439023176e+00
-1.134433443344334602e+00 -3.281497841358338441e+00
-1.133828382838284021e+00 -3.280247833525154810e+00
-1.133223322332233440e+00 -3.278998297939473616e+00
-1.132618261826182859e+00 -3.277749234601292638e+00
-1.132013201320132278e+00 -3.276500643510613209e+00
-1.131408140814081698e+00 -3.275252524667435328e+00
-1.130803080308031117e+00 -3.274004878071758551e+00
-1.130198019801980536e+00 -3.272757703723582434e+00
-1.129592959295929955e+00 -3.271511001622908754e+00
-1.128987898789879374e+00 -3.270264771769735290e+00
-1.128382838283828793e+00 -3.269019014164064263e+00
-1.127777777777778212e+00 -3.267773728805893452e+00
-1.127172717271727631e+00 -3.266528915695223745e+00
-1.126567656765677050e+00 -3.265284574832056474e+00
-1.125962596259626469e+00 -3.264040706216389420e+00
-1.125357535753575444e+00 -3.262797309848223470e+00
-1.124752475247524863e+00 -3.261554385727559069e+00
-1.124147414741474282e+00 -3.260311933854396216e+00
-1.123542354235423701e+00 -3.259069954228734911e+00
-1.122937293729373120e+00 -3.257828446850575155e+00
-1.122332233223322540e+00 -3.256587411719915615e+00
-1.121727172717271959e+00 -3.255346848836758067e+00
-1.121122112211221378e+00 -3.254106758201102068e+00
-1.120517051705170797e+00 -3.252867139812946728e+00
-1.119911991199120216e+00 -3.251627993672293382e+00
-1.119306930693069635e+00 -3.250389319779140251e+00
-1.118701870187019054e+00 -3.249151118133488669e+00
-1.118096809680968473e+00 -3.247913388735338636e+00
-1.117491749174917892e+00 -3.246676131584690150e+00
-1.116886688668867311e+00 -3.245439346681542325e+00
-1.116281628162816730e+00 -3.244203034025896937e+00
-1.115676567656766149e+00 -3.242967193617751764e+00
-1.115071507150715568e+00 -3.241731825457108140e+00
-1.114466446644664988e+00 -3.240496929543965621e+00
-1.113861386138613963e+00 -3.239262505878323761e+00
-1.113256325632563382e+00 -3.238028554460183450e+00
-1.112651265126512801e+00 -3.236795075289545132e+00
-1.112046204620462220e+00 -3.235562068366407029e+00
-1.111441144114411639e+00 -3.234329533690772251e+00
-1.110836083608361058e+00 -3.233097471262636802e+00
-1.110231023102310477e+00 -3.231865881082003789e+00
-1.109625962596259896e+00 -3.230634763148871436e+00
-1.109020902090209315e+00 -3.229404117463241075e+00
-1.108415841584158734e+00 -3.228173944025111375e+00
-1.107810781078108153e+00 -3.226944242834482335e+00
-1.107205720572057572e+00 -3.225715013891355731e+00
-1.106600660066006991e+00 -3.224486257195730232e+00
-1.105995599559956410e+00 -3.223257972747604949e+00
-1.105390539053905830e+00 -3.222030160546981659e+00
-1.104785478547855249e+00 -3.220802820593859472e+00
-1.104180418041804668e+00 -3.219575952888239279e+00
-1.103575357535754087e+00 -3.218349557430119745e+00
-1.102970297029703062e+00 -3.217123634219500872e+00
-1.102365236523652481e+00 -3.215898183256383991e+00
-1.101760176017601900e+00 -3.214673204540768658e+00
-1.101155115511551319e+00 -3.213448698072653542e+00
-1.100550055005500738e+00 -3.212224663852040862e+00
-1.099944994499450157e+00 -3.211001101878929731e+00
-1.099339933993399576e+00 -3.209778012153318816e+00
-1.098734873487348995e+00 -3.208555394675209893e+00
-1.098129812981298414e+00 -3.207333249444601186e+00
-1.097524752475247833e+00 -3.206111576461494916e+00
-1.096919691969197252e+00 -3.204890375725889751e+00
-1.096314631463146672e+00 -3.203669647237785689e+00
-1.095709570957096091e+00 -3.202449390997182732e+00
-1.095104510451045510e+00 -3.201229607004081767e+00
-1.094499449944994929e+00 -3.200010295258480575e+00
-1.093894389438944348e+00 -3.198791455760381375e+00
-1.093289328932893767e+00 -3.197573088509784167e+00
-1.092684268426843186e+00 -3.196355193506687620e+00
-1.092079207920792605e+00 -3.195137770751092177e+00
-1.091474147414741580e+00 -3.193920820242997838e+00
-1.090869086908690999e+00 -3.192704341982405492e+00
-1.090264026402640418e+00 -3.191488335969313805e+00
-1.089658965896589837e+00 -3.190272802203724112e+00
-1.089053905390539256e+00 -3.189057740685635078e+00
-1.088448844884488675e+00 -3.187843151415047593e+00
-1.087843784378438095e+00 -3.186629034391961213e+00
-1.087238723872387514e+00 -3.185415389616376380e+00
-1.086633663366336933e+00 -3.184202217088291764e+00
-1.086028602860286352e+00 -3.182989516807709141e+00
-1.085423542354235771e+00 -3.181777288774628509e+00
-1.084818481848185190e+00 -3.180565532989048538e+00
-1.084213421342134609e+00 -3.179354249450970116e+00
-1.083608360836084028e+00 -3.178143438160393242e+00
-1.083003300330033447e+00 -3.176933099117316583e+00
-1.082398239823982866e+00 -3.175723232321741918e+00
-1.081793179317932285e+00 -3.174513837773668801e+00
-1.081188118811881704e+00 -3.173304915473095900e+00
-1.080583058305830679e+00 -3.172096465420024547e+00
-1.079977997799780098e+00 -3.170888487614454743e+00
-1.079372937293729517e+00 -3.169680982056386487e+00
-1.078767876787678937e+00 -3.168473948745819335e+00
-1.078162816281628356e+00 -3.167267387682753732e+00
-1.077557755775577775e+00 -3.166061298867188789e+00
-1.076952695269527194e+00 -3.164855682299125839e+00
-1.076347634763476613e+00 -3.163650537978563548e+00
-1.075742574257426032e+00 -3.162445865905503251e+00
-1.075137513751375451e+00 -3.161241666079943169e+00
-1.074532453245324870e+00 -3.160037938501884636e+00
-1.073927392739274289e+00 -3.158834683171328539e+00
-1.073322332233223708e+00 -3.157631900088272658e+00
-1.072717271727173127e+00 -3.156429589252718326e+00
-1.072112211221122546e+00 -3.155227750664665098e+00
-1.071507150715071965e+00 -3.154026384324113419e+00
-1.070902090209021384e+00 -3.152825490231063288e+00
-1.070297029702970804e+00 -3.151625068385513373e+00
-1.069691969196920223e+00 -3.150425118787465451e+00
-1.069086908690869198e+00 -3.149225641436918188e+00
-1.068481848184818617e+00 -3.148026636333872030e+00
-1.067876787678768036e+00 -3.146828103478328753e+00
-1.067271727172717455e+00 -3.145630042870286136e+00
-1.066666666666666874e+00 -3.144432454509743735e+00
-1.066061606160616293e+00 -3.143235338396703771e+00
-1.065456545654565712e+00 -3.142038694531164467e+00
-1.064851485148515131e+00 -3.140842522913126711e+00
-1.064246424642464550e+00 -3.139646823542590059e+00
-1.063641364136413969e+00 -3.138451596419554512e+00
-1.063036303630363388e+00 -3.137256841544020514e+00
-1.062431243124312807e+00 -3.136062558915988063e+00
-1.061826182618262226e+00 -3.134868748535457161e+00
-1.061221122112211646e+00 -3.133675410402427364e+00
-1.060616061606161065e+00 -3.132482544516897782e+00
-1.060011001100110484e+00 -3.131290150878870193e+00
-1.059405940594059903e+00 -3.130098229488344597e+00
-1.058800880088009322e+00 -3.128906780345318772e+00
-1.058195819581958297e+00 -3.127715803449794940e+00
-1.057590759075907716e+00 -3.126525298801772212e+00
-1.056985698569857135e+00 -3.125335266401251033e+00
-1.056380638063806554e+00 -3.124145706248230958e+00
-1.055775577557755973e+00 -3.122956618342712432e+00
-1.055170517051705392e+00 -3.121768002684695453e+00
-1.054565456545654811e+00 -3.120579859274178691e+00
-1.053960396039604230e+00 -3.119392188111164366e+00
-1.053355335533553649e+00 -3.118204989195650256e+00
-1.052750275027503069e+00 -3.117018262527638139e+00
-1.052145214521452488e+00 -3.115832008107127127e+00
-1.051540154015401907e+00 -3.114646225934117663e+00
-1.050935093509351326e+00 -3.113460916008608859e+00
-1.050330033003300745e+00 -3.112276078330601159e+00
-1.049724972497250164e+00 -3.111091712900095452e+00
-1.049119911991199583e+00 -3.109907819717091293e+00
-1.048514851485149002e+00 -3.108724398781587794e+00
-1.047909790979098421e+00 -3.107541450093585400e+00
-1.047304730473047840e+00 -3.106358973653084554e+00
-1.046699669966996815e+00 -3.105176969460084813e+00
-1.046094609460946234e+00 -3.103995437514586619e+00
-1.045489548954895653e+00 -3.102814377816589531e+00
-1.044884488448845072e+00 -3.101633790366093546e+00
-1.044279427942794491e+00 -3.100453675163099554e+00
-1.043674367436743911e+00 -3.099274032207606666e+00
-1.043069306930693330e+00 -3.098094861499614439e+00
-1.042464246424642749e+00 -3.096916163039124203e+00
-1.041859185918592168e+00 -3.095737936826134629e+00
-1.041254125412541587e+00 -3.094560182860646602e+00
-1.040649064906491006e+00 -3.093382901142659680e+00
-1.040044004400440425e+00 -3.092206091672174306e+00
-1.039438943894389844e+00 -3.091029754449189593e+00
-1.038833883388339263e+00 -3.089853889473707316e+00
-1.038228822882288682e+00 -3.088678496745725255e+00
-1.037623762376238101e+00 -3.087503576265244298e+00
-1.037018701870187520e+00 -3.086329128032266222e+00
-1.036413641364136939e+00 -3.085155152046788363e+00
-1.035808580858085914e+00 -3.083981648308810719e+00
-1.035203520352035333e+00 -3.082808616818335068e+00
-1.034598459845984753e+00 -3.081636057575361409e+00
-1.033993399339934172e+00 -3.080463970579888855e+00
-1.033388338833883591e+00 -3.079292355831917405e+00
-1.032783278327833010e+00 -3.078121213331447059e+00
-1.032178217821782429e+00 -3.076950543078477818e+00
-1.031573157315731848e+00 -3.075780345073010125e+00
-1.030968096809681267e+00 -3.074610619315043980e+00
-1.030363036303630686e+00 -3.073441365804579384e+00
-1.029757975797580105e+00 -3.072272584541615448e+00
-1.029152915291529524e+00 -3.071104275526152616e+00
-1.028547854785478943e+00 -3.069936438758191777e+00
-1.027942794279428362e+00 -3.068769074237732042e+00
-1.027337733773377781e+00 -3.067602181964772523e+00
-1.026732673267327201e+00 -3.066435761939314997e+00
-1.026127612761276620e+00 -3.065269814161359463e+00
-1.025522552255226039e+00 -3.064104338630905033e+00
-1.024917491749175458e+00 -3.062939335347951264e+00
-1.024312431243124433e+00 -3.061774804312498155e+00
-1.023707370737073852e+00 -3.060610745524546594e+00
-1.023102310231023271e+00 -3.059447158984097470e+00
-1.022497249724972690e+00 -3.058284044691149006e+00
-1.021892189218922109e+00 -3.057121402645701203e+00
-1.021287128712871528e+00 -3.055959232847755391e+00
-1.020682068206820947e+00 -3.054797535297311128e+00
-1.020077007700770366e+00 -3.053636309994367082e+00
-1.019471947194719785e+00 -3.052475556938925472e+00
-1.018866886688669204e+00 -3.051315276130984966e+00
-1.018261826182618623e+00 -3.050155467570545120e+00
-1.017656765676568043e+00 -3.048996131257606379e+00
-1.017051705170517462e+00 -3.047837267192169630e+00
-1.016446644664466881e+00 -3.046678875374233542e+00
-1.015841584158416300e+00 -3.045520955803799446e+00
-1.015236523652365719e+00 -3.044363508480866010e+00
-1.014631463146315138e+00 -3.043206533405433678e+00
-1.014026402640264557e+00 -3.042050030577504227e+00
-1.013421342134213532e+00 -3.040893999997073216e+00
-1.012816281628162951e+00 -3.039738441664145085e+00
-1.012211221122112370e+00 -3.038583355578718059e+00
-1.011606160616061789e+00 -3.037428741740793470e+00
-1.011001100110011208e+00 -3.036274600150368652e+00
-1.010396039603960627e+00 -3.035120930807446271e+00
-1.009790979097910046e+00 -3.033967733712024106e+00
-1.009185918591859465e+00 -3.032815008864103490e+00
-1.008580858085808885e+00 -3.031662756263684422e+00
-1.007975797579758304e+00 -3.030510975910766902e+00
-1.007370737073707723e+00 -3.029359667805349599e+00
-1.006765676567657142e+00 -3.028208831947434732e+00
-1.006160616061606561e+00 -3.027058468337020969e+00
-1.005555555555555980e+00 -3.025908576974107866e+00
-1.004950495049505399e+00 -3.024759157858696312e+00
-1.004345434543454818e+00 -3.023610210990786307e+00
-1.003740374037404237e+00 -3.022461736370376961e+00
-1.003135313531353656e+00 -3.021313733997469164e+00
-1.002530253025302631e+00 -3.020166203872062471e+00
-1.001925192519252050e+00 -3.019019145994156439e+00
-1.001320132013201469e+00 -3.017872560363753287e+00
-1.000715071507150888e+00 -3.016726446980850795e+00
-1.000110011001100307e+00 -3.015580805845449852e+00
-9.995049504950497266e-01 -3.014435636957549569e+00
-9.988998899889991456e-01 -3.013290940317150390e+00
-9.982948294829485647e-01 -3.012146715924252760e+00
-9.976897689768979838e-01 -3.011002963778857566e+00
-9.970847084708474029e-01 -3.009859683880962145e+00
-9.964796479647968219e-01 -3.008716876230568715e+00
-9.958745874587462410e-01 -3.007574540827676390e+00
-9.952695269526956601e-01 -3.006432677672285170e+00
-9.946644664466450791e-01 -3.005291286764395053e+00
-9.940594059405944982e-01 -3.004150368104006041e+00
-9.934543454345439173e-01 -3.003009921691119466e+00
-9.928492849284933364e-01 -3.001869947525733551e+00
-9.922442244224427554e-01 -3.000730445607848740e+00
-9.916391639163921745e-01 -2.999591415937465033e+00
-9.910341034103411495e-01 -2.998452858514582431e+00
-9.904290429042905686e-01 -2.997314773339201377e+00
-9.898239823982399876e-01 -2.996177160411322316e+00
-9.892189218921894067e-01 -2.995040019730943470e+00
-9.886138613861388258e-01 -2.993903351298066173e+00
-9.880088008800882449e-01 -2.992767155112690869e+00
-9.874037403740376639e-01 -2.991631431174816225e+00
-9.867986798679870830e-01 -2.990496179484443573e+00
-9.861936193619365021e-01 -2.989361400041570693e+00
-9.855885588558859212e-01 -2.988227092846200250e+00
-9.849834983498353402e-01 -2.987093257898331355e+00
-9.843784378437847593e-01 -2.985959895197962677e+00
-9.837733773377341784e-01 -2.984827004745095991e+00
-9.831683168316835975e-01 -2.983694586539730853e+00
-9.825632563256330165e-01 -2.982562640581866376e+00
-9.819581958195824356e-01 -2.981431166871503002e+00
-9.813531353135318547e-01 -2.980300165408641178e+00
-9.807480748074812738e-01 -2.979169636193280457e+00
-9.801430143014302487e-01 -2.978039579225421285e+00
-9.795379537953796678e-01 -2.976909994505062773e+00
-9.789328932893290869e-01 -2.975780882032206254e+00
-9.783278327832785060e-01 -2.974652241806850395e+00
-9.777227722772279250e-01 -2.973524073828996972e+00
-9.771177117711773441e-01 -2.972396378098644210e+00
-9.765126512651267632e-01 -2.971269154615792552e+00
-9.759075907590761823e-01 -2.970142403380441998e+00
-9.753025302530256013e-01 -2.969016124392592548e+00
-9.746974697469750204e-01 -2.967890317652245091e+00
-9.740924092409244395e-01 -2.966764983159399183e+00
-9.734873487348738585e-01 -2.965640120914053934e+00
-9.728822882288232776e-01 -2.964515730916210234e+00
-9.722772277227726967e-01 -2.963391813165867639e+00
-9.716721672167221158e-01 -2.962268367663025703e+00
-9.710671067106715348e-01 -2.961145394407686204e+00
-9.704620462046209539e-01 -2.960022893399846922e+00
-9.698569856985703730e-01 -2.958900864639509187e+00
-9.692519251925197921e-01 -2.957779308126673001e+00
-9.686468646864687670e-01 -2.956658223861337476e+00
-9.680418041804181861e-01 -2.955537611843503498e+00
-9.674367436743676052e-01 -2.954417472073171513e+00
-9.668316831683170243e-01 -2.953297804550340633e+00
-9.662266226622664433e-01 -2.952178609275010412e+00
-9.656215621562158624e-01 -2.951059886247181741e+00
-9.650165016501652815e-01 -2.949941635466854617e+00
-9.644114411441147006e-01 -2.948823856934028598e+00
-9.638063806380641196e-01 -2.947706550648703683e+00
-9.632013201320135387e-01 -2.946589716610880316e+00
-9.625962596259629578e-01 -2.945473354820557610e+00
-9.619911991199123769e-01 -2.944357465277737340e+00
-9.613861386138617959e-01 -2.943242047982417287e+00
-9.607810781078112150e-01 -2.942127102934598781e+00
-9.601760176017606341e-01 -2.941012630134282269e+00
-9.595709570957100532e-01 -2.939898629581465972e+00
-9.589658965896594722e-01 -2.938785101276151224e+00
-9.583608360836088913e-01 -2.937672045218338468e+00
-9.577557755775578663e-01 -2.936559461408025040e+00
-9.571507150715072854e-01 -2.935447349845214493e+00
-9.565456545654567044e-01 -2.934335710529905050e+00
-9.559405940594061235e-01 -2.933224543462097156e+00
-9.553355335533555426e-01 -2.932113848641790366e+00
-9.547304730473049617e-01 -2.931003626068984680e+00
-9.541254125412543807e-01 -2.929893875743680098e+00
-9.535203520352037998e-01 -2.928784597665877509e+00
-9.529152915291532189e-01 -2.927675791835575581e+00
-9.523102310231026379e-01 -2.926567458252774756e+00
-9.517051705170520570e-01 -2.925459596917475480e+00
-9.511001100110014761e-01 -2.924352207829677752e+00
-9.504950495049508952e-01 -2.923245290989380685e+00
-9.498899889989003142e-01 -2.922138846396585610e+00
-9.492849284928497333e-01 -2.921032874051291195e+00
-9.486798679867991524e-01 -2.919927373953498773e+00
-9.480748074807485715e-01 -2.918822346103207011e+00
-9.474697469746979905e-01 -2.917717790500416797e+00
-9.468646864686474096e-01 -2.916613707145127687e+00
-9.462596259625963846e-01 -2.915510096037339238e+00
-9.456545654565458037e-01 -2.914406957177052782e+00
-9.450495049504952227e-01 -2.913304290564267873e+00
-9.444444444444446418e-01 -2.912202096198982737e+00
-9.438393839383940609e-01 -2.911100374081200926e+00
-9.432343234323434800e-01 -2.909999124210919330e+00
-9.426292629262928990e-01 -2.908898346588139727e+00
-9.420242024202423181e-01 -2.907798041212860340e+00
-9.414191419141917372e-01 -2.906698208085082502e+00
-9.408140814081411563e-01 -2.905598847204806656e+00
-9.402090209020905753e-01 -2.904499958572031915e+00
-9.396039603960399944e-01 -2.903401542186757833e+00
-9.389988998899894135e-01 -2.902303598048985300e+00
-9.383938393839388326e-01 -2.901206126158714316e+00
-9.377887788778882516e-01 -2.900109126515943991e+00
-9.371837183718376707e-01 -2.899012599120675659e+00
-9.365786578657870898e-01 -2.897916543972908432e+00
-9.359735973597365088e-01 -2.896820961072641865e+00
-9.353685368536854838e-01 -2.895725850419876402e+00
-9.347634763476349029e-01 -2.894631212014612931e+00
-9.341584158415843220e-01 -2.893537045856851009e+00
-9.335533553355337411e-01 -2.892443351946589747e+00
-9.329482948294831601e-01 -2.891350130283830477e+00
-9.323432343234325792e-01 -2.890257380868571424e+00
-9.317381738173819983e-01 -2.889165103700814363e+00
-9.311331133113314173e-01 -2.888073298780558851e+00
-9.305280528052808364e-01 -2.886981966107804443e+00
-9.299229922992302555e-01 -2.885891105682550695e+00
-9.293179317931796746e-01 -2.884800717504798939e+00
-9.287128712871290936e-01 -2.883710801574547844e+00
-9.281078107810785127e-01 -2.882621357891798297e+00
-9.275027502750279318e-01 -2.881532386456550299e+00
-9.268976897689773509e-01 -2.880443887268802960e+00
-9.262926292629267699e-01 -2.879355860328558059e+00
-9.256875687568761890e-01 -2.878268305635812929e+00
-9.250825082508256081e-01 -2.877181223190570236e+00
-9.244774477447750272e-01 -2.876094612992828203e+00
-9.238723872387240021e-01 -2.875008475042586831e+00
-9.232673267326734212e-01 -2.873922809339847895e+00
-9.226622662266228403e-01 -2.872837615884609619e+00
-9.220572057205722594e-01 -2.871752894676872891e+00
-9.214521452145216784e-01 -2.870668645716637712e+00
-9.208470847084710975e-01 -2.869584869003903194e+00
-9.202420242024205166e-01 -2.868501564538670223e+00
-9.196369636963699357e-01 -2.867418732320938801e+00
-9.190319031903193547e-01 -2.866336372350708039e+00
-9.184268426842687738e-01 -2.865254484627979714e+00
-9.178217821782181929e-01 -2.864173069152751161e+00
-9.172167216721676120e-01 -2.863092125925024600e+00
-9.166116611661170310e-01 -2.862011654944799588e+00
-9.160066006600664501e-01 -2.860931656212076124e+00
-9.154015401540158692e-01 -2.859852129726852876e+00
-9.147964796479652883e-01 -2.858773075489131177e+00
-9.141914191419147073e-01 -2.857694493498911470e+00
-9.135863586358641264e-01 -2.856616383756192867e+00
-9.129812981298131014e-01 -2.855538746260974037e+00
-9.123762376237625205e-01 -2.854461581013257643e+00
-9.117711771177119395e-01 -2.853384888013042797e+00
-9.111661166116613586e-01 -2.852308667260329056e+00
-9.105610561056107777e-01 -2.851232918755115975e+00
-9.099559955995601968e-01 -2.850157642497405330e+00
-9.093509350935096158e-01 -2.849082838487195346e+00
-9.087458745874590349e-01 -2.848008506724486466e+00
-9.081408140814084540e-01 -2.846934647209279134e+00
-9.075357535753578730e-01 -2.845861259941572907e+00
-9.069306930693072921e-01 -2.844788344921367784e+00
-9.063256325632567112e-01 -2.843715902148664654e+00
-9.057205720572061303e-01 -2.842643931623462628e+00
-9.051155115511555493e-01 -2.841572433345761262e+00
-9.045104510451049684e-01 -2.840501407315561444e+00
-9.039053905390543875e-01 -2.839430853532863175e+00
-9.033003300330038066e-01 -2.838360771997665566e+00
-9.026952695269532256e-01 -2.837291162709970394e+00
-9.020902090209022006e-01 -2.836222025669774105e+00
-9.014851485148516197e-01 -2.835153360877081141e+00
-9.008800880088010388e-01 -2.834085168331888838e+00
-9.002750275027504578e-01 -2.833017448034198082e+00
-8.996699669966998769e-01 -2.831950232917268551e+00
-8.990649064906492960e-01 -2.830883688562213507e+00
-8.984598459845987151e-01 -2.829817837839351480e+00
-8.978547854785481341e-01 -2.828752680748683357e+00
-8.972497249724975532e-01 -2.827688217290209138e+00
-8.966446644664469723e-01 -2.826624447463927936e+00
-8.960396039603963914e-01 -2.825561371269841082e+00
-8.954345434543458104e-01 -2.824498988707947689e+00
-8.948294829482952295e-01 -2.823437299778247311e+00
-8.942244224422446486e-01 -2.822376304480740838e+00
-8.936193619361940677e-01 -2.821316002815428714e+00
-8.930143014301434867e-01 -2.820256394782308274e+00
-8.924092409240929058e-01 -2.819197480381383958e+00
-8.918041804180423249e-01 -2.818139259612652214e+00
-8.911991199119917439e-01 -2.817081732476113043e+00
-8.905940594059407189e-01 -2.816024898971768220e+00
-8.899889988998901380e-01 -2.814968759099616857e+00
-8.893839383938395571e-01 -2.813913312859659843e+00
-8.887788778877889762e-01 -2.812858560251896289e+00
-8.881738173817383952e-01 -2.811804501276325752e+00
-8.875687568756878143e-01 -2.810751135932949563e+00
-8.869636963696372334e-01 -2.809698464221766834e+00
-8.863586358635866524e-01 -2.808646486142777565e+00
-8.857535753575360715e-01 -2.807595201695982201e+00
-8.851485148514854906e-01 -2.806544610881379853e+00
-8.845434543454349097e-01 -2.805494713698970966e+00
-8.839383938393843287e-01 -2.804445510148756870e+00
-8.833333333333337478e-01 -2.803397000230735792e+00
-8.827282728272831669e-01 -2.802349183944908173e+00
-8.821232123212325860e-01 -2.801302061291274015e+00
-8.815181518151820050e-01 -2.800255632269833761e+00
-8.809130913091314241e-01 -2.799209896880587412e+00
-8.803080308030808432e-01 -2.798164855123534522e+00
-8.797029702970298182e-01 -2.797120506998674205e+00
-8.790979097909792372e-01 -2.796076852506008237e+00
-8.784928492849286563e-01 -2.795033891645536173e+00
-8.778877887788780754e-01 -2.793991624417257125e+00
-8.772827282728274945e-01 -2.792950050821173313e+00
-8.766776677667769135e-01 -2.791909170857282074e+00
-8.760726072607263326e-01 -2.790868984525584295e+00
-8.754675467546757517e-01 -2.789829491826079977e+00
-8.748624862486251708e-01 -2.788790692758769563e+00
-8.742574257425745898e-01 -2.787752587323652609e+00
-8.736523652365240089e-01 -2.786715175520730448e+00
-8.730473047304734280e-01 -2.785678457350000414e+00
-8.724422442244228471e-01 -2.784642432811464730e+00
-8.718371837183722661e-01 -2.783607101905122505e+00
-8.712321232123216852e-01 -2.782572464630973741e+00
-8.706270627062711043e-01 -2.781538520989018437e+00
-8.700220022002205233e-01 -2.780505270979257038e+00
-8.694169416941699424e-01 -2.779472714601689987e+00
-8.688118811881193615e-01 -2.778440851856315508e+00
-8.682068206820683365e-01 -2.777409682743134045e+00
-8.676017601760177556e-01 -2.776379207262146931e+00
-8.669966996699671746e-01 -2.775349425413353721e+00
-8.663916391639165937e-01 -2.774320337196755304e+00
-8.657865786578660128e-01 -2.773291942612348571e+00
-8.651815181518154318e-01 -2.772264241660135742e+00
-8.645764576457648509e-01 -2.771237234340118150e+00
-8.639713971397142700e-01 -2.770210920652292685e+00
-8.633663366336636891e-01 -2.769185300596660682e+00
-8.627612761276131081e-01 -2.768160374173222582e+00
-8.621562156215625272e-01 -2.767136141381978387e+00
-8.615511551155119463e-01 -2.766112602222927652e+00
-8.609460946094613654e-01 -2.765089756696070822e+00
-8.603410341034107844e-01 -2.764067604801407896e+00
-8.597359735973602035e-01 -2.763046146538937986e+00
-8.591309130913096226e-01 -2.762025381908661537e+00
-8.585258525852590417e-01 -2.761005310910578991e+00
-8.579207920792084607e-01 -2.759985933544690795e+00
-8.573157315731574357e-01 -2.758967249810994282e+00
-8.567106710671068548e-01 -2.757949259709493006e+00
-8.561056105610562739e-01 -2.756931963240185191e+00
-8.555005500550056929e-01 -2.755915360403070391e+00
-8.548954895489551120e-01 -2.754899451198149496e+00
-8.542904290429045311e-01 -2.753884235625422061e+00
-8.536853685368539502e-01 -2.752869713684888531e+00
-8.530803080308033692e-01 -2.751855885376548905e+00
-8.524752475247527883e-01 -2.750842750700403627e+00
-8.518701870187022074e-01 -2.749830309656450034e+00
-8.512651265126516265e-01 -2.748818562244691233e+00
-8.506600660066010455e-01 -2.747807508465125892e+00
-8.500550055005504646e-01 -2.746797148317754456e+00
-8.494499449944998837e-01 -2.745787481802576036e+00
-8.488448844884493028e-01 -2.744778508919591520e+00
-8.482398239823987218e-01 -2.743770229668800464e+00
-8.476347634763481409e-01 -2.742762644050203757e+00
-8.470297029702975600e-01 -2.741755752063800067e+00
-8.464246424642469790e-01 -2.740749553709590280e+00
-8.458195819581959540e-01 -2.739744048987572622e+00
-8.452145214521453731e-01 -2.738739237897750201e+00
-8.446094609460947922e-01 -2.737735120440120351e+00
-8.440044004400442113e-01 -2.736731696614685294e+00
-8.433993399339936303e-01 -2.735728966421443253e+00
-8.427942794279430494e-01 -2.734726929860395117e+00
-8.421892189218924685e-01 -2.733725586931540885e+00
-8.415841584158418875e-01 -2.732724937634879669e+00
-8.409790979097913066e-01 -2.731724981970412358e+00
-8.403740374037407257e-01 -2.730725719938138507e+00
-8.397689768976901448e-01 -2.729727151538058560e+00
-8.391639163916395638e-01 -2.728729276770172074e+00
-8.385588558855889829e-01 -2.727732095634478604e+00
-8.379537953795384020e-01 -2.726735608130979482e+00
-8.373487348734878211e-01 -2.725739814259673821e+00
-8.367436743674372401e-01 -2.724744714020562508e+00
-8.361386138613866592e-01 -2.723750307413643768e+00
-8.355335533553360783e-01 -2.722756594438918931e+00
-8.349284928492850533e-01 -2.721763575096387111e+00
-8.343234323432344723e-01 -2.720771249386049639e+00
-8.337183718371838914e-01 -2.719779617307905628e+00
-8.331133113311333105e-01 -2.718788678861955077e+00
-8.325082508250827296e-01 -2.717798434048198875e+00
-8.319031903190321486e-01 -2.716808882866635688e+00
-8.312981298129815677e-01 -2.715820025317266406e+00
-8.306930693069309868e-01 -2.714831861400090585e+00
-8.300880088008804059e-01 -2.713844391115108667e+00
-8.294829482948298249e-01 -2.712857614462319766e+00
-8.288778877887792440e-01 -2.711871531441725214e+00
-8.282728272827286631e-01 -2.710886142053324122e+00
-8.276677667766780822e-01 -2.709901446297116046e+00
-8.270627062706275012e-01 -2.708917444173101874e+00
-8.264576457645769203e-01 -2.707934135681281607e+00
-8.258525852585263394e-01 -2.706951520821655244e+00
-8.252475247524757584e-01 -2.705969599594221897e+00
-8.246424642464251775e-01 -2.704988371998982455e+00
-8.240374037403745966e-01 -2.704007838035936473e+00
-8.234323432343235716e-01 -2.703027997705083951e+00
-8.228272827282729907e-01 -2.702048851006424890e+00
-8.222222222222224097e-01 -2.701070397939959733e+00
-8.216171617161718288e-01 -2.700092638505688480e+00
-8.210121012101212479e-01 -2.699115572703610688e+00
-8.204070407040706669e-01 -2.698139200533726356e+00
-8.198019801980200860e-01 -2.697163521996036373e+00
-8.191969196919695051e-01 -2.696188537090538517e+00
-8.185918591859189242e-01 -2.695214245817235899e+00
-8.179867986798683432e-01 -2.694240648176126296e+00
-8.173817381738177623e-01 -2.693267744167210154e+00
-8.167766776677671814e-01 -2.692295533790487472e+00
-8.161716171617166005e-01 -2.691324017045958694e+00
-8.155665566556660195e-01 -2.690353193933623821e+00
-8.149614961496154386e-01 -2.689383064453482852e+00
-8.143564356435648577e-01 -2.688413628605534456e+00
-8.137513751375142768e-01 -2.687444886389779963e+00
-8.131463146314636958e-01 -2.686476837806219820e+00
-8.125412541254126708e-01 -2.685509482854851804e+00
-8.119361936193620899e-01 -2.684542821535678581e+00
-8.113311331133115090e-01 -2.683576853848698818e+00
-8.107260726072609280e-01 -2.682611579793912071e+00
-8.101210121012103471e-01 -2.681646999371320117e+00
-8.095159515951597662e-01 -2.680683112580921623e+00
-8.089108910891091853e-01 -2.679719919422715702e+00
-8.083058305830586043e-01 -2.678757419896704572e+00
-8.077007700770080234e-01 -2.677795614002886460e+00
-8.070957095709574425e-01 -2.676834501741261807e+00
-8.064906490649068616e-01 -2.675874083111831059e+00
-8.058855885588562806e-01 -2.674914358114594215e+00
-8.052805280528056997e-01 -2.673955326749550832e+00
-8.046754675467551188e-01 -2.672996989016700464e+00
-8.040704070407045378e-01 -2.672039344916044445e+00
-8.034653465346539569e-01 -2.671082394447581443e+00
-8.028602860286033760e-01 -2.670126137611312345e+00
-8.022552255225527951e-01 -2.669170574407237595e+00
-8.016501650165022141e-01 -2.668215704835354973e+00
-8.010451045104511891e-01 -2.667261528895666256e+00
-8.004400440044006082e-01 -2.666308046588172331e+00
-7.998349834983500273e-01 -2.665355257912870979e+00
-7.992299229922994463e-01 -2.664403162869763531e+00
-7.986248624862488654e-01 -2.663451761458849987e+00
-7.980198019801982845e-01 -2.662501053680130347e+00
-7.974147414741477036e-01 -2.661551039533604612e+00
-7.968096809680971226e-01 -2.660601719019271005e+00
-7.962046204620465417e-01 -2.659653092137132191e+00
-7.955995599559959608e-01 -2.658705158887186393e+00
-7.949944994499453799e-01 -2.657757919269434055e+00
-7.943894389438947989e-01 -2.656811373283876510e+00
-7.937843784378442180e-01 -2.655865520930511980e+00
-7.931793179317936371e-01 -2.654920362209340468e+00
-7.925742574257430562e-01 -2.653975897120362859e+00
-7.919691969196924752e-01 -2.653032125663579155e+00
-7.913641364136418943e-01 -2.652089047838988911e+00
-7.907590759075913134e-01 -2.651146663646593016e+00
-7.901540154015402884e-01 -2.650204973086389248e+00
-7.895489548954897074e-01 -2.649263976158380274e+00
-7.889438943894391265e-01 -2.648323672862564759e+00
-7.883388338833885456e-01 -2.647384063198941817e+00
-7.877337733773379647e-01 -2.646445147167513667e+00
-7.871287128712873837e-01 -2.645506924768278534e+00
-7.865236523652368028e-01 -2.644569396001238193e+00
-7.859185918591862219e-01 -2.643632560866390424e+00
-7.853135313531356410e-01 -2.642696419363736560e+00
-7.847084708470850600e-01 -2.641760971493276156e+00
-7.841034103410344791e-01 -2.640826217255009656e+00
-7.834983498349838982e-01 -2.639892156648936616e+00
-7.828932893289333173e-01 -2.638958789675057481e+00
-7.822882288228827363e-01 -2.638026116333371363e+00
-7.816831683168321554e-01 -2.637094136623879148e+00
-7.810781078107815745e-01 -2.636162850546580838e+00
-7.804730473047309935e-01 -2.635232258101475988e+00
-7.798679867986804126e-01 -2.634302359288564599e+00
-7.792629262926293876e-01 -2.633373154107846670e+00
-7.786578657865788067e-01 -2.632444642559322201e+00
-7.780528052805282258e-01 -2.631516824642992081e+00
-7.774477447744776448e-01 -2.630589700358854977e+00
-7.768426842684270639e-01 -2.629663269706912221e+00
-7.762376237623764830e-01 -2.628737532687162926e+00
-7.756325632563259020e-01 -2.627812489299606202e+00
-7.750275027502753211e-01 -2.626888139544243828e+00
-7.744224422442247402e-01 -2.625964483421075357e+00
-7.738173817381741593e-01 -2.625041520930100791e+00
-7.732123212321235783e-01 -2.624119252071319242e+00
-7.726072607260729974e-01 -2.623197676844731596e+00
-7.720022002200224165e-01 -2.622276795250336967e+00
-7.713971397139718356e-01 -2.621356607288136686e+00
-7.707920792079212546e-01 -2.620437112958129866e+00
-7.701870187018706737e-01 -2.619518312260316062e+00
-7.695819581958200928e-01 -2.618600205194697050e+00
-7.689768976897695119e-01 -2.617682791761271055e+00
-7.683718371837189309e-01 -2.616766071960038520e+00
-7.677667766776679059e-01 -2.615850045790998557e+00
-7.671617161716173250e-01 -2.614934713254153831e+00
-7.665566556655667441e-01 -2.614020074349502121e+00
-7.659515951595161631e-01 -2.613106129077044315e+00
-7.653465346534655822e-01 -2.612192877436779526e+00
-7.647414741474150013e-01 -2.611280319428709085e+00
-7.641364136413644204e-01 -2.610368455052832104e+00
-7.635313531353138394e-01 -2.609457284309149028e+00
-7.629262926292632585e-01 -2.608546807197658524e+00
-7.623212321232126776e-01 -2.607637023718363256e+00
-7.617161716171620967e-01 -2.606727933871260561e+00
-7.611111111111115157e-01 -2.605819537656351326e+00
-7.605060506050609348e-01 -2.604911835073636439e+00
-7.599009900990103539e-01 -2.604004826123114125e+00
-7.592959295929597729e-01 -2.603098510804786159e+00
-7.586908690869091920e-01 -2.602192889118652097e+00
-7.580858085808586111e-01 -2.601287961064711052e+00
-7.574807480748080302e-01 -2.600383726642963911e+00
-7.568756875687570052e-01 -2.599480185853409786e+00
-7.562706270627064242e-01 -2.598577338696050010e+00
-7.556655665566558433e-01 -2.597675185170883694e+00
-7.550605060506052624e-01 -2.596773725277911282e+00
-7.544554455445546814e-01 -2.595872959017132331e+00
-7.538503850385041005e-01 -2.594972886388546840e+00
-7.532453245324535196e-01 -2.594073507392154809e+00
-7.526402640264029387e-01 -2.593174822027957127e+00
-7.520352035203523577e-01 -2.592276830295952461e+00
-7.514301430143017768e-01 -2.591379532196141255e+00
-7.508250825082511959e-01 -2.590482927728523954e+00
-7.502200220022006150e-01 -2.589587016893100557e+00
-7.496149614961500340e-01 -2.588691799689870621e+00
-7.490099009900994531e-01 -2.587797276118834144e+00
-7.484048404840488722e-01 -2.586903446179991128e+00
-7.477997799779982913e-01 -2.586010309873341573e+00
-7.471947194719477103e-01 -2.585117867198886366e+00
-7.465896589658971294e-01 -2.584226118156624175e+00
-7.459845984598465485e-01 -2.583335062746556332e+00
-7.453795379537955235e-01 -2.582444700968680618e+00
-7.447744774477449425e-01 -2.581555032823000140e+00
-7.441694169416943616e-01 -2.580666058309512234e+00
-7.435643564356437807e-01 -2.579777777428218677e+00
-7.429592959295931998e-01 -2.578890190179118136e+00
-7.423542354235426188e-01 -2.578003296562211943e+00
-7.417491749174920379e-01 -2.577117096577498767e+00
-7.411441144114414570e-01 -2.576231590224979495e+00
-7.405390539053908761e-01 -2.575346777504654128e+00
-7.399339933993402951e-01 -2.574462658416522221e+00
-7.393289328932897142e-01 -2.573579232960583774e+00
-7.387238723872391333e-01 -2.572696501136838787e+00
-7.381188118811885523e-01 -2.571814462945287261e+00
-7.375137513751379714e-01 -2.570933118385930083e+00
-7.369086908690873905e-01 -2.570052467458765921e+00
-7.363036303630368096e-01 -2.569172510163796108e+00
-7.356985698569862286e-01 -2.568293246501018867e+00
-7.350935093509356477e-01 -2.567414676470436419e+00
-7.344884488448846227e-01 -2.566536800072046542e+00
-7.338833883388340418e-01 -2.565659617305850126e+00
-7.332783278327834608e-01 -2.564783128171848503e+00
-7.326732673267328799e-01 -2.563907332670039452e+00
-7.320682068206822990e-01 -2.563032230800424749e+00
-7.314631463146317181e-01 -2.562157822563003506e+00
-7.308580858085811371e-01 -2.561284107957775280e+00
-7.302530253025305562e-01 -2.560411086984742290e+00
-7.296479647964799753e-01 -2.559538759643900985e+00
-7.290429042904293944e-01 -2.558667125935254916e+00
-7.284378437843788134e-01 -2.557796185858801419e+00
-7.278327832783282325e-01 -2.556925939414541382e+00
-7.272277227722776516e-01 -2.556056386602476138e+00
-7.266226622662270707e-01 -2.555187527422603466e+00
-7.260176017601764897e-01 -2.554319361874925143e+00
-7.254125412541259088e-01 -2.553451889959439836e+00
-7.248074807480753279e-01 -2.552585111676148877e+00
-7.242024202420247470e-01 -2.551719027025050490e+00
-7.235973597359741660e-01 -2.550853636006146896e+00
-7.229922992299231410e-01 -2.549988938619435430e+00
-7.223872387238725601e-01 -2.549124934864917869e+00
-7.217821782178219792e-01 -2.548261624742594655e+00
-7.211771177117713982e-01 -2.547399008252465791e+00
-7.205720572057208173e-01 -2.546537085394528610e+00
-7.199669966996702364e-01 -2.545675856168787110e+00
-7.193619361936196555e-01 -2.544815320575238182e+00
-7.187568756875690745e-01 -2.543955478613882715e+00
-7.181518151815184936e-01 -2.543096330284721596e+00
-7.175467546754679127e-01 -2.542237875587753493e+00
-7.169416941694173318e-01 -2.541380114522978850e+00
-7.163366336633667508e-01 -2.540523047090398556e+00
-7.157315731573161699e-01 -2.539666673290011722e+00
-7.151265126512655890e-01 -2.538810993121817905e+00
-7.145214521452150080e-01 -2.537956006585818436e+00
-7.139163916391644271e-01 -2.537101713682011983e+00
-7.133113311331138462e-01 -2.536248114410399435e+00
-7.127062706270632653e-01 -2.535395208770980791e+00
-7.121012101210122403e-01 -2.534542996763754275e+00
-7.114961496149616593e-01 -2.533691478388722551e+00
-7.108910891089110784e-01 -2.532840653645884732e+00
-7.102860286028604975e-01 -2.531990522535240373e+00
-7.096809680968099165e-01 -2.531141085056789475e+00
-7.090759075907593356e-01 -2.530292341210532481e+00
-7.084708470847087547e-01 -2.529444290996468947e+00
-7.078657865786581738e-01 -2.528596934414599318e+00
-7.072607260726075928e-01 -2.527750271464922704e+00
-7.066556655665570119e-01 -2.526904302147439996e+00
-7.060506050605064310e-01 -2.526059026462150747e+00
-7.054455445544558501e-01 -2.525214444409055403e+00
-7.048404840484052691e-01 -2.524370555988153519e+00
-7.042354235423546882e-01 -2.523527361199445096e+00
-7.036303630363041073e-01 -2.522684860042931021e+00
-7.030253025302535264e-01 -2.521843052518609962e+00
-7.024202420242029454e-01 -2.521001938626482364e+00
-7.018151815181523645e-01 -2.520161518366549558e+00
-7.012101210121017836e-01 -2.519321791738809324e+00
-7.006050605060507586e-01 -2.518482758743261662e+00
-7.000000000000001776e-01 -2.517644419379909237e+00
-6.993949394939495967e-01 -2.516806773648749829e+00
-6.987898789878990158e-01 -2.515969821549784324e+00
-6.981848184818484349e-01 -2.515133563083012724e+00
-6.975797579757978539e-01 -2.514297998248434141e+00
-6.969746974697472730e-01 -2.513463127046049461e+00
-6.963696369636966921e-01 -2.512628949475858686e+00
-6.957645764576461112e-01 -2.511795465537860927e+00
-6.951595159515955302e-01 -2.510962675232057073e+00
-6.945544554455449493e-01 -2.510130578558446679e+00
-6.939493949394943684e-01 -2.509299175517030633e+00
-6.933443344334437874e-01 -2.508468466107807604e+00
-6.927392739273932065e-01 -2.507638450330778479e+00
-6.921342134213426256e-01 -2.506809128185942370e+00
-6.915291529152920447e-01 -2.505980499673300610e+00
-6.909240924092414637e-01 -2.505152564792852310e+00
-6.903190319031908828e-01 -2.504325323544597026e+00
-6.897139713971398578e-01 -2.503498775928535647e+00
-6.891089108910892769e-01 -2.502672921944667728e+00
-6.885038503850386959e-01 -2.501847761592993713e+00
-6.878987898789881150e-01 -2.501023294873513603e+00
-6.872937293729375341e-01 -2.500199521786226509e+00
-6.866886688668869532e-01 -2.499376442331134207e+00
-6.860836083608363722e-01 -2.498554056508234478e+00
-6.854785478547857913e-01 -2.497732364317528653e+00
-6.848734873487352104e-01 -2.496911365759016288e+00
-6.842684268426846295e-01 -2.496091060832697828e+00
-6.836633663366340485e-01 -2.495271449538572828e+00
-6.830583058305834676e-01 -2.494452531876641732e+00
-6.824532453245328867e-01 -2.493634307846903653e+00
-6.818481848184823058e-01 -2.492816777449359922e+00
-6.812431243124317248e-01 -2.491999940684009651e+00
-6.806380638063811439e-01 -2.491183797550852397e+00
-6.800330033003305630e-01 -2.490368348049889491e+00
-6.794279427942799821e-01 -2.489553592181120045e+00
-6.788228822882294011e-01 -2.488739529944544060e+00
-6.782178217821783761e-01 -2.487926161340161091e+00
-6.776127612761277952e-01 -2.487113486367972470e+00
-6.770077007700772143e-01 -2.486301505027976866e+00
-6.764026402640266333e-01 -2.485490217320176054e+00
-6.757975797579760524e-01 -2.484679623244567814e+00
-6.751925192519254715e-01 -2.483869722801153479e+00
-6.745874587458748906e-01 -2.483060515989933492e+00
-6.739823982398243096e-01 -2.482252002810906522e+00
-6.733773377337737287e-01 -2.481444183264073011e+00
-6.727722772277231478e-01 -2.480637057349433405e+00
-6.721672167216725668e-01 -2.479830625066987260e+00
-6.715621562156219859e-01 -2.479024886416735018e+00
-6.709570957095714050e-01 -2.478219841398676238e+00
-6.703520352035208241e-01 -2.477415490012810473e+00
-6.697469746974702431e-01 -2.476611832259139057e+00
-6.691419141914196622e-01 -2.475808868137661101e+00
-6.685368536853690813e-01 -2.475006597648377493e+00
-6.679317931793185004e-01 -2.474205020791286458e+00
-6.673267326732674753e-01 -2.473404137566388883e+00
-6.667216721672168944e-01 -2.472603947973685212e+00
-6.661166116611663135e-01 -2.471804452013175446e+00
-6.655115511551157326e-01 -2.471005649684859140e+00
-6.649064906490651516e-01 -2.470207540988736739e+00
-6.643014301430145707e-01 -2.469410125924807797e+00
-6.636963696369639898e-01 -2.468613404493072316e+00
-6.630913091309134089e-01 -2.467817376693530740e+00
-6.624862486248628279e-01 -2.467022042526182624e+00
-6.618811881188122470e-01 -2.466227401991028412e+00
-6.612761276127616661e-01 -2.465433455088067216e+00
-6.606710671067110852e-01 -2.464640201817299925e+00
-6.600660066006605042e-01 -2.463847642178726538e+00
-6.594609460946099233e-01 -2.463055776172346611e+00
-6.588558855885593424e-01 -2.462264603798160145e+00
-6.582508250825087615e-01 -2.461474125056167583e+00
-6.576457645764581805e-01 -2.460684339946368482e+00
-6.570407040704075996e-01 -2.459895248468763285e+00
-6.564356435643565746e-01 -2.459106850623350660e+00
-6.558305830583059937e-01 -2.458319146410132383e+00
-6.552255225522554127e-01 -2.457532135829108011e+00
-6.546204620462048318e-01 -2.456745818880276655e+00
-6.540154015401542509e-01 -2.455960195563639648e+00
-6.534103410341036700e-01 -2.455175265879196100e+00
-6.528052805280530890e-01 -2.454391029826946014e+00
-6.522002200220025081e-01 -2.453607487406889831e+00
-6.515951595159519272e-01 -2.452824638619026665e+00
-6.509900990099013462e-01 -2.452042483463357403e+00
-6.503850385038507653e-01 -2.451261021939882045e+00
-6.497799779978001844e-01 -2.450480254048600148e+00
-6.491749174917496035e-01 -2.449700179789511267e+00
-6.485698569856990225e-01 -2.448920799162616735e+00
-6.479647964796484416e-01 -2.448142112167915663e+00
-6.473597359735978607e-01 -2.447364118805408495e+00
-6.467546754675472798e-01 -2.446586819075094787e+00
-6.461496149614966988e-01 -2.445810212976974540e+00
-6.455445544554461179e-01 -2.445034300511047309e+00
-6.449394939493950929e-01 -2.444259081677313983e+00
-6.443344334433445120e-01 -2.443484556475774561e+00
-6.437293729372939310e-01 -2.442710724906429043e+00
-6.431243124312433501e-01 -2.441937586969276985e+00
-6.425192519251927692e-01 -2.441165142664318388e+00
-6.419141914191421883e-01 -2.440393391991554140e+00
-6.413091309130916073e-01 -2.439622334950982463e+00
-6.407040704070410264e-01 -2.438851971542605135e+00
-6.400990099009904455e-01 -2.438082301766421267e+00
-6.394939493949398646e-01 -2.437313325622430860e+00
-6.388888888888892836e-01 -2.436545043110633912e+00
-6.382838283828387027e-01 -2.435777454231031314e+00
-6.376787678767881218e-01 -2.435010558983621287e+00
-6.370737073707375409e-01 -2.434244357368405609e+00
-6.364686468646869599e-01 -2.433478849385383391e+00
-6.358635863586363790e-01 -2.432714035034554634e+00
-6.352585258525857981e-01 -2.431949914315919781e+00
-6.346534653465352172e-01 -2.431186487229479276e+00
-6.340484048404841921e-01 -2.430423753775230455e+00
-6.334433443344336112e-01 -2.429661713953176871e+00
-6.328382838283830303e-01 -2.428900367763315860e+00
-6.322332233223324494e-01 -2.428139715205648752e+00
-6.316281628162818684e-01 -2.427379756280175993e+00
-6.310231023102312875e-01 -2.426620490986896250e+00
-6.304180418041807066e-01 -2.425861919325810412e+00
-6.298129812981301257e-01 -2.425104041296918034e+00
-6.292079207920795447e-01 -2.424346856900219116e+00
-6.286028602860289638e-01 -2.423590366135714103e+00
-6.279977997799783829e-01 -2.422834569003402549e+00
-6.273927392739278019e-01 -2.422079465503284901e+00
-6.267876787678772210e-01 -2.421325055635360712e+00
-6.261826182618266401e-01 -2.420571339399629984e+00
-6.255775577557760592e-01 -2.419818316796093161e+00
-6.249724972497254782e-01 -2.419065987824749797e+00
-6.243674367436748973e-01 -2.418314352485600338e+00
-6.237623762376243164e-01 -2.417563410778644339e+00
-6.231573157315737355e-01 -2.416813162703881801e+00
-6.225522552255227104e-01 -2.416063608261312279e+00
-6.219471947194721295e-01 -2.415314747450936661e+00
-6.213421342134215486e-01 -2.414566580272755836e+00
-6.207370737073709677e-01 -2.413819106726767139e+00
-6.201320132013203867e-01 -2.413072326812973234e+00
-6.195269526952698058e-01 -2.412326240531372790e+00
-6.189218921892192249e-01 -2.411580847881965362e+00
-6.183168316831686440e-01 -2.410836148864751394e+00
-6.177117711771180630e-01 -2.410092143479732218e+00
-6.171067106710674821e-01 -2.409348831726906059e+00
-6.165016501650169012e-01 -2.408606213606272917e+00
-6.158965896589663203e-01 -2.407864289117834566e+00
-6.152915291529157393e-01 -2.407123058261588788e+00
-6.146864686468651584e-01 -2.406382521037537359e+00
-6.140814081408145775e-01 -2.405642677445679389e+00
-6.134763476347639966e-01 -2.404903527486014436e+00
-6.128712871287134156e-01 -2.404165071158543832e+00
-6.122662266226628347e-01 -2.403427308463267131e+00
-6.116611661166118097e-01 -2.402690239400182559e+00
-6.110561056105612288e-01 -2.401953863969292335e+00
-6.104510451045106478e-01 -2.401218182170596016e+00
-6.098459845984600669e-01 -2.400483194004093157e+00
-6.092409240924094860e-01 -2.399748899469784646e+00
-6.086358635863589051e-01 -2.399015298567668708e+00
-6.080308030803083241e-01 -2.398282391297747118e+00
-6.074257425742577432e-01 -2.397550177660018988e+00
-6.068206820682071623e-01 -2.396818657654484319e+00
-6.062156215621565813e-01 -2.396087831281143110e+00
-6.056105610561060004e-01 -2.395357698539996250e+00
-6.050055005500554195e-01 -2.394628259431042405e+00
-6.044004400440048386e-01 -2.393899513954282021e+00
-6.037953795379542576e-01 -2.393171462109715542e+00
-6.031903190319036767e-01 -2.392444103897342522e+00
-6.025852585258530958e-01 -2.391717439317163851e+00
-6.019801980198025149e-01 -2.390991468369178197e+00
-6.013751375137519339e-01 -2.390266191053386002e+00
-6.007700770077013530e-01 -2.389541607369787712e+00
-6.001650165016503280e-01 -2.388817717318382883e+00
-5.995599559955997471e-01 -2.388094565525758384e+00
-5.989548954895491661e-01 -2.387372269833996086e+00
-5.983498349834985852e-01 -2.386650836518709351e+00
-5.977447744774480043e-01 -2.385930265579898180e+00
-5.971397139713974234e-01 -2.385210557017563016e+00
-5.965346534653468424e-01 -2.384491710831702971e+00
-5.959295929592962615e-01 -2.383773727022318489e+00
-5.953245324532456806e-01 -2.383056605589410015e+00
-5.947194719471950997e-01 -2.382340346532976660e+00
-5.941144114411445187e-01 -2.381624949853019313e+00
-5.935093509350939378e-01 -2.380910415549537529e+00
-5.929042904290433569e-01 -2.380196743622531752e+00
-5.922992299229927760e-01 -2.379483934072001095e+00
-5.916941694169421950e-01 -2.378771986897946444e+00
-5.910891089108916141e-01 -2.378060902100366913e+00
-5.904840484048410332e-01 -2.377350679679262946e+00
-5.898789878987904522e-01 -2.376641319634634986e+00
-5.892739273927394272e-01 -2.375932821966481701e+00
-5.886688668866888463e-01 -2.375225186674804867e+00
-5.880638063806382654e-01 -2.374518413759603597e+00
-5.874587458745876845e-01 -2.373812503220877446e+00
-5.868536853685371035e-01 -2.373107455058627746e+00
-5.862486248624865226e-01 -2.372403269272853166e+00
-5.856435643564359417e-01 -2.371699945863554593e+00
-5.850385038503853607e-01 -2.370997484830730695e+00
-5.844334433443347798e-01 -2.370295886174383249e+00
-5.838283828382841989e-01 -2.369595149894511366e+00
-5.832233223322336180e-01 -2.368895275991115046e+00
-5.826182618261830370e-01 -2.368196264464193845e+00
-5.820132013201324561e-01 -2.367498115313749096e+00
-5.814081408140818752e-01 -2.366800828539779467e+00
-5.808030803080312943e-01 -2.366104404142285844e+00
-5.801980198019807133e-01 -2.365408842121267341e+00
-5.795929592959301324e-01 -2.364714142476724401e+00
-5.789878987898795515e-01 -2.364020305208657025e+00
-5.783828382838289706e-01 -2.363327330317066099e+00
-5.777777777777779455e-01 -2.362635217801948961e+00
-5.771727172717273646e-01 -2.361943967663309163e+00
-5.765676567656767837e-01 -2.361253579901144040e+00
-5.759625962596262028e-01 -2.360564054515454924e+00
-5.753575357535756218e-01 -2.359875391506241371e+00
-5.747524752475250409e-01 -2.359187590873503826e+00
-5.741474147414744600e-01 -2.358500652617241400e+00
-5.735423542354238791e-01 -2.357814576737454981e+00
-5.729372937293732981e-01 -2.357129363234144126e+00
-5.723322332233227172e-01 -2.356445012107308390e+00
-5.717271727172721363e-01 -2.355761523356949105e+00
-5.711221122112215554e-01 -2.355078896983064496e+00
-5.705170517051709744e-01 -2.354397132985655894e+00
-5.699119911991203935e-01 -2.353716231364723299e+00
-5.693069306930698126e-01 -2.353036192120265824e+00
-5.687018701870192317e-01 -2.352357015252283468e+00
-5.680968096809686507e-01 -2.351678700760778451e+00
-5.674917491749180698e-01 -2.351001248645747221e+00
-5.668866886688670448e-01 -2.350324658907192443e+00
-5.662816281628164639e-01 -2.349648931545112784e+00
-5.656765676567658829e-01 -2.348974066559509133e+00
-5.650715071507153020e-01 -2.348300063950381045e+00
-5.644664466446647211e-01 -2.347626923717728520e+00
-5.638613861386141402e-01 -2.346954645861551558e+00
-5.632563256325635592e-01 -2.346283230381850604e+00
-5.626512651265129783e-01 -2.345612677278625213e+00
-5.620462046204623974e-01 -2.344942986551874498e+00
-5.614411441144118164e-01 -2.344274158201600677e+00
-5.608360836083612355e-01 -2.343606192227801976e+00
-5.602310231023106546e-01 -2.342939088630478839e+00
-5.596259625962600737e-01 -2.342272847409631265e+00
-5.590209020902094927e-01 -2.341607468565258809e+00
-5.584158415841589118e-01 -2.340942952097362806e+00
-5.578107810781083309e-01 -2.340279298005941921e+00
-5.572057205720577500e-01 -2.339616506290996600e+00
-5.566006600660071690e-01 -2.338954576952527287e+00
-5.559955995599561440e-01 -2.338293509990533536e+00
-5.553905390539055631e-01 -2.337633305405014905e+00
-5.547854785478549822e-01 -2.336973963195972281e+00
-5.541804180418044012e-01 -2.336315483363405221e+00
-5.535753575357538203e-01 -2.335657865907313724e+00
-5.529702970297032394e-01 -2.335001110827698234e+00
-5.523652365236526585e-01 -2.334345218124557420e+00
-5.517601760176020775e-01 -2.333690187797893056e+00
-5.511551155115514966e-01 -2.333036019847704257e+00
-5.505500550055009157e-01 -2.332382714273990576e+00
-5.499449944994503348e-01 -2.331730271076752903e+00
-5.493399339933997538e-01 -2.331078690255990793e+00
-5.487348734873491729e-01 -2.330427971811703802e+00
-5.481298129812985920e-01 -2.329778115743892819e+00
-5.475247524752480111e-01 -2.329129122052557843e+00
-5.469196919691974301e-01 -2.328480990737697987e+00
-5.463146314631468492e-01 -2.327833721799314137e+00
-5.457095709570962683e-01 -2.327187315237405407e+00
-5.451045104510456873e-01 -2.326541771051972685e+00
-5.444994499449946623e-01 -2.325897089243014637e+00
-5.438943894389440814e-01 -2.325253269810533485e+00
-5.432893289328935005e-01 -2.324610312754527008e+00
-5.426842684268429196e-01 -2.323968218074996539e+00
-5.420792079207923386e-01 -2.323326985771941633e+00
-5.414741474147417577e-01 -2.322686615845362734e+00
-5.408690869086911768e-01 -2.322047108295258955e+00
-5.402640264026405958e-01 -2.321408463121631183e+00
-5.396589658965900149e-01 -2.320770680324478530e+00
-5.390539053905394340e-01 -2.320133759903802328e+00
-5.384488448844888531e-01 -2.319497701859600802e+00
-5.378437843784382721e-01 -2.318862506191875283e+00
-5.372387238723876912e-01 -2.318228172900625328e+00
-5.366336633663371103e-01 -2.317594701985850936e+00
-5.360286028602865294e-01 -2.316962093447552551e+00
-5.354235423542359484e-01 -2.316330347285729285e+00
-5.348184818481853675e-01 -2.315699463500381583e+00
-5.342134213421347866e-01 -2.315069442091509444e+00
-5.336083608360837616e-01 -2.314440283059112868e+00
-5.330033003300331806e-01 -2.313811986403192300e+00
-5.323982398239825997e-01 -2.313184552123747739e+00
-5.317931793179320188e-01 -2.312557980220777853e+00
-5.311881188118814379e-01 -2.311932270694283531e+00
-5.305830583058308569e-01 -2.311307423544265660e+00
-5.299779977997802760e-01 -2.310683438770722908e+00
-5.293729372937296951e-01 -2.310060316373656164e+00
-5.287678767876791142e-01 -2.309438056353064539e+00
-5.281628162816285332e-01 -2.308816658708948921e+00
-5.275577557755779523e-01 -2.308196123441309311e+00
-5.269526952695273714e-01 -2.307576450550144376e+00
-5.263476347634767905e-01 -2.306957640035455004e+00
-5.257425742574262095e-01 -2.306339691897242083e+00
-5.251375137513756286e-01 -2.305722606135504282e+00
-5.245324532453250477e-01 -2.305106382750242489e+00
-5.239273927392744667e-01 -2.304491021741455370e+00
-5.233223322332238858e-01 -2.303876523109145147e+00
-5.227172717271733049e-01 -2.303262886853309599e+00
-5.221122112211222799e-01 -2.302650112973949170e+00
-5.215071507150716990e-01 -2.302038201471065637e+00
-5.209020902090211180e-01 -2.301427152344657223e+00
-5.202970297029705371e-01 -2.300816965594724373e+00
-5.196919691969199562e-01 -2.300207641221267085e+00
-5.190869086908693752e-01 -2.299599179224285805e+00
-5.184818481848187943e-01 -2.298991579603779201e+00
-5.178767876787682134e-01 -2.298384842359749491e+00
-5.172717271727176325e-01 -2.297778967492194457e+00
-5.166666666666670515e-01 -2.297173955001115431e+00
-5.160616061606164706e-01 -2.296569804886511523e+00
-5.154565456545658897e-01 -2.295966517148384067e+00
-5.148514851485153088e-01 -2.295364091786731731e+00
-5.142464246424647278e-01 -2.294762528801554513e+00
-5.136413641364141469e-01 -2.294161828192853747e+00
-5.130363036303635660e-01 -2.293561989960628100e+00
-5.124312431243129851e-01 -2.292963014104878461e+00
-5.118261826182624041e-01 -2.292364900625603941e+00
-5.112211221122113791e-01 -2.291767649522804984e+00
-5.106160616061607982e-01 -2.291171260796481590e+00
-5.100110011001102173e-01 -2.290575734446634648e+00
-5.094059405940596363e-01 -2.289981070473262825e+00
-5.088008800880090554e-01 -2.289387268876366122e+00
-5.081958195819584745e-01 -2.288794329655945869e+00
-5.075907590759078936e-01 -2.288202252812000737e+00
-5.069856985698573126e-01 -2.287611038344531167e+00
-5.063806380638067317e-01 -2.287020686253537605e+00
-5.057755775577561508e-01 -2.286431196539020050e+00
-5.051705170517055699e-01 -2.285842569200977170e+00
-5.045654565456549889e-01 -2.285254804239410298e+00
-5.039603960396044080e-01 -2.284667901654318545e+00
-5.033553355335538271e-01 -2.284081861445703243e+00
-5.027502750275032462e-01 -2.283496683613563505e+00
-5.021452145214526652e-01 -2.282912368157898442e+00
-5.015401540154020843e-01 -2.282328915078709830e+00
-5.009350935093515034e-01 -2.281746324375996782e+00
-5.003300330033009224e-01 -2.281164596049759297e+00
-4.997249724972498974e-01 -2.280583730099996487e+00
-4.991199119911993165e-01 -2.280003726526710128e+00
-4.985148514851487356e-01 -2.279424585329899333e+00
-4.979097909790981547e-01 -2.278846306509564101e+00
-4.973047304730475737e-01 -2.278268890065704433e+00
-4.966996699669969928e-01 -2.277692335998320328e+00
-4.960946094609464119e-01 -2.277116644307412230e+00
-4.954895489548958309e-01 -2.276541814992979695e+00
-4.948844884488452500e-01 -2.275967848055022280e+00
-4.942794279427946691e-01 -2.275394743493540872e+00
-4.936743674367440882e-01 -2.274822501308534584e+00
-4.930693069306935072e-01 -2.274251121500004302e+00
-4.924642464246429263e-01 -2.273680604067949584e+00
-4.918591859185923454e-01 -2.273110949012370874e+00
-4.912541254125417645e-01 -2.272542156333267283e+00
-4.906490649064911835e-01 -2.271974226030639255e+00
-4.900440044004406026e-01 -2.271407158104487234e+00
-4.894389438943900217e-01 -2.270840952554810332e+00
-4.888338833883389967e-01 -2.270275609381608550e+00
-4.882288228822884157e-01 -2.269711128584883664e+00
-4.876237623762378348e-01 -2.269147510164633452e+00
-4.870187018701872539e-01 -2.268584754120859692e+00
-4.864136413641366730e-01 -2.268022860453560607e+00
-4.858085808580860920e-01 -2.267461829162737530e+00
-4.852035203520355111e-01 -2.266901660248390904e+00
-4.845984598459849302e-01 -2.266342353710518953e+00
-4.839933993399343493e-01 -2.265783909549122566e+00
-4.833883388338837683e-01 -2.265226327764202630e+00
-4.827832783278331874e-01 -2.264669608355757369e+00
-4.821782178217826065e-01 -2.264113751323788115e+00
-4.815731573157320256e-01 -2.263558756668294425e+00
-4.809680968096814446e-01 -2.263004624389276298e+00
-4.803630363036308637e-01 -2.262451354486734179e+00
-4.797579757975802828e-01 -2.261898946960666734e+00
-4.791529152915297018e-01 -2.261347401811075741e+00
-4.785478547854791209e-01 -2.260796719037960312e+00
-4.779427942794285400e-01 -2.260246898641320001e+00
-4.773377337733775150e-01 -2.259697940621155254e+00
-4.767326732673269341e-01 -2.259149844977466515e+00
-4.761276127612763531e-01 -2.258602611710253338e+00
-4.755225522552257722e-01 -2.258056240819515281e+00
-4.749174917491751913e-01 -2.257510732305253676e+00
-4.743124312431246103e-01 -2.256966086167467189e+00
-4.737073707370740294e-01 -2.256422302406156710e+00
-4.731023102310234485e-01 -2.255879381021321350e+00
-4.724972497249728676e-01 -2.255337322012961998e+00
-4.718921892189222866e-01 -2.254796125381078209e+00
-4.712871287128717057e-01 -2.254255791125669983e+00
-4.706820682068211248e-01 -2.253716319246737321e+00
-4.700770077007705439e-01 -2.253177709744280222e+00
-4.694719471947199629e-01 -2.252639962618298686e+00
-4.688668866886693820e-01 -2.252103077868792713e+00
-4.682618261826188011e-01 -2.251567055495762748e+00
-4.676567656765682202e-01 -2.251031895499207902e+00
-4.670517051705176392e-01 -2.250497597879128620e+00
-4.664466446644666142e-01 -2.249964162635524900e+00
-4.658415841584160333e-01 -2.249431589768397188e+00
-4.652365236523654524e-01 -2.248899879277745484e+00
-4.646314631463148714e-01 -2.248369031163568454e+00
-4.640264026402642905e-01 -2.247839045425867432e+00
-4.634213421342137096e-01 -2.247309922064642418e+00
-4.628162816281631287e-01 -2.246781661079892078e+00
-4.622112211221125477e-01 -2.246254262471618190e+00
-4.616061606160619668e-01 -2.245727726239819866e+00
-4.610011001100113859e-01 -2.245202052384497104e+00
-4.603960396039608050e-01 -2.244677240905649906e+00
-4.597909790979102240e-01 -2.244153291803278272e+00
-4.591859185918596431e-01 -2.243630205077382200e+00
-4.585808580858090622e-01 -2.243107980727961692e+00
-4.579757975797584812e-01 -2.242586618755016303e+00
-4.573707370737079003e-01 -2.242066119158547366e+00
-4.567656765676573194e-01 -2.241546481938553992e+00
-4.561606160616067385e-01 -2.241027707095035737e+00
-4.555555555555561575e-01 -2.240509794627993045e+00
-4.549504950495051325e-01 -2.239992744537426361e+00
-4.543454345434545516e-01 -2.239476556823335240e+00
-4.537403740374039707e-01 -2.238961231485719683e+00
-4.531353135313533897e-01 -2.238446768524579689e+00
-4.525302530253028088e-01 -2.237933167939915258e+00
-4.519251925192522279e-01 -2.237420429731726390e+00
-4.513201320132016470e-01 -2.236908553900013530e+00
-4.507150715071510660e-01 -2.236397540444775789e+00
-4.501100110011004851e-01 -2.235887389366014055e+00
-4.495049504950499042e-01 -2.235378100663727441e+00
-4.488998899889993233e-01 -2.234869674337916834e+00
-4.482948294829487423e-01 -2.234362110388581790e+00
-4.476897689768981614e-01 -2.233855408815722754e+00
-4.470847084708475805e-01 -2.233349569619338837e+00
-4.464796479647969996e-01 -2.232844592799430039e+00
-4.458745874587464186e-01 -2.232340478355997693e+00
-4.452695269526958377e-01 -2.231837226289040910e+00
-4.446644664466452568e-01 -2.231334836598559246e+00
-4.440594059405942318e-01 -2.230833309284553145e+00
-4.434543454345436508e-01 -2.230332644347023052e+00
-4.428492849284930699e-01 -2.229832841785968522e+00
-4.422442244224424890e-01 -2.229333901601389556e+00
-4.416391639163919081e-01 -2.228835823793286597e+00
-4.410341034103413271e-01 -2.228338608361658757e+00
-4.404290429042907462e-01 -2.227842255306506480e+00
-4.398239823982401653e-01 -2.227346764627830211e+00
-4.392189218921895844e-01 -2.226852136325629061e+00
-4.386138613861390034e-01 -2.226358370399903919e+00
-4.380088008800884225e-01 -2.225865466850653895e+00
-4.374037403740378416e-01 -2.225373425677879879e+00
-4.367986798679872606e-01 -2.224882246881581427e+00
-4.361936193619366797e-01 -2.224391930461758982e+00
-4.355885588558860988e-01 -2.223902476418411212e+00
-4.349834983498355179e-01 -2.223413884751539893e+00
-4.343784378437849369e-01 -2.222926155461144138e+00
-4.337733773377343560e-01 -2.222439288547223502e+00
-4.331683168316833310e-01 -2.221953284009778429e+00
-4.325632563256327501e-01 -2.221468141848809363e+00
-4.319581958195821692e-01 -2.220983862064315417e+00
-4.313531353135315882e-01 -2.220500444656297478e+00
-4.307480748074810073e-01 -2.220017889624755547e+00
-4.301430143014304264e-01 -2.219536196969688291e+00
-4.295379537953798454e-01 -2.219055366691097486e+00
-4.289328932893292645e-01 -2.218575398788981801e+00
-4.283278327832786836e-01 -2.218096293263342123e+00
-4.277227722772281027e-01 -2.217618050114178008e+00
-4.271177117711775217e-01 -2.217140669341489456e+00
-4.265126512651269408e-01 -2.216664150945276468e+00
-4.259075907590763599e-01 -2.216188494925538599e+00
-4.253025302530257790e-01 -2.215713701282276737e+00
-4.246974697469751980e-01 -2.215239770015490883e+00
-4.240924092409246171e-01 -2.214766701125180148e+00
-4.234873487348740362e-01 -2.214294494611344977e+00
-4.228822882288234553e-01 -2.213823150473985812e+00
-4.222772277227728743e-01 -2.213352668713101767e+00
-4.216721672167218493e-01 -2.212883049328693286e+00
-4.210671067106712684e-01 -2.212414292320760811e+00
-4.204620462046206875e-01 -2.211946397689303900e+00
-4.198569856985701065e-01 -2.211479365434322553e+00
-4.192519251925195256e-01 -2.211013195555817212e+00
-4.186468646864689447e-01 -2.210547888053786991e+00
-4.180418041804183638e-01 -2.210083442928232333e+00
-4.174367436743677828e-01 -2.209619860179153683e+00
-4.168316831683172019e-01 -2.209157139806549708e+00
-4.162266226622666210e-01 -2.208695281810422184e+00
-4.156215621562160401e-01 -2.208234286190770668e+00
-4.150165016501654591e-01 -2.207774152947593826e+00
-4.144114411441148782e-01 -2.207314882080893437e+00
-4.138063806380642973e-01 -2.206856473590668166e+00
-4.132013201320137163e-01 -2.206398927476918459e+00
-4.125962596259631354e-01 -2.205942243739644315e+00
-4.119911991199125545e-01 -2.205486422378846179e+00
-4.113861386138619736e-01 -2.205031463394523161e+00
-4.107810781078109486e-01 -2.204577366786676151e+00
-4.101760176017603676e-01 -2.204124132555304705e+00
-4.095709570957097867e-01 -2.203671760700408377e+00
-4.089658965896592058e-01 -2.203220251221988057e+00
-4.083608360836086248e-01 -2.202769604120043301e+00
-4.077557755775580439e-01 -2.202319819394574552e+00
-4.071507150715074630e-01 -2.201870897045580922e+00
-4.065456545654568821e-01 -2.201422837073063299e+00
-4.059405940594063011e-01 -2.200975639477020795e+00
-4.053355335533557202e-01 -2.200529304257454299e+00
-4.047304730473051393e-01 -2.200083831414362923e+00
-4.041254125412545584e-01 -2.199639220947747553e+00
-4.035203520352039774e-01 -2.199195472857608191e+00
-4.029152915291533965e-01 -2.198752587143943504e+00
-4.023102310231028156e-01 -2.198310563806755269e+00
-4.017051705170522347e-01 -2.197869402846042597e+00
-4.011001100110016537e-01 -2.197429104261804156e+00
-4.004950495049510728e-01 -2.196989668054043054e+00
-3.998899889989004919e-01 -2.196551092797347504e+00
-3.992849284928494669e-01 -2.196113322544397395e+00
-3.986798679867988859e-01 -2.195676328430651303e+00
-3.980748074807483050e-01 -2.195240110456110116e+00
-3.974697469746977241e-01 -2.194804668620772947e+00
-3.968646864686471432e-01 -2.194370002924640684e+00
-3.962596259625965622e-01 -2.193936113367712437e+00
-3.956545654565459813e-01 -2.193502999949988208e+00
-3.950495049504954004e-01 -2.193070662671468440e+00
-3.944444444444448195e-01 -2.192639101532154022e+00
-3.938393839383942385e-01 -2.192208316532043177e+00
-3.932343234323436576e-01 -2.191778307671136350e+00
-3.926292629262930767e-01 -2.191349074949434428e+00
-3.920242024202424957e-01 -2.190920618366936523e+00
-3.914191419141919148e-01 -2.190492937923643524e+00
-3.908140814081413339e-01 -2.190066033619554542e+00
-3.902090209020907530e-01 -2.189639905454669577e+00
-3.896039603960401720e-01 -2.189214553428989074e+00
-3.889988998899895911e-01 -2.188789977542513032e+00
-3.883938393839385661e-01 -2.188366177795241452e+00
-3.877887788778879852e-01 -2.187943154187174777e+00
-3.871837183718374042e-01 -2.187520906718311675e+00
-3.865786578657868233e-01 -2.187099435388653035e+00
-3.859735973597362424e-01 -2.186678740198198856e+00
-3.853685368536856615e-01 -2.186258821146949138e+00
-3.847634763476350805e-01 -2.185839678234903438e+00
-3.841584158415844996e-01 -2.185421311462062643e+00
-3.835533553355339187e-01 -2.185003720828425422e+00
-3.829482948294833378e-01 -2.184586906333993550e+00
-3.823432343234327568e-01 -2.184170867978765695e+00
-3.817381738173821759e-01 -2.183755605762741858e+00
-3.811331133113315950e-01 -2.183341119685922482e+00
-3.805280528052810141e-01 -2.182927409748308012e+00
-3.799229922992304331e-01 -2.182514475949897559e+00
-3.793179317931798522e-01 -2.182102318290691123e+00
-3.787128712871292713e-01 -2.181690936770689593e+00
-3.781078107810786904e-01 -2.181280331389891636e+00
-3.775027502750281094e-01 -2.180870502148298140e+00
-3.768976897689770844e-01 -2.180461449045909550e+00
-3.762926292629265035e-01 -2.180053172082724977e+00
-3.756875687568759226e-01 -2.179645671258744422e+00
-3.750825082508253416e-01 -2.179238946573969216e+00
-3.744774477447747607e-01 -2.178832998028397583e+00
-3.738723872387241798e-01 -2.178427825622030856e+00
-3.732673267326735989e-01 -2.178023429354868590e+00
-3.726622662266230179e-01 -2.177619809226909897e+00
-3.720572057205724370e-01 -2.177216965238156110e+00
-3.714521452145218561e-01 -2.176814897388606784e+00
-3.708470847084712751e-01 -2.176413605678261032e+00
-3.702420242024206942e-01 -2.176013090107120629e+00
-3.696369636963701133e-01 -2.175613350675183799e+00
-3.690319031903195324e-01 -2.175214387382451875e+00
-3.684268426842689514e-01 -2.174816200228923968e+00
-3.678217821782183705e-01 -2.174418789214600967e+00
-3.672167216721677896e-01 -2.174022154339481983e+00
-3.666116611661172087e-01 -2.173626295603566572e+00
-3.660066006600661837e-01 -2.173231213006856066e+00
-3.654015401540156027e-01 -2.172836906549350466e+00
-3.647964796479650218e-01 -2.172443376231048884e+00
-3.641914191419144409e-01 -2.172050622051951319e+00
-3.635863586358638599e-01 -2.171658644012058659e+00
-3.629812981298132790e-01 -2.171267442111370460e+00
-3.623762376237626981e-01 -2.170877016349885835e+00
-3.617711771177121172e-01 -2.170487366727606116e+00
-3.611661166116615362e-01 -2.170098493244530857e+00
-3.605610561056109553e-01 -2.169710395900659172e+00
-3.599559955995603744e-01 -2.169323074695992837e+00
-3.593509350935097935e-01 -2.168936529630530519e+00
-3.587458745874592125e-01 -2.168550760704272218e+00
-3.581408140814086316e-01 -2.168165767917218378e+00
-3.575357535753580507e-01 -2.167781551269369444e+00
-3.569306930693074698e-01 -2.167398110760724528e+00
-3.563256325632568888e-01 -2.167015446391283628e+00
-3.557205720572063079e-01 -2.166633558161047635e+00
-3.551155115511557270e-01 -2.166252446070015214e+00
-3.545104510451047020e-01 -2.165872110118188143e+00
-3.539053905390541210e-01 -2.165492550305564645e+00
-3.533003300330035401e-01 -2.165113766632146053e+00
-3.526952695269529592e-01 -2.164735759097931478e+00
-3.520902090209023783e-01 -2.164358527702921364e+00
-3.514851485148517973e-01 -2.163982072447115712e+00
-3.508800880088012164e-01 -2.163606393330514521e+00
-3.502750275027506355e-01 -2.163231490353117348e+00
-3.496699669967000546e-01 -2.162857363514924192e+00
-3.490649064906494736e-01 -2.162484012815935941e+00
-3.484598459845988927e-01 -2.162111438256152152e+00
-3.478547854785483118e-01 -2.161739639835572380e+00
-3.472497249724977308e-01 -2.161368617554197513e+00
-3.466446644664471499e-01 -2.160998371412026664e+00
-3.460396039603965690e-01 -2.160628901409059832e+00
-3.454345434543459881e-01 -2.160260207545297906e+00
-3.448294829482954071e-01 -2.159892289820740441e+00
-3.442244224422448262e-01 -2.159525148235386549e+00
-3.436193619361938012e-01 -2.159158782789237563e+00
-3.430143014301432203e-01 -2.158793193482292594e+00
-3.424092409240926393e-01 -2.158428380314552086e+00
-3.418041804180420584e-01 -2.158064343286016040e+00
-3.411991199119914775e-01 -2.157701082396684455e+00
-3.405940594059408966e-01 -2.157338597646556888e+00
-3.399889988998903156e-01 -2.156976889035634670e+00
-3.393839383938397347e-01 -2.156615956563915582e+00
-3.387788778877891538e-01 -2.156255800231401398e+00
-3.381738173817385729e-01 -2.155896420038091676e+00
-3.375687568756879919e-01 -2.155537815983986416e+00
-3.369636963696374110e-01 -2.155179988069084729e+00
-3.363586358635868301e-01 -2.154822936293388391e+00
-3.357535753575362492e-01 -2.154466660656895627e+00
-3.351485148514856682e-01 -2.154111161159607768e+00
-3.345434543454350873e-01 -2.153756437801524370e+00
-3.339383938393845064e-01 -2.153402490582644990e+00
-3.333333333333339255e-01 -2.153049319502970071e+00
-3.327282728272829004e-01 -2.152696924562499170e+00
-3.321232123212323195e-01 -2.152345305761232730e+00
-3.315181518151817386e-01 -2.151994463099170751e+00
-3.309130913091311577e-01 -2.151644396576313234e+00
-3.303080308030805767e-01 -2.151295106192659734e+00
-3.297029702970299958e-01 -2.150946591948211140e+00
-3.290979097909794149e-01 -2.150598853842966562e+00
-3.284928492849288340e-01 -2.150251891876926447e+00
-3.278877887788782530e-01 -2.149905706050090792e+00
-3.272827282728276721e-01 -2.149560296362459599e+00
-3.266776677667770912e-01 -2.149215662814032424e+00
-3.260726072607265102e-01 -2.148871805404809709e+00
-3.254675467546759293e-01 -2.148528724134791013e+00
-3.248624862486253484e-01 -2.148186419003978109e+00
-3.242574257425747675e-01 -2.147844890012367447e+00
-3.236523652365241865e-01 -2.147504137159962578e+00
-3.230473047304736056e-01 -2.147164160446761727e+00
-3.224422442244230247e-01 -2.146824959872765337e+00
-3.218371837183724438e-01 -2.146486535437972965e+00
-3.212321232123214187e-01 -2.146148887142384609e+00
-3.206270627062708378e-01 -2.145812014986001159e+00
-3.200220022002202569e-01 -2.145475918968822171e+00
-3.194169416941696760e-01 -2.145140599090847644e+00
-3.188118811881190950e-01 -2.144806055352077134e+00
-3.182068206820685141e-01 -2.144472287752511530e+00
-3.176017601760179332e-01 -2.144139296292149499e+00
-3.169966996699673523e-01 -2.143807080970992374e+00
-3.163916391639167713e-01 -2.143475641789039265e+00
-3.157865786578661904e-01 -2.143144978746290619e+00
-3.151815181518156095e-01 -2.142815091842746433e+00
-3.145764576457650286e-01 -2.142485981078406709e+00
-3.139713971397144476e-01 -2.142157646453271003e+00
-3.133663366336638667e-01 -2.141830087967339757e+00
-3.127612761276132858e-01 -2.141503305620613418e+00
-3.121562156215627049e-01 -2.141177299413090651e+00
-3.115511551155121239e-01 -2.140852069344772346e+00
-3.109460946094615430e-01 -2.140527615415658946e+00
-3.103410341034105180e-01 -2.140203937625749120e+00
-3.097359735973599371e-01 -2.139881035975044199e+00
-3.091309130913093561e-01 -2.139558910463543295e+00
-3.085258525852587752e-01 -2.139237561091247297e+00
-3.079207920792081943e-01 -2.138916987858154872e+00
-3.073157315731576134e-01 -2.138597190764267797e+00
-3.067106710671070324e-01 -2.138278169809584295e+00
-3.061056105610564515e-01 -2.137959924994105254e+00
-3.055005500550058706e-01 -2.137642456317831563e+00
-3.048954895489552896e-01 -2.137325763780761001e+00
-3.042904290429047087e-01 -2.137009847382894900e+00
-3.036853685368541278e-01 -2.136694707124233261e+00
-3.030803080308035469e-01 -2.136380343004776083e+00
-3.024752475247529659e-01 -2.136066755024523811e+00
-3.018701870187023850e-01 -2.135753943183475556e+00
-3.012651265126518041e-01 -2.135441907481631763e+00
-3.006600660066012232e-01 -2.135130647918991542e+00
-3.000550055005506422e-01 -2.134820164495556671e+00
-2.994499449945000613e-01 -2.134510457211325374e+00
-2.988448844884490363e-01 -2.134201526066298982e+00
-2.982398239823984554e-01 -2.133893371060476607e+00
-2.976347634763478744e-01 -2.133585992193858694e+00
-2.970297029702972935e-01 -2.133279389466445242e+00
-2.964246424642467126e-01 -2.132973562878236251e+00
-2.958195819581961317e-01 -2.132668512429231278e+00
-2.952145214521455507e-01 -2.132364238119430766e+00
-2.946094609460949698e-01 -2.132060739948834716e+00
-2.940044004400443889e-01 -2.131758017917443127e+00
-2.933993399339938080e-01 -2.131456072025255555e+00
-2.927942794279432270e-01 -2.131154902272272889e+00
-2.921892189218926461e-01 -2.130854508658494240e+00
-2.915841584158420652e-01 -2.130554891183920052e+00
-2.909790979097914843e-01 -2.130256049848549882e+00
-2.903740374037409033e-01 -2.129957984652384173e+00
-2.897689768976903224e-01 -2.129660695595423814e+00
-2.891639163916397415e-01 -2.129364182677666584e+00
-2.885588558855891606e-01 -2.129068445899113815e+00
-2.879537953795381355e-01 -2.128773485259765952e+00
-2.873487348734875546e-01 -2.128479300759621662e+00
-2.867436743674369737e-01 -2.128185892398682721e+00
-2.861386138613863928e-01 -2.127893260176947354e+00
-2.855335533553358118e-01 -2.127601404094416893e+00
-2.849284928492852309e-01 -2.127310324151090448e+00
-2.843234323432346500e-01 -2.127020020346968465e+00
-2.837183718371840691e-01 -2.126730492682050944e+00
-2.831133113311334881e-01 -2.126441741156337883e+00
-2.825082508250829072e-01 -2.126153765769828841e+00
-2.819031903190323263e-01 -2.125866566522524259e+00
-2.812981298129817453e-01 -2.125580143414424139e+00
-2.806930693069311644e-01 -2.125294496445528036e+00
-2.800880088008805835e-01 -2.125009625615836839e+00
-2.794829482948300026e-01 -2.124725530925350103e+00
-2.788778877887794216e-01 -2.124442212374066941e+00
-2.782728272827288407e-01 -2.124159669961988239e+00
-2.776677667766782598e-01 -2.123877903689114888e+00
-2.770627062706276789e-01 -2.123596913555444665e+00
-2.764576457645766538e-01 -2.123316699560979348e+00
-2.758525852585260729e-01 -2.123037261705718048e+00
-2.752475247524754920e-01 -2.122758599989661654e+00
-2.746424642464249111e-01 -2.122480714412809721e+00
-2.740374037403743301e-01 -2.122203604975161806e+00
-2.734323432343237492e-01 -2.121927271676717908e+00
-2.728272827282731683e-01 -2.121651714517478915e+00
-2.722222222222225874e-01 -2.121376933497443940e+00
-2.716171617161720064e-01 -2.121102928616613870e+00
-2.710121012101214255e-01 -2.120829699874987373e+00
-2.704070407040708446e-01 -2.120557247272565782e+00
-2.698019801980202637e-01 -2.120285570809348652e+00
-2.691969196919696827e-01 -2.120014670485335539e+00
-2.685918591859191018e-01 -2.119744546300526888e+00
-2.679867986798685209e-01 -2.119475198254922255e+00
-2.673817381738179400e-01 -2.119206626348522970e+00
-2.667766776677673590e-01 -2.118938830581327259e+00
-2.661716171617167781e-01 -2.118671810953336010e+00
-2.655665566556657531e-01 -2.118405567464548778e+00
-2.649614961496151722e-01 -2.118140100114966007e+00
-2.643564356435645912e-01 -2.117875408904588141e+00
-2.637513751375140103e-01 -2.117611493833414293e+00
-2.631463146314634294e-01 -2.117348354901444907e+00
-2.625412541254128485e-01 -2.117085992108679982e+00
-2.619361936193622675e-01 -2.116824405455119074e+00
-2.613311331133116866e-01 -2.116563594940762627e+00
-2.607260726072611057e-01 -2.116303560565610642e+00
-2.601210121012105247e-01 -2.116044302329663118e+00
-2.595159515951599438e-01 -2.115785820232919612e+00
-2.589108910891093629e-01 -2.115528114275381011e+00
-2.583058305830587820e-01 -2.115271184457045983e+00
-2.577007700770082010e-01 -2.115015030777915861e+00
-2.570957095709576201e-01 -2.114759653237990644e+00
-2.564906490649070392e-01 -2.114505051837269001e+00
-2.558855885588564583e-01 -2.114251226575751819e+00
-2.552805280528058773e-01 -2.113998177453438654e+00
-2.546754675467552964e-01 -2.113745904470329950e+00
-2.540704070407042714e-01 -2.113494407626426153e+00
-2.534653465346536905e-01 -2.113243686921726372e+00
-2.528602860286031095e-01 -2.112993742356231053e+00
-2.522552255225525286e-01 -2.112744573929940195e+00
-2.516501650165019477e-01 -2.112496181642853799e+00
-2.510451045104513668e-01 -2.112248565494970975e+00
-2.504400440044007858e-01 -2.112001725486293058e+00
-2.498349834983502049e-01 -2.111755661616820046e+00
-2.492299229922996240e-01 -2.111510373886550607e+00
-2.486248624862490431e-01 -2.111265862295485629e+00
-2.480198019801984621e-01 -2.111022126843625557e+00
-2.474147414741478812e-01 -2.110779167530969058e+00
-2.468096809680973003e-01 -2.110536984357517465e+00
-2.462046204620467194e-01 -2.110295577323269889e+00
-2.455995599559961384e-01 -2.110054946428227218e+00
-2.449944994499455575e-01 -2.109815091672388121e+00
-2.443894389438949766e-01 -2.109576013055753929e+00
-2.437843784378443956e-01 -2.109337710578324199e+00
-2.431793179317933706e-01 -2.109100184240098041e+00
-2.425742574257427897e-01 -2.108863434041077234e+00
-2.419691969196922088e-01 -2.108627459981259999e+00
-2.413641364136416279e-01 -2.108392262060647671e+00
-2.407590759075910469e-01 -2.108157840279239359e+00
-2.401540154015404660e-01 -2.107924194637035509e+00
-2.395489548954898851e-01 -2.107691325134036120e+00
-2.389438943894393041e-01 -2.107459231770241193e+00
-2.383388338833887232e-01 -2.107227914545650727e+00
-2.377337733773381423e-01 -2.106997373460263834e+00
-2.371287128712875614e-01 -2.106767608514081846e+00
-2.365236523652369804e-01 -2.106538619707104321e+00
-2.359185918591863995e-01 -2.106310407039330812e+00
-2.353135313531358186e-01 -2.106082970510761765e+00
-2.347084708470852377e-01 -2.105856310121397179e+00
-2.341034103410346567e-01 -2.105630425871237055e+00
-2.334983498349840758e-01 -2.105405317760281392e+00
-2.328932893289334949e-01 -2.105180985788529746e+00
-2.322882288228829140e-01 -2.104957429955982118e+00
-2.316831683168318889e-01 -2.104734650262639395e+00
-2.310781078107813080e-01 -2.104512646708501133e+00
-2.304730473047307271e-01 -2.104291419293566889e+00
-2.298679867986801462e-01 -2.104070968017837551e+00
-2.292629262926295652e-01 -2.103851292881311785e+00
-2.286578657865789843e-01 -2.103632393883990481e+00
-2.280528052805284034e-01 -2.103414271025874527e+00
-2.274477447744778225e-01 -2.103196924306961701e+00
-2.268426842684272415e-01 -2.102980353727254226e+00
-2.262376237623766606e-01 -2.102764559286750323e+00
-2.256325632563260797e-01 -2.102549540985451326e+00
-2.250275027502754988e-01 -2.102335298823356347e+00
-2.244224422442249178e-01 -2.102121832800465384e+00
-2.238173817381743369e-01 -2.101909142916779327e+00
-2.232123212321237560e-01 -2.101697229172297732e+00
-2.226072607260731751e-01 -2.101486091567020598e+00
-2.220022002200225941e-01 -2.101275730100947037e+00
-2.213971397139720132e-01 -2.101066144774078381e+00
-2.207920792079209882e-01 -2.100857335586413743e+00
-2.201870187018704073e-01 -2.100649302537954011e+00
-2.195819581958198263e-01 -2.100442045628698295e+00
-2.189768976897692454e-01 -2.100235564858646597e+00
-2.183718371837186645e-01 -2.100029860227800249e+00
-2.177667766776680836e-01 -2.099824931736157474e+00
-2.171617161716175026e-01 -2.099620779383719604e+00
-2.165566556655669217e-01 -2.099417403170485752e+00
-2.159515951595163408e-01 -2.099214803096455917e+00
-2.153465346534657598e-01 -2.099012979161630987e+00
-2.147414741474151789e-01 -2.098811931366010075e+00
-2.141364136413645980e-01 -2.098611659709593624e+00
-2.135313531353140171e-01 -2.098412164192381635e+00
-2.129262926292634361e-01 -2.098213444814374107e+00
-2.123212321232128552e-01 -2.098015501575570596e+00
-2.117161716171622743e-01 -2.097818334475971547e+00
-2.111111111111116934e-01 -2.097621943515576959e+00
-2.105060506050611124e-01 -2.097426328694386832e+00
-2.099009900990100874e-01 -2.097231490012400723e+00
-2.092959295929595065e-01 -2.097037427469619075e+00
-2.086908690869089256e-01 -2.096844141066042333e+00
-2.080858085808583446e-01 -2.096651630801668720e+00
-2.074807480748077637e-01 -2.096459896676500456e+00
-2.068756875687571828e-01 -2.096268938690536654e+00
-2.062706270627066019e-01 -2.096078756843776425e+00
-2.056655665566560209e-01 -2.095889351136221546e+00
-2.050605060506054400e-01 -2.095700721567870239e+00
-2.044554455445548591e-01 -2.095512868138723395e+00
-2.038503850385042782e-01 -2.095325790848781011e+00
-2.032453245324536972e-01 -2.095139489698043089e+00
-2.026402640264031163e-01 -2.094953964686509629e+00
-2.020352035203525354e-01 -2.094769215814180630e+00
-2.014301430143019545e-01 -2.094585243081055648e+00
-2.008250825082513735e-01 -2.094402046487134683e+00
-2.002200220022007926e-01 -2.094219626032419068e+00
-1.996149614961502117e-01 -2.094037981716907471e+00
-1.990099009900996307e-01 -2.093857113540599446e+00
-1.984048404840486057e-01 -2.093677021503496327e+00
-1.977997799779980248e-01 -2.093497705605597226e+00
-1.971947194719474439e-01 -2.093319165846903473e+00
-1.965896589658968630e-01 -2.093141402227413295e+00
-1.959845984598462820e-01 -2.092964414747127133e+00
-1.953795379537957011e-01 -2.092788203406045877e+00
-1.947744774477451202e-01 -2.092612768204169083e+00
-1.941694169416945392e-01 -2.092438109141496305e+00
-1.935643564356439583e-01 -2.092264226218028433e+00
-1.929592959295933774e-01 -2.092091119433764579e+00
-1.923542354235427965e-01 -2.091918788788704742e+00
-1.917491749174922155e-01 -2.091747234282849810e+00
-1.911441144114416346e-01 -2.091576455916198896e+00
-1.905390539053910537e-01 -2.091406453688752443e+00
-1.899339933993404728e-01 -2.091237227600510451e+00
-1.893289328932898918e-01 -2.091068777651472921e+00
-1.887238723872393109e-01 -2.090901103841639408e+00
-1.881188118811887300e-01 -2.090734206171010356e+00
-1.875137513751377050e-01 -2.090568084639585322e+00
-1.869086908690871240e-01 -2.090402739247365194e+00
-1.863036303630365431e-01 -2.090238169994349082e+00
-1.856985698569859622e-01 -2.090074376880537876e+00
-1.850935093509353813e-01 -2.089911359905930688e+00
-1.844884488448848003e-01 -2.089749119070527961e+00
-1.838833883388342194e-01 -2.089587654374328807e+00
-1.832783278327836385e-01 -2.089426965817334558e+00
-1.826732673267330576e-01 -2.089267053399545215e+00
-1.820682068206824766e-01 -2.089107917120959446e+00
-1.814631463146318957e-01 -2.088949556981578581e+00
-1.808580858085813148e-01 -2.088791972981401734e+00
-1.802530253025307339e-01 -2.088635165120429349e+00
-1.796479647964801529e-01 -2.088479133398661425e+00
-1.790429042904295720e-01 -2.088323877816097962e+00
-1.784378437843789911e-01 -2.088169398372738517e+00
-1.778327832783284101e-01 -2.088015695068583533e+00
-1.772277227722778292e-01 -2.087862767903633010e+00
-1.766226622662272483e-01 -2.087710616877886949e+00
-1.760176017601762233e-01 -2.087559241991344905e+00
-1.754125412541256424e-01 -2.087408643244007322e+00
-1.748074807480750614e-01 -2.087258820635874201e+00
-1.742024202420244805e-01 -2.087109774166945542e+00
-1.735973597359738996e-01 -2.086961503837221343e+00
-1.729922992299233186e-01 -2.086814009646701162e+00
-1.723872387238727377e-01 -2.086667291595385443e+00
-1.717821782178221568e-01 -2.086521349683274185e+00
-1.711771177117715759e-01 -2.086376183910366944e+00
-1.705720572057209949e-01 -2.086231794276664608e+00
-1.699669966996704140e-01 -2.086088180782165846e+00
-1.693619361936198331e-01 -2.085945343426872434e+00
-1.687568756875692522e-01 -2.085803282210783038e+00
-1.681518151815186712e-01 -2.085661997133897216e+00
-1.675467546754680903e-01 -2.085521488196216744e+00
-1.669416941694175094e-01 -2.085381755397740289e+00
-1.663366336633669285e-01 -2.085242798738467851e+00
-1.657315731573163475e-01 -2.085104618218400319e+00
-1.651265126512653225e-01 -2.084967213837536804e+00
-1.645214521452147416e-01 -2.084830585595877750e+00
-1.639163916391641607e-01 -2.084694733493423158e+00
-1.633113311331135797e-01 -2.084559657530172583e+00
-1.627062706270629988e-01 -2.084425357706126469e+00
-1.621012101210124179e-01 -2.084291834021285261e+00
-1.614961496149618370e-01 -2.084159086475647626e+00
-1.608910891089112560e-01 -2.084027115069215341e+00
-1.602860286028606751e-01 -2.083895919801986185e+00
-1.596809680968100942e-01 -2.083765500673961935e+00
-1.590759075907595133e-01 -2.083635857685142589e+00
-1.584708470847089323e-01 -2.083506990835527262e+00
-1.578657865786583514e-01 -2.083378900125115951e+00
-1.572607260726077705e-01 -2.083251585553909102e+00
-1.566556655665571895e-01 -2.083125047121906714e+00
-1.560506050605066086e-01 -2.082999284829108788e+00
-1.554455445544560277e-01 -2.082874298675515323e+00
-1.548404840484054468e-01 -2.082750088661125432e+00
-1.542354235423548658e-01 -2.082626654785940445e+00
-1.536303630363038408e-01 -2.082503997049960365e+00
-1.530253025302532599e-01 -2.082382115453183857e+00
-1.524202420242026790e-01 -2.082261009995612255e+00
-1.518151815181520981e-01 -2.082140680677244671e+00
-1.512101210121015171e-01 -2.082021127498081103e+00
-1.506050605060509362e-01 -2.081902350458122442e+00
-1.500000000000003553e-01 -2.081784349557367797e+00
-1.493949394939497743e-01 -2.081667124795817614e+00
-1.487898789878991934e-01 -2.081550676173471892e+00
-1.481848184818486125e-01 -2.081435003690331076e+00
-1.475797579757980316e-01 -2.081320107346393833e+00
-1.469746974697474506e-01 -2.081205987141661051e+00
-1.463696369636968697e-01 -2.081092643076133175e+00
-1.457645764576462888e-01 -2.080980075149808428e+00
-1.451595159515957079e-01 -2.080868283362689475e+00
-1.445544554455451269e-01 -2.080757267714774095e+00
-1.439493949394945460e-01 -2.080647028206063176e+00
-1.433443344334439651e-01 -2.080537564836556719e+00
-1.427392739273929401e-01 -2.080428877606254723e+00
-1.421342134213423591e-01 -2.080320966515156744e+00
-1.415291529152917782e-01 -2.080213831563263227e+00
-1.409240924092411973e-01 -2.080107472750574171e+00
-1.403190319031906164e-01 -2.080001890077089577e+00
-1.397139713971400354e-01 -2.079897083542809000e+00
-1.391089108910894545e-01 -2.079793053147732884e+00
-1.385038503850388736e-01 -2.079689798891861674e+00
-1.378987898789882927e-01 -2.079587320775194481e+00
-1.372937293729377117e-01 -2.079485618797731306e+00
-1.366886688668871308e-01 -2.079384692959472591e+00
-1.360836083608365499e-01 -2.079284543260418339e+00
-1.354785478547859690e-01 -2.079185169700568547e+00
-1.348734873487353880e-01 -2.079086572279923217e+00
-1.342684268426848071e-01 -2.078988750998481905e+00
-1.336633663366342262e-01 -2.078891705856245053e+00
-1.330583058305836452e-01 -2.078795436853212664e+00
-1.324532453245330643e-01 -2.078699943989384735e+00
-1.318481848184824834e-01 -2.078605227264761268e+00
-1.312431243124314584e-01 -2.078511286679341818e+00
-1.306380638063808775e-01 -2.078418122233126386e+00
-1.300330033003302965e-01 -2.078325733926115859e+00
-1.294279427942797156e-01 -2.078234121758309794e+00
-1.288228822882291347e-01 -2.078143285729707745e+00
-1.282178217821785537e-01 -2.078053225840310159e+00
-1.276127612761279728e-01 -2.077963942090117033e+00
-1.270077007700773919e-01 -2.077875434479127925e+00
-1.264026402640268110e-01 -2.077787703007343723e+00
-1.257975797579762300e-01 -2.077700747674763537e+00
-1.251925192519256491e-01 -2.077614568481387813e+00
-1.245874587458750682e-01 -2.077529165427216107e+00
-1.239823982398244873e-01 -2.077444538512249306e+00
-1.233773377337739063e-01 -2.077360687736486522e+00
-1.227722772277233254e-01 -2.077277613099928644e+00
-1.221672167216727445e-01 -2.077195314602574339e+00
-1.215621562156221636e-01 -2.077113792244424495e+00
-1.209570957095715826e-01 -2.077033046025479557e+00
-1.203520352035205576e-01 -2.076953075945738636e+00
-1.197469746974699767e-01 -2.076873882005202177e+00
-1.191419141914193958e-01 -2.076795464203869734e+00
-1.185368536853688148e-01 -2.076717822541741754e+00
-1.179317931793182339e-01 -2.076640957018818678e+00
-1.173267326732676530e-01 -2.076564867635099620e+00
-1.167216721672170721e-01 -2.076489554390584580e+00
-1.161166116611664911e-01 -2.076415017285274001e+00
-1.155115511551159102e-01 -2.076341256319168327e+00
-1.149064906490653293e-01 -2.076268271492266670e+00
-1.143014301430147484e-01 -2.076196062804569475e+00
-1.136963696369641674e-01 -2.076124630256075854e+00
-1.130913091309135865e-01 -2.076053973846787137e+00
-1.124862486248630056e-01 -2.075984093576703771e+00
-1.118811881188124246e-01 -2.075914989445823533e+00
-1.112761276127618437e-01 -2.075846661454147757e+00
-1.106710671067112628e-01 -2.075779109601676886e+00
-1.100660066006606819e-01 -2.075712333888410033e+00
-1.094609460946096569e-01 -2.075646334314347641e+00
-1.088558855885590759e-01 -2.075581110879489266e+00
-1.082508250825084950e-01 -2.075516663583835797e+00
-1.076457645764579141e-01 -2.075452992427386345e+00
-1.070407040704073331e-01 -2.075390097410141799e+00
-1.064356435643567522e-01 -2.075327978532100381e+00
-1.058305830583061713e-01 -2.075266635793264314e+00
-1.052255225522555904e-01 -2.075206069193632263e+00
-1.046204620462050094e-01 -2.075146278733204674e+00
-1.040154015401544285e-01 -2.075087264411981547e+00
-1.034103410341038476e-01 -2.075029026229962881e+00
-1.028052805280532667e-01 -2.074971564187148232e+00
-1.022002200220026857e-01 -2.074914878283538489e+00
-1.015951595159521048e-01 -2.074858968519132318e+00
-1.009900990099015239e-01 -2.074803834893930610e+00
-1.003850385038509430e-01 -2.074749477407934251e+00
-9.977997799780036203e-02 -2.074695874657178862e+00
-9.917491749174978111e-02 -2.074642789860337899e+00
-9.856985698569920018e-02 -2.074590157467777640e+00
-9.796479647964817516e-02 -2.074537977479498085e+00
-9.735973597359759424e-02 -2.074486249895498791e+00
-9.675467546754701331e-02 -2.074434974715780200e+00
-9.614961496149643239e-02 -2.074384151940342313e+00
-9.554455445544585146e-02 -2.074333781569183799e+00
-9.493949394939527053e-02 -2.074283863602306877e+00
-9.433443344334468961e-02 -2.074234398039710658e+00
-9.372937293729410868e-02 -2.074185384881394256e+00
-9.312431243124352775e-02 -2.074136824127359002e+00
-9.251925192519294683e-02 -2.074088715777603564e+00
-9.191419141914236590e-02 -2.074041059832128386e+00
-9.130913091309178498e-02 -2.073993856290934801e+00
-9.070407040704120405e-02 -2.073947105154021475e+00
-9.009900990099062312e-02 -2.073900806421387966e+00
-8.949394939494004220e-02 -2.073854960093035160e+00
-8.888888888888946127e-02 -2.073809566168963503e+00
-8.828382838283888034e-02 -2.073764624649172106e+00
-8.767876787678829942e-02 -2.073720135533660969e+00
-8.707370737073727440e-02 -2.073676098822430536e+00
-8.646864686468669348e-02 -2.073632514515480807e+00
-8.586358635863611255e-02 -2.073589382612810894e+00
-8.525852585258553162e-02 -2.073546703114422129e+00
-8.465346534653495070e-02 -2.073504476020312737e+00
-8.404840484048436977e-02 -2.073462701330485825e+00
-8.344334433443378884e-02 -2.073421379044937840e+00
-8.283828382838320792e-02 -2.073380509163670560e+00
-8.223322332233262699e-02 -2.073340091686684872e+00
-8.162816281628204607e-02 -2.073300126613978556e+00
-8.102310231023146514e-02 -2.073260613945553388e+00
-8.041804180418088421e-02 -2.073221553681408924e+00
-7.981298129813030329e-02 -2.073182945821543832e+00
-7.920792079207972236e-02 -2.073144790365959445e+00
-7.860286028602914143e-02 -2.073107087314656649e+00
-7.799779977997856051e-02 -2.073069836667634114e+00
-7.739273927392797958e-02 -2.073033038424891394e+00
-7.678767876787739866e-02 -2.072996692586429823e+00
-7.618261826182681773e-02 -2.072960799152248512e+00
-7.557755775577579271e-02 -2.072925358122347461e+00
-7.497249724972521179e-02 -2.072890369496727558e+00
-7.436743674367463086e-02 -2.072855833275387472e+00
-7.376237623762404993e-02 -2.072821749458328533e+00
-7.315731573157346901e-02 -2.072788118045549854e+00
-7.255225522552288808e-02 -2.072754939037051436e+00
-7.194719471947230716e-02 -2.072722212432833722e+00
-7.134213421342172623e-02 -2.072689938232896711e+00
-7.073707370737114530e-02 -2.072658116437239961e+00
-7.013201320132056438e-02 -2.072626747045863471e+00
-6.952695269526998345e-02 -2.072595830058767685e+00
-6.892189218921940252e-02 -2.072565365475952603e+00
-6.831683168316882160e-02 -2.072535353297418670e+00
-6.771177117711824067e-02 -2.072505793523164108e+00
-6.710671067106765975e-02 -2.072476686153190695e+00
-6.650165016501707882e-02 -2.072448031187497541e+00
-6.589658965896649789e-02 -2.072419828626085092e+00
-6.529152915291591697e-02 -2.072392078468952903e+00
-6.468646864686489195e-02 -2.072364780716101418e+00
-6.408140814081431103e-02 -2.072337935367530193e+00
-6.347634763476373010e-02 -2.072311542423239672e+00
-6.287128712871314917e-02 -2.072285601883229855e+00
-6.226622662266256825e-02 -2.072260113747500299e+00
-6.166116611661198732e-02 -2.072235078016051446e+00
-6.105610561056140639e-02 -2.072210494688882854e+00
-6.045104510451082547e-02 -2.072186363765994965e+00
-5.984598459846024454e-02 -2.072162685247387337e+00
-5.924092409240966361e-02 -2.072139459133059969e+00
-5.863586358635908269e-02 -2.072116685423014193e+00
-5.803080308030850176e-02 -2.072094364117248233e+00
-5.742574257425792084e-02 -2.072072495215762533e+00
-5.682068206820733991e-02 -2.072051078718557537e+00
-5.621562156215675898e-02 -2.072030114625633246e+00
-5.561056105610617806e-02 -2.072009602936989214e+00
-5.500550055005559713e-02 -2.071989543652626331e+00
-5.440044004400501620e-02 -2.071969936772543264e+00
-5.379537953795443528e-02 -2.071950782296740456e+00
-5.319031903190341026e-02 -2.071932080225218797e+00
-5.258525852585282934e-02 -2.071913830557977843e+00
-5.198019801980224841e-02 -2.071896033295016704e+00
-5.137513751375166748e-02 -2.071878688436336713e+00
-5.077007700770108656e-02 -2.071861795981936982e+00
-5.016501650165050563e-02 -2.071845355931817512e+00
-4.955995599559992471e-02 -2.071829368285978745e+00
-4.895489548954934378e-02 -2.071813833044421127e+00
-4.834983498349876285e-02 -2.071798750207143325e+00
-4.774477447744818193e-02 -2.071784119774146227e+00
-4.713971397139760100e-02 -2.071769941745429389e+00
-4.653465346534702007e-02 -2.071756216120992367e+00
-4.592959295929643915e-02 -2.071742942900837381e+00
-4.532453245324585822e-02 -2.071730122084961767e+00
-4.471947194719527729e-02 -2.071717753673367302e+00
-4.411441144114469637e-02 -2.071705837666053540e+00
-4.350935093509411544e-02 -2.071694374063020039e+00
-4.290429042904353452e-02 -2.071683362864266353e+00
-4.229922992299250950e-02 -2.071672804069794260e+00
-4.169416941694192857e-02 -2.071662697679601539e+00
-4.108910891089134765e-02 -2.071653043693690410e+00
-4.048404840484076672e-02 -2.071643842112059541e+00
-3.987898789879018580e-02 -2.071635092934708933e+00
-3.927392739273960487e-02 -2.071626796161638584e+00
-3.866886688668902394e-02 -2.071618951792849384e+00
-3.806380638063844302e-02 -2.071611559828339999e+00
-3.745874587458786209e-02 -2.071604620268111763e+00
-3.685368536853728116e-02 -2.071598133112163787e+00
-3.624862486248670024e-02 -2.071592098360496070e+00
-3.564356435643611931e-02 -2.071586516013109058e+00
-3.503850385038553839e-02 -2.071581386070002750e+00
-3.443344334433495746e-02 -2.071576708531176703e+00
-3.382838283828437653e-02 -2.071572483396631359e+00
-3.322332233223379561e-02 -2.071568710666366719e+00
-3.261826182618321468e-02 -2.071565390340381896e+00
-3.201320132013263375e-02 -2.071562522418678221e+00
-3.140814081408205283e-02 -2.071560106901254805e+00
-3.080308030803102781e-02 -2.071558143788112094e+00
-3.019801980198044689e-02 -2.071556633079249643e+00
-2.959295929592986596e-02 -2.071555574774667896e+00
-2.898789878987928503e-02 -2.071554968874366409e+00
-2.838283828382870411e-02 -2.071554815378345626e+00
-2.777777777777812318e-02 -2.071555114286604660e+00
-2.717271727172754225e-02 -2.071555865599145285e+00
-2.656765676567696133e-02 -2.071557069315966171e+00
-2.596259625962638040e-02 -2.071558725437067316e+00
-2.535753575357579948e-02 -2.071560833962449166e+00
-2.475247524752521855e-02 -2.071563394892112164e+00
-2.414741474147463762e-02 -2.071566408226054090e+00
-2.354235423542405670e-02 -2.071569873964278052e+00
-2.293729372937347577e-02 -2.071573792106781386e+00
-2.233223322332289484e-02 -2.071578162653565869e+00
-2.172717271727231392e-02 -2.071582985604630611e+00
-2.112211221122173299e-02 -2.071588260959976058e+00
-2.051705170517115207e-02 -2.071593988719601764e+00
-1.991199119912012705e-02 -2.071600168883508619e+00
-1.930693069306954612e-02 -2.071606801451695290e+00
-1.870187018701896520e-02 -2.071613886424162221e+00
-1.809680968096838427e-02 -2.071621423800910300e+00
-1.749174917491780334e-02 -2.071629413581938639e+00
-1.688668866886722242e-02 -2.071637855767247682e+00
-1.628162816281664149e-02 -2.071646750356836986e+00
-1.567656765676606057e-02 -2.071656097350707437e+00
-1.507150715071547964e-02 -2.071665896748857261e+00
-1.446644664466489871e-02 -2.071676148551288676e+00
-1.386138613861431779e-02 -2.071686852758000352e+00
-1.325632563256373686e-02 -2.071698009368992288e+00
-1.265126512651315593e-02 -2.071709618384264484e+00
-1.204620462046257501e-02 -2.071721679803817384e+00
-1.144114411441199408e-02 -2.071734193627651432e+00
-1.083608360836141316e-02 -2.071747159855765297e+00
-1.023102310231083223e-02 -2.071760578488159865e+00
-9.625962596260251303e-03 -2.071774449524834250e+00
-9.020902090209670376e-03 -2.071788772965790670e+00
-8.415841584158645361e-03 -2.071803548811026019e+00
-7.810781078108064435e-03 -2.071818777060543404e+00
-7.205720572057483508e-03 -2.071834457714340161e+00
-6.600660066006902582e-03 -2.071850590772418066e+00
-5.995599559956321656e-03 -2.071867176234775787e+00
-5.390539053905740730e-03 -2.071884214101414656e+00
-4.785478547855159803e-03 -2.071901704372333342e+00
-4.180418041804578877e-03 -2.071919647047533619e+00
-3.575357535753997951e-03 -2.071938042127013713e+00
-2.970297029703417024e-03 -2.071956889610774510e+00
-2.365236523652836098e-03 -2.071976189498816012e+00
-1.760176017602255172e-03 -2.071995941791137330e+00
-1.155115511551674246e-03 -2.072016146487739796e+00
-5.500550055010933193e-04 -2.072036803588622522e+00
5.500550054993169624e-05 -2.072057913093785508e+00
6.600660066000685333e-04 -2.072079475003229643e+00
1.265126512651093549e-03 -2.072101489316954037e+00
1.870187018701230386e-03 -2.072123956034958692e+00
2.475247524752255401e-03 -2.072146875157243606e+00
3.080308030802392238e-03 -2.072170246683809669e+00
3.685368536853417254e-03 -2.072194070614655992e+00
4.290429042903554091e-03 -2.072218346949783019e+00
4.895489548954579107e-03 -2.072243075689190306e+00
5.500550055004715944e-03 -2.072268256832878297e+00
6.105610561055740959e-03 -2.072293890380846992e+00
6.710671067105877796e-03 -2.072319976333095948e+00
7.315731573156902812e-03 -2.072346514689625163e+00
7.920792079207927827e-03 -2.072373505450435083e+00
8.525852585258064664e-03 -2.072400948615525262e+00
9.130913091309089680e-03 -2.072428844184896146e+00
9.735973597359226517e-03 -2.072457192158547734e+00
1.034103410341025153e-02 -2.072485992536479582e+00
1.094609460946038837e-02 -2.072515245318692134e+00
1.155115511551141338e-02 -2.072544950505185390e+00
1.215621562156155022e-02 -2.072575108095958907e+00
1.276127612761257524e-02 -2.072605718091012683e+00
1.336633663366271207e-02 -2.072636780490347608e+00
1.397139713971373709e-02 -2.072668295293962792e+00
1.457645764576387393e-02 -2.072700262501858237e+00
1.518151815181489894e-02 -2.072732682114034386e+00
1.578657865786503578e-02 -2.072765554130490795e+00
1.639163916391606080e-02 -2.072798878551227908e+00
1.699669966996619763e-02 -2.072832655376245281e+00
1.760176017601722265e-02 -2.072866884605543802e+00
1.820682068206735948e-02 -2.072901566239122584e+00
1.881188118811838450e-02 -2.072936700276981181e+00
1.941694169416940952e-02 -2.072972286719120927e+00
2.002200220021954635e-02 -2.073008325565541377e+00
2.062706270627057137e-02 -2.073044816816242530e+00
2.123212321232070821e-02 -2.073081760471223056e+00
2.183718371837173322e-02 -2.073119156530485174e+00
2.244224422442187006e-02 -2.073157004994027552e+00
2.304730473047289507e-02 -2.073195305861850191e+00
2.365236523652303191e-02 -2.073234059133953089e+00
2.425742574257405693e-02 -2.073273264810337135e+00
2.486248624862419376e-02 -2.073312922891001442e+00
2.546754675467521878e-02 -2.073353033375946008e+00
2.607260726072535562e-02 -2.073393596265171279e+00
2.667766776677638063e-02 -2.073434611558677254e+00
2.728272827282651747e-02 -2.073476079256463489e+00
2.788778877887754248e-02 -2.073517999358530872e+00
2.849284928492767932e-02 -2.073560371864877627e+00
2.909790979097870434e-02 -2.073603196775505531e+00
2.970297029702884117e-02 -2.073646474090414138e+00
3.030803080307986619e-02 -2.073690203809603005e+00
3.091309130913089120e-02 -2.073734385933072133e+00
3.151815181518102804e-02 -2.073779020460822409e+00
3.212321232123205306e-02 -2.073824107392852945e+00
3.272827282728218989e-02 -2.073869646729163740e+00
3.333333333333321491e-02 -2.073915638469755685e+00
3.393839383938335175e-02 -2.073962082614627445e+00
3.454345434543437676e-02 -2.074008979163779909e+00
3.514851485148451360e-02 -2.074056328117212633e+00
3.575357535753553861e-02 -2.074104129474926062e+00
3.635863586358567545e-02 -2.074152383236920194e+00
3.696369636963670047e-02 -2.074201089403195031e+00
3.756875687568683730e-02 -2.074250247973749683e+00
3.817381738173786232e-02 -2.074299858948585484e+00
3.877887788778799916e-02 -2.074349922327701545e+00
3.938393839383902417e-02 -2.074400438111097866e+00
3.998899889988916101e-02 -2.074451406298775336e+00
4.059405940594018602e-02 -2.074502826890732621e+00
4.119911991199032286e-02 -2.074554699886970610e+00
4.180418041804134788e-02 -2.074607025287489304e+00
4.240924092409237289e-02 -2.074659803092288701e+00
4.301430143014250973e-02 -2.074713033301368359e+00
4.361936193619353475e-02 -2.074766715914728277e+00
4.422442244224367158e-02 -2.074820850932369343e+00
4.482948294829469660e-02 -2.074875438354290669e+00
4.543454345434483344e-02 -2.074930478180492699e+00
4.603960396039585845e-02 -2.074985970410974545e+00
4.664466446644599529e-02 -2.075041915045737095e+00
4.724972497249702030e-02 -2.075098312084780794e+00
4.785478547854715714e-02 -2.075155161528104308e+00
4.845984598459818216e-02 -2.075212463375708083e+00
4.906490649064831899e-02 -2.075270217627593450e+00
4.966996699669934401e-02 -2.075328424283758189e+00
5.027502750274948085e-02 -2.075387083344204520e+00
5.088008800880050586e-02 -2.075446194808930667e+00
5.148514851485064270e-02 -2.075505758677937518e+00
5.209020902090166771e-02 -2.075565774951225073e+00
5.269526952695269273e-02 -2.075626243628792889e+00
5.330033003300282957e-02 -2.075687164710640964e+00
5.390539053905385458e-02 -2.075748538196770188e+00
5.451045104510399142e-02 -2.075810364087179227e+00
5.511551155115501643e-02 -2.075872642381869415e+00
5.572057205720515327e-02 -2.075935373080839863e+00
5.632563256325617829e-02 -2.075998556184090571e+00
5.693069306930631512e-02 -2.076062191691621983e+00
5.753575357535734014e-02 -2.076126279603434099e+00
5.814081408140747698e-02 -2.076190819919526476e+00
5.874587458745850199e-02 -2.076255812639899556e+00
5.935093509350863883e-02 -2.076321257764553341e+00
5.995599559955966384e-02 -2.076387155293486941e+00
6.056105610560980068e-02 -2.076453505226701246e+00
6.116611661166082570e-02 -2.076520307564196699e+00
6.177117711771096253e-02 -2.076587562305971968e+00
6.237623762376198755e-02 -2.076655269452028385e+00
6.298129812981212439e-02 -2.076723429002364618e+00
6.358635863586314940e-02 -2.076792040956981999e+00
6.419141914191417442e-02 -2.076861105315879641e+00
6.479647964796431125e-02 -2.076930622079057542e+00
6.540154015401533627e-02 -2.077000591246516592e+00
6.600660066006547311e-02 -2.077071012818255458e+00
6.661166116611649812e-02 -2.077141886794275027e+00
6.721672167216663496e-02 -2.077213213174575301e+00
6.782178217821765998e-02 -2.077284991959155835e+00
6.842684268426779681e-02 -2.077357223148017074e+00
6.903190319031882183e-02 -2.077429906741159016e+00
6.963696369636895867e-02 -2.077503042738580774e+00
7.024202420241998368e-02 -2.077576631140283681e+00
7.084708470847012052e-02 -2.077650671946266847e+00
7.145214521452114553e-02 -2.077725165156530718e+00
7.205720572057128237e-02 -2.077800110771074849e+00
7.266226622662230739e-02 -2.077875508789899683e+00
7.326732673267244422e-02 -2.077951359213005222e+00
7.387238723872346924e-02 -2.078027662040390577e+00
7.447744774477360608e-02 -2.078104417272057081e+00
7.508250825082463109e-02 -2.078181624908003844e+00
7.568756875687565611e-02 -2.078259284948231311e+00
7.629262926292579294e-02 -2.078337397392739483e+00
7.689768976897681796e-02 -2.078415962241527470e+00
7.750275027502695480e-02 -2.078494979494596606e+00
7.810781078107797981e-02 -2.078574449151946002e+00
7.871287128712811665e-02 -2.078654371213575658e+00
7.931793179317914166e-02 -2.078734745679486462e+00
7.992299229922927850e-02 -2.078815572549677082e+00
8.052805280528030352e-02 -2.078896851824148406e+00
8.113311331133044035e-02 -2.078978583502899991e+00
8.173817381738146537e-02 -2.079060767585932723e+00
8.234323432343160221e-02 -2.079143404073246160e+00
8.294829482948262722e-02 -2.079226492964839856e+00
8.355335533553276406e-02 -2.079310034260713813e+00
8.415841584158378907e-02 -2.079394027960868030e+00
8.476347634763392591e-02 -2.079478474065302951e+00
8.536853685368495093e-02 -2.079563372574018576e+00
8.597359735973597594e-02 -2.079648723487014905e+00
8.657865786578611278e-02 -2.079734526804291495e+00
8.718371837183713779e-02 -2.079820782525848344e+00
8.778877887788727463e-02 -2.079907490651685897e+00
8.839383938393829965e-02 -2.079994651181804155e+00
8.899889988998843648e-02 -2.080082264116202673e+00
8.960396039603946150e-02 -2.080170329454881895e+00
9.020902090208959834e-02 -2.080258847197840932e+00
9.081408140814062335e-02 -2.080347817345081118e+00
9.141914191419076019e-02 -2.080437239896602009e+00
9.202420242024178521e-02 -2.080527114852403159e+00
9.262926292629192204e-02 -2.080617442212485013e+00
9.323432343234294706e-02 -2.080708221976847128e+00
9.383938393839308389e-02 -2.080799454145489946e+00
9.444444444444410891e-02 -2.080891138718413469e+00
9.504950495049424575e-02 -2.080983275695617252e+00
9.565456545654527076e-02 -2.081075865077101295e+00
9.625962596259540760e-02 -2.081168906862866042e+00
9.686468646864643262e-02 -2.081262401052911049e+00
9.746974697469745763e-02 -2.081356347647236760e+00
9.807480748074759447e-02 -2.081450746645843175e+00
9.867986798679861948e-02 -2.081545598048730294e+00
9.928492849284875632e-02 -2.081640901855897674e+00
9.988998899889978134e-02 -2.081736658067345314e+00
1.004950495049499182e-01 -2.081832866683073213e+00
1.011001100110009432e-01 -2.081929527703082705e+00
1.017051705170510800e-01 -2.082026641127372013e+00
1.023102310231021050e-01 -2.082124206955941581e+00
1.029152915291522419e-01 -2.082222225188791853e+00
1.035203520352032669e-01 -2.082320695825922829e+00
1.041254125412534037e-01 -2.082419618867334510e+00
1.047304730473044287e-01 -2.082518994313026894e+00
1.053355335533545656e-01 -2.082618822162999095e+00
1.059405940594055906e-01 -2.082719102417252000e+00
1.065456545654557274e-01 -2.082819835075785164e+00
1.071507150715067525e-01 -2.082921020138599477e+00
1.077557755775568893e-01 -2.083022657605694050e+00
1.083608360836079143e-01 -2.083124747477068439e+00
1.089658965896589393e-01 -2.083227289752724865e+00
1.095709570957090762e-01 -2.083330284432660662e+00
1.101760176017601012e-01 -2.083433731516876719e+00
1.107810781078102380e-01 -2.083537631005373925e+00
1.113861386138612630e-01 -2.083641982898152278e+00
1.119911991199113999e-01 -2.083746787195210004e+00
1.125962596259624249e-01 -2.083852043896547990e+00
1.132013201320125617e-01 -2.083957753002167568e+00
1.138063806380635867e-01 -2.084063914512067406e+00
1.144114411441137236e-01 -2.084170528426247060e+00
1.150165016501647486e-01 -2.084277594744708306e+00
1.156215621562148854e-01 -2.084385113467449369e+00
1.162266226622659104e-01 -2.084493084594471135e+00
1.168316831683160473e-01 -2.084601508125772718e+00
1.174367436743670723e-01 -2.084710384061355892e+00
1.180418041804172091e-01 -2.084819712401218883e+00
1.186468646864682341e-01 -2.084929493145362578e+00
1.192519251925183710e-01 -2.085039726293786533e+00
1.198569856985693960e-01 -2.085150411846491636e+00
1.204620462046204210e-01 -2.085261549803476555e+00
1.210671067106705578e-01 -2.085373140164742622e+00
1.216721672167215829e-01 -2.085485182930288950e+00
1.222772277227717197e-01 -2.085597678100115981e+00
1.228822882288227447e-01 -2.085710625674223273e+00
1.234873487348728816e-01 -2.085824025652611269e+00
1.240924092409239066e-01 -2.085937878035279081e+00
1.246974697469740434e-01 -2.086052182822228040e+00
1.253025302530250684e-01 -2.086166940013457261e+00
1.259075907590752053e-01 -2.086282149608966741e+00
1.265126512651262303e-01 -2.086397811608757369e+00
1.271177117711763671e-01 -2.086513926012828257e+00
1.277227722772273921e-01 -2.086630492821179850e+00
1.283278327832775290e-01 -2.086747512033812146e+00
1.289328932893285540e-01 -2.086864983650724703e+00
1.295379537953786908e-01 -2.086982907671917520e+00
1.301430143014297158e-01 -2.087101284097390597e+00
1.307480748074807408e-01 -2.087220112927144822e+00
1.313531353135308777e-01 -2.087339394161179307e+00
1.319581958195819027e-01 -2.087459127799494496e+00
1.325632563256320395e-01 -2.087579313842089945e+00
1.331683168316830645e-01 -2.087699952288966099e+00
1.337733773377332014e-01 -2.087821043140122068e+00
1.343784378437842264e-01 -2.087942586395559186e+00
1.349834983498343632e-01 -2.088064582055277008e+00
1.355885588558853883e-01 -2.088187030119275533e+00
1.361936193619355251e-01 -2.088309930587553875e+00
1.367986798679865501e-01 -2.088433283460112921e+00
1.374037403740366869e-01 -2.088557088736952227e+00
1.380088008800877120e-01 -2.088681346418072682e+00
1.386138613861378488e-01 -2.088806056503473396e+00
1.392189218921888738e-01 -2.088931218993154371e+00
1.398239823982390106e-01 -2.089056833887116049e+00
1.404290429042900357e-01 -2.089182901185358432e+00
1.410341034103401725e-01 -2.089309420887881075e+00
1.416391639163911975e-01 -2.089436392994683978e+00
1.422442244224422225e-01 -2.089563817505768029e+00
1.428492849284923594e-01 -2.089691694421132340e+00
1.434543454345433844e-01 -2.089820023740776911e+00
1.440594059405935212e-01 -2.089948805464701742e+00
1.446644664466445462e-01 -2.090078039592907722e+00
1.452695269526946831e-01 -2.090207726125393961e+00
1.458745874587457081e-01 -2.090337865062161349e+00
1.464796479647958449e-01 -2.090468456403208108e+00
1.470847084708468699e-01 -2.090599500148536016e+00
1.476897689768970068e-01 -2.090730996298144184e+00
1.482948294829480318e-01 -2.090862944852033500e+00
1.488998899889981686e-01 -2.090995345810202632e+00
1.495049504950491936e-01 -2.091128199172652469e+00
1.501100110010993305e-01 -2.091261504939382565e+00
1.507150715071503555e-01 -2.091395263110393810e+00
1.513201320132004923e-01 -2.091529473685684870e+00
1.519251925192515174e-01 -2.091664136665256635e+00
1.525302530253016542e-01 -2.091799252049108659e+00
1.531353135313526792e-01 -2.091934819837242276e+00
1.537403740374037042e-01 -2.092070840029655709e+00
1.543454345434538411e-01 -2.092207312626349847e+00
1.549504950495048661e-01 -2.092344237627324244e+00
1.555555555555550029e-01 -2.092481615032578901e+00
1.561606160616060279e-01 -2.092619444842114707e+00
1.567656765676561648e-01 -2.092757727055930772e+00
1.573707370737071898e-01 -2.092896461674027098e+00
1.579757975797573266e-01 -2.093035648696403683e+00
1.585808580858083516e-01 -2.093175288123061861e+00
1.591859185918584885e-01 -2.093315379953999855e+00
1.597909790979095135e-01 -2.093455924189218553e+00
1.603960396039596503e-01 -2.093596920828717511e+00
1.610011001100106753e-01 -2.093738369872497174e+00
1.616061606160608122e-01 -2.093880271320557096e+00
1.622112211221118372e-01 -2.094022625172898167e+00
1.628162816281619740e-01 -2.094165431429519053e+00
1.634213421342129990e-01 -2.094308690090420644e+00
1.640264026402631359e-01 -2.094452401155602939e+00
1.646314631463141609e-01 -2.094596564625065049e+00
1.652365236523651859e-01 -2.094741180498808752e+00
1.658415841584153227e-01 -2.094886248776832272e+00
1.664466446644663478e-01 -2.095031769459136939e+00
1.670517051705164846e-01 -2.095177742545720978e+00
1.676567656765675096e-01 -2.095324168036586165e+00
1.682618261826176465e-01 -2.095471045931732501e+00
1.688668866886686715e-01 -2.095618376231158653e+00
1.694719471947188083e-01 -2.095766158934865508e+00
1.700770077007698333e-01 -2.095914394042852624e+00
1.706820682068199702e-01 -2.096063081555120444e+00
1.712871287128709952e-01 -2.096212221471668968e+00
1.718921892189211320e-01 -2.096361813792497308e+00
1.724972497249721570e-01 -2.096511858517606797e+00
1.731023102310222939e-01 -2.096662355646996545e+00
1.737073707370733189e-01 -2.096813305180666998e+00
1.743124312431234557e-01 -2.096964707118617710e+00
1.749174917491744807e-01 -2.097116561460849127e+00
1.755225522552255057e-01 -2.097268868207361692e+00
1.761276127612756426e-01 -2.097421627358153629e+00
1.767326732673266676e-01 -2.097574838913226714e+00
1.773377337733768044e-01 -2.097728502872580059e+00
1.779427942794278295e-01 -2.097882619236214108e+00
1.785478547854779663e-01 -2.098037188004128417e+00
1.791529152915289913e-01 -2.098192209176323431e+00
1.797579757975791281e-01 -2.098347682752799148e+00
1.803630363036301532e-01 -2.098503608733555126e+00
1.809680968096802900e-01 -2.098659987118591363e+00
1.815731573157313150e-01 -2.098816817907908749e+00
1.821782178217814518e-01 -2.098974101101505951e+00
1.827832783278324769e-01 -2.099131836699383857e+00
1.833883388338826137e-01 -2.099290024701542468e+00
1.839933993399336387e-01 -2.099448665107981782e+00
1.845984598459837756e-01 -2.099607757918701356e+00
1.852035203520348006e-01 -2.099767303133701191e+00
1.858085808580849374e-01 -2.099927300752981729e+00
1.864136413641359624e-01 -2.100087750776543416e+00
1.870187018701869874e-01 -2.100248653204385363e+00
1.876237623762371243e-01 -2.100410008036507126e+00
1.882288228822881493e-01 -2.100571815272910037e+00
1.888338833883382861e-01 -2.100734074913592764e+00
1.894389438943893111e-01 -2.100896786958556639e+00
1.900440044004394480e-01 -2.101059951407800774e+00
1.906490649064904730e-01 -2.101223568261325170e+00
1.912541254125406098e-01 -2.101387637519130713e+00
1.918591859185916348e-01 -2.101552159181216517e+00
1.924642464246417717e-01 -2.101717133247583025e+00
1.930693069306927967e-01 -2.101882559718229793e+00
1.936743674367429335e-01 -2.102048438593157265e+00
1.942794279427939586e-01 -2.102214769872364553e+00
1.948844884488440954e-01 -2.102381553555852989e+00
1.954895489548951204e-01 -2.102548789643621685e+00
1.960946094609452572e-01 -2.102716478135670641e+00
1.966996699669962823e-01 -2.102884619032001190e+00
1.973047304730464191e-01 -2.103053212332611110e+00
1.979097909790974441e-01 -2.103222258037502179e+00
1.985148514851484691e-01 -2.103391756146673508e+00
1.991199119911986060e-01 -2.103561706660125097e+00
1.997249724972496310e-01 -2.103732109577857834e+00
2.003300330032997678e-01 -2.103903068795206277e+00
2.009350935093507928e-01 -2.104075106674825335e+00
2.015401540154009297e-01 -2.104248295366255128e+00
2.021452145214519547e-01 -2.104422634869496544e+00
2.027502750275020915e-01 -2.104598125184546031e+00
2.033553355335531165e-01 -2.104774766311406253e+00
2.039603960396032534e-01 -2.104952558250075878e+00
2.045654565456542784e-01 -2.105131501000557126e+00
2.051705170517044152e-01 -2.105311594562847777e+00
2.057755775577554402e-01 -2.105492838936948274e+00
2.063806380638055771e-01 -2.105675234122859063e+00
2.069856985698566021e-01 -2.105858780120580587e+00
2.075907590759067389e-01 -2.106043476930111069e+00
2.081958195819577639e-01 -2.106229324551452731e+00
2.088008800880087890e-01 -2.106416322984604239e+00
2.094059405940589258e-01 -2.106604472229565594e+00
2.100110011001099508e-01 -2.106793772286337241e+00
2.106160616061600876e-01 -2.106984223154918734e+00
2.112211221122111127e-01 -2.107175824835310518e+00
2.118261826182612495e-01 -2.107368577327512593e+00
2.124312431243122745e-01 -2.107562480631524515e+00
2.130363036303624114e-01 -2.107757534747346728e+00
2.136413641364134364e-01 -2.107953739674978788e+00
2.142464246424635732e-01 -2.108151095414421139e+00
2.148514851485145982e-01 -2.108349601965673781e+00
2.154565456545647351e-01 -2.108549259328736269e+00
2.160616061606157601e-01 -2.108750067503609493e+00
2.166666666666658969e-01 -2.108952026490292120e+00
2.172717271727169219e-01 -2.109155136288784593e+00
2.178767876787670588e-01 -2.109359396899087802e+00
2.184818481848180838e-01 -2.109564808321201745e+00
2.190869086908682206e-01 -2.109771370555125092e+00
2.196919691969192456e-01 -2.109979083600858285e+00
2.202970297029702706e-01 -2.110187947458401769e+00
2.209020902090204075e-01 -2.110397962127755100e+00
2.215071507150714325e-01 -2.110609127608919167e+00
2.221122112211215693e-01 -2.110821443901893080e+00
2.227172717271725944e-01 -2.111034911006676840e+00
2.233223322332227312e-01 -2.111249528923271335e+00
2.239273927392737562e-01 -2.111465297651675233e+00
2.245324532453238930e-01 -2.111682217191889421e+00
2.251375137513749181e-01 -2.111900287543913901e+00
2.257425742574250549e-01 -2.112119508707748228e+00
2.263476347634760799e-01 -2.112339880683393289e+00
2.269526952695262167e-01 -2.112561403470847754e+00
2.275577557755772418e-01 -2.112784077070112509e+00
2.281628162816273786e-01 -2.113007901481187556e+00
2.287678767876784036e-01 -2.113232876704073337e+00
2.293729372937285405e-01 -2.113459002738768522e+00
2.299779977997795655e-01 -2.113686279585273553e+00
2.305830583058297023e-01 -2.113914707243589319e+00
2.311881188118807273e-01 -2.114144285713715377e+00
2.317931793179317523e-01 -2.114375014995650837e+00
2.323982398239818892e-01 -2.114606895089396144e+00
2.330033003300329142e-01 -2.114839925994953074e+00
2.336083608360830510e-01 -2.115074107712318519e+00
2.342134213421340760e-01 -2.115309440241495142e+00
2.348184818481842129e-01 -2.115545923582481169e+00
2.354235423542352379e-01 -2.115783557735277931e+00
2.360286028602853747e-01 -2.116022342699883652e+00
2.366336633663363997e-01 -2.116262278476300995e+00
2.372387238723865366e-01 -2.116503365064527298e+00
2.378437843784375616e-01 -2.116745602464564779e+00
2.384488448844876984e-01 -2.116988990676411220e+00
2.390539053905387235e-01 -2.117233529700068839e+00
2.396589658965888603e-01 -2.117479219535535861e+00
2.402640264026398853e-01 -2.117726060182812731e+00
2.408690869086900221e-01 -2.117974051641900335e+00
2.414741474147410472e-01 -2.118223193912798230e+00
2.420792079207911840e-01 -2.118473486995505972e+00
2.426842684268422090e-01 -2.118724930890023561e+00
2.432893289328932340e-01 -2.118977525596351885e+00
2.438943894389433709e-01 -2.119231271114489612e+00
2.444994499449943959e-01 -2.119486167444438074e+00
2.451045104510445327e-01 -2.119742214586195495e+00
2.457095709570955577e-01 -2.119999412539764538e+00
2.463146314631456946e-01 -2.120257761305142985e+00
2.469196919691967196e-01 -2.120517260882332167e+00
2.475247524752468564e-01 -2.120777911271329863e+00
2.481298129812978814e-01 -2.121039712472139627e+00
2.487348734873480183e-01 -2.121302664484757905e+00
2.493399339933990433e-01 -2.121566767309187362e+00
2.499449944994491801e-01 -2.121832020945426223e+00
2.505500550055002051e-01 -2.122098425393475374e+00
2.511551155115503420e-01 -2.122365980653334816e+00
2.517601760176013670e-01 -2.122634686725004549e+00
2.523652365236515038e-01 -2.122904543608484573e+00
2.529702970297025288e-01 -2.123175551303774000e+00
2.535753575357535539e-01 -2.123447709810874606e+00
2.541804180418036907e-01 -2.123721019129784171e+00
2.547854785478547157e-01 -2.123995479260504471e+00
2.553905390539048526e-01 -2.124271090203034174e+00
2.559955995599558776e-01 -2.124547851957375499e+00
2.566006600660060144e-01 -2.124825764523525340e+00
2.572057205720570394e-01 -2.125104827901486360e+00
2.578107810781071763e-01 -2.125385042091256782e+00
2.584158415841582013e-01 -2.125666407092837495e+00
2.590209020902083381e-01 -2.125948922906228500e+00
2.596259625962593631e-01 -2.126232589531429795e+00
2.602310231023095000e-01 -2.126517406968440493e+00
2.608360836083605250e-01 -2.126803375217261927e+00
2.614411441144106618e-01 -2.127090494277893207e+00
2.620462046204616868e-01 -2.127378764150335222e+00
2.626512651265118237e-01 -2.127668184834586640e+00
2.632563256325628487e-01 -2.127958756330648349e+00
2.638613861386129855e-01 -2.128250478638519905e+00
2.644664466446640105e-01 -2.128543351758202196e+00
2.650715071507150356e-01 -2.128837375689694333e+00
2.656765676567651724e-01 -2.129132550432996318e+00
2.662816281628161974e-01 -2.129428875988109038e+00
2.668866886688663342e-01 -2.129726352355031604e+00
2.674917491749173593e-01 -2.130024979533764018e+00
2.680968096809674961e-01 -2.130324757524306278e+00
2.687018701870185211e-01 -2.130625686326659718e+00
2.693069306930686579e-01 -2.130927765940822560e+00
2.699119911991196830e-01 -2.131230996366795694e+00
2.705170517051698198e-01 -2.131535377604578230e+00
2.711221122112208448e-01 -2.131840909654171501e+00
2.717271727172709817e-01 -2.132147592515575063e+00
2.723322332233220067e-01 -2.132455426188788472e+00
2.729372937293721435e-01 -2.132764410673811728e+00
2.735423542354231685e-01 -2.133074545970646163e+00
2.741474147414733054e-01 -2.133385832079289557e+00
2.747524752475243304e-01 -2.133698268999743686e+00
2.753575357535744672e-01 -2.134011856732007217e+00
2.759625962596254922e-01 -2.134326595276081484e+00
2.765676567656765172e-01 -2.134642484631966486e+00
2.771727172717266541e-01 -2.134959524799660890e+00
2.777777777777776791e-01 -2.135277715779165586e+00
2.783828382838278159e-01 -2.135597057570479684e+00
2.789878987898788409e-01 -2.135917550173604962e+00
2.795929592959289778e-01 -2.136239193588539198e+00
2.801980198019800028e-01 -2.136561987815285057e+00
2.808030803080301396e-01 -2.136885932853839432e+00
2.814081408140811646e-01 -2.137211028704204541e+00
2.820132013201313015e-01 -2.137537275366379941e+00
2.826182618261823265e-01 -2.137864672840365632e+00
2.832233223322324633e-01 -2.138193221126160726e+00
2.838283828382834884e-01 -2.138522920223766555e+00
2.844334433443336252e-01 -2.138853770133182230e+00
2.850385038503846502e-01 -2.139185770854408641e+00
2.856435643564347870e-01 -2.139518922387444455e+00
2.862486248624858121e-01 -2.139853224732290560e+00
2.868536853685368371e-01 -2.140188677888947399e+00
2.874587458745869739e-01 -2.140525281857413198e+00
2.880638063806379989e-01 -2.140863036637689731e+00
2.886688668866881358e-01 -2.141201942229776556e+00
2.892739273927391608e-01 -2.141541998633673227e+00
2.898789878987892976e-01 -2.141883205849380190e+00
2.904840484048403226e-01 -2.142225563876896999e+00
2.910891089108904595e-01 -2.142569072716224099e+00
2.916941694169414845e-01 -2.142913732367361490e+00
2.922992299229916213e-01 -2.143259542830308728e+00
2.929042904290426463e-01 -2.143606504105066257e+00
2.935093509350927832e-01 -2.143954616191633189e+00
2.941144114411438082e-01 -2.144303879090011300e+00
2.947194719471939450e-01 -2.144654292800198814e+00
2.953245324532449700e-01 -2.145005857322196618e+00
2.959295929592951069e-01 -2.145358572656004714e+00
2.965346534653461319e-01 -2.145712438801622657e+00
2.971397139713962687e-01 -2.146067455759050446e+00
2.977447744774472937e-01 -2.146423623528289415e+00
2.983498349834983188e-01 -2.146780942109338230e+00
2.989548954895484556e-01 -2.147139411502196005e+00
2.995599559955994806e-01 -2.147499031706865402e+00
3.001650165016496175e-01 -2.147859802723343758e+00
3.007700770077006425e-01 -2.148221724551632850e+00
3.013751375137507793e-01 -2.148584797191731788e+00
3.019801980198018043e-01 -2.148949020643641017e+00
3.025852585258519412e-01 -2.149314394907360093e+00
3.031903190319029662e-01 -2.149680919982889460e+00
3.037953795379531030e-01 -2.150048595870228674e+00
3.044004400440041280e-01 -2.150417422569379067e+00
3.050055005500542649e-01 -2.150787400080338418e+00
3.056105610561052899e-01 -2.151158528403108505e+00
3.062156215621554267e-01 -2.151530807537687995e+00
3.068206820682064517e-01 -2.151904237484078219e+00
3.074257425742565886e-01 -2.152278818242278291e+00
3.080308030803076136e-01 -2.152654549812289542e+00
3.086358635863577504e-01 -2.153031432194109307e+00
3.092409240924087754e-01 -2.153409465387739807e+00
3.098459845984598005e-01 -2.153788649393181043e+00
3.104510451045099373e-01 -2.154168984210431237e+00
3.110561056105609623e-01 -2.154550469839492610e+00
3.116611661166110991e-01 -2.154933106280363386e+00
3.122662266226621242e-01 -2.155316893533044897e+00
3.128712871287122610e-01 -2.155701831597535367e+00
3.134763476347632860e-01 -2.156087920473837460e+00
3.140814081408134228e-01 -2.156475160161948512e+00
3.146864686468644479e-01 -2.156863550661870299e+00
3.152915291529145847e-01 -2.157253091973601489e+00
3.158965896589656097e-01 -2.157643784097143858e+00
3.165016501650157466e-01 -2.158035627032495185e+00
3.171067106710667716e-01 -2.158428620779657692e+00
3.177117711771169084e-01 -2.158822765338629601e+00
3.183168316831679334e-01 -2.159218060709412246e+00
3.189218921892180703e-01 -2.159614506892004293e+00
3.195269526952690953e-01 -2.160012103886406631e+00
3.201320132013192321e-01 -2.160410851692619261e+00
3.207370737073702571e-01 -2.160810750310642625e+00
3.213421342134212821e-01 -2.161211799740475836e+00
3.219471947194714190e-01 -2.161613999982118006e+00
3.225522552255224440e-01 -2.162017351035571355e+00
3.231573157315725808e-01 -2.162421852900834551e+00
3.237623762376236058e-01 -2.162827505577908038e+00
3.243674367436737427e-01 -2.163234309066790928e+00
3.249724972497247677e-01 -2.163642263367484997e+00
3.255775577557749045e-01 -2.164051368479988469e+00
3.261826182618259296e-01 -2.164461624404302675e+00
3.267876787678760664e-01 -2.164873031140425841e+00
3.273927392739270914e-01 -2.165285588688360630e+00
3.279977997799772282e-01 -2.165699297048103933e+00
3.286028602860282533e-01 -2.166114156219658859e+00
3.292079207920783901e-01 -2.166530166203022745e+00
3.298129812981294151e-01 -2.166947326998196921e+00
3.304180418041795519e-01 -2.167365638605181388e+00
3.310231023102305770e-01 -2.167785101023976591e+00
3.316281628162816020e-01 -2.168205714254581640e+00
3.322332233223317388e-01 -2.168627478296996536e+00
3.328382838283827638e-01 -2.169050393151221723e+00
3.334433443344329007e-01 -2.169474458817256313e+00
3.340484048404839257e-01 -2.169899675295102526e+00
3.346534653465340625e-01 -2.170326042584756809e+00
3.352585258525850875e-01 -2.170753560686223160e+00
3.358635863586352244e-01 -2.171182229599498470e+00
3.364686468646862494e-01 -2.171612049324584515e+00
3.370737073707363862e-01 -2.172043019861479962e+00
3.376787678767874112e-01 -2.172475141210186589e+00
3.382838283828375481e-01 -2.172908413370702174e+00
3.388888888888885731e-01 -2.173342836343028495e+00
3.394939493949387099e-01 -2.173778410127164662e+00
3.400990099009897349e-01 -2.174215134723111120e+00
3.407040704070398718e-01 -2.174653010130867425e+00
3.413091309130908968e-01 -2.175092036350434466e+00
3.419141914191410336e-01 -2.175532213381810909e+00
3.425192519251920586e-01 -2.175973541224998087e+00
3.431243124312430837e-01 -2.176416019879995556e+00
3.437293729372932205e-01 -2.176859649346802428e+00
3.443344334433442455e-01 -2.177304429625420035e+00
3.449394939493943824e-01 -2.177750360715846600e+00
3.455445544554454074e-01 -2.178197442618084345e+00
3.461496149614955442e-01 -2.178645675332131937e+00
3.467546754675465692e-01 -2.179095058857989820e+00
3.473597359735967061e-01 -2.179545593195657549e+00
3.479647964796477311e-01 -2.179997278345135570e+00
3.485698569856978679e-01 -2.180450114306423437e+00
3.491749174917488929e-01 -2.180904101079522039e+00
3.497799779977990298e-01 -2.181359238664430045e+00
3.503850385038500548e-01 -2.181815527061148341e+00
3.509900990099001916e-01 -2.182272966269676928e+00
3.515951595159512166e-01 -2.182731556290015806e+00
3.522002200220013535e-01 -2.183191297122163643e+00
3.528052805280523785e-01 -2.183652188766123547e+00
3.534103410341025153e-01 -2.184114231221891966e+00
3.540154015401535403e-01 -2.184577424489471120e+00
3.546204620462045654e-01 -2.185041768568861009e+00
3.552255225522547022e-01 -2.185507263460059857e+00
3.558305830583057272e-01 -2.185973909163069440e+00
3.564356435643558640e-01 -2.186441705677888869e+00
3.570407040704068891e-01 -2.186910653004519034e+00
3.576457645764570259e-01 -2.187380751142958601e+00
3.582508250825080509e-01 -2.187852000093208460e+00
3.588558855885581877e-01 -2.188324399855268165e+00
3.594609460946092128e-01 -2.188797950429138606e+00
3.600660066006593496e-01 -2.189272651814818893e+00
3.606710671067103746e-01 -2.189748504012309027e+00
3.612761276127605115e-01 -2.190225507021609452e+00
3.618811881188115365e-01 -2.190703660842720168e+00
3.624862486248616733e-01 -2.191182965475640287e+00
3.630913091309126983e-01 -2.191663420920372030e+00
3.636963696369628352e-01 -2.192145027176912286e+00
3.643014301430138602e-01 -2.192627784245263722e+00
3.649064906490639970e-01 -2.193111692125424561e+00
3.655115511551150220e-01 -2.193596750817396135e+00
3.661166116611660470e-01 -2.194082960321178000e+00
3.667216721672161839e-01 -2.194570320636769267e+00
3.673267326732672089e-01 -2.195058831764171270e+00
3.679317931793173457e-01 -2.195548493703382675e+00
3.685368536853683707e-01 -2.196039306454404816e+00
3.691419141914185076e-01 -2.196531270017236359e+00
3.697469746974695326e-01 -2.197024384391879082e+00
3.703520352035196694e-01 -2.197518649578330763e+00
3.709570957095706945e-01 -2.198014065576593623e+00
3.715621562156208313e-01 -2.198510632386665442e+00
3.721672167216718563e-01 -2.199008350008548440e+00
3.727722772277219931e-01 -2.199507218442240841e+00
3.733773377337730182e-01 -2.200007237687743977e+00
3.739823982398231550e-01 -2.200508407745056516e+00
3.745874587458741800e-01 -2.201010728614179790e+00
3.751925192519243168e-01 -2.201514200295112467e+00
3.757975797579753419e-01 -2.202018822787856323e+00
3.764026402640263669e-01 -2.202524596092410025e+00
3.770077007700765037e-01 -2.203031520208773131e+00
3.776127612761275287e-01 -2.203539595136946971e+00
3.782178217821776656e-01 -2.204048820876930215e+00
3.788228822882286906e-01 -2.204559197428724637e+00
3.794279427942788274e-01 -2.205070724792327574e+00
3.800330033003298524e-01 -2.205583402967742579e+00
3.806380638063799893e-01 -2.206097231954966542e+00
3.812431243124310143e-01 -2.206612211754000796e+00
3.818481848184811511e-01 -2.207128342364844897e+00
3.824532453245321761e-01 -2.207645623787500178e+00
3.830583058305823130e-01 -2.208164056021963972e+00
3.836633663366333380e-01 -2.208683639068239835e+00
3.842684268426834748e-01 -2.209204372926324211e+00
3.848734873487344998e-01 -2.209726257596219323e+00
3.854785478547846367e-01 -2.210249293077923838e+00
3.860836083608356617e-01 -2.210773479371439532e+00
3.866886688668857985e-01 -2.211298816476764628e+00
3.872937293729368236e-01 -2.211825304393900460e+00
3.878987898789878486e-01 -2.212352943122846138e+00
3.885038503850379854e-01 -2.212881732663601664e+00
3.891089108910890104e-01 -2.213411673016167924e+00
3.897139713971391473e-01 -2.213942764180543143e+00
3.903190319031901723e-01 -2.214475006156729542e+00
3.909240924092403091e-01 -2.215008398944725343e+00
3.915291529152913341e-01 -2.215542942544532323e+00
3.921342134213414710e-01 -2.216078636956147818e+00
3.927392739273924960e-01 -2.216615482179575380e+00
3.933443344334426328e-01 -2.217153478214811457e+00
3.939493949394936578e-01 -2.217692625061858713e+00
3.945544554455437947e-01 -2.218232922720714928e+00
3.951595159515948197e-01 -2.218774371191381878e+00
3.957645764576449565e-01 -2.219316970473859119e+00
3.963696369636959815e-01 -2.219860720568146206e+00
3.969746974697461184e-01 -2.220405621474243141e+00
3.975797579757971434e-01 -2.220951673192151254e+00
3.981848184818472802e-01 -2.221498875721868771e+00
3.987898789878983052e-01 -2.222047229063396578e+00
3.993949394939493303e-01 -2.222596733216734233e+00
3.999999999999994671e-01 -2.223147388181881734e+00
4.006050605060504921e-01 -2.223699193958839970e+00
4.012101210121006289e-01 -2.224252150547608053e+00
4.018151815181516540e-01 -2.224806257948186428e+00
4.024202420242017908e-01 -2.225361516160574649e+00
4.030253025302528158e-01 -2.225917925184773161e+00
4.036303630363029527e-01 -2.226475485020781520e+00
4.042354235423539777e-01 -2.227034195668600614e+00
4.048404840484041145e-01 -2.227594057128229110e+00
4.054455445544551395e-01 -2.228155069399668342e+00
4.060506050605052764e-01 -2.228717232482916977e+00
4.066556655665563014e-01 -2.229280546377976790e+00
4.072607260726064382e-01 -2.229845011084845563e+00
4.078657865786574632e-01 -2.230410626603525071e+00
4.084708470847076001e-01 -2.230977392934014425e+00
4.090759075907586251e-01 -2.231545310076314514e+00
4.096809680968096501e-01 -2.232114378030424451e+00
4.102860286028597869e-01 -2.232684596796344234e+00
4.108910891089108119e-01 -2.233255966374074308e+00
4.114961496149609488e-01 -2.233828486763614229e+00
4.121012101210119738e-01 -2.234402157964964442e+00
4.127062706270621106e-01 -2.234976979978124501e+00
4.133113311331131356e-01 -2.235552952803095295e+00
4.139163916391632725e-01 -2.236130076439875491e+00
4.145214521452142975e-01 -2.236708350888466423e+00
4.151265126512644343e-01 -2.237287776148867202e+00
4.157315731573154594e-01 -2.237868352221077828e+00
4.163366336633655962e-01 -2.238450079105098744e+00
4.169416941694166212e-01 -2.239032956800930396e+00
4.175467546754667580e-01 -2.239616985308571007e+00
4.181518151815177831e-01 -2.240202164628023240e+00
4.187568756875679199e-01 -2.240788494759283989e+00
4.193619361936189449e-01 -2.241375975702355916e+00
4.199669966996690817e-01 -2.241964607457237246e+00
4.205720572057201068e-01 -2.242554390023929756e+00
4.211771177117711318e-01 -2.243145323402431668e+00
4.217821782178212686e-01 -2.243737407592743427e+00
4.223872387238722936e-01 -2.244330642594865921e+00
4.229922992299224305e-01 -2.244925028408797818e+00
4.235973597359734555e-01 -2.245520565034540450e+00
4.242024202420235923e-01 -2.246117252472092929e+00
4.248074807480746173e-01 -2.246715090721455699e+00
4.254125412541247542e-01 -2.247314079782628315e+00
4.260176017601757792e-01 -2.247914219655611667e+00
4.266226622662259160e-01 -2.248515510340403978e+00
4.272277227722769410e-01 -2.249117951837007467e+00
4.278327832783270779e-01 -2.249721544145420360e+00
4.284378437843781029e-01 -2.250326287265643987e+00
4.290429042904282397e-01 -2.250932181197677018e+00
4.296479647964792647e-01 -2.251539225941520783e+00
4.302530253025294016e-01 -2.252147421497173951e+00
4.308580858085804266e-01 -2.252756767864638299e+00
4.314631463146305634e-01 -2.253367265043911605e+00
4.320682068206815885e-01 -2.253978913034996090e+00
4.326732673267326135e-01 -2.254591711837890866e+00
4.332783278327827503e-01 -2.255205661452594157e+00
4.338833883388337753e-01 -2.255820761879109515e+00
4.344884488448839122e-01 -2.256437013117433388e+00
4.350935093509349372e-01 -2.257054415167568884e+00
4.356985698569850740e-01 -2.257672968029512894e+00
4.363036303630360990e-01 -2.258292671703268084e+00
4.369086908690862359e-01 -2.258913526188832677e+00
4.375137513751372609e-01 -2.259535531486207560e+00
4.381188118811873977e-01 -2.260158687595392735e+00
4.387238723872384227e-01 -2.260782994516388644e+00
4.393289328932885596e-01 -2.261408452249193513e+00
4.399339933993395846e-01 -2.262035060793809116e+00
4.405390539053897214e-01 -2.262662820150234566e+00
4.411441144114407464e-01 -2.263291730318470751e+00
4.417491749174908833e-01 -2.263921791298516339e+00
4.423542354235419083e-01 -2.264553003090372663e+00
4.429592959295920451e-01 -2.265185365694038389e+00
4.435643564356430701e-01 -2.265818879109514850e+00
4.441694169416940952e-01 -2.266453543336801602e+00
4.447744774477442320e-01 -2.267089358375897756e+00
4.453795379537952570e-01 -2.267726324226804646e+00
4.459845984598453938e-01 -2.268364440889520495e+00
4.465896589658964189e-01 -2.269003708364047966e+00
4.471947194719465557e-01 -2.269644126650384397e+00
4.477997799779975807e-01 -2.270285695748532007e+00
4.484048404840477176e-01 -2.270928415658488575e+00
4.490099009900987426e-01 -2.271572286380256323e+00
4.496149614961488794e-01 -2.272217307913833473e+00
4.502200220021999044e-01 -2.272863480259221802e+00
4.508250825082500413e-01 -2.273510803416418646e+00
4.514301430143010663e-01 -2.274159277385426670e+00
4.520352035203512031e-01 -2.274808902166244096e+00
4.526402640264022281e-01 -2.275459677758872701e+00
4.532453245324523650e-01 -2.276111604163309821e+00
4.538503850385033900e-01 -2.276764681379559008e+00
4.544554455445544150e-01 -2.277418909407617598e+00
4.550605060506045518e-01 -2.278074288247485590e+00
4.556655665566555768e-01 -2.278730817899164318e+00
4.562706270627057137e-01 -2.279388498362652449e+00
4.568756875687567387e-01 -2.280047329637951758e+00
4.574807480748068755e-01 -2.280707311725060471e+00
4.580858085808579006e-01 -2.281368444623979919e+00
4.586908690869080374e-01 -2.282030728334708769e+00
4.592959295929590624e-01 -2.282694162857247910e+00
4.599009900990091992e-01 -2.283358748191596455e+00
4.605060506050602243e-01 -2.284024484337757066e+00
4.611111111111103611e-01 -2.284691371295726192e+00
4.617161716171613861e-01 -2.285359409065506053e+00
4.623212321232115229e-01 -2.286028597647095317e+00
4.629262926292625480e-01 -2.286698937040495316e+00
4.635313531353126848e-01 -2.287370427245705162e+00
4.641364136413637098e-01 -2.288043068262726187e+00
4.647414741474138467e-01 -2.288716860091555727e+00
4.653465346534648717e-01 -2.289391802732196446e+00
4.659515951595158967e-01 -2.290067896184647456e+00
4.665566556655660335e-01 -2.290745140448907424e+00
4.671617161716170585e-01 -2.291423535524979016e+00
4.677667766776671954e-01 -2.292103081412859567e+00
4.683718371837182204e-01 -2.292783778112550408e+00
4.689768976897683572e-01 -2.293465625624051540e+00
4.695819581958193822e-01 -2.294148623947362964e+00
4.701870187018695191e-01 -2.294832773082483790e+00
4.707920792079205441e-01 -2.295518073029415795e+00
4.713971397139706809e-01 -2.296204523788156315e+00
4.720022002200217059e-01 -2.296892125358708459e+00
4.726072607260718428e-01 -2.297580877741070005e+00
4.732123212321228678e-01 -2.298270780935242286e+00
4.738173817381730046e-01 -2.298961834941223525e+00
4.744224422442240297e-01 -2.299654039759016388e+00
4.750275027502741665e-01 -2.300347395388618210e+00
4.756325632563251915e-01 -2.301041901830031211e+00
4.762376237623753283e-01 -2.301737559083252727e+00
4.768426842684263534e-01 -2.302434367148285865e+00
4.774477447744773784e-01 -2.303132326025129295e+00
4.780528052805275152e-01 -2.303831435713781239e+00
4.786578657865785402e-01 -2.304531696214245251e+00
4.792629262926286771e-01 -2.305233107526517777e+00
4.798679867986797021e-01 -2.305935669650601483e+00
4.804730473047298389e-01 -2.306639382586493703e+00
4.810781078107808639e-01 -2.307344246334197546e+00
4.816831683168310008e-01 -2.308050260893710792e+00
4.822882288228820258e-01 -2.308757426265034773e+00
4.828932893289321626e-01 -2.309465742448168157e+00
4.834983498349831876e-01 -2.310175209443112276e+00
4.841034103410333245e-01 -2.310885827249865798e+00
4.847084708470843495e-01 -2.311597595868430499e+00
4.853135313531344863e-01 -2.312310515298803715e+00
4.859185918591855113e-01 -2.313024585540988998e+00
4.865236523652356482e-01 -2.313739806594982795e+00
4.871287128712866732e-01 -2.314456178460787772e+00
4.877337733773368100e-01 -2.315173701138401707e+00
4.883388338833878350e-01 -2.315892374627827266e+00
4.889438943894388601e-01 -2.316612198929062671e+00
4.895489548954889969e-01 -2.317333174042107036e+00
4.901540154015400219e-01 -2.318055299966962579e+00
4.907590759075901587e-01 -2.318778576703627525e+00
4.913641364136411838e-01 -2.319503004252103651e+00
4.919691969196913206e-01 -2.320228582612388291e+00
4.925742574257423456e-01 -2.320955311784484110e+00
4.931793179317924825e-01 -2.321683191768389776e+00
4.937843784378435075e-01 -2.322412222564105733e+00
4.943894389438936443e-01 -2.323142404171631092e+00
4.949944994499446693e-01 -2.323873736590967631e+00
4.955995599559948062e-01 -2.324606219822113573e+00
4.962046204620458312e-01 -2.325339853865070250e+00
4.968096809680959680e-01 -2.326074638719836329e+00
4.974147414741469930e-01 -2.326810574386413144e+00
4.980198019801971299e-01 -2.327547660864799361e+00
4.986248624862481549e-01 -2.328285898154996758e+00
4.992299229922991799e-01 -2.329025286257003557e+00
4.998349834983493167e-01 -2.329765825170820648e+00
5.004400440044003417e-01 -2.330507679636704577e+00
5.010451045104504786e-01 -2.331251284671895352e+00
5.016501650165015036e-01 -2.331996663442993167e+00
5.022552255225516404e-01 -2.332743815949996247e+00
5.028602860286026655e-01 -2.333492742192906366e+00
5.034653465346528023e-01 -2.334243442171721306e+00
5.040704070407038273e-01 -2.334995915886443729e+00
5.046754675467539641e-01 -2.335750163337070973e+00
5.052805280528049892e-01 -2.336506184523604812e+00
5.058855885588551260e-01 -2.337263979446044360e+00
5.064906490649061510e-01 -2.338023548104391391e+00
5.070957095709562878e-01 -2.338784890498642355e+00
5.077007700770073129e-01 -2.339548006628801247e+00
5.083058305830574497e-01 -2.340312896494864514e+00
5.089108910891084747e-01 -2.341079560096836154e+00
5.095159515951586116e-01 -2.341847997434712170e+00
5.101210121012096366e-01 -2.342618208508494781e+00
5.107260726072606616e-01 -2.343390193318183989e+00
5.113311331133107984e-01 -2.344163951863778017e+00
5.119361936193618234e-01 -2.344939484145279085e+00
5.125412541254119603e-01 -2.345716790162684973e+00
5.131463146314629853e-01 -2.346495869915998345e+00
5.137513751375131221e-01 -2.347276723405216536e+00
5.143564356435641471e-01 -2.348059350630343101e+00
5.149614961496142840e-01 -2.348843751591372708e+00
5.155665566556653090e-01 -2.349629926288310244e+00
5.161716171617154458e-01 -2.350417874721153044e+00
5.167766776677664708e-01 -2.351207596889903328e+00
5.173817381738166077e-01 -2.351999092794557988e+00
5.179867986798676327e-01 -2.352792362435120133e+00
5.185918591859177695e-01 -2.353587405811587097e+00
5.191969196919687946e-01 -2.354384222923961101e+00
5.198019801980189314e-01 -2.355182813772239925e+00
5.204070407040699564e-01 -2.355983178356427121e+00
5.210121012101200932e-01 -2.356785316676517805e+00
5.216171617161711183e-01 -2.357589228732515974e+00
5.222222222222221433e-01 -2.358394914524420738e+00
5.228272827282722801e-01 -2.359202374052229878e+00
5.234323432343233051e-01 -2.360011607315947391e+00
5.240374037403734420e-01 -2.360822614315568391e+00
5.246424642464244670e-01 -2.361635395051097319e+00
5.252475247524746038e-01 -2.362449949522530623e+00
5.258525852585256288e-01 -2.363266277729872300e+00
5.264576457645757657e-01 -2.364084379673118352e+00
5.270627062706267907e-01 -2.364904255352271445e+00
5.276677667766769275e-01 -2.365725904767329801e+00
5.282728272827279525e-01 -2.366549327918294754e+00
5.288778877887780894e-01 -2.367374524805164970e+00
5.294829482948291144e-01 -2.368201495427943115e+00
5.300880088008792512e-01 -2.369030239786625192e+00
5.306930693069302762e-01 -2.369860757881215196e+00
5.312981298129804131e-01 -2.370693049711709133e+00
5.319031903190314381e-01 -2.371527115278110998e+00
5.325082508250824631e-01 -2.372362954580419014e+00
5.331133113311325999e-01 -2.373200567618631407e+00
5.337183718371836250e-01 -2.374039954392751284e+00
5.343234323432337618e-01 -2.374881114902775980e+00
5.349284928492847868e-01 -2.375724049148708161e+00
5.355335533553349237e-01 -2.376568757130545162e+00
5.361386138613859487e-01 -2.377415238848290091e+00
5.367436743674360855e-01 -2.378263494301938952e+00
5.373487348734871105e-01 -2.379113523491495741e+00
5.379537953795372474e-01 -2.379965326416956906e+00
5.385588558855882724e-01 -2.380818903078325555e+00
5.391639163916384092e-01 -2.381674253475598579e+00
5.397689768976894342e-01 -2.382531377608779533e+00
5.403740374037395711e-01 -2.383390275477864861e+00
5.409790979097905961e-01 -2.384250947082858119e+00
5.415841584158407329e-01 -2.385113392423756196e+00
5.421892189218917579e-01 -2.385977611500560869e+00
5.427942794279418948e-01 -2.386843604313271250e+00
5.433993399339929198e-01 -2.387711370861888227e+00
5.440044004400439448e-01 -2.388580911146411800e+00
5.446094609460940816e-01 -2.389452225166839749e+00
5.452145214521451067e-01 -2.390325312923175627e+00
5.458195819581952435e-01 -2.391200174415415880e+00
5.464246424642462685e-01 -2.392076809643563617e+00
5.470297029702964053e-01 -2.392955218607616175e+00
5.476347634763474304e-01 -2.393835401307575772e+00
5.482398239823975672e-01 -2.394717357743440633e+00
5.488448844884485922e-01 -2.395601087915212091e+00
5.494499449944987290e-01 -2.396486591822888812e+00
5.500550055005497541e-01 -2.397373869466473462e+00
5.506600660065998909e-01 -2.398262920845961599e+00
5.512651265126509159e-01 -2.399153745961358108e+00
5.518701870187010528e-01 -2.400046344812659438e+00
5.524752475247520778e-01 -2.400940717399867808e+00
5.530803080308022146e-01 -2.401836863722980997e+00
5.536853685368532396e-01 -2.402734783782000783e+00
5.542904290429033765e-01 -2.403634477576927164e+00
5.548954895489544015e-01 -2.404535945107759254e+00
5.555005500550054265e-01 -2.405439186374498384e+00
5.561056105610555633e-01 -2.406344201377141889e+00
5.567106710671065883e-01 -2.407250990115692879e+00
5.573157315731567252e-01 -2.408159552590148245e+00
5.579207920792077502e-01 -2.409069888800511539e+00
5.585258525852578870e-01 -2.409981998746779208e+00
5.591309130913089120e-01 -2.410895882428954362e+00
5.597359735973590489e-01 -2.411811539847034336e+00
5.603410341034100739e-01 -2.412728971001021794e+00
5.609460946094602107e-01 -2.413648175890914072e+00
5.615511551155112357e-01 -2.414569154516713834e+00
5.621562156215613726e-01 -2.415491906878417971e+00
5.627612761276123976e-01 -2.416416432976029594e+00
5.633663366336625344e-01 -2.417342732809546479e+00
5.639713971397135595e-01 -2.418270806378969962e+00
5.645764576457636963e-01 -2.419200653684298707e+00
5.651815181518147213e-01 -2.420132274725534938e+00
5.657865786578648581e-01 -2.421065669502675544e+00
5.663916391639158832e-01 -2.422000838015723634e+00
5.669966996699669082e-01 -2.422937780264677876e+00
5.676017601760170450e-01 -2.423876496249536938e+00
5.682068206820680700e-01 -2.424816985970303485e+00
5.688118811881182069e-01 -2.425759249426974851e+00
5.694169416941692319e-01 -2.426703286619553257e+00
5.700220022002193687e-01 -2.427649097548036039e+00
5.706270627062703937e-01 -2.428596682212427194e+00
5.712321232123205306e-01 -2.429546040612722724e+00
5.718371837183715556e-01 -2.430497172748925294e+00
5.724422442244216924e-01 -2.431450078621033128e+00
5.730473047304727174e-01 -2.432404758229048003e+00
5.736523652365228543e-01 -2.433361211572968141e+00
5.742574257425738793e-01 -2.434319438652795320e+00
5.748624862486240161e-01 -2.435279439468526874e+00
5.754675467546750411e-01 -2.436241214020166357e+00
5.760726072607251780e-01 -2.437204762307710215e+00
5.766776677667762030e-01 -2.438170084331161558e+00
5.772827282728272280e-01 -2.439137180090519497e+00
5.778877887788773648e-01 -2.440106049585781367e+00
5.784928492849283899e-01 -2.441076692816950722e+00
5.790979097909785267e-01 -2.442049109784025340e+00
5.797029702970295517e-01 -2.443023300487007443e+00
5.803080308030796886e-01 -2.443999264925893922e+00
5.809130913091307136e-01 -2.444977003100688329e+00
5.815181518151808504e-01 -2.445956515011386667e+00
5.821232123212318754e-01 -2.446937800657992934e+00
5.827282728272820123e-01 -2.447920860040503577e+00
5.833333333333330373e-01 -2.448905693158921704e+00
5.839383938393831741e-01 -2.449892300013245539e+00
5.845434543454341991e-01 -2.450880680603475525e+00
5.851485148514843360e-01 -2.451870834929610332e+00
5.857535753575353610e-01 -2.452862762991653067e+00
5.863586358635854978e-01 -2.453856464789601066e+00
5.869636963696365228e-01 -2.454851940323455217e+00
5.875687568756866597e-01 -2.455849189593214188e+00
5.881738173817376847e-01 -2.456848212598881975e+00
5.887788778877887097e-01 -2.457849009340454582e+00
5.893839383938388465e-01 -2.458851579817932897e+00
5.899889988998898716e-01 -2.459855924031317365e+00
5.905940594059400084e-01 -2.460862041980607540e+00
5.911991199119910334e-01 -2.461869933665804755e+00
5.918041804180411702e-01 -2.462879599086907234e+00
5.924092409240921953e-01 -2.463891038243916309e+00
5.930143014301423321e-01 -2.464904251136830204e+00
5.936193619361933571e-01 -2.465919237765652028e+00
5.942244224422434939e-01 -2.466935998130378227e+00
5.948294829482945190e-01 -2.467954532231012355e+00
5.954345434543446558e-01 -2.468974840067550414e+00
5.960396039603956808e-01 -2.469996921639996845e+00
5.966446644664458177e-01 -2.471020776948347208e+00
5.972497249724968427e-01 -2.472046405992605056e+00
5.978547854785469795e-01 -2.473073808772767723e+00
5.984598459845980045e-01 -2.474102985288838319e+00
5.990649064906481414e-01 -2.475133935540812846e+00
5.996699669966991664e-01 -2.476166659528695746e+00
6.002750275027501914e-01 -2.477201157252483910e+00
6.008800880088003282e-01 -2.478237428712176893e+00
6.014851485148513532e-01 -2.479275473907777361e+00
6.020902090209014901e-01 -2.480315292839283092e+00
6.026952695269525151e-01 -2.481356885506695864e+00
6.033003300330026519e-01 -2.482400251910013012e+00
6.039053905390536769e-01 -2.483445392049238087e+00
6.045104510451038138e-01 -2.484492305924367539e+00
6.051155115511548388e-01 -2.485540993535404475e+00
6.057205720572049756e-01 -2.486591454882346230e+00
6.063256325632560007e-01 -2.487643689965195026e+00
6.069306930693061375e-01 -2.488697698783949530e+00
6.075357535753571625e-01 -2.489753481338610630e+00
6.081408140814072993e-01 -2.490811037629176550e+00
6.087458745874583244e-01 -2.491870367655650398e+00
6.093509350935084612e-01 -2.492931471418028178e+00
6.099559955995594862e-01 -2.493994348916313886e+00
6.105610561056096230e-01 -2.495059000150504414e+00
6.111661166116606481e-01 -2.496125425120601982e+00
6.117711771177116731e-01 -2.497193623826606146e+00
6.123762376237618099e-01 -2.498263596268514242e+00
6.129812981298128349e-01 -2.499335342446331154e+00
6.135863586358629718e-01 -2.500408862360051554e+00
6.141914191419139968e-01 -2.501484156009679438e+00
6.147964796479641336e-01 -2.502561223395212586e+00
6.154015401540151586e-01 -2.503640064516652775e+00
6.160066006600652955e-01 -2.504720679373997339e+00
6.166116611661163205e-01 -2.505803067967249831e+00
6.172167216721664573e-01 -2.506887230296407587e+00
6.178217821782174823e-01 -2.507973166361471939e+00
6.184268426842676192e-01 -2.509060876162441556e+00
6.190319031903186442e-01 -2.510150359699317768e+00
6.196369636963687810e-01 -2.511241616972099688e+00
6.202420242024198060e-01 -2.512334647980788649e+00
6.208470847084699429e-01 -2.513429452725382429e+00
6.214521452145209679e-01 -2.514526031205883250e+00
6.220572057205719929e-01 -2.515624383422290222e+00
6.226622662266221298e-01 -2.516724509374602459e+00
6.232673267326731548e-01 -2.517826409062822179e+00
6.238723872387232916e-01 -2.518930082486946276e+00
6.244774477447743166e-01 -2.520035529646977857e+00
6.250825082508244535e-01 -2.521142750542913369e+00
6.256875687568754785e-01 -2.522251745174757254e+00
6.262926292629256153e-01 -2.523362513542505514e+00
6.268976897689766403e-01 -2.524475055646161259e+00
6.275027502750267772e-01 -2.525589371485721379e+00
6.281078107810778022e-01 -2.526705461061189428e+00
6.287128712871279390e-01 -2.527823324372561853e+00
6.293179317931789640e-01 -2.528942961419842650e+00
6.299229922992291009e-01 -2.530064372203026934e+00
6.305280528052801259e-01 -2.531187556722119592e+00
6.311331133113302627e-01 -2.532312514977115736e+00
6.317381738173812877e-01 -2.533439246968020253e+00
6.323432343234314246e-01 -2.534567752694830034e+00
6.329482948294824496e-01 -2.535698032157545967e+00
6.335533553355334746e-01 -2.536830085356168940e+00
6.341584158415836114e-01 -2.537963912290696289e+00
6.347634763476346365e-01 -2.539099512961131122e+00
6.353685368536847733e-01 -2.540236887367470331e+00
6.359735973597357983e-01 -2.541376035509717468e+00
6.365786578657859351e-01 -2.542516957387868981e+00
6.371837183718369602e-01 -2.543659653001928422e+00
6.377887788778870970e-01 -2.544804122351891351e+00
6.383938393839381220e-01 -2.545950365437763097e+00
6.389988998899882588e-01 -2.547098382259538329e+00
6.396039603960392839e-01 -2.548248172817222823e+00
6.402090209020894207e-01 -2.549399737110809916e+00
6.408140814081404457e-01 -2.550553075140305825e+00
6.414191419141905826e-01 -2.551708186905705666e+00
6.420242024202416076e-01 -2.552865072407013436e+00
6.426292629262917444e-01 -2.554023731644226025e+00
6.432343234323427694e-01 -2.555184164617346099e+00
6.438393839383929063e-01 -2.556346371326370104e+00
6.444444444444439313e-01 -2.557510351771302481e+00
6.450495049504949563e-01 -2.558676105952140567e+00
6.456545654565450931e-01 -2.559843633868883472e+00
6.462596259625961181e-01 -2.561012935521533418e+00
6.468646864686462550e-01 -2.562184010910088183e+00
6.474697469746972800e-01 -2.563356860034550877e+00
6.480748074807474168e-01 -2.564531482894917502e+00
6.486798679867984418e-01 -2.565707879491192056e+00
6.492849284928485787e-01 -2.566886049823371430e+00
6.498899889988996037e-01 -2.568065993891457843e+00
6.504950495049497405e-01 -2.569247711695449077e+00
6.511001100110007656e-01 -2.570431203235348683e+00
6.517051705170509024e-01 -2.571616468511151776e+00
6.523102310231019274e-01 -2.572803507522862354e+00
6.529152915291520642e-01 -2.573992320270478196e+00
6.535203520352030893e-01 -2.575182906754001522e+00
6.541254125412532261e-01 -2.576375266973428779e+00
6.547304730473042511e-01 -2.577569400928764409e+00
6.553355335533552761e-01 -2.578765308620006191e+00
6.559405940594054130e-01 -2.579962990047151905e+00
6.565456545654564380e-01 -2.581162445210205547e+00
6.571507150715065748e-01 -2.582363674109163121e+00
6.577557755775575998e-01 -2.583566676744029067e+00
6.583608360836077367e-01 -2.584771453114798945e+00
6.589658965896587617e-01 -2.585978003221477639e+00
6.595709570957088985e-01 -2.587186327064059377e+00
6.601760176017599235e-01 -2.588396424642550375e+00
6.607810781078100604e-01 -2.589608295956944417e+00
6.613861386138610854e-01 -2.590821941007246387e+00
6.619911991199112222e-01 -2.592037359793453177e+00
6.625962596259622472e-01 -2.593254552315567452e+00
6.632013201320123841e-01 -2.594473518573586102e+00
6.638063806380634091e-01 -2.595694258567512680e+00
6.644114411441135459e-01 -2.596916772297343634e+00
6.650165016501645709e-01 -2.598141059763082072e+00
6.656215621562147078e-01 -2.599367120964725775e+00
6.662266226622657328e-01 -2.600594955902276517e+00
6.668316831683167578e-01 -2.601824564575733412e+00
6.674367436743668947e-01 -2.603055946985094682e+00
6.680418041804179197e-01 -2.604289103130363436e+00
6.686468646864680565e-01 -2.605524033011537455e+00
6.692519251925190815e-01 -2.606760736628618513e+00
6.698569856985692184e-01 -2.607999213981603503e+00
6.704620462046202434e-01 -2.609239465070497310e+00
6.710671067106703802e-01 -2.610481489895295049e+00
6.716721672167214052e-01 -2.611725288456000715e+00
6.722772277227715421e-01 -2.612970860752610314e+00
6.728822882288225671e-01 -2.614218206785128285e+00
6.734873487348727039e-01 -2.615467326553550187e+00
6.740924092409237289e-01 -2.616718220057880018e+00
6.746974697469738658e-01 -2.617970887298114668e+00
6.753025302530248908e-01 -2.619225328274256803e+00
6.759075907590750276e-01 -2.620481542986302870e+00
6.765126512651260526e-01 -2.621739531434256865e+00
6.771177117711761895e-01 -2.622999293618115679e+00
6.777227722772272145e-01 -2.624260829537881534e+00
6.783278327832782395e-01 -2.625524139193553985e+00
6.789328932893283763e-01 -2.626789222585130812e+00
6.795379537953794014e-01 -2.628056079712615123e+00
6.801430143014295382e-01 -2.629324710576004254e+00
6.807480748074805632e-01 -2.630595115175300869e+00
6.813531353135307000e-01 -2.631867293510501860e+00
6.819581958195817251e-01 -2.633141245581610335e+00
6.825632563256318619e-01 -2.634416971388623629e+00
6.831683168316828869e-01 -2.635694470931544853e+00
6.837733773377330238e-01 -2.636973744210370452e+00
6.843784378437840488e-01 -2.638254791225103091e+00
6.849834983498341856e-01 -2.639537611975740994e+00
6.855885588558852106e-01 -2.640822206462286381e+00
6.861936193619353475e-01 -2.642108574684735700e+00
6.867986798679863725e-01 -2.643396716643093391e+00
6.874037403740365093e-01 -2.644686632337355014e+00
6.880088008800875343e-01 -2.645978321767525454e+00
6.886138613861376712e-01 -2.647271784933598937e+00
6.892189218921886962e-01 -2.648567021835580348e+00
6.898239823982397212e-01 -2.649864032473468800e+00
6.904290429042898580e-01 -2.651162816847260739e+00
6.910341034103408830e-01 -2.652463374956960607e+00
6.916391639163910199e-01 -2.653765706802564850e+00
6.922442244224420449e-01 -2.655069812384077466e+00
6.928492849284921817e-01 -2.656375691701493569e+00
6.934543454345432067e-01 -2.657683344754818044e+00
6.940594059405933436e-01 -2.658992771544046896e+00
6.946644664466443686e-01 -2.660303972069183231e+00
6.952695269526945054e-01 -2.661616946330223499e+00
6.958745874587455305e-01 -2.662931694327172583e+00
6.964796479647956673e-01 -2.664248216060025154e+00
6.970847084708466923e-01 -2.665566511528786098e+00
6.976897689768968291e-01 -2.666886580733451417e+00
6.982948294829478542e-01 -2.668208423674024221e+00
6.988998899889979910e-01 -2.669532040350500957e+00
6.995049504950490160e-01 -2.670857430762886064e+00
7.001100110011000410e-01 -2.672184596901464371e+00
7.007150715071501779e-01 -2.673513616884993116e+00
7.013201320132012029e-01 -2.674844531016784988e+00
7.019251925192513397e-01 -2.676177339296835989e+00
7.025302530253023647e-01 -2.677512041725150116e+00
7.031353135313525016e-01 -2.678848638301723817e+00
7.037403740374035266e-01 -2.680187129026561088e+00
7.043454345434536634e-01 -2.681527513899657933e+00
7.049504950495046884e-01 -2.682869792921017016e+00
7.055555555555548253e-01 -2.684213966090636116e+00
7.061606160616058503e-01 -2.685560033408518787e+00
7.067656765676559871e-01 -2.686907994874659700e+00
7.073707370737070121e-01 -2.688257850489065071e+00
7.079757975797571490e-01 -2.689609600251729571e+00
7.085808580858081740e-01 -2.690963244162656753e+00
7.091859185918583108e-01 -2.692318782221843509e+00
7.097909790979093358e-01 -2.693676214429294280e+00
7.103960396039594727e-01 -2.695035540785002848e+00
7.110011001100104977e-01 -2.696396761288975874e+00
7.116061606160615227e-01 -2.697759875941209806e+00
7.122112211221116596e-01 -2.699124884741704200e+00
7.128162816281626846e-01 -2.700491787690460832e+00
7.134213421342128214e-01 -2.701860584787477038e+00
7.140264026402638464e-01 -2.703231276032755925e+00
7.146314631463139833e-01 -2.704603861426294387e+00
7.152365236523650083e-01 -2.705978340968097307e+00
7.158415841584151451e-01 -2.707354714658158024e+00
7.164466446644661701e-01 -2.708732982496483199e+00
7.170517051705163070e-01 -2.710113144483067504e+00
7.176567656765673320e-01 -2.711495200617914492e+00
7.182618261826174688e-01 -2.712879150901020608e+00
7.188668866886684938e-01 -2.714264995332391184e+00
7.194719471947186307e-01 -2.715652733912020445e+00
7.200770077007696557e-01 -2.717042366639912832e+00
7.206820682068197925e-01 -2.718433893516064792e+00
7.212871287128708175e-01 -2.719827314540479435e+00
7.218921892189209544e-01 -2.721222629713154095e+00
7.224972497249719794e-01 -2.722619839034092326e+00
7.231023102310230044e-01 -2.724018942503291907e+00
7.237073707370731412e-01 -2.725419940120750617e+00
7.243124312431241663e-01 -2.726822831886471565e+00
7.249174917491743031e-01 -2.728227617800452975e+00
7.255225522552253281e-01 -2.729634297862697512e+00
7.261276127612754649e-01 -2.731042872073201178e+00
7.267326732673264900e-01 -2.732453340431968414e+00
7.273377337733766268e-01 -2.733865702938994779e+00
7.279427942794276518e-01 -2.735279959594284716e+00
7.285478547854777887e-01 -2.736696110397833781e+00
7.291529152915288137e-01 -2.738114155349646417e+00
7.297579757975789505e-01 -2.739534094449717738e+00
7.303630363036299755e-01 -2.740955927698053074e+00
7.309680968096801124e-01 -2.742379655094647539e+00
7.315731573157311374e-01 -2.743805276639504687e+00
7.321782178217812742e-01 -2.745232792332621408e+00
7.327832783278322992e-01 -2.746662202174002143e+00
7.333883388338833242e-01 -2.748093506163643784e+00
7.339933993399334611e-01 -2.749526704301544555e+00
7.345984598459844861e-01 -2.750961796587708452e+00
7.352035203520346229e-01 -2.752398783022131923e+00
7.358085808580856479e-01 -2.753837663604818964e+00
7.364136413641357848e-01 -2.755278438335765578e+00
7.370187018701868098e-01 -2.756721107214975763e+00
7.376237623762369466e-01 -2.758165670242444190e+00
7.382288228822879717e-01 -2.759612127418175742e+00
7.388338833883381085e-01 -2.761060478742167312e+00
7.394389438943891335e-01 -2.762510724214422009e+00
7.400440044004392703e-01 -2.763962863834935835e+00
7.406490649064902954e-01 -2.765416897603713675e+00
7.412541254125404322e-01 -2.766872825520750645e+00
7.418591859185914572e-01 -2.768330647586050741e+00
7.424642464246415940e-01 -2.769790363799609967e+00
7.430693069306926191e-01 -2.771251974161432319e+00
7.436743674367427559e-01 -2.772715478671514688e+00
7.442794279427937809e-01 -2.774180877329860628e+00
7.448844884488448059e-01 -2.775648170136466586e+00
7.454895489548949428e-01 -2.777117357091332561e+00
7.460946094609459678e-01 -2.778588438194461663e+00
7.466996699669961046e-01 -2.780061413445850782e+00
7.473047304730471296e-01 -2.781536282845502139e+00
7.479097909790972665e-01 -2.783013046393413514e+00
7.485148514851482915e-01 -2.784491704089588016e+00
7.491199119911984283e-01 -2.785972255934022090e+00
7.497249724972494533e-01 -2.787454701926719292e+00
7.503300330032995902e-01 -2.788939042067676510e+00
7.509350935093506152e-01 -2.790425276356895523e+00
7.515401540154007520e-01 -2.791913404794374554e+00
7.521452145214517770e-01 -2.793403427380117154e+00
7.527502750275019139e-01 -2.794895344114118885e+00
7.533553355335529389e-01 -2.796389154996384185e+00
7.539603960396030757e-01 -2.797884860026908616e+00
7.545654565456541008e-01 -2.799382459205696172e+00
7.551705170517042376e-01 -2.800881952532742414e+00
7.557755775577552626e-01 -2.802383340008053114e+00
7.563806380638062876e-01 -2.803886621631625164e+00
7.569856985698564245e-01 -2.805391797403456344e+00
7.575907590759074495e-01 -2.806898867323550206e+00
7.581958195819575863e-01 -2.808407831391903642e+00
7.588008800880086113e-01 -2.809918689608521092e+00
7.594059405940587482e-01 -2.811431441973397227e+00
7.600110011001097732e-01 -2.812946088486536933e+00
7.606160616061599100e-01 -2.814462629147936212e+00
7.612211221122109350e-01 -2.815981063957598174e+00
7.618261826182610719e-01 -2.817501392915519709e+00
7.624312431243120969e-01 -2.819023616021704814e+00
7.630363036303622337e-01 -2.820547733276149049e+00
7.636413641364132587e-01 -2.822073744678856411e+00
7.642464246424633956e-01 -2.823601650229822901e+00
7.648514851485144206e-01 -2.825131449929052962e+00
7.654565456545645574e-01 -2.826663143776542153e+00
7.660616061606155824e-01 -2.828196731772295358e+00
7.666666666666657193e-01 -2.829732213916307249e+00
7.672717271727167443e-01 -2.831269590208583153e+00
7.678767876787677693e-01 -2.832808860649119520e+00
7.684818481848179061e-01 -2.834350025237915460e+00
7.690869086908689312e-01 -2.835893083974974971e+00
7.696919691969190680e-01 -2.837438036860293611e+00
7.702970297029700930e-01 -2.838984883893876265e+00
7.709020902090202298e-01 -2.840533625075717161e+00
7.715071507150712549e-01 -2.842084260405821183e+00
7.721122112211213917e-01 -2.843636789884185223e+00
7.727172717271724167e-01 -2.845191213510813277e+00
7.733223322332225536e-01 -2.846747531285699573e+00
7.739273927392735786e-01 -2.848305743208849883e+00
7.745324532453237154e-01 -2.849865849280258434e+00
7.751375137513747404e-01 -2.851427849499931000e+00
7.757425742574248773e-01 -2.852991743867862251e+00
7.763476347634759023e-01 -2.854557532384057961e+00
7.769526952695260391e-01 -2.856125215048512800e+00
7.775577557755770641e-01 -2.857694791861230321e+00
7.781628162816280891e-01 -2.859266262822209637e+00
7.787678767876782260e-01 -2.860839627931447637e+00
7.793729372937292510e-01 -2.862414887188950541e+00
7.799779977997793878e-01 -2.863992040594710797e+00
7.805830583058304128e-01 -2.865571088148735512e+00
7.811881188118805497e-01 -2.867152029851018913e+00
7.817931793179315747e-01 -2.868734865701565884e+00
7.823982398239817115e-01 -2.870319595700372428e+00
7.830033003300327366e-01 -2.871906219847442099e+00
7.836083608360828734e-01 -2.873494738142770899e+00
7.842134213421338984e-01 -2.875085150586363270e+00
7.848184818481840352e-01 -2.876677457178214770e+00
7.854235423542350603e-01 -2.878271657918329840e+00
7.860286028602851971e-01 -2.879867752806703596e+00
7.866336633663362221e-01 -2.881465741843341810e+00
7.872387238723863589e-01 -2.883065625028238710e+00
7.878437843784373840e-01 -2.884667402361398292e+00
7.884488448844875208e-01 -2.886271073842818335e+00
7.890539053905385458e-01 -2.887876639472501505e+00
7.896589658965895708e-01 -2.889484099250445581e+00
7.902640264026397077e-01 -2.891093453176648786e+00
7.908690869086907327e-01 -2.892704701251116006e+00
7.914741474147408695e-01 -2.894317843473841467e+00
7.920792079207918945e-01 -2.895932879844831387e+00
7.926842684268420314e-01 -2.897549810364079992e+00
7.932893289328930564e-01 -2.899168635031592167e+00
7.938943894389431932e-01 -2.900789353847363028e+00
7.944994499449942182e-01 -2.902411966811398347e+00
7.951045104510443551e-01 -2.904036473923691908e+00
7.957095709570953801e-01 -2.905662875184249927e+00
7.963146314631455169e-01 -2.907291170593066632e+00
7.969196919691965419e-01 -2.908921360150146462e+00
7.975247524752466788e-01 -2.910553443855485423e+00
7.981298129812977038e-01 -2.912187421709087953e+00
7.987348734873478406e-01 -2.913823293710949613e+00
7.993399339933988657e-01 -2.915461059861075288e+00
7.999449944994490025e-01 -2.917100720159459648e+00
8.005500550055000275e-01 -2.918742274606108023e+00
8.011551155115510525e-01 -2.920385723201017303e+00
8.017601760176011894e-01 -2.922031065944185269e+00
8.023652365236522144e-01 -2.923678302835617249e+00
8.029702970297023512e-01 -2.925327433875308358e+00
8.035753575357533762e-01 -2.926978459063263038e+00
8.041804180418035131e-01 -2.928631378399476848e+00
8.047854785478545381e-01 -2.930286191883953784e+00
8.053905390539046749e-01 -2.931942899516689849e+00
8.059955995599556999e-01 -2.933601501297690373e+00
8.066006600660058368e-01 -2.935261997226949138e+00
8.072057205720568618e-01 -2.936924387304471917e+00
8.078107810781069986e-01 -2.938588671530253382e+00
8.084158415841580236e-01 -2.940254849904298418e+00
8.090209020902081605e-01 -2.941922922426602582e+00
8.096259625962591855e-01 -2.943592889097170318e+00
8.102310231023093223e-01 -2.945264749915997182e+00
8.108360836083603473e-01 -2.946938504883087617e+00
8.114411441144104842e-01 -2.948614153998437626e+00
8.120462046204615092e-01 -2.950291697262050317e+00
8.126512651265125342e-01 -2.951971134673924357e+00
8.132563256325626710e-01 -2.953652466234057972e+00
8.138613861386136961e-01 -2.955335691942455600e+00
8.144664466446638329e-01 -2.957020811799110582e+00
8.150715071507148579e-01 -2.958707825804030911e+00
8.156765676567649948e-01 -2.960396733957209481e+00
8.162816281628160198e-01 -2.962087536258651621e+00
8.168866886688661566e-01 -2.963780232708353335e+00
8.174917491749171816e-01 -2.965474823306318175e+00
8.180968096809673185e-01 -2.967171308052542145e+00
8.187018701870183435e-01 -2.968869686947029241e+00
8.193069306930684803e-01 -2.970569959989775466e+00
8.199119911991195053e-01 -2.972272127180786150e+00
8.205170517051696422e-01 -2.973976188520055519e+00
8.211221122112206672e-01 -2.975682144007588459e+00
8.217271727172708040e-01 -2.977389993643380084e+00
8.223322332233218290e-01 -2.979099737427435723e+00
8.229372937293728540e-01 -2.980811375359752713e+00
8.235423542354229909e-01 -2.982524907440327944e+00
8.241474147414740159e-01 -2.984240333669167633e+00
8.247524752475241527e-01 -2.985957654046266008e+00
8.253575357535751778e-01 -2.987676868571628397e+00
8.259625962596253146e-01 -2.989397977245249471e+00
8.265676567656763396e-01 -2.991120980067134116e+00
8.271727172717264764e-01 -2.992845877037277003e+00
8.277777777777775015e-01 -2.994572668155685236e+00
8.283828382838276383e-01 -2.996301353422351266e+00
8.289878987898786633e-01 -2.998031932837281754e+00
8.295929592959288001e-01 -2.999764406400470484e+00
8.301980198019798252e-01 -3.001498774111922785e+00
8.308030803080299620e-01 -3.003235035971634215e+00
8.314081408140809870e-01 -3.004973191979609659e+00
8.320132013201311239e-01 -3.006713242135843789e+00
8.326182618261821489e-01 -3.008455186440341933e+00
8.332233223322322857e-01 -3.010199024893098763e+00
8.338283828382833107e-01 -3.011944757494119163e+00
8.344334433443343357e-01 -3.013692384243401357e+00
8.350385038503844726e-01 -3.015441905140941792e+00
8.356435643564354976e-01 -3.017193320186747130e+00
8.362486248624856344e-01 -3.018946629380809821e+00
8.368536853685366594e-01 -3.020701832723137414e+00
8.374587458745867963e-01 -3.022458930213723249e+00
8.380638063806378213e-01 -3.024217921852572655e+00
8.386688668866879581e-01 -3.025978807639682078e+00
8.392739273927389831e-01 -3.027741587575054627e+00
8.398789878987891200e-01 -3.029506261658685418e+00
8.404840484048401450e-01 -3.031272829890580667e+00
8.410891089108902818e-01 -3.033041292270734601e+00
8.416941694169413068e-01 -3.034811648799152550e+00
8.422992299229914437e-01 -3.036583899475829185e+00
8.429042904290424687e-01 -3.038358044300769389e+00
8.435093509350926055e-01 -3.040134083273969168e+00
8.441144114411436306e-01 -3.041912016395431628e+00
8.447194719471937674e-01 -3.043691843665153218e+00
8.453245324532447924e-01 -3.045473565083138823e+00
8.459295929592958174e-01 -3.047257180649386221e+00
8.465346534653459543e-01 -3.049042690363891861e+00
8.471397139713969793e-01 -3.050830094226661515e+00
8.477447744774471161e-01 -3.052619392237689855e+00
8.483498349834981411e-01 -3.054410584396981765e+00
8.489548954895482780e-01 -3.056203670704532804e+00
8.495599559955993030e-01 -3.057998651160348302e+00
8.501650165016494398e-01 -3.059795525764422042e+00
8.507700770077004648e-01 -3.061594294516758907e+00
8.513751375137506017e-01 -3.063394957417355347e+00
8.519801980198016267e-01 -3.065197514466215800e+00
8.525852585258517635e-01 -3.067001965663334495e+00
8.531903190319027885e-01 -3.068808311008717205e+00
8.537953795379529254e-01 -3.070616550502359487e+00
8.544004400440039504e-01 -3.072426684144264009e+00
8.550055005500540872e-01 -3.074238711934428547e+00
8.556105610561051122e-01 -3.076052633872857101e+00
8.562156215621561373e-01 -3.077868449959546560e+00
8.568206820682062741e-01 -3.079686160194494260e+00
8.574257425742572991e-01 -3.081505764577706419e+00
8.580308030803074359e-01 -3.083327263109177263e+00
8.586358635863584610e-01 -3.085150655788911678e+00
8.592409240924085978e-01 -3.086975942616905222e+00
8.598459845984596228e-01 -3.088803123593162780e+00
8.604510451045097597e-01 -3.090632198717678580e+00
8.610561056105607847e-01 -3.092463167990458395e+00
8.616611661166109215e-01 -3.094296031411497339e+00
8.622662266226619465e-01 -3.096130788980800297e+00
8.628712871287120834e-01 -3.097967440698360608e+00
8.634763476347631084e-01 -3.099805986564186711e+00
8.640814081408132452e-01 -3.101646426578270166e+00
8.646864686468642702e-01 -3.103488760740618080e+00
8.652915291529144071e-01 -3.105332989051224679e+00
8.658965896589654321e-01 -3.107179111510095293e+00
8.665016501650155689e-01 -3.109027128117225036e+00
8.671067106710665939e-01 -3.110877038872617906e+00
8.677117711771176189e-01 -3.112728843776272125e+00
8.683168316831677558e-01 -3.114582542828185030e+00
8.689218921892187808e-01 -3.116438136028361949e+00
8.695269526952689176e-01 -3.118295623376797998e+00
8.701320132013199427e-01 -3.120155004873497617e+00
8.707370737073700795e-01 -3.122016280518456366e+00
8.713421342134211045e-01 -3.123879450311678685e+00
8.719471947194712413e-01 -3.125744514253160133e+00
8.725522552255222664e-01 -3.127611472342905152e+00
8.731573157315724032e-01 -3.129480324580908857e+00
8.737623762376234282e-01 -3.131351070967176575e+00
8.743674367436735650e-01 -3.133223711501702979e+00
8.749724972497245901e-01 -3.135098246184492954e+00
8.755775577557747269e-01 -3.136974675015541614e+00
8.761826182618257519e-01 -3.138852997994854732e+00
8.767876787678758888e-01 -3.140733215122426536e+00
8.773927392739269138e-01 -3.142615326398261466e+00
8.779977997799770506e-01 -3.144499331822355970e+00
8.786028602860280756e-01 -3.146385231394714488e+00
8.792079207920791006e-01 -3.148273025115334356e+00
8.798129812981292375e-01 -3.150162712984212021e+00
8.804180418041802625e-01 -3.152054295001354145e+00
8.810231023102303993e-01 -3.153947771166754954e+00
8.816281628162814243e-01 -3.155843141480419778e+00
8.822332233223315612e-01 -3.157740405942343731e+00
8.828382838283825862e-01 -3.159639564552530810e+00
8.834433443344327230e-01 -3.161540617310977019e+00
8.840484048404837480e-01 -3.163443564217686799e+00
8.846534653465338849e-01 -3.165348405272655263e+00
8.852585258525849099e-01 -3.167255140475888631e+00
8.858635863586350467e-01 -3.169163769827379795e+00
8.864686468646860718e-01 -3.171074293327134974e+00
8.870737073707362086e-01 -3.172986710975149283e+00
8.876787678767872336e-01 -3.174901022771426717e+00
8.882838283828373704e-01 -3.176817228715963282e+00
8.888888888888883955e-01 -3.178735328808764304e+00
8.894939493949385323e-01 -3.180655323049823568e+00
8.900990099009895573e-01 -3.182577211439147291e+00
8.907040704070405823e-01 -3.184500993976731475e+00
8.913091309130907192e-01 -3.186426670662574345e+00
8.919141914191417442e-01 -3.188354241496682118e+00
8.925192519251918810e-01 -3.190283706479048131e+00
8.931243124312429060e-01 -3.192215065609677271e+00
8.937293729372930429e-01 -3.194148318888565985e+00
8.943344334433440679e-01 -3.196083466315717825e+00
8.949394939493942047e-01 -3.198020507891129238e+00
8.955445544554452297e-01 -3.199959443614805110e+00
8.961496149614953666e-01 -3.201900273486738779e+00
8.967546754675463916e-01 -3.203842997506936019e+00
8.973597359735965284e-01 -3.205787615675392388e+00
8.979647964796475534e-01 -3.207734127992112327e+00
8.985698569856976903e-01 -3.209682534457092284e+00
8.991749174917487153e-01 -3.211632835070335368e+00
8.997799779977988521e-01 -3.213585029831837137e+00
9.003850385038498771e-01 -3.215539118741602476e+00
9.009900990099009022e-01 -3.217495101799629165e+00
9.015951595159510390e-01 -3.219452979005914983e+00
9.022002200220020640e-01 -3.221412750360464372e+00
9.028052805280522009e-01 -3.223374415863273335e+00
9.034103410341032259e-01 -3.225337975514345423e+00
9.040154015401533627e-01 -3.227303429313675753e+00
9.046204620462043877e-01 -3.229270777261270986e+00
9.052255225522545246e-01 -3.231240019357124016e+00
9.058305830583055496e-01 -3.233211155601241948e+00
9.064356435643556864e-01 -3.235184185993618122e+00
9.070407040704067114e-01 -3.237159110534258311e+00
9.076457645764568483e-01 -3.239135929223157184e+00
9.082508250825078733e-01 -3.241114642060319628e+00
9.088558855885580101e-01 -3.243095249045740758e+00
9.094609460946090351e-01 -3.245077750179427234e+00
9.100660066006591720e-01 -3.247062145461370619e+00
9.106710671067101970e-01 -3.249048434891578463e+00
9.112761276127603338e-01 -3.251036618470044992e+00
9.118811881188113588e-01 -3.253026696196775980e+00
9.124862486248623838e-01 -3.255018668071769206e+00
9.130913091309125207e-01 -3.257012534095019340e+00
9.136963696369635457e-01 -3.259008294266533934e+00
9.143014301430136825e-01 -3.261005948586306769e+00
9.149064906490647076e-01 -3.263005497054344506e+00
9.155115511551148444e-01 -3.265006939670640040e+00
9.161166116611658694e-01 -3.267010276435200478e+00
9.167216721672160062e-01 -3.269015507348018712e+00
9.173267326732670313e-01 -3.271022632409101405e+00
9.179317931793171681e-01 -3.273031651618442783e+00
9.185368536853681931e-01 -3.275042564976047288e+00
9.191419141914183299e-01 -3.277055372481910922e+00
9.197469746974693550e-01 -3.279070074136039459e+00
9.203520352035194918e-01 -3.281086669938425349e+00
9.209570957095705168e-01 -3.283105159889076141e+00
9.215621562156206537e-01 -3.285125543987985175e+00
9.221672167216716787e-01 -3.287147822235158667e+00
9.227722772277218155e-01 -3.289171994630589513e+00
9.233773377337728405e-01 -3.291198061174285705e+00
9.239823982398238655e-01 -3.293226021866243247e+00
9.245874587458740024e-01 -3.295255876706458587e+00
9.251925192519250274e-01 -3.297287625694938384e+00
9.257975797579751642e-01 -3.299321268831676424e+00
9.264026402640261892e-01 -3.301356806116679365e+00
9.270077007700763261e-01 -3.303394237549940105e+00
9.276127612761273511e-01 -3.305433563131464858e+00
9.282178217821774879e-01 -3.307474782861248297e+00
9.288228822882285129e-01 -3.309517896739296194e+00
9.294279427942786498e-01 -3.311562904765602333e+00
9.300330033003296748e-01 -3.313609806940172930e+00
9.306380638063798116e-01 -3.315658603263001769e+00
9.312431243124308367e-01 -3.317709293734094178e+00
9.318481848184809735e-01 -3.319761878353445717e+00
9.324532453245319985e-01 -3.321816357121060825e+00
9.330583058305821353e-01 -3.323872730036935508e+00
9.336633663366331604e-01 -3.325930997101073761e+00
9.342684268426832972e-01 -3.327991158313469811e+00
9.348734873487343222e-01 -3.330053213674131207e+00
9.354785478547853472e-01 -3.332117163183053510e+00
9.360836083608354841e-01 -3.334183006840234054e+00
9.366886688668865091e-01 -3.336250744645679056e+00
9.372937293729366459e-01 -3.338320376599382744e+00
9.378987898789876709e-01 -3.340391902701349558e+00
9.385038503850378078e-01 -3.342465322951575502e+00
9.391089108910888328e-01 -3.344540637350065904e+00
9.397139713971389696e-01 -3.346617845896814103e+00
9.403190319031899946e-01 -3.348696948591826761e+00
9.409240924092401315e-01 -3.350777945435098104e+00
9.415291529152911565e-01 -3.352860836426633462e+00
9.421342134213412933e-01 -3.354945621566427505e+00
9.427392739273923183e-01 -3.357032300854485563e+00
9.433443344334424552e-01 -3.359120874290802305e+00
9.439493949394934802e-01 -3.361211341875382619e+00
9.445544554455436170e-01 -3.363303703608221618e+00
9.451595159515946420e-01 -3.365397959489325075e+00
9.457645764576456671e-01 -3.367494109518689882e+00
9.463696369636958039e-01 -3.369592153696313375e+00
9.469746974697468289e-01 -3.371692092022199549e+00
9.475797579757969658e-01 -3.373793924496344854e+00
9.481848184818479908e-01 -3.375897651118755061e+00
9.487898789878981276e-01 -3.378003271889423953e+00
9.493949394939491526e-01 -3.380110786808356416e+00
9.499999999999992895e-01 -3.382220195875547120e+00
9.506050605060503145e-01 -3.384331499091002726e+00
9.512101210121004513e-01 -3.386444696454715686e+00
9.518151815181514763e-01 -3.388559787966693548e+00
9.524202420242016132e-01 -3.390676773626929652e+00
9.530253025302526382e-01 -3.392795653435430658e+00
9.536303630363027750e-01 -3.394916427392189018e+00
9.542354235423538000e-01 -3.397039095497212724e+00
9.548404840484039369e-01 -3.399163657750493783e+00
9.554455445544549619e-01 -3.401290114152039301e+00
9.560506050605050987e-01 -3.403418464701843504e+00
9.566556655665561237e-01 -3.405548709399911722e+00
9.572607260726071488e-01 -3.407680848246241290e+00
9.578657865786572856e-01 -3.409814881240829543e+00
9.584708470847083106e-01 -3.411950808383681810e+00
9.590759075907584474e-01 -3.414088629674792319e+00
9.596809680968094725e-01 -3.416228345114167730e+00
9.602860286028596093e-01 -3.418369954701800495e+00
9.608910891089106343e-01 -3.420513458437698162e+00
9.614961496149607711e-01 -3.422658856321854071e+00
9.621012101210117962e-01 -3.424806148354274438e+00
9.627062706270619330e-01 -3.426955334534953046e+00
9.633113311331129580e-01 -3.429106414863896113e+00
9.639163916391630949e-01 -3.431259389341097421e+00
9.645214521452141199e-01 -3.433414257966562744e+00
9.651265126512642567e-01 -3.435571020740286752e+00
9.657315731573152817e-01 -3.437729677662274330e+00
9.663366336633654186e-01 -3.439890228732521038e+00
9.669416941694164436e-01 -3.442052673951032205e+00
9.675467546754665804e-01 -3.444217013317801168e+00
9.681518151815176054e-01 -3.446383246832834590e+00
9.687568756875686304e-01 -3.448551374496128918e+00
9.693619361936187673e-01 -3.450721396307682376e+00
9.699669966996697923e-01 -3.452893312267499404e+00
9.705720572057199291e-01 -3.455067122375575561e+00
9.711771177117709541e-01 -3.457242826631915289e+00
9.717821782178210910e-01 -3.459420425036514146e+00
9.723872387238721160e-01 -3.461599917589376574e+00
9.729922992299222528e-01 -3.463781304290496799e+00
9.735973597359732779e-01 -3.465964585139881926e+00
9.742024202420234147e-01 -3.468149760137526183e+00
9.748074807480744397e-01 -3.470336829283434010e+00
9.754125412541245765e-01 -3.472525792577600079e+00
9.760176017601756016e-01 -3.474716650020030606e+00
9.766226622662257384e-01 -3.476909401610719375e+00
9.772277227722767634e-01 -3.479104047349673046e+00
9.778327832783269002e-01 -3.481300587236884070e+00
9.784378437843779253e-01 -3.483499021272360441e+00
9.790429042904289503e-01 -3.485699349456097274e+00
9.796479647964790871e-01 -3.487901571788092348e+00
9.802530253025301121e-01 -3.490105688268352768e+00
9.808580858085802490e-01 -3.492311698896870542e+00
9.814631463146312740e-01 -3.494519603673652774e+00
9.820682068206814108e-01 -3.496729402598694136e+00
9.826732673267324358e-01 -3.498941095671999069e+00
9.832783278327825727e-01 -3.501154682893562686e+00
9.838833883388335977e-01 -3.503370164263389430e+00
9.844884488448837345e-01 -3.505587539781476192e+00
9.850935093509347595e-01 -3.507806809447826080e+00
9.856985698569848964e-01 -3.510027973262435097e+00
9.863036303630359214e-01 -3.512251031225308573e+00
9.869086908690860582e-01 -3.514475983336438958e+00
9.875137513751370832e-01 -3.516702829595834245e+00
9.881188118811872201e-01 -3.518931570003488662e+00
9.887238723872382451e-01 -3.521162204559406206e+00
9.893289328932883819e-01 -3.523394733263583323e+00
9.899339933993394069e-01 -3.525629156116024010e+00
9.905390539053904320e-01 -3.527865473116726491e+00
9.911441144114405688e-01 -3.530103684265686770e+00
9.917491749174915938e-01 -3.532343789562911951e+00
9.923542354235417307e-01 -3.534585789008394485e+00
9.929592959295927557e-01 -3.536829682602142810e+00
9.935643564356428925e-01 -3.539075470344148044e+00
9.941694169416939175e-01 -3.541323152234418181e+00
9.947744774477440544e-01 -3.543572728272946115e+00
9.953795379537950794e-01 -3.545824198459739396e+00
9.959845984598452162e-01 -3.548077562794789586e+00
9.965896589658962412e-01 -3.550332821278105566e+00
9.971947194719463781e-01 -3.552589973909678900e+00
9.977997799779974031e-01 -3.554849020689517136e+00
9.984048404840475399e-01 -3.557109961617613614e+00
9.990099009900985649e-01 -3.559372796693974106e+00
9.996149614961487018e-01 -3.561637525918593283e+00
1.000220022002199727e+00 -3.563904149291476919e+00
1.000825082508249864e+00 -3.566172666812617909e+00
1.001430143014300889e+00 -3.568443078482024244e+00
1.002035203520351914e+00 -3.570715384299691042e+00
1.002640264026402050e+00 -3.572989584265616969e+00
1.003245324532453076e+00 -3.575265678379806467e+00
1.003850385038503212e+00 -3.577543666642255094e+00
1.004455445544554237e+00 -3.579823549052968179e+00
1.005060506050604374e+00 -3.582105325611937729e+00
1.005665566556655399e+00 -3.584388996319173515e+00
1.006270627062705536e+00 -3.586674561174666209e+00
1.006875687568756561e+00 -3.588962020178424250e+00
1.007480748074806698e+00 -3.591251373330440089e+00
1.008085808580857723e+00 -3.593542620630721274e+00
1.008690869086907860e+00 -3.595835762079260256e+00
1.009295929592958885e+00 -3.598130797676062365e+00
1.009900990099009022e+00 -3.600427727421124047e+00
1.010506050605060047e+00 -3.602726551314449299e+00
1.011111111111110183e+00 -3.605027269356033237e+00
1.011716171617161208e+00 -3.607329881545882522e+00
1.012321232123211345e+00 -3.609634387883988271e+00
1.012926292629262370e+00 -3.611940788370359812e+00
1.013531353135313395e+00 -3.614249083004992258e+00
1.014136413641363532e+00 -3.616559271787882057e+00
1.014741474147414557e+00 -3.618871354719037203e+00
1.015346534653464694e+00 -3.621185331798451035e+00
1.015951595159515719e+00 -3.623501203026127993e+00
1.016556655665565856e+00 -3.625818968402063192e+00
1.017161716171616881e+00 -3.628138627926264181e+00
1.017766776677667018e+00 -3.630460181598721636e+00
1.018371837183718043e+00 -3.632783629419445770e+00
1.018976897689768180e+00 -3.635108971388426369e+00
1.019581958195819205e+00 -3.637436207505672314e+00
1.020187018701869341e+00 -3.639765337771175169e+00
1.020792079207920366e+00 -3.642096362184943370e+00
1.021397139713970503e+00 -3.644429280746969368e+00
1.022002200220021528e+00 -3.646764093457260714e+00
1.022607260726071665e+00 -3.649100800315810300e+00
1.023212321232122690e+00 -3.651439401322623013e+00
1.023817381738173715e+00 -3.653779896477698408e+00
1.024422442244223852e+00 -3.656122285781030268e+00
1.025027502750274877e+00 -3.658466569232627918e+00
1.025632563256325014e+00 -3.660812746832484255e+00
1.026237623762376039e+00 -3.663160818580603717e+00
1.026842684268426176e+00 -3.665510784476982309e+00
1.027447744774477201e+00 -3.667862644521624915e+00
1.028052805280527338e+00 -3.670216398714525319e+00
1.028657865786578363e+00 -3.672572047055690625e+00
1.029262926292628499e+00 -3.674929589545114172e+00
1.029867986798679524e+00 -3.677289026182801734e+00
1.030473047304729661e+00 -3.679650356968747538e+00
1.031078107810780686e+00 -3.682013581902959132e+00
1.031683168316830823e+00 -3.684378700985427635e+00
1.032288228822881848e+00 -3.686745714216160152e+00
1.032893289328931985e+00 -3.689114621595151355e+00
1.033498349834983010e+00 -3.691485423122407905e+00
1.034103410341033147e+00 -3.693858118797921364e+00
1.034708470847084172e+00 -3.696232708621700169e+00
1.035313531353135197e+00 -3.698609192593740325e+00
1.035918591859185334e+00 -3.700987570714037389e+00
1.036523652365236359e+00 -3.703367842982600244e+00
1.037128712871286496e+00 -3.705750009399420897e+00
1.037733773377337521e+00 -3.708134069964506008e+00
1.038338833883387657e+00 -3.710520024677849360e+00
1.038943894389438682e+00 -3.712907873539456283e+00
1.039548954895488819e+00 -3.715297616549322335e+00
1.040154015401539844e+00 -3.717689253707453290e+00
1.040759075907589981e+00 -3.720082785013841153e+00
1.041364136413641006e+00 -3.722478210468494808e+00
1.041969196919691143e+00 -3.724875530071406260e+00
1.042574257425742168e+00 -3.727274743822581726e+00
1.043179317931792305e+00 -3.729675851722014546e+00
1.043784378437843330e+00 -3.732078853769713156e+00
1.044389438943893467e+00 -3.734483749965669119e+00
1.044994499449944492e+00 -3.736890540309890429e+00
1.045599559955994629e+00 -3.739299224802369537e+00
1.046204620462045654e+00 -3.741709803443112659e+00
1.046809680968096679e+00 -3.744122276232118018e+00
1.047414741474146815e+00 -3.746536643169380731e+00
1.048019801980197840e+00 -3.748952904254908347e+00
1.048624862486247977e+00 -3.751371059488694204e+00
1.049229922992299002e+00 -3.753791108870744075e+00
1.049834983498349139e+00 -3.756213052401052188e+00
1.050440044004400164e+00 -3.758636890079624759e+00
1.051045104510450301e+00 -3.761062621906455128e+00
1.051650165016501326e+00 -3.763490247881551731e+00
1.052255225522551463e+00 -3.765919768004904800e+00
1.052860286028602488e+00 -3.768351182276522771e+00
1.053465346534652625e+00 -3.770784490696398983e+00
1.054070407040703650e+00 -3.773219693264539210e+00
1.054675467546753787e+00 -3.775656789980938122e+00
1.055280528052804812e+00 -3.778095780845601936e+00
1.055885588558854948e+00 -3.780536665858523104e+00
1.056490649064905973e+00 -3.782979445019709175e+00
1.057095709570956110e+00 -3.785424118329153043e+00
1.057700770077007135e+00 -3.787870685786860925e+00
1.058305830583058160e+00 -3.790319147392831489e+00
1.058910891089108297e+00 -3.792769503147059851e+00
1.059515951595159322e+00 -3.795221753049552671e+00
1.060121012101209459e+00 -3.797675897100302844e+00
1.060726072607260484e+00 -3.800131935299317920e+00
1.061331133113310621e+00 -3.802589867646590349e+00
1.061936193619361646e+00 -3.805049694142129013e+00
1.062541254125411783e+00 -3.807511414785925030e+00
1.063146314631462808e+00 -3.809975029577985062e+00
1.063751375137512944e+00 -3.812440538518303335e+00
1.064356435643563970e+00 -3.814907941606886066e+00
1.064961496149614106e+00 -3.817377238843727483e+00
1.065566556655665131e+00 -3.819848430228834246e+00
1.066171617161715268e+00 -3.822321515762197031e+00
1.066776677667766293e+00 -3.824796495443825606e+00
1.067381738173816430e+00 -3.827273369273711978e+00
1.067986798679867455e+00 -3.829752137251862809e+00
1.068591859185918480e+00 -3.832232799378275878e+00
1.069196919691968617e+00 -3.834715355652945412e+00
1.069801980198019642e+00 -3.837199806075880737e+00
1.070407040704069779e+00 -3.839686150647072971e+00
1.071012101210120804e+00 -3.842174389366531884e+00
1.071617161716170941e+00 -3.844664522234246817e+00
1.072222222222221966e+00 -3.847156549250227542e+00
1.072827282728272102e+00 -3.849650470414465619e+00
1.073432343234323127e+00 -3.852146285726967712e+00
1.074037403740373264e+00 -3.854643995187728933e+00
1.074642464246424289e+00 -3.857143598796754169e+00
1.075247524752474426e+00 -3.859645096554038979e+00
1.075852585258525451e+00 -3.862148488459586915e+00
1.076457645764575588e+00 -3.864653774513392648e+00
1.077062706270626613e+00 -3.867160954715462839e+00
1.077667766776676750e+00 -3.869670029065791717e+00
1.078272827282727775e+00 -3.872180997564385496e+00
1.078877887788777912e+00 -3.874693860211237517e+00
1.079482948294828937e+00 -3.877208617006353997e+00
1.080088008800879962e+00 -3.879725267949730494e+00
1.080693069306930099e+00 -3.882243813041365676e+00
1.081298129812981124e+00 -3.884764252281266206e+00
1.081903190319031260e+00 -3.887286585669424532e+00
1.082508250825082285e+00 -3.889810813205846873e+00
1.083113311331132422e+00 -3.892336934890527012e+00
1.083718371837183447e+00 -3.894864950723472496e+00
1.084323432343233584e+00 -3.897394860704674890e+00
1.084928492849284609e+00 -3.899926664834143963e+00
1.085533553355334746e+00 -3.902460363111869945e+00
1.086138613861385771e+00 -3.904995955537859942e+00
1.086743674367435908e+00 -3.907533442112108624e+00
1.087348734873486933e+00 -3.910072822834621764e+00
1.087953795379537070e+00 -3.912614097705393146e+00
1.088558855885588095e+00 -3.915157266724429874e+00
1.089163916391638232e+00 -3.917702329891723068e+00
1.089768976897689257e+00 -3.920249287207281164e+00
1.090374037403739393e+00 -3.922798138671097945e+00
1.090979097909790418e+00 -3.925348884283178741e+00
1.091584158415841443e+00 -3.927901524043521331e+00
1.092189218921891580e+00 -3.930456057952122162e+00
1.092794279427942605e+00 -3.933012486008986563e+00
1.093399339933992742e+00 -3.935570808214110095e+00
1.094004400440043767e+00 -3.938131024567497640e+00
1.094609460946093904e+00 -3.940693135069142983e+00
1.095214521452144929e+00 -3.943257139719053672e+00
1.095819581958195066e+00 -3.945823038517221271e+00
1.096424642464246091e+00 -3.948390831463655104e+00
1.097029702970296228e+00 -3.950960518558345846e+00
1.097634763476347253e+00 -3.953532099801301491e+00
1.098239823982397390e+00 -3.956105575192514490e+00
1.098844884488448415e+00 -3.958680944731992390e+00
1.099449944994498551e+00 -3.961258208419729421e+00
1.100055005500549576e+00 -3.963837366255730466e+00
1.100660066006599713e+00 -3.966418418239988419e+00
1.101265126512650738e+00 -3.969001364372512608e+00
1.101870187018701763e+00 -3.971586204653297258e+00
1.102475247524751900e+00 -3.974172939082340150e+00
1.103080308030802925e+00 -3.976761567659647945e+00
1.103685368536853062e+00 -3.979352090385213536e+00
1.104290429042904087e+00 -3.981944507259044030e+00
1.104895489548954224e+00 -3.984538818281131434e+00
1.105500550055005249e+00 -3.987135023451484184e+00
1.106105610561055386e+00 -3.989733122770094731e+00
1.106710671067106411e+00 -3.992333116236970625e+00
1.107315731573156548e+00 -3.994935003852103428e+00
1.107920792079207573e+00 -3.997538785615501133e+00
1.108525852585257709e+00 -4.000144461527157524e+00
1.109130913091308734e+00 -4.002752031587078818e+00
1.109735973597358871e+00 -4.005361495795257021e+00
1.110341034103409896e+00 -4.007972854151700126e+00
1.110946094609460033e+00 -4.010586106656401029e+00
1.111551155115511058e+00 -4.013201253309366834e+00
1.112156215621561195e+00 -4.015818294110591324e+00
1.112761276127612220e+00 -4.018437229060079829e+00
1.113366336633663245e+00 -4.021058058157829684e+00
1.113971397139713382e+00 -4.023680781403838225e+00
1.114576457645764407e+00 -4.026305398798109891e+00
1.115181518151814544e+00 -4.028931910340640243e+00
1.115786578657865569e+00 -4.031560316031436386e+00
1.116391639163915706e+00 -4.034190615870489438e+00
1.116996699669966731e+00 -4.036822809857806504e+00
1.117601760176016867e+00 -4.039456897993382256e+00
1.118206820682067892e+00 -4.042092880277222022e+00
1.118811881188118029e+00 -4.044730756709320474e+00
1.119416941694169054e+00 -4.047370527289684716e+00
1.120022002200219191e+00 -4.050012192018304980e+00
1.120627062706270216e+00 -4.052655750895190145e+00
1.121232123212320353e+00 -4.055301203920333997e+00
1.121837183718371378e+00 -4.057948551093742751e+00
1.122442244224421515e+00 -4.060597792415409302e+00
1.123047304730472540e+00 -4.063248927885339867e+00
1.123652365236522677e+00 -4.065901957503529118e+00
1.124257425742573702e+00 -4.068556881269982384e+00
1.124862486248624727e+00 -4.071213699184697887e+00
1.125467546754674864e+00 -4.073872411247671188e+00
1.126072607260725889e+00 -4.076533017458908503e+00
1.126677667766776025e+00 -4.079195517818403616e+00
1.127282728272827050e+00 -4.081859912326163631e+00
1.127887788778877187e+00 -4.084526200982181443e+00
1.128492849284928212e+00 -4.087194383786465934e+00
1.129097909790978349e+00 -4.089864460739005558e+00
1.129702970297029374e+00 -4.092536431839810973e+00
1.130308030803079511e+00 -4.095210297088875073e+00
1.130913091309130536e+00 -4.097886056486202300e+00
1.131518151815180673e+00 -4.100563710031788212e+00
1.132123212321231698e+00 -4.103243257725639914e+00
1.132728272827281835e+00 -4.105924699567748526e+00
1.133333333333332860e+00 -4.108608035558122040e+00
1.133938393839382996e+00 -4.111293265696752464e+00
1.134543454345434021e+00 -4.113980389983648678e+00
1.135148514851484158e+00 -4.116669408418801801e+00
1.135753575357535183e+00 -4.119360321002221603e+00
1.136358635863586208e+00 -4.122053127733900979e+00
1.136963696369636345e+00 -4.124747828613839040e+00
1.137568756875687370e+00 -4.127444423642041116e+00
1.138173817381737507e+00 -4.130142912818502765e+00
1.138778877887788532e+00 -4.132843296143228429e+00
1.139383938393838669e+00 -4.135545573616211001e+00
1.139988998899889694e+00 -4.138249745237458477e+00
1.140594059405939831e+00 -4.140955811006963749e+00
1.141199119911990856e+00 -4.143663770924734813e+00
1.141804180418040993e+00 -4.146373624990763673e+00
1.142409240924092018e+00 -4.149085373205057437e+00
1.143014301430142154e+00 -4.151799015567608109e+00
1.143619361936193179e+00 -4.154514552078423684e+00
1.144224422442243316e+00 -4.157231982737497056e+00
1.144829482948294341e+00 -4.159951307544835331e+00
1.145434543454344478e+00 -4.162672526500431402e+00
1.146039603960395503e+00 -4.165395639604293265e+00
1.146644664466446528e+00 -4.168120646856415590e+00
1.147249724972496665e+00 -4.170847548256795712e+00
1.147854785478547690e+00 -4.173576343805440736e+00
1.148459845984597827e+00 -4.176307033502343558e+00
1.149064906490648852e+00 -4.179039617347512170e+00
1.149669966996698989e+00 -4.181774095340937691e+00
1.150275027502750014e+00 -4.184510467482627227e+00
1.150880088008800151e+00 -4.187248733772575449e+00
1.151485148514851176e+00 -4.189988894210788573e+00
1.152090209020901312e+00 -4.192730948797259494e+00
1.152695269526952337e+00 -4.195474897531994429e+00
1.153300330033002474e+00 -4.198220740414988050e+00
1.153905390539053499e+00 -4.200968477446246574e+00
1.154510451045103636e+00 -4.203718108625762007e+00
1.155115511551154661e+00 -4.206469633953543230e+00
1.155720572057204798e+00 -4.209223053429582251e+00
1.156325632563255823e+00 -4.211978367053886174e+00
1.156930693069305960e+00 -4.214735574826447007e+00
1.157535753575356985e+00 -4.217494676747272742e+00
1.158140814081408010e+00 -4.220255672816360715e+00
1.158745874587458147e+00 -4.223018563033706485e+00
1.159350935093509172e+00 -4.225783347399316270e+00
1.159955995599559309e+00 -4.228550025913182964e+00
1.160561056105610334e+00 -4.231318598575317225e+00
1.161166116611660470e+00 -4.234089065385706618e+00
1.161771177117711495e+00 -4.236861426344361803e+00
1.162376237623761632e+00 -4.239635681451275673e+00
1.162981298129812657e+00 -4.242411830706453557e+00
1.163586358635862794e+00 -4.245189874109889239e+00
1.164191419141913819e+00 -4.247969811661590711e+00
1.164796479647963956e+00 -4.250751643361548204e+00
1.165401540154014981e+00 -4.253535369209771488e+00
1.166006600660065118e+00 -4.256320989206253458e+00
1.166611661166116143e+00 -4.259108503350999442e+00
1.167216721672166280e+00 -4.261897911644002335e+00
1.167821782178217305e+00 -4.264689214085271907e+00
1.168426842684267442e+00 -4.267482410674796611e+00
1.169031903190318467e+00 -4.270277501412587995e+00
1.169636963696369492e+00 -4.273074486298641617e+00
1.170242024202419628e+00 -4.275873365332952147e+00
1.170847084708470653e+00 -4.278674138515526693e+00
1.171452145214520790e+00 -4.281476805846359923e+00
1.172057205720571815e+00 -4.284281367325458056e+00
1.172662266226621952e+00 -4.287087822952813099e+00
1.173267326732672977e+00 -4.289896172728433044e+00
1.173872387238723114e+00 -4.292706416652311674e+00
1.174477447744774139e+00 -4.295518554724455207e+00
1.175082508250824276e+00 -4.298332586944855649e+00
1.175687568756875301e+00 -4.301148513313521882e+00
1.176292629262925438e+00 -4.303966333830445024e+00
1.176897689768976463e+00 -4.306786048495633068e+00
1.177502750275026600e+00 -4.309607657309078910e+00
1.178107810781077625e+00 -4.312431160270790542e+00
1.178712871287127761e+00 -4.315256557380759972e+00
1.179317931793178786e+00 -4.318083848638993416e+00
1.179922992299228923e+00 -4.320913034045483769e+00
1.180528052805279948e+00 -4.323744113600241690e+00
1.181133113311330973e+00 -4.326577087303258295e+00
1.181738173817381110e+00 -4.329411955154533587e+00
1.182343234323432135e+00 -4.332248717154074669e+00
1.182948294829482272e+00 -4.335087373301871772e+00
1.183553355335533297e+00 -4.337927923597935553e+00
1.184158415841583434e+00 -4.340770368042255356e+00
1.184763476347634459e+00 -4.343614706634840950e+00
1.185368536853684596e+00 -4.346460939375683452e+00
1.185973597359735621e+00 -4.349309066264792634e+00
1.186578657865785758e+00 -4.352159087302157836e+00
1.187183718371836783e+00 -4.355011002487788829e+00
1.187788778877886919e+00 -4.357864811821677620e+00
1.188393839383937944e+00 -4.360720515303830425e+00
1.188998899889988081e+00 -4.363578112934241915e+00
1.189603960396039106e+00 -4.366437604712918308e+00
1.190209020902089243e+00 -4.369298990639851610e+00
1.190814081408140268e+00 -4.372162270715049814e+00
1.191419141914191293e+00 -4.375027444938510257e+00
1.192024202420241430e+00 -4.377894513310227609e+00
1.192629262926292455e+00 -4.380763475830210751e+00
1.193234323432342592e+00 -4.383634332498450803e+00
1.193839383938393617e+00 -4.386507083314956645e+00
1.194444444444443754e+00 -4.389381728279719397e+00
1.195049504950494779e+00 -4.392258267392747051e+00
1.195654565456544915e+00 -4.395136700654032502e+00
1.196259625962595941e+00 -4.398017028063584632e+00
1.196864686468646077e+00 -4.400899249621391007e+00
1.197469746974697102e+00 -4.403783365327464949e+00
1.198074807480747239e+00 -4.406669375181795800e+00
1.198679867986798264e+00 -4.409557279184390666e+00
1.199284928492848401e+00 -4.412447077335245105e+00
1.199889988998899426e+00 -4.415338769634363558e+00
1.200495049504949563e+00 -4.418232356081739809e+00
1.201100110011000588e+00 -4.421127836677380962e+00
1.201705170517050725e+00 -4.424025211421279025e+00
1.202310231023101750e+00 -4.426924480313443766e+00
1.202915291529152775e+00 -4.429825643353868081e+00
1.203520352035202912e+00 -4.432728700542551081e+00
1.204125412541253937e+00 -4.435633651879498984e+00
1.204730473047304073e+00 -4.438540497364703796e+00
1.205335533553355098e+00 -4.441449236998174399e+00
1.205940594059405235e+00 -4.444359870779901911e+00
1.206545654565456260e+00 -4.447272398709895214e+00
1.207150715071506397e+00 -4.450186820788146314e+00
1.207755775577557422e+00 -4.453103137014661428e+00
1.208360836083607559e+00 -4.456021347389434339e+00
1.208965896589658584e+00 -4.458941451912473042e+00
1.209570957095708721e+00 -4.461863450583768653e+00
1.210176017601759746e+00 -4.464787343403330055e+00
1.210781078107809883e+00 -4.467713130371148367e+00
1.211386138613860908e+00 -4.470640811487232469e+00
1.211991199119911045e+00 -4.473570386751572592e+00
1.212596259625962070e+00 -4.476501856164179394e+00
1.213201320132012206e+00 -4.479435219725043105e+00
1.213806380638063231e+00 -4.482370477434171718e+00
1.214411441144114256e+00 -4.485307629291562570e+00
1.215016501650164393e+00 -4.488246675297210331e+00
1.215621562156215418e+00 -4.491187615451122994e+00
1.216226622662265555e+00 -4.494130449753292567e+00
1.216831683168316580e+00 -4.497075178203728818e+00
1.217436743674366717e+00 -4.500021800802421090e+00
1.218041804180417742e+00 -4.502970317549380042e+00
1.218646864686467879e+00 -4.505920728444595014e+00
1.219251925192518904e+00 -4.508873033488075777e+00
1.219856985698569041e+00 -4.511827232679814337e+00
1.220462046204620066e+00 -4.514783326019817800e+00
1.221067106710670203e+00 -4.517741313508078171e+00
1.221672167216721228e+00 -4.520701195144605222e+00
1.222277227722771364e+00 -4.523662970929388294e+00
1.222882288228822389e+00 -4.526626640862436268e+00
1.223487348734872526e+00 -4.529592204943742928e+00
1.224092409240923551e+00 -4.532559663173313602e+00
1.224697469746974576e+00 -4.535529015551147403e+00
1.225302530253024713e+00 -4.538500262077237224e+00
1.225907590759075738e+00 -4.541473402751591948e+00
1.226512651265125875e+00 -4.544448437574204469e+00
1.227117711771176900e+00 -4.547425366545082781e+00
1.227722772277227037e+00 -4.550404189664218002e+00
1.228327832783278062e+00 -4.553384906931619014e+00
1.228932893289328199e+00 -4.556367518347276047e+00
1.229537953795379224e+00 -4.559352023911199758e+00
1.230143014301429361e+00 -4.562338423623380379e+00
1.230748074807480386e+00 -4.565326717483825902e+00
1.231353135313530522e+00 -4.568316905492529223e+00
1.231958195819581547e+00 -4.571308987649497446e+00
1.232563256325631684e+00 -4.574302963954723467e+00
1.233168316831682709e+00 -4.577298834408215278e+00
1.233773377337732846e+00 -4.580296599009962222e+00
1.234378437843783871e+00 -4.583296257759976733e+00
1.234983498349834008e+00 -4.586297810658248153e+00
1.235588558855885033e+00 -4.589301257704783588e+00
1.236193619361936058e+00 -4.592306598899582148e+00
1.236798679867986195e+00 -4.595313834242636730e+00
1.237403740374037220e+00 -4.598322963733957991e+00
1.238008800880087357e+00 -4.601333987373535273e+00
1.238613861386138382e+00 -4.604346905161378345e+00
1.239218921892188519e+00 -4.607361717097477438e+00
1.239823982398239544e+00 -4.610378423181844099e+00
1.240429042904289680e+00 -4.613397023414467668e+00
1.241034103410340705e+00 -4.616417517795355252e+00
1.241639163916390842e+00 -4.619439906324500633e+00
1.242244224422441867e+00 -4.622464189001911805e+00
1.242849284928492004e+00 -4.625490365827578998e+00
1.243454345434543029e+00 -4.628518436801513758e+00
1.244059405940593166e+00 -4.631548401923703651e+00
1.244664466446644191e+00 -4.634580261194160222e+00
1.245269526952694328e+00 -4.637614014612873703e+00
1.245874587458745353e+00 -4.640649662179852086e+00
1.246479647964795490e+00 -4.643687203895088267e+00
1.247084708470846515e+00 -4.646726639758591126e+00
1.247689768976897540e+00 -4.649767969770353560e+00
1.248294829482947677e+00 -4.652811193930372902e+00
1.248899889988998702e+00 -4.655856312238658035e+00
1.249504950495048838e+00 -4.658903324695200965e+00
1.250110011001099863e+00 -4.661952231300009686e+00
1.250715071507150000e+00 -4.665003032053074428e+00
1.251320132013201025e+00 -4.668055726954405849e+00
1.251925192519251162e+00 -4.671110316003993290e+00
1.252530253025302187e+00 -4.674166799201846523e+00
1.253135313531352324e+00 -4.677225176547956664e+00
1.253740374037403349e+00 -4.680285448042333485e+00
1.254345434543453486e+00 -4.683347613684966326e+00
1.254950495049504511e+00 -4.686411673475864959e+00
1.255555555555554648e+00 -4.689477627415019612e+00
1.256160616061605673e+00 -4.692545475502441832e+00
1.256765676567655809e+00 -4.695615217738120073e+00
1.257370737073706835e+00 -4.698686854122064105e+00
1.257975797579756971e+00 -4.701760384654265934e+00
1.258580858085807996e+00 -4.704835809334731778e+00
1.259185918591859021e+00 -4.707913128163459859e+00
1.259790979097909158e+00 -4.710992341140444850e+00
1.260396039603960183e+00 -4.714073448265695632e+00
1.261001100110010320e+00 -4.717156449539202434e+00
1.261606160616061345e+00 -4.720241344960975916e+00
1.262211221122111482e+00 -4.723328134531006306e+00
1.262816281628162507e+00 -4.726416818249303375e+00
1.263421342134212644e+00 -4.729507396115854689e+00
1.264026402640263669e+00 -4.732599868130673570e+00
1.264631463146313806e+00 -4.735694234293749361e+00
1.265236523652364831e+00 -4.738790494605090942e+00
1.265841584158414967e+00 -4.741888649064688543e+00
1.266446644664465992e+00 -4.744988697672552824e+00
1.267051705170516129e+00 -4.748090640428672238e+00
1.267656765676567154e+00 -4.751194477333060107e+00
1.268261826182617291e+00 -4.754300208385702220e+00
1.268866886688668316e+00 -4.757407833586611901e+00
1.269471947194719341e+00 -4.760517352935782043e+00
1.270077007700769478e+00 -4.763628766433209094e+00
1.270682068206820503e+00 -4.766742074078902824e+00
1.271287128712870640e+00 -4.769857275872851687e+00
1.271892189218921665e+00 -4.772974371815068118e+00
1.272497249724971802e+00 -4.776093361905540569e+00
1.273102310231022827e+00 -4.779214246144277922e+00
1.273707370737072964e+00 -4.782337024531274849e+00
1.274312431243123989e+00 -4.785461697066534903e+00
1.274917491749174125e+00 -4.788588263750053642e+00
1.275522552255225150e+00 -4.791716724581837283e+00
1.276127612761275287e+00 -4.794847079561876946e+00
1.276732673267326312e+00 -4.797979328690184175e+00
1.277337733773376449e+00 -4.801113471966746538e+00
1.277942794279427474e+00 -4.804249509391575579e+00
1.278547854785477611e+00 -4.807387440964660641e+00
1.279152915291528636e+00 -4.810527266686012382e+00
1.279757975797578773e+00 -4.813668986555621032e+00
1.280363036303629798e+00 -4.816812600573495473e+00
1.280968096809680823e+00 -4.819958108739630376e+00
1.281573157315730960e+00 -4.823105511054023076e+00
1.282178217821781985e+00 -4.826254807516680678e+00
1.282783278327832122e+00 -4.829405998127596078e+00
1.283388338833883147e+00 -4.832559082886776380e+00
1.283993399339933283e+00 -4.835714061794213592e+00
1.284598459845984308e+00 -4.838870934849918370e+00
1.285203520352034445e+00 -4.842029702053878282e+00
1.285808580858085470e+00 -4.845190363406103984e+00
1.286413641364135607e+00 -4.848352918906586595e+00
1.287018701870186632e+00 -4.851517368555335885e+00
1.287623762376236769e+00 -4.854683712352341196e+00
1.288228822882287794e+00 -4.857851950297612298e+00
1.288833883388337931e+00 -4.861022082391140309e+00
1.289438943894388956e+00 -4.864194108632933222e+00
1.290044004400439093e+00 -4.867368029022984821e+00
1.290649064906490118e+00 -4.870543843561302211e+00
1.291254125412540255e+00 -4.873721552247873845e+00
1.291859185918591280e+00 -4.876901155082713935e+00
1.292464246424642305e+00 -4.880082652065814486e+00
1.293069306930692441e+00 -4.883266043197171946e+00
1.293674367436743466e+00 -4.886451328476795197e+00
1.294279427942793603e+00 -4.889638507904675357e+00
1.294884488448844628e+00 -4.892827581480820420e+00
1.295489548954894765e+00 -4.896018549205223280e+00
1.296094609460945790e+00 -4.899211411077891931e+00
1.296699669966995927e+00 -4.902406167098816603e+00
1.297304730473046952e+00 -4.905602817268008842e+00
1.297909790979097089e+00 -4.908801361585457101e+00
1.298514851485148114e+00 -4.912001800051168487e+00
1.299119911991198251e+00 -4.915204132665140335e+00
1.299724972497249276e+00 -4.918408359427376197e+00
1.300330033003299413e+00 -4.921614480639653344e+00
1.300935093509350438e+00 -4.924822497819281608e+00
1.301540154015400574e+00 -4.928032411175825800e+00
1.302145214521451599e+00 -4.931244220709293025e+00
1.302750275027502624e+00 -4.934457926419680618e+00
1.303355335533552761e+00 -4.937673528306981474e+00
1.303960396039603786e+00 -4.940891026371208028e+00
1.304565456545653923e+00 -4.944110420612348733e+00
1.305170517051704948e+00 -4.947331711030413359e+00
1.305775577557755085e+00 -4.950554897625393025e+00
1.306380638063806110e+00 -4.953779980397296612e+00
1.306985698569856247e+00 -4.957006959346115238e+00
1.307590759075907272e+00 -4.960235834471856897e+00
1.308195819581957409e+00 -4.963466605774513596e+00
1.308800880088008434e+00 -4.966699273254095992e+00
1.309405940594058571e+00 -4.969933836910591651e+00
1.310011001100109596e+00 -4.973170296744011232e+00
1.310616061606159732e+00 -4.976408652754346740e+00
1.311221122112210757e+00 -4.979648904941605281e+00
1.311826182618260894e+00 -4.982891053305779749e+00
1.312431243124311919e+00 -4.986135097846877251e+00
1.313036303630362056e+00 -4.989381038564889792e+00
1.313641364136413081e+00 -4.992628875459826254e+00
1.314246424642464106e+00 -4.995878608531682197e+00
1.314851485148514243e+00 -4.999130237780452291e+00
1.315456545654565268e+00 -5.002383763206148082e+00
1.316061606160615405e+00 -5.005639184808757136e+00
1.316666666666666430e+00 -5.008896502588290112e+00
1.317271727172716567e+00 -5.012155716544739015e+00
1.317876787678767592e+00 -5.015416826678110951e+00
1.318481848184817729e+00 -5.018679832988399703e+00
1.319086908690868754e+00 -5.021944735475609711e+00
1.319691969196918890e+00 -5.025211534139736536e+00
1.320297029702969915e+00 -5.028480228980787281e+00
1.320902090209020052e+00 -5.031750819998752178e+00
1.321507150715071077e+00 -5.035023307193640107e+00
1.322112211221121214e+00 -5.038297690565443077e+00
1.322717271727172239e+00 -5.041573970114171743e+00
1.323322332233222376e+00 -5.044852145839813673e+00
1.323927392739273401e+00 -5.048132217742380412e+00
1.324532453245323538e+00 -5.051414185821862191e+00
1.325137513751374563e+00 -5.054698050078267890e+00
1.325742574257425588e+00 -5.057983810511593070e+00
1.326347634763475725e+00 -5.061271467121832401e+00
1.326952695269526750e+00 -5.064561019908995654e+00
1.327557755775576886e+00 -5.067852468873073946e+00
1.328162816281627912e+00 -5.071145814014075270e+00
1.328767876787678048e+00 -5.074441055331993411e+00
1.329372937293729073e+00 -5.077738192826835473e+00
1.329977997799779210e+00 -5.081037226498591686e+00
1.330583058305830235e+00 -5.084338156347270932e+00
1.331188118811880372e+00 -5.087640982372866105e+00
1.331793179317931397e+00 -5.090945704575385200e+00
1.332398239823981534e+00 -5.094252322954818446e+00
1.333003300330032559e+00 -5.097560837511175613e+00
1.333608360836082696e+00 -5.100871248244447820e+00
1.334213421342133721e+00 -5.104183555154644836e+00
1.334818481848183858e+00 -5.107497758241756003e+00
1.335423542354234883e+00 -5.110813857505791979e+00
1.336028602860285019e+00 -5.114131852946742995e+00
1.336633663366336044e+00 -5.117451744564616156e+00
1.337238723872387069e+00 -5.120773532359410574e+00
1.337843784378437206e+00 -5.124097216331119142e+00
1.338448844884488231e+00 -5.127422796479751632e+00
1.339053905390538368e+00 -5.130750272805298273e+00
1.339658965896589393e+00 -5.134079645307770612e+00
1.340264026402639530e+00 -5.137410913987156214e+00
1.340869086908690555e+00 -5.140744078843466625e+00
1.341474147414740692e+00 -5.144079139876691187e+00
1.342079207920791717e+00 -5.147416097086840558e+00
1.342684268426841854e+00 -5.150754950473904969e+00
1.343289328932892879e+00 -5.154095700037892414e+00
1.343894389438943016e+00 -5.157438345778794009e+00
1.344499449944994041e+00 -5.160782887696621302e+00
1.345104510451044177e+00 -5.164129325791362746e+00
1.345709570957095202e+00 -5.167477660063028111e+00
1.346314631463145339e+00 -5.170827890511609404e+00
1.346919691969196364e+00 -5.174180017137112841e+00
1.347524752475247389e+00 -5.177534039939536648e+00
1.348129812981297526e+00 -5.180889958918874605e+00
1.348734873487348551e+00 -5.184247774075137372e+00
1.349339933993398688e+00 -5.187607485408315178e+00
1.349944994499449713e+00 -5.190969092918416017e+00
1.350550055005499850e+00 -5.194332596605432784e+00
1.351155115511550875e+00 -5.197697996469371695e+00
1.351760176017601012e+00 -5.201065292510227422e+00
1.352365236523652037e+00 -5.204434484728006183e+00
1.352970297029702174e+00 -5.207805573122700871e+00
1.353575357535753199e+00 -5.211178557694317703e+00
1.354180418041803335e+00 -5.214553438442851352e+00
1.354785478547854360e+00 -5.217930215368307145e+00
1.355390539053904497e+00 -5.221308888470677978e+00
1.355995599559955522e+00 -5.224689457749974508e+00
1.356600660066005659e+00 -5.228071923206184302e+00
1.357205720572056684e+00 -5.231456284839318016e+00
1.357810781078106821e+00 -5.234842542649367658e+00
1.358415841584157846e+00 -5.238230696636341222e+00
1.359020902090208871e+00 -5.241620746800232489e+00
1.359625962596259008e+00 -5.245012693141041460e+00
1.360231023102310033e+00 -5.248406535658772576e+00
1.360836083608360170e+00 -5.251802274353418731e+00
1.361441144114411195e+00 -5.255199909224987920e+00
1.362046204620461332e+00 -5.258599440273473924e+00
1.362651265126512357e+00 -5.262000867498882073e+00
1.363256325632562493e+00 -5.265404190901207038e+00
1.363861386138613518e+00 -5.268809410480454147e+00
1.364466446644663655e+00 -5.272216526236617185e+00
1.365071507150714680e+00 -5.275625538169704143e+00
1.365676567656764817e+00 -5.279036446279704364e+00
1.366281628162815842e+00 -5.282449250566631171e+00
1.366886688668865979e+00 -5.285863951030471242e+00
1.367491749174917004e+00 -5.289280547671236121e+00
1.368096809680967141e+00 -5.292699040488914264e+00
1.368701870187018166e+00 -5.296119429483518104e+00
1.369306930693068303e+00 -5.299541714655035207e+00
1.369911991199119328e+00 -5.302965896003478008e+00
1.370517051705170353e+00 -5.306391973528839401e+00
1.371122112211220490e+00 -5.309819947231116721e+00
1.371727172717271515e+00 -5.313249817110315298e+00
1.372332233223321651e+00 -5.316681583166429803e+00
1.372937293729372676e+00 -5.320115245399470894e+00
1.373542354235422813e+00 -5.323550803809423471e+00
1.374147414741473838e+00 -5.326988258396300857e+00
1.374752475247523975e+00 -5.330427609160093283e+00
1.375357535753575000e+00 -5.333868856100811406e+00
1.375962596259625137e+00 -5.337311999218441905e+00
1.376567656765676162e+00 -5.340757038512998101e+00
1.377172717271726299e+00 -5.344203973984468448e+00
1.377777777777777324e+00 -5.347652805632863604e+00
1.378382838283827461e+00 -5.351103533458172024e+00
1.378987898789878486e+00 -5.354556157460404364e+00
1.379592959295928623e+00 -5.358010677639553521e+00
1.380198019801979648e+00 -5.361467093995624822e+00
1.380803080308029784e+00 -5.364925406528612051e+00
1.381408140814080809e+00 -5.368385615238523201e+00
1.382013201320131834e+00 -5.371847720125353831e+00
1.382618261826181971e+00 -5.375311721189097725e+00
1.383223322332232996e+00 -5.378777618429767315e+00
1.383828382838283133e+00 -5.382245411847351058e+00
1.384433443344334158e+00 -5.385715101441860497e+00
1.385038503850384295e+00 -5.389186687213282312e+00
1.385643564356435320e+00 -5.392660169161628048e+00
1.386248624862485457e+00 -5.396135547286889711e+00
1.386853685368536482e+00 -5.399612821589075295e+00
1.387458745874586619e+00 -5.403091992068176808e+00
1.388063806380637644e+00 -5.406573058724200465e+00
1.388668866886687780e+00 -5.410056021557138273e+00
1.389273927392738806e+00 -5.413540880567004443e+00
1.389878987898788942e+00 -5.417027635753781212e+00
1.390484048404839967e+00 -5.420516287117482790e+00
1.391089108910890104e+00 -5.424006834658099407e+00
1.391694169416941129e+00 -5.427499278375640834e+00
1.392299229922992154e+00 -5.430993618270101742e+00
1.392904290429042291e+00 -5.434489854341475912e+00
1.393509350935093316e+00 -5.437987986589775780e+00
1.394114411441143453e+00 -5.441488015014988910e+00
1.394719471947194478e+00 -5.444989939617126851e+00
1.395324532453244615e+00 -5.448493760396178942e+00
1.395929592959295640e+00 -5.451999477352157619e+00
1.396534653465345777e+00 -5.455507090485047783e+00
1.397139713971396802e+00 -5.459016599794863644e+00
1.397744774477446938e+00 -5.462528005281594545e+00
1.398349834983497963e+00 -5.466041306945249367e+00
1.398954895489548100e+00 -5.469556504785818341e+00
1.399559955995599125e+00 -5.473073598803310347e+00
1.400165016501649262e+00 -5.476592588997719169e+00
1.400770077007700287e+00 -5.480113475369051024e+00
1.401375137513750424e+00 -5.483636257917297030e+00
1.401980198019801449e+00 -5.487160936642469622e+00
1.402585258525851586e+00 -5.490687511544555477e+00
1.403190319031902611e+00 -5.494215982623564365e+00
1.403795379537953636e+00 -5.497746349879495398e+00
1.404400440044003773e+00 -5.501278613312337917e+00
1.405005500550054798e+00 -5.504812772922106134e+00
1.405610561056104935e+00 -5.508348828708788503e+00
1.406215621562155960e+00 -5.511886780672395680e+00
1.406820682068206096e+00 -5.515426628812917009e+00
1.407425742574257121e+00 -5.518968373130362259e+00
1.408030803080307258e+00 -5.522512013624722549e+00
1.408635863586358283e+00 -5.526057550296007648e+00
1.409240924092408420e+00 -5.529604983144206898e+00
1.409845984598459445e+00 -5.533154312169330957e+00
1.410451045104509582e+00 -5.536705537371368280e+00
1.411056105610560607e+00 -5.540258658750330412e+00
1.411661166116610744e+00 -5.543813676306206695e+00
1.412266226622661769e+00 -5.547370590039008675e+00
1.412871287128711906e+00 -5.550929399948724807e+00
1.413476347634762931e+00 -5.554490106035363972e+00
1.414081408140813068e+00 -5.558052708298919065e+00
1.414686468646864093e+00 -5.561617206739396302e+00
1.415291529152915118e+00 -5.565183601356795684e+00
1.415896589658965254e+00 -5.568751892151108329e+00
1.416501650165016279e+00 -5.572322079122344896e+00
1.417106710671066416e+00 -5.575894162270496501e+00
1.417711771177117441e+00 -5.579468141595573805e+00
1.418316831683167578e+00 -5.583044017097561706e+00
1.418921892189218603e+00 -5.586621788776477082e+00
1.419526952695268740e+00 -5.590201456632306609e+00
1.420132013201319765e+00 -5.593783020665060057e+00
1.420737073707369902e+00 -5.597366480874727657e+00
1.421342134213420927e+00 -5.600951837261320065e+00
1.421947194719471064e+00 -5.604539089824825737e+00
1.422552255225522089e+00 -5.608128238565257995e+00
1.423157315731572226e+00 -5.611719283482603515e+00
1.423762376237623251e+00 -5.615312224576873845e+00
1.424367436743673387e+00 -5.618907061848057438e+00
1.424972497249724412e+00 -5.622503795296165841e+00
1.425577557755775437e+00 -5.626102424921194611e+00
1.426182618261825574e+00 -5.629702950723137533e+00
1.426787678767876599e+00 -5.633305372702004377e+00
1.427392739273926736e+00 -5.636909690857785371e+00
1.427997799779977761e+00 -5.640515905190491175e+00
1.428602860286027898e+00 -5.644124015700112906e+00
1.429207920792078923e+00 -5.647734022386657671e+00
1.429812981298129060e+00 -5.651345925250116586e+00
1.430418041804180085e+00 -5.654959724290500311e+00
1.431023102310230222e+00 -5.658575419507798188e+00
1.431628162816281247e+00 -5.662193010902019985e+00
1.432233223322331384e+00 -5.665812498473155934e+00
1.432838283828382409e+00 -5.669433882221217580e+00
1.433443344334432545e+00 -5.673057162146193377e+00
1.434048404840483570e+00 -5.676682338248093096e+00
1.434653465346533707e+00 -5.680309410526907854e+00
1.435258525852584732e+00 -5.683938378982646533e+00
1.435863586358634869e+00 -5.687569243615300252e+00
1.436468646864685894e+00 -5.691202004424877892e+00
1.437073707370736919e+00 -5.694836661411374124e+00
1.437678767876787056e+00 -5.698473214574786283e+00
1.438283828382838081e+00 -5.702111663915122364e+00
1.438888888888888218e+00 -5.705752009432372596e+00
1.439493949394939243e+00 -5.709394251126547637e+00
1.440099009900989380e+00 -5.713038388997636829e+00
1.440704070407040405e+00 -5.716684423045649943e+00
1.441309130913090542e+00 -5.720332353270578096e+00
1.441914191419141567e+00 -5.723982179672429282e+00
1.442519251925191703e+00 -5.727633902251197284e+00
1.443124312431242728e+00 -5.731287521006887431e+00
1.443729372937292865e+00 -5.734943035939492617e+00
1.444334433443343890e+00 -5.738600447049024389e+00
1.444939493949394027e+00 -5.742259754335469424e+00
1.445544554455445052e+00 -5.745920957798838380e+00
1.446149614961495189e+00 -5.749584057439120599e+00
1.446754675467546214e+00 -5.753249053256327628e+00
1.447359735973596351e+00 -5.756915945250449695e+00
1.447964796479647376e+00 -5.760584733421495685e+00
1.448569856985698401e+00 -5.764255417769463818e+00
1.449174917491748538e+00 -5.767927998294344327e+00
1.449779977997799563e+00 -5.771602474996147869e+00
1.450385038503849700e+00 -5.775278847874868227e+00
1.450990099009900725e+00 -5.778957116930511617e+00
1.451595159515950861e+00 -5.782637282163069159e+00
1.452200220022001886e+00 -5.786319343572551510e+00
1.452805280528052023e+00 -5.790003301158948901e+00
1.453410341034103048e+00 -5.793689154922270212e+00
1.454015401540153185e+00 -5.797376904862504787e+00
1.454620462046204210e+00 -5.801066550979666836e+00
1.455225522552254347e+00 -5.804758093273740371e+00
1.455830583058305372e+00 -5.808451531744739604e+00
1.456435643564355509e+00 -5.812146866392651212e+00
1.457040704070406534e+00 -5.815844097217489406e+00
1.457645764576456671e+00 -5.819543224219241750e+00
1.458250825082507696e+00 -5.823244247397918016e+00
1.458855885588557832e+00 -5.826947166753509322e+00
1.459460946094608857e+00 -5.830651982286024548e+00
1.460066006600659883e+00 -5.834358693995461032e+00
1.460671067106710019e+00 -5.838067301881809001e+00
1.461276127612761044e+00 -5.841777805945081781e+00
1.461881188118811181e+00 -5.845490206185270488e+00
1.462486248624862206e+00 -5.849204502602382227e+00
1.463091309130912343e+00 -5.852920695196409007e+00
1.463696369636963368e+00 -5.856638783967360595e+00
1.464301430143013505e+00 -5.860358768915226335e+00
1.464906490649064530e+00 -5.864080650040016884e+00
1.465511551155114667e+00 -5.867804427341722473e+00
1.466116611661165692e+00 -5.871530100820351095e+00
1.466721672167215829e+00 -5.875257670475894756e+00
1.467326732673266854e+00 -5.878987136308360562e+00
1.467931793179316990e+00 -5.882718498317743183e+00
1.468536853685368015e+00 -5.886451756504049726e+00
1.469141914191418152e+00 -5.890186910867271308e+00
1.469746974697469177e+00 -5.893923961407416812e+00
1.470352035203520202e+00 -5.897662908124481795e+00
1.470957095709570339e+00 -5.901403751018461818e+00
1.471562156215621364e+00 -5.905146490089363986e+00
1.472167216721671501e+00 -5.908891125337182970e+00
1.472772277227722526e+00 -5.912637656761926763e+00
1.473377337733772663e+00 -5.916386084363582043e+00
1.473982398239823688e+00 -5.920136408142163020e+00
1.474587458745873825e+00 -5.923888628097659037e+00
1.475192519251924850e+00 -5.927642744230079863e+00
1.475797579757974987e+00 -5.931398756539413952e+00
1.476402640264026012e+00 -5.935156665025672851e+00
1.477007700770076148e+00 -5.938916469688845901e+00
1.477612761276127173e+00 -5.942678170528944648e+00
1.478217821782177310e+00 -5.946441767545954882e+00
1.478822882288228335e+00 -5.950207260739892590e+00
1.479427942794278472e+00 -5.953974650110743561e+00
1.480033003300329497e+00 -5.957743935658521117e+00
1.480638063806379634e+00 -5.961515117383207496e+00
1.481243124312430659e+00 -5.965288195284823125e+00
1.481848184818481684e+00 -5.969063169363358234e+00
1.482453245324531821e+00 -5.972840039618804830e+00
1.483058305830582846e+00 -5.976618806051178012e+00
1.483663366336632983e+00 -5.980399468660463569e+00
1.484268426842684008e+00 -5.984182027446675711e+00
1.484873487348734145e+00 -5.987966482409801117e+00
1.485478547854785170e+00 -5.991752833549851331e+00
1.486083608360835306e+00 -5.995541080866816586e+00
1.486688668866886331e+00 -5.999331224360705761e+00
1.487293729372936468e+00 -6.003123264031508199e+00
1.487898789878987493e+00 -6.006917199879236335e+00
1.488503850385037630e+00 -6.010713031903879511e+00
1.489108910891088655e+00 -6.014510760105445719e+00
1.489713971397138792e+00 -6.018310384483926967e+00
1.490319031903189817e+00 -6.022111905039333024e+00
1.490924092409239954e+00 -6.025915321771652344e+00
1.491529152915290979e+00 -6.029720634680895586e+00
1.492134213421341116e+00 -6.033527843767055643e+00
1.492739273927392141e+00 -6.037336949030138733e+00
1.493344334433443166e+00 -6.041147950470141303e+00
1.493949394939493303e+00 -6.044960848087058025e+00
1.494554455445544328e+00 -6.048775641880899556e+00
1.495159515951594464e+00 -6.052592331851654350e+00
1.495764576457645489e+00 -6.056410917999335730e+00
1.496369636963695626e+00 -6.060231400323930373e+00
1.496974697469746651e+00 -6.064053778825448937e+00
1.497579757975796788e+00 -6.067878053503882541e+00
1.498184818481847813e+00 -6.071704224359240065e+00
1.498789878987897950e+00 -6.075532291391511741e+00
1.499394939493948975e+00 -6.079362254600709115e+00
1.499999999999999112e+00 -6.083194113986818863e+00
1.500605060506050137e+00 -6.087027869549855197e+00
1.501210121012100274e+00 -6.090863521289805682e+00
1.501815181518151299e+00 -6.094701069206680089e+00
1.502420242024201436e+00 -6.098540513300468646e+00
1.503025302530252461e+00 -6.102381853571182013e+00
1.503630363036302597e+00 -6.106225090018808643e+00
1.504235423542353622e+00 -6.110070222643361859e+00
1.504840484048404647e+00 -6.113917251444832779e+00
1.505445544554454784e+00 -6.117766176423218738e+00
1.506050605060505809e+00 -6.121616997578530395e+00
1.506655665566555946e+00 -6.125469714910754426e+00
1.507260726072606971e+00 -6.129324328419902379e+00
1.507865786578657108e+00 -6.133180838105967148e+00
1.508470847084708133e+00 -6.137039243968954061e+00
1.509075907590758270e+00 -6.140899546008856902e+00
1.509680968096809295e+00 -6.144761744225682776e+00
1.510286028602859432e+00 -6.148625838619423689e+00
1.510891089108910457e+00 -6.152491829190091188e+00
1.511496149614960594e+00 -6.156359715937670174e+00
1.512101210121011619e+00 -6.160229498862173969e+00
1.512706270627061755e+00 -6.164101177963592804e+00
1.513311331133112780e+00 -6.167974753241936448e+00
1.513916391639162917e+00 -6.171850224697193354e+00
1.514521452145213942e+00 -6.175727592329375959e+00
1.515126512651264967e+00 -6.179606856138477156e+00
1.515731573157315104e+00 -6.183488016124492503e+00
1.516336633663366129e+00 -6.187371072287434437e+00
1.516941694169416266e+00 -6.191256024627287857e+00
1.517546754675467291e+00 -6.195142873144067863e+00
1.518151815181517428e+00 -6.199031617837762020e+00
1.518756875687568453e+00 -6.202922258708378322e+00
1.519361936193618590e+00 -6.206814795755911440e+00
1.519966996699669615e+00 -6.210709228980367591e+00
1.520572057205719751e+00 -6.214605558381739669e+00
1.521177117711770777e+00 -6.218503783960034781e+00
1.521782178217820913e+00 -6.222403905715244932e+00
1.522387238723871938e+00 -6.226305923647379004e+00
1.522992299229922075e+00 -6.230209837756428115e+00
1.523597359735973100e+00 -6.234115648042401148e+00
1.524202420242023237e+00 -6.238023354505288331e+00
1.524807480748074262e+00 -6.241932957145101213e+00
1.525412541254124399e+00 -6.245844455961825581e+00
1.526017601760175424e+00 -6.249757850955477423e+00
1.526622662266226449e+00 -6.253673142126048745e+00
1.527227722772276586e+00 -6.257590329473533330e+00
1.527832783278327611e+00 -6.261509412997943613e+00
1.528437843784377748e+00 -6.265430392699265383e+00
1.529042904290428773e+00 -6.269353268577513738e+00
1.529647964796478909e+00 -6.273278040632674468e+00
1.530253025302529934e+00 -6.277204708864763560e+00
1.530858085808580071e+00 -6.281133273273763251e+00
1.531463146314631096e+00 -6.285063733859690416e+00
1.532068206820681233e+00 -6.288996090622529955e+00
1.532673267326732258e+00 -6.292930343562294304e+00
1.533278327832782395e+00 -6.296866492678972804e+00
1.533883388338833420e+00 -6.300804537972577002e+00
1.534488448844883557e+00 -6.304744479443094463e+00
1.535093509350934582e+00 -6.308686317090535844e+00
1.535698569856984719e+00 -6.312630050914892266e+00
1.536303630363035744e+00 -6.316575680916173496e+00
1.536908690869085881e+00 -6.320523207094368878e+00
1.537513751375136906e+00 -6.324472629449488181e+00
1.538118811881187931e+00 -6.328423947981527853e+00
1.538723872387238067e+00 -6.332377162690481676e+00
1.539328932893289092e+00 -6.336332273576360308e+00
1.539933993399339229e+00 -6.340289280639151315e+00
1.540539053905390254e+00 -6.344248183878868907e+00
1.541144114411440391e+00 -6.348208983295498875e+00
1.541749174917491416e+00 -6.352171678889055428e+00
1.542354235423541553e+00 -6.356136270659525245e+00
1.542959295929592578e+00 -6.360102758606919870e+00
1.543564356435642715e+00 -6.364071142731229536e+00
1.544169416941693740e+00 -6.368041423032462234e+00
1.544774477447743877e+00 -6.372013599510609971e+00
1.545379537953794902e+00 -6.375987672165681630e+00
1.545984598459845039e+00 -6.379963640997667440e+00
1.546589658965896064e+00 -6.383941506006578948e+00
1.547194719471946200e+00 -6.387921267192403718e+00
1.547799779977997225e+00 -6.391902924555154186e+00
1.548404840484048250e+00 -6.395886478094825023e+00
1.549009900990098387e+00 -6.399871927811407346e+00
1.549614961496149412e+00 -6.403859273704915367e+00
1.550220022002199549e+00 -6.407848515775337539e+00
1.550825082508250574e+00 -6.411839654022684520e+00
1.551430143014300711e+00 -6.415832688446945653e+00
1.552035203520351736e+00 -6.419827619048131595e+00
1.552640264026401873e+00 -6.423824445826230800e+00
1.553245324532452898e+00 -6.427823168781255703e+00
1.553850385038503035e+00 -6.431823787913194757e+00
1.554455445544554060e+00 -6.435826303222057732e+00
1.555060506050604197e+00 -6.439830714707836634e+00
1.555665566556655222e+00 -6.443837022370536793e+00
1.556270627062705358e+00 -6.447845226210153768e+00
1.556875687568756383e+00 -6.451855326226695553e+00
1.557480748074806520e+00 -6.455867322420150600e+00
1.558085808580857545e+00 -6.459881214790531345e+00
1.558690869086907682e+00 -6.463897003337823577e+00
1.559295929592958707e+00 -6.467914688062043282e+00
1.559900990099009732e+00 -6.471934268963181580e+00
1.560506050605059869e+00 -6.475955746041234917e+00
1.561111111111110894e+00 -6.479979119296212176e+00
1.561716171617161031e+00 -6.484004388728102697e+00
1.562321232123212056e+00 -6.488031554336918916e+00
1.562926292629262193e+00 -6.492060616122648398e+00
1.563531353135313218e+00 -6.496091574085303577e+00
1.564136413641363355e+00 -6.500124428224872020e+00
1.564741474147414380e+00 -6.504159178541366160e+00
1.565346534653464516e+00 -6.508195825034772675e+00
1.565951595159515541e+00 -6.512234367705104887e+00
1.566556655665565678e+00 -6.516274806552349474e+00
1.567161716171616703e+00 -6.520317141576522424e+00
1.567766776677666840e+00 -6.524361372777606860e+00
1.568371837183717865e+00 -6.528407500155617882e+00
1.568976897689768002e+00 -6.532455523710540390e+00
1.569581958195819027e+00 -6.536505443442392149e+00
1.570187018701869164e+00 -6.540557259351153618e+00
1.570792079207920189e+00 -6.544610971436840785e+00
1.571397139713971214e+00 -6.548666579699449208e+00
1.572002200220021351e+00 -6.552724084138969118e+00
1.572607260726072376e+00 -6.556783484755415614e+00
1.573212321232122513e+00 -6.560844781548775373e+00
1.573817381738173538e+00 -6.564907974519059941e+00
1.574422442244223674e+00 -6.568973063666258660e+00
1.575027502750274699e+00 -6.573040048990382189e+00
1.575632563256324836e+00 -6.577108930491419869e+00
1.576237623762375861e+00 -6.581179708169381470e+00
1.576842684268425998e+00 -6.585252382024258999e+00
1.577447744774477023e+00 -6.589326952056060449e+00
1.578052805280527160e+00 -6.593403418264776050e+00
1.578657865786578185e+00 -6.597481780650414684e+00
1.579262926292628322e+00 -6.601562039212970134e+00
1.579867986798679347e+00 -6.605644193952448617e+00
1.580473047304729484e+00 -6.609728244868841252e+00
1.581078107810780509e+00 -6.613814191962157807e+00
1.581683168316830645e+00 -6.617902035232390290e+00
1.582288228822881671e+00 -6.621991774679546694e+00
1.582893289328932696e+00 -6.626083410303623467e+00
1.583498349834982832e+00 -6.630176942104613502e+00
1.584103410341033857e+00 -6.634272370082528347e+00
1.584708470847083994e+00 -6.638369694237355567e+00
1.585313531353135019e+00 -6.642468914569110261e+00
1.585918591859185156e+00 -6.646570031077779106e+00
1.586523652365236181e+00 -6.650673043763370096e+00
1.587128712871286318e+00 -6.654777952625877013e+00
1.587733773377337343e+00 -6.658884757665306964e+00
1.588338833883387480e+00 -6.662993458881652842e+00
1.588943894389438505e+00 -6.667104056274922641e+00
1.589548954895488642e+00 -6.671216549845105703e+00
1.590154015401539667e+00 -6.675330939592216239e+00
1.590759075907589803e+00 -6.679447225516239151e+00
1.591364136413640828e+00 -6.683565407617187759e+00
1.591969196919690965e+00 -6.687685485895046966e+00
1.592574257425741990e+00 -6.691807460349835424e+00
1.593179317931793015e+00 -6.695931330981541585e+00
1.593784378437843152e+00 -6.700057097790161009e+00
1.594389438943894177e+00 -6.704184760775707019e+00
1.594994499449944314e+00 -6.708314319938164516e+00
1.595599559955995339e+00 -6.712445775277547710e+00
1.596204620462045476e+00 -6.716579126793845944e+00
1.596809680968096501e+00 -6.720714374487068099e+00
1.597414741474146638e+00 -6.724851518357204405e+00
1.598019801980197663e+00 -6.728990558404267297e+00
1.598624862486247800e+00 -6.733131494628242564e+00
1.599229922992298825e+00 -6.737274327029140863e+00
1.599834983498348961e+00 -6.741419055606955979e+00
1.600440044004399986e+00 -6.745565680361695016e+00
1.601045104510450123e+00 -6.749714201293348204e+00
1.601650165016501148e+00 -6.753864618401925313e+00
1.602255225522551285e+00 -6.758016931687416573e+00
1.602860286028602310e+00 -6.762171141149833531e+00
1.603465346534652447e+00 -6.766327246789165528e+00
1.604070407040703472e+00 -6.770485248605419670e+00
1.604675467546754497e+00 -6.774645146598595957e+00
1.605280528052804634e+00 -6.778806940768683731e+00
1.605885588558855659e+00 -6.782970631115697202e+00
1.606490649064905796e+00 -6.787136217639625713e+00
1.607095709570956821e+00 -6.791303700340476368e+00
1.607700770077006958e+00 -6.795473079218243839e+00
1.608305830583057983e+00 -6.799644354272936120e+00
1.608910891089108119e+00 -6.803817525504540775e+00
1.609515951595159144e+00 -6.807992592913071128e+00
1.610121012101209281e+00 -6.812169556498515632e+00
1.610726072607260306e+00 -6.816348416260884946e+00
1.611331133113310443e+00 -6.820529172200167523e+00
1.611936193619361468e+00 -6.824711824316374909e+00
1.612541254125411605e+00 -6.828896372609497334e+00
1.613146314631462630e+00 -6.833082817079542792e+00
1.613751375137512767e+00 -6.837271157726503290e+00
1.614356435643563792e+00 -6.841461394550389485e+00
1.614961496149613929e+00 -6.845653527551188944e+00
1.615566556655664954e+00 -6.849847556728914100e+00
1.616171617161715979e+00 -6.854043482083557848e+00
1.616776677667766116e+00 -6.858241303615114859e+00
1.617381738173817141e+00 -6.862441021323597568e+00
1.617986798679867277e+00 -6.866642635208993539e+00
1.618591859185918302e+00 -6.870846145271315208e+00
1.619196919691968439e+00 -6.875051551510551029e+00
1.619801980198019464e+00 -6.879258853926710771e+00
1.620407040704069601e+00 -6.883468052519784663e+00
1.621012101210120626e+00 -6.887679147289784254e+00
1.621617161716170763e+00 -6.891892138236696219e+00
1.622222222222221788e+00 -6.896107025360533882e+00
1.622827282728271925e+00 -6.900323808661285696e+00
1.623432343234322950e+00 -6.904542488138963208e+00
1.624037403740373087e+00 -6.908763063793553094e+00
1.624642464246424112e+00 -6.912985535625070455e+00
1.625247524752474249e+00 -6.917209903633498413e+00
1.625852585258525274e+00 -6.921436167818852958e+00
1.626457645764575410e+00 -6.925664328181121654e+00
1.627062706270626435e+00 -6.929894384720314271e+00
1.627667766776677460e+00 -6.934126337436428145e+00
1.628272827282727597e+00 -6.938360186329452617e+00
1.628877887788778622e+00 -6.942595931399405451e+00
1.629482948294828759e+00 -6.946833572646271548e+00
1.630088008800879784e+00 -6.951073110070060679e+00
1.630693069306929921e+00 -6.955314543670764849e+00
1.631298129812980946e+00 -6.959557873448394716e+00
1.631903190319031083e+00 -6.963803099402936070e+00
1.632508250825082108e+00 -6.968050221534405786e+00
1.633113311331132245e+00 -6.972299239842786989e+00
1.633718371837183270e+00 -6.976550154328093889e+00
1.634323432343233407e+00 -6.980802964990314052e+00
1.634928492849284432e+00 -6.985057671829459025e+00
1.635533553355334568e+00 -6.989314274845519037e+00
1.636138613861385593e+00 -6.993572774038504747e+00
1.636743674367435730e+00 -6.997833169408400167e+00
1.637348734873486755e+00 -7.002095460955224837e+00
1.637953795379537780e+00 -7.006359648678968099e+00
1.638558855885587917e+00 -7.010625732579624625e+00
1.639163916391638942e+00 -7.014893712657205072e+00
1.639768976897689079e+00 -7.019163588911700558e+00
1.640374037403740104e+00 -7.023435361343121741e+00
1.640979097909790241e+00 -7.027709029951454411e+00
1.641584158415841266e+00 -7.031984594736716332e+00
1.642189218921891403e+00 -7.036262055698887963e+00
1.642794279427942428e+00 -7.040541412837985291e+00
1.643399339933992565e+00 -7.044822666153997659e+00
1.644004400440043590e+00 -7.049105815646933948e+00
1.644609460946093726e+00 -7.053390861316785276e+00
1.645214521452144751e+00 -7.057677803163560526e+00
1.645819581958194888e+00 -7.061966641187249927e+00
1.646424642464245913e+00 -7.066257375387865025e+00
1.647029702970296050e+00 -7.070550005765392498e+00
1.647634763476347075e+00 -7.074844532319846557e+00
1.648239823982397212e+00 -7.079140955051213879e+00
1.648844884488448237e+00 -7.083439273959505122e+00
1.649449944994499262e+00 -7.087739489044717622e+00
1.650055005500549399e+00 -7.092041600306841609e+00
1.650660066006600424e+00 -7.096345607745893069e+00
1.651265126512650561e+00 -7.100651511361856905e+00
1.651870187018701586e+00 -7.104959311154746437e+00
1.652475247524751722e+00 -7.109269007124549233e+00
1.653080308030802748e+00 -7.113580599271278615e+00
1.653685368536852884e+00 -7.117894087594918595e+00
1.654290429042903909e+00 -7.122209472095486049e+00
1.654895489548954046e+00 -7.126526752772965878e+00
1.655500550055005071e+00 -7.130845929627371405e+00
1.656105610561055208e+00 -7.135167002658691970e+00
1.656710671067106233e+00 -7.139489971866936457e+00
1.657315731573156370e+00 -7.143814837252094208e+00
1.657920792079207395e+00 -7.148141598814178543e+00
1.658525852585257532e+00 -7.152470256553174366e+00
1.659130913091308557e+00 -7.156800810469097662e+00
1.659735973597358694e+00 -7.161133260561932445e+00
1.660341034103409719e+00 -7.165467606831693814e+00
1.660946094609460744e+00 -7.169803849278375552e+00
1.661551155115510880e+00 -7.174141987901968776e+00
1.662156215621561905e+00 -7.178482022702487697e+00
1.662761276127612042e+00 -7.182823953679921658e+00
1.663366336633663067e+00 -7.187167780834279540e+00
1.663971397139713204e+00 -7.191513504165550685e+00
1.664576457645764229e+00 -7.195861123673747528e+00
1.665181518151814366e+00 -7.200210639358857634e+00
1.665786578657865391e+00 -7.204562051220895214e+00
1.666391639163915528e+00 -7.208915359259844280e+00
1.666996699669966553e+00 -7.213270563475718156e+00
1.667601760176016690e+00 -7.217627663868507071e+00
1.668206820682067715e+00 -7.221986660438219019e+00
1.668811881188117852e+00 -7.226347553184846007e+00
1.669416941694168877e+00 -7.230710342108398692e+00
1.670022002200219013e+00 -7.235075027208863752e+00
1.670627062706270038e+00 -7.239441608486256285e+00
1.671232123212321063e+00 -7.243810085940567411e+00
1.671837183718371200e+00 -7.248180459571790024e+00
1.672442244224422225e+00 -7.252552729379940999e+00
1.673047304730472362e+00 -7.256926895365003460e+00
1.673652365236523387e+00 -7.261302957526991619e+00
1.674257425742573524e+00 -7.265680915865893930e+00
1.674862486248624549e+00 -7.270060770381720161e+00
1.675467546754674686e+00 -7.274442521074460544e+00
1.676072607260725711e+00 -7.278826167944126624e+00
1.676677667766775848e+00 -7.283211710990705967e+00
1.677282728272826873e+00 -7.287599150214211008e+00
1.677887788778877010e+00 -7.291988485614629312e+00
1.678492849284928035e+00 -7.296379717191972425e+00
1.679097909790978171e+00 -7.300772844946230578e+00
1.679702970297029196e+00 -7.305167868877411763e+00
1.680308030803079333e+00 -7.309564788985507988e+00
1.680913091309130358e+00 -7.313963605270529023e+00
1.681518151815180495e+00 -7.318364317732462432e+00
1.682123212321231520e+00 -7.322766926371324203e+00
1.682728272827282545e+00 -7.327171431187103678e+00
1.683333333333332682e+00 -7.331577832179795529e+00
1.683938393839383707e+00 -7.335986129349415741e+00
1.684543454345433844e+00 -7.340396322695946552e+00
1.685148514851484869e+00 -7.344808412219403948e+00
1.685753575357535006e+00 -7.349222397919773719e+00
1.686358635863586031e+00 -7.353638279797069188e+00
1.686963696369636168e+00 -7.358056057851279697e+00
1.687568756875687193e+00 -7.362475732082414126e+00
1.688173817381737329e+00 -7.366897302490461819e+00
1.688778877887788354e+00 -7.371320769075436985e+00
1.689383938393838491e+00 -7.375746131837322750e+00
1.689988998899889516e+00 -7.380173390776135989e+00
1.690594059405939653e+00 -7.384602545891860714e+00
1.691199119911990678e+00 -7.389033597184512026e+00
1.691804180418040815e+00 -7.393466544654076600e+00
1.692409240924091840e+00 -7.397901388300567760e+00
1.693014301430141977e+00 -7.402338128123970407e+00
1.693619361936193002e+00 -7.406776764124299639e+00
1.694224422442244027e+00 -7.411217296301547464e+00
1.694829482948294164e+00 -7.415659724655709439e+00
1.695434543454345189e+00 -7.420104049186797113e+00
1.696039603960395326e+00 -7.424550269894796273e+00
1.696644664466446351e+00 -7.428998386779722907e+00
1.697249724972496487e+00 -7.433448399841562804e+00
1.697854785478547512e+00 -7.437900309080327510e+00
1.698459845984597649e+00 -7.442354114496006368e+00
1.699064906490648674e+00 -7.446809816088610035e+00
1.699669966996698811e+00 -7.451267413858126076e+00
1.700275027502749836e+00 -7.455726907804567816e+00
1.700880088008799973e+00 -7.460188297927923706e+00
1.701485148514850998e+00 -7.464651584228206183e+00
1.702090209020901135e+00 -7.469116766705399257e+00
1.702695269526952160e+00 -7.473583845359520694e+00
1.703300330033002297e+00 -7.478052820190555394e+00
1.703905390539053322e+00 -7.482523691198514015e+00
1.704510451045103459e+00 -7.486996458383385900e+00
1.705115511551154484e+00 -7.491471121745183481e+00
1.705720572057205509e+00 -7.495947681283899655e+00
1.706325632563255645e+00 -7.500426136999530868e+00
1.706930693069306670e+00 -7.504906488892087779e+00
1.707535753575356807e+00 -7.509388736961556177e+00
1.708140814081407832e+00 -7.513872881207952048e+00
1.708745874587457969e+00 -7.518358921631259406e+00
1.709350935093508994e+00 -7.522846858231493350e+00
1.709955995599559131e+00 -7.527336691008640557e+00
1.710561056105610156e+00 -7.531828419962712573e+00
1.711166116611660293e+00 -7.536322045093699629e+00
1.711771177117711318e+00 -7.540817566401608829e+00
1.712376237623761455e+00 -7.545314983886434845e+00
1.712981298129812480e+00 -7.549814297548186559e+00
1.713586358635862616e+00 -7.554315507386847983e+00
1.714191419141913642e+00 -7.558818613402437769e+00
1.714796479647963778e+00 -7.563323615594940819e+00
1.715401540154014803e+00 -7.567830513964368677e+00
1.716006600660065828e+00 -7.572339308510716904e+00
1.716611661166115965e+00 -7.576849999233976618e+00
1.717216721672166990e+00 -7.581362586134162029e+00
1.717821782178217127e+00 -7.585877069211262480e+00
1.718426842684268152e+00 -7.590393448465286852e+00
1.719031903190318289e+00 -7.594911723896224487e+00
1.719636963696369314e+00 -7.599431895504089596e+00
1.720242024202419451e+00 -7.603953963288866191e+00
1.720847084708470476e+00 -7.608477927250568484e+00
1.721452145214520613e+00 -7.613003787389183152e+00
1.722057205720571638e+00 -7.617531543704724406e+00
1.722662266226621774e+00 -7.622061196197180699e+00
1.723267326732672799e+00 -7.626592744866560025e+00
1.723872387238722936e+00 -7.631126189712853503e+00
1.724477447744773961e+00 -7.635661530736072677e+00
1.725082508250824098e+00 -7.640198767936204227e+00
1.725687568756875123e+00 -7.644737901313263251e+00
1.726292629262925260e+00 -7.649278930867234649e+00
1.726897689768976285e+00 -7.653821856598130857e+00
1.727502750275027310e+00 -7.658366678505948322e+00
1.728107810781077447e+00 -7.662913396590676385e+00
1.728712871287128472e+00 -7.667462010852332810e+00
1.729317931793178609e+00 -7.672012521290900722e+00
1.729922992299229634e+00 -7.676564927906394331e+00
1.730528052805279771e+00 -7.681119230698800315e+00
1.731133113311330796e+00 -7.685675429668133773e+00
1.731738173817380932e+00 -7.690233524814379606e+00
1.732343234323431957e+00 -7.694793516137551137e+00
1.732948294829482094e+00 -7.699355403637635042e+00
1.733553355335533119e+00 -7.703919187314645534e+00
1.734158415841583256e+00 -7.708484867168569288e+00
1.734763476347634281e+00 -7.713052443199419628e+00
1.735368536853684418e+00 -7.717621915407180566e+00
1.735973597359735443e+00 -7.722193283791869867e+00
1.736578657865785580e+00 -7.726766548353470654e+00
1.737183718371836605e+00 -7.731341709091996250e+00
1.737788778877886742e+00 -7.735918766007436886e+00
1.738393839383937767e+00 -7.740497719099801444e+00
1.738998899889988792e+00 -7.745078568369088146e+00
1.739603960396038929e+00 -7.749661313815284558e+00
1.740209020902089954e+00 -7.754245955438410220e+00
1.740814081408140090e+00 -7.758832493238447370e+00
1.741419141914191115e+00 -7.763420927215410217e+00
1.742024202420241252e+00 -7.768011257369284550e+00
1.742629262926292277e+00 -7.772603483700086358e+00
1.743234323432342414e+00 -7.777197606207800540e+00
1.743839383938393439e+00 -7.781793624892442196e+00
1.744444444444443576e+00 -7.786391539753994451e+00
1.745049504950494601e+00 -7.790991350792474179e+00
1.745654565456544738e+00 -7.795593058007868059e+00
1.746259625962595763e+00 -7.800196661400184972e+00
1.746864686468645900e+00 -7.804802160969416036e+00
1.747469746974696925e+00 -7.809409556715573686e+00
1.748074807480747062e+00 -7.814018848638642822e+00
1.748679867986798087e+00 -7.818630036738639433e+00
1.749284928492849112e+00 -7.823243121015554635e+00
1.749889988998899248e+00 -7.827858101469381324e+00
1.750495049504950273e+00 -7.832475090494933845e+00
1.751100110011000410e+00 -7.837094305943836936e+00
1.751705170517051435e+00 -7.841715753366465869e+00
1.752310231023101572e+00 -7.846339432762808208e+00
1.752915291529152597e+00 -7.850965344132875501e+00
1.753520352035202734e+00 -7.855593487476655312e+00
1.754125412541253759e+00 -7.860223862794162741e+00
1.754730473047303896e+00 -7.864856470085381801e+00
1.755335533553354921e+00 -7.869491309350327590e+00
1.755940594059405058e+00 -7.874128380588985898e+00
1.756545654565456083e+00 -7.878767683801370936e+00
1.757150715071506220e+00 -7.883409218987465827e+00
1.757755775577557245e+00 -7.888052986147289225e+00
1.758360836083607381e+00 -7.892698985280824253e+00
1.758965896589658406e+00 -7.897347216388086011e+00
1.759570957095708543e+00 -7.901997679469060287e+00
1.760176017601759568e+00 -7.906650374523759517e+00
1.760781078107810593e+00 -7.911305301552178371e+00
1.761386138613860730e+00 -7.915962460554310631e+00
1.761991199119911755e+00 -7.920621851530169621e+00
1.762596259625961892e+00 -7.925283474479740242e+00
1.763201320132012917e+00 -7.929947329403037592e+00
1.763806380638063054e+00 -7.934613416300047462e+00
1.764411441144114079e+00 -7.939281735170782284e+00
1.765016501650164216e+00 -7.943952286015229625e+00
1.765621562156215241e+00 -7.948625068833405471e+00
1.766226622662265378e+00 -7.953300083625291172e+00
1.766831683168316403e+00 -7.957977330390904491e+00
1.767436743674366539e+00 -7.962656809130230329e+00
1.768041804180417564e+00 -7.967338519843282008e+00
1.768646864686467701e+00 -7.972022462530045317e+00
1.769251925192518726e+00 -7.976708637190536244e+00
1.769856985698568863e+00 -7.981397043824739690e+00
1.770462046204619888e+00 -7.986087682432668089e+00
1.771067106710670025e+00 -7.990780553014309007e+00
1.771672167216721050e+00 -7.995475655569677542e+00
1.772277227722772075e+00 -8.000172990098764814e+00
1.772882288228822212e+00 -8.004872556601565492e+00
1.773487348734873237e+00 -8.009574355078090235e+00
1.774092409240923374e+00 -8.014278385528328386e+00
1.774697469746974399e+00 -8.018984647952292377e+00
1.775302530253024536e+00 -8.023693142349971552e+00
1.775907590759075561e+00 -8.028403868721374792e+00
1.776512651265125697e+00 -8.033116827066491439e+00
1.777117711771176722e+00 -8.037832017385333927e+00
1.777722772277226859e+00 -8.042549439677886269e+00
1.778327832783277884e+00 -8.047269093944168006e+00
1.778932893289328021e+00 -8.051990980184159596e+00
1.779537953795379046e+00 -8.056715098397880581e+00
1.780143014301429183e+00 -8.061441448585311420e+00
1.780748074807480208e+00 -8.066170030746469877e+00
1.781353135313530345e+00 -8.070900844881339964e+00
1.781958195819581370e+00 -8.075633890989935892e+00
1.782563256325631507e+00 -8.080369169072245228e+00
1.783168316831682532e+00 -8.085106679128282181e+00
1.783773377337733557e+00 -8.089846421158037870e+00
1.784378437843783693e+00 -8.094588395161503414e+00
1.784983498349834719e+00 -8.099332601138698351e+00
1.785588558855884855e+00 -8.104079039089603143e+00
1.786193619361935880e+00 -8.108827709014237328e+00
1.786798679867986017e+00 -8.113578610912583144e+00
1.787403740374037042e+00 -8.118331744784653026e+00
1.788008800880087179e+00 -8.123087110630436314e+00
1.788613861386138204e+00 -8.127844708449947220e+00
1.789218921892188341e+00 -8.132604538243167980e+00
1.789823982398239366e+00 -8.137366600010116358e+00
1.790429042904289503e+00 -8.142130893750776366e+00
1.791034103410340528e+00 -8.146897419465163992e+00
1.791639163916390665e+00 -8.151666177153261472e+00
1.792244224422441690e+00 -8.156437166815088347e+00
1.792849284928491826e+00 -8.161210388450626851e+00
1.793454345434542851e+00 -8.165985842059892974e+00
1.794059405940593876e+00 -8.170763527642876056e+00
1.794664466446644013e+00 -8.175543445199572545e+00
1.795269526952695038e+00 -8.180325594729994876e+00
1.795874587458745175e+00 -8.185109976234128837e+00
1.796479647964796200e+00 -8.189896589711992192e+00
1.797084708470846337e+00 -8.194685435163565401e+00
1.797689768976897362e+00 -8.199476512588866228e+00
1.798294829482947499e+00 -8.204269821987878686e+00
1.798899889988998524e+00 -8.209065363360615208e+00
1.799504950495048661e+00 -8.213863136707066914e+00
1.800110011001099686e+00 -8.218663142027244461e+00
1.800715071507149823e+00 -8.223465379321133639e+00
1.801320132013200848e+00 -8.228269848588750435e+00
1.801925192519250984e+00 -8.233076549830078861e+00
1.802530253025302009e+00 -8.237885483045133128e+00
1.803135313531352146e+00 -8.242696648233900802e+00
1.803740374037403171e+00 -8.247510045396396094e+00
1.804345434543453308e+00 -8.252325674532601241e+00
1.804950495049504333e+00 -8.257143535642532228e+00
1.805555555555555358e+00 -8.261963628726185505e+00
1.806160616061605495e+00 -8.266785953783550411e+00
1.806765676567656520e+00 -8.271610510814639383e+00
1.807370737073706657e+00 -8.276437299819441762e+00
1.807975797579757682e+00 -8.281266320797971758e+00
1.808580858085807819e+00 -8.286097573750213385e+00
1.809185918591858844e+00 -8.290931058676179077e+00
1.809790979097908981e+00 -8.295766775575859953e+00
1.810396039603960006e+00 -8.300604724449266669e+00
1.811001100110010142e+00 -8.305444905296385016e+00
1.811606160616061167e+00 -8.310287318117229205e+00
1.812211221122111304e+00 -8.315131962911788577e+00
1.812816281628162329e+00 -8.319978839680072014e+00
1.813421342134212466e+00 -8.324827948422067081e+00
1.814026402640263491e+00 -8.329679289137789766e+00
1.814631463146313628e+00 -8.334532861827225858e+00
1.815236523652364653e+00 -8.339388666490387791e+00
1.815841584158414790e+00 -8.344246703127259579e+00
1.816446644664465815e+00 -8.349106971737860761e+00
1.817051705170516840e+00 -8.353969472322180678e+00
1.817656765676566977e+00 -8.358834204880212226e+00
1.818261826182618002e+00 -8.363701169411971392e+00
1.818866886688668139e+00 -8.368570365917440412e+00
1.819471947194719164e+00 -8.373441794396637050e+00
1.820077007700769300e+00 -8.378315454849545318e+00
1.820682068206820325e+00 -8.383191347276179428e+00
1.821287128712870462e+00 -8.388069471676526945e+00
1.821892189218921487e+00 -8.392949828050602079e+00
1.822497249724971624e+00 -8.397832416398388844e+00
1.823102310231022649e+00 -8.402717236719899674e+00
1.823707370737072786e+00 -8.407604289015125687e+00
1.824312431243123811e+00 -8.412493573284077542e+00
1.824917491749173948e+00 -8.417385089526742803e+00
1.825522552255224973e+00 -8.422278837743132129e+00
1.826127612761275110e+00 -8.427174817933234863e+00
1.826732673267326135e+00 -8.432073030097063437e+00
1.827337733773376272e+00 -8.436973474234605419e+00
1.827942794279427297e+00 -8.441876150345873242e+00
1.828547854785478322e+00 -8.446781058430858025e+00
1.829152915291528458e+00 -8.451688198489559767e+00
1.829757975797579483e+00 -8.456597570521983798e+00
1.830363036303629620e+00 -8.461509174528121235e+00
1.830968096809680645e+00 -8.466423010507988067e+00
1.831573157315730782e+00 -8.471339078461564753e+00
1.832178217821781807e+00 -8.476257378388867281e+00
1.832783278327831944e+00 -8.481177910289883215e+00
1.833388338833882969e+00 -8.486100674164624991e+00
1.833993399339933106e+00 -8.491025670013078397e+00
1.834598459845984131e+00 -8.495952897835259421e+00
1.835203520352034268e+00 -8.500882357631152075e+00
1.835808580858085293e+00 -8.505814049400770571e+00
1.836413641364135430e+00 -8.510747973144102474e+00
1.837018701870186455e+00 -8.515684128861160218e+00
1.837623762376236591e+00 -8.520622516551931369e+00
1.838228822882287616e+00 -8.525563136216426585e+00
1.838833883388338641e+00 -8.530505987854642314e+00
1.839438943894388778e+00 -8.535451071466571449e+00
1.840044004400439803e+00 -8.540398387052226425e+00
1.840649064906489940e+00 -8.545347934611593033e+00
1.841254125412540965e+00 -8.550299714144687258e+00
1.841859185918591102e+00 -8.555253725651493113e+00
1.842464246424642127e+00 -8.560209969132024810e+00
1.843069306930692264e+00 -8.565168444586269914e+00
1.843674367436743289e+00 -8.570129152014239082e+00
1.844279427942793426e+00 -8.575092091415921658e+00
1.844884488448844451e+00 -8.580057262791331851e+00
1.845489548954894587e+00 -8.585024666140453675e+00
1.846094609460945613e+00 -8.589994301463301341e+00
1.846699669966995749e+00 -8.594966168759862413e+00
1.847304730473046774e+00 -8.599940268030149326e+00
1.847909790979096911e+00 -8.604916599274149647e+00
1.848514851485147936e+00 -8.609895162491874032e+00
1.849119911991198073e+00 -8.614875957683311825e+00
1.849724972497249098e+00 -8.619858984848477235e+00
1.850330033003300123e+00 -8.624844243987359604e+00
1.850935093509350260e+00 -8.629831735099957157e+00
1.851540154015401285e+00 -8.634821458186276999e+00
1.852145214521451422e+00 -8.639813413246313800e+00
1.852750275027502447e+00 -8.644807600280074666e+00
1.853355335533552584e+00 -8.649804019287547163e+00
1.853960396039603609e+00 -8.654802670268747278e+00
1.854565456545653745e+00 -8.659803553223659023e+00
1.855170517051704770e+00 -8.664806668152298386e+00
1.855775577557754907e+00 -8.669812015054647603e+00
1.856380638063805932e+00 -8.674819593930726214e+00
1.856985698569856069e+00 -8.679829404780516455e+00
1.857590759075907094e+00 -8.684841447604032538e+00
1.858195819581957231e+00 -8.689855722401258475e+00
1.858800880088008256e+00 -8.694872229172213807e+00
1.859405940594058393e+00 -8.699890967916880768e+00
1.860011001100109418e+00 -8.704911938635275348e+00
1.860616061606159555e+00 -8.709935141327379782e+00
1.861221122112210580e+00 -8.714960575993211833e+00
1.861826182618261605e+00 -8.719988242632764397e+00
1.862431243124311742e+00 -8.725018141246028591e+00
1.863036303630362767e+00 -8.730050271833018627e+00
1.863641364136412903e+00 -8.735084634393718517e+00
1.864246424642463928e+00 -8.740121228928147801e+00
1.864851485148514065e+00 -8.745160055436288715e+00
1.865456545654565090e+00 -8.750201113918155471e+00
1.866061606160615227e+00 -8.755244404373735634e+00
1.866666666666666252e+00 -8.760289926803043414e+00
1.867271727172716389e+00 -8.765337681206061049e+00
1.867876787678767414e+00 -8.770387667582806301e+00
1.868481848184817551e+00 -8.775439885933263184e+00
1.869086908690868576e+00 -8.780494336257447685e+00
1.869691969196918713e+00 -8.785551018555342040e+00
1.870297029702969738e+00 -8.790609932826964013e+00
1.870902090209019875e+00 -8.795671079072299392e+00
1.871507150715070900e+00 -8.800734457291360613e+00
1.872112211221121925e+00 -8.805800067484140570e+00
1.872717271727172061e+00 -8.810867909650632157e+00
1.873322332233223086e+00 -8.815937983790853139e+00
1.873927392739273223e+00 -8.821010289904783974e+00
1.874532453245324248e+00 -8.826084827992440651e+00
1.875137513751374385e+00 -8.831161598053812511e+00
1.875742574257425410e+00 -8.836240600088908437e+00
1.876347634763475547e+00 -8.841321834097715993e+00
1.876952695269526572e+00 -8.846405300080252943e+00
1.877557755775576709e+00 -8.851490998036499747e+00
1.878162816281627734e+00 -8.856578927966472392e+00
1.878767876787677871e+00 -8.861669089870160221e+00
1.879372937293728896e+00 -8.866761483747572115e+00
1.879977997799779033e+00 -8.871856109598695639e+00
1.880583058305830058e+00 -8.876952967423548557e+00
1.881188118811880194e+00 -8.882052057222111330e+00
1.881793179317931219e+00 -8.887153378994401720e+00
1.882398239823981356e+00 -8.892256932740405517e+00
1.883003300330032381e+00 -8.897362718460133379e+00
1.883608360836083406e+00 -8.902470736153581754e+00
1.884213421342133543e+00 -8.907580985820741759e+00
1.884818481848184568e+00 -8.912693467461627606e+00
1.885423542354234705e+00 -8.917808181076226859e+00
1.886028602860285730e+00 -8.922925126664551954e+00
1.886633663366335867e+00 -8.928044304226588679e+00
1.887238723872386892e+00 -8.933165713762354798e+00
1.887843784378437029e+00 -8.938289355271830772e+00
1.888448844884488054e+00 -8.943415228755032587e+00
1.889053905390538191e+00 -8.948543334211949585e+00
1.889658965896589216e+00 -8.953673671642588872e+00
1.890264026402639352e+00 -8.958806241046943342e+00
1.890869086908690377e+00 -8.963941042425021877e+00
1.891474147414740514e+00 -8.969078075776815595e+00
1.892079207920791539e+00 -8.974217341102335155e+00
1.892684268426841676e+00 -8.979358838401568121e+00
1.893289328932892701e+00 -8.984502567674525153e+00
1.893894389438942838e+00 -8.989648528921193815e+00
1.894499449944993863e+00 -8.994796722141590095e+00
1.895104510451044888e+00 -8.999947147335706887e+00
1.895709570957095025e+00 -9.005099804503533534e+00
1.896314631463146050e+00 -9.010254693645087798e+00
1.896919691969196187e+00 -9.015411814760353693e+00
1.897524752475247212e+00 -9.020571167849348981e+00
1.898129812981297349e+00 -9.025732752912052348e+00
1.898734873487348374e+00 -9.030896569948485109e+00
1.899339933993398510e+00 -9.036062618958627723e+00
1.899944994499449535e+00 -9.041230899942499732e+00
1.900550055005499672e+00 -9.046401412900083372e+00
1.901155115511550697e+00 -9.051574157831392853e+00
1.901760176017600834e+00 -9.056749134736412188e+00
1.902365236523651859e+00 -9.061926343615162693e+00
1.902970297029701996e+00 -9.067105784467621277e+00
1.903575357535753021e+00 -9.072287457293809254e+00
1.904180418041803158e+00 -9.077471362093707086e+00
1.904785478547854183e+00 -9.082657498867332535e+00
1.905390539053904320e+00 -9.087845867614669615e+00
1.905995599559955345e+00 -9.093036468335734313e+00
1.906600660066006370e+00 -9.098229301030517746e+00
1.907205720572056507e+00 -9.103424365699012810e+00
1.907810781078107532e+00 -9.108621662341235492e+00
1.908415841584157668e+00 -9.113821190957168028e+00
1.909020902090208693e+00 -9.119022951546831735e+00
1.909625962596258830e+00 -9.124226944110203519e+00
1.910231023102309855e+00 -9.129433168647302921e+00
1.910836083608359992e+00 -9.134641625158113953e+00
1.911441144114411017e+00 -9.139852313642652604e+00
1.912046204620461154e+00 -9.145065234100902885e+00
1.912651265126512179e+00 -9.150280386532880783e+00
1.913256325632562316e+00 -9.155497770938568536e+00
1.913861386138613341e+00 -9.160717387317983906e+00
1.914466446644663478e+00 -9.165939235671112684e+00
1.915071507150714503e+00 -9.171163315997967302e+00
1.915676567656764639e+00 -9.176389628298533552e+00
1.916281628162815664e+00 -9.181618172572825642e+00
1.916886688668866690e+00 -9.186848948820840022e+00
1.917491749174916826e+00 -9.192081957042564255e+00
1.918096809680967851e+00 -9.197317197238014330e+00
1.918701870187017988e+00 -9.202554669407179588e+00
1.919306930693069013e+00 -9.207794373550068912e+00
1.919911991199119150e+00 -9.213036309666669865e+00
1.920517051705170175e+00 -9.218280477756998437e+00
1.921122112211220312e+00 -9.223526877821040415e+00
1.921727172717271337e+00 -9.228775509858806458e+00
1.922332233223321474e+00 -9.234026373870285909e+00
1.922937293729372499e+00 -9.239279469855491200e+00
1.923542354235422636e+00 -9.244534797814409899e+00
1.924147414741473661e+00 -9.249792357747054439e+00
1.924752475247523797e+00 -9.255052149653412386e+00
1.925357535753574822e+00 -9.260314173533494397e+00
1.925962596259624959e+00 -9.265578429387289816e+00
1.926567656765675984e+00 -9.270844917214812853e+00
1.927172717271726121e+00 -9.276113637016045743e+00
1.927777777777777146e+00 -9.281384588791008028e+00
1.928382838283828171e+00 -9.286657772539687272e+00
1.928987898789878308e+00 -9.291933188262078147e+00
1.929592959295929333e+00 -9.297210835958198416e+00
1.930198019801979470e+00 -9.302490715628028539e+00
1.930803080308030495e+00 -9.307772827271586280e+00
1.931408140814080632e+00 -9.313057170888857428e+00
1.932013201320131657e+00 -9.318343746479854417e+00
1.932618261826181794e+00 -9.323632554044561260e+00
1.933223322332232819e+00 -9.328923593582995721e+00
1.933828382838282955e+00 -9.334216865095143589e+00
1.934433443344333980e+00 -9.339512368581019075e+00
1.935038503850384117e+00 -9.344810104040604415e+00
1.935643564356435142e+00 -9.350110071473913820e+00
1.936248624862485279e+00 -9.355412270880940184e+00
1.936853685368536304e+00 -9.360716702261690614e+00
1.937458745874586441e+00 -9.366023365616152674e+00
1.938063806380637466e+00 -9.371332260944342352e+00
1.938668866886687603e+00 -9.376643388246243660e+00
1.939273927392738628e+00 -9.381956747521872586e+00
1.939878987898789653e+00 -9.387272338771220248e+00
1.940484048404839790e+00 -9.392590161994281317e+00
1.941089108910890815e+00 -9.397910217191068227e+00
1.941694169416940952e+00 -9.403232504361564992e+00
1.942299229922991977e+00 -9.408557023505792927e+00
1.942904290429042113e+00 -9.413883774623728939e+00
1.943509350935093138e+00 -9.419212757715392570e+00
1.944114411441143275e+00 -9.424543972780767831e+00
1.944719471947194300e+00 -9.429877419819870710e+00
1.945324532453244437e+00 -9.435213098832685219e+00
1.945929592959295462e+00 -9.440551009819227346e+00
1.946534653465345599e+00 -9.445891152779481104e+00
1.947139713971396624e+00 -9.451233527713462479e+00
1.947744774477446761e+00 -9.456578134621153708e+00
1.948349834983497786e+00 -9.461924973502572556e+00
1.948954895489547923e+00 -9.467274044357701257e+00
1.949559955995598948e+00 -9.472625347186561129e+00
1.950165016501649085e+00 -9.477978881989130855e+00
1.950770077007700110e+00 -9.483334648765426422e+00
1.951375137513751135e+00 -9.488692647515440726e+00
1.951980198019801271e+00 -9.494052878239168436e+00
1.952585258525852296e+00 -9.499415340936625540e+00
1.953190319031902433e+00 -9.504780035607790722e+00
1.953795379537953458e+00 -9.510146962252683522e+00
1.954400440044003595e+00 -9.515516120871287953e+00
1.955005500550054620e+00 -9.520887511463620001e+00
1.955610561056104757e+00 -9.526261134029663680e+00
1.956215621562155782e+00 -9.531636988569433200e+00
1.956820682068205919e+00 -9.537015075082914350e+00
1.957425742574256944e+00 -9.542395393570124895e+00
1.958030803080307081e+00 -9.547777944031045294e+00
1.958635863586358106e+00 -9.553162726465693311e+00
1.959240924092408243e+00 -9.558549740874051182e+00
1.959845984598459268e+00 -9.563938987256140223e+00
1.960451045104509404e+00 -9.569330465611937342e+00
1.961056105610560429e+00 -9.574724175941462079e+00
1.961661166116611454e+00 -9.580120118244707328e+00
1.962266226622661591e+00 -9.585518292521662431e+00
1.962871287128712616e+00 -9.590918698772348705e+00
1.963476347634762753e+00 -9.596321336996743057e+00
1.964081408140813778e+00 -9.601726207194865026e+00
1.964686468646863915e+00 -9.607133309366698626e+00
1.965291529152914940e+00 -9.612542643512259843e+00
1.965896589658965077e+00 -9.617954209631530915e+00
1.966501650165016102e+00 -9.623368007724529605e+00
1.967106710671066239e+00 -9.628784037791241701e+00
1.967711771177117264e+00 -9.634202299831681415e+00
1.968316831683167401e+00 -9.639622793845830984e+00
1.968921892189218426e+00 -9.645045519833706393e+00
1.969526952695268562e+00 -9.650470477795293434e+00
1.970132013201319587e+00 -9.655897667730613421e+00
1.970737073707369724e+00 -9.661327089639637933e+00
1.971342134213420749e+00 -9.666758743522391839e+00
1.971947194719470886e+00 -9.672192629378859152e+00
1.972552255225521911e+00 -9.677628747209052307e+00
1.973157315731572936e+00 -9.683067097012965974e+00
1.973762376237623073e+00 -9.688507678790589495e+00
1.974367436743674098e+00 -9.693950492541940633e+00
1.974972497249724235e+00 -9.699395538267001626e+00
1.975577557755775260e+00 -9.704842815965790237e+00
1.976182618261825397e+00 -9.710292325638292255e+00
1.976787678767876422e+00 -9.715744067284521890e+00
1.977392739273926558e+00 -9.721198040904461379e+00
1.977997799779977584e+00 -9.726654246498128487e+00
1.978602860286027720e+00 -9.732112684065507224e+00
1.979207920792078745e+00 -9.737573353606613580e+00
1.979812981298128882e+00 -9.743036255121431566e+00
1.980418041804179907e+00 -9.748501388609975393e+00
1.981023102310230044e+00 -9.753968754072230851e+00
1.981628162816281069e+00 -9.759438351508215703e+00
1.982233223322331206e+00 -9.764910180917908633e+00
1.982838283828382231e+00 -9.770384242301330957e+00
1.983443344334432368e+00 -9.775860535658464912e+00
1.984048404840483393e+00 -9.781339060989324707e+00
1.984653465346534418e+00 -9.786819818293906792e+00
1.985258525852584555e+00 -9.792302807572198731e+00
1.985863586358635580e+00 -9.797788028824218287e+00
1.986468646864685716e+00 -9.803275482049947698e+00
1.987073707370736741e+00 -9.808765167249404726e+00
1.987678767876786878e+00 -9.814257084422573385e+00
1.988283828382837903e+00 -9.819751233569469662e+00
1.988888888888888040e+00 -9.825247614690077569e+00
1.989493949394939065e+00 -9.830746227784413094e+00
1.990099009900989202e+00 -9.836247072852458473e+00
1.990704070407040227e+00 -9.841750149894235022e+00
1.991309130913090364e+00 -9.847255458909717873e+00
1.991914191419141389e+00 -9.852762999898930119e+00
1.992519251925191526e+00 -9.858272772861853994e+00
1.993124312431242551e+00 -9.863784777798505488e+00
1.993729372937292688e+00 -9.869299014708868611e+00
1.994334433443343713e+00 -9.874815483592957577e+00
1.994939493949394738e+00 -9.880334184450767054e+00
1.995544554455444874e+00 -9.885855117282286386e+00
1.996149614961495899e+00 -9.891378282087536888e+00
1.996754675467546036e+00 -9.896903678866493692e+00
1.997359735973597061e+00 -9.902431307619181666e+00
1.997964796479647198e+00 -9.907961168345579495e+00
1.998569856985698223e+00 -9.913493261045704941e+00
1.999174917491748360e+00 -9.919027585719540241e+00
1.999779977997799385e+00 -9.924564142367103159e+00
2.000385038503849522e+00 -9.930102930988379484e+00
2.000990099009900547e+00 -9.935643951583383426e+00
2.001595159515950684e+00 -9.941187204152097223e+00
2.002200220022001709e+00 -9.946732688694536861e+00
2.002805280528051846e+00 -9.952280405210689906e+00
2.003410341034102871e+00 -9.957830353700570569e+00
2.004015401540153007e+00 -9.963382534164161086e+00
2.004620462046204032e+00 -9.968936946601480997e+00
2.005225522552254169e+00 -9.974493591012510763e+00
2.005830583058305194e+00 -9.980052467397269922e+00
2.006435643564356219e+00 -9.985613575755746041e+00
2.007040704070406356e+00 -9.991176916087933790e+00
2.007645764576457381e+00 -9.996742488393849158e+00
2.008250825082507518e+00 -1.000231029267347616e+01
2.008855885588558543e+00 -1.000788032892683255e+01
2.009460946094608680e+00 -1.001345259715389702e+01
2.010066006600659705e+00 -1.001902709735468733e+01
2.010671067106709842e+00 -1.002460382952919282e+01
2.011276127612760867e+00 -1.003018279367742593e+01
2.011881188118811004e+00 -1.003576398979936890e+01
2.012486248624862029e+00 -1.004134741789503948e+01
2.013091309130912165e+00 -1.004693307796442170e+01
2.013696369636963190e+00 -1.005252097000753153e+01
2.014301430143013327e+00 -1.005811109402434944e+01
2.014906490649064352e+00 -1.006370345001489675e+01
2.015511551155114489e+00 -1.006929803797915746e+01
2.016116611661165514e+00 -1.007489485791714401e+01
2.016721672167215651e+00 -1.008049390982884219e+01
2.017326732673266676e+00 -1.008609519371426444e+01
2.017931793179317701e+00 -1.009169870957341075e+01
2.018536853685367838e+00 -1.009730445740626692e+01
2.019141914191418863e+00 -1.010291243721285070e+01
2.019746974697469000e+00 -1.010852264899314612e+01
2.020352035203520025e+00 -1.011413509274716738e+01
2.020957095709570162e+00 -1.011974976847490026e+01
2.021562156215621187e+00 -1.012536667617635899e+01
2.022167216721671323e+00 -1.013098581585153291e+01
2.022772277227722348e+00 -1.013660718750043266e+01
2.023377337733772485e+00 -1.014223079112304227e+01
2.023982398239823510e+00 -1.014785662671937949e+01
2.024587458745873647e+00 -1.015348469428942835e+01
2.025192519251924672e+00 -1.015911499383320482e+01
2.025797579757974809e+00 -1.016474752535069470e+01
2.026402640264025834e+00 -1.017038228884191042e+01
2.027007700770075971e+00 -1.017601928430683600e+01
2.027612761276126996e+00 -1.018165851174549097e+01
2.028217821782177133e+00 -1.018729997115785579e+01
2.028822882288228158e+00 -1.019294366254395001e+01
2.029427942794279183e+00 -1.019858958590376119e+01
2.030033003300329320e+00 -1.020423774123728577e+01
2.030638063806380345e+00 -1.020988812854453442e+01
2.031243124312430481e+00 -1.021554074782549648e+01
2.031848184818481506e+00 -1.022119559908018971e+01
2.032453245324531643e+00 -1.022685268230858924e+01
2.033058305830582668e+00 -1.023251199751071816e+01
2.033663366336632805e+00 -1.023817354468655694e+01
2.034268426842683830e+00 -1.024383732383612511e+01
2.034873487348733967e+00 -1.024950333495940136e+01
2.035478547854784992e+00 -1.025517157805640878e+01
2.036083608360835129e+00 -1.026084205312712427e+01
2.036688668866886154e+00 -1.026651476017157094e+01
2.037293729372936291e+00 -1.027218969918972569e+01
2.037898789878987316e+00 -1.027786687018160805e+01
2.038503850385037452e+00 -1.028354627314720204e+01
2.039108910891088478e+00 -1.028922790808652543e+01
2.039713971397139503e+00 -1.029491177499956578e+01
2.040319031903189639e+00 -1.030059787388631776e+01
2.040924092409240664e+00 -1.030628620474679735e+01
2.041529152915290801e+00 -1.031197676758098858e+01
2.042134213421341826e+00 -1.031766956238890920e+01
2.042739273927391963e+00 -1.032336458917053967e+01
2.043344334433442988e+00 -1.032906184792589599e+01
2.043949394939493125e+00 -1.033476133865496394e+01
2.044554455445544150e+00 -1.034046306135776128e+01
2.045159515951594287e+00 -1.034616701603426669e+01
2.045764576457645312e+00 -1.035187320268450328e+01
2.046369636963695449e+00 -1.035758162130844795e+01
2.046974697469746474e+00 -1.036329227190612201e+01
2.047579757975796610e+00 -1.036900515447750770e+01
2.048184818481847635e+00 -1.037472026902261746e+01
2.048789878987897772e+00 -1.038043761554144062e+01
2.049394939493948797e+00 -1.038615719403399140e+01
2.049999999999999822e+00 -1.039187900450026270e+01
