-4.000000000000000000e+00 -1.229416886394552044e+01
-3.999394939493949419e+00 -1.229255513836082336e+01
-3.998789878987898838e+00 -1.229094130439829513e+01
-3.998184818481848257e+00 -1.228932736214964017e+01
-3.997579757975797676e+00 -1.228771331170657177e+01
-3.996974697469747095e+00 -1.228609915316078904e+01
-3.996369636963696514e+00 -1.228448488660400884e+01
-3.995764576457645934e+00 -1.228287051212793379e+01
-3.995159515951595353e+00 -1.228125602982427012e+01
-3.994554455445544772e+00 -1.227964143978472755e+01
-3.993949394939493747e+00 -1.227802674210101586e+01
-3.993344334433443166e+00 -1.227641193686483589e+01
-3.992739273927392585e+00 -1.227479702416790452e+01
-3.992134213421342004e+00 -1.227318200410192262e+01
-3.991529152915291423e+00 -1.227156687675859992e+01
-3.990924092409240842e+00 -1.226995164222964085e+01
-3.990319031903190261e+00 -1.226833630060675873e+01
-3.989713971397139680e+00 -1.226672085198165796e+01
-3.989108910891089099e+00 -1.226510529644604652e+01
-3.988503850385038518e+00 -1.226348963409163595e+01
-3.987898789878987937e+00 -1.226187386501012533e+01
-3.987293729372937356e+00 -1.226025798929322974e+01
-3.986688668866886776e+00 -1.225864200703265006e+01
-3.986083608360836195e+00 -1.225702591832010135e+01
-3.985478547854785614e+00 -1.225540972324728450e+01
-3.984873487348735033e+00 -1.225379342190591281e+01
-3.984268426842684452e+00 -1.225217701438768536e+01
-3.983663366336633871e+00 -1.225056050078432435e+01
-3.983058305830582846e+00 -1.224894388118752175e+01
-3.982453245324532265e+00 -1.224732715568899621e+01
-3.981848184818481684e+00 -1.224571032438044682e+01
-3.981243124312431103e+00 -1.224409338735359043e+01
-3.980638063806380522e+00 -1.224247634470012258e+01
-3.980033003300329941e+00 -1.224085919651176724e+01
-3.979427942794279360e+00 -1.223924194288021816e+01
-3.978822882288228779e+00 -1.223762458389718510e+01
-3.978217821782178198e+00 -1.223600711965438315e+01
-3.977612761276127618e+00 -1.223438955024351493e+01
-3.977007700770077037e+00 -1.223277187575628311e+01
-3.976402640264026456e+00 -1.223115409628440098e+01
-3.975797579757975875e+00 -1.222953621191957829e+01
-3.975192519251925294e+00 -1.222791822275351770e+01
-3.974587458745874713e+00 -1.222630012887793072e+01
-3.973982398239824132e+00 -1.222468193038452000e+01
-3.973377337733773551e+00 -1.222306362736500063e+01
-3.972772277227722970e+00 -1.222144521991107169e+01
-3.972167216721672389e+00 -1.221982670811444294e+01
-3.971562156215621364e+00 -1.221820809206682590e+01
-3.970957095709570783e+00 -1.221658937185992677e+01
-3.970352035203520202e+00 -1.221497054758545353e+01
-3.969746974697469621e+00 -1.221335161933511060e+01
-3.969141914191419040e+00 -1.221173258720060595e+01
-3.968536853685368460e+00 -1.221011345127365111e+01
-3.967931793179317879e+00 -1.220849421164595405e+01
-3.967326732673267298e+00 -1.220687486840921743e+01
-3.966721672167216717e+00 -1.220525542165514743e+01
-3.966116611661166136e+00 -1.220363587147546092e+01
-3.965511551155115555e+00 -1.220201621796186053e+01
-3.964906490649064974e+00 -1.220039646120604715e+01
-3.964301430143014393e+00 -1.219877660129973940e+01
-3.963696369636963812e+00 -1.219715663833463815e+01
-3.963091309130913231e+00 -1.219553657240244959e+01
-3.962486248624862650e+00 -1.219391640359489237e+01
-3.961881188118812069e+00 -1.219229613200366202e+01
-3.961276127612761488e+00 -1.219067575772046830e+01
-3.960671067106710463e+00 -1.218905528083702450e+01
-3.960066006600659883e+00 -1.218743470144502794e+01
-3.959460946094609302e+00 -1.218581401963619903e+01
-3.958855885588558721e+00 -1.218419323550223865e+01
-3.958250825082508140e+00 -1.218257234913485121e+01
-3.957645764576457559e+00 -1.218095136062575889e+01
-3.957040704070406978e+00 -1.217933027006664481e+01
-3.956435643564356397e+00 -1.217770907754923648e+01
-3.955830583058305816e+00 -1.217608778316523477e+01
-3.955225522552255235e+00 -1.217446638700634942e+01
-3.954620462046204654e+00 -1.217284488916428309e+01
-3.954015401540154073e+00 -1.217122328973074552e+01
-3.953410341034103492e+00 -1.216960158879745002e+01
-3.952805280528052911e+00 -1.216797978645609746e+01
-3.952200220022002330e+00 -1.216635788279839758e+01
-3.951595159515951750e+00 -1.216473587791605837e+01
-3.950990099009901169e+00 -1.216311377190078424e+01
-3.950385038503850588e+00 -1.216149156484428850e+01
-3.949779977997799563e+00 -1.215986925683827202e+01
-3.949174917491748982e+00 -1.215824684797445165e+01
-3.948569856985698401e+00 -1.215662433834452294e+01
-3.947964796479647820e+00 -1.215500172804020451e+01
-3.947359735973597239e+00 -1.215337901715320079e+01
-3.946754675467546658e+00 -1.215175620577521443e+01
-3.946149614961496077e+00 -1.215013329399795694e+01
-3.945544554455445496e+00 -1.214851028191313809e+01
-3.944939493949394915e+00 -1.214688716961246051e+01
-3.944334433443344334e+00 -1.214526395718763219e+01
-3.943729372937293753e+00 -1.214364064473036997e+01
-3.943124312431243172e+00 -1.214201723233236763e+01
-3.942519251925192592e+00 -1.214039372008534201e+01
-3.941914191419142011e+00 -1.213877010808099755e+01
-3.941309130913091430e+00 -1.213714639641104576e+01
-3.940704070407040849e+00 -1.213552258516718574e+01
-3.940099009900990268e+00 -1.213389867444113079e+01
-3.939493949394939687e+00 -1.213227466432459245e+01
-3.938888888888889106e+00 -1.213065055490926802e+01
-3.938283828382838081e+00 -1.212902634628687260e+01
-3.937678767876787500e+00 -1.212740203854911059e+01
-3.937073707370736919e+00 -1.212577763178769530e+01
-3.936468646864686338e+00 -1.212415312609432938e+01
-3.935863586358635757e+00 -1.212252852156072080e+01
-3.935258525852585176e+00 -1.212090381827857399e+01
-3.934653465346534595e+00 -1.211927901633960580e+01
-3.934048404840484014e+00 -1.211765411583551177e+01
-3.933443344334433434e+00 -1.211602911685800876e+01
-3.932838283828382853e+00 -1.211440401949880297e+01
-3.932233223322332272e+00 -1.211277882384959881e+01
-3.931628162816281691e+00 -1.211115353000210604e+01
-3.931023102310231110e+00 -1.210952813804803085e+01
-3.930418041804180529e+00 -1.210790264807907946e+01
-3.929812981298129948e+00 -1.210627706018696692e+01
-3.929207920792079367e+00 -1.210465137446339412e+01
-3.928602860286028786e+00 -1.210302559100006548e+01
-3.927997799779978205e+00 -1.210139970988869607e+01
-3.927392739273927624e+00 -1.209977373122099209e+01
-3.926787678767876599e+00 -1.209814765508865619e+01
-3.926182618261826018e+00 -1.209652148158340346e+01
-3.925577557755775437e+00 -1.209489521079693652e+01
-3.924972497249724857e+00 -1.209326884282095982e+01
-3.924367436743674276e+00 -1.209164237774719020e+01
-3.923762376237623695e+00 -1.209001581566732497e+01
-3.923157315731573114e+00 -1.208838915667308456e+01
-3.922552255225522533e+00 -1.208676240085616094e+01
-3.921947194719471952e+00 -1.208513554830827275e+01
-3.921342134213421371e+00 -1.208350859912112796e+01
-3.920737073707370790e+00 -1.208188155338642922e+01
-3.920132013201320209e+00 -1.208025441119588095e+01
-3.919526952695269628e+00 -1.207862717264120000e+01
-3.918921892189219047e+00 -1.207699983781408903e+01
-3.918316831683168466e+00 -1.207537240680625246e+01
-3.917711771177117885e+00 -1.207374487970940535e+01
-3.917106710671067304e+00 -1.207211725661525037e+01
-3.916501650165016724e+00 -1.207048953761549193e+01
-3.915896589658965699e+00 -1.206886172280184510e+01
-3.915291529152915118e+00 -1.206723381226601433e+01
-3.914686468646864537e+00 -1.206560580609970401e+01
-3.914081408140813956e+00 -1.206397770439463102e+01
-3.913476347634763375e+00 -1.206234950724249089e+01
-3.912871287128712794e+00 -1.206072121473500225e+01
-3.912266226622662213e+00 -1.205909282696386242e+01
-3.911661166116611632e+00 -1.205746434402078471e+01
-3.911056105610561051e+00 -1.205583576599747886e+01
-3.910451045104510470e+00 -1.205420709298564752e+01
-3.909845984598459889e+00 -1.205257832507699867e+01
-3.909240924092409308e+00 -1.205094946236324560e+01
-3.908635863586358727e+00 -1.204932050493609275e+01
-3.908030803080308146e+00 -1.204769145288724097e+01
-3.907425742574257566e+00 -1.204606230630840713e+01
-3.906820682068206985e+00 -1.204443306529129742e+01
-3.906215621562156404e+00 -1.204280372992761450e+01
-3.905610561056105823e+00 -1.204117430030906810e+01
-3.905005500550054798e+00 -1.203954477652736976e+01
-3.904400440044004217e+00 -1.203791515867422035e+01
-3.903795379537953636e+00 -1.203628544684133672e+01
-3.903190319031903055e+00 -1.203465564112041442e+01
-3.902585258525852474e+00 -1.203302574160317029e+01
-3.901980198019801893e+00 -1.203139574838130876e+01
-3.901375137513751312e+00 -1.202976566154653959e+01
-3.900770077007700731e+00 -1.202813548119056719e+01
-3.900165016501650150e+00 -1.202650520740510132e+01
-3.899559955995599569e+00 -1.202487484028184817e+01
-3.898954895489548989e+00 -1.202324437991251571e+01
-3.898349834983498408e+00 -1.202161382638880838e+01
-3.897744774477447827e+00 -1.201998317980244302e+01
-3.897139713971397246e+00 -1.201835244024511873e+01
-3.896534653465346665e+00 -1.201672160780854526e+01
-3.895929592959296084e+00 -1.201509068258443236e+01
-3.895324532453245503e+00 -1.201345966466448445e+01
-3.894719471947194922e+00 -1.201182855414040951e+01
-3.894114411441144341e+00 -1.201019735110391906e+01
-3.893509350935093316e+00 -1.200856605564671398e+01
-3.892904290429042735e+00 -1.200693466786050756e+01
-3.892299229922992154e+00 -1.200530318783700778e+01
-3.891694169416941573e+00 -1.200367161566791729e+01
-3.891089108910890992e+00 -1.200203995144494584e+01
-3.890484048404840411e+00 -1.200040819525980496e+01
-3.889878987898789831e+00 -1.199877634720419728e+01
-3.889273927392739250e+00 -1.199714440736982901e+01
-3.888668866886688669e+00 -1.199551237584841878e+01
-3.888063806380638088e+00 -1.199388025273166036e+01
-3.887458745874587507e+00 -1.199224803811126527e+01
-3.886853685368536926e+00 -1.199061573207894504e+01
-3.886248624862486345e+00 -1.198898333472640942e+01
-3.885643564356435764e+00 -1.198735084614535573e+01
-3.885038503850385183e+00 -1.198571826642750082e+01
-3.884433443344334602e+00 -1.198408559566454379e+01
-3.883828382838284021e+00 -1.198245283394820504e+01
-3.883223322332233440e+00 -1.198081998137018189e+01
-3.882618261826182859e+00 -1.197918703802218587e+01
-3.882013201320131834e+00 -1.197755400399591785e+01
-3.881408140814081253e+00 -1.197592087938309469e+01
-3.880803080308030673e+00 -1.197428766427542435e+01
-3.880198019801980092e+00 -1.197265435876460415e+01
-3.879592959295929511e+00 -1.197102096294234741e+01
-3.878987898789878930e+00 -1.196938747690036919e+01
-3.878382838283828349e+00 -1.196775390073036327e+01
-3.877777777777777768e+00 -1.196612023452404650e+01
-3.877172717271727187e+00 -1.196448647837312507e+01
-3.876567656765676606e+00 -1.196285263236930163e+01
-3.875962596259626025e+00 -1.196121869660429304e+01
-3.875357535753575444e+00 -1.195958467116979662e+01
-3.874752475247524863e+00 -1.195795055615752922e+01
-3.874147414741474282e+00 -1.195631635165919171e+01
-3.873542354235423701e+00 -1.195468205776649206e+01
-3.872937293729373120e+00 -1.195304767457114181e+01
-3.872332233223322540e+00 -1.195141320216484893e+01
-3.871727172717271515e+00 -1.194977864063931605e+01
-3.871122112211220934e+00 -1.194814399008625472e+01
-3.870517051705170353e+00 -1.194650925059736934e+01
-3.869911991199119772e+00 -1.194487442226437146e+01
-3.869306930693069191e+00 -1.194323950517896371e+01
-3.868701870187018610e+00 -1.194160449943286118e+01
-3.868096809680968029e+00 -1.193996940511776295e+01
-3.867491749174917448e+00 -1.193833422232538588e+01
-3.866886688668866867e+00 -1.193669895114742552e+01
-3.866281628162816286e+00 -1.193506359167559872e+01
-3.865676567656765705e+00 -1.193342814400160989e+01
-3.865071507150715124e+00 -1.193179260821716703e+01
-3.864466446644664543e+00 -1.193015698441397987e+01
-3.863861386138613963e+00 -1.192852127268375284e+01
-3.863256325632563382e+00 -1.192688547311819747e+01
-3.862651265126512801e+00 -1.192524958580901462e+01
-3.862046204620462220e+00 -1.192361361084791582e+01
-3.861441144114411639e+00 -1.192197754832661083e+01
-3.860836083608361058e+00 -1.192034139833680584e+01
-3.860231023102310033e+00 -1.191870516097020527e+01
-3.859625962596259452e+00 -1.191706883631852065e+01
-3.859020902090208871e+00 -1.191543242447345818e+01
-3.858415841584158290e+00 -1.191379592552672584e+01
-3.857810781078107709e+00 -1.191215933957002981e+01
-3.857205720572057128e+00 -1.191052266669508164e+01
-3.856600660066006547e+00 -1.190888590699358041e+01
-3.855995599559955966e+00 -1.190724906055724297e+01
-3.855390539053905385e+00 -1.190561212747777375e+01
-3.854785478547854805e+00 -1.190397510784687718e+01
-3.854180418041804224e+00 -1.190233800175626655e+01
-3.853575357535753643e+00 -1.190070080929764451e+01
-3.852970297029703062e+00 -1.189906353056271904e+01
-3.852365236523652481e+00 -1.189742616564320343e+01
-3.851760176017601900e+00 -1.189578871463079679e+01
-3.851155115511551319e+00 -1.189415117761721241e+01
-3.850550055005500738e+00 -1.189251355469415650e+01
-3.849944994499450157e+00 -1.189087584595334057e+01
-3.849339933993399576e+00 -1.188923805148646196e+01
-3.848734873487348551e+00 -1.188760017138523928e+01
-3.848129812981297970e+00 -1.188596220574136986e+01
-3.847524752475247389e+00 -1.188432415464657055e+01
-3.846919691969196808e+00 -1.188268601819254755e+01
-3.846314631463146227e+00 -1.188104779647100351e+01
-3.845709570957095647e+00 -1.187940948957364817e+01
-3.845104510451045066e+00 -1.187777109759219130e+01
-3.844499449944994485e+00 -1.187613262061833552e+01
-3.843894389438943904e+00 -1.187449405874379416e+01
-3.843289328932893323e+00 -1.187285541206027695e+01
-3.842684268426842742e+00 -1.187121668065947944e+01
-3.842079207920792161e+00 -1.186957786463311848e+01
-3.841474147414741580e+00 -1.186793896407290205e+01
-3.840869086908690999e+00 -1.186629997907053280e+01
-3.840264026402640418e+00 -1.186466090971772580e+01
-3.839658965896589837e+00 -1.186302175610618015e+01
-3.839053905390539256e+00 -1.186138251832760737e+01
-3.838448844884488231e+00 -1.185974319647371544e+01
-3.837843784378438095e+00 -1.185810379063621234e+01
-3.837238723872387069e+00 -1.185646430090679893e+01
-3.836633663366336489e+00 -1.185482472737719917e+01
-3.836028602860285908e+00 -1.185318507013909972e+01
-3.835423542354235327e+00 -1.185154532928422455e+01
-3.834818481848184746e+00 -1.184990550490427452e+01
-3.834213421342134165e+00 -1.184826559709095939e+01
-3.833608360836083584e+00 -1.184662560593598180e+01
-3.833003300330033003e+00 -1.184498553153105327e+01
-3.832398239823982422e+00 -1.184334537396788356e+01
-3.831793179317931841e+00 -1.184170513333817709e+01
-3.831188118811881260e+00 -1.184006480973364184e+01
-3.830583058305830679e+00 -1.183842440324598400e+01
-3.829977997799780098e+00 -1.183678391396691509e+01
-3.829372937293729517e+00 -1.183514334198814133e+01
-3.828767876787678937e+00 -1.183350268740136180e+01
-3.828162816281628356e+00 -1.183186195029830223e+01
-3.827557755775577775e+00 -1.183022113077065285e+01
-3.826952695269526750e+00 -1.182858022891012695e+01
-3.826347634763476169e+00 -1.182693924480843961e+01
-3.825742574257425588e+00 -1.182529817855728815e+01
-3.825137513751375007e+00 -1.182365703024838588e+01
-3.824532453245324426e+00 -1.182201579997343899e+01
-3.823927392739273845e+00 -1.182037448782414835e+01
-3.823322332233223264e+00 -1.181873309389223436e+01
-3.822717271727172683e+00 -1.181709161826939614e+01
-3.822112211221122102e+00 -1.181545006104734341e+01
-3.821507150715071521e+00 -1.181380842231778416e+01
-3.820902090209020940e+00 -1.181216670217242459e+01
-3.820297029702970359e+00 -1.181052490070297623e+01
-3.819691969196919779e+00 -1.180888301800113993e+01
-3.819086908690869198e+00 -1.180724105415862901e+01
-3.818481848184818617e+00 -1.180559900926714434e+01
-3.817876787678768036e+00 -1.180395688341840632e+01
-3.817271727172717455e+00 -1.180231467670411050e+01
-3.816666666666666874e+00 -1.180067238921596662e+01
-3.816061606160616293e+00 -1.179903002104568266e+01
-3.815456545654565268e+00 -1.179738757228497192e+01
-3.814851485148514687e+00 -1.179574504302553528e+01
-3.814246424642464106e+00 -1.179410243335908426e+01
-3.813641364136413525e+00 -1.179245974337732328e+01
-3.813036303630362944e+00 -1.179081697317196387e+01
-3.812431243124312363e+00 -1.178917412283471045e+01
-3.811826182618261782e+00 -1.178753119245727099e+01
-3.811221122112211201e+00 -1.178588818213135170e+01
-3.810616061606160621e+00 -1.178424509194866765e+01
-3.810011001100110040e+00 -1.178260192200091439e+01
-3.809405940594059459e+00 -1.178095867237981054e+01
-3.808800880088008878e+00 -1.177931534317705875e+01
-3.808195819581958297e+00 -1.177767193448436345e+01
-3.807590759075907716e+00 -1.177602844639343616e+01
-3.806985698569857135e+00 -1.177438487899598840e+01
-3.806380638063806554e+00 -1.177274123238372106e+01
-3.805775577557755973e+00 -1.177109750664834387e+01
-3.805170517051705392e+00 -1.176945370188156481e+01
-3.804565456545654811e+00 -1.176780981817509186e+01
-3.803960396039603786e+00 -1.176616585562063300e+01
-3.803355335533553205e+00 -1.176452181430988908e+01
-3.802750275027502624e+00 -1.176287769433458053e+01
-3.802145214521452043e+00 -1.176123349578640465e+01
-3.801540154015401463e+00 -1.175958921875707297e+01
-3.800935093509350882e+00 -1.175794486333829347e+01
-3.800330033003300301e+00 -1.175630042962177413e+01
-3.799724972497249720e+00 -1.175465591769921936e+01
-3.799119911991199139e+00 -1.175301132766233714e+01
-3.798514851485148558e+00 -1.175136665960283899e+01
-3.797909790979097977e+00 -1.174972191361242579e+01
-3.797304730473047396e+00 -1.174807708978281617e+01
-3.796699669966996815e+00 -1.174643218820570212e+01
-3.796094609460946234e+00 -1.174478720897280581e+01
-3.795489548954895653e+00 -1.174314215217582813e+01
-3.794884488448845072e+00 -1.174149701790647704e+01
-3.794279427942794491e+00 -1.173985180625646230e+01
-3.793674367436743466e+00 -1.173820651731748654e+01
-3.793069306930692886e+00 -1.173656115118126131e+01
-3.792464246424642305e+00 -1.173491570793949634e+01
-3.791859185918591724e+00 -1.173327018768389607e+01
-3.791254125412541143e+00 -1.173162459050616491e+01
-3.790649064906490562e+00 -1.172997891649801794e+01
-3.790044004400439981e+00 -1.172833316575115958e+01
-3.789438943894389400e+00 -1.172668733835729249e+01
-3.788833883388338819e+00 -1.172504143440812996e+01
-3.788228822882288238e+00 -1.172339545399538174e+01
-3.787623762376237657e+00 -1.172174939721074693e+01
-3.787018701870187076e+00 -1.172010326414593884e+01
-3.786413641364136495e+00 -1.171845705489266720e+01
-3.785808580858085914e+00 -1.171681076954263290e+01
-3.785203520352035333e+00 -1.171516440818754923e+01
-3.784598459845984753e+00 -1.171351797091912061e+01
-3.783993399339934172e+00 -1.171187145782905858e+01
-3.783388338833883591e+00 -1.171022486900906401e+01
-3.782783278327833010e+00 -1.170857820455085196e+01
-3.782178217821781985e+00 -1.170693146454612155e+01
-3.781573157315731404e+00 -1.170528464908658961e+01
-3.780968096809680823e+00 -1.170363775826395880e+01
-3.780363036303630242e+00 -1.170199079216993709e+01
-3.779757975797579661e+00 -1.170034375089623246e+01
-3.779152915291529080e+00 -1.169869663453455289e+01
-3.778547854785478499e+00 -1.169704944317660278e+01
-3.777942794279427918e+00 -1.169540217691409545e+01
-3.777337733773377337e+00 -1.169375483583873354e+01
-3.776732673267326756e+00 -1.169210742004222858e+01
-3.776127612761276175e+00 -1.169045992961628500e+01
-3.775522552255225595e+00 -1.168881236465260898e+01
-3.774917491749175014e+00 -1.168716472524291561e+01
-3.774312431243124433e+00 -1.168551701147890576e+01
-3.773707370737073852e+00 -1.168386922345228740e+01
-3.773102310231023271e+00 -1.168222136125477206e+01
-3.772497249724972690e+00 -1.168057342497806417e+01
-3.771892189218922109e+00 -1.167892541471386991e+01
-3.771287128712871528e+00 -1.167727733055389905e+01
-3.770682068206820503e+00 -1.167562917258985777e+01
-3.770077007700769922e+00 -1.167398094091345584e+01
-3.769471947194719341e+00 -1.167233263561640300e+01
-3.768866886688668760e+00 -1.167068425679040367e+01
-3.768261826182618179e+00 -1.166903580452716405e+01
-3.767656765676567598e+00 -1.166738727891839389e+01
-3.767051705170517018e+00 -1.166573868005579762e+01
-3.766446644664466437e+00 -1.166409000803108675e+01
-3.765841584158415856e+00 -1.166244126293597105e+01
-3.765236523652365275e+00 -1.166079244486215138e+01
-3.764631463146314694e+00 -1.165914355390133750e+01
-3.764026402640264113e+00 -1.165749459014524092e+01
-3.763421342134213532e+00 -1.165584555368556607e+01
-3.762816281628162951e+00 -1.165419644461401916e+01
-3.762211221122112370e+00 -1.165254726302230992e+01
-3.761606160616061789e+00 -1.165089800900214456e+01
-3.761001100110011208e+00 -1.164924868264523461e+01
-3.760396039603960627e+00 -1.164759928404328271e+01
-3.759790979097910046e+00 -1.164594981328799683e+01
-3.759185918591859021e+00 -1.164430027047108673e+01
-3.758580858085808440e+00 -1.164265065568426039e+01
-3.757975797579757860e+00 -1.164100096901922576e+01
-3.757370737073707279e+00 -1.163935121056768729e+01
-3.756765676567656698e+00 -1.163770138042135471e+01
-3.756160616061606117e+00 -1.163605147867193423e+01
-3.755555555555555536e+00 -1.163440150541113560e+01
-3.754950495049504955e+00 -1.163275146073066324e+01
-3.754345434543454374e+00 -1.163110134472223045e+01
-3.753740374037403793e+00 -1.162945115747754166e+01
-3.753135313531353212e+00 -1.162780089908829950e+01
-3.752530253025302631e+00 -1.162615056964621907e+01
-3.751925192519252050e+00 -1.162450016924300655e+01
-3.751320132013201469e+00 -1.162284969797036460e+01
-3.750715071507150888e+00 -1.162119915592000474e+01
-3.750110011001100307e+00 -1.161954854318363495e+01
-3.749504950495049727e+00 -1.161789785985296142e+01
-3.748899889988998702e+00 -1.161624710601969035e+01
-3.748294829482948565e+00 -1.161459628177553327e+01
-3.747689768976897540e+00 -1.161294538721219460e+01
-3.747084708470846959e+00 -1.161129442242138587e+01
-3.746479647964796378e+00 -1.160964338749480440e+01
-3.745874587458745797e+00 -1.160799228252417237e+01
-3.745269526952695216e+00 -1.160634110760119064e+01
-3.744664466446644635e+00 -1.160468986281756365e+01
-3.744059405940594054e+00 -1.160303854826499936e+01
-3.743454345434543473e+00 -1.160138716403521109e+01
-3.742849284928492892e+00 -1.159973571021990502e+01
-3.742244224422442311e+00 -1.159808418691078380e+01
-3.741639163916391730e+00 -1.159643259419955719e+01
-3.741034103410341149e+00 -1.159478093217793315e+01
-3.740429042904290569e+00 -1.159312920093762322e+01
-3.739823982398239988e+00 -1.159147740057033005e+01
-3.739218921892189407e+00 -1.158982553116775982e+01
-3.738613861386138826e+00 -1.158817359282162407e+01
-3.738008800880088245e+00 -1.158652158562363432e+01
-3.737403740374037220e+00 -1.158486950966548434e+01
-3.736798679867986639e+00 -1.158321736503889809e+01
-3.736193619361936058e+00 -1.158156515183557289e+01
-3.735588558855885477e+00 -1.157991287014721671e+01
-3.734983498349834896e+00 -1.157826052006554107e+01
-3.734378437843784315e+00 -1.157660810168225396e+01
-3.733773377337733734e+00 -1.157495561508905979e+01
-3.733168316831683153e+00 -1.157330306037767009e+01
-3.732563256325632572e+00 -1.157165043763978396e+01
-3.731958195819581992e+00 -1.156999774696711825e+01
-3.731353135313531411e+00 -1.156834498845137738e+01
-3.730748074807480830e+00 -1.156669216218426932e+01
-3.730143014301430249e+00 -1.156503926825750028e+01
-3.729537953795379668e+00 -1.156338630676277468e+01
-3.728932893289329087e+00 -1.156173327779180759e+01
-3.728327832783278506e+00 -1.156008018143630522e+01
-3.727722772277227925e+00 -1.155842701778796844e+01
-3.727117711771176900e+00 -1.155677378693850876e+01
-3.726512651265126763e+00 -1.155512048897963773e+01
-3.725907590759075738e+00 -1.155346712400305798e+01
-3.725302530253025157e+00 -1.155181369210048103e+01
-3.724697469746974576e+00 -1.155016019336360955e+01
-3.724092409240923995e+00 -1.154850662788415505e+01
-3.723487348734873414e+00 -1.154685299575382196e+01
-3.722882288228822834e+00 -1.154519929706432002e+01
-3.722277227722772253e+00 -1.154354553190735899e+01
-3.721672167216721672e+00 -1.154189170037464329e+01
-3.721067106710671091e+00 -1.154023780255788090e+01
-3.720462046204620510e+00 -1.153858383854877623e+01
-3.719856985698569929e+00 -1.153692980843904436e+01
-3.719251925192519348e+00 -1.153527571232038795e+01
-3.718646864686468767e+00 -1.153362155028451497e+01
-3.718041804180418186e+00 -1.153196732242313161e+01
-3.717436743674367605e+00 -1.153031302882795295e+01
-3.716831683168317024e+00 -1.152865866959067631e+01
-3.716226622662266443e+00 -1.152700424480301677e+01
-3.715621562156215418e+00 -1.152534975455667343e+01
-3.715016501650165281e+00 -1.152369519894336669e+01
-3.714411441144114256e+00 -1.152204057805479565e+01
-3.713806380638063676e+00 -1.152038589198266827e+01
-3.713201320132013095e+00 -1.151873114081869254e+01
-3.712596259625962514e+00 -1.151707632465457820e+01
-3.711991199119911933e+00 -1.151542144358203146e+01
-3.711386138613861352e+00 -1.151376649769275851e+01
-3.710781078107810771e+00 -1.151211148707846910e+01
-3.710176017601760190e+00 -1.151045641183086765e+01
-3.709570957095709609e+00 -1.150880127204166925e+01
-3.708965896589659028e+00 -1.150714606780257299e+01
-3.708360836083608447e+00 -1.150549079920529039e+01
-3.707755775577557866e+00 -1.150383546634152587e+01
-3.707150715071507285e+00 -1.150218006930299453e+01
-3.706545654565456704e+00 -1.150052460818139544e+01
-3.705940594059406124e+00 -1.149886908306844191e+01
-3.705335533553355543e+00 -1.149721349405584014e+01
-3.704730473047304962e+00 -1.149555784123529456e+01
-3.704125412541253937e+00 -1.149390212469851491e+01
-3.703520352035203800e+00 -1.149224634453721094e+01
-3.702915291529152775e+00 -1.149059050084308709e+01
-3.702310231023102194e+00 -1.148893459370785308e+01
-3.701705170517051613e+00 -1.148727862322321513e+01
-3.701100110011001032e+00 -1.148562258948087944e+01
-3.700495049504950451e+00 -1.148396649257256286e+01
-3.699889988998899870e+00 -1.148231033258995559e+01
-3.699284928492849289e+00 -1.148065410962478339e+01
-3.698679867986798708e+00 -1.147899782376874356e+01
-3.698074807480748127e+00 -1.147734147511354408e+01
-3.697469746974697546e+00 -1.147568506375089825e+01
-3.696864686468646966e+00 -1.147402858977250517e+01
-3.696259625962596385e+00 -1.147237205327007992e+01
-3.695654565456545804e+00 -1.147071545433532513e+01
-3.695049504950495223e+00 -1.146905879305995590e+01
-3.694444444444444642e+00 -1.146740206953566599e+01
-3.693839383938394061e+00 -1.146574528385418112e+01
-3.693234323432343480e+00 -1.146408843610718975e+01
-3.692629262926292455e+00 -1.146243152638641227e+01
-3.692024202420241874e+00 -1.146077455478355489e+01
-3.691419141914191293e+00 -1.145911752139032025e+01
-3.690814081408140712e+00 -1.145746042629842165e+01
-3.690209020902090131e+00 -1.145580326959956530e+01
-3.689603960396039550e+00 -1.145414605138545205e+01
-3.688998899889988969e+00 -1.145248877174779878e+01
-3.688393839383938388e+00 -1.145083143077831167e+01
-3.687788778877887808e+00 -1.144917402856868804e+01
-3.687183718371837227e+00 -1.144751656521065364e+01
-3.686578657865786646e+00 -1.144585904079589689e+01
-3.685973597359736065e+00 -1.144420145541613643e+01
-3.685368536853685484e+00 -1.144254380916308023e+01
-3.684763476347634903e+00 -1.144088610212843271e+01
-3.684158415841584322e+00 -1.143922833440390008e+01
-3.683553355335533741e+00 -1.143757050608119563e+01
-3.682948294829483160e+00 -1.143591261725201669e+01
-3.682343234323432135e+00 -1.143425466800808010e+01
-3.681738173817381998e+00 -1.143259665844109563e+01
-3.681133113311330973e+00 -1.143093858864276058e+01
-3.680528052805280392e+00 -1.142928045870479004e+01
-3.679922992299229811e+00 -1.142762226871889020e+01
-3.679317931793179230e+00 -1.142596401877676549e+01
-3.678712871287128650e+00 -1.142430570897012743e+01
-3.678107810781078069e+00 -1.142264733939068400e+01
-3.677502750275027488e+00 -1.142098891013013606e+01
-3.676897689768976907e+00 -1.141933042128020048e+01
-3.676292629262926326e+00 -1.141767187293258168e+01
-3.675687568756875745e+00 -1.141601326517898229e+01
-3.675082508250825164e+00 -1.141435459811111208e+01
-3.674477447744774583e+00 -1.141269587182068790e+01
-3.673872387238724002e+00 -1.141103708639940351e+01
-3.673267326732673421e+00 -1.140937824193897399e+01
-3.672662266226622840e+00 -1.140771933853110376e+01
-3.672057205720572259e+00 -1.140606037626750435e+01
-3.671452145214521678e+00 -1.140440135523988729e+01
-3.670847084708470653e+00 -1.140274227553994280e+01
-3.670242024202420517e+00 -1.140108313725939482e+01
-3.669636963696369492e+00 -1.139942394048994956e+01
-3.669031903190318911e+00 -1.139776468532330611e+01
-3.668426842684268330e+00 -1.139610537185117600e+01
-3.667821782178217749e+00 -1.139444600016527076e+01
-3.667216721672167168e+00 -1.139278657035729481e+01
-3.666611661166116587e+00 -1.139112708251895967e+01
-3.666006600660066006e+00 -1.138946753674196621e+01
-3.665401540154015425e+00 -1.138780793311802242e+01
-3.664796479647964844e+00 -1.138614827173883981e+01
-3.664191419141914263e+00 -1.138448855269612636e+01
-3.663586358635863682e+00 -1.138282877608158472e+01
-3.662981298129813101e+00 -1.138116894198692819e+01
-3.662376237623762520e+00 -1.137950905050386297e+01
-3.661771177117711940e+00 -1.137784910172409525e+01
-3.661166116611661359e+00 -1.137618909573933479e+01
-3.660561056105610778e+00 -1.137452903264128068e+01
-3.659955995599560197e+00 -1.137286891252165333e+01
-3.659350935093509172e+00 -1.137120873547215005e+01
-3.658745874587458591e+00 -1.136954850158448416e+01
-3.658140814081408010e+00 -1.136788821095036184e+01
-3.657535753575357429e+00 -1.136622786366149107e+01
-3.656930693069306848e+00 -1.136456745980957983e+01
-3.656325632563256267e+00 -1.136290699948633431e+01
-3.655720572057205686e+00 -1.136124648278346250e+01
-3.655115511551155105e+00 -1.135958590979267058e+01
-3.654510451045104524e+00 -1.135792528060566653e+01
-3.653905390539053943e+00 -1.135626459531416188e+01
-3.653300330033003362e+00 -1.135460385400985928e+01
-3.652695269526952782e+00 -1.135294305678447024e+01
-3.652090209020902201e+00 -1.135128220372970098e+01
-3.651485148514851620e+00 -1.134962129493726124e+01
-3.650880088008801039e+00 -1.134796033049885011e+01
-3.650275027502750458e+00 -1.134629931050618445e+01
-3.649669966996699877e+00 -1.134463823505096869e+01
-3.649064906490649296e+00 -1.134297710422490724e+01
-3.648459845984598715e+00 -1.134131591811971340e+01
-3.647854785478547690e+00 -1.133965467682709161e+01
-3.647249724972497109e+00 -1.133799338043874627e+01
-3.646644664466446528e+00 -1.133633202904639248e+01
-3.646039603960395947e+00 -1.133467062274173820e+01
-3.645434543454345366e+00 -1.133300916161648075e+01
-3.644829482948294785e+00 -1.133134764576233344e+01
-3.644224422442244204e+00 -1.132968607527100779e+01
-3.643619361936193624e+00 -1.132802445023420823e+01
-3.643014301430143043e+00 -1.132636277074363740e+01
-3.642409240924092462e+00 -1.132470103689101215e+01
-3.641804180418041881e+00 -1.132303924876803158e+01
-3.641199119911991300e+00 -1.132137740646640900e+01
-3.640594059405940719e+00 -1.131971551007785060e+01
-3.639988998899890138e+00 -1.131805355969406435e+01
-3.639383938393839557e+00 -1.131639155540675290e+01
-3.638778877887788976e+00 -1.131472949730762956e+01
-3.638173817381738395e+00 -1.131306738548840229e+01
-3.637568756875687370e+00 -1.131140522004077198e+01
-3.636963696369637233e+00 -1.130974300105645547e+01
-3.636358635863586208e+00 -1.130808072862715541e+01
-3.635753575357535627e+00 -1.130641840284457800e+01
-3.635148514851485047e+00 -1.130475602380043654e+01
-3.634543454345434466e+00 -1.130309359158642835e+01
-3.633938393839383885e+00 -1.130143110629427206e+01
-3.633333333333333304e+00 -1.129976856801566854e+01
-3.632728272827282723e+00 -1.129810597684232754e+01
-3.632123212321232142e+00 -1.129644333286595703e+01
-3.631518151815181561e+00 -1.129478063617826500e+01
-3.630913091309130980e+00 -1.129311788687095763e+01
-3.630308030803080399e+00 -1.129145508503574291e+01
-3.629702970297029818e+00 -1.128979223076432703e+01
-3.629097909790979237e+00 -1.128812932414841974e+01
-3.628492849284928656e+00 -1.128646636527972902e+01
-3.627887788778878075e+00 -1.128480335424996461e+01
-3.627282728272827494e+00 -1.128314029115082207e+01
-3.626677667766776914e+00 -1.128147717607402356e+01
-3.626072607260725889e+00 -1.127981400911126997e+01
-3.625467546754675752e+00 -1.127815079035427281e+01
-3.624862486248624727e+00 -1.127648751989473297e+01
-3.624257425742574146e+00 -1.127482419782436196e+01
-3.623652365236523565e+00 -1.127316082423486954e+01
-3.623047304730472984e+00 -1.127149739921796012e+01
-3.622442244224422403e+00 -1.126983392286534169e+01
-3.621837183718371822e+00 -1.126817039526872222e+01
-3.621232123212321241e+00 -1.126650681651980968e+01
-3.620627062706270660e+00 -1.126484318671031204e+01
-3.620022002200220079e+00 -1.126317950593193729e+01
-3.619416941694169498e+00 -1.126151577427638983e+01
-3.618811881188118917e+00 -1.125985199183537944e+01
-3.618206820682068336e+00 -1.125818815870061584e+01
-3.617601760176017756e+00 -1.125652427496380348e+01
-3.616996699669967175e+00 -1.125486034071664854e+01
-3.616391639163916594e+00 -1.125319635605086432e+01
-3.615786578657866013e+00 -1.125153232105815171e+01
-3.615181518151815432e+00 -1.124986823583022577e+01
-3.614576457645764407e+00 -1.124820410045878738e+01
-3.613971397139713826e+00 -1.124653991503554806e+01
-3.613366336633663245e+00 -1.124487567965221224e+01
-3.612761276127612664e+00 -1.124321139440049144e+01
-3.612156215621562083e+00 -1.124154705937209009e+01
-3.611551155115511502e+00 -1.123988267465871616e+01
-3.610946094609460921e+00 -1.123821824035208117e+01
-3.610341034103410340e+00 -1.123655375654388777e+01
-3.609735973597359759e+00 -1.123488922332584572e+01
-3.609130913091309178e+00 -1.123322464078966121e+01
-3.608525852585258598e+00 -1.123156000902704044e+01
-3.607920792079208017e+00 -1.122989532812969493e+01
-3.607315731573157436e+00 -1.122823059818933444e+01
-3.606710671067106855e+00 -1.122656581929766162e+01
-3.606105610561056274e+00 -1.122490099154638621e+01
-3.605500550055005693e+00 -1.122323611502721263e+01
-3.604895489548955112e+00 -1.122157118983184887e+01
-3.604290429042904087e+00 -1.121990621605200644e+01
-3.603685368536853950e+00 -1.121824119377939333e+01
-3.603080308030802925e+00 -1.121657612310570862e+01
-3.602475247524752344e+00 -1.121491100412267095e+01
-3.601870187018701763e+00 -1.121324583692198296e+01
-3.601265126512651182e+00 -1.121158062159535262e+01
-3.600660066006600601e+00 -1.120991535823448615e+01
-3.600055005500550021e+00 -1.120825004693108973e+01
-3.599449944994499440e+00 -1.120658468777687666e+01
-3.598844884488448859e+00 -1.120491928086355138e+01
-3.598239823982398278e+00 -1.120325382628282007e+01
-3.597634763476347697e+00 -1.120158832412639072e+01
-3.597029702970297116e+00 -1.119992277448597306e+01
-3.596424642464246535e+00 -1.119825717745327154e+01
-3.595819581958195954e+00 -1.119659153311999944e+01
-3.595214521452145373e+00 -1.119492584157785586e+01
-3.594609460946094792e+00 -1.119326010291855589e+01
-3.594004400440044211e+00 -1.119159431723380571e+01
-3.593399339933993630e+00 -1.118992848461530976e+01
-3.592794279427942605e+00 -1.118826260515477777e+01
-3.592189218921892468e+00 -1.118659667894391596e+01
-3.591584158415841443e+00 -1.118493070607443229e+01
-3.590979097909790863e+00 -1.118326468663803652e+01
-3.590374037403740282e+00 -1.118159862072643485e+01
-3.589768976897689701e+00 -1.117993250843133524e+01
-3.589163916391639120e+00 -1.117826634984444389e+01
-3.588558855885588539e+00 -1.117660014505746879e+01
-3.587953795379537958e+00 -1.117493389416211969e+01
-3.587348734873487377e+00 -1.117326759725010099e+01
-3.586743674367436796e+00 -1.117160125441312601e+01
-3.586138613861386215e+00 -1.116993486574289207e+01
-3.585533553355335634e+00 -1.116826843133111602e+01
-3.584928492849285053e+00 -1.116660195126950050e+01
-3.584323432343234472e+00 -1.116493542564975527e+01
-3.583718371837183891e+00 -1.116326885456359186e+01
-3.583113311331133310e+00 -1.116160223810270757e+01
-3.582508250825082730e+00 -1.115993557635882105e+01
-3.581903190319032149e+00 -1.115826886942363139e+01
-3.581298129812981124e+00 -1.115660211738884833e+01
-3.580693069306930987e+00 -1.115493532034618518e+01
-3.580088008800879962e+00 -1.115326847838734103e+01
-3.579482948294829381e+00 -1.115160159160402920e+01
-3.578877887788778800e+00 -1.114993466008795941e+01
-3.578272827282728219e+00 -1.114826768393083256e+01
-3.577667766776677638e+00 -1.114660066322435661e+01
-3.577062706270627057e+00 -1.114493359806024309e+01
-3.576457645764576476e+00 -1.114326648853020174e+01
-3.575852585258525895e+00 -1.114159933472593167e+01
-3.575247524752475314e+00 -1.113993213673914795e+01
-3.574642464246424733e+00 -1.113826489466155500e+01
-3.574037403740374153e+00 -1.113659760858486081e+01
-3.573432343234323572e+00 -1.113493027860077511e+01
-3.572827282728272991e+00 -1.113326290480100056e+01
-3.572222222222222410e+00 -1.113159548727725046e+01
-3.571617161716171829e+00 -1.112992802612122922e+01
-3.571012101210121248e+00 -1.112826052142464484e+01
-3.570407040704070667e+00 -1.112659297327920349e+01
-3.569801980198019642e+00 -1.112492538177661672e+01
-3.569196919691969061e+00 -1.112325774700858716e+01
-3.568591859185918480e+00 -1.112159006906682635e+01
-3.567986798679867899e+00 -1.111992234804304047e+01
-3.567381738173817318e+00 -1.111825458402894107e+01
-3.566776677667766737e+00 -1.111658677711622545e+01
-3.566171617161716156e+00 -1.111491892739661047e+01
-3.565566556655665575e+00 -1.111325103496179878e+01
-3.564961496149614995e+00 -1.111158309990350546e+01
-3.564356435643564414e+00 -1.110991512231342782e+01
-3.563751375137513833e+00 -1.110824710228327739e+01
-3.563146314631463252e+00 -1.110657903990476747e+01
-3.562541254125412671e+00 -1.110491093526959894e+01
-3.561936193619362090e+00 -1.110324278846948154e+01
-3.561331133113311509e+00 -1.110157459959612325e+01
-3.560726072607260928e+00 -1.109990636874123027e+01
-3.560121012101210347e+00 -1.109823809599650701e+01
-3.559515951595159322e+00 -1.109656978145366679e+01
-3.558910891089109185e+00 -1.109490142520441935e+01
-3.558305830583058160e+00 -1.109323302734046557e+01
-3.557700770077007579e+00 -1.109156458795351696e+01
-3.557095709570956998e+00 -1.108989610713527973e+01
-3.556490649064906417e+00 -1.108822758497746008e+01
-3.555885588558855837e+00 -1.108655902157177131e+01
-3.555280528052805256e+00 -1.108489041700991073e+01
-3.554675467546754675e+00 -1.108322177138359699e+01
-3.554070407040704094e+00 -1.108155308478453094e+01
-3.553465346534653513e+00 -1.107988435730442589e+01
-3.552860286028602932e+00 -1.107821558903498271e+01
-3.552255225522552351e+00 -1.107654678006791116e+01
-3.551650165016501770e+00 -1.107487793049491742e+01
-3.551045104510451189e+00 -1.107320904040771659e+01
-3.550440044004400608e+00 -1.107154010989800952e+01
-3.549834983498350027e+00 -1.106987113905750419e+01
-3.549229922992299446e+00 -1.106820212797790859e+01
-3.548624862486248865e+00 -1.106653307675093068e+01
-3.548019801980197840e+00 -1.106486398546828198e+01
-3.547414741474147704e+00 -1.106319485422166338e+01
-3.546809680968096679e+00 -1.106152568310278639e+01
-3.546204620462046098e+00 -1.105985647220335544e+01
-3.545599559955995517e+00 -1.105818722161508560e+01
-3.544994499449944936e+00 -1.105651793142967421e+01
-3.544389438943894355e+00 -1.105484860173883987e+01
-3.543784378437843774e+00 -1.105317923263427460e+01
-3.543179317931793193e+00 -1.105150982420770411e+01
-3.542574257425742612e+00 -1.104984037655082574e+01
-3.541969196919692031e+00 -1.104817088975534567e+01
-3.541364136413641450e+00 -1.104650136391298254e+01
-3.540759075907590869e+00 -1.104483179911542656e+01
-3.540154015401540288e+00 -1.104316219545440170e+01
-3.539548954895489707e+00 -1.104149255302160348e+01
-3.538943894389439127e+00 -1.103982287190874700e+01
-3.538338833883388546e+00 -1.103815315220753845e+01
-3.537733773377337965e+00 -1.103648339400968759e+01
-3.537128712871287384e+00 -1.103481359740689527e+01
-3.536523652365236359e+00 -1.103314376249086948e+01
-3.535918591859185778e+00 -1.103147388935332529e+01
-3.535313531353135197e+00 -1.102980397808596535e+01
-3.534708470847084616e+00 -1.102813402878050297e+01
-3.534103410341034035e+00 -1.102646404152863369e+01
-3.533498349834983454e+00 -1.102479401642207435e+01
-3.532893289328932873e+00 -1.102312395355253116e+01
-3.532288228822882292e+00 -1.102145385301171387e+01
-3.531683168316831711e+00 -1.101978371489132336e+01
-3.531078107810781130e+00 -1.101811353928307113e+01
-3.530473047304730549e+00 -1.101644332627866518e+01
-3.529867986798679969e+00 -1.101477307596981170e+01
-3.529262926292629388e+00 -1.101310278844822044e+01
-3.528657865786578807e+00 -1.101143246380559937e+01
-3.528052805280528226e+00 -1.100976210213365114e+01
-3.527447744774477645e+00 -1.100809170352409438e+01
-3.526842684268427064e+00 -1.100642126806861754e+01
-3.526237623762376039e+00 -1.100475079585894989e+01
-3.525632563256325902e+00 -1.100308028698677987e+01
-3.525027502750274877e+00 -1.100140974154382789e+01
-3.524422442244224296e+00 -1.099973915962179838e+01
-3.523817381738173715e+00 -1.099806854131239930e+01
-3.523212321232123134e+00 -1.099639788670733331e+01
-3.522607260726072553e+00 -1.099472719589831904e+01
-3.522002200220021972e+00 -1.099305646897705024e+01
-3.521397139713971391e+00 -1.099138570603524201e+01
-3.520792079207920811e+00 -1.098971490716460231e+01
-3.520187018701870230e+00 -1.098804407245683912e+01
-3.519581958195819649e+00 -1.098637320200365686e+01
-3.518976897689769068e+00 -1.098470229589676350e+01
-3.518371837183718487e+00 -1.098303135422787058e+01
-3.517766776677667906e+00 -1.098136037708868074e+01
-3.517161716171617325e+00 -1.097968936457090727e+01
-3.516556655665566744e+00 -1.097801831676624751e+01
-3.515951595159516163e+00 -1.097634723376642185e+01
-3.515346534653465582e+00 -1.097467611566312939e+01
-3.514741474147414557e+00 -1.097300496254808166e+01
-3.514136413641364420e+00 -1.097133377451298486e+01
-3.513531353135313395e+00 -1.096966255164954340e+01
-3.512926292629262814e+00 -1.096799129404947060e+01
-3.512321232123212233e+00 -1.096632000180447086e+01
-3.511716171617161653e+00 -1.096464867500625218e+01
-3.511111111111111072e+00 -1.096297731374652074e+01
-3.510506050605060491e+00 -1.096130591811698984e+01
-3.509900990099009910e+00 -1.095963448820936037e+01
-3.509295929592959329e+00 -1.095796302411534384e+01
-3.508690869086908748e+00 -1.095629152592664468e+01
-3.508085808580858167e+00 -1.095461999373497264e+01
-3.507480748074807586e+00 -1.095294842763203569e+01
-3.506875687568757005e+00 -1.095127682770954181e+01
-3.506270627062706424e+00 -1.094960519405919364e+01
-3.505665566556655843e+00 -1.094793352677270803e+01
-3.505060506050605262e+00 -1.094626182594178587e+01
-3.504455445544554681e+00 -1.094459009165813335e+01
-3.503850385038504101e+00 -1.094291832401346198e+01
-3.503245324532453076e+00 -1.094124652309947621e+01
-3.502640264026402939e+00 -1.093957468900789110e+01
-3.502035203520351914e+00 -1.093790282183040397e+01
-3.501430143014301333e+00 -1.093623092165872634e+01
-3.500825082508250752e+00 -1.093455898858456976e+01
-3.500220022002200171e+00 -1.093288702269963686e+01
-3.499614961496149590e+00 -1.093121502409564094e+01
-3.499009900990099009e+00 -1.092954299286427933e+01
-3.498404840484048428e+00 -1.092787092909727242e+01
-3.497799779977997847e+00 -1.092619883288631577e+01
-3.497194719471947266e+00 -1.092452670432312622e+01
-3.496589658965896685e+00 -1.092285454349940998e+01
-3.495984598459846104e+00 -1.092118235050686792e+01
-3.495379537953795523e+00 -1.091951012543721511e+01
-3.494774477447744943e+00 -1.091783786838215242e+01
-3.494169416941694362e+00 -1.091616557943339494e+01
-3.493564356435643781e+00 -1.091449325868264530e+01
-3.492959295929592756e+00 -1.091282090622161149e+01
-3.492354235423542619e+00 -1.091114852214200326e+01
-3.491749174917491594e+00 -1.090947610653552680e+01
-3.491144114411441457e+00 -1.090780365949389008e+01
-3.490539053905390432e+00 -1.090613118110879576e+01
-3.489933993399339851e+00 -1.090445867147196068e+01
-3.489328932893289270e+00 -1.090278613067508928e+01
-3.488723872387238689e+00 -1.090111355880988597e+01
-3.488118811881188108e+00 -1.089944095596805873e+01
-3.487513751375137527e+00 -1.089776832224131553e+01
-3.486908690869086946e+00 -1.089609565772136790e+01
-3.486303630363036365e+00 -1.089442296249992026e+01
-3.485698569856985785e+00 -1.089275023666867881e+01
-3.485093509350935204e+00 -1.089107748031935330e+01
-3.484488448844884623e+00 -1.088940469354365348e+01
-3.483883388338834042e+00 -1.088773187643327844e+01
-3.483278327832783461e+00 -1.088605902907994682e+01
-3.482673267326732880e+00 -1.088438615157535772e+01
-3.482068206820682299e+00 -1.088271324401122442e+01
-3.481463146314631274e+00 -1.088104030647924780e+01
-3.480858085808581137e+00 -1.087936733907114650e+01
-3.480253025302530112e+00 -1.087769434187861606e+01
-3.479647964796479975e+00 -1.087602131499336977e+01
-3.479042904290428950e+00 -1.087434825850711739e+01
-3.478437843784378369e+00 -1.087267517251155979e+01
-3.477832783278327788e+00 -1.087100205709841383e+01
-3.477227722772277207e+00 -1.086932891235937682e+01
-3.476622662266226627e+00 -1.086765573838616739e+01
-3.476017601760176046e+00 -1.086598253527048463e+01
-3.475412541254125465e+00 -1.086430930310403653e+01
-3.474807480748074884e+00 -1.086263604197853638e+01
-3.474202420242024303e+00 -1.086096275198568328e+01
-3.473597359735973722e+00 -1.085928943321719586e+01
-3.472992299229923141e+00 -1.085761608576477499e+01
-3.472387238723872560e+00 -1.085594270972012509e+01
-3.471782178217821979e+00 -1.085426930517496125e+01
-3.471177117711771398e+00 -1.085259587222098610e+01
-3.470572057205720817e+00 -1.085092241094990761e+01
-3.469966996699669792e+00 -1.084924892145343378e+01
-3.469361936193619655e+00 -1.084757540382327434e+01
-3.468756875687568630e+00 -1.084590185815113550e+01
-3.468151815181518050e+00 -1.084422828452872700e+01
-3.467546754675467469e+00 -1.084255468304774972e+01
-3.466941694169416888e+00 -1.084088105379991696e+01
-3.466336633663366307e+00 -1.083920739687693846e+01
-3.465731573157315726e+00 -1.083753371237051155e+01
-3.465126512651265145e+00 -1.083586000037235486e+01
-3.464521452145214564e+00 -1.083418626097417281e+01
-3.463916391639163983e+00 -1.083251249426766982e+01
-3.463311331133113402e+00 -1.083083870034455387e+01
-3.462706270627062821e+00 -1.082916487929654004e+01
-3.462101210121012240e+00 -1.082749103121532741e+01
-3.461496149614961659e+00 -1.082581715619262397e+01
-3.460891089108911078e+00 -1.082414325432014124e+01
-3.460286028602860497e+00 -1.082246932568958719e+01
-3.459680968096809472e+00 -1.082079537039266448e+01
-3.459075907590759336e+00 -1.081912138852108640e+01
-3.458470847084708311e+00 -1.081744738016655738e+01
-3.457865786578658174e+00 -1.081577334542078539e+01
-3.457260726072607149e+00 -1.081409928437547485e+01
-3.456655665566556568e+00 -1.081242519712234085e+01
-3.456050605060505987e+00 -1.081075108375308247e+01
-3.455445544554455406e+00 -1.080907694435941657e+01
-3.454840484048404825e+00 -1.080740277903304047e+01
-3.454235423542354244e+00 -1.080572858786567103e+01
-3.453630363036303663e+00 -1.080405437094901266e+01
-3.453025302530253082e+00 -1.080238012837477157e+01
-3.452420242024202501e+00 -1.080070586023465218e+01
-3.451815181518151920e+00 -1.079903156662037134e+01
-3.451210121012101339e+00 -1.079735724762362636e+01
-3.450605060506050759e+00 -1.079568290333613234e+01
-3.450000000000000178e+00 -1.079400853384959369e+01
-3.449394939493949597e+00 -1.079233413925572016e+01
-3.448789878987899016e+00 -1.079065971964621440e+01
-3.448184818481847991e+00 -1.078898527511278616e+01
-3.447579757975797854e+00 -1.078731080574715051e+01
-3.446974697469746829e+00 -1.078563631164100478e+01
-3.446369636963696692e+00 -1.078396179288606049e+01
-3.445764576457645667e+00 -1.078228724957402207e+01
-3.445159515951595086e+00 -1.078061268179660814e+01
-3.444554455445544505e+00 -1.077893808964551070e+01
-3.443949394939493924e+00 -1.077726347321244837e+01
-3.443344334433443343e+00 -1.077558883258912559e+01
-3.442739273927392762e+00 -1.077391416786725031e+01
-3.442134213421342182e+00 -1.077223947913852875e+01
-3.441529152915291601e+00 -1.077056476649467065e+01
-3.440924092409241020e+00 -1.076889003002737866e+01
-3.440319031903190439e+00 -1.076721526982836785e+01
-3.439713971397139858e+00 -1.076554048598934088e+01
-3.439108910891089277e+00 -1.076386567860200572e+01
-3.438503850385038696e+00 -1.076219084775807211e+01
-3.437898789878988115e+00 -1.076051599354924626e+01
-3.437293729372937534e+00 -1.075884111606723437e+01
-3.436688668866886509e+00 -1.075716621540374440e+01
-3.436083608360836372e+00 -1.075549129165048790e+01
-3.435478547854785347e+00 -1.075381634489916571e+01
-3.434873487348735210e+00 -1.075214137524149294e+01
-3.434268426842684185e+00 -1.075046638276917221e+01
-3.433663366336633604e+00 -1.074879136757391151e+01
-3.433058305830583024e+00 -1.074711632974742059e+01
-3.432453245324532443e+00 -1.074544126938140565e+01
-3.431848184818481862e+00 -1.074376618656757110e+01
-3.431243124312431281e+00 -1.074209108139763202e+01
-3.430638063806380700e+00 -1.074041595396329107e+01
-3.430033003300330119e+00 -1.073874080435625622e+01
-3.429427942794279538e+00 -1.073706563266823544e+01
-3.428822882288228957e+00 -1.073539043899093670e+01
-3.428217821782178376e+00 -1.073371522341606621e+01
-3.427612761276127795e+00 -1.073203998603533726e+01
-3.427007700770077214e+00 -1.073036472694044363e+01
-3.426402640264026189e+00 -1.072868944622310750e+01
-3.425797579757976052e+00 -1.072701414397503150e+01
-3.425192519251925027e+00 -1.072533882028791830e+01
-3.424587458745874891e+00 -1.072366347525348651e+01
-3.423982398239823866e+00 -1.072198810896343169e+01
-3.423377337733773285e+00 -1.072031272150947245e+01
-3.422772277227722704e+00 -1.071863731298330613e+01
-3.422167216721672123e+00 -1.071696188347664425e+01
-3.421562156215621542e+00 -1.071528643308119833e+01
-3.420957095709570961e+00 -1.071361096188867279e+01
-3.420352035203520380e+00 -1.071193546999077206e+01
-3.419746974697469799e+00 -1.071025995747920945e+01
-3.419141914191419218e+00 -1.070858442444569114e+01
-3.418536853685368637e+00 -1.070690887098192334e+01
-3.417931793179318056e+00 -1.070523329717960870e+01
-3.417326732673267475e+00 -1.070355770313046584e+01
-3.416721672167216894e+00 -1.070188208892619564e+01
-3.416116611661166313e+00 -1.070020645465850606e+01
-3.415511551155115733e+00 -1.069853080041910687e+01
-3.414906490649064708e+00 -1.069685512629969892e+01
-3.414301430143014571e+00 -1.069517943239199731e+01
-3.413696369636963546e+00 -1.069350371878770822e+01
-3.413091309130913409e+00 -1.069182798557853964e+01
-3.412486248624862384e+00 -1.069015223285619420e+01
-3.411881188118811803e+00 -1.068847646071238522e+01
-3.411276127612761222e+00 -1.068680066923881533e+01
-3.410671067106710641e+00 -1.068512485852719784e+01
-3.410066006600660060e+00 -1.068344902866923718e+01
-3.409460946094609479e+00 -1.068177317975664131e+01
-3.408855885588558898e+00 -1.068009731188111644e+01
-3.408250825082508317e+00 -1.067842142513437587e+01
-3.407645764576457736e+00 -1.067674551960811868e+01
-3.407040704070407156e+00 -1.067506959539405464e+01
-3.406435643564356575e+00 -1.067339365258389350e+01
-3.405830583058305994e+00 -1.067171769126934677e+01
-3.405225522552255413e+00 -1.067004171154211889e+01
-3.404620462046204832e+00 -1.066836571349391249e+01
-3.404015401540154251e+00 -1.066668969721643911e+01
-3.403410341034103226e+00 -1.066501366280140672e+01
-3.402805280528053089e+00 -1.066333761034052330e+01
-3.402200220022002064e+00 -1.066166153992549681e+01
-3.401595159515951927e+00 -1.065998545164803346e+01
-3.400990099009900902e+00 -1.065830934559983767e+01
-3.400385038503850321e+00 -1.065663322187262274e+01
-3.399779977997799740e+00 -1.065495708055809310e+01
-3.399174917491749159e+00 -1.065328092174796026e+01
-3.398569856985698578e+00 -1.065160474553392511e+01
-3.397964796479647998e+00 -1.064992855200770094e+01
-3.397359735973597417e+00 -1.064825234126099396e+01
-3.396754675467546836e+00 -1.064657611338551035e+01
-3.396149614961496255e+00 -1.064489986847295810e+01
-3.395544554455445674e+00 -1.064322360661504518e+01
-3.394939493949395093e+00 -1.064154732790347779e+01
-3.394334433443344512e+00 -1.063987103242996746e+01
-3.393729372937293931e+00 -1.063819472028622037e+01
-3.393124312431243350e+00 -1.063651839156394097e+01
-3.392519251925192769e+00 -1.063484204635483721e+01
-3.391914191419141744e+00 -1.063316568475062240e+01
-3.391309130913091607e+00 -1.063148930684299742e+01
-3.390704070407040582e+00 -1.062981291272367024e+01
-3.390099009900990001e+00 -1.062813650248435593e+01
-3.389493949394939420e+00 -1.062646007621675182e+01
-3.388888888888888840e+00 -1.062478363401257475e+01
-3.388283828382838259e+00 -1.062310717596352561e+01
-3.387678767876787678e+00 -1.062143070216131591e+01
-3.387073707370737097e+00 -1.061975421269765363e+01
-3.386468646864686516e+00 -1.061807770766423786e+01
-3.385863586358635935e+00 -1.061640118715278902e+01
-3.385258525852585354e+00 -1.061472465125501152e+01
-3.384653465346534773e+00 -1.061304810006260446e+01
-3.384048404840484192e+00 -1.061137153366728292e+01
-3.383443344334433611e+00 -1.060969495216074954e+01
-3.382838283828383030e+00 -1.060801835563471940e+01
-3.382233223322332449e+00 -1.060634174418089160e+01
-3.381628162816281424e+00 -1.060466511789097943e+01
-3.381023102310231288e+00 -1.060298847685669088e+01
-3.380418041804180262e+00 -1.060131182116972859e+01
-3.379812981298130126e+00 -1.059963515092180764e+01
-3.379207920792079101e+00 -1.059795846620462356e+01
-3.378602860286028520e+00 -1.059628176710990033e+01
-3.377997799779977939e+00 -1.059460505372932992e+01
-3.377392739273927358e+00 -1.059292832615462920e+01
-3.376787678767876777e+00 -1.059125158447750259e+01
-3.376182618261826196e+00 -1.058957482878965983e+01
-3.375577557755775615e+00 -1.058789805918280535e+01
-3.374972497249725034e+00 -1.058622127574865068e+01
-3.374367436743674453e+00 -1.058454447857889846e+01
-3.373762376237623872e+00 -1.058286766776526022e+01
-3.373157315731573291e+00 -1.058119084339944038e+01
-3.372552255225522710e+00 -1.057951400557315225e+01
-3.371947194719472130e+00 -1.057783715437809846e+01
-3.371342134213421549e+00 -1.057616028990598878e+01
-3.370737073707370968e+00 -1.057448341224852584e+01
-3.370132013201319943e+00 -1.057280652149742473e+01
-3.369526952695269806e+00 -1.057112961774438986e+01
-3.368921892189218781e+00 -1.056945270108112211e+01
-3.368316831683168644e+00 -1.056777577159934189e+01
-3.367711771177117619e+00 -1.056609882939074652e+01
-3.367106710671067038e+00 -1.056442187454705106e+01
-3.366501650165016457e+00 -1.056274490715995817e+01
-3.365896589658965876e+00 -1.056106792732117583e+01
-3.365291529152915295e+00 -1.055939093512241556e+01
-3.364686468646864714e+00 -1.055771393065537822e+01
-3.364081408140814133e+00 -1.055603691401177713e+01
-3.363476347634763552e+00 -1.055435988528331492e+01
-3.362871287128712972e+00 -1.055268284456170846e+01
-3.362266226622662391e+00 -1.055100579193865507e+01
-3.361661166116611810e+00 -1.054932872750586270e+01
-3.361056105610561229e+00 -1.054765165135505001e+01
-3.360451045104510648e+00 -1.054597456357791252e+01
-3.359845984598460067e+00 -1.054429746426616177e+01
-3.359240924092409486e+00 -1.054262035351150928e+01
-3.358635863586358461e+00 -1.054094323140565592e+01
-3.358030803080308324e+00 -1.053926609804031500e+01
-3.357425742574257299e+00 -1.053758895350719271e+01
-3.356820682068207162e+00 -1.053591179789799348e+01
-3.356215621562156137e+00 -1.053423463130442883e+01
-3.355610561056105556e+00 -1.053255745381820141e+01
-3.355005500550054975e+00 -1.053088026553102630e+01
-3.354400440044004394e+00 -1.052920306653460436e+01
-3.353795379537953814e+00 -1.052752585692064713e+01
-3.353190319031903233e+00 -1.052584863678086258e+01
-3.352585258525852652e+00 -1.052417140620695513e+01
-3.351980198019802071e+00 -1.052249416529063275e+01
-3.351375137513751490e+00 -1.052081691412360342e+01
-3.350770077007700909e+00 -1.051913965279757868e+01
-3.350165016501650328e+00 -1.051746238140425760e+01
-3.349559955995599747e+00 -1.051578510003535882e+01
-3.348954895489549166e+00 -1.051410780878258144e+01
-3.348349834983498585e+00 -1.051243050773763521e+01
-3.347744774477448004e+00 -1.051075319699222987e+01
-3.347139713971396979e+00 -1.050907587663806986e+01
-3.346534653465346842e+00 -1.050739854676686669e+01
-3.345929592959295817e+00 -1.050572120747032301e+01
-3.345324532453245236e+00 -1.050404385884014857e+01
-3.344719471947194656e+00 -1.050236650096805491e+01
-3.344114411441144075e+00 -1.050068913394574288e+01
-3.343509350935093494e+00 -1.049901175786492225e+01
-3.342904290429042913e+00 -1.049733437281730630e+01
-3.342299229922992332e+00 -1.049565697889459237e+01
-3.341694169416941751e+00 -1.049397957618849730e+01
-3.341089108910891170e+00 -1.049230216479072553e+01
-3.340484048404840589e+00 -1.049062474479298501e+01
-3.339878987898790008e+00 -1.048894731628698018e+01
-3.339273927392739427e+00 -1.048726987936442079e+01
-3.338668866886688846e+00 -1.048559243411701480e+01
-3.338063806380638265e+00 -1.048391498063647020e+01
-3.337458745874587684e+00 -1.048223751901449319e+01
-3.336853685368536659e+00 -1.048056004934279528e+01
-3.336248624862486523e+00 -1.047888257171307913e+01
-3.335643564356435498e+00 -1.047720508621705271e+01
-3.335038503850385361e+00 -1.047552759294642755e+01
-3.334433443344334336e+00 -1.047385009199290273e+01
-3.333828382838283755e+00 -1.047217258344820223e+01
-3.333223322332233174e+00 -1.047049506740401625e+01
-3.332618261826182593e+00 -1.046881754395205455e+01
-3.332013201320132012e+00 -1.046714001318403930e+01
-3.331408140814081431e+00 -1.046546247519166606e+01
-3.330803080308030850e+00 -1.046378493006664279e+01
-3.330198019801980269e+00 -1.046210737790067924e+01
-3.329592959295929688e+00 -1.046042981878548517e+01
-3.328987898789879107e+00 -1.045875225281276322e+01
-3.328382838283828526e+00 -1.045707468007422314e+01
-3.327777777777777946e+00 -1.045539710066157468e+01
-3.327172717271727365e+00 -1.045371951466652227e+01
-3.326567656765676784e+00 -1.045204192218077743e+01
-3.325962596259626203e+00 -1.045036432329604281e+01
-3.325357535753575178e+00 -1.044868671810402816e+01
-3.324752475247525041e+00 -1.044700910669644678e+01
-3.324147414741474016e+00 -1.044533148916499243e+01
-3.323542354235423879e+00 -1.044365386560138731e+01
-3.322937293729372854e+00 -1.044197623609733050e+01
-3.322332233223322273e+00 -1.044029860074452998e+01
-3.321727172717271692e+00 -1.043862095963469905e+01
-3.321122112211221111e+00 -1.043694331285954036e+01
-3.320517051705170530e+00 -1.043526566051076365e+01
-3.319911991199119949e+00 -1.043358800268007158e+01
-3.319306930693069368e+00 -1.043191033945917923e+01
-3.318701870187018788e+00 -1.043023267093979456e+01
-3.318096809680968207e+00 -1.042855499721361490e+01
-3.317491749174917626e+00 -1.042687731837235710e+01
-3.316886688668867045e+00 -1.042519963450772380e+01
-3.316281628162816464e+00 -1.042352194571142832e+01
-3.315676567656765883e+00 -1.042184425207516973e+01
-3.315071507150715302e+00 -1.042016655369066491e+01
-3.314466446644664721e+00 -1.041848885064961472e+01
-3.313861386138613696e+00 -1.041681114304372890e+01
-3.313256325632563559e+00 -1.041513343096471722e+01
-3.312651265126512534e+00 -1.041345571450428231e+01
-3.312046204620462397e+00 -1.041177799375413748e+01
-3.311441144114411372e+00 -1.041010026880598538e+01
-3.310836083608360791e+00 -1.040842253975153753e+01
-3.310231023102310211e+00 -1.040674480668250190e+01
-3.309625962596259630e+00 -1.040506706969057937e+01
-3.309020902090209049e+00 -1.040338932886748324e+01
-3.308415841584158468e+00 -1.040171158430492149e+01
-3.307810781078107887e+00 -1.040003383609460030e+01
-3.307205720572057306e+00 -1.039835608432822767e+01
-3.306600660066006725e+00 -1.039667832909750977e+01
-3.305995599559956144e+00 -1.039500057049415283e+01
-3.305390539053905563e+00 -1.039332280860987012e+01
-3.304785478547854982e+00 -1.039164504353636431e+01
-3.304180418041804401e+00 -1.038996727536534870e+01
-3.303575357535753376e+00 -1.038828950418852060e+01
-3.302970297029703239e+00 -1.038661173009759864e+01
-3.302365236523652214e+00 -1.038493395318428192e+01
-3.301760176017602078e+00 -1.038325617354028374e+01
-3.301155115511551053e+00 -1.038157839125730852e+01
-3.300550055005500472e+00 -1.037990060642706602e+01
-3.299944994499449891e+00 -1.037822281914126066e+01
-3.299339933993399310e+00 -1.037654502949160573e+01
-3.298734873487348729e+00 -1.037486723756980211e+01
-3.298129812981298148e+00 -1.037318944346756311e+01
-3.297524752475247567e+00 -1.037151164727658958e+01
-3.296919691969196986e+00 -1.036983384908859840e+01
-3.296314631463146405e+00 -1.036815604899529042e+01
-3.295709570957095824e+00 -1.036647824708837184e+01
-3.295104510451045243e+00 -1.036480044345955598e+01
-3.294499449944994662e+00 -1.036312263820054902e+01
-3.293894389438944081e+00 -1.036144483140305539e+01
-3.293289328932893500e+00 -1.035976702315878306e+01
-3.292684268426842920e+00 -1.035808921355944534e+01
-3.292079207920791895e+00 -1.035641140269673954e+01
-3.291474147414741758e+00 -1.035473359066238253e+01
-3.290869086908690733e+00 -1.035305577754807871e+01
-3.290264026402640596e+00 -1.035137796344553607e+01
-3.289658965896589571e+00 -1.034970014844646080e+01
-3.289053905390538990e+00 -1.034802233264256444e+01
-3.288448844884488409e+00 -1.034634451612554784e+01
-3.287843784378437828e+00 -1.034466669898712254e+01
-3.287238723872387247e+00 -1.034298888131899830e+01
-3.286633663366336666e+00 -1.034131106321287774e+01
-3.286028602860286085e+00 -1.033963324476047418e+01
-3.285423542354235504e+00 -1.033795542605349027e+01
-3.284818481848184923e+00 -1.033627760718363575e+01
-3.284213421342134342e+00 -1.033459978824261860e+01
-3.283608360836083762e+00 -1.033292196932214679e+01
-3.283003300330033181e+00 -1.033124415051392475e+01
-3.282398239823982600e+00 -1.032956633190966222e+01
-3.281793179317932019e+00 -1.032788851360106719e+01
-3.281188118811881438e+00 -1.032621069567984584e+01
-3.280583058305830413e+00 -1.032453287823770616e+01
-3.279977997799780276e+00 -1.032285506136635966e+01
-3.279372937293729251e+00 -1.032117724515750901e+01
-3.278767876787679114e+00 -1.031949942970286571e+01
-3.278162816281628089e+00 -1.031782161509413065e+01
-3.277557755775577508e+00 -1.031614380142301712e+01
-3.276952695269526927e+00 -1.031446598878123311e+01
-3.276347634763476346e+00 -1.031278817726048125e+01
-3.275742574257425765e+00 -1.031111036695247485e+01
-3.275137513751375185e+00 -1.030943255794891833e+01
-3.274532453245324604e+00 -1.030775475034152144e+01
-3.273927392739274023e+00 -1.030607694422198861e+01
-3.273322332233223442e+00 -1.030439913968203136e+01
-3.272717271727172861e+00 -1.030272133681335234e+01
-3.272112211221122280e+00 -1.030104353570766484e+01
-3.271507150715071699e+00 -1.029936573645667330e+01
-3.270902090209021118e+00 -1.029768793915208391e+01
-3.270297029702970537e+00 -1.029601014388560642e+01
-3.269691969196919956e+00 -1.029433235074894704e+01
-3.269086908690868931e+00 -1.029265455983381194e+01
-3.268481848184818794e+00 -1.029097677123191801e+01
-3.267876787678767769e+00 -1.028929898503496077e+01
-3.267271727172717188e+00 -1.028762120133465174e+01
-3.266666666666666607e+00 -1.028594342022270425e+01
-3.266061606160616027e+00 -1.028426564179081559e+01
-3.265456545654565446e+00 -1.028258786613070619e+01
-3.264851485148514865e+00 -1.028091009333406980e+01
-3.264246424642464284e+00 -1.027923232349262328e+01
-3.263641364136413703e+00 -1.027755455669807105e+01
-3.263036303630363122e+00 -1.027587679304212287e+01
-3.262431243124312541e+00 -1.027419903261648670e+01
-3.261826182618261960e+00 -1.027252127551286520e+01
-3.261221122112211379e+00 -1.027084352182296811e+01
-3.260616061606160798e+00 -1.026916577163850519e+01
-3.260011001100110217e+00 -1.026748802505118441e+01
-3.259405940594059636e+00 -1.026581028215271019e+01
-3.258800880088008611e+00 -1.026413254303479050e+01
-3.258195819581958474e+00 -1.026245480778913333e+01
-3.257590759075907449e+00 -1.026077707650744841e+01
-3.256985698569857313e+00 -1.025909934928144551e+01
-3.256380638063806288e+00 -1.025742162620282016e+01
-3.255775577557755707e+00 -1.025574390736329633e+01
-3.255170517051705126e+00 -1.025406619285457133e+01
-3.254565456545654545e+00 -1.025238848276835313e+01
-3.253960396039603964e+00 -1.025071077719635326e+01
-3.253355335533553383e+00 -1.024903307623027793e+01
-3.252750275027502802e+00 -1.024735537996183332e+01
-3.252145214521452221e+00 -1.024567768848272742e+01
-3.251540154015401640e+00 -1.024400000188466819e+01
-3.250935093509351059e+00 -1.024232232025936540e+01
-3.250330033003300478e+00 -1.024064464369852345e+01
-3.249724972497249897e+00 -1.023896697229384856e+01
-3.249119911991199317e+00 -1.023728930613705579e+01
-3.248514851485148736e+00 -1.023561164531984424e+01
-3.247909790979098155e+00 -1.023393398993392900e+01
-3.247304730473047130e+00 -1.023225634007100915e+01
-3.246699669966996993e+00 -1.023057869582279800e+01
-3.246094609460945968e+00 -1.022890105728099996e+01
-3.245489548954895831e+00 -1.022722342453732658e+01
-3.244884488448844806e+00 -1.022554579768348226e+01
-3.244279427942794225e+00 -1.022386817681117854e+01
-3.243674367436743644e+00 -1.022219056201211984e+01
-3.243069306930693063e+00 -1.022051295337801591e+01
-3.242464246424642482e+00 -1.021883535100056939e+01
-3.241859185918591901e+00 -1.021715775497149359e+01
-3.241254125412541320e+00 -1.021548016538249293e+01
-3.240649064906490739e+00 -1.021380258232527183e+01
-3.240044004400440159e+00 -1.021212500589154715e+01
-3.239438943894389578e+00 -1.021044743617301798e+01
-3.238833883388338997e+00 -1.020876987326139584e+01
-3.238228822882288416e+00 -1.020709231724839050e+01
-3.237623762376237835e+00 -1.020541476822570637e+01
-3.237018701870187254e+00 -1.020373722628504787e+01
-3.236413641364136673e+00 -1.020205969151812475e+01
-3.235808580858085648e+00 -1.020038216401664855e+01
-3.235203520352035511e+00 -1.019870464387232367e+01
-3.234598459845984486e+00 -1.019702713117685633e+01
-3.233993399339934349e+00 -1.019534962602196160e+01
-3.233388338833883324e+00 -1.019367212849933679e+01
-3.232783278327832743e+00 -1.019199463870069700e+01
-3.232178217821782162e+00 -1.019031715671774485e+01
-3.231573157315731581e+00 -1.018863968264218833e+01
-3.230968096809681001e+00 -1.018696221656574252e+01
-3.230363036303630420e+00 -1.018528475858010474e+01
-3.229757975797579839e+00 -1.018360730877698828e+01
-3.229152915291529258e+00 -1.018192986724810112e+01
-3.228547854785478677e+00 -1.018025243408514768e+01
-3.227942794279428096e+00 -1.017857500937983950e+01
-3.227337733773377515e+00 -1.017689759322387744e+01
-3.226732673267326934e+00 -1.017522018570897657e+01
-3.226127612761276353e+00 -1.017354278692683955e+01
-3.225522552255225328e+00 -1.017186539696917436e+01
-3.224917491749175191e+00 -1.017018801592769606e+01
-3.224312431243124166e+00 -1.016851064389410020e+01
-3.223707370737074029e+00 -1.016683328096010719e+01
-3.223102310231023004e+00 -1.016515592721741434e+01
-3.222497249724972423e+00 -1.016347858275773142e+01
-3.221892189218921843e+00 -1.016180124767276816e+01
-3.221287128712871262e+00 -1.016012392205423254e+01
-3.220682068206820681e+00 -1.015844660599383253e+01
-3.220077007700770100e+00 -1.015676929958326902e+01
-3.219471947194719519e+00 -1.015509200291426062e+01
-3.218866886688668938e+00 -1.015341471607850288e+01
-3.218261826182618357e+00 -1.015173743916771620e+01
-3.217656765676567776e+00 -1.015006017227359791e+01
-3.217051705170517195e+00 -1.014838291548785953e+01
-3.216446644664466614e+00 -1.014670566890220726e+01
-3.215841584158416033e+00 -1.014502843260835085e+01
-3.215236523652365452e+00 -1.014335120669799650e+01
-3.214631463146314871e+00 -1.014167399126285396e+01
-3.214026402640263846e+00 -1.013999678639462587e+01
-3.213421342134213710e+00 -1.013831959218502732e+01
-3.212816281628162685e+00 -1.013664240872576094e+01
-3.212211221122112548e+00 -1.013496523610853295e+01
-3.211606160616061523e+00 -1.013328807442505308e+01
-3.211001100110010942e+00 -1.013161092376702754e+01
-3.210396039603960361e+00 -1.012993378422616786e+01
-3.209790979097909780e+00 -1.012825665589417667e+01
-3.209185918591859199e+00 -1.012657953886276552e+01
-3.208580858085808618e+00 -1.012490243322364236e+01
-3.207975797579758037e+00 -1.012322533906850808e+01
-3.207370737073707456e+00 -1.012154825648907952e+01
-3.206765676567656875e+00 -1.011987118557705756e+01
-3.206160616061606294e+00 -1.011819412642415195e+01
-3.205555555555555713e+00 -1.011651707912207065e+01
-3.204950495049505133e+00 -1.011484004376252166e+01
-3.204345434543454552e+00 -1.011316302043720761e+01
-3.203740374037403971e+00 -1.011148600923784535e+01
-3.203135313531353390e+00 -1.010980901025613399e+01
-3.202530253025302365e+00 -1.010813202358378859e+01
-3.201925192519252228e+00 -1.010645504931251004e+01
-3.201320132013201203e+00 -1.010477808753400808e+01
-3.200715071507151066e+00 -1.010310113833999068e+01
-3.200110011001100041e+00 -1.010142420182216583e+01
-3.199504950495049460e+00 -1.009974727807223971e+01
-3.198899889988998879e+00 -1.009807036718192386e+01
-3.198294829482948298e+00 -1.009639346924292269e+01
-3.197689768976897717e+00 -1.009471658434694419e+01
-3.197084708470847136e+00 -1.009303971258569632e+01
-3.196479647964796555e+00 -1.009136285405088351e+01
-3.195874587458745975e+00 -1.008968600883421907e+01
-3.195269526952695394e+00 -1.008800917702740740e+01
-3.194664466446644813e+00 -1.008633235872215295e+01
-3.194059405940594232e+00 -1.008465555401017255e+01
-3.193454345434543651e+00 -1.008297876298316176e+01
-3.192849284928493070e+00 -1.008130198573283920e+01
-3.192244224422442489e+00 -1.007962522235090574e+01
-3.191639163916391908e+00 -1.007794847292907292e+01
-3.191034103410340883e+00 -1.007627173755904160e+01
-3.190429042904290746e+00 -1.007459501633252685e+01
-3.189823982398239721e+00 -1.007291830934123666e+01
-3.189218921892189140e+00 -1.007124161667687012e+01
-3.188613861386138559e+00 -1.006956493843114409e+01
-3.188008800880087978e+00 -1.006788827469576120e+01
-3.187403740374037397e+00 -1.006621162556242766e+01
-3.186798679867986817e+00 -1.006453499112285677e+01
-3.186193619361936236e+00 -1.006285837146875295e+01
-3.185588558855885655e+00 -1.006118176669182063e+01
-3.184983498349835074e+00 -1.005950517688377310e+01
-3.184378437843784493e+00 -1.005782860213631480e+01
-3.183773377337733912e+00 -1.005615204254115369e+01
-3.183168316831683331e+00 -1.005447549818999597e+01
-3.182563256325632750e+00 -1.005279896917455140e+01
-3.181958195819582169e+00 -1.005112245558652795e+01
-3.181353135313531588e+00 -1.004944595751763181e+01
-3.180748074807480563e+00 -1.004776947505957096e+01
-3.180143014301430426e+00 -1.004609300830405516e+01
-3.179537953795379401e+00 -1.004441655734278704e+01
-3.178932893289329265e+00 -1.004274012226747814e+01
-3.178327832783278240e+00 -1.004106370316983465e+01
-3.177722772277227659e+00 -1.003938730014156278e+01
-3.177117711771177078e+00 -1.003771091327437404e+01
-3.176512651265126497e+00 -1.003603454265997463e+01
-3.175907590759075916e+00 -1.003435818839006899e+01
-3.175302530253025335e+00 -1.003268185055636685e+01
-3.174697469746974754e+00 -1.003100552925057976e+01
-3.174092409240924173e+00 -1.002932922456440679e+01
-3.173487348734873592e+00 -1.002765293658956125e+01
-3.172882288228823011e+00 -1.002597666541775467e+01
-3.172277227722772430e+00 -1.002430041114068437e+01
-3.171672167216721849e+00 -1.002262417385006366e+01
-3.171067106710671268e+00 -1.002094795363760227e+01
-3.170462046204620687e+00 -1.001927175059500463e+01
-3.169856985698570107e+00 -1.001759556481397695e+01
-3.169251925192519082e+00 -1.001591939638622897e+01
-3.168646864686468945e+00 -1.001424324540347222e+01
-3.168041804180417920e+00 -1.001256711195740756e+01
-3.167436743674367783e+00 -1.001089099613974476e+01
-3.166831683168316758e+00 -1.000921489804219355e+01
-3.166226622662266177e+00 -1.000753881775645837e+01
-3.165621562156215596e+00 -1.000586275537424896e+01
-3.165016501650165015e+00 -1.000418671098726975e+01
-3.164411441144114434e+00 -1.000251068468723581e+01
-3.163806380638063853e+00 -1.000083467656584446e+01
-3.163201320132013272e+00 -9.999158686714814337e+00
-3.162596259625962691e+00 -9.997482715225842753e+00
-3.161991199119912110e+00 -9.995806762190643013e+00
-3.161386138613861529e+00 -9.994130827700924868e+00
-3.160781078107810949e+00 -9.992454911848389187e+00
-3.160176017601760368e+00 -9.990779014724747498e+00
-3.159570957095709787e+00 -9.989103136421707774e+00
-3.158965896589659206e+00 -9.987427277030977990e+00
-3.158360836083608625e+00 -9.985751436644260792e+00
-3.157755775577557600e+00 -9.984075615353271260e+00
-3.157150715071507463e+00 -9.982399813249712039e+00
-3.156545654565456438e+00 -9.980724030425287552e+00
-3.155940594059406301e+00 -9.979048266971718206e+00
-3.155335533553355276e+00 -9.977372522980695990e+00
-3.154730473047304695e+00 -9.975696798543939536e+00
-3.154125412541254114e+00 -9.974021093753151490e+00
-3.153520352035203533e+00 -9.972345408700039826e+00
-3.152915291529152952e+00 -9.970669743476314295e+00
-3.152310231023102371e+00 -9.968994098173681095e+00
-3.151705170517051791e+00 -9.967318472883844649e+00
-3.151100110011001210e+00 -9.965642867698518259e+00
-3.150495049504950629e+00 -9.963967282709408124e+00
-3.149889988998900048e+00 -9.962291718008218666e+00
-3.149284928492849467e+00 -9.960616173686656083e+00
-3.148679867986798886e+00 -9.958940649836439007e+00
-3.148074807480748305e+00 -9.957265146549262980e+00
-3.147469746974697724e+00 -9.955589663916837750e+00
-3.146864686468647143e+00 -9.953914202030878400e+00
-3.146259625962596118e+00 -9.952238760983082244e+00
-3.145654565456545981e+00 -9.950563340865164363e+00
-3.145049504950494956e+00 -9.948887941768830956e+00
-3.144444444444444375e+00 -9.947212563785784667e+00
-3.143839383938393794e+00 -9.945537207007738800e+00
-3.143234323432343214e+00 -9.943861871526399554e+00
-3.142629262926292633e+00 -9.942186557433476679e+00
-3.142024202420242052e+00 -9.940511264820674597e+00
-3.141419141914191471e+00 -9.938835993779695954e+00
-3.140814081408140890e+00 -9.937160744402257606e+00
-3.140209020902090309e+00 -9.935485516780063975e+00
-3.139603960396039728e+00 -9.933810311004823035e+00
-3.138998899889989147e+00 -9.932135127168240984e+00
-3.138393839383938566e+00 -9.930459965362022245e+00
-3.137788778877887985e+00 -9.928784825677880121e+00
-3.137183718371837404e+00 -9.927109708207519034e+00
-3.136578657865786823e+00 -9.925434613042652288e+00
-3.135973597359735798e+00 -9.923759540274978974e+00
-3.135368536853685661e+00 -9.922084489996210621e+00
-3.134763476347634636e+00 -9.920409462298056980e+00
-3.134158415841584500e+00 -9.918734457272222471e+00
-3.133553355335533475e+00 -9.917059475010411518e+00
-3.132948294829482894e+00 -9.915384515604339200e+00
-3.132343234323432313e+00 -9.913709579145709938e+00
-3.131738173817381732e+00 -9.912034665726231708e+00
-3.131133113311331151e+00 -9.910359775437612484e+00
-3.130528052805280570e+00 -9.908684908371556688e+00
-3.129922992299229989e+00 -9.907010064619777623e+00
-3.129317931793179408e+00 -9.905335244273970829e+00
-3.128712871287128827e+00 -9.903660447425858493e+00
-3.128107810781078246e+00 -9.901985674167143259e+00
-3.127502750275027665e+00 -9.900310924589531325e+00
-3.126897689768977084e+00 -9.898636198784728890e+00
-3.126292629262926503e+00 -9.896961496844447481e+00
-3.125687568756875923e+00 -9.895286818860391520e+00
-3.125082508250825342e+00 -9.893612164924265429e+00
-3.124477447744774317e+00 -9.891937535127786063e+00
-3.123872387238724180e+00 -9.890262929562654293e+00
-3.123267326732673155e+00 -9.888588348320579868e+00
-3.122662266226623018e+00 -9.886913791493270764e+00
-3.122057205720571993e+00 -9.885239259172427850e+00
-3.121452145214521412e+00 -9.883564751449769759e+00
-3.120847084708470831e+00 -9.881890268416997358e+00
-3.120242024202420250e+00 -9.880215810165820400e+00
-3.119636963696369669e+00 -9.878541376787945083e+00
-3.119031903190319088e+00 -9.876866968375077604e+00
-3.118426842684268507e+00 -9.875192585018934821e+00
-3.117821782178217926e+00 -9.873518226811210496e+00
-3.117216721672167346e+00 -9.871843893843621487e+00
-3.116611661166116765e+00 -9.870169586207872214e+00
-3.116006600660066184e+00 -9.868495303995670653e+00
-3.115401540154015603e+00 -9.866821047298724778e+00
-3.114796479647965022e+00 -9.865146816208740788e+00
-3.114191419141914441e+00 -9.863472610817431985e+00
-3.113586358635863860e+00 -9.861798431216495686e+00
-3.112981298129812835e+00 -9.860124277497646972e+00
-3.112376237623762698e+00 -9.858450149752592040e+00
-3.111771177117711673e+00 -9.856776048073038865e+00
-3.111166116611661536e+00 -9.855101972550695422e+00
-3.110561056105610511e+00 -9.853427923277266132e+00
-3.109955995599559930e+00 -9.851753900344460746e+00
-3.109350935093509349e+00 -9.850079903843989015e+00
-3.108745874587458768e+00 -9.848405933867557138e+00
-3.108140814081408188e+00 -9.846731990506867760e+00
-3.107535753575357607e+00 -9.845058073853634184e+00
-3.106930693069307026e+00 -9.843384183999562609e+00
-3.106325632563256445e+00 -9.841710321036361009e+00
-3.105720572057205864e+00 -9.840036485055735582e+00
-3.105115511551155283e+00 -9.838362676149394304e+00
-3.104510451045104702e+00 -9.836688894409046924e+00
-3.103905390539054121e+00 -9.835015139926401417e+00
-3.103300330033003540e+00 -9.833341412793160430e+00
-3.102695269526952515e+00 -9.831667713101033712e+00
-3.102090209020902378e+00 -9.829994040941731015e+00
-3.101485148514851353e+00 -9.828320396406953208e+00
-3.100880088008801216e+00 -9.826646779588422476e+00
-3.100275027502750191e+00 -9.824973190577829030e+00
-3.099669966996699610e+00 -9.823299629466891503e+00
-3.099064906490649030e+00 -9.821626096347319645e+00
-3.098459845984598449e+00 -9.819952591310810774e+00
-3.097854785478547868e+00 -9.818279114449076417e+00
-3.097249724972497287e+00 -9.816605665853826324e+00
-3.096644664466446706e+00 -9.814932245616766693e+00
-3.096039603960396125e+00 -9.813258853829609052e+00
-3.095434543454345544e+00 -9.811585490584056046e+00
-3.094829482948294963e+00 -9.809912155971813874e+00
-3.094224422442244382e+00 -9.808238850084595839e+00
-3.093619361936193801e+00 -9.806565573014104586e+00
-3.093014301430143220e+00 -9.804892324852053420e+00
-3.092409240924092639e+00 -9.803219105690143209e+00
-3.091804180418042058e+00 -9.801545915620087257e+00
-3.091199119911991033e+00 -9.799872754733584657e+00
-3.090594059405940897e+00 -9.798199623122357593e+00
-3.089988998899889872e+00 -9.796526520878099831e+00
-3.089383938393839735e+00 -9.794853448092524673e+00
-3.088778877887788710e+00 -9.793180404857341870e+00
-3.088173817381738129e+00 -9.791507391264250515e+00
-3.087568756875687548e+00 -9.789834407404965688e+00
-3.086963696369636967e+00 -9.788161453371198917e+00
-3.086358635863586386e+00 -9.786488529254645741e+00
-3.085753575357535805e+00 -9.784815635147024793e+00
-3.085148514851485224e+00 -9.783142771140036942e+00
-3.084543454345434643e+00 -9.781469937325390163e+00
-3.083938393839384062e+00 -9.779797133794794206e+00
-3.083333333333333481e+00 -9.778124360639958823e+00
-3.082728272827282900e+00 -9.776451617952588435e+00
-3.082123212321232320e+00 -9.774778905824391018e+00
-3.081518151815181739e+00 -9.773106224347076321e+00
-3.080913091309131158e+00 -9.771433573612345214e+00
-3.080308030803080577e+00 -9.769760953711912776e+00
-3.079702970297029552e+00 -9.768088364737483431e+00
-3.079097909790979415e+00 -9.766415806780765152e+00
-3.078492849284928390e+00 -9.764743279933465914e+00
-3.077887788778878253e+00 -9.763070784287293691e+00
-3.077282728272827228e+00 -9.761398319933954681e+00
-3.076677667766776647e+00 -9.759725886965156860e+00
-3.076072607260726066e+00 -9.758053485472608202e+00
-3.075467546754675485e+00 -9.756381115548018457e+00
-3.074862486248624904e+00 -9.754708777283090271e+00
-3.074257425742574323e+00 -9.753036470769535171e+00
-3.073652365236523742e+00 -9.751364196099061132e+00
-3.073047304730473162e+00 -9.749691953363370800e+00
-3.072442244224422581e+00 -9.748019742654177477e+00
-3.071837183718372000e+00 -9.746347564063187363e+00
-3.071232123212321419e+00 -9.744675417682104879e+00
-3.070627062706270838e+00 -9.743003303602639775e+00
-3.070022002200220257e+00 -9.741331221916500027e+00
-3.069416941694169676e+00 -9.739659172715395385e+00
-3.068811881188119095e+00 -9.737987156091028496e+00
-3.068206820682068070e+00 -9.736315172135109108e+00
-3.067601760176017933e+00 -9.734643220939346975e+00
-3.066996699669966908e+00 -9.732971302595444740e+00
-3.066391639163916327e+00 -9.731299417195119261e+00
-3.065786578657865746e+00 -9.729627564830066078e+00
-3.065181518151815165e+00 -9.727955745592000270e+00
-3.064576457645764584e+00 -9.726283959572629811e+00
-3.063971397139714004e+00 -9.724612206863659125e+00
-3.063366336633663423e+00 -9.722940487556796185e+00
-3.062761276127612842e+00 -9.721268801743750743e+00
-3.062156215621562261e+00 -9.719597149516228995e+00
-3.061551155115511680e+00 -9.717925530965938918e+00
-3.060946094609461099e+00 -9.716253946184588486e+00
-3.060341034103410518e+00 -9.714582395263882120e+00
-3.059735973597359937e+00 -9.712910878295531347e+00
-3.059130913091309356e+00 -9.711239395371244143e+00
-3.058525852585258775e+00 -9.709567946582721376e+00
-3.057920792079207750e+00 -9.707896532021678127e+00
-3.057315731573157613e+00 -9.706225151779824145e+00
-3.056710671067106588e+00 -9.704553805948851419e+00
-3.056105610561056452e+00 -9.702882494620489240e+00
-3.055500550055005426e+00 -9.701211217886429594e+00
-3.054895489548954846e+00 -9.699539975838382233e+00
-3.054290429042904265e+00 -9.697868768568064013e+00
-3.053685368536853684e+00 -9.696197596167172250e+00
-3.053080308030803103e+00 -9.694526458727418472e+00
-3.052475247524752522e+00 -9.692855356340510653e+00
-3.051870187018701941e+00 -9.691184289098154991e+00
-3.051265126512651360e+00 -9.689513257092061238e+00
-3.050660066006600779e+00 -9.687842260413933815e+00
-3.050055005500550198e+00 -9.686171299155482473e+00
-3.049449944994499617e+00 -9.684500373408413409e+00
-3.048844884488449036e+00 -9.682829483264438153e+00
-3.048239823982398455e+00 -9.681158628815257572e+00
-3.047634763476347874e+00 -9.679487810152586746e+00
-3.047029702970297294e+00 -9.677817027368128322e+00
-3.046424642464246269e+00 -9.676146280553590273e+00
-3.045819581958196132e+00 -9.674475569800680574e+00
-3.045214521452145107e+00 -9.672804895201108977e+00
-3.044609460946094970e+00 -9.671134256846581678e+00
-3.044004400440043945e+00 -9.669463654828803101e+00
-3.043399339933993364e+00 -9.667793089239488324e+00
-3.042794279427942783e+00 -9.666122560170336442e+00
-3.042189218921892202e+00 -9.664452067713062533e+00
-3.041584158415841621e+00 -9.662781611959367467e+00
-3.040979097909791040e+00 -9.661111193000962771e+00
-3.040374037403740459e+00 -9.659440810929554644e+00
-3.039768976897689878e+00 -9.657770465836852836e+00
-3.039163916391639297e+00 -9.656100157814561769e+00
-3.038558855885588716e+00 -9.654429886954392970e+00
-3.037953795379538136e+00 -9.652759653348050861e+00
-3.037348734873487555e+00 -9.651089457087243417e+00
-3.036743674367436974e+00 -9.649419298263680389e+00
-3.036138613861386393e+00 -9.647749176969064422e+00
-3.035533553355335812e+00 -9.646079093295107043e+00
-3.034928492849284787e+00 -9.644409047333514451e+00
-3.034323432343234650e+00 -9.642739039175999949e+00
-3.033718371837183625e+00 -9.641069068914260853e+00
-3.033113311331133488e+00 -9.639399136640014021e+00
-3.032508250825082463e+00 -9.637729242444960320e+00
-3.031903190319031882e+00 -9.636059386420811279e+00
-3.031298129812981301e+00 -9.634389568659271319e+00
-3.030693069306930720e+00 -9.632719789252053744e+00
-3.030088008800880139e+00 -9.631050048290859422e+00
-3.029482948294829558e+00 -9.629380345867403435e+00
-3.028877887788778978e+00 -9.627710682073384874e+00
-3.028272827282728397e+00 -9.626041057000517043e+00
-3.027667766776677816e+00 -9.624371470740504364e+00
-3.027062706270627235e+00 -9.622701923385056588e+00
-3.026457645764576654e+00 -9.621032415025883466e+00
-3.025852585258526073e+00 -9.619362945754685867e+00
-3.025247524752475492e+00 -9.617693515663177095e+00
-3.024642464246424911e+00 -9.616024124843061571e+00
-3.024037403740374330e+00 -9.614354773386047270e+00
-3.023432343234323305e+00 -9.612685461383845720e+00
-3.022827282728273168e+00 -9.611016188928161341e+00
-3.022222222222222143e+00 -9.609346956110702109e+00
-3.021617161716171562e+00 -9.607677763023174222e+00
-3.021012101210120981e+00 -9.606008609757285654e+00
-3.020407040704070400e+00 -9.604339496404747933e+00
-3.019801980198019820e+00 -9.602670423057263704e+00
-3.019196919691969239e+00 -9.601001389806542718e+00
-3.018591859185918658e+00 -9.599332396744291174e+00
-3.017986798679868077e+00 -9.597663443962220597e+00
-3.017381738173817496e+00 -9.595994531552031859e+00
-3.016776677667766915e+00 -9.594325659605441814e+00
-3.016171617161716334e+00 -9.592656828214149556e+00
-3.015566556655665753e+00 -9.590988037469864835e+00
-3.014961496149615172e+00 -9.589319287464297403e+00
-3.014356435643564591e+00 -9.587650578289157011e+00
-3.013751375137514010e+00 -9.585981910036142750e+00
-3.013146314631462985e+00 -9.584313282796969702e+00
-3.012541254125412848e+00 -9.582644696663344064e+00
-3.011936193619361823e+00 -9.580976151726966705e+00
-3.011331133113311687e+00 -9.579307648079558035e+00
-3.010726072607260662e+00 -9.577639185812817146e+00
-3.010121012101210081e+00 -9.575970765018452013e+00
-3.009515951595159500e+00 -9.574302385788172387e+00
-3.008910891089108919e+00 -9.572634048213684466e+00
-3.008305830583058338e+00 -9.570965752386694447e+00
-3.007700770077007757e+00 -9.569297498398915636e+00
-3.007095709570957176e+00 -9.567629286342047124e+00
-3.006490649064906595e+00 -9.565961116307803991e+00
-3.005885588558856014e+00 -9.564292988387892436e+00
-3.005280528052805433e+00 -9.562624902674015104e+00
-3.004675467546754852e+00 -9.560956859257885299e+00
-3.004070407040704271e+00 -9.559288858231209218e+00
-3.003465346534653690e+00 -9.557620899685691285e+00
-3.002860286028603110e+00 -9.555952983713041249e+00
-3.002255225522552529e+00 -9.554285110404967085e+00
-3.001650165016501504e+00 -9.552617279853174992e+00
-3.001045104510451367e+00 -9.550949492149378273e+00
-3.000440044004400342e+00 -9.549281747385276020e+00
-2.999834983498350205e+00 -9.547614045652581538e+00
-2.999229922992299180e+00 -9.545946387042999248e+00
-2.998624862486249043e+00 -9.544278771648238902e+00
-2.998019801980198018e+00 -9.542611199560006696e+00
-2.997414741474147437e+00 -9.540943670870014159e+00
-2.996809680968096856e+00 -9.539276185669960384e+00
-2.996204620462046275e+00 -9.537608744051562226e+00
-2.995599559955995694e+00 -9.535941346106522332e+00
-2.994994499449945113e+00 -9.534273991926546898e+00
-2.994389438943894532e+00 -9.532606681603347454e+00
-2.993784378437843952e+00 -9.530939415228630196e+00
-2.993179317931793371e+00 -9.529272192894103100e+00
-2.992574257425742790e+00 -9.527605014691472363e+00
-2.991969196919692209e+00 -9.525937880712447736e+00
-2.991364136413641184e+00 -9.524270791048731866e+00
-2.990759075907591047e+00 -9.522603745792039831e+00
-2.990154015401540022e+00 -9.520936745034072501e+00
-2.989548954895489885e+00 -9.519269788866543180e+00
-2.988943894389438860e+00 -9.517602877381154514e+00
-2.988338833883388723e+00 -9.515936010669618028e+00
-2.987733773377337698e+00 -9.514269188823634593e+00
-2.987128712871287561e+00 -9.512602411934921065e+00
-2.986523652365236536e+00 -9.510935680095178313e+00
-2.985918591859185955e+00 -9.509268993396117864e+00
-2.985313531353135375e+00 -9.507602351929447693e+00
-2.984708470847084794e+00 -9.505935755786872221e+00
-2.984103410341034213e+00 -9.504269205060095871e+00
-2.983498349834983632e+00 -9.502602699840835498e+00
-2.982893289328933051e+00 -9.500936240220793749e+00
-2.982288228822882470e+00 -9.499269826291675045e+00
-2.981683168316831889e+00 -9.497603458145190913e+00
-2.981078107810780864e+00 -9.495937135873049328e+00
-2.980473047304730727e+00 -9.494270859566958265e+00
-2.979867986798679702e+00 -9.492604629318622145e+00
-2.979262926292629565e+00 -9.490938445219750719e+00
-2.978657865786578540e+00 -9.489272307362050185e+00
-2.978052805280528403e+00 -9.487606215837226742e+00
-2.977447744774477378e+00 -9.485940170736993693e+00
-2.976842684268427242e+00 -9.484274172153055460e+00
-2.976237623762376217e+00 -9.482608220177118241e+00
-2.975632563256325636e+00 -9.480942314900893564e+00
-2.975027502750275055e+00 -9.479276456416080521e+00
-2.974422442244224474e+00 -9.477610644814397745e+00
-2.973817381738173893e+00 -9.475944880187542552e+00
-2.973212321232123312e+00 -9.474279162627233575e+00
-2.972607260726072731e+00 -9.472613492225168130e+00
-2.972002200220022150e+00 -9.470947869073054193e+00
-2.971397139713971569e+00 -9.469282293262612171e+00
-2.970792079207920988e+00 -9.467616764885535829e+00
-2.970187018701870407e+00 -9.465951284033540247e+00
-2.969581958195819382e+00 -9.464285850798329847e+00
-2.968976897689769245e+00 -9.462620465271610826e+00
-2.968371837183718220e+00 -9.460955127545094712e+00
-2.967766776677668084e+00 -9.459289837710485926e+00
-2.967161716171617059e+00 -9.457624595859490668e+00
-2.966556655665566922e+00 -9.455959402083820464e+00
-2.965951595159515897e+00 -9.454294256475185065e+00
-2.965346534653465760e+00 -9.452629159125287117e+00
-2.964741474147414735e+00 -9.450964110125831041e+00
-2.964136413641364154e+00 -9.449299109568535471e+00
-2.963531353135313573e+00 -9.447634157545095945e+00
-2.962926292629262992e+00 -9.445969254147231098e+00
-2.962321232123212411e+00 -9.444304399466640021e+00
-2.961716171617161830e+00 -9.442639593595034242e+00
-2.961111111111111249e+00 -9.440974836624119959e+00
-2.960506050605060668e+00 -9.439310128645605147e+00
-2.959900990099010087e+00 -9.437645469751197780e+00
-2.959295929592959506e+00 -9.435980860032605833e+00
-2.958690869086908926e+00 -9.434316299581537280e+00
-2.958085808580857901e+00 -9.432651788489696543e+00
-2.957480748074807764e+00 -9.430987326848796926e+00
-2.956875687568756739e+00 -9.429322914750539297e+00
-2.956270627062706602e+00 -9.427658552286633409e+00
-2.955665566556655577e+00 -9.425994239548789011e+00
-2.955060506050605440e+00 -9.424329976628714078e+00
-2.954455445544554415e+00 -9.422665763618114809e+00
-2.953850385038504278e+00 -9.421001600608697402e+00
-2.953245324532453253e+00 -9.419337487692169830e+00
-2.952640264026402672e+00 -9.417673424960243622e+00
-2.952035203520352091e+00 -9.416009412504621423e+00
-2.951430143014301510e+00 -9.414345450417011207e+00
-2.950825082508250929e+00 -9.412681538789126279e+00
-2.950220022002200349e+00 -9.411017677712669283e+00
-2.949614961496149768e+00 -9.409353867279346417e+00
-2.949009900990099187e+00 -9.407690107580869210e+00
-2.948404840484048606e+00 -9.406026398708940306e+00
-2.947799779977997581e+00 -9.404362740755271233e+00
-2.947194719471947444e+00 -9.402699133811573518e+00
-2.946589658965896419e+00 -9.401035577969542700e+00
-2.945984598459846282e+00 -9.399372073320900967e+00
-2.945379537953795257e+00 -9.397708619957347409e+00
-2.944774477447745120e+00 -9.396045217970590002e+00
-2.944169416941694095e+00 -9.394381867452334944e+00
-2.943564356435643958e+00 -9.392718568494295539e+00
-2.942959295929592933e+00 -9.391055321188172655e+00
-2.942354235423542796e+00 -9.389392125625681373e+00
-2.941749174917491771e+00 -9.387728981898520786e+00
-2.941144114411441191e+00 -9.386065890098404196e+00
-2.940539053905390610e+00 -9.384402850317041356e+00
-2.939933993399340029e+00 -9.382739862646133133e+00
-2.939328932893289448e+00 -9.381076927177387503e+00
-2.938723872387238867e+00 -9.379414044002521322e+00
-2.938118811881188286e+00 -9.377751213213230130e+00
-2.937513751375137705e+00 -9.376088434901230784e+00
-2.936908690869087124e+00 -9.374425709158227704e+00
-2.936303630363036099e+00 -9.372763036075921761e+00
-2.935698569856985962e+00 -9.371100415746035139e+00
-2.935093509350934937e+00 -9.369437848260263380e+00
-2.934488448844884800e+00 -9.367775333710319785e+00
-2.933883388338833775e+00 -9.366112872187907001e+00
-2.933278327832783638e+00 -9.364450463784738332e+00
-2.932673267326732613e+00 -9.362788108592514646e+00
-2.932068206820682477e+00 -9.361125806702952801e+00
-2.931463146314631452e+00 -9.359463558207750111e+00
-2.930858085808580871e+00 -9.357801363198621658e+00
-2.930253025302530290e+00 -9.356139221767273639e+00
-2.929647964796479709e+00 -9.354477134005410477e+00
-2.929042904290429128e+00 -9.352815100004741922e+00
-2.928437843784378547e+00 -9.351153119856977725e+00
-2.927832783278327966e+00 -9.349491193653822307e+00
-2.927227722772277385e+00 -9.347829321486981868e+00
-2.926622662266226804e+00 -9.346167503448169711e+00
-2.926017601760176223e+00 -9.344505739629088481e+00
-2.925412541254125642e+00 -9.342844030121446153e+00
-2.924807480748074617e+00 -9.341182375016952477e+00
-2.924202420242024481e+00 -9.339520774407315429e+00
-2.923597359735973455e+00 -9.337859228384241206e+00
-2.922992299229923319e+00 -9.336197737039434230e+00
-2.922387238723872294e+00 -9.334536300464607805e+00
-2.921782178217822157e+00 -9.332874918751468130e+00
-2.921177117711771132e+00 -9.331213591991721401e+00
-2.920572057205720995e+00 -9.329552320277075594e+00
-2.919966996699669970e+00 -9.327891103699235131e+00
-2.919361936193619389e+00 -9.326229942349915092e+00
-2.918756875687568808e+00 -9.324568836320812792e+00
-2.918151815181518227e+00 -9.322907785703648642e+00
-2.917546754675467646e+00 -9.321246790590119957e+00
-2.916941694169417065e+00 -9.319585851071934712e+00
-2.916336633663366484e+00 -9.317924967240809764e+00
-2.915731573157315903e+00 -9.316264139188442428e+00
-2.915126512651265323e+00 -9.314603367006546009e+00
-2.914521452145214742e+00 -9.312942650786826704e+00
-2.913916391639164161e+00 -9.311281990620990712e+00
-2.913311331133113136e+00 -9.309621386600746007e+00
-2.912706270627062999e+00 -9.307960838817804117e+00
-2.912101210121011974e+00 -9.306300347363862357e+00
-2.911496149614961837e+00 -9.304639912330639362e+00
-2.910891089108910812e+00 -9.302979533809839552e+00
-2.910286028602860675e+00 -9.301319211893172678e+00
-2.909680968096809650e+00 -9.299658946672339610e+00
-2.909075907590759513e+00 -9.297998738239051875e+00
-2.908470847084708488e+00 -9.296338586685017447e+00
-2.907865786578657907e+00 -9.294678492101944300e+00
-2.907260726072607326e+00 -9.293018454581536858e+00
-2.906655665566556745e+00 -9.291358474215504870e+00
-2.906050605060506165e+00 -9.289698551095561641e+00
-2.905445544554455584e+00 -9.288038685313400933e+00
-2.904840484048405003e+00 -9.286378876960744932e+00
-2.904235423542354422e+00 -9.284719126129292732e+00
-2.903630363036303841e+00 -9.283059432910750530e+00
-2.903025302530252816e+00 -9.281399797396833407e+00
-2.902420242024202679e+00 -9.279740219679245783e+00
-2.901815181518151654e+00 -9.278080699849688529e+00
-2.901210121012101517e+00 -9.276421237999883829e+00
-2.900605060506050492e+00 -9.274761834221523671e+00
-2.900000000000000355e+00 -9.273102488606326688e+00
-2.899394939493949330e+00 -9.271443201245993748e+00
-2.898789878987899193e+00 -9.269783972232238156e+00
-2.898184818481848168e+00 -9.268124801656760781e+00
-2.897579757975797587e+00 -9.266465689611273149e+00
-2.896974697469747007e+00 -9.264806636187486788e+00
-2.896369636963696426e+00 -9.263147641477100791e+00
-2.895764576457645845e+00 -9.261488705571828461e+00
-2.895159515951595264e+00 -9.259829828563375997e+00
-2.894554455445544683e+00 -9.258171010543451374e+00
-2.893949394939494102e+00 -9.256512251603760788e+00
-2.893344334433443521e+00 -9.254853551836013992e+00
-2.892739273927392940e+00 -9.253194911331917183e+00
-2.892134213421342359e+00 -9.251536330183176560e+00
-2.891529152915291334e+00 -9.249877808481500097e+00
-2.890924092409241197e+00 -9.248219346318601097e+00
-2.890319031903190172e+00 -9.246560943786180431e+00
-2.889713971397140035e+00 -9.244902600975949625e+00
-2.889108910891089010e+00 -9.243244317979609548e+00
-2.888503850385038874e+00 -9.241586094888880609e+00
-2.887898789878987849e+00 -9.239927931795456573e+00
-2.887293729372937712e+00 -9.238269828791054294e+00
-2.886688668866886687e+00 -9.236611785967374644e+00
-2.886083608360836106e+00 -9.234953803416130924e+00
-2.885478547854785525e+00 -9.233295881229032886e+00
-2.884873487348734944e+00 -9.231638019497776071e+00
-2.884268426842684363e+00 -9.229980218314079110e+00
-2.883663366336633782e+00 -9.228322477769646426e+00
-2.883058305830583201e+00 -9.226664797956185993e+00
-2.882453245324532620e+00 -9.225007178965402233e+00
-2.881848184818482039e+00 -9.223349620889008449e+00
-2.881243124312431458e+00 -9.221692123818709064e+00
-2.880638063806380877e+00 -9.220034687846208499e+00
-2.880033003300329852e+00 -9.218377313063221834e+00
-2.879427942794279716e+00 -9.216719999561449939e+00
-2.878822882288228691e+00 -9.215062747432600787e+00
-2.878217821782178554e+00 -9.213405556768391236e+00
-2.877612761276127529e+00 -9.211748427660513272e+00
-2.877007700770077392e+00 -9.210091360200689081e+00
-2.876402640264026367e+00 -9.208434354480615980e+00
-2.875797579757976230e+00 -9.206777410592012600e+00
-2.875192519251925205e+00 -9.205120528626572707e+00
-2.874587458745874624e+00 -9.203463708676011379e+00
-2.873982398239824043e+00 -9.201806950832036591e+00
-2.873377337733773462e+00 -9.200150255186358095e+00
-2.872772277227722881e+00 -9.198493621830676759e+00
-2.872167216721672300e+00 -9.196837050856707663e+00
-2.871562156215621719e+00 -9.195180542356149900e+00
-2.870957095709571139e+00 -9.193524096420718550e+00
-2.870352035203520558e+00 -9.191867713142116258e+00
-2.869746974697469977e+00 -9.190211392612056329e+00
-2.869141914191419396e+00 -9.188555134922237855e+00
-2.868536853685368371e+00 -9.186898940164377692e+00
-2.867931793179318234e+00 -9.185242808430178485e+00
-2.867326732673267209e+00 -9.183586739811346433e+00
-2.866721672167217072e+00 -9.181930734399591287e+00
-2.866116611661166047e+00 -9.180274792286622798e+00
-2.865511551155115910e+00 -9.178618913564145387e+00
-2.864906490649064885e+00 -9.176963098323867030e+00
-2.864301430143014748e+00 -9.175307346657495700e+00
-2.863696369636963723e+00 -9.173651658656737595e+00
-2.863091309130913142e+00 -9.171996034413306020e+00
-2.862486248624862561e+00 -9.170340474018900068e+00
-2.861881188118811981e+00 -9.168684977565234817e+00
-2.861276127612761400e+00 -9.167029545144012914e+00
-2.860671067106710819e+00 -9.165374176846942333e+00
-2.860066006600660238e+00 -9.163718872765734602e+00
-2.859460946094609657e+00 -9.162063632992094142e+00
-2.858855885588559076e+00 -9.160408457617728928e+00
-2.858250825082508051e+00 -9.158753346734346934e+00
-2.857645764576457914e+00 -9.157098300433656135e+00
-2.857040704070406889e+00 -9.155443318807360953e+00
-2.856435643564356752e+00 -9.153788401947174691e+00
-2.855830583058305727e+00 -9.152133549944799995e+00
-2.855225522552255590e+00 -9.150478762891946616e+00
-2.854620462046204565e+00 -9.148824040880324304e+00
-2.854015401540154429e+00 -9.147169384001635706e+00
-2.853410341034103404e+00 -9.145514792347590571e+00
-2.852805280528052823e+00 -9.143860266009900428e+00
-2.852200220022002242e+00 -9.142205805080266146e+00
-2.851595159515951661e+00 -9.140551409650397474e+00
-2.850990099009901080e+00 -9.138897079812007718e+00
-2.850385038503850499e+00 -9.137242815656794193e+00
-2.849779977997799918e+00 -9.135588617276473755e+00
-2.849174917491749337e+00 -9.133934484762747275e+00
-2.848569856985698756e+00 -9.132280418207329831e+00
-2.847964796479648175e+00 -9.130626417701920516e+00
-2.847359735973597594e+00 -9.128972483338232635e+00
-2.846754675467546569e+00 -9.127318615207972385e+00
-2.846149614961496432e+00 -9.125664813402845965e+00
-2.845544554455445407e+00 -9.124011078014561349e+00
-2.844939493949395271e+00 -9.122357409134830064e+00
-2.844334433443344246e+00 -9.120703806855354756e+00
-2.843729372937294109e+00 -9.119050271267845176e+00
-2.843124312431243084e+00 -9.117396802464009298e+00
-2.842519251925192947e+00 -9.115743400535553320e+00
-2.841914191419141922e+00 -9.114090065574183441e+00
-2.841309130913091341e+00 -9.112436797671611188e+00
-2.840704070407040760e+00 -9.110783596919542759e+00
-2.840099009900990179e+00 -9.109130463409684353e+00
-2.839493949394939598e+00 -9.107477397233743943e+00
-2.838888888888889017e+00 -9.105824398483431281e+00
-2.838283828382838436e+00 -9.104171467250449012e+00
-2.837678767876787855e+00 -9.102518603626512217e+00
-2.837073707370737274e+00 -9.100865807703321764e+00
-2.836468646864686693e+00 -9.099213079572589180e+00
-2.835863586358636113e+00 -9.097560419326018888e+00
-2.835258525852585088e+00 -9.095907827055320638e+00
-2.834653465346534951e+00 -9.094255302852202405e+00
-2.834048404840483926e+00 -9.092602846808372163e+00
-2.833443344334433789e+00 -9.090950459015534335e+00
-2.832838283828382764e+00 -9.089298139565396895e+00
-2.832233223322332627e+00 -9.087645888549671369e+00
-2.831628162816281602e+00 -9.085993706060063957e+00
-2.831023102310231465e+00 -9.084341592188284409e+00
-2.830418041804180440e+00 -9.082689547026031818e+00
-2.829812981298129859e+00 -9.081037570665019487e+00
-2.829207920792079278e+00 -9.079385663196957168e+00
-2.828602860286028697e+00 -9.077733824713549282e+00
-2.827997799779978116e+00 -9.076082055306503804e+00
-2.827392739273927535e+00 -9.074430355067526932e+00
-2.826787678767876955e+00 -9.072778724088331970e+00
-2.826182618261826374e+00 -9.071127162460621562e+00
-2.825577557755775793e+00 -9.069475670276100132e+00
-2.824972497249724768e+00 -9.067824247626482759e+00
-2.824367436743674631e+00 -9.066172894603475640e+00
-2.823762376237623606e+00 -9.064521611298781423e+00
-2.823157315731573469e+00 -9.062870397804115186e+00
-2.822552255225522444e+00 -9.061219254211172469e+00
-2.821947194719472307e+00 -9.059568180611675459e+00
-2.821342134213421282e+00 -9.057917177097321471e+00
-2.820737073707371145e+00 -9.056266243759822032e+00
-2.820132013201320120e+00 -9.054615380690885118e+00
-2.819526952695269983e+00 -9.052964587982218703e+00
-2.818921892189218958e+00 -9.051313865725523655e+00
-2.818316831683168378e+00 -9.049663214012516832e+00
-2.817711771177117797e+00 -9.048012632934899102e+00
-2.817106710671067216e+00 -9.046362122584383769e+00
-2.816501650165016635e+00 -9.044711683052675255e+00
-2.815896589658966054e+00 -9.043061314431479758e+00
-2.815291529152915473e+00 -9.041411016812508805e+00
-2.814686468646864892e+00 -9.039760790287465042e+00
-2.814081408140814311e+00 -9.038110634948061772e+00
-2.813476347634763286e+00 -9.036460550885999865e+00
-2.812871287128713149e+00 -9.034810538192992624e+00
-2.812266226622662124e+00 -9.033160596960744471e+00
-2.811661166116611987e+00 -9.031510727280966933e+00
-2.811056105610560962e+00 -9.029860929245362655e+00
-2.810451045104510825e+00 -9.028211202945643166e+00
-2.809845984598459800e+00 -9.026561548473512886e+00
-2.809240924092409664e+00 -9.024911965920681567e+00
-2.808635863586358639e+00 -9.023262455378855407e+00
-2.808030803080308058e+00 -9.021613016939744156e+00
-2.807425742574257477e+00 -9.019963650695048685e+00
-2.806820682068206896e+00 -9.018314356736487625e+00
-2.806215621562156315e+00 -9.016665135155760069e+00
-2.805610561056105734e+00 -9.015015986044577545e+00
-2.805005500550055153e+00 -9.013366909494646251e+00
-2.804400440044004572e+00 -9.011717905597672384e+00
-2.803795379537953991e+00 -9.010068974445367473e+00
-2.803190319031903410e+00 -9.008420116129434163e+00
-2.802585258525852829e+00 -9.006771330741585757e+00
-2.801980198019801804e+00 -9.005122618373523125e+00
-2.801375137513751667e+00 -9.003473979116959569e+00
-2.800770077007700642e+00 -9.001825413063599512e+00
-2.800165016501650506e+00 -9.000176920305154482e+00
-2.799559955995599481e+00 -8.998528500926456175e+00
-2.798954895489549344e+00 -8.996880154947819008e+00
-2.798349834983498319e+00 -8.995231882354179476e+00
-2.797744774477448182e+00 -8.993583683130122353e+00
-2.797139713971397157e+00 -8.991935557260232414e+00
-2.796534653465346576e+00 -8.990287504729092660e+00
-2.795929592959295995e+00 -8.988639525521280760e+00
-2.795324532453245414e+00 -8.986991619621379712e+00
-2.794719471947194833e+00 -8.985343787013981398e+00
-2.794114411441144252e+00 -8.983696027683652829e+00
-2.793509350935093671e+00 -8.982048341614991216e+00
-2.792904290429043090e+00 -8.980400728792570675e+00
-2.792299229922992510e+00 -8.978753189200975982e+00
-2.791694169416941929e+00 -8.977105722824790135e+00
-2.791089108910891348e+00 -8.975458329648594358e+00
-2.790484048404840323e+00 -8.973811009656968096e+00
-2.789878987898790186e+00 -8.972163762834501455e+00
-2.789273927392739161e+00 -8.970516589165772103e+00
-2.788668866886689024e+00 -8.968869488635363041e+00
-2.788063806380637999e+00 -8.967222461227859043e+00
-2.787458745874587862e+00 -8.965575506927839555e+00
-2.786853685368536837e+00 -8.963928625719887577e+00
-2.786248624862486700e+00 -8.962281817588586108e+00
-2.785643564356435675e+00 -8.960635082518518146e+00
-2.785038503850385094e+00 -8.958988420494264915e+00
-2.784433443344334513e+00 -8.957341831500409413e+00
-2.783828382838283932e+00 -8.955695315521536415e+00
-2.783223322332233352e+00 -8.954048872542225368e+00
-2.782618261826182771e+00 -8.952402502547061047e+00
-2.782013201320132190e+00 -8.950756205520624675e+00
-2.781408140814081609e+00 -8.949109981447499251e+00
-2.780803080308031028e+00 -8.947463830312265998e+00
-2.780198019801980003e+00 -8.945817752099506137e+00
-2.779592959295929866e+00 -8.944171746793809774e+00
-2.778987898789878841e+00 -8.942525814379747473e+00
-2.778382838283828704e+00 -8.940879954841912891e+00
-2.777777777777777679e+00 -8.939234168164880145e+00
-2.777172717271727542e+00 -8.937588454333241117e+00
-2.776567656765676517e+00 -8.935942813331568146e+00
-2.775962596259626380e+00 -8.934297245144451338e+00
-2.775357535753575355e+00 -8.932651749756466586e+00
-2.774752475247524774e+00 -8.931006327152200441e+00
-2.774147414741474194e+00 -8.929360977316237680e+00
-2.773542354235423613e+00 -8.927715700233155971e+00
-2.772937293729373032e+00 -8.926070495887540091e+00
-2.772332233223322451e+00 -8.924425364263974814e+00
-2.771727172717271870e+00 -8.922780305347034258e+00
-2.771122112211221289e+00 -8.921135319121312079e+00
-2.770517051705170708e+00 -8.919490405571384173e+00
-2.769911991199120127e+00 -8.917845564681833537e+00
-2.769306930693069546e+00 -8.916200796437244946e+00
-2.768701870187018521e+00 -8.914556100822196072e+00
-2.768096809680968384e+00 -8.912911477821275241e+00
-2.767491749174917359e+00 -8.911266927419061901e+00
-2.766886688668867222e+00 -8.909622449600139049e+00
-2.766281628162816197e+00 -8.907978044349091462e+00
-2.765676567656766061e+00 -8.906333711650496809e+00
-2.765071507150715036e+00 -8.904689451488938090e+00
-2.764466446644664899e+00 -8.903045263849005408e+00
-2.763861386138613874e+00 -8.901401148715271106e+00
-2.763256325632563293e+00 -8.899757106072325286e+00
-2.762651265126512712e+00 -8.898113135904743842e+00
-2.762046204620462131e+00 -8.896469238197116880e+00
-2.761441144114411550e+00 -8.894825412934022069e+00
-2.760836083608360969e+00 -8.893181660100040631e+00
-2.760231023102310388e+00 -8.891537979679760895e+00
-2.759625962596259807e+00 -8.889894371657760530e+00
-2.759020902090209226e+00 -8.888250836018620760e+00
-2.758415841584158645e+00 -8.886607372746928135e+00
-2.757810781078108064e+00 -8.884963981827263879e+00
-2.757205720572057039e+00 -8.883320663244207438e+00
-2.756600660066006903e+00 -8.881677416982347140e+00
-2.755995599559955878e+00 -8.880034243026260654e+00
-2.755390539053905741e+00 -8.878391141360534533e+00
-2.754785478547854716e+00 -8.876748111969748223e+00
-2.754180418041804579e+00 -8.875105154838484722e+00
-2.753575357535753554e+00 -8.873462269951323478e+00
-2.752970297029703417e+00 -8.871819457292852817e+00
-2.752365236523652392e+00 -8.870176716847653964e+00
-2.751760176017601811e+00 -8.868534048600306363e+00
-2.751155115511551230e+00 -8.866891452535394791e+00
-2.750550055005500649e+00 -8.865248928637498693e+00
-2.749944994499450068e+00 -8.863606476891204622e+00
-2.749339933993399487e+00 -8.861964097281095576e+00
-2.748734873487348906e+00 -8.860321789791752778e+00
-2.748129812981298326e+00 -8.858679554407755674e+00
-2.747524752475247745e+00 -8.857037391113689040e+00
-2.746919691969197164e+00 -8.855395299894135874e+00
-2.746314631463146583e+00 -8.853753280733677400e+00
-2.745709570957095558e+00 -8.852111333616896616e+00
-2.745104510451045421e+00 -8.850469458528376521e+00
-2.744499449944994396e+00 -8.848827655452700114e+00
-2.743894389438944259e+00 -8.847185924374450394e+00
-2.743289328932893234e+00 -8.845544265278205032e+00
-2.742684268426843097e+00 -8.843902678148552354e+00
-2.742079207920792072e+00 -8.842261162970071808e+00
-2.741474147414741935e+00 -8.840619719727349946e+00
-2.740869086908690910e+00 -8.838978348404959107e+00
-2.740264026402640329e+00 -8.837337048987494725e+00
-2.739658965896589748e+00 -8.835695821459534471e+00
-2.739053905390539168e+00 -8.834054665805656015e+00
-2.738448844884488587e+00 -8.832413582010445907e+00
-2.737843784378438006e+00 -8.830772570058487148e+00
-2.737238723872387425e+00 -8.829131629934362735e+00
-2.736633663366336844e+00 -8.827490761622650339e+00
-2.736028602860286263e+00 -8.825849965107938289e+00
-2.735423542354235238e+00 -8.824209240374804253e+00
-2.734818481848185101e+00 -8.822568587407834784e+00
-2.734213421342134076e+00 -8.820928006191609327e+00
-2.733608360836083939e+00 -8.819287496710716212e+00
-2.733003300330032914e+00 -8.817647058949729555e+00
-2.732398239823982777e+00 -8.816006692893237684e+00
-2.731793179317931752e+00 -8.814366398525820046e+00
-2.731188118811881615e+00 -8.812726175832059639e+00
-2.730583058305830590e+00 -8.811086024796541238e+00
-2.729977997799780010e+00 -8.809445945403844291e+00
-2.729372937293729429e+00 -8.807805937638551796e+00
-2.728767876787678848e+00 -8.806166001485250305e+00
-2.728162816281628267e+00 -8.804526136928515712e+00
-2.727557755775577686e+00 -8.802886343952938120e+00
-2.726952695269527105e+00 -8.801246622543093423e+00
-2.726347634763476524e+00 -8.799606972683566397e+00
-2.725742574257425943e+00 -8.797967394358940041e+00
-2.725137513751375362e+00 -8.796327887553797353e+00
-2.724532453245324781e+00 -8.794688452252723110e+00
-2.723927392739273756e+00 -8.793049088440289651e+00
-2.723322332233223619e+00 -8.791409796101092411e+00
-2.722717271727172594e+00 -8.789770575219705506e+00
-2.722112211221122458e+00 -8.788131425780715489e+00
-2.721507150715071433e+00 -8.786492347768700029e+00
-2.720902090209021296e+00 -8.784853341168251006e+00
-2.720297029702970271e+00 -8.783214405963937210e+00
-2.719691969196920134e+00 -8.781575542140355850e+00
-2.719086908690869109e+00 -8.779936749682075714e+00
-2.718481848184818528e+00 -8.778298028573688683e+00
-2.717876787678767947e+00 -8.776659378799777755e+00
-2.717271727172717366e+00 -8.775020800344918825e+00
-2.716666666666666785e+00 -8.773382293193700221e+00
-2.716061606160616204e+00 -8.771743857330701388e+00
-2.715456545654565623e+00 -8.770105492740501774e+00
-2.714851485148515042e+00 -8.768467199407689705e+00
-2.714246424642464461e+00 -8.766828977316846405e+00
-2.713641364136413880e+00 -8.765190826452553097e+00
-2.713036303630363300e+00 -8.763552746799392779e+00
-2.712431243124312275e+00 -8.761914738341944897e+00
-2.711826182618262138e+00 -8.760276801064797780e+00
-2.711221122112211113e+00 -8.758638934952532651e+00
-2.710616061606160976e+00 -8.757001139989728955e+00
-2.710011001100109951e+00 -8.755363416160967915e+00
-2.709405940594059814e+00 -8.753725763450837860e+00
-2.708800880088008789e+00 -8.752088181843916459e+00
-2.708195819581958652e+00 -8.750450671324790264e+00
-2.707590759075907627e+00 -8.748813231878036945e+00
-2.706985698569857046e+00 -8.747175863488243053e+00
-2.706380638063806465e+00 -8.745538566139988035e+00
-2.705775577557755884e+00 -8.743901339817854890e+00
-2.705170517051705303e+00 -8.742264184506428393e+00
-2.704565456545654722e+00 -8.740627100190291543e+00
-2.703960396039604142e+00 -8.738990086854022010e+00
-2.703355335533553561e+00 -8.737353144482206346e+00
-2.702750275027502980e+00 -8.735716273059425774e+00
-2.702145214521451955e+00 -8.734079472570261515e+00
-2.701540154015401818e+00 -8.732442742999303675e+00
-2.700935093509350793e+00 -8.730806084331122818e+00
-2.700330033003300656e+00 -8.729169496550309049e+00
-2.699724972497249631e+00 -8.727532979641441813e+00
-2.699119911991199494e+00 -8.725896533589105886e+00
-2.698514851485148469e+00 -8.724260158377882490e+00
-2.697909790979098332e+00 -8.722623853992356402e+00
-2.697304730473047307e+00 -8.720987620417105290e+00
-2.696699669966997170e+00 -8.719351457636717484e+00
-2.696094609460946145e+00 -8.717715365635768876e+00
-2.695489548954895564e+00 -8.716079344398847795e+00
-2.694884488448844984e+00 -8.714443393910535463e+00
-2.694279427942794403e+00 -8.712807514155411326e+00
-2.693674367436743822e+00 -8.711171705118061936e+00
-2.693069306930693241e+00 -8.709535966783064964e+00
-2.692464246424642660e+00 -8.707900299135008737e+00
-2.691859185918592079e+00 -8.706264702158470925e+00
-2.691254125412541498e+00 -8.704629175838034527e+00
-2.690649064906490473e+00 -8.702993720158282542e+00
-2.690044004400440336e+00 -8.701358335103803299e+00
-2.689438943894389311e+00 -8.699723020659170913e+00
-2.688833883388339174e+00 -8.698087776808973715e+00
-2.688228822882288149e+00 -8.696452603537789372e+00
-2.687623762376238012e+00 -8.694817500830206214e+00
-2.687018701870186987e+00 -8.693182468670798357e+00
-2.686413641364136851e+00 -8.691547507044157683e+00
-2.685808580858085826e+00 -8.689912615934858309e+00
-2.685203520352035245e+00 -8.688277795327486785e+00
-2.684598459845984664e+00 -8.686643045206629665e+00
-2.683993399339934083e+00 -8.685008365556862842e+00
-2.683388338833883502e+00 -8.683373756362772866e+00
-2.682783278327832921e+00 -8.681739217608939185e+00
-2.682178217821782340e+00 -8.680104749279944798e+00
-2.681573157315731759e+00 -8.678470351360372703e+00
-2.680968096809681178e+00 -8.676836023834807676e+00
-2.680363036303630597e+00 -8.675201766687830940e+00
-2.679757975797580016e+00 -8.673567579904021940e+00
-2.679152915291528991e+00 -8.671933463467967229e+00
-2.678547854785478854e+00 -8.670299417364248029e+00
-2.677942794279427829e+00 -8.668665441577445563e+00
-2.677337733773377693e+00 -8.667031536092146382e+00
-2.676732673267326668e+00 -8.665397700892924604e+00
-2.676127612761276531e+00 -8.663763935964373886e+00
-2.675522552255225506e+00 -8.662130241291066568e+00
-2.674917491749175369e+00 -8.660496616857589203e+00
-2.674312431243124344e+00 -8.658863062648526565e+00
-2.673707370737073763e+00 -8.657229578648458101e+00
-2.673102310231023182e+00 -8.655596164841966811e+00
-2.672497249724972601e+00 -8.653962821213637469e+00
-2.671892189218922020e+00 -8.652329547748051297e+00
-2.671287128712871439e+00 -8.650696344429789519e+00
-2.670682068206820858e+00 -8.649063211243435134e+00
-2.670077007700770277e+00 -8.647430148173571141e+00
-2.669471947194719696e+00 -8.645797155204778761e+00
-2.668866886688669116e+00 -8.644164232321642771e+00
-2.668261826182618535e+00 -8.642531379508742617e+00
-2.667656765676567510e+00 -8.640898596750664851e+00
-2.667051705170517373e+00 -8.639265884031987142e+00
-2.666446644664466348e+00 -8.637633241337297818e+00
-2.665841584158416211e+00 -8.636000668651176326e+00
-2.665236523652365186e+00 -8.634368165958202113e+00
-2.664631463146315049e+00 -8.632735733242965281e+00
-2.664026402640264024e+00 -8.631103370490036397e+00
-2.663421342134213887e+00 -8.629471077684010893e+00
-2.662816281628162862e+00 -8.627838854809461111e+00
-2.662211221122112281e+00 -8.626206701850978931e+00
-2.661606160616061700e+00 -8.624574618793138470e+00
-2.661001100110011119e+00 -8.622942605620526280e+00
-2.660396039603960538e+00 -8.621310662317725360e+00
-2.659790979097909958e+00 -8.619678788869316932e+00
-2.659185918591859377e+00 -8.618046985259882220e+00
-2.658580858085808796e+00 -8.616415251474005998e+00
-2.657975797579758215e+00 -8.614783587496269490e+00
-2.657370737073707190e+00 -8.613151993311255694e+00
-2.656765676567657053e+00 -8.611520468903549386e+00
-2.656160616061606028e+00 -8.609889014257726458e+00
-2.655555555555555891e+00 -8.608257629358378793e+00
-2.654950495049504866e+00 -8.606626314190078730e+00
-2.654345434543454729e+00 -8.604995068737418151e+00
-2.653740374037403704e+00 -8.603363892984971173e+00
-2.653135313531353567e+00 -8.601732786917329676e+00
-2.652530253025302542e+00 -8.600101750519064225e+00
-2.651925192519251961e+00 -8.598470783774766701e+00
-2.651320132013201381e+00 -8.596839886669018327e+00
-2.650715071507150800e+00 -8.595209059186398548e+00
-2.650110011001100219e+00 -8.593578301311490364e+00
-2.649504950495049638e+00 -8.591947613028880326e+00
-2.648899889988999057e+00 -8.590316994323146105e+00
-2.648294829482948476e+00 -8.588686445178870699e+00
-2.647689768976897895e+00 -8.587055965580640660e+00
-2.647084708470847314e+00 -8.585425555513033657e+00
-2.646479647964796733e+00 -8.583795214960636244e+00
-2.645874587458745708e+00 -8.582164943908026089e+00
-2.645269526952695571e+00 -8.580534742339789744e+00
-2.644664466446644546e+00 -8.578904610240508433e+00
-2.644059405940594409e+00 -8.577274547594768705e+00
-2.643454345434543384e+00 -8.575644554387142904e+00
-2.642849284928493248e+00 -8.574014630602224685e+00
-2.642244224422442223e+00 -8.572384776224588165e+00
-2.641639163916392086e+00 -8.570754991238821674e+00
-2.641034103410341061e+00 -8.569125275629501104e+00
-2.640429042904290480e+00 -8.567495629381216560e+00
-2.639823982398239899e+00 -8.565866052478547488e+00
-2.639218921892189318e+00 -8.564236544906073334e+00
-2.638613861386138737e+00 -8.562607106648380650e+00
-2.638008800880088156e+00 -8.560977737690050660e+00
-2.637403740374037575e+00 -8.559348438015666360e+00
-2.636798679867986994e+00 -8.557719207609810752e+00
-2.636193619361936413e+00 -8.556090046457061504e+00
-2.635588558855885832e+00 -8.554460954542006945e+00
-2.634983498349835251e+00 -8.552831931849226521e+00
-2.634378437843784226e+00 -8.551202978363305007e+00
-2.633773377337734090e+00 -8.549574094068823626e+00
-2.633168316831683065e+00 -8.547945278950361825e+00
-2.632563256325632928e+00 -8.546316532992511483e+00
-2.631958195819581903e+00 -8.544687856179839613e+00
-2.631353135313531766e+00 -8.543059248496945202e+00
-2.630748074807480741e+00 -8.541430709928400589e+00
-2.630143014301430604e+00 -8.539802240458792326e+00
-2.629537953795379579e+00 -8.538173840072699861e+00
-2.628932893289328998e+00 -8.536545508754709743e+00
-2.628327832783278417e+00 -8.534917246489399645e+00
-2.627722772277227836e+00 -8.533289053261354340e+00
-2.627117711771177255e+00 -8.531660929055160381e+00
-2.626512651265126674e+00 -8.530032873855393660e+00
-2.625907590759076093e+00 -8.528404887646638954e+00
-2.625302530253025513e+00 -8.526776970413479262e+00
-2.624697469746974932e+00 -8.525149122140495805e+00
-2.624092409240924351e+00 -8.523521342812275137e+00
-2.623487348734873770e+00 -8.521893632413396702e+00
-2.622882288228822745e+00 -8.520265990928441724e+00
-2.622277227722772608e+00 -8.518638418341998531e+00
-2.621672167216721583e+00 -8.517010914638639463e+00
-2.621067106710671446e+00 -8.515383479802956401e+00
-2.620462046204620421e+00 -8.513756113819525240e+00
-2.619856985698570284e+00 -8.512128816672937859e+00
-2.619251925192519259e+00 -8.510501588347763047e+00
-2.618646864686469122e+00 -8.508874428828594461e+00
-2.618041804180418097e+00 -8.507247338100011547e+00
-2.617436743674367516e+00 -8.505620316146595528e+00
-2.616831683168316935e+00 -8.503993362952929402e+00
-2.616226622662266355e+00 -8.502366478503594394e+00
-2.615621562156215774e+00 -8.500739662783175277e+00
-2.615016501650165193e+00 -8.499112915776255051e+00
-2.614411441144114612e+00 -8.497486237467413162e+00
-2.613806380638064031e+00 -8.495859627841232609e+00
-2.613201320132013450e+00 -8.494233086882299943e+00
-2.612596259625962425e+00 -8.492606614575192836e+00
-2.611991199119912288e+00 -8.490980210904497838e+00
-2.611386138613861263e+00 -8.489353875854792619e+00
-2.610781078107811126e+00 -8.487727609410665508e+00
-2.610176017601760101e+00 -8.486101411556690621e+00
-2.609570957095709964e+00 -8.484475282277461616e+00
-2.608965896589658939e+00 -8.482849221557549058e+00
-2.608360836083608802e+00 -8.481223229381546602e+00
-2.607755775577557777e+00 -8.479597305734030144e+00
-2.607150715071507197e+00 -8.477971450599582681e+00
-2.606545654565456616e+00 -8.476345663962788990e+00
-2.605940594059406035e+00 -8.474719945808230293e+00
-2.605335533553355454e+00 -8.473094296120486035e+00
-2.604730473047304873e+00 -8.471468714884144546e+00
-2.604125412541254292e+00 -8.469843202083785272e+00
-2.603520352035203711e+00 -8.468217757703989435e+00
-2.602915291529153130e+00 -8.466592381729345362e+00
-2.602310231023102549e+00 -8.464967074144425396e+00
-2.601705170517051968e+00 -8.463341834933821417e+00
-2.601100110011000943e+00 -8.461716664082111095e+00
-2.600495049504950806e+00 -8.460091561573880981e+00
-2.599889988998899781e+00 -8.458466527393705192e+00
-2.599284928492849644e+00 -8.456841561526175610e+00
-2.598679867986798619e+00 -8.455216663955869905e+00
-2.598074807480748483e+00 -8.453591834667374627e+00
-2.597469746974697458e+00 -8.451967073645265671e+00
-2.596864686468647321e+00 -8.450342380874131365e+00
-2.596259625962596296e+00 -8.448717756338551155e+00
-2.595654565456545715e+00 -8.447093200023108039e+00
-2.595049504950495134e+00 -8.445468711912383242e+00
-2.594444444444444553e+00 -8.443844291990965090e+00
-2.593839383938393972e+00 -8.442219940243425924e+00
-2.593234323432343391e+00 -8.440595656654357626e+00
-2.592629262926292810e+00 -8.438971441208341417e+00
-2.592024202420242229e+00 -8.437347293889953193e+00
-2.591419141914191648e+00 -8.435723214683783056e+00
-2.590814081408141067e+00 -8.434099203574406900e+00
-2.590209020902090487e+00 -8.432475260546414830e+00
-2.589603960396039462e+00 -8.430851385584382740e+00
-2.588998899889989325e+00 -8.429227578672895405e+00
-2.588393839383938300e+00 -8.427603839796537599e+00
-2.587788778877888163e+00 -8.425980168939886994e+00
-2.587183718371837138e+00 -8.424356566087530140e+00
-2.586578657865787001e+00 -8.422733031224050038e+00
-2.585973597359735976e+00 -8.421109564334024356e+00
-2.585368536853685839e+00 -8.419486165402039646e+00
-2.584763476347634814e+00 -8.417862834412677131e+00
-2.584158415841584233e+00 -8.416239571350519810e+00
-2.583553355335533652e+00 -8.414616376200147130e+00
-2.582948294829483071e+00 -8.412993248946149194e+00
-2.582343234323432490e+00 -8.411370189573100120e+00
-2.581738173817381909e+00 -8.409747198065586460e+00
-2.581133113311331329e+00 -8.408124274408189436e+00
-2.580528052805280748e+00 -8.406501418585495600e+00
-2.579922992299230167e+00 -8.404878630582082621e+00
-2.579317931793179142e+00 -8.403255910382533500e+00
-2.578712871287129005e+00 -8.401633257971431235e+00
-2.578107810781077980e+00 -8.400010673333358824e+00
-2.577502750275027843e+00 -8.398388156452902820e+00
-2.576897689768976818e+00 -8.396765707314637339e+00
-2.576292629262926681e+00 -8.395143325903150711e+00
-2.575687568756875656e+00 -8.393521012203022380e+00
-2.575082508250825519e+00 -8.391898766198837123e+00
-2.574477447744774494e+00 -8.390276587875179715e+00
-2.573872387238724357e+00 -8.388654477216627825e+00
-2.573267326732673332e+00 -8.387032434207762677e+00
-2.572662266226622751e+00 -8.385410458833170821e+00
-2.572057205720572171e+00 -8.383788551077435258e+00
-2.571452145214521590e+00 -8.382166710925138986e+00
-2.570847084708471009e+00 -8.380544938360857898e+00
-2.570242024202420428e+00 -8.378923233369183876e+00
-2.569636963696369847e+00 -8.377301595934692813e+00
-2.569031903190319266e+00 -8.375680026041967707e+00
-2.568426842684268685e+00 -8.374058523675596888e+00
-2.567821782178217660e+00 -8.372437088820150919e+00
-2.567216721672167523e+00 -8.370815721460227010e+00
-2.566611661166116498e+00 -8.369194421580393950e+00
-2.566006600660066361e+00 -8.367573189165245395e+00
-2.565401540154015336e+00 -8.365952024199357240e+00
-2.564796479647965199e+00 -8.364330926667317812e+00
-2.564191419141914174e+00 -8.362709896553697675e+00
-2.563586358635864038e+00 -8.361088933843095816e+00
-2.562981298129813013e+00 -8.359468038520081024e+00
-2.562376237623762432e+00 -8.357847210569241625e+00
-2.561771177117711851e+00 -8.356226449975160619e+00
-2.561166116611661270e+00 -8.354605756722417453e+00
-2.560561056105610689e+00 -8.352985130795598678e+00
-2.559955995599560108e+00 -8.351364572179283741e+00
-2.559350935093509527e+00 -8.349744080858057416e+00
-2.558745874587458946e+00 -8.348123656816499150e+00
-2.558140814081408365e+00 -8.346503300039195494e+00
-2.557535753575357784e+00 -8.344883010510725896e+00
-2.556930693069307203e+00 -8.343262788215669801e+00
-2.556325632563256178e+00 -8.341642633138617313e+00
-2.555720572057206041e+00 -8.340022545264149656e+00
-2.555115511551155016e+00 -8.338402524576839170e+00
-2.554510451045104880e+00 -8.336782571061283065e+00
-2.553905390539053855e+00 -8.335162684702050129e+00
-2.553300330033003718e+00 -8.333542865483734019e+00
-2.552695269526952693e+00 -8.331923113390912405e+00
-2.552090209020902556e+00 -8.330303428408166511e+00
-2.551485148514851531e+00 -8.328683810520082886e+00
-2.550880088008800950e+00 -8.327064259711237426e+00
-2.550275027502750369e+00 -8.325444775966218458e+00
-2.549669966996699788e+00 -8.323825359269610757e+00
-2.549064906490649207e+00 -8.322206009605988442e+00
-2.548459845984598626e+00 -8.320586726959939838e+00
-2.547854785478548045e+00 -8.318967511316044394e+00
-2.547249724972497464e+00 -8.317348362658888661e+00
-2.546644664466446883e+00 -8.315729280973050308e+00
-2.546039603960396303e+00 -8.314110266243115888e+00
-2.545434543454345722e+00 -8.312491318453666622e+00
-2.544829482948294697e+00 -8.310872437589280182e+00
-2.544224422442244560e+00 -8.309253623634550223e+00
-2.543619361936193535e+00 -8.307634876574047311e+00
-2.543014301430143398e+00 -8.306016196392361550e+00
-2.542409240924092373e+00 -8.304397583074070610e+00
-2.541804180418042236e+00 -8.302779036603762819e+00
-2.541199119911991211e+00 -8.301160556966014070e+00
-2.540594059405941074e+00 -8.299542144145412692e+00
-2.539988998899890049e+00 -8.297923798126536354e+00
-2.539383938393839468e+00 -8.296305518893971609e+00
-2.538778877887788887e+00 -8.294687306432296126e+00
-2.538173817381738306e+00 -8.293069160726098232e+00
-2.537568756875687725e+00 -8.291451081759957376e+00
-2.536963696369637145e+00 -8.289833069518454778e+00
-2.536358635863586564e+00 -8.288215123986176991e+00
-2.535753575357535983e+00 -8.286597245147699908e+00
-2.535148514851485402e+00 -8.284979432987613635e+00
-2.534543454345434377e+00 -8.283361687490495839e+00
-2.533938393839384240e+00 -8.281744008640927746e+00
-2.533333333333333215e+00 -8.280126396423494128e+00
-2.532728272827283078e+00 -8.278508850822783316e+00
-2.532123212321232053e+00 -8.276891371823369425e+00
-2.531518151815181916e+00 -8.275273959409835456e+00
-2.530913091309130891e+00 -8.273656613566769735e+00
-2.530308030803080754e+00 -8.272039334278746381e+00
-2.529702970297029729e+00 -8.270422121530357273e+00
-2.529097909790979148e+00 -8.268804975306180083e+00
-2.528492849284928567e+00 -8.267187895590796032e+00
-2.527887788778877987e+00 -8.265570882368789896e+00
-2.527282728272827406e+00 -8.263953935624741121e+00
-2.526677667766776825e+00 -8.262337055343238035e+00
-2.526072607260726244e+00 -8.260720241508856532e+00
-2.525467546754675663e+00 -8.259103494106184939e+00
-2.524862486248625082e+00 -8.257486813119800928e+00
-2.524257425742574501e+00 -8.255870198534289273e+00
-2.523652365236523920e+00 -8.254253650334234749e+00
-2.523047304730472895e+00 -8.252637168504211473e+00
-2.522442244224422758e+00 -8.251020753028814880e+00
-2.521837183718371733e+00 -8.249404403892613757e+00
-2.521232123212321596e+00 -8.247788121080203538e+00
-2.520627062706270571e+00 -8.246171904576158340e+00
-2.520022002200220435e+00 -8.244555754365062938e+00
-2.519416941694169410e+00 -8.242939670431495003e+00
-2.518811881188119273e+00 -8.241323652760049967e+00
-2.518206820682068248e+00 -8.239707701335294843e+00
-2.517601760176017667e+00 -8.238091816141821511e+00
-2.516996699669967086e+00 -8.236475997164211194e+00
-2.516391639163916505e+00 -8.234860244387045114e+00
-2.515786578657865924e+00 -8.233244557794908047e+00
-2.515181518151815343e+00 -8.231628937372377663e+00
-2.514576457645764762e+00 -8.230013383104040514e+00
-2.513971397139714181e+00 -8.228397894974479598e+00
-2.513366336633663600e+00 -8.226782472968270810e+00
-2.512761276127613019e+00 -8.225167117070007805e+00
-2.512156215621562438e+00 -8.223551827264262926e+00
-2.511551155115511413e+00 -8.221936603535622723e+00
-2.510946094609461277e+00 -8.220321445868673749e+00
-2.510341034103410252e+00 -8.218706354247991897e+00
-2.509735973597360115e+00 -8.217091328658160165e+00
-2.509130913091309090e+00 -8.215476369083765107e+00
-2.508525852585258953e+00 -8.213861475509384391e+00
-2.507920792079207928e+00 -8.212246647919608122e+00
-2.507315731573157791e+00 -8.210631886299012194e+00
-2.506710671067106766e+00 -8.209017190632177829e+00
-2.506105610561056185e+00 -8.207402560903693356e+00
-2.505500550055005604e+00 -8.205787997098136444e+00
-2.504895489548955023e+00 -8.204173499200093644e+00
-2.504290429042904442e+00 -8.202559067194146181e+00
-2.503685368536853861e+00 -8.200944701064873499e+00
-2.503080308030803280e+00 -8.199330400796862151e+00
-2.502475247524752699e+00 -8.197716166374691582e+00
-2.501870187018702119e+00 -8.196101997782944792e+00
-2.501265126512651094e+00 -8.194487895006204781e+00
-2.500660066006600957e+00 -8.192873858029058098e+00
-2.500055005500549932e+00 -8.191259886836078863e+00
-2.499449944994499795e+00 -8.189645981411860731e+00
-2.498844884488448770e+00 -8.188032141740972492e+00
-2.498239823982398633e+00 -8.186418367808009577e+00
-2.497634763476347608e+00 -8.184804659597546106e+00
-2.497029702970297471e+00 -8.183191017094165076e+00
-2.496424642464246446e+00 -8.181577440282453040e+00
-2.495819581958196309e+00 -8.179963929146992996e+00
-2.495214521452145284e+00 -8.178350483672359061e+00
-2.494609460946094703e+00 -8.176737103843143117e+00
-2.494004400440044122e+00 -8.175123789643922834e+00
-2.493399339933993542e+00 -8.173510541059284762e+00
-2.492794279427942961e+00 -8.171897358073808348e+00
-2.492189218921892380e+00 -8.170284240672074816e+00
-2.491584158415841799e+00 -8.168671188838670716e+00
-2.490979097909791218e+00 -8.167058202558171942e+00
-2.490374037403740637e+00 -8.165445281815170375e+00
-2.489768976897689612e+00 -8.163832426594236580e+00
-2.489163916391639475e+00 -8.162219636879965989e+00
-2.488558855885588450e+00 -8.160606912656934497e+00
-2.487953795379538313e+00 -8.158994253909721550e+00
-2.487348734873487288e+00 -8.157381660622915476e+00
-2.486743674367437151e+00 -8.155769132781095720e+00
-2.486138613861386126e+00 -8.154156670368845283e+00
-2.485533553355335989e+00 -8.152544273370748940e+00
-2.484928492849284964e+00 -8.150931941771384359e+00
-2.484323432343234384e+00 -8.149319675555338094e+00
-2.483718371837183803e+00 -8.147707474707189590e+00
-2.483113311331133222e+00 -8.146095339211523623e+00
-2.482508250825082641e+00 -8.144483269052923191e+00
-2.481903190319032060e+00 -8.142871264215971294e+00
-2.481298129812981479e+00 -8.141259324685250931e+00
-2.480693069306930898e+00 -8.139647450445336219e+00
-2.480088008800880317e+00 -8.138035641480819038e+00
-2.479482948294829736e+00 -8.136423897776278835e+00
-2.478877887788779155e+00 -8.134812219316296833e+00
-2.478272827282728130e+00 -8.133200606085456030e+00
-2.477667766776677993e+00 -8.131589058068342979e+00
-2.477062706270626968e+00 -8.129977575249535349e+00
-2.476457645764576831e+00 -8.128366157613616139e+00
-2.475852585258525806e+00 -8.126754805145168348e+00
-2.475247524752475670e+00 -8.125143517828780304e+00
-2.474642464246424645e+00 -8.123532295649022572e+00
-2.474037403740374508e+00 -8.121921138590488809e+00
-2.473432343234323483e+00 -8.120310046637754908e+00
-2.472827282728272902e+00 -8.118699019775407422e+00
-2.472222222222222321e+00 -8.117088057988024019e+00
-2.471617161716171740e+00 -8.115477161260193029e+00
-2.471012101210121159e+00 -8.113866329576493897e+00
-2.470407040704070578e+00 -8.112255562921506069e+00
-2.469801980198019997e+00 -8.110644861279816098e+00
-2.469196919691969416e+00 -8.109034224636006982e+00
-2.468591859185918835e+00 -8.107423652974659944e+00
-2.467986798679868254e+00 -8.105813146280356207e+00
-2.467381738173817673e+00 -8.104202704537680546e+00
-2.466776677667766648e+00 -8.102592327731212407e+00
-2.466171617161716512e+00 -8.100982015845540118e+00
-2.465566556655665487e+00 -8.099371768865237797e+00
-2.464961496149615350e+00 -8.097761586774891995e+00
-2.464356435643564325e+00 -8.096151469559089264e+00
-2.463751375137514188e+00 -8.094541417202409050e+00
-2.463146314631463163e+00 -8.092931429689430800e+00
-2.462541254125413026e+00 -8.091321507004741065e+00
-2.461936193619362001e+00 -8.089711649132915738e+00
-2.461331133113311420e+00 -8.088101856058548478e+00
-2.460726072607260839e+00 -8.086492127766213400e+00
-2.460121012101210258e+00 -8.084882464240495281e+00
-2.459515951595159677e+00 -8.083272865465977119e+00
-2.458910891089109096e+00 -8.081663331427241914e+00
-2.458305830583058516e+00 -8.080053862108867335e+00
-2.457700770077007935e+00 -8.078444457495441711e+00
-2.457095709570957354e+00 -8.076835117571546263e+00
-2.456490649064906329e+00 -8.075225842321762215e+00
-2.455885588558856192e+00 -8.073616631730672566e+00
-2.455280528052805167e+00 -8.072007485782856762e+00
-2.454675467546755030e+00 -8.070398404462906683e+00
-2.454070407040704005e+00 -8.068789387755394671e+00
-2.453465346534653868e+00 -8.067180435644907277e+00
-2.452860286028602843e+00 -8.065571548116025724e+00
-2.452255225522552706e+00 -8.063962725153338340e+00
-2.451650165016501681e+00 -8.062353966741419242e+00
-2.451045104510451100e+00 -8.060745272864853206e+00
-2.450440044004400519e+00 -8.059136643508225006e+00
-2.449834983498349938e+00 -8.057528078656114090e+00
-2.449229922992299358e+00 -8.055919578293108785e+00
-2.448624862486248777e+00 -8.054311142403788537e+00
-2.448019801980198196e+00 -8.052702770972732793e+00
-2.447414741474147615e+00 -8.051094463984526328e+00
-2.446809680968097034e+00 -8.049486221423752141e+00
-2.446204620462046453e+00 -8.047878043274991455e+00
-2.445599559955995872e+00 -8.046269929522829045e+00
-2.444994499449944847e+00 -8.044661880151846134e+00
-2.444389438943894710e+00 -8.043053895146625720e+00
-2.443784378437843685e+00 -8.041445974491749027e+00
-2.443179317931793548e+00 -8.039838118171797277e+00
-2.442574257425742523e+00 -8.038230326171357021e+00
-2.441969196919692386e+00 -8.036622598475007706e+00
-2.441364136413641361e+00 -8.035014935067332331e+00
-2.440759075907591225e+00 -8.033407335932915672e+00
-2.440154015401540200e+00 -8.031799801056337174e+00
-2.439548954895489619e+00 -8.030192330422178060e+00
-2.438943894389439038e+00 -8.028584924015026658e+00
-2.438338833883388457e+00 -8.026977581819460639e+00
-2.437733773377337876e+00 -8.025370303820066553e+00
-2.437128712871287295e+00 -8.023763090001422071e+00
-2.436523652365236714e+00 -8.022155940348110192e+00
-2.435918591859186133e+00 -8.020548854844717468e+00
-2.435313531353135552e+00 -8.018941833475823344e+00
-2.434708470847084971e+00 -8.017334876226010820e+00
-2.434103410341034390e+00 -8.015727983079864671e+00
-2.433498349834983365e+00 -8.014121154021962568e+00
-2.432893289328933228e+00 -8.012514389036891060e+00
-2.432288228822882203e+00 -8.010907688109231373e+00
-2.431683168316832067e+00 -8.009301051223566503e+00
-2.431078107810781042e+00 -8.007694478364475899e+00
-2.430473047304730905e+00 -8.006087969516549663e+00
-2.429867986798679880e+00 -8.004481524664358361e+00
-2.429262926292629743e+00 -8.002875143792499202e+00
-2.428657865786578718e+00 -8.001268826885539198e+00
-2.428052805280528137e+00 -7.999662573928072007e+00
-2.427447744774477556e+00 -7.998056384904677962e+00
-2.426842684268426975e+00 -7.996450259799936511e+00
-2.426237623762376394e+00 -7.994844198598433316e+00
-2.425632563256325813e+00 -7.993238201284746047e+00
-2.425027502750275232e+00 -7.991632267843464810e+00
-2.424422442244224651e+00 -7.990026398259164608e+00
-2.423817381738174070e+00 -7.988420592516432883e+00
-2.423212321232123490e+00 -7.986814850599849080e+00
-2.422607260726072909e+00 -7.985209172493998864e+00
-2.422002200220021884e+00 -7.983603558183461679e+00
-2.421397139713971747e+00 -7.981998007652822302e+00
-2.420792079207920722e+00 -7.980392520886661956e+00
-2.420187018701870585e+00 -7.978787097869564526e+00
-2.419581958195819560e+00 -7.977181738586105908e+00
-2.418976897689769423e+00 -7.975576443020880646e+00
-2.418371837183718398e+00 -7.973971211158460193e+00
-2.417766776677668261e+00 -7.972366042983435541e+00
-2.417161716171617236e+00 -7.970760938480380808e+00
-2.416556655665566655e+00 -7.969155897633886987e+00
-2.415951595159516074e+00 -7.967550920428529970e+00
-2.415346534653465493e+00 -7.965946006848894534e+00
-2.414741474147414912e+00 -7.964341156879563677e+00
-2.414136413641364332e+00 -7.962736370505118622e+00
-2.413531353135313751e+00 -7.961131647710145032e+00
-2.412926292629263170e+00 -7.959526988479221465e+00
-2.412321232123212589e+00 -7.957922392796932698e+00
-2.411716171617161564e+00 -7.956317860647859952e+00
-2.411111111111111427e+00 -7.954713392016588003e+00
-2.410506050605060402e+00 -7.953108986887696297e+00
-2.409900990099010265e+00 -7.951504645245771385e+00
-2.409295929592959240e+00 -7.949900367075390051e+00
-2.408690869086909103e+00 -7.948296152361141509e+00
-2.408085808580858078e+00 -7.946692001087600765e+00
-2.407480748074807941e+00 -7.945087913239357036e+00
-2.406875687568756916e+00 -7.943483888800987103e+00
-2.406270627062706335e+00 -7.941879927757079294e+00
-2.405665566556655754e+00 -7.940276030092211279e+00
-2.405060506050605174e+00 -7.938672195790968722e+00
-2.404455445544554593e+00 -7.937068424837931957e+00
-2.403850385038504012e+00 -7.935464717217685759e+00
-2.403245324532453431e+00 -7.933861072914810464e+00
-2.402640264026402850e+00 -7.932257491913887293e+00
-2.402035203520352269e+00 -7.930653974199504574e+00
-2.401430143014301688e+00 -7.929050519756239090e+00
-2.400825082508251107e+00 -7.927447128568676504e+00
-2.400220022002200082e+00 -7.925843800621397151e+00
-2.399614961496149945e+00 -7.924240535898984916e+00
-2.399009900990098920e+00 -7.922637334386020136e+00
-2.398404840484048783e+00 -7.921034196067091138e+00
-2.397799779977997758e+00 -7.919431120926770262e+00
-2.397194719471947622e+00 -7.917828108949651167e+00
-2.396589658965896596e+00 -7.916225160120307969e+00
-2.395984598459846460e+00 -7.914622274423328996e+00
-2.395379537953795435e+00 -7.913019451843293695e+00
-2.394774477447744854e+00 -7.911416692364784176e+00
-2.394169416941694273e+00 -7.909813995972384326e+00
-2.393564356435643692e+00 -7.908211362650676257e+00
-2.392959295929593111e+00 -7.906608792384241191e+00
-2.392354235423542530e+00 -7.905006285157663903e+00
-2.391749174917491949e+00 -7.903403840955525617e+00
-2.391144114411441368e+00 -7.901801459762409330e+00
-2.390539053905390787e+00 -7.900199141562896266e+00
-2.389933993399340206e+00 -7.898596886341570311e+00
-2.389328932893289625e+00 -7.896994694083014465e+00
-2.388723872387238600e+00 -7.895392564771809951e+00
-2.388118811881188464e+00 -7.893790498392537991e+00
-2.387513751375137439e+00 -7.892188494929784248e+00
-2.386908690869087302e+00 -7.890586554368129057e+00
-2.386303630363036277e+00 -7.888984676692155418e+00
-2.385698569856986140e+00 -7.887382861886448104e+00
-2.385093509350935115e+00 -7.885781109935584787e+00
-2.384488448844884978e+00 -7.884179420824151130e+00
-2.383883388338833953e+00 -7.882577794536728355e+00
-2.383278327832783372e+00 -7.880976231057900350e+00
-2.382673267326732791e+00 -7.879374730372251889e+00
-2.382068206820682210e+00 -7.877773292464357091e+00
-2.381463146314631629e+00 -7.876171917318808724e+00
-2.380858085808581048e+00 -7.874570604920181793e+00
-2.380253025302530467e+00 -7.872969355253061963e+00
-2.379647964796479886e+00 -7.871368168302031343e+00
-2.379042904290429306e+00 -7.869767044051672045e+00
-2.378437843784378281e+00 -7.868165982486567067e+00
-2.377832783278328144e+00 -7.866564983591301186e+00
-2.377227722772277119e+00 -7.864964047350451182e+00
-2.376622662266226982e+00 -7.863363173748604495e+00
-2.376017601760175957e+00 -7.861762362770340573e+00
-2.375412541254125820e+00 -7.860161614400245078e+00
-2.374807480748074795e+00 -7.858560928622896569e+00
-2.374202420242024658e+00 -7.856960305422883373e+00
-2.373597359735973633e+00 -7.855359744784779608e+00
-2.372992299229923496e+00 -7.853759246693173601e+00
-2.372387238723872471e+00 -7.852158811132646576e+00
-2.371782178217821890e+00 -7.850558438087782420e+00
-2.371177117711771309e+00 -7.848958127543164132e+00
-2.370572057205720728e+00 -7.847357879483368492e+00
-2.369966996699670148e+00 -7.845757693892982054e+00
-2.369361936193619567e+00 -7.844157570756590481e+00
-2.368756875687568986e+00 -7.842557510058772330e+00
-2.368151815181518405e+00 -7.840957511784107936e+00
-2.367546754675467824e+00 -7.839357575917184739e+00
-2.366941694169416799e+00 -7.837757702442583074e+00
-2.366336633663366662e+00 -7.836157891344885940e+00
-2.365731573157315637e+00 -7.834558142608673670e+00
-2.365126512651265500e+00 -7.832958456218532817e+00
-2.364521452145214475e+00 -7.831358832159041050e+00
-2.363916391639164338e+00 -7.829759270414784922e+00
-2.363311331133113313e+00 -7.828159770970342990e+00
-2.362706270627063176e+00 -7.826560333810305359e+00
-2.362101210121012151e+00 -7.824960958919246146e+00
-2.361496149614961571e+00 -7.823361646281750126e+00
-2.360891089108910990e+00 -7.821762395882400298e+00
-2.360286028602860409e+00 -7.820163207705781439e+00
-2.359680968096809828e+00 -7.818564081736472104e+00
-2.359075907590759247e+00 -7.816965017959057960e+00
-2.358470847084708666e+00 -7.815366016358122003e+00
-2.357865786578658085e+00 -7.813767076918242793e+00
-2.357260726072607504e+00 -7.812168199624006881e+00
-2.356655665566556923e+00 -7.810569384459992825e+00
-2.356050605060506342e+00 -7.808970631410786289e+00
-2.355445544554455317e+00 -7.807371940460969384e+00
-2.354840484048405180e+00 -7.805773311595123332e+00
-2.354235423542354155e+00 -7.804174744797831131e+00
-2.353630363036304018e+00 -7.802576240053677559e+00
-2.353025302530252993e+00 -7.800977797347237619e+00
-2.352420242024202857e+00 -7.799379416663105857e+00
-2.351815181518151832e+00 -7.797781097985853727e+00
-2.351210121012101695e+00 -7.796182841300071331e+00
-2.350605060506050670e+00 -7.794584646590333676e+00
-2.350000000000000089e+00 -7.792986513841231755e+00
-2.349394939493949508e+00 -7.791388443037341460e+00
-2.348789878987898927e+00 -7.789790434163248456e+00
-2.348184818481848346e+00 -7.788192487203533965e+00
-2.347579757975797765e+00 -7.786594602142781874e+00
-2.346974697469747184e+00 -7.784996778965572517e+00
-2.346369636963696603e+00 -7.783399017656490670e+00
-2.345764576457646022e+00 -7.781801318200117557e+00
-2.345159515951595441e+00 -7.780203680581036174e+00
-2.344554455445544860e+00 -7.778606104783828634e+00
-2.343949394939493835e+00 -7.777008590793076159e+00
-2.343344334433443699e+00 -7.775411138593365301e+00
-2.342739273927392674e+00 -7.773813748169273730e+00
-2.342134213421342537e+00 -7.772216419505388885e+00
-2.341529152915291512e+00 -7.770619152586286660e+00
-2.340924092409241375e+00 -7.769021947396557159e+00
-2.340319031903190350e+00 -7.767424803920775389e+00
-2.339713971397140213e+00 -7.765827722143530565e+00
-2.339108910891089188e+00 -7.764230702049401245e+00
-2.338503850385038607e+00 -7.762633743622971316e+00
-2.337898789878988026e+00 -7.761036846848822002e+00
-2.337293729372937445e+00 -7.759440011711537188e+00
-2.336688668866886864e+00 -7.757843238195698099e+00
-2.336083608360836283e+00 -7.756246526285888621e+00
-2.335478547854785702e+00 -7.754649875966689976e+00
-2.334873487348735122e+00 -7.753053287222687828e+00
-2.334268426842684541e+00 -7.751456760038459848e+00
-2.333663366336633516e+00 -7.749860294398589033e+00
-2.333058305830583379e+00 -7.748263890287664601e+00
-2.332453245324532354e+00 -7.746667547690258004e+00
-2.331848184818482217e+00 -7.745071266590964676e+00
-2.331243124312431192e+00 -7.743475046974355180e+00
-2.330638063806381055e+00 -7.741878888825018734e+00
-2.330033003300330030e+00 -7.740282792127536560e+00
-2.329427942794279893e+00 -7.738686756866491656e+00
-2.328822882288228868e+00 -7.737090783026463470e+00
-2.328217821782178287e+00 -7.735494870592036776e+00
-2.327612761276127706e+00 -7.733899019547795461e+00
-2.327007700770077125e+00 -7.732303229878320749e+00
-2.326402640264026545e+00 -7.730707501568192974e+00
-2.325797579757975964e+00 -7.729111834601998687e+00
-2.325192519251925383e+00 -7.727516228964317335e+00
-2.324587458745874802e+00 -7.725920684639733693e+00
-2.323982398239824221e+00 -7.724325201612827207e+00
-2.323377337733773640e+00 -7.722729779868183542e+00
-2.322772277227723059e+00 -7.721134419390383030e+00
-2.322167216721672034e+00 -7.719539120164008672e+00
-2.321562156215621897e+00 -7.717943882173643466e+00
-2.320957095709570872e+00 -7.716348705403868635e+00
-2.320352035203520735e+00 -7.714753589839271619e+00
-2.319746974697469710e+00 -7.713158535464426535e+00
-2.319141914191419573e+00 -7.711563542263922599e+00
-2.318536853685368548e+00 -7.709968610222338370e+00
-2.317931793179318412e+00 -7.708373739324262175e+00
-2.317326732673267387e+00 -7.706778929554267243e+00
-2.316721672167216806e+00 -7.705184180896944568e+00
-2.316116611661166225e+00 -7.703589493336870930e+00
-2.315511551155115644e+00 -7.701994866858631994e+00
-2.314906490649065063e+00 -7.700400301446808982e+00
-2.314301430143014482e+00 -7.698805797085986669e+00
-2.313696369636963901e+00 -7.697211353760744501e+00
-2.313091309130913320e+00 -7.695616971455666366e+00
-2.312486248624862739e+00 -7.694022650155335263e+00
-2.311881188118812158e+00 -7.692428389844331527e+00
-2.311276127612761577e+00 -7.690834190507240820e+00
-2.310671067106710552e+00 -7.689240052128642589e+00
-2.310066006600660415e+00 -7.687645974693123385e+00
-2.309460946094609390e+00 -7.686051958185260879e+00
-2.308855885588559254e+00 -7.684458002589639847e+00
-2.308250825082508229e+00 -7.682864107890839733e+00
-2.307645764576458092e+00 -7.681270274073452420e+00
-2.307040704070407067e+00 -7.679676501122048471e+00
-2.306435643564356930e+00 -7.678082789021217991e+00
-2.305830583058305905e+00 -7.676489137755542203e+00
-2.305225522552255324e+00 -7.674895547309600552e+00
-2.304620462046204743e+00 -7.673302017667980479e+00
-2.304015401540154162e+00 -7.671708548815258766e+00
-2.303410341034103581e+00 -7.670115140736022852e+00
-2.302805280528053000e+00 -7.668521793414853072e+00
-2.302200220022002419e+00 -7.666928506836331536e+00
-2.301595159515951838e+00 -7.665335280985040356e+00
-2.300990099009901257e+00 -7.663742115845566083e+00
-2.300385038503850677e+00 -7.662149011402487275e+00
-2.299779977997800096e+00 -7.660555967640385155e+00
-2.299174917491749071e+00 -7.658962984543845387e+00
-2.298569856985698934e+00 -7.657370062097450969e+00
-2.297964796479647909e+00 -7.655777200285780459e+00
-2.297359735973597772e+00 -7.654184399093418634e+00
-2.296754675467546747e+00 -7.652591658504950267e+00
-2.296149614961496610e+00 -7.650998978504956582e+00
-2.295544554455445585e+00 -7.649406359078016138e+00
-2.294939493949395448e+00 -7.647813800208716373e+00
-2.294334433443344423e+00 -7.646221301881636734e+00
-2.293729372937293842e+00 -7.644628864081361108e+00
-2.293124312431243261e+00 -7.643036486792473383e+00
-2.292519251925192680e+00 -7.641444169999553004e+00
-2.291914191419142099e+00 -7.639851913687183860e+00
-2.291309130913091519e+00 -7.638259717839948948e+00
-2.290704070407040938e+00 -7.636667582442430380e+00
-2.290099009900990357e+00 -7.635075507479208490e+00
-2.289493949394939776e+00 -7.633483492934871606e+00
-2.288888888888888751e+00 -7.631891538793997398e+00
-2.288283828382838614e+00 -7.630299645041169754e+00
-2.287678767876787589e+00 -7.628707811660968119e+00
-2.287073707370737452e+00 -7.627116038637981710e+00
-2.286468646864686427e+00 -7.625524325956785532e+00
-2.285863586358636290e+00 -7.623932673601968801e+00
-2.285258525852585265e+00 -7.622341081558108300e+00
-2.284653465346535128e+00 -7.620749549809790580e+00
-2.284048404840484103e+00 -7.619158078341594198e+00
-2.283443344334433522e+00 -7.617566667138104819e+00
-2.282838283828382941e+00 -7.615975316183906330e+00
-2.282233223322332361e+00 -7.614384025463577288e+00
-2.281628162816281780e+00 -7.612792794961703358e+00
-2.281023102310231199e+00 -7.611201624662865761e+00
-2.280418041804180618e+00 -7.609610514551644833e+00
-2.279812981298130037e+00 -7.608019464612627125e+00
-2.279207920792079456e+00 -7.606428474830392972e+00
-2.278602860286028875e+00 -7.604837545189525372e+00
-2.277997799779978294e+00 -7.603246675674606436e+00
-2.277392739273927269e+00 -7.601655866270216499e+00
-2.276787678767877132e+00 -7.600065116960943001e+00
-2.276182618261826107e+00 -7.598474427731363612e+00
-2.275577557755775970e+00 -7.596883798566065771e+00
-2.274972497249724945e+00 -7.595293229449627148e+00
-2.274367436743674808e+00 -7.593702720366633407e+00
-2.273762376237623783e+00 -7.592112271301663107e+00
-2.273157315731573647e+00 -7.590521882239303686e+00
-2.272552255225522622e+00 -7.588931553164135480e+00
-2.271947194719472041e+00 -7.587341284060739710e+00
-2.271342134213421460e+00 -7.585751074913702929e+00
-2.270737073707370879e+00 -7.584160925707601919e+00
-2.270132013201320298e+00 -7.582570836427023231e+00
-2.269526952695269717e+00 -7.580980807056549864e+00
-2.268921892189219136e+00 -7.579390837580761264e+00
-2.268316831683168555e+00 -7.577800927984240431e+00
-2.267711771177117974e+00 -7.576211078251573916e+00
-2.267106710671067393e+00 -7.574621288367337613e+00
-2.266501650165016812e+00 -7.573031558316119849e+00
-2.265896589658965787e+00 -7.571441888082499183e+00
-2.265291529152915651e+00 -7.569852277651060390e+00
-2.264686468646864625e+00 -7.568262727006383805e+00
-2.264081408140814489e+00 -7.566673236133057756e+00
-2.263476347634763464e+00 -7.565083805015656360e+00
-2.262871287128713327e+00 -7.563494433638767056e+00
-2.262266226622662302e+00 -7.561905121986971956e+00
-2.261661166116612165e+00 -7.560315870044853170e+00
-2.261056105610561140e+00 -7.558726677796991922e+00
-2.260451045104510559e+00 -7.557137545227972986e+00
-2.259845984598459978e+00 -7.555548472322376696e+00
-2.259240924092409397e+00 -7.553959459064788717e+00
-2.258635863586358816e+00 -7.552370505439787607e+00
-2.258030803080308235e+00 -7.550781611431957252e+00
-2.257425742574257654e+00 -7.549192777025882428e+00
-2.256820682068207073e+00 -7.547604002206141693e+00
-2.256215621562156493e+00 -7.546015286957320711e+00
-2.255610561056105468e+00 -7.544426631263999816e+00
-2.255005500550055331e+00 -7.542838035110765560e+00
-2.254400440044004306e+00 -7.541249498482194724e+00
-2.253795379537954169e+00 -7.539661021362873861e+00
-2.253190319031903144e+00 -7.538072603737381527e+00
-2.252585258525853007e+00 -7.536484245590308717e+00
-2.251980198019801982e+00 -7.534895946906225994e+00
-2.251375137513751845e+00 -7.533307707669724351e+00
-2.250770077007700820e+00 -7.531719527865381458e+00
-2.250165016501650683e+00 -7.530131407477788308e+00
-2.249559955995599658e+00 -7.528543346491515464e+00
-2.248954895489549077e+00 -7.526955344891153921e+00
-2.248349834983498496e+00 -7.525367402661281346e+00
-2.247744774477447915e+00 -7.523779519786485181e+00
-2.247139713971397335e+00 -7.522191696251344872e+00
-2.246534653465346754e+00 -7.520603932040440753e+00
-2.245929592959296173e+00 -7.519016227138358488e+00
-2.245324532453245592e+00 -7.517428581529681075e+00
-2.244719471947195011e+00 -7.515840995198990626e+00
-2.244114411441143986e+00 -7.514253468130866587e+00
-2.243509350935093849e+00 -7.512666000309895509e+00
-2.242904290429042824e+00 -7.511078591720656839e+00
-2.242299229922992687e+00 -7.509491242347735351e+00
-2.241694169416941662e+00 -7.507903952175709605e+00
-2.241089108910891525e+00 -7.506316721189168817e+00
-2.240484048404840500e+00 -7.504729549372688879e+00
-2.239878987898790363e+00 -7.503142436710855456e+00
-2.239273927392739338e+00 -7.501555383188250659e+00
-2.238668866886688757e+00 -7.499968388789457485e+00
-2.238063806380638177e+00 -7.498381453499059823e+00
-2.237458745874587596e+00 -7.496794577301636231e+00
-2.236853685368537015e+00 -7.495207760181770595e+00
-2.236248624862486434e+00 -7.493621002124046804e+00
-2.235643564356435853e+00 -7.492034303113046967e+00
-2.235038503850385272e+00 -7.490447663133353196e+00
-2.234433443344334691e+00 -7.488861082169548489e+00
-2.233828382838284110e+00 -7.487274560206212293e+00
-2.233223322332233529e+00 -7.485688097227932936e+00
-2.232618261826182504e+00 -7.484101693219288087e+00
-2.232013201320132367e+00 -7.482515348164860747e+00
-2.231408140814081342e+00 -7.480929062049235689e+00
-2.230803080308031205e+00 -7.479342834856996802e+00
-2.230198019801980180e+00 -7.477756666572719091e+00
-2.229592959295930044e+00 -7.476170557180992660e+00
-2.228987898789879019e+00 -7.474584506666396955e+00
-2.228382838283828882e+00 -7.472998515013515863e+00
-2.227777777777777857e+00 -7.471412582206928832e+00
-2.227172717271727276e+00 -7.469826708231221524e+00
-2.226567656765676695e+00 -7.468240893070973385e+00
-2.225962596259626114e+00 -7.466655136710770968e+00
-2.225357535753575533e+00 -7.465069439135195495e+00
-2.224752475247524952e+00 -7.463483800328825524e+00
-2.224147414741474371e+00 -7.461898220276248495e+00
-2.223542354235423790e+00 -7.460312698962047406e+00
-2.222937293729373209e+00 -7.458727236370797264e+00
-2.222332233223322628e+00 -7.457141832487087285e+00
-2.221727172717272047e+00 -7.455556487295501356e+00
-2.221122112211221022e+00 -7.453971200780614481e+00
-2.220517051705170886e+00 -7.452385972927017654e+00
-2.219911991199119861e+00 -7.450800803719285881e+00
-2.219306930693069724e+00 -7.449215693142009265e+00
-2.218701870187018699e+00 -7.447630641179763700e+00
-2.218096809680968562e+00 -7.446045647817133961e+00
-2.217491749174917537e+00 -7.444460713038701272e+00
-2.216886688668867400e+00 -7.442875836829053959e+00
-2.216281628162816375e+00 -7.441291019172767918e+00
-2.215676567656765794e+00 -7.439706260054424369e+00
-2.215071507150715213e+00 -7.438121559458614307e+00
-2.214466446644664632e+00 -7.436536917369912736e+00
-2.213861386138614051e+00 -7.434952333772906208e+00
-2.213256325632563470e+00 -7.433367808652175057e+00
-2.212651265126512889e+00 -7.431783341992302283e+00
-2.212046204620462309e+00 -7.430198933777870884e+00
-2.211441144114411728e+00 -7.428614583993462972e+00
-2.210836083608360703e+00 -7.427030292623659768e+00
-2.210231023102310566e+00 -7.425446059653046937e+00
-2.209625962596259541e+00 -7.423861885066202149e+00
-2.209020902090209404e+00 -7.422277768847715507e+00
-2.208415841584158379e+00 -7.420693710982160241e+00
-2.207810781078108242e+00 -7.419109711454125566e+00
-2.207205720572057217e+00 -7.417525770248190931e+00
-2.206600660066007080e+00 -7.415941887348942885e+00
-2.205995599559956055e+00 -7.414358062740958211e+00
-2.205390539053905474e+00 -7.412774296408820796e+00
-2.204785478547854893e+00 -7.411190588337115415e+00
-2.204180418041804312e+00 -7.409606938510425955e+00
-2.203575357535753731e+00 -7.408023346913330087e+00
-2.202970297029703151e+00 -7.406439813530412586e+00
-2.202365236523652570e+00 -7.404856338346257338e+00
-2.201760176017601989e+00 -7.403272921345444679e+00
-2.201155115511551408e+00 -7.401689562512558496e+00
-2.200550055005500827e+00 -7.400106261832179122e+00
-2.199944994499450246e+00 -7.398523019288894886e+00
-2.199339933993399221e+00 -7.396939834867279018e+00
-2.198734873487349084e+00 -7.395356708551920732e+00
-2.198129812981298059e+00 -7.393773640327403029e+00
-2.197524752475247922e+00 -7.392190630178304467e+00
-2.196919691969196897e+00 -7.390607678089208044e+00
-2.196314631463146760e+00 -7.389024784044701200e+00
-2.195709570957095735e+00 -7.387441948029358940e+00
-2.195104510451045599e+00 -7.385859170027772258e+00
-2.194499449944994574e+00 -7.384276450024514382e+00
-2.193894389438943993e+00 -7.382693788004174529e+00
-2.193289328932893412e+00 -7.381111183951333032e+00
-2.192684268426842831e+00 -7.379528637850571116e+00
-2.192079207920792250e+00 -7.377946149686475330e+00
-2.191474147414741669e+00 -7.376363719443624234e+00
-2.190869086908691088e+00 -7.374781347106600826e+00
-2.190264026402640507e+00 -7.373199032659988106e+00
-2.189658965896589926e+00 -7.371616776088370848e+00
-2.189053905390539345e+00 -7.370034577376327611e+00
-2.188448844884488764e+00 -7.368452436508443171e+00
-2.187843784378437739e+00 -7.366870353469298749e+00
-2.187238723872387602e+00 -7.365288328243480898e+00
-2.186633663366336577e+00 -7.363706360815565510e+00
-2.186028602860286441e+00 -7.362124451170140915e+00
-2.185423542354235416e+00 -7.360542599291784782e+00
-2.184818481848185279e+00 -7.358960805165085439e+00
-2.184213421342134254e+00 -7.357379068774617892e+00
-2.183608360836084117e+00 -7.355797390104974021e+00
-2.183003300330033092e+00 -7.354215769140727055e+00
-2.182398239823982511e+00 -7.352634205866464434e+00
-2.181793179317931930e+00 -7.351052700266766493e+00
-2.181188118811881349e+00 -7.349471252326217119e+00
-2.180583058305830768e+00 -7.347889862029400199e+00
-2.179977997799780187e+00 -7.346308529360896955e+00
-2.179372937293729606e+00 -7.344727254305287723e+00
-2.178767876787679025e+00 -7.343146036847159053e+00
-2.178162816281628444e+00 -7.341564876971090392e+00
-2.177557755775577863e+00 -7.339983774661665628e+00
-2.176952695269527283e+00 -7.338402729903465094e+00
-2.176347634763476258e+00 -7.336821742681071790e+00
-2.175742574257426121e+00 -7.335240812979073155e+00
-2.175137513751375096e+00 -7.333659940782045972e+00
-2.174532453245324959e+00 -7.332079126074575903e+00
-2.173927392739273934e+00 -7.330498368841239731e+00
-2.173322332233223797e+00 -7.328917669066630225e+00
-2.172717271727172772e+00 -7.327337026735321501e+00
-2.172112211221122635e+00 -7.325756441831900112e+00
-2.171507150715071610e+00 -7.324175914340942839e+00
-2.170902090209021029e+00 -7.322595444247040675e+00
-2.170297029702970448e+00 -7.321015031534769513e+00
-2.169691969196919867e+00 -7.319434676188715017e+00
-2.169086908690869286e+00 -7.317854378193459297e+00
-2.168481848184818706e+00 -7.316274137533585353e+00
-2.167876787678768125e+00 -7.314693954193673520e+00
-2.167271727172717544e+00 -7.313113828158307683e+00
-2.166666666666666963e+00 -7.311533759412069955e+00
-2.166061606160615938e+00 -7.309953747939541557e+00
-2.165456545654565801e+00 -7.308373793725310819e+00
-2.164851485148514776e+00 -7.306793896753951856e+00
-2.164246424642464639e+00 -7.305214057010052109e+00
-2.163641364136413614e+00 -7.303634274478192800e+00
-2.163036303630363477e+00 -7.302054549142960482e+00
-2.162431243124312452e+00 -7.300474880988929272e+00
-2.161826182618262315e+00 -7.298895270000689273e+00
-2.161221122112211290e+00 -7.297315716162818156e+00
-2.160616061606160709e+00 -7.295736219459901584e+00
-2.160011001100110128e+00 -7.294156779876519003e+00
-2.159405940594059548e+00 -7.292577397397258743e+00
-2.158800880088008967e+00 -7.290998072006696695e+00
-2.158195819581958386e+00 -7.289418803689417636e+00
-2.157590759075907805e+00 -7.287839592430003677e+00
-2.156985698569857224e+00 -7.286260438213041368e+00
-2.156380638063806643e+00 -7.284681341023106604e+00
-2.155775577557756062e+00 -7.283102300844787713e+00
-2.155170517051705481e+00 -7.281523317662662365e+00
-2.154565456545654456e+00 -7.279944391461314446e+00
-2.153960396039604319e+00 -7.278365522225329620e+00
-2.153355335533553294e+00 -7.276786709939287334e+00
-2.152750275027503157e+00 -7.275207954587772363e+00
-2.152145214521452132e+00 -7.273629256155362377e+00
-2.151540154015401995e+00 -7.272050614626647480e+00
-2.150935093509350970e+00 -7.270472029986201790e+00
-2.150330033003300834e+00 -7.268893502218613634e+00
-2.149724972497249809e+00 -7.267315031308464235e+00
-2.149119911991199228e+00 -7.265736617240333040e+00
-2.148514851485148647e+00 -7.264158259998807488e+00
-2.147909790979098066e+00 -7.262579959568467025e+00
-2.147304730473047485e+00 -7.261001715933895539e+00
-2.146699669966996904e+00 -7.259423529079674253e+00
-2.146094609460946323e+00 -7.257845398990387942e+00
-2.145489548954895742e+00 -7.256267325650614275e+00
-2.144884488448845161e+00 -7.254689309044942469e+00
-2.144279427942794580e+00 -7.253111349157947529e+00
-2.143674367436743999e+00 -7.251533445974218672e+00
-2.143069306930692974e+00 -7.249955599478332680e+00
-2.142464246424642837e+00 -7.248377809654878767e+00
-2.141859185918591812e+00 -7.246800076488432829e+00
-2.141254125412541676e+00 -7.245222399963584081e+00
-2.140649064906490651e+00 -7.243644780064905753e+00
-2.140044004400440514e+00 -7.242067216776987060e+00
-2.139438943894389489e+00 -7.240489710084409225e+00
-2.138833883388339352e+00 -7.238912259971756136e+00
-2.138228822882288327e+00 -7.237334866423607238e+00
-2.137623762376237746e+00 -7.235757529424546419e+00
-2.137018701870187165e+00 -7.234180248959159343e+00
-2.136413641364136584e+00 -7.232603025012024567e+00
-2.135808580858086003e+00 -7.231025857567723314e+00
-2.135203520352035422e+00 -7.229448746610840359e+00
-2.134598459845984841e+00 -7.227871692125960479e+00
-2.133993399339934260e+00 -7.226294694097662230e+00
-2.133388338833883680e+00 -7.224717752510528612e+00
-2.132783278327832654e+00 -7.223140867349143512e+00
-2.132178217821782518e+00 -7.221564038598090818e+00
-2.131573157315731493e+00 -7.219987266241950863e+00
-2.130968096809681356e+00 -7.218410550265307535e+00
-2.130363036303630331e+00 -7.216833890652739392e+00
-2.129757975797580194e+00 -7.215257287388835650e+00
-2.129152915291529169e+00 -7.213680740458173091e+00
-2.128547854785479032e+00 -7.212104249845335602e+00
-2.127942794279428007e+00 -7.210527815534906182e+00
-2.127337733773377870e+00 -7.208951437511469607e+00
-2.126732673267326845e+00 -7.207375115759605322e+00
-2.126127612761276264e+00 -7.205798850263894550e+00
-2.125522552255225683e+00 -7.204222641008923844e+00
-2.124917491749175102e+00 -7.202646487979275314e+00
-2.124312431243124522e+00 -7.201070391159528405e+00
-2.123707370737073941e+00 -7.199494350534267006e+00
-2.123102310231023360e+00 -7.197918366088074116e+00
-2.122497249724972779e+00 -7.196342437805531844e+00
-2.121892189218922198e+00 -7.194766565671223191e+00
-2.121287128712871173e+00 -7.193190749669727602e+00
-2.120682068206821036e+00 -7.191614989785634293e+00
-2.120077007700770011e+00 -7.190039286003518271e+00
-2.119471947194719874e+00 -7.188463638307968750e+00
-2.118866886688668849e+00 -7.186888046683562514e+00
-2.118261826182618712e+00 -7.185312511114884337e+00
-2.117656765676567687e+00 -7.183737031586516331e+00
-2.117051705170517550e+00 -7.182161608083043269e+00
-2.116446644664466525e+00 -7.180586240589045488e+00
-2.115841584158415944e+00 -7.179010929089105097e+00
-2.115236523652365364e+00 -7.177435673567806873e+00
-2.114631463146314783e+00 -7.175860474009729373e+00
-2.114026402640264202e+00 -7.174285330399460037e+00
-2.113421342134213621e+00 -7.172710242721576535e+00
-2.112816281628163040e+00 -7.171135210960664530e+00
-2.112211221122112459e+00 -7.169560235101307910e+00
-2.111606160616061878e+00 -7.167985315128084345e+00
-2.111001100110011297e+00 -7.166410451025578610e+00
-2.110396039603960716e+00 -7.164835642778375480e+00
-2.109790979097909691e+00 -7.163260890371052625e+00
-2.109185918591859554e+00 -7.161686193788197485e+00
-2.108580858085808529e+00 -7.160111553014389507e+00
-2.107975797579758392e+00 -7.158536968034214354e+00
-2.107370737073707367e+00 -7.156962438832250584e+00
-2.106765676567657231e+00 -7.155387965393082972e+00
-2.106160616061606206e+00 -7.153813547701291853e+00
-2.105555555555556069e+00 -7.152239185741464667e+00
-2.104950495049505044e+00 -7.150664879498177307e+00
-2.104345434543454463e+00 -7.149090628956016324e+00
-2.103740374037403882e+00 -7.147516434099563831e+00
-2.103135313531353301e+00 -7.145942294913402826e+00
-2.102530253025302720e+00 -7.144368211382113643e+00
-2.101925192519252139e+00 -7.142794183490279281e+00
-2.101320132013201558e+00 -7.141220211222487180e+00
-2.100715071507150977e+00 -7.139646294563310569e+00
-2.100110011001100396e+00 -7.138072433497339553e+00
-2.099504950495049815e+00 -7.136498628009154466e+00
-2.098899889988999234e+00 -7.134924878083337418e+00
-2.098294829482948209e+00 -7.133351183704468745e+00
-2.097689768976898073e+00 -7.131777544857134110e+00
-2.097084708470847048e+00 -7.130203961525916512e+00
-2.096479647964796911e+00 -7.128630433695397173e+00
-2.095874587458745886e+00 -7.127056961350156428e+00
-2.095269526952695749e+00 -7.125483544474780828e+00
-2.094664466446644724e+00 -7.123910183053847156e+00
-2.094059405940594587e+00 -7.122336877071946404e+00
-2.093454345434543562e+00 -7.120763626513653577e+00
-2.092849284928492981e+00 -7.119190431363555227e+00
-2.092244224422442400e+00 -7.117617291606229912e+00
-2.091639163916391819e+00 -7.116044207226265961e+00
-2.091034103410341238e+00 -7.114471178208240154e+00
-2.090429042904290657e+00 -7.112898204536736380e+00
-2.089823982398240076e+00 -7.111325286196341189e+00
-2.089218921892189496e+00 -7.109752423171634028e+00
-2.088613861386138915e+00 -7.108179615447195232e+00
-2.088008800880087890e+00 -7.106606863007609576e+00
-2.087403740374037753e+00 -7.105034165837460947e+00
-2.086798679867986728e+00 -7.103461523921329679e+00
-2.086193619361936591e+00 -7.101888937243798772e+00
-2.085588558855885566e+00 -7.100316405789450336e+00
-2.084983498349835429e+00 -7.098743929542868258e+00
-2.084378437843784404e+00 -7.097171508488634650e+00
-2.083773377337734267e+00 -7.095599142611332510e+00
-2.083168316831683242e+00 -7.094026831895541285e+00
-2.082563256325632661e+00 -7.092454576325844862e+00
-2.081958195819582080e+00 -7.090882375886828903e+00
-2.081353135313531499e+00 -7.089310230563071968e+00
-2.080748074807480918e+00 -7.087738140339157944e+00
-2.080143014301430338e+00 -7.086166105199671605e+00
-2.079537953795379757e+00 -7.084594125129190623e+00
-2.078932893289329176e+00 -7.083022200112302436e+00
-2.078327832783278595e+00 -7.081450330133585602e+00
-2.077722772277228014e+00 -7.079878515177624010e+00
-2.077117711771177433e+00 -7.078306755229002434e+00
-2.076512651265126408e+00 -7.076735050272297656e+00
-2.075907590759076271e+00 -7.075163400292100668e+00
-2.075302530253025246e+00 -7.073591805272985589e+00
-2.074697469746975109e+00 -7.072020265199540745e+00
-2.074092409240924084e+00 -7.070448780056344695e+00
-2.073487348734873947e+00 -7.068877349827982215e+00
-2.072882288228822922e+00 -7.067305974499035415e+00
-2.072277227722772786e+00 -7.065734654054088182e+00
-2.071672167216721760e+00 -7.064163388477718186e+00
-2.071067106710671180e+00 -7.062592177754511980e+00
-2.070462046204620599e+00 -7.061021021869052561e+00
-2.069856985698570018e+00 -7.059449920805922041e+00
-2.069251925192519437e+00 -7.057878874549700754e+00
-2.068646864686468856e+00 -7.056307883084970811e+00
-2.068041804180418275e+00 -7.054736946396317876e+00
-2.067436743674367694e+00 -7.053166064468323171e+00
-2.066831683168317113e+00 -7.051595237285569695e+00
-2.066226622662266532e+00 -7.050024464832637783e+00
-2.065621562156215951e+00 -7.048453747094111321e+00
-2.065016501650164926e+00 -7.046883084054573310e+00
-2.064411441144114789e+00 -7.045312475698606747e+00
-2.063806380638063764e+00 -7.043741922010791967e+00
-2.063201320132013628e+00 -7.042171422975712858e+00
-2.062596259625962603e+00 -7.040600978577950642e+00
-2.061991199119912466e+00 -7.039030588802090982e+00
-2.061386138613861441e+00 -7.037460253632711549e+00
-2.060781078107811304e+00 -7.035889973054400670e+00
-2.060176017601760279e+00 -7.034319747051735128e+00
-2.059570957095709698e+00 -7.032749575609301473e+00
-2.058965896589659117e+00 -7.031179458711679153e+00
-2.058360836083608536e+00 -7.029609396343454719e+00
-2.057755775577557955e+00 -7.028039388489206729e+00
-2.057150715071507374e+00 -7.026469435133519958e+00
-2.056545654565456793e+00 -7.024899536260976518e+00
-2.055940594059406212e+00 -7.023329691856156742e+00
-2.055335533553355631e+00 -7.021759901903647183e+00
-2.054730473047304606e+00 -7.020190166388024622e+00
-2.054125412541254470e+00 -7.018620485293878275e+00
-2.053520352035203445e+00 -7.017050858605784036e+00
-2.052915291529153308e+00 -7.015481286308331121e+00
-2.052310231023102283e+00 -7.013911768386096313e+00
-2.051705170517052146e+00 -7.012342304823666161e+00
-2.051100110011001121e+00 -7.010772895605621002e+00
-2.050495049504950984e+00 -7.009203540716544722e+00
-2.049889988998899959e+00 -7.007634240141016768e+00
-2.049284928492849822e+00 -7.006064993863622803e+00
-2.048679867986798797e+00 -7.004495801868941385e+00
-2.048074807480748216e+00 -7.002926664141562618e+00
-2.047469746974697635e+00 -7.001357580666061509e+00
-2.046864686468647054e+00 -6.999788551427023719e+00
-2.046259625962596473e+00 -6.998219576409033138e+00
-2.045654565456545892e+00 -6.996650655596667434e+00
-2.045049504950495312e+00 -6.995081788974514936e+00
-2.044444444444444731e+00 -6.993512976527152425e+00
-2.043839383938394150e+00 -6.991944218239166453e+00
-2.043234323432343125e+00 -6.990375514095138243e+00
-2.042629262926292988e+00 -6.988806864079653458e+00
-2.042024202420241963e+00 -6.987238268177287104e+00
-2.041419141914191826e+00 -6.985669726372629285e+00
-2.040814081408140801e+00 -6.984101238650257670e+00
-2.040209020902090664e+00 -6.982532804994755260e+00
-2.039603960396039639e+00 -6.980964425390706829e+00
-2.038998899889989502e+00 -6.979396099822695376e+00
-2.038393839383938477e+00 -6.977827828275300348e+00
-2.037788778877887896e+00 -6.976259610733104743e+00
-2.037183718371837315e+00 -6.974691447180694226e+00
-2.036578657865786735e+00 -6.973123337602648242e+00
-2.035973597359736154e+00 -6.971555281983549790e+00
-2.035368536853685573e+00 -6.969987280307982758e+00
-2.034763476347634992e+00 -6.968419332560527479e+00
-2.034158415841584411e+00 -6.966851438725767842e+00
-2.033553355335533830e+00 -6.965283598788285069e+00
-2.032948294829483249e+00 -6.963715812732664823e+00
-2.032343234323432668e+00 -6.962148080543484774e+00
-2.031738173817381643e+00 -6.960580402205329698e+00
-2.031133113311331506e+00 -6.959012777702786146e+00
-2.030528052805280481e+00 -6.957445207020430900e+00
-2.029922992299230344e+00 -6.955877690142847847e+00
-2.029317931793179319e+00 -6.954310227054619986e+00
-2.028712871287129182e+00 -6.952742817740332981e+00
-2.028107810781078157e+00 -6.951175462184563614e+00
-2.027502750275028021e+00 -6.949608160371899324e+00
-2.026897689768976996e+00 -6.948040912286916893e+00
-2.026292629262926415e+00 -6.946473717914204649e+00
-2.025687568756875834e+00 -6.944906577238342926e+00
-2.025082508250825253e+00 -6.943339490243912060e+00
-2.024477447744774672e+00 -6.941772456915498601e+00
-2.023872387238724091e+00 -6.940205477237681997e+00
-2.023267326732673510e+00 -6.938638551195045245e+00
-2.022662266226622929e+00 -6.937071678772170458e+00
-2.022057205720572348e+00 -6.935504859953643297e+00
-2.021452145214521767e+00 -6.933938094724043211e+00
-2.020847084708471186e+00 -6.932371383067953197e+00
-2.020242024202420161e+00 -6.930804724969954478e+00
-2.019636963696370024e+00 -6.929238120414633606e+00
-2.019031903190318999e+00 -6.927671569386570027e+00
-2.018426842684268863e+00 -6.926105071870345853e+00
-2.017821782178217838e+00 -6.924538627850544081e+00
-2.017216721672167701e+00 -6.922972237311749488e+00
-2.016611661166116676e+00 -6.921405900238540632e+00
-2.016006600660066539e+00 -6.919839616615503175e+00
-2.015401540154015514e+00 -6.918273386427218341e+00
-2.014796479647964933e+00 -6.916707209658268241e+00
-2.014191419141914352e+00 -6.915141086293235873e+00
-2.013586358635863771e+00 -6.913575016316704236e+00
-2.012981298129813190e+00 -6.912008999713255442e+00
-2.012376237623762609e+00 -6.910443036467472488e+00
-2.011771177117712028e+00 -6.908877126563936599e+00
-2.011166116611661447e+00 -6.907311269987231661e+00
-2.010561056105610866e+00 -6.905745466721939785e+00
-2.009955995599559841e+00 -6.904179716752640417e+00
-2.009350935093509705e+00 -6.902614020063923661e+00
-2.008745874587458680e+00 -6.901048376640360971e+00
-2.008140814081408543e+00 -6.899482786466546003e+00
-2.007535753575357518e+00 -6.897917249527053762e+00
-2.006930693069307381e+00 -6.896351765806473466e+00
-2.006325632563256356e+00 -6.894786335289377455e+00
-2.005720572057206219e+00 -6.893220957960357609e+00
-2.005115511551155194e+00 -6.891655633803990710e+00
-2.004510451045105057e+00 -6.890090362804863311e+00
-2.003905390539054032e+00 -6.888525144947556633e+00
-2.003300330033003451e+00 -6.886959980216649235e+00
-2.002695269526952870e+00 -6.885394868596731222e+00
-2.002090209020902289e+00 -6.883829810072379374e+00
-2.001485148514851709e+00 -6.882264804628177579e+00
-2.000880088008801128e+00 -6.880699852248709725e+00
-2.000275027502750547e+00 -6.879134952918557033e+00
-1.999669966996699966e+00 -6.877570106622301616e+00
-1.999064906490649385e+00 -6.876005313344524694e+00
-1.998459845984598804e+00 -6.874440573069811933e+00
-1.997854785478548223e+00 -6.872875885782744554e+00
-1.997249724972497642e+00 -6.871311251467904668e+00
-1.996644664466447061e+00 -6.869746670109874387e+00
-1.996039603960396036e+00 -6.868182141693237597e+00
-1.995434543454345455e+00 -6.866617666202573744e+00
-1.994829482948294874e+00 -6.865053243622471157e+00
-1.994224422442244293e+00 -6.863488873937507506e+00
-1.993619361936193712e+00 -6.861924557132266678e+00
-1.993014301430143131e+00 -6.860360293191330783e+00
-1.992409240924092551e+00 -6.858796082099282820e+00
-1.991804180418041970e+00 -6.857231923840704013e+00
-1.991199119911991389e+00 -6.855667818400180025e+00
-1.990594059405940808e+00 -6.854103765762287637e+00
-1.989988998899890227e+00 -6.852539765911616954e+00
-1.989383938393839646e+00 -6.850975818832744757e+00
-1.988778877887789065e+00 -6.849411924510254046e+00
-1.988173817381738484e+00 -6.847848082928731372e+00
-1.987568756875687903e+00 -6.846284294072754406e+00
-1.986963696369637322e+00 -6.844720557926907034e+00
-1.986358635863586741e+00 -6.843156874475774032e+00
-1.985753575357536160e+00 -6.841593243703935734e+00
-1.985148514851485579e+00 -6.840029665595974251e+00
-1.984543454345434554e+00 -6.838466140136471694e+00
-1.983938393839383973e+00 -6.836902667310014614e+00
-1.983333333333333393e+00 -6.835339247101180682e+00
-1.982728272827282812e+00 -6.833775879494556449e+00
-1.982123212321232231e+00 -6.832212564474720473e+00
-1.981518151815181650e+00 -6.830649302026257530e+00
-1.980913091309131069e+00 -6.829086092133751507e+00
-1.980308030803080488e+00 -6.827522934781780961e+00
-1.979702970297029907e+00 -6.825959829954930669e+00
-1.979097909790979326e+00 -6.824396777637783629e+00
-1.978492849284928745e+00 -6.822833777814921952e+00
-1.977887788778878164e+00 -6.821270830470929525e+00
-1.977282728272827583e+00 -6.819707935590384906e+00
-1.976677667766777002e+00 -6.818145093157873760e+00
-1.976072607260726421e+00 -6.816582303157979084e+00
-1.975467546754675841e+00 -6.815019565575280325e+00
-1.974862486248625260e+00 -6.813456880394361370e+00
-1.974257425742574679e+00 -6.811894247599806107e+00
-1.973652365236523654e+00 -6.810331667176193982e+00
-1.973047304730473073e+00 -6.808769139108109769e+00
-1.972442244224422492e+00 -6.807206663380137357e+00
-1.971837183718371911e+00 -6.805644239976857079e+00
-1.971232123212321330e+00 -6.804081868882851936e+00
-1.970627062706270749e+00 -6.802519550082705813e+00
-1.970022002200220168e+00 -6.800957283560998157e+00
-1.969416941694169587e+00 -6.799395069302312855e+00
-1.968811881188119006e+00 -6.797832907291233795e+00
-1.968206820682068425e+00 -6.796270797512340422e+00
-1.967601760176017844e+00 -6.794708739950219289e+00
-1.966996699669967263e+00 -6.793146734589449842e+00
-1.966391639163916683e+00 -6.791584781414615968e+00
-1.965786578657866102e+00 -6.790022880410299777e+00
-1.965181518151815521e+00 -6.788461031561082493e+00
-1.964576457645764940e+00 -6.786899234851548002e+00
-1.963971397139714359e+00 -6.785337490266280192e+00
-1.963366336633663778e+00 -6.783775797789858508e+00
-1.962761276127613197e+00 -6.782214157406865951e+00
-1.962156215621562172e+00 -6.780652569101887295e+00
-1.961551155115511591e+00 -6.779091032859503763e+00
-1.960946094609461010e+00 -6.777529548664299242e+00
-1.960341034103410429e+00 -6.775968116500852290e+00
-1.959735973597359848e+00 -6.774406736353749459e+00
-1.959130913091309267e+00 -6.772845408207571971e+00
-1.958525852585258686e+00 -6.771284132046901050e+00
-1.957920792079208105e+00 -6.769722907856319694e+00
-1.957315731573157525e+00 -6.768161735620411790e+00
-1.956710671067106944e+00 -6.766600615323760337e+00
-1.956105610561056363e+00 -6.765039546950944782e+00
-1.955500550055005782e+00 -6.763478530486548124e+00
-1.954895489548955201e+00 -6.761917565915156914e+00
-1.954290429042904620e+00 -6.760356653221347045e+00
-1.953685368536854039e+00 -6.758795792389708623e+00
-1.953080308030803458e+00 -6.757234983404818429e+00
-1.952475247524752877e+00 -6.755674226251261238e+00
-1.951870187018702296e+00 -6.754113520913619162e+00
-1.951265126512651271e+00 -6.752552867376473422e+00
-1.950660066006600690e+00 -6.750992265624407906e+00
-1.950055005500550109e+00 -6.749431715642005614e+00
-1.949449944994499528e+00 -6.747871217413849543e+00
-1.948844884488448947e+00 -6.746310770924520028e+00
-1.948239823982398367e+00 -6.744750376158599181e+00
-1.947634763476347786e+00 -6.743190033100672665e+00
-1.947029702970297205e+00 -6.741629741735319925e+00
-1.946424642464246624e+00 -6.740069502047124850e+00
-1.945819581958196043e+00 -6.738509314020671326e+00
-1.945214521452145462e+00 -6.736949177640540576e+00
-1.944609460946094881e+00 -6.735389092891312934e+00
-1.944004400440044300e+00 -6.733829059757573177e+00
-1.943399339933993719e+00 -6.732269078223903414e+00
-1.942794279427943138e+00 -6.730709148274885756e+00
-1.942189218921892557e+00 -6.729149269895104979e+00
-1.941584158415841976e+00 -6.727589443069140529e+00
-1.940979097909791395e+00 -6.726029667781576293e+00
-1.940374037403740815e+00 -6.724469944016994383e+00
-1.939768976897689789e+00 -6.722910271759977796e+00
-1.939163916391639209e+00 -6.721350650995107756e+00
-1.938558855885588628e+00 -6.719791081706966374e+00
-1.937953795379538047e+00 -6.718231563880140200e+00
-1.937348734873487466e+00 -6.716672097499208682e+00
-1.936743674367436885e+00 -6.715112682548755707e+00
-1.936138613861386304e+00 -6.713553319013360721e+00
-1.935533553355335723e+00 -6.711994006877608498e+00
-1.934928492849285142e+00 -6.710434746126082040e+00
-1.934323432343234561e+00 -6.708875536743361678e+00
-1.933718371837183980e+00 -6.707316378714032190e+00
-1.933113311331133399e+00 -6.705757272022674798e+00
-1.932508250825082818e+00 -6.704198216653875164e+00
-1.931903190319032237e+00 -6.702639212592209184e+00
-1.931298129812981657e+00 -6.701080259822266072e+00
-1.930693069306931076e+00 -6.699521358328622611e+00
-1.930088008800880495e+00 -6.697962508095866241e+00
-1.929482948294829914e+00 -6.696403709108576408e+00
-1.928877887788778889e+00 -6.694844961351336110e+00
-1.928272827282728308e+00 -6.693286264808728347e+00
-1.927667766776677727e+00 -6.691727619465337007e+00
-1.927062706270627146e+00 -6.690169025305742423e+00
-1.926457645764576565e+00 -6.688610482314526706e+00
-1.925852585258525984e+00 -6.687051990476275520e+00
-1.925247524752475403e+00 -6.685493549775566535e+00
-1.924642464246424822e+00 -6.683935160196988079e+00
-1.924037403740374241e+00 -6.682376821725117821e+00
-1.923432343234323660e+00 -6.680818534344540538e+00
-1.922827282728273079e+00 -6.679260298039837451e+00
-1.922222222222222499e+00 -6.677702112795594225e+00
-1.921617161716171918e+00 -6.676143978596387640e+00
-1.921012101210121337e+00 -6.674585895426805138e+00
-1.920407040704070756e+00 -6.673027863271426163e+00
-1.919801980198020175e+00 -6.671469882114837269e+00
-1.919196919691969594e+00 -6.669911951941616124e+00
-1.918591859185919013e+00 -6.668354072736347504e+00
-1.917986798679868432e+00 -6.666796244483616185e+00
-1.917381738173817407e+00 -6.665238467167998948e+00
-1.916776677667766826e+00 -6.663680740774082345e+00
-1.916171617161716245e+00 -6.662123065286448487e+00
-1.915566556655665664e+00 -6.660565440689680372e+00
-1.914961496149615083e+00 -6.659007866968361000e+00
-1.914356435643564502e+00 -6.657450344107068929e+00
-1.913751375137513921e+00 -6.655892872090390711e+00
-1.913146314631463341e+00 -6.654335450902905791e+00
-1.912541254125412760e+00 -6.652778080529200722e+00
-1.911936193619362179e+00 -6.651220760953854061e+00
-1.911331133113311598e+00 -6.649663492161449696e+00
-1.910726072607261017e+00 -6.648106274136570626e+00
-1.910121012101210436e+00 -6.646549106863797185e+00
-1.909515951595159855e+00 -6.644991990327718590e+00
-1.908910891089109274e+00 -6.643434924512908069e+00
-1.908305830583058693e+00 -6.641877909403953062e+00
-1.907700770077008112e+00 -6.640320944985436569e+00
-1.907095709570957531e+00 -6.638764031241938035e+00
-1.906490649064906506e+00 -6.637207168158042236e+00
-1.905885588558855925e+00 -6.635650355718333060e+00
-1.905280528052805344e+00 -6.634093593907391728e+00
-1.904675467546754764e+00 -6.632536882709797688e+00
-1.904070407040704183e+00 -6.630980222110137490e+00
-1.903465346534653602e+00 -6.629423612092992357e+00
-1.902860286028603021e+00 -6.627867052642942625e+00
-1.902255225522552440e+00 -6.626310543744573955e+00
-1.901650165016501859e+00 -6.624754085382468460e+00
-1.901045104510451278e+00 -6.623197677541207362e+00
-1.900440044004400697e+00 -6.621641320205374548e+00
-1.899834983498350116e+00 -6.620085013359549464e+00
-1.899229922992299535e+00 -6.618528756988319550e+00
-1.898624862486248954e+00 -6.616972551076261588e+00
-1.898019801980198373e+00 -6.615416395607963018e+00
-1.897414741474147792e+00 -6.613860290568002398e+00
-1.896809680968097211e+00 -6.612304235940966279e+00
-1.896204620462046631e+00 -6.610748231711434997e+00
-1.895599559955995606e+00 -6.609192277863987997e+00
-1.894994499449945025e+00 -6.607636374383212718e+00
-1.894389438943894444e+00 -6.606080521253690385e+00
-1.893784378437843863e+00 -6.604524718460003108e+00
-1.893179317931793282e+00 -6.602968965986732108e+00
-1.892574257425742701e+00 -6.601413263818462163e+00
-1.891969196919692120e+00 -6.599857611939773605e+00
-1.891364136413641539e+00 -6.598302010335249435e+00
-1.890759075907590958e+00 -6.596746458989473538e+00
-1.890154015401540377e+00 -6.595190957887026251e+00
-1.889548954895489796e+00 -6.593635507012494124e+00
-1.888943894389439215e+00 -6.592080106350454827e+00
-1.888338833883388634e+00 -6.590524755885491359e+00
-1.887733773377338053e+00 -6.588969455602189385e+00
-1.887128712871287473e+00 -6.587414205485130125e+00
-1.886523652365236892e+00 -6.585859005518895692e+00
-1.885918591859186311e+00 -6.584303855688067308e+00
-1.885313531353135730e+00 -6.582748755977231525e+00
-1.884708470847085149e+00 -6.581193706370963348e+00
-1.884103410341034124e+00 -6.579638706853852881e+00
-1.883498349834983543e+00 -6.578083757410480459e+00
-1.882893289328932962e+00 -6.576528858025425528e+00
-1.882288228822882381e+00 -6.574974008683273752e+00
-1.881683168316831800e+00 -6.573419209368607241e+00
-1.881078107810781219e+00 -6.571864460066009883e+00
-1.880473047304730638e+00 -6.570309760760058460e+00
-1.879867986798680057e+00 -6.568755111435341298e+00
-1.879262926292629476e+00 -6.567200512076438734e+00
-1.878657865786578895e+00 -6.565645962667932878e+00
-1.878052805280528315e+00 -6.564091463194408504e+00
-1.877447744774477734e+00 -6.562537013640445949e+00
-1.876842684268427153e+00 -6.560982613990627321e+00
-1.876237623762376572e+00 -6.559428264229534733e+00
-1.875632563256325991e+00 -6.557873964341754736e+00
-1.875027502750275410e+00 -6.556319714311865887e+00
-1.874422442244224829e+00 -6.554765514124452075e+00
-1.873817381738174248e+00 -6.553211363764094521e+00
-1.873212321232123223e+00 -6.551657263215377114e+00
-1.872607260726072642e+00 -6.550103212462881963e+00
-1.872002200220022061e+00 -6.548549211491190292e+00
-1.871397139713971480e+00 -6.546995260284889540e+00
-1.870792079207920899e+00 -6.545441358828555600e+00
-1.870187018701870318e+00 -6.543887507106774137e+00
-1.869581958195819738e+00 -6.542333705104129038e+00
-1.868976897689769157e+00 -6.540779952805198860e+00
-1.868371837183718576e+00 -6.539226250194571044e+00
-1.867766776677667995e+00 -6.537672597256824147e+00
-1.867161716171617414e+00 -6.536118993976542058e+00
-1.866556655665566833e+00 -6.534565440338305109e+00
-1.865951595159516252e+00 -6.533011936326701630e+00
-1.865346534653465671e+00 -6.531458481926307513e+00
-1.864741474147415090e+00 -6.529905077121710200e+00
-1.864136413641364509e+00 -6.528351721897488247e+00
-1.863531353135313928e+00 -6.526798416238228207e+00
-1.862926292629263347e+00 -6.525245160128507749e+00
-1.862321232123212766e+00 -6.523691953552915201e+00
-1.861716171617161741e+00 -6.522138796496024682e+00
-1.861111111111111160e+00 -6.520585688942428959e+00
-1.860506050605060580e+00 -6.519032630876703038e+00
-1.859900990099009999e+00 -6.517479622283432583e+00
-1.859295929592959418e+00 -6.515926663147199704e+00
-1.858690869086908837e+00 -6.514373753452584737e+00
-1.858085808580858256e+00 -6.512820893184176008e+00
-1.857480748074807675e+00 -6.511268082326548523e+00
-1.856875687568757094e+00 -6.509715320864289723e+00
-1.856270627062706513e+00 -6.508162608781978165e+00
-1.855665566556655932e+00 -6.506609946064200400e+00
-1.855060506050605351e+00 -6.505057332695538541e+00
-1.854455445544554770e+00 -6.503504768660572921e+00
-1.853850385038504189e+00 -6.501952253943887428e+00
-1.853245324532453608e+00 -6.500399788530063283e+00
-1.852640264026403027e+00 -6.498847372403684375e+00
-1.852035203520352447e+00 -6.497295005549331037e+00
-1.851430143014301866e+00 -6.495742687951590710e+00
-1.850825082508250841e+00 -6.494190419595038399e+00
-1.850220022002200260e+00 -6.492638200464263321e+00
-1.849614961496149679e+00 -6.491086030543845808e+00
-1.849009900990099098e+00 -6.489533909818366197e+00
-1.848404840484048517e+00 -6.487981838272410151e+00
-1.847799779977997936e+00 -6.486429815890558892e+00
-1.847194719471947355e+00 -6.484877842657394531e+00
-1.846589658965896774e+00 -6.483325918557500955e+00
-1.845984598459846193e+00 -6.481774043575457611e+00
-1.845379537953795612e+00 -6.480222217695848386e+00
-1.844774477447745031e+00 -6.478670440903258942e+00
-1.844169416941694450e+00 -6.477118713182267840e+00
-1.843564356435643870e+00 -6.475567034517456300e+00
-1.842959295929593289e+00 -6.474015404893413539e+00
-1.842354235423542708e+00 -6.472463824294716339e+00
-1.841749174917492127e+00 -6.470912292705948587e+00
-1.841144114411441546e+00 -6.469360810111692395e+00
-1.840539053905390965e+00 -6.467809376496531648e+00
-1.839933993399340384e+00 -6.466257991845049347e+00
-1.839328932893289359e+00 -6.464706656141822272e+00
-1.838723872387238778e+00 -6.463155369371440528e+00
-1.838118811881188197e+00 -6.461604131518484451e+00
-1.837513751375137616e+00 -6.460052942567534373e+00
-1.836908690869087035e+00 -6.458501802503173295e+00
-1.836303630363036454e+00 -6.456950711309984214e+00
-1.835698569856985873e+00 -6.455399668972551019e+00
-1.835093509350935292e+00 -6.453848675475455821e+00
-1.834488448844884712e+00 -6.452297730803276288e+00
-1.833883388338834131e+00 -6.450746834940602525e+00
-1.833278327832783550e+00 -6.449195987872013092e+00
-1.832673267326732969e+00 -6.447645189582090097e+00
-1.832068206820682388e+00 -6.446094440055416541e+00
-1.831463146314631807e+00 -6.444543739276573646e+00
-1.830858085808581226e+00 -6.442993087230145299e+00
-1.830253025302530645e+00 -6.441442483900718941e+00
-1.829647964796480064e+00 -6.439891929272867799e+00
-1.829042904290429483e+00 -6.438341423331178426e+00
-1.828437843784378458e+00 -6.436790966060234709e+00
-1.827832783278327877e+00 -6.435240557444618759e+00
-1.827227722772277296e+00 -6.433690197468911798e+00
-1.826622662266226715e+00 -6.432139886117695937e+00
-1.826017601760176134e+00 -6.430589623375556840e+00
-1.825412541254125554e+00 -6.429039409227073953e+00
-1.824807480748074973e+00 -6.427489243656830276e+00
-1.824202420242024392e+00 -6.425939126649408806e+00
-1.823597359735973811e+00 -6.424389058189393431e+00
-1.822992299229923230e+00 -6.422839038261362710e+00
-1.822387238723872649e+00 -6.421289066849903193e+00
-1.821782178217822068e+00 -6.419739143939594328e+00
-1.821177117711771487e+00 -6.418189269515020001e+00
-1.820572057205720906e+00 -6.416639443560765876e+00
-1.819966996699670325e+00 -6.415089666061406959e+00
-1.819361936193619744e+00 -6.413539937001532465e+00
-1.818756875687569163e+00 -6.411990256365723617e+00
-1.818151815181518582e+00 -6.410440624138558974e+00
-1.817546754675468001e+00 -6.408891040304625974e+00
-1.816941694169416976e+00 -6.407341504848504066e+00
-1.816336633663366396e+00 -6.405792017754776246e+00
-1.815731573157315815e+00 -6.404242579008028180e+00
-1.815126512651265234e+00 -6.402693188592834872e+00
-1.814521452145214653e+00 -6.401143846493788203e+00
-1.813916391639164072e+00 -6.399594552695464067e+00
-1.813311331133113491e+00 -6.398045307182447239e+00
-1.812706270627062910e+00 -6.396496109939320718e+00
-1.812101210121012329e+00 -6.394946960950664838e+00
-1.811496149614961748e+00 -6.393397860201065264e+00
-1.810891089108911167e+00 -6.391848807675101440e+00
-1.810286028602860586e+00 -6.390299803357356367e+00
-1.809680968096810005e+00 -6.388750847232413932e+00
-1.809075907590759424e+00 -6.387201939284857133e+00
-1.808470847084708844e+00 -6.385653079499266305e+00
-1.807865786578658263e+00 -6.384104267860225335e+00
-1.807260726072607682e+00 -6.382555504352318110e+00
-1.806655665566557101e+00 -6.381006788960122300e+00
-1.806050605060506076e+00 -6.379458121668223569e+00
-1.805445544554455495e+00 -6.377909502461206692e+00
-1.804840484048404914e+00 -6.376360931323649339e+00
-1.804235423542354333e+00 -6.374812408240138950e+00
-1.803630363036303752e+00 -6.373263933195254083e+00
-1.803025302530253171e+00 -6.371715506173579513e+00
-1.802420242024202590e+00 -6.370167127159696463e+00
-1.801815181518152009e+00 -6.368618796138189708e+00
-1.801210121012101428e+00 -6.367070513093637807e+00
-1.800605060506050847e+00 -6.365522278010625534e+00
-1.800000000000000266e+00 -6.363974090873735001e+00
-1.799394939493949686e+00 -6.362425951679420599e+00
-1.798789878987899105e+00 -6.360877860471603640e+00
-1.798184818481848524e+00 -6.359329817306087484e+00
-1.797579757975797943e+00 -6.357781822238664837e+00
-1.796974697469747362e+00 -6.356233875325132843e+00
-1.796369636963696781e+00 -6.354685976621287757e+00
-1.795764576457646200e+00 -6.353138126182932943e+00
-1.795159515951595175e+00 -6.351590324065853999e+00
-1.794554455445544594e+00 -6.350042570325855174e+00
-1.793949394939494013e+00 -6.348494865018730948e+00
-1.793344334433443432e+00 -6.346947208200278467e+00
-1.792739273927392851e+00 -6.345399599926295764e+00
-1.792134213421342270e+00 -6.343852040252576430e+00
-1.791529152915291689e+00 -6.342304529234919386e+00
-1.790924092409241108e+00 -6.340757066929120889e+00
-1.790319031903190528e+00 -6.339209653390977195e+00
-1.789713971397139947e+00 -6.337662288676286337e+00
-1.789108910891089366e+00 -6.336114972840841908e+00
-1.788503850385038785e+00 -6.334567705940444604e+00
-1.787898789878988204e+00 -6.333020488030889794e+00
-1.787293729372937623e+00 -6.331473319167971958e+00
-1.786688668866887042e+00 -6.329926199407490017e+00
-1.786083608360836461e+00 -6.328379128805242004e+00
-1.785478547854785880e+00 -6.326832107417021511e+00
-1.784873487348735299e+00 -6.325285135298626571e+00
-1.784268426842684718e+00 -6.323738212505855216e+00
-1.783663366336633693e+00 -6.322191339094499263e+00
-1.783058305830583112e+00 -6.320644515120362072e+00
-1.782453245324532531e+00 -6.319097740639238125e+00
-1.781848184818481950e+00 -6.317551015706921902e+00
-1.781243124312431370e+00 -6.316004340379212323e+00
-1.780638063806380789e+00 -6.314457714711904757e+00
-1.780033003300330208e+00 -6.312911138760795460e+00
-1.779427942794279627e+00 -6.311364612581684241e+00
-1.778822882288229046e+00 -6.309818136230363805e+00
-1.778217821782178465e+00 -6.308271709762634849e+00
-1.777612761276127884e+00 -6.306725333234290964e+00
-1.777007700770077303e+00 -6.305179006701128408e+00
-1.776402640264026722e+00 -6.303632730218946989e+00
-1.775797579757976141e+00 -6.302086503843543852e+00
-1.775192519251925560e+00 -6.300540327630710813e+00
-1.774587458745874979e+00 -6.298994201636249457e+00
-1.773982398239824398e+00 -6.297448125915953376e+00
-1.773377337733773818e+00 -6.295902100525621492e+00
-1.772772277227722793e+00 -6.294356125521045620e+00
-1.772167216721672212e+00 -6.292810200958030009e+00
-1.771562156215621631e+00 -6.291264326892366476e+00
-1.770957095709571050e+00 -6.289718503379852166e+00
-1.770352035203520469e+00 -6.288172730476287775e+00
-1.769746974697469888e+00 -6.286627008237465120e+00
-1.769141914191419307e+00 -6.285081336719181344e+00
-1.768536853685368726e+00 -6.283535715977235370e+00
-1.767931793179318145e+00 -6.281990146067423453e+00
-1.767326732673267564e+00 -6.280444627045540962e+00
-1.766721672167216983e+00 -6.278899158967387706e+00
-1.766116611661166402e+00 -6.277353741888753724e+00
-1.765511551155115821e+00 -6.275808375865444155e+00
-1.764906490649065240e+00 -6.274263060953249926e+00
-1.764301430143014660e+00 -6.272717797207969070e+00
-1.763696369636964079e+00 -6.271172584685403173e+00
-1.763091309130913498e+00 -6.269627423441337832e+00
-1.762486248624862917e+00 -6.268082313531580851e+00
-1.761881188118812336e+00 -6.266537255011922269e+00
-1.761276127612761311e+00 -6.264992247938161007e+00
-1.760671067106710730e+00 -6.263447292366095986e+00
-1.760066006600660149e+00 -6.261902388351519910e+00
-1.759460946094609568e+00 -6.260357535950231700e+00
-1.758855885588558987e+00 -6.258812735218031165e+00
-1.758250825082508406e+00 -6.257267986210707456e+00
-1.757645764576457825e+00 -6.255723288984062158e+00
-1.757040704070407244e+00 -6.254178643593893305e+00
-1.756435643564356663e+00 -6.252634050095992713e+00
-1.755830583058306082e+00 -6.251089508546161078e+00
-1.755225522552255502e+00 -6.249545019000196433e+00
-1.754620462046204921e+00 -6.248000581513888818e+00
-1.754015401540154340e+00 -6.246456196143041595e+00
-1.753410341034103759e+00 -6.244911862943449243e+00
-1.752805280528053178e+00 -6.243367581970907132e+00
-1.752200220022002597e+00 -6.241823353281215070e+00
-1.751595159515952016e+00 -6.240279176930166649e+00
-1.750990099009901435e+00 -6.238735052973559903e+00
-1.750385038503850410e+00 -6.237190981467189310e+00
-1.749779977997799829e+00 -6.235646962466854681e+00
-1.749174917491749248e+00 -6.234102996028354049e+00
-1.748569856985698667e+00 -6.232559082207479229e+00
-1.747964796479648086e+00 -6.231015221060030029e+00
-1.747359735973597505e+00 -6.229471412641802708e+00
-1.746754675467546924e+00 -6.227927657008595297e+00
-1.746149614961496344e+00 -6.226383954216202277e+00
-1.745544554455445763e+00 -6.224840304320420792e+00
-1.744939493949395182e+00 -6.223296707377047987e+00
-1.744334433443344601e+00 -6.221753163441880119e+00
-1.743729372937294020e+00 -6.220209672570716997e+00
-1.743124312431243439e+00 -6.218666234819350436e+00
-1.742519251925192858e+00 -6.217122850243580245e+00
-1.741914191419142277e+00 -6.215579518899200906e+00
-1.741309130913091696e+00 -6.214036240842011338e+00
-1.740704070407041115e+00 -6.212493016127808687e+00
-1.740099009900990534e+00 -6.210949844812385656e+00
-1.739493949394939953e+00 -6.209406726951542943e+00
-1.738888888888888928e+00 -6.207863662601075028e+00
-1.738283828382838347e+00 -6.206320651816781719e+00
-1.737678767876787767e+00 -6.204777694654454834e+00
-1.737073707370737186e+00 -6.203234791169896845e+00
-1.736468646864686605e+00 -6.201691941418900456e+00
-1.735863586358636024e+00 -6.200149145457262811e+00
-1.735258525852585443e+00 -6.198606403340781057e+00
-1.734653465346534862e+00 -6.197063715125254113e+00
-1.734048404840484281e+00 -6.195521080866474684e+00
-1.733443344334433700e+00 -6.193978500620243466e+00
-1.732838283828383119e+00 -6.192435974442353164e+00
-1.732233223322332538e+00 -6.190893502388602698e+00
-1.731628162816281957e+00 -6.189351084514790102e+00
-1.731023102310231376e+00 -6.187808720876708968e+00
-1.730418041804180795e+00 -6.186266411530157328e+00
-1.729812981298130214e+00 -6.184724156530933215e+00
-1.729207920792079634e+00 -6.183181955934831997e+00
-1.728602860286029053e+00 -6.181639809797650820e+00
-1.727997799779978028e+00 -6.180097718175185051e+00
-1.727392739273927447e+00 -6.178555681123234500e+00
-1.726787678767876866e+00 -6.177013698697593647e+00
-1.726182618261826285e+00 -6.175471770954058748e+00
-1.725577557755775704e+00 -6.173929897948428724e+00
-1.724972497249725123e+00 -6.172388079736497168e+00
-1.724367436743674542e+00 -6.170846316374063001e+00
-1.723762376237623961e+00 -6.169304607916920702e+00
-1.723157315731573380e+00 -6.167762954420872745e+00
-1.722552255225522799e+00 -6.166221355941710058e+00
-1.721947194719472218e+00 -6.164679812535230674e+00
-1.721342134213421637e+00 -6.163138324257231737e+00
-1.720737073707371056e+00 -6.161596891163510392e+00
-1.720132013201320476e+00 -6.160055513309862008e+00
-1.719526952695269895e+00 -6.158514190752084616e+00
-1.718921892189219314e+00 -6.156972923545974474e+00
-1.718316831683168733e+00 -6.155431711747329615e+00
-1.717711771177118152e+00 -6.153890555411945407e+00
-1.717106710671067571e+00 -6.152349454595615441e+00
-1.716501650165016546e+00 -6.150808409354143969e+00
-1.715896589658965965e+00 -6.149267419743320140e+00
-1.715291529152915384e+00 -6.147726485818947317e+00
-1.714686468646864803e+00 -6.146185607636815540e+00
-1.714081408140814222e+00 -6.144644785252726393e+00
-1.713476347634763641e+00 -6.143104018722474358e+00
-1.712871287128713060e+00 -6.141563308101856578e+00
-1.712266226622662479e+00 -6.140022653446671086e+00
-1.711661166116611899e+00 -6.138482054812712363e+00
-1.711056105610561318e+00 -6.136941512255778441e+00
-1.710451045104510737e+00 -6.135401025831665578e+00
-1.709845984598460156e+00 -6.133860595596172693e+00
-1.709240924092409575e+00 -6.132320221605092492e+00
-1.708635863586358994e+00 -6.130779903914223006e+00
-1.708030803080308413e+00 -6.129239642579363156e+00
-1.707425742574257832e+00 -6.127699437656307424e+00
-1.706820682068207251e+00 -6.126159289200854730e+00
-1.706215621562156670e+00 -6.124619197268799553e+00
-1.705610561056105645e+00 -6.123079161915938151e+00
-1.705005500550055064e+00 -6.121539183198068557e+00
-1.704400440044004483e+00 -6.119999261170988802e+00
-1.703795379537953902e+00 -6.118459395890495145e+00
-1.703190319031903321e+00 -6.116919587412381176e+00
-1.702585258525852741e+00 -6.115379835792445817e+00
-1.701980198019802160e+00 -6.113840141086486213e+00
-1.701375137513751579e+00 -6.112300503350299508e+00
-1.700770077007700998e+00 -6.110760922639679293e+00
-1.700165016501650417e+00 -6.109221399010426268e+00
-1.699559955995599836e+00 -6.107681932518336687e+00
-1.698954895489549255e+00 -6.106142523219203255e+00
-1.698349834983498674e+00 -6.104603171168825781e+00
-1.697744774477448093e+00 -6.103063876423001410e+00
-1.697139713971397512e+00 -6.101524639037527287e+00
-1.696534653465346931e+00 -6.099985459068197002e+00
-1.695929592959296350e+00 -6.098446336570810367e+00
-1.695324532453245769e+00 -6.096907271601161860e+00
-1.694719471947195188e+00 -6.095368264215048626e+00
-1.694114411441144163e+00 -6.093829314468268699e+00
-1.693509350935093583e+00 -6.092290422416617446e+00
-1.692904290429043002e+00 -6.090751588115894677e+00
-1.692299229922992421e+00 -6.089212811621890431e+00
-1.691694169416941840e+00 -6.087674092990408070e+00
-1.691089108910891259e+00 -6.086135432277242074e+00
-1.690484048404840678e+00 -6.084596829538187812e+00
-1.689878987898790097e+00 -6.083058284829045093e+00
-1.689273927392739516e+00 -6.081519798205605731e+00
-1.688668866886688935e+00 -6.079981369723671314e+00
-1.688063806380638354e+00 -6.078442999439037209e+00
-1.687458745874587773e+00 -6.076904687407497896e+00
-1.686853685368537192e+00 -6.075366433684851408e+00
-1.686248624862486611e+00 -6.073828238326894891e+00
-1.685643564356436030e+00 -6.072290101389425487e+00
-1.685038503850385450e+00 -6.070752022928239455e+00
-1.684433443344334869e+00 -6.069214002999134827e+00
-1.683828382838284288e+00 -6.067676041657906083e+00
-1.683223322332233263e+00 -6.066138138960346815e+00
-1.682618261826182682e+00 -6.064600294962261273e+00
-1.682013201320132101e+00 -6.063062509719441273e+00
-1.681408140814081520e+00 -6.061524783287685736e+00
-1.680803080308030939e+00 -6.059987115722790918e+00
-1.680198019801980358e+00 -6.058449507080552188e+00
-1.679592959295929777e+00 -6.056911957416766690e+00
-1.678987898789879196e+00 -6.055374466787234233e+00
-1.678382838283828615e+00 -6.053837035247744858e+00
-1.677777777777778034e+00 -6.052299662854102813e+00
-1.677172717271727453e+00 -6.050762349662099027e+00
-1.676567656765676873e+00 -6.049225095727533308e+00
-1.675962596259626292e+00 -6.047687901106201025e+00
-1.675357535753575711e+00 -6.046150765853901099e+00
-1.674752475247525130e+00 -6.044613690026425346e+00
-1.674147414741474549e+00 -6.043076673679577127e+00
-1.673542354235423968e+00 -6.041539716869147369e+00
-1.672937293729373387e+00 -6.040002819650935884e+00
-1.672332233223322362e+00 -6.038465982080736261e+00
-1.671727172717271781e+00 -6.036929204214350975e+00
-1.671122112211221200e+00 -6.035392486107571841e+00
-1.670517051705170619e+00 -6.033855827816198669e+00
-1.669911991199120038e+00 -6.032319229396023275e+00
-1.669306930693069457e+00 -6.030782690902848131e+00
-1.668701870187018876e+00 -6.029246212392467719e+00
-1.668096809680968295e+00 -6.027709793920678294e+00
-1.667491749174917715e+00 -6.026173435543276113e+00
-1.666886688668867134e+00 -6.024637137316058322e+00
-1.666281628162816553e+00 -6.023100899294822952e+00
-1.665676567656765972e+00 -6.021564721535364484e+00
-1.665071507150715391e+00 -6.020028604093481839e+00
-1.664466446644664810e+00 -6.018492547024970385e+00
-1.663861386138614229e+00 -6.016956550385627267e+00
-1.663256325632563648e+00 -6.015420614231248742e+00
-1.662651265126513067e+00 -6.013884738617631065e+00
-1.662046204620462486e+00 -6.012348923600573158e+00
-1.661441144114411905e+00 -6.010813169235870390e+00
-1.660836083608360880e+00 -6.009277475579316352e+00
-1.660231023102310299e+00 -6.007741842686714406e+00
-1.659625962596259718e+00 -6.006206270613855480e+00
-1.659020902090209137e+00 -6.004670759416539383e+00
-1.658415841584158557e+00 -6.003135309150563259e+00
-1.657810781078107976e+00 -6.001599919871717148e+00
-1.657205720572057395e+00 -6.000064591635808853e+00
-1.656600660066006814e+00 -5.998529324498628412e+00
-1.655995599559956233e+00 -5.996994118515972083e+00
-1.655390539053905652e+00 -5.995458973743637898e+00
-1.654785478547855071e+00 -5.993923890237422114e+00
-1.654180418041804490e+00 -5.992388868053123652e+00
-1.653575357535753909e+00 -5.990853907246537879e+00
-1.652970297029703328e+00 -5.989319007873459277e+00
-1.652365236523652747e+00 -5.987784169989685878e+00
-1.651760176017602166e+00 -5.986249393651016604e+00
-1.651155115511551585e+00 -5.984714678913245933e+00
-1.650550055005501005e+00 -5.983180025832171900e+00
-1.649944994499449979e+00 -5.981645434463588984e+00
-1.649339933993399399e+00 -5.980110904863295218e+00
-1.648734873487348818e+00 -5.978576437087089523e+00
-1.648129812981298237e+00 -5.977042031190763716e+00
-1.647524752475247656e+00 -5.975507687230121157e+00
-1.646919691969197075e+00 -5.973973405260951886e+00
-1.646314631463146494e+00 -5.972439185339055712e+00
-1.645709570957095913e+00 -5.970905027520229780e+00
-1.645104510451045332e+00 -5.969370931860271234e+00
-1.644499449944994751e+00 -5.967836898414973668e+00
-1.643894389438944170e+00 -5.966302927240136889e+00
-1.643289328932893589e+00 -5.964769018391556266e+00
-1.642684268426843008e+00 -5.963235171925028943e+00
-1.642079207920792427e+00 -5.961701387896351179e+00
-1.641474147414741847e+00 -5.960167666361319228e+00
-1.640869086908691266e+00 -5.958634007375732899e+00
-1.640264026402640685e+00 -5.957100410995384898e+00
-1.639658965896590104e+00 -5.955566877276074145e+00
-1.639053905390539523e+00 -5.954033406273596896e+00
-1.638448844884488498e+00 -5.952499998043749407e+00
-1.637843784378437917e+00 -5.950966652642327936e+00
-1.637238723872387336e+00 -5.949433370125130516e+00
-1.636633663366336755e+00 -5.947900150547955178e+00
-1.636028602860286174e+00 -5.946366993966596404e+00
-1.635423542354235593e+00 -5.944833900436848673e+00
-1.634818481848185012e+00 -5.943300870014511794e+00
-1.634213421342134431e+00 -5.941767902755384689e+00
-1.633608360836083850e+00 -5.940234998715261838e+00
-1.633003300330033269e+00 -5.938702157949936833e+00
-1.632398239823982689e+00 -5.937169380515210371e+00
-1.631793179317932108e+00 -5.935636666466877820e+00
-1.631188118811881527e+00 -5.934104015860735437e+00
-1.630583058305830946e+00 -5.932571428752580367e+00
-1.629977997799780365e+00 -5.931038905198210642e+00
-1.629372937293729784e+00 -5.929506445253419855e+00
-1.628767876787679203e+00 -5.927974048974007815e+00
-1.628162816281628622e+00 -5.926441716415770777e+00
-1.627557755775577597e+00 -5.924909447634501447e+00
-1.626952695269527016e+00 -5.923377242686004074e+00
-1.626347634763476435e+00 -5.921845101626069585e+00
-1.625742574257425854e+00 -5.920313024510495126e+00
-1.625137513751375273e+00 -5.918781011395079616e+00
-1.624532453245324692e+00 -5.917249062335616649e+00
-1.623927392739274111e+00 -5.915717177387907810e+00
-1.623322332233223531e+00 -5.914185356607746691e+00
-1.622717271727172950e+00 -5.912653600050927771e+00
-1.622112211221122369e+00 -5.911121907773251749e+00
-1.621507150715071788e+00 -5.909590279830514881e+00
-1.620902090209021207e+00 -5.908058716278512534e+00
-1.620297029702970626e+00 -5.906527217173041855e+00
-1.619691969196920045e+00 -5.904995782569898211e+00
-1.619086908690869464e+00 -5.903464412524878746e+00
-1.618481848184818883e+00 -5.901933107093781494e+00
-1.617876787678768302e+00 -5.900401866332402712e+00
-1.617271727172717721e+00 -5.898870690296539543e+00
-1.616666666666667140e+00 -5.897339579041989133e+00
-1.616061606160616115e+00 -5.895808532624545961e+00
-1.615456545654565534e+00 -5.894277551100007173e+00
-1.614851485148514953e+00 -5.892746634524172578e+00
-1.614246424642464373e+00 -5.891215782952833990e+00
-1.613641364136413792e+00 -5.889684996441792109e+00
-1.613036303630363211e+00 -5.888154275046844077e+00
-1.612431243124312630e+00 -5.886623618823783488e+00
-1.611826182618262049e+00 -5.885093027828406598e+00
-1.611221122112211468e+00 -5.883562502116514992e+00
-1.610616061606160887e+00 -5.882032041743900486e+00
-1.610011001100110306e+00 -5.880501646766362001e+00
-1.609405940594059725e+00 -5.878971317239695793e+00
-1.608800880088009144e+00 -5.877441053219699896e+00
-1.608195819581958563e+00 -5.875910854762168789e+00
-1.607590759075907982e+00 -5.874380721922897841e+00
-1.606985698569857401e+00 -5.872850654757689526e+00
-1.606380638063806821e+00 -5.871320653322335659e+00
-1.605775577557756240e+00 -5.869790717672634273e+00
-1.605170517051705215e+00 -5.868260847864382512e+00
-1.604565456545654634e+00 -5.866731043953376634e+00
-1.603960396039604053e+00 -5.865201305995413783e+00
-1.603355335533553472e+00 -5.863671634046291992e+00
-1.602750275027502891e+00 -5.862142028161803076e+00
-1.602145214521452310e+00 -5.860612488397750397e+00
-1.601540154015401729e+00 -5.859083014809925771e+00
-1.600935093509351148e+00 -5.857553607454128120e+00
-1.600330033003300567e+00 -5.856024266386151034e+00
-1.599724972497249986e+00 -5.854494991661797876e+00
-1.599119911991199405e+00 -5.852965783336857797e+00
-1.598514851485148824e+00 -5.851436641467132382e+00
-1.597909790979098243e+00 -5.849907566108417001e+00
-1.597304730473047663e+00 -5.848378557316507909e+00
-1.596699669966997082e+00 -5.846849615147201362e+00
-1.596094609460946501e+00 -5.845320739656295395e+00
-1.595489548954895920e+00 -5.843791930899586262e+00
-1.594884488448845339e+00 -5.842263188932871998e+00
-1.594279427942794758e+00 -5.840734513811946194e+00
-1.593674367436743733e+00 -5.839205905592607770e+00
-1.593069306930693152e+00 -5.837677364330652985e+00
-1.592464246424642571e+00 -5.836148890081878093e+00
-1.591859185918591990e+00 -5.834620482902081129e+00
-1.591254125412541409e+00 -5.833092142847055683e+00
-1.590649064906490828e+00 -5.831563869972605119e+00
-1.590044004400440247e+00 -5.830035664334518586e+00
-1.589438943894389666e+00 -5.828507525988595894e+00
-1.588833883388339085e+00 -5.826979454990635077e+00
-1.588228822882288505e+00 -5.825451451396430613e+00
-1.587623762376237924e+00 -5.823923515261782313e+00
-1.587018701870187343e+00 -5.822395646642480216e+00
-1.586413641364136762e+00 -5.820867845594329459e+00
-1.585808580858086181e+00 -5.819340112173121859e+00
-1.585203520352035600e+00 -5.817812446434654561e+00
-1.584598459845985019e+00 -5.816284848434726484e+00
-1.583993399339934438e+00 -5.814757318229132110e+00
-1.583388338833883857e+00 -5.813229855873666807e+00
-1.582783278327832832e+00 -5.811702461424128607e+00
-1.582178217821782251e+00 -5.810175134936316432e+00
-1.581573157315731670e+00 -5.808647876466028315e+00
-1.580968096809681089e+00 -5.807120686069053406e+00
-1.580363036303630508e+00 -5.805593563801196844e+00
-1.579757975797579928e+00 -5.804066509718248668e+00
-1.579152915291529347e+00 -5.802539523876012240e+00
-1.578547854785478766e+00 -5.801012606330277599e+00
-1.577942794279428185e+00 -5.799485757136844555e+00
-1.577337733773377604e+00 -5.797958976351510252e+00
-1.576732673267327023e+00 -5.796432264030069170e+00
-1.576127612761276442e+00 -5.794905620228322007e+00
-1.575522552255225861e+00 -5.793379045002061467e+00
-1.574917491749175280e+00 -5.791852538407087359e+00
-1.574312431243124699e+00 -5.790326100499194162e+00
-1.573707370737074118e+00 -5.788799731334179910e+00
-1.573102310231023537e+00 -5.787273430967841747e+00
-1.572497249724972956e+00 -5.785747199455972378e+00
-1.571892189218921931e+00 -5.784221036854373388e+00
-1.571287128712871350e+00 -5.782694943218839256e+00
-1.570682068206820770e+00 -5.781168918605167129e+00
-1.570077007700770189e+00 -5.779642963069155037e+00
-1.569471947194719608e+00 -5.778117076666596574e+00
-1.568866886688669027e+00 -5.776591259453292437e+00
-1.568261826182618446e+00 -5.775065511485034442e+00
-1.567656765676567865e+00 -5.773539832817623285e+00
-1.567051705170517284e+00 -5.772014223506856112e+00
-1.566446644664466703e+00 -5.770488683608525626e+00
-1.565841584158416122e+00 -5.768963213178430749e+00
-1.565236523652365541e+00 -5.767437812272370401e+00
-1.564631463146314960e+00 -5.765912480946137286e+00
-1.564026402640264379e+00 -5.764387219255530326e+00
-1.563421342134213798e+00 -5.762862027256345776e+00
-1.562816281628163217e+00 -5.761336905004382558e+00
-1.562211221122112637e+00 -5.759811852555431599e+00
-1.561606160616062056e+00 -5.758286869965295374e+00
-1.561001100110011475e+00 -5.756761957289769249e+00
-1.560396039603960450e+00 -5.755237114584647706e+00
-1.559790979097909869e+00 -5.753712341905730554e+00
-1.559185918591859288e+00 -5.752187639308810496e+00
-1.558580858085808707e+00 -5.750663006849689118e+00
-1.557975797579758126e+00 -5.749138444584159124e+00
-1.557370737073707545e+00 -5.747613952568020323e+00
-1.556765676567656964e+00 -5.746089530857067196e+00
-1.556160616061606383e+00 -5.744565179507097774e+00
-1.555555555555555802e+00 -5.743040898573907427e+00
-1.554950495049505221e+00 -5.741516688113293299e+00
-1.554345434543454640e+00 -5.739992548181054310e+00
-1.553740374037404059e+00 -5.738468478832982278e+00
-1.553135313531353479e+00 -5.736944480124878787e+00
-1.552530253025302898e+00 -5.735420552112538317e+00
-1.551925192519252317e+00 -5.733896694851758014e+00
-1.551320132013201736e+00 -5.732372908398335021e+00
-1.550715071507151155e+00 -5.730849192808065595e+00
-1.550110011001100574e+00 -5.729325548136746882e+00
-1.549504950495049549e+00 -5.727801974440173360e+00
-1.548899889988998968e+00 -5.726278471774143064e+00
-1.548294829482948387e+00 -5.724755040194454025e+00
-1.547689768976897806e+00 -5.723231679756901613e+00
-1.547084708470847225e+00 -5.721708390517283860e+00
-1.546479647964796644e+00 -5.720185172531396134e+00
-1.545874587458746063e+00 -5.718662025855036468e+00
-1.545269526952695482e+00 -5.717138950544001119e+00
-1.544664466446644902e+00 -5.715615946654085455e+00
-1.544059405940594321e+00 -5.714093014241086621e+00
-1.543454345434543740e+00 -5.712570153360802649e+00
-1.542849284928493159e+00 -5.711047364069030685e+00
-1.542244224422442578e+00 -5.709524646421564320e+00
-1.541639163916391997e+00 -5.708002000474202475e+00
-1.541034103410341416e+00 -5.706479426282742295e+00
-1.540429042904290835e+00 -5.704956923902979149e+00
-1.539823982398240254e+00 -5.703434493390711069e+00
-1.539218921892189673e+00 -5.701912134801732535e+00
-1.538613861386139092e+00 -5.700389848191842468e+00
-1.538008800880088067e+00 -5.698867633616838013e+00
-1.537403740374037486e+00 -5.697345491132512763e+00
-1.536798679867986905e+00 -5.695823420794666525e+00
-1.536193619361936324e+00 -5.694301422659095557e+00
-1.535588558855885744e+00 -5.692779496781595228e+00
-1.534983498349835163e+00 -5.691257643217964457e+00
-1.534378437843784582e+00 -5.689735862023996837e+00
-1.533773377337734001e+00 -5.688214153255490402e+00
-1.533168316831683420e+00 -5.686692516968243183e+00
-1.532563256325632839e+00 -5.685170953218049661e+00
-1.531958195819582258e+00 -5.683649462060708757e+00
-1.531353135313531677e+00 -5.682128043552016727e+00
-1.530748074807481096e+00 -5.680606697747769829e+00
-1.530143014301430515e+00 -5.679085424703761653e+00
-1.529537953795379934e+00 -5.677564224475794674e+00
-1.528932893289329353e+00 -5.676043097119662484e+00
-1.528327832783278772e+00 -5.674522042691162227e+00
-1.527722772277228191e+00 -5.673001061246091048e+00
-1.527117711771177166e+00 -5.671480152840243427e+00
-1.526512651265126586e+00 -5.669959317529419174e+00
-1.525907590759076005e+00 -5.668438555369413656e+00
-1.525302530253025424e+00 -5.666917866416023131e+00
-1.524697469746974843e+00 -5.665397250725045630e+00
-1.524092409240924262e+00 -5.663876708352275635e+00
-1.523487348734873681e+00 -5.662356239353512954e+00
-1.522882288228823100e+00 -5.660835843784552068e+00
-1.522277227722772519e+00 -5.659315521701189233e+00
-1.521672167216721938e+00 -5.657795273159223370e+00
-1.521067106710671357e+00 -5.656275098214449848e+00
-1.520462046204620776e+00 -5.654754996922664922e+00
-1.519856985698570195e+00 -5.653234969339665739e+00
-1.519251925192519614e+00 -5.651715015521249441e+00
-1.518646864686469034e+00 -5.650195135523213175e+00
-1.518041804180418453e+00 -5.648675329401351419e+00
-1.517436743674367872e+00 -5.647155597211463096e+00
-1.516831683168317291e+00 -5.645635939009345350e+00
-1.516226622662266710e+00 -5.644116354850791772e+00
-1.515621562156215685e+00 -5.642596844791602173e+00
-1.515016501650165104e+00 -5.641077408887570144e+00
-1.514411441144114523e+00 -5.639558047194498158e+00
-1.513806380638063942e+00 -5.638038759768176256e+00
-1.513201320132013361e+00 -5.636519546664406910e+00
-1.512596259625962780e+00 -5.635000407938981937e+00
-1.511991199119912199e+00 -5.633481343647699369e+00
-1.511386138613861618e+00 -5.631962353846358127e+00
-1.510781078107811037e+00 -5.630443438590753580e+00
-1.510176017601760456e+00 -5.628924597936680208e+00
-1.509570957095709876e+00 -5.627405831939940484e+00
-1.508965896589659295e+00 -5.625887140656325336e+00
-1.508360836083608714e+00 -5.624368524141631909e+00
-1.507755775577558133e+00 -5.622849982451662676e+00
-1.507150715071507552e+00 -5.621331515642207677e+00
-1.506545654565456971e+00 -5.619813123769067609e+00
-1.505940594059406390e+00 -5.618294806888036064e+00
-1.505335533553355809e+00 -5.616776565054911963e+00
-1.504730473047304784e+00 -5.615258398325490674e+00
-1.504125412541254203e+00 -5.613740306755572007e+00
-1.503520352035203622e+00 -5.612222290400949554e+00
-1.502915291529153041e+00 -5.610704349317419570e+00
-1.502310231023102460e+00 -5.609186483560781866e+00
-1.501705170517051879e+00 -5.607668693186832698e+00
-1.501100110011001298e+00 -5.606150978251364769e+00
-1.500495049504950718e+00 -5.604633338810178778e+00
-1.499889988998900137e+00 -5.603115774919069203e+00
-1.499284928492849556e+00 -5.601598286633834967e+00
-1.498679867986798975e+00 -5.600080874010273213e+00
-1.498074807480748394e+00 -5.598563537104174870e+00
-1.497469746974697813e+00 -5.597046275971345075e+00
-1.496864686468647232e+00 -5.595529090667572980e+00
-1.496259625962596651e+00 -5.594011981248660170e+00
-1.495654565456546070e+00 -5.592494947770401126e+00
-1.495049504950495489e+00 -5.590977990288593880e+00
-1.494444444444444908e+00 -5.589461108859032912e+00
-1.493839383938394327e+00 -5.587944303537517143e+00
-1.493234323432343302e+00 -5.586427574379842831e+00
-1.492629262926292721e+00 -5.584910921441806231e+00
-1.492024202420242140e+00 -5.583394344779205376e+00
-1.491419141914191560e+00 -5.581877844447835635e+00
-1.490814081408140979e+00 -5.580361420503493264e+00
-1.490209020902090398e+00 -5.578845073001977184e+00
-1.489603960396039817e+00 -5.577328801999080099e+00
-1.488998899889989236e+00 -5.575812607550603595e+00
-1.488393839383938655e+00 -5.574296489712341263e+00
-1.487788778877888074e+00 -5.572780448540090248e+00
-1.487183718371837493e+00 -5.571264484089647695e+00
-1.486578657865786912e+00 -5.569748596416810749e+00
-1.485973597359736331e+00 -5.568232785577375665e+00
-1.485368536853685750e+00 -5.566717051627138702e+00
-1.484763476347635169e+00 -5.565201394621897002e+00
-1.484158415841584588e+00 -5.563685814617446823e+00
-1.483553355335534008e+00 -5.562170311669586198e+00
-1.482948294829483427e+00 -5.560654885834111383e+00
-1.482343234323432402e+00 -5.559139537166815970e+00
-1.481738173817381821e+00 -5.557624265723501544e+00
-1.481133113311331240e+00 -5.556109071559962587e+00
-1.480528052805280659e+00 -5.554593954731995353e+00
-1.479922992299230078e+00 -5.553078915295397877e+00
-1.479317931793179497e+00 -5.551563953305964638e+00
-1.478712871287128916e+00 -5.550049068819493669e+00
-1.478107810781078335e+00 -5.548534261891783892e+00
-1.477502750275027754e+00 -5.547019532578627121e+00
-1.476897689768977173e+00 -5.545504880935825831e+00
-1.476292629262926592e+00 -5.543990307019171837e+00
-1.475687568756876011e+00 -5.542475810884464948e+00
-1.475082508250825430e+00 -5.540961392587499645e+00
-1.474477447744774850e+00 -5.539447052184075737e+00
-1.473872387238724269e+00 -5.537932789729985927e+00
-1.473267326732673688e+00 -5.536418605281029137e+00
-1.472662266226623107e+00 -5.534904498893002511e+00
-1.472057205720572526e+00 -5.533390470621700530e+00
-1.471452145214521945e+00 -5.531876520522922114e+00
-1.470847084708470920e+00 -5.530362648652463520e+00
-1.470242024202420339e+00 -5.528848855066120116e+00
-1.469636963696369758e+00 -5.527335139819690824e+00
-1.469031903190319177e+00 -5.525821502968972787e+00
-1.468426842684268596e+00 -5.524307944569760487e+00
-1.467821782178218015e+00 -5.522794464677850179e+00
-1.467216721672167434e+00 -5.521281063349041673e+00
-1.466611661166116853e+00 -5.519767740639128561e+00
-1.466006600660066272e+00 -5.518254496603908876e+00
-1.465401540154015692e+00 -5.516741331299179762e+00
-1.464796479647965111e+00 -5.515228244780734812e+00
-1.464191419141914530e+00 -5.513715237104377387e+00
-1.463586358635863949e+00 -5.512202308325898414e+00
-1.462981298129813368e+00 -5.510689458501095928e+00
-1.462376237623762787e+00 -5.509176687685766183e+00
-1.461771177117712206e+00 -5.507663995935706325e+00
-1.461166116611661625e+00 -5.506151383306717939e+00
-1.460561056105611044e+00 -5.504638849854589289e+00
-1.459955995599560019e+00 -5.503126395635121071e+00
-1.459350935093509438e+00 -5.501614020704111319e+00
-1.458745874587458857e+00 -5.500101725117356288e+00
-1.458140814081408276e+00 -5.498589508930650460e+00
-1.457535753575357695e+00 -5.497077372199792755e+00
-1.456930693069307114e+00 -5.495565314980579430e+00
-1.456325632563256534e+00 -5.494053337328804965e+00
-1.455720572057205953e+00 -5.492541439300270056e+00
-1.455115511551155372e+00 -5.491029620950768297e+00
-1.454510451045104791e+00 -5.489517882336096832e+00
-1.453905390539054210e+00 -5.488006223512055470e+00
-1.453300330033003629e+00 -5.486494644534435139e+00
-1.452695269526953048e+00 -5.484983145459039200e+00
-1.452090209020902467e+00 -5.483471726341657693e+00
-1.451485148514851886e+00 -5.481960387238092203e+00
-1.450880088008801305e+00 -5.480449128204138987e+00
-1.450275027502750724e+00 -5.478937949295589860e+00
-1.449669966996700143e+00 -5.477426850568248184e+00
-1.449064906490649118e+00 -5.475915832077907552e+00
-1.448459845984598537e+00 -5.474404893880364220e+00
-1.447854785478547957e+00 -5.472894036031417109e+00
-1.447249724972497376e+00 -5.471383258586860698e+00
-1.446644664466446795e+00 -5.469872561602492134e+00
-1.446039603960396214e+00 -5.468361945134109448e+00
-1.445434543454345633e+00 -5.466851409237507120e+00
-1.444829482948295052e+00 -5.465340953968482296e+00
-1.444224422442244471e+00 -5.463830579382834784e+00
-1.443619361936193890e+00 -5.462320285536358178e+00
-1.443014301430143309e+00 -5.460810072484849620e+00
-1.442409240924092728e+00 -5.459299940284106256e+00
-1.441804180418042147e+00 -5.457789888989924343e+00
-1.441199119911991566e+00 -5.456279918658101913e+00
-1.440594059405940985e+00 -5.454770029344434334e+00
-1.439988998899890404e+00 -5.453260221104717864e+00
-1.439383938393839824e+00 -5.451750493994752311e+00
-1.438778877887789243e+00 -5.450240848070330379e+00
-1.438173817381738662e+00 -5.448731283387250102e+00
-1.437568756875687637e+00 -5.447221800001309511e+00
-1.436963696369637056e+00 -5.445712397968303975e+00
-1.436358635863586475e+00 -5.444203077344031527e+00
-1.435753575357535894e+00 -5.442693838184289312e+00
-1.435148514851485313e+00 -5.441184680544871810e+00
-1.434543454345434732e+00 -5.439675604481576165e+00
-1.433938393839384151e+00 -5.438166610050198635e+00
-1.433333333333333570e+00 -5.436657697306538140e+00
-1.432728272827282989e+00 -5.435148866306390936e+00
-1.432123212321232408e+00 -5.433640117105551504e+00
-1.431518151815181827e+00 -5.432131449759819652e+00
-1.430913091309131246e+00 -5.430622864324989862e+00
-1.430308030803080666e+00 -5.429114360856858390e+00
-1.429702970297030085e+00 -5.427605939411224156e+00
-1.429097909790979504e+00 -5.426097600043883418e+00
-1.428492849284928923e+00 -5.424589342810630654e+00
-1.427887788778878342e+00 -5.423081167767263899e+00
-1.427282728272827761e+00 -5.421573074969580297e+00
-1.426677667766776736e+00 -5.420065064473377880e+00
-1.426072607260726155e+00 -5.418557136334450242e+00
-1.425467546754675574e+00 -5.417049290608595413e+00
-1.424862486248624993e+00 -5.415541527351612316e+00
-1.424257425742574412e+00 -5.414033846619294543e+00
-1.423652365236523831e+00 -5.412526248467441903e+00
-1.423047304730473250e+00 -5.411018732951845323e+00
-1.422442244224422669e+00 -5.409511300128309053e+00
-1.421837183718372088e+00 -5.408003950052624909e+00
-1.421232123212321508e+00 -5.406496682780590923e+00
-1.420627062706270927e+00 -5.404989498368003353e+00
-1.420022002200220346e+00 -5.403482396870659343e+00
-1.419416941694169765e+00 -5.401975378344356038e+00
-1.418811881188119184e+00 -5.400468442844890582e+00
-1.418206820682068603e+00 -5.398961590428058344e+00
-1.417601760176018022e+00 -5.397454821149655579e+00
-1.416996699669967441e+00 -5.395948135065481210e+00
-1.416391639163916860e+00 -5.394441532231327940e+00
-1.415786578657866279e+00 -5.392935012702997355e+00
-1.415181518151815254e+00 -5.391428576536281270e+00
-1.414576457645764673e+00 -5.389922223786982158e+00
-1.413971397139714092e+00 -5.388415954510892725e+00
-1.413366336633663511e+00 -5.386909768763811890e+00
-1.412761276127612931e+00 -5.385403666601535022e+00
-1.412156215621562350e+00 -5.383897648079856602e+00
-1.411551155115511769e+00 -5.382391713254577326e+00
-1.410946094609461188e+00 -5.380885862181491675e+00
-1.410341034103410607e+00 -5.379380094916399457e+00
-1.409735973597360026e+00 -5.377874411515091602e+00
-1.409130913091309445e+00 -5.376368812033369693e+00
-1.408525852585258864e+00 -5.374863296527028211e+00
-1.407920792079208283e+00 -5.373357865051865190e+00
-1.407315731573157702e+00 -5.371852517663675997e+00
-1.406710671067107121e+00 -5.370347254418257776e+00
-1.406105610561056540e+00 -5.368842075371406786e+00
-1.405500550055005959e+00 -5.367336980578922834e+00
-1.404895489548955378e+00 -5.365831970096598624e+00
-1.404290429042904353e+00 -5.364327043980233078e+00
-1.403685368536853773e+00 -5.362822202285622453e+00
-1.403080308030803192e+00 -5.361317445068562115e+00
-1.402475247524752611e+00 -5.359812772384851876e+00
-1.401870187018702030e+00 -5.358308184290284437e+00
-1.401265126512651449e+00 -5.356803680840659609e+00
-1.400660066006600868e+00 -5.355299262091775425e+00
-1.400055005500550287e+00 -5.353794928099422812e+00
-1.399449944994499706e+00 -5.352290678919400690e+00
-1.398844884488449125e+00 -5.350786514607510647e+00
-1.398239823982398544e+00 -5.349282435219546272e+00
-1.397634763476347963e+00 -5.347778440811301159e+00
-1.397029702970297382e+00 -5.346274531438574229e+00
-1.396424642464246801e+00 -5.344770707157165290e+00
-1.395819581958196220e+00 -5.343266968022866159e+00
-1.395214521452145640e+00 -5.341763314091477532e+00
-1.394609460946095059e+00 -5.340259745418793891e+00
-1.394004400440044478e+00 -5.338756262060614155e+00
-1.393399339933993897e+00 -5.337252864072730141e+00
-1.392794279427942872e+00 -5.335749551510940769e+00
-1.392189218921892291e+00 -5.334246324431047626e+00
-1.391584158415841710e+00 -5.332743182888840749e+00
-1.390979097909791129e+00 -5.331240126940121726e+00
-1.390374037403740548e+00 -5.329737156640683260e+00
-1.389768976897689967e+00 -5.328234272046326048e+00
-1.389163916391639386e+00 -5.326731473212843682e+00
-1.388558855885588805e+00 -5.325228760196032418e+00
-1.387953795379538224e+00 -5.323726133051692955e+00
-1.387348734873487643e+00 -5.322223591835618883e+00
-1.386743674367437063e+00 -5.320721136603606460e+00
-1.386138613861386482e+00 -5.319218767411452831e+00
-1.385533553355335901e+00 -5.317716484314958691e+00
-1.384928492849285320e+00 -5.316214287369914082e+00
-1.384323432343234739e+00 -5.314712176632120588e+00
-1.383718371837184158e+00 -5.313210152157372690e+00
-1.383113311331133577e+00 -5.311708214001469308e+00
-1.382508250825082996e+00 -5.310206362220204035e+00
-1.381903190319031971e+00 -5.308704596869375791e+00
-1.381298129812981390e+00 -5.307202918004779058e+00
-1.380693069306930809e+00 -5.305701325682216307e+00
-1.380088008800880228e+00 -5.304199819957475803e+00
-1.379482948294829647e+00 -5.302698400886361796e+00
-1.378877887788779066e+00 -5.301197068524666989e+00
-1.378272827282728485e+00 -5.299695822928188527e+00
-1.377667766776677905e+00 -5.298194664152722666e+00
-1.377062706270627324e+00 -5.296693592254066552e+00
-1.376457645764576743e+00 -5.295192607288019104e+00
-1.375852585258526162e+00 -5.293691709310374804e+00
-1.375247524752475581e+00 -5.292190898376929908e+00
-1.374642464246425000e+00 -5.290690174543483337e+00
-1.374037403740374419e+00 -5.289189537865829571e+00
-1.373432343234323838e+00 -5.287688988399766643e+00
-1.372827282728273257e+00 -5.286188526201089921e+00
-1.372222222222222676e+00 -5.284688151325598326e+00
-1.371617161716172095e+00 -5.283187863829086339e+00
-1.371012101210121514e+00 -5.281687663767352880e+00
-1.370407040704070489e+00 -5.280187551196191542e+00
-1.369801980198019908e+00 -5.278687526171400357e+00
-1.369196919691969327e+00 -5.277187588748780023e+00
-1.368591859185918747e+00 -5.275687738984120578e+00
-1.367986798679868166e+00 -5.274187976933223609e+00
-1.367381738173817585e+00 -5.272688302651882708e+00
-1.366776677667767004e+00 -5.271188716195898571e+00
-1.366171617161716423e+00 -5.269689217621064792e+00
-1.365566556655665842e+00 -5.268189806983177625e+00
-1.364961496149615261e+00 -5.266690484338035994e+00
-1.364356435643564680e+00 -5.265191249741432600e+00
-1.363751375137514099e+00 -5.263692103249170806e+00
-1.363146314631463518e+00 -5.262193044917041540e+00
-1.362541254125412937e+00 -5.260694074800844611e+00
-1.361936193619362356e+00 -5.259195192956373610e+00
-1.361331133113311775e+00 -5.257696399439429236e+00
-1.360726072607261194e+00 -5.256197694305805967e+00
-1.360121012101210614e+00 -5.254699077611299174e+00
-1.359515951595159589e+00 -5.253200549411708664e+00
-1.358910891089109008e+00 -5.251702109762828030e+00
-1.358305830583058427e+00 -5.250203758720458858e+00
-1.357700770077007846e+00 -5.248705496340393850e+00
-1.357095709570957265e+00 -5.247207322678428376e+00
-1.356490649064906684e+00 -5.245709237790364021e+00
-1.355885588558856103e+00 -5.244211241731992601e+00
-1.355280528052805522e+00 -5.242713334559113036e+00
-1.354675467546754941e+00 -5.241215516327524249e+00
-1.354070407040704360e+00 -5.239717787093018941e+00
-1.353465346534653779e+00 -5.238220146911395148e+00
-1.352860286028603198e+00 -5.236722595838449124e+00
-1.352255225522552617e+00 -5.235225133929981567e+00
-1.351650165016502037e+00 -5.233727761241783405e+00
-1.351045104510451456e+00 -5.232230477829656223e+00
-1.350440044004400875e+00 -5.230733283749393614e+00
-1.349834983498350294e+00 -5.229236179056792722e+00
-1.349229922992299713e+00 -5.227739163807651579e+00
-1.348624862486248688e+00 -5.226242238057763778e+00
-1.348019801980198107e+00 -5.224745401862930905e+00
-1.347414741474147526e+00 -5.223248655278946551e+00
-1.346809680968096945e+00 -5.221751998361608749e+00
-1.346204620462046364e+00 -5.220255431166711979e+00
-1.345599559955995783e+00 -5.218758953750055163e+00
-1.344994499449945202e+00 -5.217262566167433668e+00
-1.344389438943894621e+00 -5.215766268474646417e+00
-1.343784378437844040e+00 -5.214270060727486111e+00
-1.343179317931793459e+00 -5.212773942981754338e+00
-1.342574257425742879e+00 -5.211277915293244689e+00
-1.341969196919692298e+00 -5.209781977717753421e+00
-1.341364136413641717e+00 -5.208286130311079454e+00
-1.340759075907591136e+00 -5.206790373129017269e+00
-1.340154015401540555e+00 -5.205294706227365786e+00
-1.339548954895489974e+00 -5.203799129661920375e+00
-1.338943894389439393e+00 -5.202303643488477292e+00
-1.338338833883388812e+00 -5.200808247762834569e+00
-1.337733773377338231e+00 -5.199312942540788463e+00
-1.337128712871287206e+00 -5.197817727878134342e+00
-1.336523652365236625e+00 -5.196322603830672904e+00
-1.335918591859186044e+00 -5.194827570454195076e+00
-1.335313531353135463e+00 -5.193332627804502444e+00
-1.334708470847084882e+00 -5.191837775937389488e+00
-1.334103410341034301e+00 -5.190343014908653352e+00
-1.333498349834983721e+00 -5.188848344774091181e+00
-1.332893289328933140e+00 -5.187353765589498344e+00
-1.332288228822882559e+00 -5.185859277410672874e+00
-1.331683168316831978e+00 -5.184364880293410138e+00
-1.331078107810781397e+00 -5.182870574293509947e+00
-1.330473047304730816e+00 -5.181376359466764114e+00
-1.329867986798680235e+00 -5.179882235868974227e+00
-1.329262926292629654e+00 -5.178388203555932989e+00
-1.328657865786579073e+00 -5.176894262583439321e+00
-1.328052805280528492e+00 -5.175400413007289480e+00
-1.327447744774477911e+00 -5.173906654883281497e+00
-1.326842684268427330e+00 -5.172412988267209855e+00
-1.326237623762376305e+00 -5.170919413214872584e+00
-1.325632563256325724e+00 -5.169425929782065054e+00
-1.325027502750275143e+00 -5.167932538024586187e+00
-1.324422442244224563e+00 -5.166439237998231349e+00
-1.323817381738173982e+00 -5.164946029758797685e+00
-1.323212321232123401e+00 -5.163452913362080565e+00
-1.322607260726072820e+00 -5.161959888863878909e+00
-1.322002200220022239e+00 -5.160466956319987197e+00
-1.321397139713971658e+00 -5.158974115786203463e+00
-1.320792079207921077e+00 -5.157481367318324850e+00
-1.320187018701870496e+00 -5.155988710972146727e+00
-1.319581958195819915e+00 -5.154496146803467127e+00
-1.318976897689769334e+00 -5.153003674868082307e+00
-1.318371837183718753e+00 -5.151511295221787634e+00
-1.317766776677668172e+00 -5.150019007920382030e+00
-1.317161716171617591e+00 -5.148526813019659087e+00
-1.316556655665567011e+00 -5.147034710575420391e+00
-1.315951595159516430e+00 -5.145542700643458645e+00
-1.315346534653465849e+00 -5.144050783279573658e+00
-1.314741474147414824e+00 -5.142558958539556357e+00
-1.314136413641364243e+00 -5.141067226479209218e+00
-1.313531353135313662e+00 -5.139575587154326719e+00
-1.312926292629263081e+00 -5.138084040620707782e+00
-1.312321232123212500e+00 -5.136592586934145999e+00
-1.311716171617161919e+00 -5.135101226150438514e+00
-1.311111111111111338e+00 -5.133609958325383360e+00
-1.310506050605060757e+00 -5.132118783514776794e+00
-1.309900990099010176e+00 -5.130627701774416849e+00
-1.309295929592959595e+00 -5.129136713160098893e+00
-1.308690869086909014e+00 -5.127645817727618294e+00
-1.308085808580858433e+00 -5.126155015532773973e+00
-1.307480748074807853e+00 -5.124664306631360411e+00
-1.306875687568757272e+00 -5.123173691079177416e+00
-1.306270627062706691e+00 -5.121683168932017693e+00
-1.305665566556656110e+00 -5.120192740245682828e+00
-1.305060506050605529e+00 -5.118702405075966411e+00
-1.304455445544554948e+00 -5.117212163478664699e+00
-1.303850385038503923e+00 -5.115722015509574838e+00
-1.303245324532453342e+00 -5.114231961224495748e+00
-1.302640264026402761e+00 -5.112742000679221022e+00
-1.302035203520352180e+00 -5.111252133929550467e+00
-1.301430143014301599e+00 -5.109762361031278566e+00
-1.300825082508251018e+00 -5.108272682040201573e+00
-1.300220022002200437e+00 -5.106783097012119299e+00
-1.299614961496149856e+00 -5.105293606002824447e+00
-1.299009900990099275e+00 -5.103804209068117714e+00
-1.298404840484048695e+00 -5.102314906263792693e+00
-1.297799779977998114e+00 -5.100825697645646528e+00
-1.297194719471947533e+00 -5.099336583269478140e+00
-1.296589658965896952e+00 -5.097847563191081122e+00
-1.295984598459846371e+00 -5.096358637466255281e+00
-1.295379537953795790e+00 -5.094869806150793323e+00
-1.294774477447745209e+00 -5.093381069300497721e+00
-1.294169416941694628e+00 -5.091892426971160290e+00
-1.293564356435644047e+00 -5.090403879218579952e+00
-1.292959295929593466e+00 -5.088915426098552963e+00
-1.292354235423542441e+00 -5.087427067666874692e+00
-1.291749174917491860e+00 -5.085938803979343170e+00
-1.291144114411441279e+00 -5.084450635091756432e+00
-1.290539053905390698e+00 -5.082962561059908069e+00
-1.289933993399340117e+00 -5.081474581939597890e+00
-1.289328932893289537e+00 -5.079986697786621264e+00
-1.288723872387238956e+00 -5.078498908656775335e+00
-1.288118811881188375e+00 -5.077011214605855471e+00
-1.287513751375137794e+00 -5.075523615689659707e+00
-1.286908690869087213e+00 -5.074036111963983409e+00
-1.286303630363036632e+00 -5.072548703484625499e+00
-1.285698569856986051e+00 -5.071061390307381345e+00
-1.285093509350935470e+00 -5.069574172488045427e+00
-1.284488448844884889e+00 -5.068087050082419331e+00
-1.283883388338834308e+00 -5.066600023146295761e+00
-1.283278327832783727e+00 -5.065113091735473638e+00
-1.282673267326733146e+00 -5.063626255905747442e+00
-1.282068206820682565e+00 -5.062139515712918758e+00
-1.281463146314631540e+00 -5.060652871212776738e+00
-1.280858085808580960e+00 -5.059166322461122967e+00
-1.280253025302530379e+00 -5.057679869513755477e+00
-1.279647964796479798e+00 -5.056193512426466974e+00
-1.279042904290429217e+00 -5.054707251255057265e+00
-1.278437843784378636e+00 -5.053221086055322608e+00
-1.277832783278328055e+00 -5.051735016883057483e+00
-1.277227722772277474e+00 -5.050249043794061699e+00
-1.276622662266226893e+00 -5.048763166844129735e+00
-1.276017601760176312e+00 -5.047277386089058737e+00
-1.275412541254125731e+00 -5.045791701584645850e+00
-1.274807480748075150e+00 -5.044306113386688217e+00
-1.274202420242024569e+00 -5.042820621550979432e+00
-1.273597359735973988e+00 -5.041335226133321079e+00
-1.272992299229923407e+00 -5.039849927189507639e+00
-1.272387238723872827e+00 -5.038364724775334480e+00
-1.271782178217822246e+00 -5.036879618946599635e+00
-1.271177117711771665e+00 -5.035394609759100248e+00
-1.270572057205721084e+00 -5.033909697268631689e+00
-1.269966996699670059e+00 -5.032424881530991989e+00
-1.269361936193619478e+00 -5.030940162601975629e+00
-1.268756875687568897e+00 -5.029455540537384195e+00
-1.268151815181518316e+00 -5.027971015393011278e+00
-1.267546754675467735e+00 -5.026486587224651359e+00
-1.266941694169417154e+00 -5.025002256088105135e+00
-1.266336633663366573e+00 -5.023518022039164421e+00
-1.265731573157315992e+00 -5.022033885133632580e+00
-1.265126512651265411e+00 -5.020549845427301427e+00
-1.264521452145214830e+00 -5.019065902975968108e+00
-1.263916391639164249e+00 -5.017582057835431542e+00
-1.263311331133113669e+00 -5.016098310061487098e+00
-1.262706270627063088e+00 -5.014614659709931033e+00
-1.262101210121012507e+00 -5.013131106836562267e+00
-1.261496149614961926e+00 -5.011647651497174394e+00
-1.260891089108911345e+00 -5.010164293747564557e+00
-1.260286028602860764e+00 -5.008681033643530789e+00
-1.259680968096810183e+00 -5.007197871240870235e+00
-1.259075907590759158e+00 -5.005714806595378263e+00
-1.258470847084708577e+00 -5.004231839762852907e+00
-1.257865786578657996e+00 -5.002748970799089534e+00
-1.257260726072607415e+00 -5.001266199759886177e+00
-1.256655665566556834e+00 -4.999783526701038205e+00
-1.256050605060506253e+00 -4.998300951678342763e+00
-1.255445544554455672e+00 -4.996818474747597882e+00
-1.254840484048405091e+00 -4.995336095964598933e+00
-1.254235423542354511e+00 -4.993853815385143058e+00
-1.253630363036303930e+00 -4.992371633065023850e+00
-1.253025302530253349e+00 -4.990889549060044672e+00
-1.252420242024202768e+00 -4.989407563425999115e+00
-1.251815181518152187e+00 -4.987925676218679882e+00
-1.251210121012101606e+00 -4.986443887493888560e+00
-1.250605060506051025e+00 -4.984962197307420517e+00
-1.250000000000000444e+00 -4.983480605715072009e+00
-1.249394939493949863e+00 -4.981999112772640181e+00
-1.248789878987899282e+00 -4.980517718535921290e+00
-1.248184818481848701e+00 -4.979036423060713368e+00
-1.247579757975797676e+00 -4.977555226402810895e+00
-1.246974697469747095e+00 -4.976074128618012793e+00
-1.246369636963696514e+00 -4.974593129762115318e+00
-1.245764576457645934e+00 -4.973112229890913838e+00
-1.245159515951595353e+00 -4.971631429060206386e+00
-1.244554455445544772e+00 -4.970150727325788331e+00
-1.243949394939494191e+00 -4.968670124743458594e+00
-1.243344334433443610e+00 -4.967189621369011654e+00
-1.242739273927393029e+00 -4.965709217258244657e+00
-1.242134213421342448e+00 -4.964228912466956523e+00
-1.241529152915291867e+00 -4.962748707050940844e+00
-1.240924092409241286e+00 -4.961268601065996542e+00
-1.240319031903190705e+00 -4.959788594567918096e+00
-1.239713971397140124e+00 -4.958308687612506205e+00
-1.239108910891089543e+00 -4.956828880255552683e+00
-1.238503850385038962e+00 -4.955349172552859116e+00
-1.237898789878988381e+00 -4.953869564560216432e+00
-1.237293729372937801e+00 -4.952390056333426216e+00
-1.236688668866886776e+00 -4.950910647928282060e+00
-1.236083608360836195e+00 -4.949431339400583774e+00
-1.235478547854785614e+00 -4.947952130806126725e+00
-1.234873487348735033e+00 -4.946473022200707170e+00
-1.234268426842684452e+00 -4.944994013640121366e+00
-1.233663366336633871e+00 -4.943515105180168234e+00
-1.233058305830583290e+00 -4.942036296876641366e+00
-1.232453245324532709e+00 -4.940557588785338794e+00
-1.231848184818482128e+00 -4.939078980962057663e+00
-1.231243124312431547e+00 -4.937600473462596007e+00
-1.230638063806380966e+00 -4.936122066342748305e+00
-1.230033003300330385e+00 -4.934643759658311701e+00
-1.229427942794279804e+00 -4.933165553465084230e+00
-1.228822882288229223e+00 -4.931687447818859482e+00
-1.228217821782178643e+00 -4.930209442775437267e+00
-1.227612761276128062e+00 -4.928731538390612954e+00
-1.227007700770077481e+00 -4.927253734720185463e+00
-1.226402640264026900e+00 -4.925776031819947498e+00
-1.225797579757975875e+00 -4.924298429745697092e+00
-1.225192519251925294e+00 -4.922820928553233166e+00
-1.224587458745874713e+00 -4.921343528298351089e+00
-1.223982398239824132e+00 -4.919866229036848893e+00
-1.223377337733773551e+00 -4.918389030824521058e+00
-1.222772277227722970e+00 -4.916911933717164729e+00
-1.222167216721672389e+00 -4.915434937770577051e+00
-1.221562156215621808e+00 -4.913958043040555168e+00
-1.220957095709571227e+00 -4.912481249582894449e+00
-1.220352035203520646e+00 -4.911004557453393815e+00
-1.219746974697470066e+00 -4.909527966707848634e+00
-1.219141914191419485e+00 -4.908051477402054275e+00
-1.218536853685368904e+00 -4.906575089591809657e+00
-1.217931793179318323e+00 -4.905098803332910151e+00
-1.217326732673267742e+00 -4.903622618681154677e+00
-1.216721672167217161e+00 -4.902146535692336826e+00
-1.216116611661166580e+00 -4.900670554422255520e+00
-1.215511551155115999e+00 -4.899194674926707016e+00
-1.214906490649065418e+00 -4.897718897261487569e+00
-1.214301430143014393e+00 -4.896243221482391661e+00
-1.213696369636963812e+00 -4.894767647645220876e+00
-1.213091309130913231e+00 -4.893292175805769695e+00
-1.212486248624862650e+00 -4.891816806019832597e+00
-1.211881188118812069e+00 -4.890341538343211170e+00
-1.211276127612761488e+00 -4.888866372831697227e+00
-1.210671067106710908e+00 -4.887391309541089690e+00
-1.210066006600660327e+00 -4.885916348527185704e+00
-1.209460946094609746e+00 -4.884441489845779749e+00
-1.208855885588559165e+00 -4.882966733552672522e+00
-1.208250825082508584e+00 -4.881492079703656728e+00
-1.207645764576458003e+00 -4.880017528354530398e+00
-1.207040704070407422e+00 -4.878543079561092455e+00
-1.206435643564356841e+00 -4.877068733379137377e+00
-1.205830583058306260e+00 -4.875594489864459646e+00
-1.205225522552255679e+00 -4.874120349072859959e+00
-1.204620462046205098e+00 -4.872646311060133684e+00
-1.204015401540154517e+00 -4.871172375882079741e+00
-1.203410341034103492e+00 -4.869698543594488171e+00
-1.202805280528052911e+00 -4.868224814253164112e+00
-1.202200220022002330e+00 -4.866751187913897603e+00
-1.201595159515951750e+00 -4.865277664632489341e+00
-1.200990099009901169e+00 -4.863804244464734694e+00
-1.200385038503850588e+00 -4.862330927466429031e+00
-1.199779977997800007e+00 -4.860857713693372162e+00
-1.199174917491749426e+00 -4.859384603201358566e+00
-1.198569856985698845e+00 -4.857911596046185387e+00
-1.197964796479648264e+00 -4.856438692283648884e+00
-1.197359735973597683e+00 -4.854965891969546199e+00
-1.196754675467547102e+00 -4.853493195159674478e+00
-1.196149614961496521e+00 -4.852020601909830866e+00
-1.195544554455445940e+00 -4.850548112275810730e+00
-1.194939493949395359e+00 -4.849075726313409440e+00
-1.194334433443344778e+00 -4.847603444078429469e+00
-1.193729372937294197e+00 -4.846131265626661744e+00
-1.193124312431243617e+00 -4.844659191013905186e+00
-1.192519251925193036e+00 -4.843187220295955164e+00
-1.191914191419142011e+00 -4.841715353528609711e+00
-1.191309130913091430e+00 -4.840243590767665083e+00
-1.190704070407040849e+00 -4.838771932068919313e+00
-1.190099009900990268e+00 -4.837300377488165992e+00
-1.189493949394939687e+00 -4.835828927081206707e+00
-1.188888888888889106e+00 -4.834357580903833274e+00
-1.188283828382838525e+00 -4.832886339011844612e+00
-1.187678767876787944e+00 -4.831415201461037867e+00
-1.187073707370737363e+00 -4.829944168307209296e+00
-1.186468646864686782e+00 -4.828473239606155154e+00
-1.185863586358636201e+00 -4.827002415413673475e+00
-1.185258525852585620e+00 -4.825531695785558739e+00
-1.184653465346535040e+00 -4.824061080777609867e+00
-1.184048404840484459e+00 -4.822590570445621339e+00
-1.183443344334433878e+00 -4.821120164845391187e+00
-1.182838283828383297e+00 -4.819649864032715669e+00
-1.182233223322332716e+00 -4.818179668063393706e+00
-1.181628162816282135e+00 -4.816709576993218889e+00
-1.181023102310231110e+00 -4.815239590877988363e+00
-1.180418041804180529e+00 -4.813769709773500161e+00
-1.179812981298129948e+00 -4.812299933735552315e+00
-1.179207920792079367e+00 -4.810830262819936642e+00
-1.178602860286028786e+00 -4.809360697082455616e+00
-1.177997799779978205e+00 -4.807891236578903715e+00
-1.177392739273927624e+00 -4.806421881365075421e+00
-1.176787678767877043e+00 -4.804952631496770543e+00
-1.176182618261826462e+00 -4.803483487029783561e+00
-1.175577557755775882e+00 -4.802014448019913395e+00
-1.174972497249725301e+00 -4.800545514522953638e+00
-1.174367436743674720e+00 -4.799076686594704988e+00
-1.173762376237624139e+00 -4.797607964290959259e+00
-1.173157315731573558e+00 -4.796139347667518038e+00
-1.172552255225522977e+00 -4.794670836780176693e+00
-1.171947194719472396e+00 -4.793202431684728815e+00
-1.171342134213421815e+00 -4.791734132436976878e+00
-1.170737073707371234e+00 -4.790265939092710923e+00
-1.170132013201320653e+00 -4.788797851707732534e+00
-1.169526952695269628e+00 -4.787329870337835303e+00
-1.168921892189219047e+00 -4.785861995038819039e+00
-1.168316831683168466e+00 -4.784394225866477335e+00
-1.167711771177117885e+00 -4.782926562876609999e+00
-1.167106710671067304e+00 -4.781459006125011513e+00
-1.166501650165016724e+00 -4.779991555667479908e+00
-1.165896589658966143e+00 -4.778524211559810553e+00
-1.165291529152915562e+00 -4.777056973857801481e+00
-1.164686468646864981e+00 -4.775589842617248948e+00
-1.164081408140814400e+00 -4.774122817893949211e+00
-1.163476347634763819e+00 -4.772655899743699415e+00
-1.162871287128713238e+00 -4.771189088222295815e+00
-1.162266226622662657e+00 -4.769722383385535558e+00
-1.161661166116612076e+00 -4.768255785289215787e+00
-1.161056105610561495e+00 -4.766789293989131870e+00
-1.160451045104510914e+00 -4.765322909541081842e+00
-1.159845984598460333e+00 -4.763856632000862845e+00
-1.159240924092409752e+00 -4.762390461424268473e+00
-1.158635863586358727e+00 -4.760924397867098534e+00
-1.158030803080308146e+00 -4.759458441385149285e+00
-1.157425742574257566e+00 -4.757992592034216983e+00
-1.156820682068206985e+00 -4.756526849870096996e+00
-1.156215621562156404e+00 -4.755061214948589132e+00
-1.155610561056105823e+00 -4.753595687325487873e+00
-1.155005500550055242e+00 -4.752130267056591251e+00
-1.154400440044004661e+00 -4.750664954197692857e+00
-1.153795379537954080e+00 -4.749199748804593391e+00
-1.153190319031903499e+00 -4.747734650933088218e+00
-1.152585258525852918e+00 -4.746269660638972709e+00
-1.151980198019802337e+00 -4.744804777978044008e+00
-1.151375137513751756e+00 -4.743340003006101924e+00
-1.150770077007701175e+00 -4.741875335778938272e+00
-1.150165016501650594e+00 -4.740410776352352862e+00
-1.149559955995600014e+00 -4.738946324782141950e+00
-1.148954895489549433e+00 -4.737481981124101793e+00
-1.148349834983498852e+00 -4.736017745434029536e+00
-1.147744774477448271e+00 -4.734553617767721434e+00
-1.147139713971397246e+00 -4.733089598180973745e+00
-1.146534653465346665e+00 -4.731625686729583613e+00
-1.145929592959296084e+00 -4.730161883469349959e+00
-1.145324532453245503e+00 -4.728698188456065488e+00
-1.144719471947194922e+00 -4.727234601745530007e+00
-1.144114411441144341e+00 -4.725771123393537998e+00
-1.143509350935093760e+00 -4.724307753455889269e+00
-1.142904290429043179e+00 -4.722844491988377413e+00
-1.142299229922992598e+00 -4.721381339046800463e+00
-1.141694169416942017e+00 -4.719918294686954674e+00
-1.141089108910891436e+00 -4.718455358964638080e+00
-1.140484048404840856e+00 -4.716992531935646049e+00
-1.139878987898790275e+00 -4.715529813655774838e+00
-1.139273927392739694e+00 -4.714067204180823367e+00
-1.138668866886689113e+00 -4.712604703566586117e+00
-1.138063806380638532e+00 -4.711142311868862009e+00
-1.137458745874587951e+00 -4.709680029143443747e+00
-1.136853685368537370e+00 -4.708217855446132916e+00
-1.136248624862486345e+00 -4.706755790832721331e+00
-1.135643564356435764e+00 -4.705293835359009691e+00
-1.135038503850385183e+00 -4.703831989080793363e+00
-1.134433443344334602e+00 -4.702370252053870381e+00
-1.133828382838284021e+00 -4.700908624334034336e+00
-1.133223322332233440e+00 -4.699447105977085926e+00
-1.132618261826182859e+00 -4.697985697038819630e+00
-1.132013201320132278e+00 -4.696524397575030818e+00
-1.131408140814081698e+00 -4.695063207641516634e+00
-1.130803080308031117e+00 -4.693602127294075999e+00
-1.130198019801980536e+00 -4.692141156588505169e+00
-1.129592959295929955e+00 -4.690680295580599513e+00
-1.128987898789879374e+00 -4.689219544326155287e+00
-1.128382838283828793e+00 -4.687758902880971412e+00
-1.127777777777778212e+00 -4.686298371300843257e+00
-1.127172717271727631e+00 -4.684837949641567967e+00
-1.126567656765677050e+00 -4.683377637958941797e+00
-1.125962596259626469e+00 -4.681917436308761893e+00
-1.125357535753575444e+00 -4.680457344746822734e+00
-1.124752475247524863e+00 -4.678997363328925019e+00
-1.124147414741474282e+00 -4.677537492110862338e+00
-1.123542354235423701e+00 -4.676077731148433614e+00
-1.122937293729373120e+00 -4.674618080497433326e+00
-1.122332233223322540e+00 -4.673158540213661283e+00
-1.121727172717271959e+00 -4.671699110352911966e+00
-1.121122112211221378e+00 -4.670239790970980742e+00
-1.120517051705170797e+00 -4.668780582123665646e+00
-1.119911991199120216e+00 -4.667321483866766485e+00
-1.119306930693069635e+00 -4.665862496256075964e+00
-1.118701870187019054e+00 -4.664403619347392116e+00
-1.118096809680968473e+00 -4.662944853196510309e+00
-1.117491749174917892e+00 -4.661486197859231240e+00
-1.116886688668867311e+00 -4.660027653391345837e+00
-1.116281628162816730e+00 -4.658569219848654797e+00
-1.115676567656766149e+00 -4.657110897286954376e+00
-1.115071507150715568e+00 -4.655652685762039056e+00
-1.114466446644664988e+00 -4.654194585329710421e+00
-1.113861386138613963e+00 -4.652736596045758510e+00
-1.113256325632563382e+00 -4.651278717965985798e+00
-1.112651265126512801e+00 -4.649820951146186765e+00
-1.112046204620462220e+00 -4.648363295642157667e+00
-1.111441144114411639e+00 -4.646905751509695648e+00
-1.110836083608361058e+00 -4.645448318804598742e+00
-1.110231023102310477e+00 -4.643990997582660540e+00
-1.109625962596259896e+00 -4.642533787899680853e+00
-1.109020902090209315e+00 -4.641076689811455935e+00
-1.108415841584158734e+00 -4.639619703373780268e+00
-1.107810781078108153e+00 -4.638162828642451885e+00
-1.107205720572057572e+00 -4.636706065673268817e+00
-1.106600660066006991e+00 -4.635249414522026434e+00
-1.105995599559956410e+00 -4.633792875244521881e+00
-1.105390539053905830e+00 -4.632336447896549636e+00
-1.104785478547855249e+00 -4.630880132533910398e+00
-1.104180418041804668e+00 -4.629423929212396871e+00
-1.103575357535754087e+00 -4.627967837987810640e+00
-1.102970297029703062e+00 -4.626511858915943520e+00
-1.102365236523652481e+00 -4.625055992052593545e+00
-1.101760176017601900e+00 -4.623600237453558748e+00
-1.101155115511551319e+00 -4.622144595174635384e+00
-1.100550055005500738e+00 -4.620689065271620599e+00
-1.099944994499450157e+00 -4.619233647800309761e+00
-1.099339933993399576e+00 -4.617778342816501791e+00
-1.098734873487348995e+00 -4.616323150375990281e+00
-1.098129812981298414e+00 -4.614868070534574152e+00
-1.097524752475247833e+00 -4.613413103348049660e+00
-1.096919691969197252e+00 -4.611958248872213062e+00
-1.096314631463146672e+00 -4.610503507162861503e+00
-1.095709570957096091e+00 -4.609048878275793015e+00
-1.095104510451045510e+00 -4.607594362266801191e+00
-1.094499449944994929e+00 -4.606139959191684952e+00
-1.093894389438944348e+00 -4.604685669106240553e+00
-1.093289328932893767e+00 -4.603231492066264252e+00
-1.092684268426843186e+00 -4.601777428127554970e+00
-1.092079207920792605e+00 -4.600323477345905410e+00
-1.091474147414741580e+00 -4.598869639777114493e+00
-1.090869086908690999e+00 -4.597415915476979364e+00
-1.090264026402640418e+00 -4.595962304501297169e+00
-1.089658965896589837e+00 -4.594508806905864162e+00
-1.089053905390539256e+00 -4.593055422746475713e+00
-1.088448844884488675e+00 -4.591602152078930743e+00
-1.087843784378438095e+00 -4.590148994959022843e+00
-1.087238723872387514e+00 -4.588695951442550935e+00
-1.086633663366336933e+00 -4.587243021585312164e+00
-1.086028602860286352e+00 -4.585790205443102785e+00
-1.085423542354235771e+00 -4.584337503071719944e+00
-1.084818481848185190e+00 -4.582884914526956344e+00
-1.084213421342134609e+00 -4.581432439864615347e+00
-1.083608360836084028e+00 -4.579980079140487881e+00
-1.083003300330033447e+00 -4.578527832410374643e+00
-1.082398239823982866e+00 -4.577075699730070113e+00
-1.081793179317932285e+00 -4.575623681155372324e+00
-1.081188118811881704e+00 -4.574171776742076645e+00
-1.080583058305830679e+00 -4.572719986545980220e+00
-1.079977997799780098e+00 -4.571268310622879305e+00
-1.079372937293729517e+00 -4.569816749028573710e+00
-1.078767876787678937e+00 -4.568365301818855251e+00
-1.078162816281628356e+00 -4.566913969049524624e+00
-1.077557755775577775e+00 -4.565462750776378087e+00
-1.076952695269527194e+00 -4.564011647055208343e+00
-1.076347634763476613e+00 -4.562560657941817865e+00
-1.075742574257426032e+00 -4.561109783491999359e+00
-1.075137513751375451e+00 -4.559659023761551744e+00
-1.074532453245324870e+00 -4.558208378806269501e+00
-1.073927392739274289e+00 -4.556757848681951550e+00
-1.073322332233223708e+00 -4.555307433444392373e+00
-1.072717271727173127e+00 -4.553857133149390890e+00
-1.072112211221122546e+00 -4.552406947852743357e+00
-1.071507150715071965e+00 -4.550956877610246032e+00
-1.070902090209021384e+00 -4.549506922477695170e+00
-1.070297029702970804e+00 -4.548057082510887028e+00
-1.069691969196920223e+00 -4.546607357765620527e+00
-1.069086908690869198e+00 -4.545157748297689260e+00
-1.068481848184818617e+00 -4.543708254162893923e+00
-1.067876787678768036e+00 -4.542258875417026331e+00
-1.067271727172717455e+00 -4.540809612115888072e+00
-1.066666666666666874e+00 -4.539360464315274513e+00
-1.066061606160616293e+00 -4.537911432070980133e+00
-1.065456545654565712e+00 -4.536462515438803855e+00
-1.064851485148515131e+00 -4.535013714474541047e+00
-1.064246424642464550e+00 -4.533565029233989740e+00
-1.063641364136413969e+00 -4.532116459772945305e+00
-1.063036303630363388e+00 -4.530668006147204885e+00
-1.062431243124312807e+00 -4.529219668412565625e+00
-1.061826182618262226e+00 -4.527771446624823781e+00
-1.061221122112211646e+00 -4.526323340839776499e+00
-1.060616061606161065e+00 -4.524875351113220034e+00
-1.060011001100110484e+00 -4.523427477500950644e+00
-1.059405940594059903e+00 -4.521979720058767249e+00
-1.058800880088009322e+00 -4.520532078842463442e+00
-1.058195819581958297e+00 -4.519084553907838142e+00
-1.057590759075907716e+00 -4.517637145310686719e+00
-1.056985698569857135e+00 -4.516189853106808094e+00
-1.056380638063806554e+00 -4.514742677351996747e+00
-1.055775577557755973e+00 -4.513295618102050710e+00
-1.055170517051705392e+00 -4.511848675412765353e+00
-1.054565456545654811e+00 -4.510401849339939595e+00
-1.053960396039604230e+00 -4.508955139939367029e+00
-1.053355335533553649e+00 -4.507508547266846577e+00
-1.052750275027503069e+00 -4.506062071378174494e+00
-1.052145214521452488e+00 -4.504615712329147037e+00
-1.051540154015401907e+00 -4.503169470175562239e+00
-1.050935093509351326e+00 -4.501723344973213692e+00
-1.050330033003300745e+00 -4.500277336777902981e+00
-1.049724972497250164e+00 -4.498831445645423699e+00
-1.049119911991199583e+00 -4.497385671631572102e+00
-1.048514851485149002e+00 -4.495940014792146222e+00
-1.047909790979098421e+00 -4.494494475182942317e+00
-1.047304730473047840e+00 -4.493049052859756642e+00
-1.046699669966996815e+00 -4.491603747878385455e+00
-1.046094609460946234e+00 -4.490158560294627677e+00
-1.045489548954895653e+00 -4.488713490164279563e+00
-1.044884488448845072e+00 -4.487268537543135594e+00
-1.044279427942794491e+00 -4.485823702486995579e+00
-1.043674367436743911e+00 -4.484378985051653110e+00
-1.043069306930693330e+00 -4.482934385292907109e+00
-1.042464246424642749e+00 -4.481489903266552943e+00
-1.041859185918592168e+00 -4.480045539028388646e+00
-1.041254125412541587e+00 -4.478601292634209585e+00
-1.040649064906491006e+00 -4.477157164139812906e+00
-1.040044004400440425e+00 -4.475713153600995753e+00
-1.039438943894389844e+00 -4.474269261073555271e+00
-1.038833883388339263e+00 -4.472825486613286827e+00
-1.038228822882288682e+00 -4.471381830275987568e+00
-1.037623762376238101e+00 -4.469938292117454637e+00
-1.037018701870187520e+00 -4.468494872193485179e+00
-1.036413641364136939e+00 -4.467051570559874563e+00
-1.035808580858085914e+00 -4.465608387272418156e+00
-1.035203520352035333e+00 -4.464165322386917545e+00
-1.034598459845984753e+00 -4.462722375959165433e+00
-1.033993399339934172e+00 -4.461279548044961629e+00
-1.033388338833883591e+00 -4.459836838700099726e+00
-1.032783278327833010e+00 -4.458394247980376868e+00
-1.032178217821782429e+00 -4.456951775941591087e+00
-1.031573157315731848e+00 -4.455509422639538641e+00
-1.030968096809681267e+00 -4.454067188130017563e+00
-1.030363036303630686e+00 -4.452625072468820555e+00
-1.029757975797580105e+00 -4.451183075711748316e+00
-1.029152915291529524e+00 -4.449741197914595325e+00
-1.028547854785478943e+00 -4.448299439133162281e+00
-1.027942794279428362e+00 -4.446857799423239221e+00
-1.027337733773377781e+00 -4.445416278840626845e+00
-1.026732673267327201e+00 -4.443974877441122295e+00
-1.026127612761276620e+00 -4.442533595280522718e+00
-1.025522552255226039e+00 -4.441092432414619928e+00
-1.024917491749175458e+00 -4.439651388899217288e+00
-1.024312431243124433e+00 -4.438210464790106613e+00
-1.023707370737073852e+00 -4.436769660143087712e+00
-1.023102310231023271e+00 -4.435328975013955066e+00
-1.022497249724972690e+00 -4.433888409458507596e+00
-1.021892189218922109e+00 -4.432447963532540669e+00
-1.021287128712871528e+00 -4.431007637291850543e+00
-1.020682068206820947e+00 -4.429567430792235250e+00
-1.020077007700770366e+00 -4.428127344089489270e+00
-1.019471947194719785e+00 -4.426687377239412413e+00
-1.018866886688669204e+00 -4.425247530297799159e+00
-1.018261826182618623e+00 -4.423807803320446652e+00
-1.017656765676568043e+00 -4.422368196363151149e+00
-1.017051705170517462e+00 -4.420928709481710683e+00
-1.016446644664466881e+00 -4.419489342731922399e+00
-1.015841584158416300e+00 -4.418050096169580776e+00
-1.015236523652365719e+00 -4.416610969850483848e+00
-1.014631463146315138e+00 -4.415171963830427870e+00
-1.014026402640264557e+00 -4.413733078165209989e+00
-1.013421342134213532e+00 -4.412294312910625571e+00
-1.012816281628162951e+00 -4.410855668122473539e+00
-1.012211221122112370e+00 -4.409417143856549259e+00
-1.011606160616061789e+00 -4.407978740168650766e+00
-1.011001100110011208e+00 -4.406540457114573428e+00
-1.010396039603960627e+00 -4.405102294750115277e+00
-1.009790979097910046e+00 -4.403664253131069906e+00
-1.009185918591859465e+00 -4.402226332313237123e+00
-1.008580858085808885e+00 -4.400788532352412297e+00
-1.007975797579758304e+00 -4.399350853304394349e+00
-1.007370737073707723e+00 -4.397913295224975982e+00
-1.006765676567657142e+00 -4.396475858169957007e+00
-1.006160616061606561e+00 -4.395038542195132791e+00
-1.005555555555555980e+00 -4.393601347356301368e+00
-1.004950495049505399e+00 -4.392164273709257216e+00
-1.004345434543454818e+00 -4.390727321309800146e+00
-1.003740374037404237e+00 -4.389290490213723750e+00
-1.003135313531353656e+00 -4.387853780476826060e+00
-1.002530253025302631e+00 -4.386417192154903333e+00
-1.001925192519252050e+00 -4.384980725303754490e+00
-1.001320132013201469e+00 -4.383544379979174010e+00
-1.000715071507150888e+00 -4.382108156236959040e+00
-1.000110011001100307e+00 -4.380672054132904947e+00
-9.995049504950497266e-01 -4.379236073722813316e+00
-9.988998899889991456e-01 -4.377800215062474187e+00
-9.982948294829485647e-01 -4.376364478207688258e+00
-9.976897689768979838e-01 -4.374928863214253560e+00
-9.970847084708474029e-01 -4.373493370137961911e+00
-9.964796479647968219e-01 -4.372057999034614895e+00
-9.958745874587462410e-01 -4.370622749960006104e+00
-9.952695269526956601e-01 -4.369187622969934459e+00
-9.946644664466450791e-01 -4.367752618120194441e+00
-9.940594059405944982e-01 -4.366317735466584082e+00
-9.934543454345439173e-01 -4.364882975064900528e+00
-9.928492849284933364e-01 -4.363448336970940034e+00
-9.922442244224427554e-01 -4.362013821240497968e+00
-9.916391639163921745e-01 -4.360579427929372365e+00
-9.910341034103411495e-01 -4.359145157093359479e+00
-9.904290429042905686e-01 -4.357711008788257345e+00
-9.898239823982399876e-01 -4.356276983069861330e+00
-9.892189218921894067e-01 -4.354843079993968580e+00
-9.886138613861388258e-01 -4.353409299616375350e+00
-9.880088008800882449e-01 -4.351975641992878785e+00
-9.874037403740376639e-01 -4.350542107179276030e+00
-9.867986798679870830e-01 -4.349108695231363342e+00
-9.861936193619365021e-01 -4.347675406204936976e+00
-9.855885588558859212e-01 -4.346242240155794079e+00
-9.849834983498353402e-01 -4.344809197139731793e+00
-9.843784378437847593e-01 -4.343376277212545489e+00
-9.837733773377341784e-01 -4.341943480430033198e+00
-9.831683168316835975e-01 -4.340510806847991176e+00
-9.825632563256330165e-01 -4.339078256522216570e+00
-9.819581958195824356e-01 -4.337645829508504747e+00
-9.813531353135318547e-01 -4.336213525862654627e+00
-9.807480748074812738e-01 -4.334781345640460692e+00
-9.801430143014302487e-01 -4.333349288897719198e+00
-9.795379537953796678e-01 -4.331917355690229954e+00
-9.789328932893290869e-01 -4.330485546073788328e+00
-9.783278327832785060e-01 -4.329053860104190576e+00
-9.777227722772279250e-01 -4.327622297837232956e+00
-9.771177117711773441e-01 -4.326190859328713501e+00
-9.765126512651267632e-01 -4.324759544634427577e+00
-9.759075907590761823e-01 -4.323328353810172331e+00
-9.753025302530256013e-01 -4.321897286911744906e+00
-9.746974697469750204e-01 -4.320466343994942449e+00
-9.740924092409244395e-01 -4.319035525115560326e+00
-9.734873487348738585e-01 -4.317604830329396570e+00
-9.728822882288232776e-01 -4.316174259692245663e+00
-9.722772277227726967e-01 -4.314743813259907412e+00
-9.716721672167221158e-01 -4.313313491088177187e+00
-9.710671067106715348e-01 -4.311883293232849468e+00
-9.704620462046209539e-01 -4.310453219749725839e+00
-9.698569856985703730e-01 -4.309023270694598118e+00
-9.692519251925197921e-01 -4.307593446123266112e+00
-9.686468646864687670e-01 -4.306163746091523414e+00
-9.680418041804181861e-01 -4.304734170655169834e+00
-9.674367436743676052e-01 -4.303304719870001627e+00
-9.668316831683170243e-01 -4.301875393791815938e+00
-9.662266226622664433e-01 -4.300446192476407248e+00
-9.656215621562158624e-01 -4.299017115979574477e+00
-9.650165016501652815e-01 -4.297588164357112994e+00
-9.644114411441147006e-01 -4.296159337664819056e+00
-9.638063806380641196e-01 -4.294730635958490694e+00
-9.632013201320135387e-01 -4.293302059293925055e+00
-9.625962596259629578e-01 -4.291873607726915729e+00
-9.619911991199123769e-01 -4.290445281313264303e+00
-9.613861386138617959e-01 -4.289017080108763480e+00
-9.607810781078112150e-01 -4.287589004169211293e+00
-9.601760176017606341e-01 -4.286161053550404887e+00
-9.595709570957100532e-01 -4.284733228308140518e+00
-9.589658965896594722e-01 -4.283305528498215331e+00
-9.583608360836088913e-01 -4.281877954176424694e+00
-9.577557755775578663e-01 -4.280450505398564864e+00
-9.571507150715072854e-01 -4.279023182220437427e+00
-9.565456545654567044e-01 -4.277595984697834197e+00
-9.559405940594061235e-01 -4.276168912886553208e+00
-9.553355335533555426e-01 -4.274741966842391605e+00
-9.547304730473049617e-01 -4.273315146621145644e+00
-9.541254125412543807e-01 -4.271888452278611581e+00
-9.535203520352037998e-01 -4.270461883870587450e+00
-9.529152915291532189e-01 -4.269035441452869506e+00
-9.523102310231026379e-01 -4.267609125081253119e+00
-9.517051705170520570e-01 -4.266182934811537208e+00
-9.511001100110014761e-01 -4.264756870699517144e+00
-9.504950495049508952e-01 -4.263330932800989181e+00
-9.498899889989003142e-01 -4.261905121171752242e+00
-9.492849284928497333e-01 -4.260479435867599918e+00
-9.486798679867991524e-01 -4.259053876944331130e+00
-9.480748074807485715e-01 -4.257628444457742134e+00
-9.474697469746979905e-01 -4.256203138463629188e+00
-9.468646864686474096e-01 -4.254777959017790323e+00
-9.462596259625963846e-01 -4.253352906176019133e+00
-9.456545654565458037e-01 -4.251927979994115425e+00
-9.450495049504952227e-01 -4.250503180527875458e+00
-9.444444444444446418e-01 -4.249078507833094598e+00
-9.438393839383940609e-01 -4.247653961965571767e+00
-9.432343234323434800e-01 -4.246229542981101446e+00
-9.426292629262928990e-01 -4.244805250935481666e+00
-9.420242024202423181e-01 -4.243381085884507797e+00
-9.414191419141917372e-01 -4.241957047883978760e+00
-9.408140814081411563e-01 -4.240533136989688145e+00
-9.402090209020905753e-01 -4.239109353257434876e+00
-9.396039603960399944e-01 -4.237685696743015207e+00
-9.389988998899894135e-01 -4.236262167502227172e+00
-9.383938393839388326e-01 -4.234838765590865250e+00
-9.377887788778882516e-01 -4.233415491064726588e+00
-9.371837183718376707e-01 -4.231992343979610105e+00
-9.365786578657870898e-01 -4.230569324391309394e+00
-9.359735973597365088e-01 -4.229146432355622487e+00
-9.353685368536854838e-01 -4.227723667928345641e+00
-9.347634763476349029e-01 -4.226301031165277777e+00
-9.341584158415843220e-01 -4.224878522122213376e+00
-9.335533553355337411e-01 -4.223456140854949581e+00
-9.329482948294831601e-01 -4.222033887419282649e+00
-9.323432343234325792e-01 -4.220611761871010614e+00
-9.317381738173819983e-01 -4.219189764265929732e+00
-9.311331133113314173e-01 -4.217767894659836259e+00
-9.305280528052808364e-01 -4.216346153108526451e+00
-9.299229922992302555e-01 -4.214924539667798342e+00
-9.293179317931796746e-01 -4.213503054393448188e+00
-9.287128712871290936e-01 -4.212081697341270470e+00
-9.281078107810785127e-01 -4.210660468567066772e+00
-9.275027502750279318e-01 -4.209239368126629799e+00
-9.268976897689773509e-01 -4.207818396075757583e+00
-9.262926292629267699e-01 -4.206397552470246382e+00
-9.256875687568761890e-01 -4.204976837365894227e+00
-9.250825082508256081e-01 -4.203556250818495599e+00
-9.244774477447750272e-01 -4.202135792883848531e+00
-9.238723872387240021e-01 -4.200715463617748391e+00
-9.232673267326734212e-01 -4.199295263075995877e+00
-9.226622662266228403e-01 -4.197875191314382803e+00
-9.220572057205722594e-01 -4.196455248388708092e+00
-9.214521452145216784e-01 -4.195035434354769777e+00
-9.208470847084710975e-01 -4.193615749268363224e+00
-9.202420242024205166e-01 -4.192196193185283803e+00
-9.196369636963699357e-01 -4.190776766161331324e+00
-9.190319031903193547e-01 -4.189357468252298489e+00
-9.184268426842687738e-01 -4.187938299513985996e+00
-9.178217821782181929e-01 -4.186519260002189213e+00
-9.172167216721676120e-01 -4.185100349772702621e+00
-9.166116611661170310e-01 -4.183681568881326029e+00
-9.160066006600664501e-01 -4.182262917383853029e+00
-9.154015401540158692e-01 -4.180844395336084318e+00
-9.147964796479652883e-01 -4.179426002793813488e+00
-9.141914191419147073e-01 -4.178007739812837684e+00
-9.135863586358641264e-01 -4.176589606448954939e+00
-9.129812981298131014e-01 -4.175171602757961509e+00
-9.123762376237625205e-01 -4.173753728795652762e+00
-9.117711771177119395e-01 -4.172335984617826732e+00
-9.111661166116613586e-01 -4.170918370280280563e+00
-9.105610561056107777e-01 -4.169500885838810511e+00
-9.099559955995601968e-01 -4.168083531349211057e+00
-9.093509350935096158e-01 -4.166666306867282898e+00
-9.087458745874590349e-01 -4.165249212448819627e+00
-9.081408140814084540e-01 -4.163832248149620163e+00
-9.075357535753578730e-01 -4.162415414025478988e+00
-9.069306930693072921e-01 -4.160998710132194134e+00
-9.063256325632567112e-01 -4.159582136525562746e+00
-9.057205720572061303e-01 -4.158165693261380191e+00
-9.051155115511555493e-01 -4.156749380395444504e+00
-9.045104510451049684e-01 -4.155333197983551941e+00
-9.039053905390543875e-01 -4.153917146081498757e+00
-9.033003300330038066e-01 -4.152501224745081210e+00
-9.026952695269532256e-01 -4.151085434030098220e+00
-9.020902090209022006e-01 -4.149669773992343380e+00
-9.014851485148516197e-01 -4.148254244687615611e+00
-9.008800880088010388e-01 -4.146838846171711168e+00
-9.002750275027504578e-01 -4.145423578500427197e+00
-8.996699669966998769e-01 -4.144008441743937787e+00
-8.990649064906492960e-01 -4.142593436241931215e+00
-8.984598459845987151e-01 -4.141178562573459843e+00
-8.978547854785481341e-01 -4.139763821325894710e+00
-8.972497249724975532e-01 -4.138349213086606859e+00
-8.966446644664469723e-01 -4.136934738442967330e+00
-8.960396039603963914e-01 -4.135520397982349827e+00
-8.954345434543458104e-01 -4.134106192292123616e+00
-8.948294829482952295e-01 -4.132692121959661513e+00
-8.942244224422446486e-01 -4.131278187572333671e+00
-8.936193619361940677e-01 -4.129864389717512907e+00
-8.930143014301434867e-01 -4.128450728982569373e+00
-8.924092409240929058e-01 -4.127037205954873222e+00
-8.918041804180423249e-01 -4.125623821221800824e+00
-8.911991199119917439e-01 -4.124210575370718779e+00
-8.905940594059407189e-01 -4.122797468988999903e+00
-8.899889988998901380e-01 -4.121384502664017013e+00
-8.893839383938395571e-01 -4.119971676983141151e+00
-8.887788778877889762e-01 -4.118558992533742469e+00
-8.881738173817383952e-01 -4.117146449903193783e+00
-8.875687568756878143e-01 -4.115734049678865247e+00
-8.869636963696372334e-01 -4.114321792448129678e+00
-8.863586358635866524e-01 -4.112909678798357227e+00
-8.857535753575360715e-01 -4.111497709316919824e+00
-8.851485148514854906e-01 -4.110085884591191174e+00
-8.845434543454349097e-01 -4.108674205208538766e+00
-8.839383938393843287e-01 -4.107262671756335415e+00
-8.833333333333337478e-01 -4.105851284821954827e+00
-8.827282728272831669e-01 -4.104440044992766268e+00
-8.821232123212325860e-01 -4.103028952856140776e+00
-8.815181518151820050e-01 -4.101618008999452059e+00
-8.809130913091314241e-01 -4.100207214010068490e+00
-8.803080308030808432e-01 -4.098796568475365554e+00
-8.797029702970298182e-01 -4.097386072982708960e+00
-8.790979097909792372e-01 -4.095975728119475079e+00
-8.784928492849286563e-01 -4.094565534473034951e+00
-8.778877887788780754e-01 -4.093155492630757841e+00
-8.772827282728274945e-01 -4.091745603180017454e+00
-8.766776677667769135e-01 -4.090335866708183055e+00
-8.760726072607263326e-01 -4.088926283802626571e+00
-8.754675467546757517e-01 -4.087516855050721709e+00
-8.748624862486251708e-01 -4.086107581039838621e+00
-8.742574257425745898e-01 -4.084698462357346571e+00
-8.736523652365240089e-01 -4.083289499590620153e+00
-8.730473047304734280e-01 -4.081880693327028631e+00
-8.724422442244228471e-01 -4.080472044153943934e+00
-8.718371837183722661e-01 -4.079063552658738878e+00
-8.712321232123216852e-01 -4.077655219428783617e+00
-8.706270627062711043e-01 -4.076247045051450080e+00
-8.700220022002205233e-01 -4.074839030114109306e+00
-8.694169416941699424e-01 -4.073431175204134114e+00
-8.688118811881193615e-01 -4.072023480908892878e+00
-8.682068206820683365e-01 -4.070615947815759306e+00
-8.676017601760177556e-01 -4.069208576512105324e+00
-8.669966996699671746e-01 -4.067801367585301087e+00
-8.663916391639165937e-01 -4.066394321622718522e+00
-8.657865786578660128e-01 -4.064987439211729559e+00
-8.651815181518154318e-01 -4.063580720939706126e+00
-8.645764576457648509e-01 -4.062174167394018376e+00
-8.639713971397142700e-01 -4.060767779162037350e+00
-8.633663366336636891e-01 -4.059361556831135864e+00
-8.627612761276131081e-01 -4.057955500988684072e+00
-8.621562156215625272e-01 -4.056549612222055679e+00
-8.615511551155119463e-01 -4.055143891118619948e+00
-8.609460946094613654e-01 -4.053738338265748808e+00
-8.603410341034107844e-01 -4.052332954250815078e+00
-8.597359735973602035e-01 -4.050927739661186244e+00
-8.591309130913096226e-01 -4.049522695084237789e+00
-8.585258525852590417e-01 -4.048117821107342529e+00
-8.579207920792084607e-01 -4.046713118317866176e+00
-8.573157315731574357e-01 -4.045308587303184211e+00
-8.567106710671068548e-01 -4.043904228650667676e+00
-8.561056105610562739e-01 -4.042500042947686723e+00
-8.555005500550056929e-01 -4.041096030781615056e+00
-8.548954895489551120e-01 -4.039692192739821941e+00
-8.542904290429045311e-01 -4.038288529409680194e+00
-8.536853685368539502e-01 -4.036885041378559968e+00
-8.530803080308033692e-01 -4.035481729233834081e+00
-8.524752475247527883e-01 -4.034078593562873571e+00
-8.518701870187022074e-01 -4.032675634953048593e+00
-8.512651265126516265e-01 -4.031272853991732852e+00
-8.506600660066010455e-01 -4.029870251266297387e+00
-8.500550055005504646e-01 -4.028467827364110576e+00
-8.494499449944998837e-01 -4.027065582872547012e+00
-8.488448844884493028e-01 -4.025663518378976846e+00
-8.482398239823987218e-01 -4.024261634470773785e+00
-8.476347634763481409e-01 -4.022859931735305317e+00
-8.470297029702975600e-01 -4.021458410759946922e+00
-8.464246424642469790e-01 -4.020057072132067866e+00
-8.458195819581959540e-01 -4.018655916439039189e+00
-8.452145214521453731e-01 -4.017254944268233707e+00
-8.446094609460947922e-01 -4.015854156207022463e+00
-8.440044004400442113e-01 -4.014453552842775608e+00
-8.433993399339936303e-01 -4.013053134762866847e+00
-8.427942794279430494e-01 -4.011652902554665445e+00
-8.421892189218924685e-01 -4.010252856805545996e+00
-8.415841584158418875e-01 -4.008852998102876874e+00
-8.409790979097913066e-01 -4.007453327034030011e+00
-8.403740374037407257e-01 -4.006053844186379109e+00
-8.397689768976901448e-01 -4.004654550147289882e+00
-8.391639163916395638e-01 -4.003255445504141363e+00
-8.385588558855889829e-01 -4.001856530844299265e+00
-8.379537953795384020e-01 -4.000457806755139067e+00
-8.373487348734878211e-01 -3.999059273824030480e+00
-8.367436743674372401e-01 -3.997660932638342324e+00
-8.361386138613866592e-01 -3.996262783785450523e+00
-8.355335533553360783e-01 -3.994864827852724787e+00
-8.349284928492850533e-01 -3.993467065427535267e+00
-8.343234323432344723e-01 -3.992069497097254338e+00
-8.337183718371838914e-01 -3.990672123449254372e+00
-8.331133113311333105e-01 -3.989274945070906853e+00
-8.325082508250827296e-01 -3.987877962549582822e+00
-8.319031903190321486e-01 -3.986481176472651544e+00
-8.312981298129815677e-01 -3.985084587427486724e+00
-8.306930693069309868e-01 -3.983688196001459847e+00
-8.300880088008804059e-01 -3.982292002781941953e+00
-8.294829482948298249e-01 -3.980896008356304527e+00
-8.288778877887792440e-01 -3.979500213311918166e+00
-8.282728272827286631e-01 -3.978104618236157020e+00
-8.276677667766780822e-01 -3.976709223716389019e+00
-8.270627062706275012e-01 -3.975314030339987426e+00
-8.264576457645769203e-01 -3.973919038694323724e+00
-8.258525852585263394e-01 -3.972524249366768068e+00
-8.252475247524757584e-01 -3.971129662944694161e+00
-8.246424642464251775e-01 -3.969735280015472600e+00
-8.240374037403745966e-01 -3.968341101166473983e+00
-8.234323432343235716e-01 -3.966947126985069794e+00
-8.228272827282729907e-01 -3.965553358058631961e+00
-8.222222222222224097e-01 -3.964159794974531970e+00
-8.216171617161718288e-01 -3.962766438320142637e+00
-8.210121012101212479e-01 -3.961373288682832339e+00
-8.204070407040706669e-01 -3.959980346649974781e+00
-8.198019801980200860e-01 -3.958587612808941891e+00
-8.191969196919695051e-01 -3.957195087747103823e+00
-8.185918591859189242e-01 -3.955802772051831617e+00
-8.179867986798683432e-01 -3.954410666310498090e+00
-8.173817381738177623e-01 -3.953018771110472951e+00
-8.167766776677671814e-01 -3.951627087039129904e+00
-8.161716171617166005e-01 -3.950235614683837770e+00
-8.155665566556660195e-01 -3.948844354631971143e+00
-8.149614961496154386e-01 -3.947453307470899286e+00
-8.143564356435648577e-01 -3.946062473787994129e+00
-8.137513751375142768e-01 -3.944671854170627157e+00
-8.131463146314636958e-01 -3.943281449206169853e+00
-8.125412541254126708e-01 -3.941891259481991927e+00
-8.119361936193620899e-01 -3.940501285585469304e+00
-8.113311331133115090e-01 -3.939111528103967697e+00
-8.107260726072609280e-01 -3.937721987624863917e+00
-8.101210121012103471e-01 -3.936332664735525899e+00
-8.095159515951597662e-01 -3.934943560023327347e+00
-8.089108910891091853e-01 -3.933554674075637525e+00
-8.083058305830586043e-01 -3.932166007479830583e+00
-8.077007700770080234e-01 -3.930777560823274452e+00
-8.070957095709574425e-01 -3.929389334693342839e+00
-8.064906490649068616e-01 -3.928001329677408116e+00
-8.058855885588562806e-01 -3.926613546362839546e+00
-8.052805280528056997e-01 -3.925225985337009060e+00
-8.046754675467551188e-01 -3.923838647187289919e+00
-8.040704070407045378e-01 -3.922451532501050941e+00
-8.034653465346539569e-01 -3.921064641865665390e+00
-8.028602860286033760e-01 -3.919677975868503861e+00
-8.022552255225527951e-01 -3.918291535096938727e+00
-8.016501650165022141e-01 -3.916905320138341029e+00
-8.010451045104511891e-01 -3.915519331580080031e+00
-8.004400440044006082e-01 -3.914133570009530771e+00
-7.998349834983500273e-01 -3.912748036014062958e+00
-7.992299229922994463e-01 -3.911362730181048963e+00
-7.986248624862488654e-01 -3.909977653097859385e+00
-7.980198019801982845e-01 -3.908592805351864818e+00
-7.974147414741477036e-01 -3.907208187530437637e+00
-7.968096809680971226e-01 -3.905823800220949327e+00
-7.962046204620465417e-01 -3.904439644010772259e+00
-7.955995599559959608e-01 -3.903055719487276587e+00
-7.949944994499453799e-01 -3.901672027237834239e+00
-7.943894389438947989e-01 -3.900288567849816701e+00
-7.937843784378442180e-01 -3.898905341910595457e+00
-7.931793179317936371e-01 -3.897522350007541103e+00
-7.925742574257430562e-01 -3.896139592728025569e+00
-7.919691969196924752e-01 -3.894757070659421672e+00
-7.913641364136418943e-01 -3.893374784389098675e+00
-7.907590759075913134e-01 -3.891992734504429841e+00
-7.901540154015402884e-01 -3.890610921592784877e+00
-7.895489548954897074e-01 -3.889229346241537044e+00
-7.889438943894391265e-01 -3.887848009038056940e+00
-7.883388338833885456e-01 -3.886466910569716049e+00
-7.877337733773379647e-01 -3.885086051423885412e+00
-7.871287128712873837e-01 -3.883705432187937401e+00
-7.865236523652368028e-01 -3.882325053449243946e+00
-7.859185918591862219e-01 -3.880944915795173866e+00
-7.853135313531356410e-01 -3.879565019813100868e+00
-7.847084708470850600e-01 -3.878185366090396435e+00
-7.841034103410344791e-01 -3.876805955214431165e+00
-7.834983498349838982e-01 -3.875426787772575210e+00
-7.828932893289333173e-01 -3.874047864352203163e+00
-7.822882288228827363e-01 -3.872669185540684733e+00
-7.816831683168321554e-01 -3.871290751925390961e+00
-7.810781078107815745e-01 -3.869912564093694662e+00
-7.804730473047309935e-01 -3.868534622632965547e+00
-7.798679867986804126e-01 -3.867156928130577320e+00
-7.792629262926293876e-01 -3.865779481173897469e+00
-7.786578657865788067e-01 -3.864402282350302364e+00
-7.780528052805282258e-01 -3.863025332247160382e+00
-7.774477447744776448e-01 -3.861648631451844782e+00
-7.768426842684270639e-01 -3.860272180551724830e+00
-7.762376237623764830e-01 -3.858895980134173342e+00
-7.756325632563259020e-01 -3.857520030786562693e+00
-7.750275027502753211e-01 -3.856144333096262589e+00
-7.744224422442247402e-01 -3.854768887650645404e+00
-7.738173817381741593e-01 -3.853393695037081734e+00
-7.732123212321235783e-01 -3.852018755842943953e+00
-7.726072607260729974e-01 -3.850644070655602658e+00
-7.720022002200224165e-01 -3.849269640062430664e+00
-7.713971397139718356e-01 -3.847895464650798569e+00
-7.707920792079212546e-01 -3.846521545008077414e+00
-7.701870187018706737e-01 -3.845147881721639571e+00
-7.695819581958200928e-01 -3.843774475378855637e+00
-7.689768976897695119e-01 -3.842401326567097097e+00
-7.683718371837189309e-01 -3.841028435873736768e+00
-7.677667766776679059e-01 -3.839655803886142138e+00
-7.671617161716173250e-01 -3.838283431191690909e+00
-7.665566556655667441e-01 -3.836911318377750124e+00
-7.659515951595161631e-01 -3.835539466031693046e+00
-7.653465346534655822e-01 -3.834167874740889825e+00
-7.647414741474150013e-01 -3.832796545092712837e+00
-7.641364136413644204e-01 -3.831425477674532232e+00
-7.635313531353138394e-01 -3.830054673073720828e+00
-7.629262926292632585e-01 -3.828684131877650554e+00
-7.623212321232126776e-01 -3.827313854673691118e+00
-7.617161716171620967e-01 -3.825943842049215782e+00
-7.611111111111115157e-01 -3.824574094591594697e+00
-7.605060506050609348e-01 -3.823204612888199794e+00
-7.599009900990103539e-01 -3.821835397526400779e+00
-7.592959295929597729e-01 -3.820466449093572248e+00
-7.586908690869091920e-01 -3.819097768177083907e+00
-7.580858085808586111e-01 -3.817729355364308130e+00
-7.574807480748080302e-01 -3.816361211242614626e+00
-7.568756875687570052e-01 -3.814993336399375323e+00
-7.562706270627064242e-01 -3.813625731421964371e+00
-7.556655665566558433e-01 -3.812258396897749702e+00
-7.550605060506052624e-01 -3.810891333414104576e+00
-7.544554455445546814e-01 -3.809524541558400479e+00
-7.538503850385041005e-01 -3.808158021918008451e+00
-7.532453245324535196e-01 -3.806791775080299534e+00
-7.526402640264029387e-01 -3.805425801632645655e+00
-7.520352035203523577e-01 -3.804060102162417856e+00
-7.514301430143017768e-01 -3.802694677256988953e+00
-7.508250825082511959e-01 -3.801329527503728656e+00
-7.502200220022006150e-01 -3.799964653490009336e+00
-7.496149614961500340e-01 -3.798600055803202036e+00
-7.490099009900994531e-01 -3.797235735030679127e+00
-7.484048404840488722e-01 -3.795871691759810318e+00
-7.477997799779982913e-01 -3.794507926577968870e+00
-7.471947194719477103e-01 -3.793144440072524493e+00
-7.465896589658971294e-01 -3.791781232830850445e+00
-7.459845984598465485e-01 -3.790418305440318214e+00
-7.453795379537955235e-01 -3.789055658488296174e+00
-7.447744774477449425e-01 -3.787693292562159364e+00
-7.441694169416943616e-01 -3.786331208249278824e+00
-7.435643564356437807e-01 -3.784969406137023817e+00
-7.429592959295931998e-01 -3.783607886812767163e+00
-7.423542354235426188e-01 -3.782246650863880788e+00
-7.417491749174920379e-01 -3.780885698877734402e+00
-7.411441144114414570e-01 -3.779525031441701710e+00
-7.405390539053908761e-01 -3.778164649143153309e+00
-7.399339933993402951e-01 -3.776804552569459794e+00
-7.393289328932897142e-01 -3.775444742307993540e+00
-7.387238723872391333e-01 -3.774085218946125142e+00
-7.381188118811885523e-01 -3.772725983071226974e+00
-7.375137513751379714e-01 -3.771367035270670076e+00
-7.369086908690873905e-01 -3.770008376131825045e+00
-7.363036303630368096e-01 -3.768650006242066031e+00
-7.356985698569862286e-01 -3.767291926188761853e+00
-7.350935093509356477e-01 -3.765934136559283996e+00
-7.344884488448846227e-01 -3.764576637941005277e+00
-7.338833883388340418e-01 -3.763219430921296293e+00
-7.332783278327834608e-01 -3.761862516087528974e+00
-7.326732673267328799e-01 -3.760505894027074802e+00
-7.320682068206822990e-01 -3.759149565327305265e+00
-7.314631463146317181e-01 -3.757793530575591401e+00
-7.308580858085811371e-01 -3.756437790359305140e+00
-7.302530253025305562e-01 -3.755082345265817967e+00
-7.296479647964799753e-01 -3.753727195882499590e+00
-7.290429042904293944e-01 -3.752372342796723714e+00
-7.284378437843788134e-01 -3.751017786595861381e+00
-7.278327832783282325e-01 -3.749663527867282742e+00
-7.272277227722776516e-01 -3.748309567198360615e+00
-7.266226622662270707e-01 -3.746955905176466928e+00
-7.260176017601764897e-01 -3.745602542388970946e+00
-7.254125412541259088e-01 -3.744249479423245042e+00
-7.248074807480753279e-01 -3.742896716866661588e+00
-7.242024202420247470e-01 -3.741544255306591182e+00
-7.235973597359741660e-01 -3.740192095330405309e+00
-7.229922992299231410e-01 -3.738840237525475896e+00
-7.223872387238725601e-01 -3.737488682479173541e+00
-7.217821782178219792e-01 -3.736137430778871504e+00
-7.211771177117713982e-01 -3.734786483011939939e+00
-7.205720572057208173e-01 -3.733435839765749442e+00
-7.199669966996702364e-01 -3.732085501627673274e+00
-7.193619361936196555e-01 -3.730735469185081143e+00
-7.187568756875690745e-01 -3.729385743025346311e+00
-7.181518151815184936e-01 -3.728036323735838042e+00
-7.175467546754679127e-01 -3.726687211903930486e+00
-7.169416941694173318e-01 -3.725338408116993349e+00
-7.163366336633667508e-01 -3.723989912962398119e+00
-7.157315731573161699e-01 -3.722641727027515834e+00
-7.151265126512655890e-01 -3.721293850899719757e+00
-7.145214521452150080e-01 -3.719946285166379152e+00
-7.139163916391644271e-01 -3.718599030414867723e+00
-7.133113311331138462e-01 -3.717252087232555624e+00
-7.127062706270632653e-01 -3.715905456206813895e+00
-7.121012101210122403e-01 -3.714559137925013133e+00
-7.114961496149616593e-01 -3.713213132974527930e+00
-7.108910891089110784e-01 -3.711867441942728441e+00
-7.102860286028604975e-01 -3.710522065416984816e+00
-7.096809680968099165e-01 -3.709177003984669430e+00
-7.090759075907593356e-01 -3.707832258233154654e+00
-7.084708470847087547e-01 -3.706487828749809310e+00
-7.078657865786581738e-01 -3.705143716122007547e+00
-7.072607260726075928e-01 -3.703799920937119516e+00
-7.066556655665570119e-01 -3.702456443782517148e+00
-7.060506050605064310e-01 -3.701113285245571483e+00
-7.054455445544558501e-01 -3.699770445913654004e+00
-7.048404840484052691e-01 -3.698427926374136199e+00
-7.042354235423546882e-01 -3.697085727214389994e+00
-7.036303630363041073e-01 -3.695743849021786431e+00
-7.030253025302535264e-01 -3.694402292383697439e+00
-7.024202420242029454e-01 -3.693061057887493615e+00
-7.018151815181523645e-01 -3.691720146120546442e+00
-7.012101210121017836e-01 -3.690379557670228294e+00
-7.006050605060507586e-01 -3.689039293123909324e+00
-7.000000000000001776e-01 -3.687699353068962349e+00
-6.993949394939495967e-01 -3.686359738092758409e+00
-6.987898789878990158e-01 -3.685020448782668545e+00
-6.981848184818484349e-01 -3.683681485726065130e+00
-6.975797579757978539e-01 -3.682342849510318761e+00
-6.969746974697472730e-01 -3.681004540722800478e+00
-6.963696369636966921e-01 -3.679666559950882654e+00
-6.957645764576461112e-01 -3.678328907781937662e+00
-6.951595159515955302e-01 -3.676991584803333435e+00
-6.945544554455449493e-01 -3.675654591602445009e+00
-6.939493949394943684e-01 -3.674317928766642538e+00
-6.933443344334437874e-01 -3.672981596883298394e+00
-6.927392739273932065e-01 -3.671645596539781398e+00
-6.921342134213426256e-01 -3.670309928323465254e+00
-6.915291529152920447e-01 -3.668974592821720559e+00
-6.909240924092414637e-01 -3.667639590621920576e+00
-6.903190319031908828e-01 -3.666304922311434122e+00
-6.897139713971398578e-01 -3.664970588477633129e+00
-6.891089108910892769e-01 -3.663636589707889968e+00
-6.885038503850386959e-01 -3.662302926589576124e+00
-6.878987898789881150e-01 -3.660969599710063083e+00
-6.872937293729375341e-01 -3.659636609656721884e+00
-6.866886688668869532e-01 -3.658303957016924901e+00
-6.860836083608363722e-01 -3.656971642378042286e+00
-6.854785478547857913e-01 -3.655639666327445969e+00
-6.848734873487352104e-01 -3.654308029452506545e+00
-6.842684268426846295e-01 -3.652976732340597277e+00
-6.836633663366340485e-01 -3.651645775579088760e+00
-6.830583058305834676e-01 -3.650315159755351146e+00
-6.824532453245328867e-01 -3.648984885456758143e+00
-6.818481848184823058e-01 -3.647654953270680789e+00
-6.812431243124317248e-01 -3.646325363784489237e+00
-6.806380638063811439e-01 -3.644996117585554973e+00
-6.800330033003305630e-01 -3.643667215261251258e+00
-6.794279427942799821e-01 -3.642338657398948243e+00
-6.788228822882294011e-01 -3.641010444586016526e+00
-6.782178217821783761e-01 -3.639682577409827591e+00
-6.776127612761277952e-01 -3.638355056457756476e+00
-6.770077007700772143e-01 -3.637027882317170224e+00
-6.764026402640266333e-01 -3.635701055575442986e+00
-6.757975797579760524e-01 -3.634374576819945801e+00
-6.751925192519254715e-01 -3.633048446638047935e+00
-6.745874587458748906e-01 -3.631722665617124424e+00
-6.739823982398243096e-01 -3.630397234344543200e+00
-6.733773377337737287e-01 -3.629072153407678414e+00
-6.727722772277231478e-01 -3.627747423393899773e+00
-6.721672167216725668e-01 -3.626423044890580094e+00
-6.715621562156219859e-01 -3.625099018485089974e+00
-6.709570957095714050e-01 -3.623775344764800899e+00
-6.703520352035208241e-01 -3.622452024317084351e+00
-6.697469746974702431e-01 -3.621129057729312706e+00
-6.691419141914196622e-01 -3.619806445588855670e+00
-6.685368536853690813e-01 -3.618484188483085617e+00
-6.679317931793185004e-01 -3.617162286999374476e+00
-6.673267326732674753e-01 -3.615840741725092844e+00
-6.667216721672168944e-01 -3.614519553247612205e+00
-6.661166116611663135e-01 -3.613198722154304932e+00
-6.655115511551157326e-01 -3.611878249032542509e+00
-6.649064906490651516e-01 -3.610558134469695091e+00
-6.643014301430145707e-01 -3.609238379053135493e+00
-6.636963696369639898e-01 -3.607918983370233423e+00
-6.630913091309134089e-01 -3.606599948008362144e+00
-6.624862486248628279e-01 -3.605281273554892252e+00
-6.618811881188122470e-01 -3.603962960597196119e+00
-6.612761276127616661e-01 -3.602645009722643454e+00
-6.606710671067110852e-01 -3.601327421518606631e+00
-6.600660066006605042e-01 -3.600010196572458021e+00
-6.594609460946099233e-01 -3.598693335471567334e+00
-6.588558855885593424e-01 -3.597376838803307830e+00
-6.582508250825087615e-01 -3.596060707155049663e+00
-6.576457645764581805e-01 -3.594744941114164760e+00
-6.570407040704075996e-01 -3.593429541268024607e+00
-6.564356435643565746e-01 -3.592114508203998913e+00
-6.558305830583059937e-01 -3.590799842509461381e+00
-6.552255225522554127e-01 -3.589485544771784387e+00
-6.546204620462048318e-01 -3.588171615578336748e+00
-6.540154015401542509e-01 -3.586858055516491284e+00
-6.534103410341036700e-01 -3.585544865173618589e+00
-6.528052805280530890e-01 -3.584232045137091038e+00
-6.522002200220025081e-01 -3.582919595994280115e+00
-6.515951595159519272e-01 -3.581607518332556417e+00
-6.509900990099013462e-01 -3.580295812739292316e+00
-6.503850385038507653e-01 -3.578984479801857965e+00
-6.497799779978001844e-01 -3.577673520107626626e+00
-6.491749174917496035e-01 -3.576362934243969338e+00
-6.485698569856990225e-01 -3.575052722798255367e+00
-6.479647964796484416e-01 -3.573742886357858861e+00
-6.473597359735978607e-01 -3.572433425510149529e+00
-6.467546754675472798e-01 -3.571124340842500633e+00
-6.461496149614966988e-01 -3.569815632942282324e+00
-6.455445544554461179e-01 -3.568507302396864755e+00
-6.449394939493950929e-01 -3.567199349793621632e+00
-6.443344334433445120e-01 -3.565891775719923107e+00
-6.437293729372939310e-01 -3.564584580763142441e+00
-6.431243124312433501e-01 -3.563277765510649342e+00
-6.425192519251927692e-01 -3.561971330549816184e+00
-6.419141914191421883e-01 -3.560665276468013563e+00
-6.413091309130916073e-01 -3.559359603852613407e+00
-6.407040704070410264e-01 -3.558054313290986759e+00
-6.400990099009904455e-01 -3.556749405370505990e+00
-6.394939493949398646e-01 -3.555444880678542141e+00
-6.388888888888892836e-01 -3.554140739802465365e+00
-6.382838283828387027e-01 -3.552836983329649811e+00
-6.376787678767881218e-01 -3.551533611847464300e+00
-6.370737073707375409e-01 -3.550230625943282092e+00
-6.364686468646869599e-01 -3.548928026204472452e+00
-6.358635863586363790e-01 -3.547625813218409974e+00
-6.352585258525857981e-01 -3.546323987572463032e+00
-6.346534653465352172e-01 -3.545022549854006222e+00
-6.340484048404841921e-01 -3.543721500650406586e+00
-6.334433443344336112e-01 -3.542420840549040051e+00
-6.328382838283830303e-01 -3.541120570137276324e+00
-6.322332233223324494e-01 -3.539820690002486447e+00
-6.316281628162818684e-01 -3.538521200732043237e+00
-6.310231023102312875e-01 -3.537222102913315958e+00
-6.304180418041807066e-01 -3.535923397133677426e+00
-6.298129812981301257e-01 -3.534625083980499571e+00
-6.292079207920795447e-01 -3.533327164041152102e+00
-6.286028602860289638e-01 -3.532029637903009167e+00
-6.279977997799783829e-01 -3.530732506153439587e+00
-6.273927392739278019e-01 -3.529435769379816179e+00
-6.267876787678772210e-01 -3.528139428169509095e+00
-6.261826182618266401e-01 -3.526843483109891597e+00
-6.255775577557760592e-01 -3.525547934788334725e+00
-6.249724972497254782e-01 -3.524252783792208632e+00
-6.243674367436748973e-01 -3.522958030708886135e+00
-6.237623762376243164e-01 -3.521663676125738274e+00
-6.231573157315737355e-01 -3.520369720630135646e+00
-6.225522552255227104e-01 -3.519076164809450180e+00
-6.219471947194721295e-01 -3.517783009251054693e+00
-6.213421342134215486e-01 -3.516490254542319338e+00
-6.207370737073709677e-01 -3.515197901270616043e+00
-6.201320132013203867e-01 -3.513905950023315850e+00
-6.195269526952698058e-01 -3.512614401387789798e+00
-6.189218921892192249e-01 -3.511323255951411149e+00
-6.183168316831686440e-01 -3.510032514301549167e+00
-6.177117711771180630e-01 -3.508742177025576670e+00
-6.171067106710674821e-01 -3.507452244710865141e+00
-6.165016501650169012e-01 -3.506162717944783846e+00
-6.158965896589663203e-01 -3.504873597314708267e+00
-6.152915291529157393e-01 -3.503584883408006778e+00
-6.146864686468651584e-01 -3.502296576812050866e+00
-6.140814081408145775e-01 -3.501008678114213346e+00
-6.134763476347639966e-01 -3.499721187901865704e+00
-6.128712871287134156e-01 -3.498434106762378093e+00
-6.122662266226628347e-01 -3.497147435283121997e+00
-6.116611661166118097e-01 -3.495861174051469789e+00
-6.110561056105612288e-01 -3.494575323654793397e+00
-6.104510451045106478e-01 -3.493289884680463420e+00
-6.098459845984600669e-01 -3.492004857715850896e+00
-6.092409240924094860e-01 -3.490720243348328644e+00
-6.086358635863589051e-01 -3.489436042165266816e+00
-6.080308030803083241e-01 -3.488152254754037340e+00
-6.074257425742577432e-01 -3.486868881702012590e+00
-6.068206820682071623e-01 -3.485585923596561386e+00
-6.062156215621565813e-01 -3.484303381025057433e+00
-6.056105610561060004e-01 -3.483021254574872660e+00
-6.050055005500554195e-01 -3.481739544833376332e+00
-6.044004400440048386e-01 -3.480458252387941265e+00
-6.037953795379542576e-01 -3.479177377825939388e+00
-6.031903190319036767e-01 -3.477896921734741298e+00
-6.025852585258530958e-01 -3.476616884701718035e+00
-6.019801980198025149e-01 -3.475337267314241974e+00
-6.013751375137519339e-01 -3.474058070159684153e+00
-6.007700770077013530e-01 -3.472779293825416502e+00
-6.001650165016503280e-01 -3.471500938898809174e+00
-5.995599559955997471e-01 -3.470223005967235430e+00
-5.989548954895491661e-01 -3.468945495618064534e+00
-5.983498349834985852e-01 -3.467668408438671079e+00
-5.977447744774480043e-01 -3.466391745016424331e+00
-5.971397139713974234e-01 -3.465115505938695328e+00
-5.965346534653468424e-01 -3.463839691792856001e+00
-5.959295929592962615e-01 -3.462564303166279611e+00
-5.953245324532456806e-01 -3.461289340646334978e+00
-5.947194719471950997e-01 -3.460014804820394030e+00
-5.941144114411445187e-01 -3.458740696275831361e+00
-5.935093509350939378e-01 -3.457467015600013571e+00
-5.929042904290433569e-01 -3.456193763380314810e+00
-5.922992299229927760e-01 -3.454920940204107005e+00
-5.916941694169421950e-01 -3.453648546658760310e+00
-5.910891089108916141e-01 -3.452376583331645765e+00
-5.904840484048410332e-01 -3.451105050810137520e+00
-5.898789878987904522e-01 -3.449833949681604395e+00
-5.892739273927394272e-01 -3.448563280533416986e+00
-5.886688668866888463e-01 -3.447293043952951219e+00
-5.880638063806382654e-01 -3.446023240527574583e+00
-5.874587458745876845e-01 -3.444753870844659449e+00
-5.868536853685371035e-01 -3.443484935491577748e+00
-5.862486248624865226e-01 -3.442216435055700519e+00
-5.856435643564359417e-01 -3.440948370124400135e+00
-5.850385038503853607e-01 -3.439680741285046750e+00
-5.844334433443347798e-01 -3.438413549125012736e+00
-5.838283828382841989e-01 -3.437146794231669134e+00
-5.832233223322336180e-01 -3.435880477192386984e+00
-5.826182618261830370e-01 -3.434614598594538215e+00
-5.820132013201324561e-01 -3.433349159025495201e+00
-5.814081408140818752e-01 -3.432084159072627205e+00
-5.808030803080312943e-01 -3.430819599323308378e+00
-5.801980198019807133e-01 -3.429555480364908870e+00
-5.795929592959301324e-01 -3.428291802784798392e+00
-5.789878987898795515e-01 -3.427028567170351536e+00
-5.783828382838289706e-01 -3.425765774108937567e+00
-5.777777777777779455e-01 -3.424503424187926193e+00
-5.771727172717273646e-01 -3.423241517994694227e+00
-5.765676567656767837e-01 -3.421980056116609603e+00
-5.759625962596262028e-01 -3.420719039141045137e+00
-5.753575357535756218e-01 -3.419458467655370981e+00
-5.747524752475250409e-01 -3.418198342246958177e+00
-5.741474147414744600e-01 -3.416938663503180429e+00
-5.735423542354238791e-01 -3.415679432011407446e+00
-5.729372937293732981e-01 -3.414420648359010713e+00
-5.723322332233227172e-01 -3.413162313133362158e+00
-5.717271727172721363e-01 -3.411904426921833267e+00
-5.711221122112215554e-01 -3.410646990311795523e+00
-5.705170517051709744e-01 -3.409390003890620413e+00
-5.699119911991203935e-01 -3.408133468245678976e+00
-5.693069306930698126e-01 -3.406877383964342254e+00
-5.687018701870192317e-01 -3.405621751633983507e+00
-5.680968096809686507e-01 -3.404366571841972000e+00
-5.674917491749180698e-01 -3.403111845175680550e+00
-5.668866886688670448e-01 -3.401857572222480197e+00
-5.662816281628164639e-01 -3.400603753569743315e+00
-5.656765676567658829e-01 -3.399350389804838279e+00
-5.650715071507153020e-01 -3.398097481515141460e+00
-5.644664466446647211e-01 -3.396845029288019902e+00
-5.638613861386141402e-01 -3.395593033710847752e+00
-5.632563256325635592e-01 -3.394341495370995609e+00
-5.626512651265129783e-01 -3.393090414855834069e+00
-5.620462046204623974e-01 -3.391839792752735505e+00
-5.614411441144118164e-01 -3.390589629649072290e+00
-5.608360836083612355e-01 -3.389339926132213687e+00
-5.602310231023106546e-01 -3.388090682789532515e+00
-5.596259625962600737e-01 -3.386841900208400258e+00
-5.590209020902094927e-01 -3.385593578976187512e+00
-5.584158415841589118e-01 -3.384345719680265763e+00
-5.578107810781083309e-01 -3.383098322908008271e+00
-5.572057205720577500e-01 -3.381851389246785189e+00
-5.566006600660071690e-01 -3.380604919283967114e+00
-5.559955995599561440e-01 -3.379358913606926418e+00
-5.553905390539055631e-01 -3.378113372803034586e+00
-5.547854785478549822e-01 -3.376868297459663548e+00
-5.541804180418044012e-01 -3.375623688164183900e+00
-5.535753575357538203e-01 -3.374379545503967570e+00
-5.529702970297032394e-01 -3.373135870066384712e+00
-5.523652365236526585e-01 -3.371892662438809030e+00
-5.517601760176020775e-01 -3.370649923208610677e+00
-5.511551155115514966e-01 -3.369407652963161581e+00
-5.505500550055009157e-01 -3.368165852289833229e+00
-5.499449944994503348e-01 -3.366924521775995771e+00
-5.493399339933997538e-01 -3.365683662009022470e+00
-5.487348734873491729e-01 -3.364443273576283921e+00
-5.481298129812985920e-01 -3.363203357065151611e+00
-5.475247524752480111e-01 -3.361963913062996134e+00
-5.469196919691974301e-01 -3.360724942157190309e+00
-5.463146314631468492e-01 -3.359486444935105176e+00
-5.457095709570962683e-01 -3.358248421984112220e+00
-5.451045104510456873e-01 -3.357010873891582037e+00
-5.444994499449946623e-01 -3.355773801244887000e+00
-5.438943894389440814e-01 -3.354537204631398151e+00
-5.432893289328935005e-01 -3.353301084638487417e+00
-5.426842684268429196e-01 -3.352065441853526728e+00
-5.420792079207923386e-01 -3.350830276863886237e+00
-5.414741474147417577e-01 -3.349595590256938760e+00
-5.408690869086911768e-01 -3.348361382620054005e+00
-5.402640264026405958e-01 -3.347127654540604791e+00
-5.396589658965900149e-01 -3.345894406605962157e+00
-5.390539053905394340e-01 -3.344661639403496700e+00
-5.384488448844888531e-01 -3.343429353520581682e+00
-5.378437843784382721e-01 -3.342197549544587698e+00
-5.372387238723876912e-01 -3.340966228062885346e+00
-5.366336633663371103e-01 -3.339735389662847886e+00
-5.360286028602865294e-01 -3.338505034931845028e+00
-5.354235423542359484e-01 -3.337275164457249144e+00
-5.348184818481853675e-01 -3.336045778826431274e+00
-5.342134213421347866e-01 -3.334816878626763348e+00
-5.336083608360837616e-01 -3.333588464445615962e+00
-5.330033003300331806e-01 -3.332360536870361489e+00
-5.323982398239825997e-01 -3.331133096488370526e+00
-5.317931793179320188e-01 -3.329906143887015890e+00
-5.311881188118814379e-01 -3.328679679653668178e+00
-5.305830583058308569e-01 -3.327453704375698429e+00
-5.299779977997802760e-01 -3.326228218640478573e+00
-5.293729372937296951e-01 -3.325003223035380095e+00
-5.287678767876791142e-01 -3.323778718147774480e+00
-5.281628162816285332e-01 -3.322554704565032324e+00
-5.275577557755779523e-01 -3.321331182874527332e+00
-5.269526952695273714e-01 -3.320108153663628769e+00
-5.263476347634767905e-01 -3.318885617519707676e+00
-5.257425742574262095e-01 -3.317663575030137757e+00
-5.251375137513756286e-01 -3.316442026782289165e+00
-5.245324532453250477e-01 -3.315220973363533830e+00
-5.239273927392744667e-01 -3.314000415361242347e+00
-5.233223322332238858e-01 -3.312780353362786645e+00
-5.227172717271733049e-01 -3.311560787955538210e+00
-5.221122112211222799e-01 -3.310341719726868082e+00
-5.215071507150716990e-01 -3.309123149264148189e+00
-5.209020902090211180e-01 -3.307905077154750906e+00
-5.202970297029705371e-01 -3.306687503986045495e+00
-5.196919691969199562e-01 -3.305470430345406108e+00
-5.190869086908693752e-01 -3.304253856820201563e+00
-5.184818481848187943e-01 -3.303037783997804677e+00
-5.178767876787682134e-01 -3.301822212465586937e+00
-5.172717271727176325e-01 -3.300607142810919381e+00
-5.166666666666670515e-01 -3.299392575621173940e+00
-5.160616061606164706e-01 -3.298178511483722097e+00
-5.154565456545658897e-01 -3.296964950985934451e+00
-5.148514851485153088e-01 -3.295751894715183372e+00
-5.142464246424647278e-01 -3.294539343258838571e+00
-5.136413641364141469e-01 -3.293327297204275084e+00
-5.130363036303635660e-01 -3.292115757138859955e+00
-5.124312431243129851e-01 -3.290904723649967778e+00
-5.118261826182624041e-01 -3.289694197324968705e+00
-5.112211221122113791e-01 -3.288484178751234221e+00
-5.106160616061607982e-01 -3.287274668516137144e+00
-5.100110011001102173e-01 -3.286065667207047181e+00
-5.094059405940596363e-01 -3.284857175411336705e+00
-5.088008800880090554e-01 -3.283649193716377201e+00
-5.081958195819584745e-01 -3.282441722709538823e+00
-5.075907590759078936e-01 -3.281234762978195274e+00
-5.069856985698573126e-01 -3.280028315109716264e+00
-5.063806380638067317e-01 -3.278822379691473721e+00
-5.057755775577561508e-01 -3.277616957310839130e+00
-5.051705170517055699e-01 -3.276412048555184864e+00
-5.045654565456549889e-01 -3.275207654011879743e+00
-5.039603960396044080e-01 -3.274003774268298805e+00
-5.033553355335538271e-01 -3.272800409911810871e+00
-5.027502750275032462e-01 -3.271597561529787423e+00
-5.021452145214526652e-01 -3.270395229709601725e+00
-5.015401540154020843e-01 -3.269193415038623929e+00
-5.009350935093515034e-01 -3.267992118104225074e+00
-5.003300330033009224e-01 -3.266791339493778423e+00
-4.997249724972498974e-01 -3.265591079794652352e+00
-4.991199119911993165e-01 -3.264391339594222341e+00
-4.985148514851487356e-01 -3.263192119479856768e+00
-4.979097909790981547e-01 -3.261993420038928448e+00
-4.973047304730475737e-01 -3.260795241858808424e+00
-4.966996699669969928e-01 -3.259597585526867292e+00
-4.960946094609464119e-01 -3.258400451630478312e+00
-4.954895489548958309e-01 -3.257203840757012081e+00
-4.948844884488452500e-01 -3.256007753493839196e+00
-4.942794279427946691e-01 -3.254812190428332475e+00
-4.936743674367440882e-01 -3.253617152147863845e+00
-4.930693069306935072e-01 -3.252422639239801683e+00
-4.924642464246429263e-01 -3.251228652291520138e+00
-4.918591859185923454e-01 -3.250035191890390696e+00
-4.912541254125417645e-01 -3.248842258623783508e+00
-4.906490649064911835e-01 -3.247649853079070947e+00
-4.900440044004406026e-01 -3.246457975843623611e+00
-4.894389438943900217e-01 -3.245266627504813428e+00
-4.888338833883389967e-01 -3.244075808650012327e+00
-4.882288228822884157e-01 -3.242885519866590904e+00
-4.876237623762378348e-01 -3.241695761741922421e+00
-4.870187018701872539e-01 -3.240506534863375698e+00
-4.864136413641366730e-01 -3.239317839818323552e+00
-4.858085808580860920e-01 -3.238129677194138356e+00
-4.852035203520355111e-01 -3.236942047578190262e+00
-4.845984598459849302e-01 -3.235754951557850312e+00
-4.839933993399343493e-01 -3.234568389720490433e+00
-4.833883388338837683e-01 -3.233382362653483000e+00
-4.827832783278331874e-01 -3.232196870944198164e+00
-4.821782178217826065e-01 -3.231011915180008298e+00
-4.815731573157320256e-01 -3.229827495948285332e+00
-4.809680968096814446e-01 -3.228643613836398529e+00
-4.803630363036308637e-01 -3.227460269431721596e+00
-4.797579757975802828e-01 -3.226277463321625127e+00
-4.791529152915297018e-01 -3.225095196093480610e+00
-4.785478547854791209e-01 -3.223913468334658639e+00
-4.779427942794285400e-01 -3.222732280632532031e+00
-4.773377337733775150e-01 -3.221551633574470941e+00
-4.767326732673269341e-01 -3.220371527747849516e+00
-4.761276127612763531e-01 -3.219191963740036133e+00
-4.755225522552257722e-01 -3.218012942138403609e+00
-4.749174917491751913e-01 -3.216834463530322985e+00
-4.743124312431246103e-01 -3.215656528503166189e+00
-4.737073707370740294e-01 -3.214479137644303819e+00
-4.731023102310234485e-01 -3.213302291541108247e+00
-4.724972497249728676e-01 -3.212125990780950957e+00
-4.718921892189222866e-01 -3.210950235951202991e+00
-4.712871287128717057e-01 -3.209775027639235390e+00
-4.706820682068211248e-01 -3.208600366432420969e+00
-4.700770077007705439e-01 -3.207426252918128995e+00
-4.694719471947199629e-01 -3.206252687683732727e+00
-4.688668866886693820e-01 -3.205079671316603207e+00
-4.682618261826188011e-01 -3.203907204404111919e+00
-4.676567656765682202e-01 -3.202735287533629460e+00
-4.670517051705176392e-01 -3.201563921292528647e+00
-4.664466446644666142e-01 -3.200393106268179189e+00
-4.658415841584160333e-01 -3.199222843047954346e+00
-4.652365236523654524e-01 -3.198053132219225159e+00
-4.646314631463148714e-01 -3.196883974369362669e+00
-4.640264026402642905e-01 -3.195715370085738805e+00
-4.634213421342137096e-01 -3.194547319955724163e+00
-4.628162816281631287e-01 -3.193379824566691116e+00
-4.622112211221125477e-01 -3.192212884506009818e+00
-4.616061606160619668e-01 -3.191046500361053528e+00
-4.610011001100113859e-01 -3.189880672719192400e+00
-4.603960396039608050e-01 -3.188715402167799251e+00
-4.597909790979102240e-01 -3.187550689294242900e+00
-4.591859185918596431e-01 -3.186386534685897498e+00
-4.585808580858090622e-01 -3.185222938930132308e+00
-4.579757975797584812e-01 -3.184059902614321036e+00
-4.573707370737079003e-01 -3.182897426325833834e+00
-4.567656765676573194e-01 -3.181735510652041743e+00
-4.561606160616067385e-01 -3.180574156180316692e+00
-4.555555555555561575e-01 -3.179413363498031497e+00
-4.549504950495051325e-01 -3.178253133192554536e+00
-4.543454345434545516e-01 -3.177093465851259957e+00
-4.537403740374039707e-01 -3.175934362061519245e+00
-4.531353135313533897e-01 -3.174775822410701664e+00
-4.525302530253028088e-01 -3.173617847486180921e+00
-4.519251925192522279e-01 -3.172460437875327166e+00
-4.513201320132016470e-01 -3.171303594165511885e+00
-4.507150715071510660e-01 -3.170147316944107008e+00
-4.501100110011004851e-01 -3.168991606798483573e+00
-4.495049504950499042e-01 -3.167836464316013956e+00
-4.488998899889993233e-01 -3.166681890084068307e+00
-4.482948294829487423e-01 -3.165527884690019444e+00
-4.476897689768981614e-01 -3.164374448721237965e+00
-4.470847084708475805e-01 -3.163221582765094908e+00
-4.464796479647969996e-01 -3.162069287408963092e+00
-4.458745874587464186e-01 -3.160917563240212225e+00
-4.452695269526958377e-01 -3.159766410846215123e+00
-4.446644664466452568e-01 -3.158615830814342385e+00
-4.440594059405942318e-01 -3.157465823731965493e+00
-4.434543454345436508e-01 -3.156316390186456822e+00
-4.428492849284930699e-01 -3.155167530765186967e+00
-4.422442244224424890e-01 -3.154019246055528303e+00
-4.416391639163919081e-01 -3.152871536644852313e+00
-4.410341034103413271e-01 -3.151724403120528706e+00
-4.404290429042907462e-01 -3.150577846069929855e+00
-4.398239823982401653e-01 -3.149431866080427245e+00
-4.392189218921895844e-01 -3.148286463739394136e+00
-4.386138613861390034e-01 -3.147141639634199350e+00
-4.380088008800884225e-01 -3.145997394352214815e+00
-4.374037403740378416e-01 -3.144853728480813349e+00
-4.367986798679872606e-01 -3.143710642607365102e+00
-4.361936193619366797e-01 -3.142568137319241561e+00
-4.355885588558860988e-01 -3.141426213203815099e+00
-4.349834983498355179e-01 -3.140284870848456755e+00
-4.343784378437849369e-01 -3.139144110840538460e+00
-4.337733773377343560e-01 -3.138003933767429476e+00
-4.331683168316833310e-01 -3.136864340216503511e+00
-4.325632563256327501e-01 -3.135725330775130715e+00
-4.319581958195821692e-01 -3.134586906030684794e+00
-4.313531353135315882e-01 -3.133449066570534569e+00
-4.307480748074810073e-01 -3.132311812982053301e+00
-4.301430143014304264e-01 -3.131175145852611585e+00
-4.295379537953798454e-01 -3.130039065769580908e+00
-4.289328932893292645e-01 -3.128903573320332310e+00
-4.283278327832786836e-01 -3.127768669092237719e+00
-4.277227722772281027e-01 -3.126634353672668620e+00
-4.271177117711775217e-01 -3.125500627648997387e+00
-4.265126512651269408e-01 -3.124367491608593284e+00
-4.259075907590763599e-01 -3.123234946138828683e+00
-4.253025302530257790e-01 -3.122102991827077290e+00
-4.246974697469751980e-01 -3.120971629260707925e+00
-4.240924092409246171e-01 -3.119840859027092073e+00
-4.234873487348740362e-01 -3.118710681713602106e+00
-4.228822882288234553e-01 -3.117581097907609511e+00
-4.222772277227728743e-01 -3.116452108196484883e+00
-4.216721672167218493e-01 -3.115323713167599706e+00
-4.210671067106712684e-01 -3.114195913408327687e+00
-4.204620462046206875e-01 -3.113068709506037202e+00
-4.198569856985701065e-01 -3.111942102048101511e+00
-4.192519251925195256e-01 -3.110816091621892099e+00
-4.186468646864689447e-01 -3.109690678814779563e+00
-4.180418041804183638e-01 -3.108565864214135388e+00
-4.174367436743677828e-01 -3.107441648407332391e+00
-4.168316831683172019e-01 -3.106318031981739836e+00
-4.162266226622666210e-01 -3.105195015524730984e+00
-4.156215621562160401e-01 -3.104072599623677320e+00
-4.150165016501654591e-01 -3.102950784865948997e+00
-4.144114411441148782e-01 -3.101829571838918387e+00
-4.138063806380642973e-01 -3.100708961129955643e+00
-4.132013201320137163e-01 -3.099588953326434915e+00
-4.125962596259631354e-01 -3.098469549015725022e+00
-4.119911991199125545e-01 -3.097350748785198782e+00
-4.113861386138619736e-01 -3.096232553222225459e+00
-4.107810781078109486e-01 -3.095114962914180090e+00
-4.101760176017603676e-01 -3.093997978448431496e+00
-4.095709570957097867e-01 -3.092881600412352494e+00
-4.089658965896592058e-01 -3.091765829393313680e+00
-4.083608360836086248e-01 -3.090650665978687428e+00
-4.077557755775580439e-01 -3.089536110755843890e+00
-4.071507150715074630e-01 -3.088422164312155438e+00
-4.065456545654568821e-01 -3.087308827234994002e+00
-4.059405940594063011e-01 -3.086196100111729290e+00
-4.053355335533557202e-01 -3.085083983529735008e+00
-4.047304730473051393e-01 -3.083972478076381307e+00
-4.041254125412545584e-01 -3.082861584339038785e+00
-4.035203520352039774e-01 -3.081751302905080703e+00
-4.029152915291533965e-01 -3.080641634361877212e+00
-4.023102310231028156e-01 -3.079532579296800243e+00
-4.017051705170522347e-01 -3.078424138297221724e+00
-4.011001100110016537e-01 -3.077316311950511807e+00
-4.004950495049510728e-01 -3.076209100844043753e+00
-3.998899889989004919e-01 -3.075102505565689537e+00
-3.992849284928494669e-01 -3.073996526839382959e+00
-3.986798679867988859e-01 -3.072891165708557804e+00
-3.980748074807483050e-01 -3.071786423262460985e+00
-3.974697469746977241e-01 -3.070682300590340308e+00
-3.968646864686471432e-01 -3.069578798781440909e+00
-3.962596259625965622e-01 -3.068475918925011481e+00
-3.956545654565459813e-01 -3.067373662110299382e+00
-3.950495049504954004e-01 -3.066272029426550194e+00
-3.944444444444448195e-01 -3.065171021963012610e+00
-3.938393839383942385e-01 -3.064070640808933987e+00
-3.932343234323436576e-01 -3.062970887053559021e+00
-3.926292629262930767e-01 -3.061871761786137736e+00
-3.920242024202424957e-01 -3.060773266095916600e+00
-3.914191419141919148e-01 -3.059675401072141199e+00
-3.908140814081413339e-01 -3.058578167804059778e+00
-3.902090209020907530e-01 -3.057481567380920584e+00
-3.896039603960401720e-01 -3.056385600891967425e+00
-3.889988998899895911e-01 -3.055290269426452099e+00
-3.883938393839385661e-01 -3.054195574073617525e+00
-3.877887788778879852e-01 -3.053101515922713283e+00
-3.871837183718374042e-01 -3.052008096062985842e+00
-3.865786578657868233e-01 -3.050915315583682563e+00
-3.859735973597362424e-01 -3.049823175574050804e+00
-3.853685368536856615e-01 -3.048731677123336592e+00
-3.847634763476350805e-01 -3.047640821320787285e+00
-3.841584158415844996e-01 -3.046550609255652464e+00
-3.835533553355339187e-01 -3.045461042017176378e+00
-3.829482948294833378e-01 -3.044372120694606387e+00
-3.823432343234327568e-01 -3.043283846377190294e+00
-3.817381738173821759e-01 -3.042196220154176789e+00
-3.811331133113315950e-01 -3.041109243114810123e+00
-3.805280528052810141e-01 -3.040022916348339432e+00
-3.799229922992304331e-01 -3.038937240944012075e+00
-3.793179317931798522e-01 -3.037852217991073633e+00
-3.787128712871292713e-01 -3.036767848578773243e+00
-3.781078107810786904e-01 -3.035684133796355599e+00
-3.775027502750281094e-01 -3.034601074733068060e+00
-3.768976897689770844e-01 -3.033518672478160649e+00
-3.762926292629265035e-01 -3.032436928120877617e+00
-3.756875687568759226e-01 -3.031355842750468543e+00
-3.750825082508253416e-01 -3.030275417456178122e+00
-3.744774477447747607e-01 -3.029195653327255044e+00
-3.738723872387241798e-01 -3.028116551452946226e+00
-3.732673267326735989e-01 -3.027038112922498136e+00
-3.726622662266230179e-01 -3.025960338825158136e+00
-3.720572057205724370e-01 -3.024883230250174027e+00
-3.714521452145218561e-01 -3.023806788286793168e+00
-3.708470847084712751e-01 -3.022731014024260698e+00
-3.702420242024206942e-01 -3.021655908551826641e+00
-3.696369636963701133e-01 -3.020581472958736136e+00
-3.690319031903195324e-01 -3.019507708334236096e+00
-3.684268426842689514e-01 -3.018434615767575657e+00
-3.678217821782183705e-01 -3.017362196347999515e+00
-3.672167216721677896e-01 -3.016290451164756803e+00
-3.666116611661172087e-01 -3.015219381307093549e+00
-3.660066006600661837e-01 -3.014148987864256668e+00
-3.654015401540156027e-01 -3.013079271925494851e+00
-3.647964796479650218e-01 -3.012010234580054124e+00
-3.641914191419144409e-01 -3.010941876917180959e+00
-3.635863586358638599e-01 -3.009874200026124491e+00
-3.629812981298132790e-01 -3.008807204996129858e+00
-3.623762376237626981e-01 -3.007740892916445752e+00
-3.617711771177121172e-01 -3.006675264876318199e+00
-3.611661166116615362e-01 -3.005610321964994558e+00
-3.605610561056109553e-01 -3.004546065271722632e+00
-3.599559955995603744e-01 -3.003482495885748893e+00
-3.593509350935097935e-01 -3.002419614896321143e+00
-3.587458745874592125e-01 -3.001357423392685408e+00
-3.581408140814086316e-01 -3.000295922464090381e+00
-3.575357535753580507e-01 -2.999235113199781200e+00
-3.569306930693074698e-01 -2.998174996689006555e+00
-3.563256325632568888e-01 -2.997115574021013806e+00
-3.557205720572063079e-01 -2.996056846285049868e+00
-3.551155115511557270e-01 -2.994998814570359436e+00
-3.545104510451047020e-01 -2.993941479966193420e+00
-3.539053905390541210e-01 -2.992884843561796071e+00
-3.533003300330035401e-01 -2.991828906446416969e+00
-3.526952695269529592e-01 -2.990773669709301696e+00
-3.520902090209023783e-01 -2.989719134439697168e+00
-3.514851485148517973e-01 -2.988665301726852519e+00
-3.508800880088012164e-01 -2.987612172660012000e+00
-3.502750275027506355e-01 -2.986559748328425190e+00
-3.496699669967000546e-01 -2.985508029821337228e+00
-3.490649064906494736e-01 -2.984457018227997249e+00
-3.484598459845988927e-01 -2.983406714637650836e+00
-3.478547854785483118e-01 -2.982357120139545792e+00
-3.472497249724977308e-01 -2.981308235822929920e+00
-3.466446644664471499e-01 -2.980260062777049690e+00
-3.460396039603965690e-01 -2.979212602091151574e+00
-3.454345434543459881e-01 -2.978165854854483818e+00
-3.448294829482954071e-01 -2.977119822156292006e+00
-3.442244224422448262e-01 -2.976074505085825717e+00
-3.436193619361938012e-01 -2.975029904732329644e+00
-3.430143014301432203e-01 -2.973986022185052480e+00
-3.424092409240926393e-01 -2.972942858533242028e+00
-3.418041804180420584e-01 -2.971900414866143425e+00
-3.411991199119914775e-01 -2.970858692273004475e+00
-3.405940594059408966e-01 -2.969817691843073426e+00
-3.399889988998903156e-01 -2.968777414665597192e+00
-3.393839383938397347e-01 -2.967737861829820911e+00
-3.387788778877891538e-01 -2.966699034424993719e+00
-3.381738173817385729e-01 -2.965660933540362532e+00
-3.375687568756879919e-01 -2.964623560265173818e+00
-3.369636963696374110e-01 -2.963586915688674495e+00
-3.363586358635868301e-01 -2.962551000900113696e+00
-3.357535753575362492e-01 -2.961515816988736560e+00
-3.351485148514856682e-01 -2.960481365043790003e+00
-3.345434543454350873e-01 -2.959447646154523159e+00
-3.339383938393845064e-01 -2.958414661410181168e+00
-3.333333333333339255e-01 -2.957382411900013164e+00
-3.327282728272829004e-01 -2.956350898713262954e+00
-3.321232123212323195e-01 -2.955320122939181005e+00
-3.315181518151817386e-01 -2.954290085667014232e+00
-3.309130913091311577e-01 -2.953260787986007330e+00
-3.303080308030805767e-01 -2.952232230985410766e+00
-3.297029702970299958e-01 -2.951204415754469235e+00
-3.290979097909794149e-01 -2.950177343382430095e+00
-3.284928492849288340e-01 -2.949151014958541595e+00
-3.278877887788782530e-01 -2.948125431572051092e+00
-3.272827282728276721e-01 -2.947100594312202837e+00
-3.266776677667770912e-01 -2.946076504268246854e+00
-3.260726072607265102e-01 -2.945053162529429613e+00
-3.254675467546759293e-01 -2.944030570184998474e+00
-3.248624862486253484e-01 -2.943008728324199463e+00
-3.242574257425747675e-01 -2.941987638036281272e+00
-3.236523652365241865e-01 -2.940967300410489482e+00
-3.230473047304736056e-01 -2.939947716536072786e+00
-3.224422442244230247e-01 -2.938928887502277210e+00
-3.218371837183724438e-01 -2.937910814398349668e+00
-3.212321232123214187e-01 -2.936893498313538409e+00
-3.206270627062708378e-01 -2.935876940337089458e+00
-3.200220022002202569e-01 -2.934861141558252395e+00
-3.194169416941696760e-01 -2.933846103066270583e+00
-3.188118811881190950e-01 -2.932831825950394045e+00
-3.182068206820685141e-01 -2.931818311299869251e+00
-3.176017601760179332e-01 -2.930805560203942228e+00
-3.169966996699673523e-01 -2.929793573751862112e+00
-3.163916391639167713e-01 -2.928782353032874486e+00
-3.157865786578661904e-01 -2.927771899136227152e+00
-3.151815181518156095e-01 -2.926762213151166137e+00
-3.145764576457650286e-01 -2.925753296166940132e+00
-3.139713971397144476e-01 -2.924745149272796052e+00
-3.133663366336638667e-01 -2.923737773557980368e+00
-3.127612761276132858e-01 -2.922731170111740440e+00
-3.121562156215627049e-01 -2.921725340023323181e+00
-3.115511551155121239e-01 -2.920720284381975951e+00
-3.109460946094615430e-01 -2.919716004276946553e+00
-3.103410341034105180e-01 -2.918712500797480569e+00
-3.097359735973599371e-01 -2.917709775032827135e+00
-3.091309130913093561e-01 -2.916707828072232278e+00
-3.085258525852587752e-01 -2.915706661004942912e+00
-3.079207920792081943e-01 -2.914706274920207285e+00
-3.073157315731576134e-01 -2.913706670907271423e+00
-3.067106710671070324e-01 -2.912707850055381797e+00
-3.061056105610564515e-01 -2.911709813453788431e+00
-3.055005500550058706e-01 -2.910712562191735131e+00
-3.048954895489552896e-01 -2.909716097358471476e+00
-3.042904290429047087e-01 -2.908720420043243049e+00
-3.036853685368541278e-01 -2.907725531335298541e+00
-3.030803080308035469e-01 -2.906731432323882647e+00
-3.024752475247529659e-01 -2.905738124098244946e+00
-3.018701870187023850e-01 -2.904745607747633240e+00
-3.012651265126518041e-01 -2.903753884361290449e+00
-3.006600660066012232e-01 -2.902762955028468372e+00
-3.000550055005506422e-01 -2.901772820838411260e+00
-2.994499449945000613e-01 -2.900783482880367359e+00
-2.988448844884490363e-01 -2.899794942243583140e+00
-2.982398239823984554e-01 -2.898807200017305963e+00
-2.976347634763478744e-01 -2.897820257290784518e+00
-2.970297029702972935e-01 -2.896834115153264388e+00
-2.964246424642467126e-01 -2.895848774693992489e+00
-2.958195819581961317e-01 -2.894864237002216623e+00
-2.952145214521455507e-01 -2.893880503167184592e+00
-2.946094609460949698e-01 -2.892897574278142425e+00
-2.940044004400443889e-01 -2.891915451424337480e+00
-2.933993399339938080e-01 -2.890934135695017559e+00
-2.927942794279432270e-01 -2.889953628179427803e+00
-2.921892189218926461e-01 -2.888973929966818677e+00
-2.915841584158420652e-01 -2.887995042146434432e+00
-2.909790979097914843e-01 -2.887016965807522872e+00
-2.903740374037409033e-01 -2.886039702039332244e+00
-2.897689768976903224e-01 -2.885063251931109018e+00
-2.891639163916397415e-01 -2.884087616572099666e+00
-2.885588558855891606e-01 -2.883112797051552878e+00
-2.879537953795381355e-01 -2.882138794458713793e+00
-2.873487348734875546e-01 -2.881165609882831102e+00
-2.867436743674369737e-01 -2.880193244413152165e+00
-2.861386138613863928e-01 -2.879221699138923007e+00
-2.855335533553358118e-01 -2.878250975149391433e+00
-2.849284928492852309e-01 -2.877281073533804356e+00
-2.843234323432346500e-01 -2.876311995381408693e+00
-2.837183718371840691e-01 -2.875343741781452689e+00
-2.831133113311334881e-01 -2.874376313823181484e+00
-2.825082508250829072e-01 -2.873409712595844656e+00
-2.819031903190323263e-01 -2.872443939188687345e+00
-2.812981298129817453e-01 -2.871478994690957354e+00
-2.806930693069311644e-01 -2.870514880191902041e+00
-2.800880088008805835e-01 -2.869551596780768765e+00
-2.794829482948300026e-01 -2.868589145546804886e+00
-2.788778877887794216e-01 -2.867627527579255986e+00
-2.782728272827288407e-01 -2.866666743967370312e+00
-2.776677667766782598e-01 -2.865706795800395668e+00
-2.770627062706276789e-01 -2.864747684167577191e+00
-2.764576457645766538e-01 -2.863789410158164017e+00
-2.758525852585260729e-01 -2.862831974861402173e+00
-2.752475247524754920e-01 -2.861875379366540795e+00
-2.746424642464249111e-01 -2.860919624762824132e+00
-2.740374037403743301e-01 -2.859964712139500875e+00
-2.734323432343237492e-01 -2.859010642585817941e+00
-2.728272827282731683e-01 -2.858057417191022687e+00
-2.722222222222225874e-01 -2.857105037044362028e+00
-2.716171617161720064e-01 -2.856153503235082880e+00
-2.710121012101214255e-01 -2.855202816852433489e+00
-2.704070407040708446e-01 -2.854252978985658551e+00
-2.698019801980202637e-01 -2.853303990724007644e+00
-2.691969196919696827e-01 -2.852355853156728571e+00
-2.685918591859191018e-01 -2.851408567373064695e+00
-2.679867986798685209e-01 -2.850462134462266039e+00
-2.673817381738179400e-01 -2.849516555513580407e+00
-2.667766776677673590e-01 -2.848571831616252048e+00
-2.661716171617167781e-01 -2.847627963859530986e+00
-2.655665566556657531e-01 -2.846684953332661916e+00
-2.649614961496151722e-01 -2.845742801124894417e+00
-2.643564356435645912e-01 -2.844801508325473627e+00
-2.637513751375140103e-01 -2.843861076023647794e+00
-2.631463146314634294e-01 -2.842921505308664276e+00
-2.625412541254128485e-01 -2.841982797269769101e+00
-2.619361936193622675e-01 -2.841044952996210515e+00
-2.613311331133116866e-01 -2.840107973577234546e+00
-2.607260726072611057e-01 -2.839171860102089884e+00
-2.601210121012105247e-01 -2.838236613660021668e+00
-2.595159515951599438e-01 -2.837302235340278589e+00
-2.589108910891093629e-01 -2.836368726232108894e+00
-2.583058305830587820e-01 -2.835436087424755947e+00
-2.577007700770082010e-01 -2.834504320007469769e+00
-2.570957095709576201e-01 -2.833573425069498164e+00
-2.564906490649070392e-01 -2.832643403700085383e+00
-2.558855885588564583e-01 -2.831714256988481004e+00
-2.552805280528058773e-01 -2.830785986023930612e+00
-2.546754675467552964e-01 -2.829858591895682896e+00
-2.540704070407042714e-01 -2.828932075692983439e+00
-2.534653465346536905e-01 -2.828006438505080489e+00
-2.528602860286031095e-01 -2.827081681421220516e+00
-2.522552255225525286e-01 -2.826157805530652212e+00
-2.516501650165019477e-01 -2.825234811922619382e+00
-2.510451045104513668e-01 -2.824312701686372495e+00
-2.504400440044007858e-01 -2.823391475911158022e+00
-2.498349834983502049e-01 -2.822471135686221544e+00
-2.492299229922996240e-01 -2.821551682100812197e+00
-2.486248624862490431e-01 -2.820633116244176453e+00
-2.480198019801984621e-01 -2.819715439205560337e+00
-2.474147414741478812e-01 -2.818798652074212097e+00
-2.468096809680973003e-01 -2.817882755939378647e+00
-2.462046204620467194e-01 -2.816967751890306904e+00
-2.455995599559961384e-01 -2.816053641016244669e+00
-2.449944994499455575e-01 -2.815140424406437969e+00
-2.443894389438949766e-01 -2.814228103150135052e+00
-2.437843784378443956e-01 -2.813316678336582388e+00
-2.431793179317933706e-01 -2.812406151055026893e+00
-2.425742574257427897e-01 -2.811496522394716813e+00
-2.419691969196922088e-01 -2.810587793444898619e+00
-2.413641364136416279e-01 -2.809679965294819226e+00
-2.407590759075910469e-01 -2.808773039033726437e+00
-2.401540154015404660e-01 -2.807867015750867612e+00
-2.395489548954898851e-01 -2.806961896535488332e+00
-2.389438943894393041e-01 -2.806057682476836845e+00
-2.383388338833887232e-01 -2.805154374664161399e+00
-2.377337733773381423e-01 -2.804251974186705354e+00
-2.371287128712875614e-01 -2.803350482133720512e+00
-2.365236523652369804e-01 -2.802449899594452010e+00
-2.359185918591863995e-01 -2.801550227658145431e+00
-2.353135313531358186e-01 -2.800651467414051243e+00
-2.347084708470852377e-01 -2.799753619951413697e+00
-2.341034103410346567e-01 -2.798856686359480594e+00
-2.334983498349840758e-01 -2.797960667727498851e+00
-2.328932893289334949e-01 -2.797065565144718491e+00
-2.322882288228829140e-01 -2.796171379700382875e+00
-2.316831683168318889e-01 -2.795278112483740696e+00
-2.310781078107813080e-01 -2.794385764584039311e+00
-2.304730473047307271e-01 -2.793494337090525637e+00
-2.298679867986801462e-01 -2.792603831092447475e+00
-2.292629262926295652e-01 -2.791714247679049965e+00
-2.286578657865789843e-01 -2.790825587939582686e+00
-2.280528052805284034e-01 -2.789937852963291665e+00
-2.274477447744778225e-01 -2.789051043839423372e+00
-2.268426842684272415e-01 -2.788165161657226498e+00
-2.262376237623766606e-01 -2.787280207505947072e+00
-2.256325632563260797e-01 -2.786396182474832894e+00
-2.250275027502754988e-01 -2.785513087653129993e+00
-2.244224422442249178e-01 -2.784630924130087060e+00
-2.238173817381743369e-01 -2.783749692994950120e+00
-2.232123212321237560e-01 -2.782869395336966534e+00
-2.226072607260731751e-01 -2.781990032245383215e+00
-2.220022002200225941e-01 -2.781111604809447968e+00
-2.213971397139720132e-01 -2.780234114118407263e+00
-2.207920792079209882e-01 -2.779357561261508458e+00
-2.201870187018704073e-01 -2.778481947328000246e+00
-2.195819581958198263e-01 -2.777607273407127320e+00
-2.189768976897692454e-01 -2.776733540588137483e+00
-2.183718371837186645e-01 -2.775860749960279428e+00
-2.177667766776680836e-01 -2.774988902612799180e+00
-2.171617161716175026e-01 -2.774117999634942766e+00
-2.165566556655669217e-01 -2.773248042115959322e+00
-2.159515951595163408e-01 -2.772379031145095318e+00
-2.153465346534657598e-01 -2.771510967811596338e+00
-2.147414741474151789e-01 -2.770643853204712848e+00
-2.141364136413645980e-01 -2.769777688413688210e+00
-2.135313531353140171e-01 -2.768912474527772005e+00
-2.129262926292634361e-01 -2.768048212636211147e+00
-2.123212321232128552e-01 -2.767184903828252107e+00
-2.117161716171622743e-01 -2.766322549193142244e+00
-2.111111111111116934e-01 -2.765461149820128028e+00
-2.105060506050611124e-01 -2.764600706798458152e+00
-2.099009900990100874e-01 -2.763741221217378641e+00
-2.092959295929595065e-01 -2.762882694166137298e+00
-2.086908690869089256e-01 -2.762025126733981040e+00
-2.080858085808583446e-01 -2.761168520010156335e+00
-2.074807480748077637e-01 -2.760312875083912321e+00
-2.068756875687571828e-01 -2.759458193044492802e+00
-2.062706270627066019e-01 -2.758604474981147803e+00
-2.056655665566560209e-01 -2.757751721983124682e+00
-2.050605060506054400e-01 -2.756899935139667690e+00
-2.044554455445548591e-01 -2.756049115540025962e+00
-2.038503850385042782e-01 -2.755199264273447746e+00
-2.032453245324536972e-01 -2.754350382429177291e+00
-2.026402640264031163e-01 -2.753502471096463733e+00
-2.020352035203525354e-01 -2.752655531364554431e+00
-2.014301430143019545e-01 -2.751809564322694968e+00
-2.008250825082513735e-01 -2.750964571060133146e+00
-2.002200220022007926e-01 -2.750120552666117213e+00
-1.996149614961502117e-01 -2.749277510229893196e+00
-1.990099009900996307e-01 -2.748435444840708008e+00
-1.984048404840486057e-01 -2.747594357587809011e+00
-1.977997799779980248e-01 -2.746754249560444006e+00
-1.971947194719474439e-01 -2.745915121847860796e+00
-1.965896589658968630e-01 -2.745076975539304520e+00
-1.959845984598462820e-01 -2.744239811724023426e+00
-1.953795379537957011e-01 -2.743403631491264871e+00
-1.947744774477451202e-01 -2.742568435930275328e+00
-1.941694169416945392e-01 -2.741734226130302599e+00
-1.935643564356439583e-01 -2.740901003180593154e+00
-1.929592959295933774e-01 -2.740068768170394797e+00
-1.923542354235427965e-01 -2.739237522188954443e+00
-1.917491749174922155e-01 -2.738407266325519451e+00
-1.911441144114416346e-01 -2.737578001669335404e+00
-1.905390539053910537e-01 -2.736749729309651435e+00
-1.899339933993404728e-01 -2.735922450335714462e+00
-1.893289328932898918e-01 -2.735096165836770510e+00
-1.887238723872393109e-01 -2.734270876902067382e+00
-1.881188118811887300e-01 -2.733446584620852882e+00
-1.875137513751377050e-01 -2.732623290082372147e+00
-1.869086908690871240e-01 -2.731800994375874758e+00
-1.863036303630365431e-01 -2.730979698590606297e+00
-1.856985698569859622e-01 -2.730159403815814123e+00
-1.850935093509353813e-01 -2.729340111140746927e+00
-1.844884488448848003e-01 -2.728521821654649848e+00
-1.838833883388342194e-01 -2.727704536446770689e+00
-1.832783278327836385e-01 -2.726888256606356808e+00
-1.826732673267330576e-01 -2.726072983222654678e+00
-1.820682068206824766e-01 -2.725258717384912543e+00
-1.814631463146318957e-01 -2.724445460182376433e+00
-1.808580858085813148e-01 -2.723633212704295037e+00
-1.802530253025307339e-01 -2.722821976039912606e+00
-1.796479647964801529e-01 -2.722011751278480496e+00
-1.790429042904295720e-01 -2.721202539509242069e+00
-1.784378437843789911e-01 -2.720394341821446016e+00
-1.778327832783284101e-01 -2.719587159304339696e+00
-1.772277227722778292e-01 -2.718780993047170025e+00
-1.766226622662272483e-01 -2.717975844139184805e+00
-1.760176017601762233e-01 -2.717171713669628730e+00
-1.754125412541256424e-01 -2.716368602727751380e+00
-1.748074807480750614e-01 -2.715566512402799670e+00
-1.742024202420244805e-01 -2.714765443784020071e+00
-1.735973597359738996e-01 -2.713965397960659942e+00
-1.729922992299233186e-01 -2.713166376021966197e+00
-1.723872387238727377e-01 -2.712368379057186640e+00
-1.717821782178221568e-01 -2.711571408155568186e+00
-1.711771177117715759e-01 -2.710775464406357305e+00
-1.705720572057209949e-01 -2.709980548898801356e+00
-1.699669966996704140e-01 -2.709186662722147698e+00
-1.693619361936198331e-01 -2.708393806965644579e+00
-1.687568756875692522e-01 -2.707601982718537137e+00
-1.681518151815186712e-01 -2.706811191070074063e+00
-1.675467546754680903e-01 -2.706021433109501384e+00
-1.669416941694175094e-01 -2.705232709926066903e+00
-1.663366336633669285e-01 -2.704445022609017979e+00
-1.657315731573163475e-01 -2.703658372247601527e+00
-1.651265126512653225e-01 -2.702872759931063129e+00
-1.645214521452147416e-01 -2.702088186748653253e+00
-1.639163916391641607e-01 -2.701304653789616150e+00
-1.633113311331135797e-01 -2.700522162143200067e+00
-1.627062706270629988e-01 -2.699740712898652806e+00
-1.621012101210124179e-01 -2.698960307145219950e+00
-1.614961496149618370e-01 -2.698180945972149747e+00
-1.608910891089112560e-01 -2.697402630468689999e+00
-1.602860286028606751e-01 -2.696625361724085401e+00
-1.596809680968100942e-01 -2.695849140827585977e+00
-1.590759075907595133e-01 -2.695073968868436420e+00
-1.584708470847089323e-01 -2.694299846935885867e+00
-1.578657865786583514e-01 -2.693526776119179900e+00
-1.572607260726077705e-01 -2.692754757507567209e+00
-1.566556655665571895e-01 -2.691983792190292935e+00
-1.560506050605066086e-01 -2.691213881256606655e+00
-1.554455445544560277e-01 -2.690445025795753065e+00
-1.548404840484054468e-01 -2.689677226896980855e+00
-1.542354235423548658e-01 -2.688910485649536941e+00
-1.536303630363038408e-01 -2.688144803142668238e+00
-1.530253025302532599e-01 -2.687380180465621216e+00
-1.524202420242026790e-01 -2.686616618707645454e+00
-1.518151815181520981e-01 -2.685854118957984760e+00
-1.512101210121015171e-01 -2.685092682305889156e+00
-1.506050605060509362e-01 -2.684332309840604225e+00
-1.500000000000003553e-01 -2.683573002651376882e+00
-1.493949394939497743e-01 -2.682814761827455818e+00
-1.487898789878991934e-01 -2.682057588458087061e+00
-1.481848184818486125e-01 -2.681301483632517968e+00
-1.475797579757980316e-01 -2.680546448439994567e+00
-1.469746974697474506e-01 -2.679792483969765549e+00
-1.463696369636968697e-01 -2.679039591311078716e+00
-1.457645764576462888e-01 -2.678287771553179208e+00
-1.451595159515957079e-01 -2.677537025785314828e+00
-1.445544554455451269e-01 -2.676787355096732934e+00
-1.439493949394945460e-01 -2.676038760576680886e+00
-1.433443344334439651e-01 -2.675291243314405598e+00
-1.427392739273929401e-01 -2.674544804399153985e+00
-1.421342134213423591e-01 -2.673799444920172963e+00
-1.415291529152917782e-01 -2.673055165966711666e+00
-1.409240924092411973e-01 -2.672311968628014345e+00
-1.403190319031906164e-01 -2.671569853993331023e+00
-1.397139713971400354e-01 -2.670828823151905951e+00
-1.391089108910894545e-01 -2.670088877192987820e+00
-1.385038503850388736e-01 -2.669350017205824432e+00
-1.378987898789882927e-01 -2.668612244279661816e+00
-1.372937293729377117e-01 -2.667875559503747773e+00
-1.366886688668871308e-01 -2.667139963967327887e+00
-1.360836083608365499e-01 -2.666405458759651737e+00
-1.354785478547859690e-01 -2.665672044969965349e+00
-1.348734873487353880e-01 -2.664939723687515194e+00
-1.342684268426848071e-01 -2.664208496001548632e+00
-1.336633663366342262e-01 -2.663478363001314353e+00
-1.330583058305836452e-01 -2.662749325776057940e+00
-1.324532453245330643e-01 -2.662021385415026309e+00
-1.318481848184824834e-01 -2.661294543007467261e+00
-1.312431243124314584e-01 -2.660568799642628157e+00
-1.306380638063808775e-01 -2.659844156409756355e+00
-1.300330033003302965e-01 -2.659120614398097882e+00
-1.294279427942797156e-01 -2.658398174696900984e+00
-1.288228822882291347e-01 -2.657676838395411689e+00
-1.282178217821785537e-01 -2.656956606582879132e+00
-1.276127612761279728e-01 -2.656237480348548452e+00
-1.270077007700773919e-01 -2.655519460781667451e+00
-1.264026402640268110e-01 -2.654802548971483933e+00
-1.257975797579762300e-01 -2.654086746007243924e+00
-1.251925192519256491e-01 -2.653372052978195228e+00
-1.245874587458750682e-01 -2.652658470973584315e+00
-1.239823982398244873e-01 -2.651946001082658988e+00
-1.233773377337739063e-01 -2.651234644394666162e+00
-1.227722772277233254e-01 -2.650524401998854529e+00
-1.221672167216727445e-01 -2.649815274984468338e+00
-1.215621562156221636e-01 -2.649107264440756282e+00
-1.209570957095715826e-01 -2.648400371456965718e+00
-1.203520352035205576e-01 -2.647694597122343563e+00
-1.197469746974699767e-01 -2.646989942526136286e+00
-1.191419141914193958e-01 -2.646286408757592135e+00
-1.185368536853688148e-01 -2.645583996905958468e+00
-1.179317931793182339e-01 -2.644882708060481313e+00
-1.173267326732676530e-01 -2.644182543310408029e+00
-1.167216721672170721e-01 -2.643483503744985086e+00
-1.161166116611664911e-01 -2.642785590453461619e+00
-1.155115511551159102e-01 -2.642088804525083212e+00
-1.149064906490653293e-01 -2.641393147049098111e+00
-1.143014301430147484e-01 -2.640698619114751899e+00
-1.136963696369641674e-01 -2.640005221811293268e+00
-1.130913091309135865e-01 -2.639312956227968687e+00
-1.124862486248630056e-01 -2.638621823454025073e+00
-1.118811881188124246e-01 -2.637931824578710227e+00
-1.112761276127618437e-01 -2.637242960691270621e+00
-1.106710671067112628e-01 -2.636555232880953614e+00
-1.100660066006606819e-01 -2.635868642237006121e+00
-1.094609460946096569e-01 -2.635183189848675944e+00
-1.088558855885590759e-01 -2.634498876805209999e+00
-1.082508250825084950e-01 -2.633815704195855201e+00
-1.076457645764579141e-01 -2.633133673109859352e+00
-1.070407040704073331e-01 -2.632452784636468479e+00
-1.064356435643567522e-01 -2.631773039864929942e+00
-1.058305830583061713e-01 -2.631094439884492431e+00
-1.052255225522555904e-01 -2.630416985784401085e+00
-1.046204620462050094e-01 -2.629740678653904151e+00
-1.040154015401544285e-01 -2.629065519582248101e+00
-1.034103410341038476e-01 -2.628391509658681180e+00
-1.028052805280532667e-01 -2.627718649972449416e+00
-1.022002200220026857e-01 -2.627046941612800612e+00
-1.015951595159521048e-01 -2.626376385668981239e+00
-1.009900990099015239e-01 -2.625706983230239100e+00
-1.003850385038509430e-01 -2.625038735385821109e+00
-9.977997799780036203e-02 -2.624371643224109540e+00
-9.917491749174978111e-02 -2.623705707791374575e+00
-9.856985698569920018e-02 -2.623040930073659016e+00
-9.796479647964817516e-02 -2.622377311052377813e+00
-9.735973597359759424e-02 -2.621714851708946359e+00
-9.675467546754701331e-02 -2.621053553024777827e+00
-9.614961496149643239e-02 -2.620393415981285834e+00
-9.554455445544585146e-02 -2.619734441559885330e+00
-9.493949394939527053e-02 -2.619076630741989042e+00
-9.433443344334468961e-02 -2.618419984509013698e+00
-9.372937293729410868e-02 -2.617764503842370249e+00
-9.312431243124352775e-02 -2.617110189723475422e+00
-9.251925192519294683e-02 -2.616457043133741500e+00
-9.191419141914236590e-02 -2.615805065054584766e+00
-9.130913091309178498e-02 -2.615154256467416616e+00
-9.070407040704120405e-02 -2.614504618353653331e+00
-9.009900990099062312e-02 -2.613856151694707641e+00
-8.949394939494004220e-02 -2.613208857471994051e+00
-8.888888888888946127e-02 -2.612562736666927510e+00
-8.828382838283888034e-02 -2.611917790260920746e+00
-8.767876787678829942e-02 -2.611274019235389154e+00
-8.707370737073727440e-02 -2.610631424571745463e+00
-8.646864686468669348e-02 -2.609990007251405064e+00
-8.586358635863611255e-02 -2.609349768255782021e+00
-8.525852585258553162e-02 -2.608710708566289505e+00
-8.465346534653495070e-02 -2.608072829164342021e+00
-8.404840484048436977e-02 -2.607436131031354520e+00
-8.344334433443378884e-02 -2.606800615148740174e+00
-8.283828382838320792e-02 -2.606166282497913045e+00
-8.223322332233262699e-02 -2.605533134060288081e+00
-8.162816281628204607e-02 -2.604901170817278011e+00
-8.102310231023146514e-02 -2.604270393750298673e+00
-8.041804180418088421e-02 -2.603640803840761908e+00
-7.981298129813030329e-02 -2.603012402070084441e+00
-7.920792079207972236e-02 -2.602385189419678557e+00
-7.860286028602914143e-02 -2.601759166870959650e+00
-7.799779977997856051e-02 -2.601134335405340448e+00
-7.739273927392797958e-02 -2.600510696004236344e+00
-7.678767876787739866e-02 -2.599888249649060068e+00
-7.618261826182681773e-02 -2.599266997321227457e+00
-7.557755775577579271e-02 -2.598646940002150796e+00
-7.497249724972521179e-02 -2.598028078673245034e+00
-7.436743674367463086e-02 -2.597410414315924676e+00
-7.376237623762404993e-02 -2.596793947911604228e+00
-7.315731573157346901e-02 -2.596178680441696418e+00
-7.255225522552288808e-02 -2.595564612887616640e+00
-7.194719471947230716e-02 -2.594951746230776735e+00
-7.134213421342172623e-02 -2.594340081452593871e+00
-7.073707370737114530e-02 -2.593729619534480779e+00
-7.013201320132056438e-02 -2.593120361457851519e+00
-6.952695269526998345e-02 -2.592512308204119709e+00
-6.892189218921940252e-02 -2.591905460754700741e+00
-6.831683168316882160e-02 -2.591299820091007788e+00
-6.771177117711824067e-02 -2.590695387194454469e+00
-6.710671067106765975e-02 -2.590092163046456175e+00
-6.650165016501707882e-02 -2.589490148628426525e+00
-6.589658965896649789e-02 -2.588889344921779134e+00
-6.529152915291591697e-02 -2.588289752907928065e+00
-6.468646864686489195e-02 -2.587691373568289155e+00
-6.408140814081431103e-02 -2.587094207884274688e+00
-6.347634763476373010e-02 -2.586498256837299170e+00
-6.287128712871314917e-02 -2.585903521408777106e+00
-6.226622662266256825e-02 -2.585310002580121669e+00
-6.166116611661198732e-02 -2.584717701332748252e+00
-6.105610561056140639e-02 -2.584126618648070917e+00
-6.045104510451082547e-02 -2.583536755507502392e+00
-5.984598459846024454e-02 -2.582948112892457626e+00
-5.924092409240966361e-02 -2.582360691784351570e+00
-5.863586358635908269e-02 -2.581774493164596507e+00
-5.803080308030850176e-02 -2.581189518014608275e+00
-5.742574257425792084e-02 -2.580605767315800492e+00
-5.682068206820733991e-02 -2.580023242049586774e+00
-5.621562156215675898e-02 -2.579441943197381626e+00
-5.561056105610617806e-02 -2.578861871740598666e+00
-5.500550055005559713e-02 -2.578283028660652842e+00
-5.440044004400501620e-02 -2.577705414938957773e+00
-5.379537953795443528e-02 -2.577129031556927075e+00
-5.319031903190341026e-02 -2.576553879495975696e+00
-5.258525852585282934e-02 -2.575979959737517255e+00
-5.198019801980224841e-02 -2.575407273262966257e+00
-5.137513751375166748e-02 -2.574835821053737206e+00
-5.077007700770108656e-02 -2.574265604091242832e+00
-5.016501650165050563e-02 -2.573696623356898527e+00
-4.955995599559992471e-02 -2.573128879832118798e+00
-4.895489548954934378e-02 -2.572562374498315929e+00
-4.834983498349876285e-02 -2.571997108336904425e+00
-4.774477447744818193e-02 -2.571433082329300124e+00
-4.713971397139760100e-02 -2.570870297456914866e+00
-4.653465346534702007e-02 -2.570308754701164489e+00
-4.592959295929643915e-02 -2.569748455043462165e+00
-4.532453245324585822e-02 -2.569189399465222845e+00
-4.471947194719527729e-02 -2.568631588947859701e+00
-4.411441144114469637e-02 -2.568075024472787682e+00
-4.350935093509411544e-02 -2.567519707021420849e+00
-4.290429042904353452e-02 -2.566965637575171932e+00
-4.229922992299250950e-02 -2.566412817115456324e+00
-4.169416941694192857e-02 -2.565861246623687641e+00
-4.108910891089134765e-02 -2.565310927081281278e+00
-4.048404840484076672e-02 -2.564761859469649519e+00
-3.987898789879018580e-02 -2.564214044770207312e+00
-3.927392739273960487e-02 -2.563667483964369165e+00
-3.866886688668902394e-02 -2.563122178033548693e+00
-3.806380638063844302e-02 -2.562578127959159957e+00
-3.745874587458786209e-02 -2.562035334722617463e+00
-3.685368536853728116e-02 -2.561493799305334829e+00
-3.624862486248670024e-02 -2.560953522688725670e+00
-3.564356435643611931e-02 -2.560414505854205380e+00
-3.503850385038553839e-02 -2.559876749783188021e+00
-3.443344334433495746e-02 -2.559340255457087210e+00
-3.382838283828437653e-02 -2.558805023857316563e+00
-3.322332233223379561e-02 -2.558271055965290586e+00
-3.261826182618321468e-02 -2.557738352762423339e+00
-3.201320132013263375e-02 -2.557206915230129773e+00
-3.140814081408205283e-02 -2.556676744349822616e+00
-3.080308030803102781e-02 -2.556147841102916818e+00
-3.019801980198044689e-02 -2.555620206470825995e+00
-2.959295929592986596e-02 -2.555093841434965984e+00
-2.898789878987928503e-02 -2.554568746976748184e+00
-2.838283828382870411e-02 -2.554044924077588430e+00
-2.777777777777812318e-02 -2.553522373718900340e+00
-2.717271727172754225e-02 -2.553001096882098864e+00
-2.656765676567696133e-02 -2.552481094548597174e+00
-2.596259625962638040e-02 -2.551962367699808443e+00
-2.535753575357579948e-02 -2.551444917317148953e+00
-2.475247524752521855e-02 -2.550928744382032320e+00
-2.414741474147463762e-02 -2.550413849875871275e+00
-2.354235423542405670e-02 -2.549900234780080766e+00
-2.293729372937347577e-02 -2.549387900076075297e+00
-2.233223322332289484e-02 -2.548876846745268931e+00
-2.172717271727231392e-02 -2.548367075769074397e+00
-2.112211221122173299e-02 -2.547858588128907531e+00
-2.051705170517115207e-02 -2.547351384806181951e+00
-1.991199119912012705e-02 -2.546845466782311718e+00
-1.930693069306954612e-02 -2.546340835038709560e+00
-1.870187018701896520e-02 -2.545837490556792204e+00
-1.809680968096838427e-02 -2.545335434317971490e+00
-1.749174917491780334e-02 -2.544834667303663700e+00
-1.688668866886722242e-02 -2.544335190495280674e+00
-1.628162816281664149e-02 -2.543837004874238250e+00
-1.567656765676606057e-02 -2.543340111421950045e+00
-1.507150715071547964e-02 -2.542844511119828788e+00
-1.446644664466489871e-02 -2.542350204949291204e+00
-1.386138613861431779e-02 -2.541857193891749134e+00
-1.325632563256373686e-02 -2.541365478928617971e+00
-1.265126512651315593e-02 -2.540875061041310889e+00
-1.204620462046257501e-02 -2.540385941211242393e+00
-1.144114411441199408e-02 -2.539898120419827876e+00
-1.083608360836141316e-02 -2.539411599648480067e+00
-1.023102310231083223e-02 -2.538926379878612138e+00
-9.625962596260251303e-03 -2.538442462091639484e+00
-9.020902090209670376e-03 -2.537959847268977498e+00
-8.415841584158645361e-03 -2.537478536392037132e+00
-7.810781078108064435e-03 -2.536998530442236000e+00
-7.205720572057483508e-03 -2.536519830400985498e+00
-6.600660066006902582e-03 -2.536042437249700576e+00
-5.995599559956321656e-03 -2.535566351969796184e+00
-5.390539053905740730e-03 -2.535091575542685050e+00
-4.785478547855159803e-03 -2.534618108949782123e+00
-4.180418041804578877e-03 -2.534145953172502796e+00
-3.575357535753997951e-03 -2.533675109192258024e+00
-2.970297029703417024e-03 -2.533205577990464530e+00
-2.365236523652836098e-03 -2.532737360548535044e+00
-1.760176017602255172e-03 -2.532270457847884071e+00
-1.155115511551674246e-03 -2.531804870869926560e+00
-5.500550055010933193e-04 -2.531340600596075241e+00
5.500550054993169624e-05 -2.530877648007744618e+00
6.600660066000685333e-04 -2.530416014086349641e+00
1.265126512651093549e-03 -2.529955699813304371e+00
1.870187018701230386e-03 -2.529496706170021980e+00
2.475247524752255401e-03 -2.529039034137916531e+00
3.080308030802392238e-03 -2.528582684698402971e+00
3.685368536853417254e-03 -2.528127658832894920e+00
4.290429042903554091e-03 -2.527673957522807324e+00
4.895489548954579107e-03 -2.527221581749552914e+00
5.500550055004715944e-03 -2.526770532494547084e+00
6.105610561055740959e-03 -2.526320810739202560e+00
6.710671067105877796e-03 -2.525872417464935626e+00
7.315731573156902812e-03 -2.525425353653157234e+00
7.920792079207927827e-03 -2.524979620285283666e+00
8.525852585258064664e-03 -2.524535218342728982e+00
9.130913091309089680e-03 -2.524092148806906799e+00
9.735973597359226517e-03 -2.523650412659232511e+00
1.034103410341025153e-02 -2.523210010881117071e+00
1.094609460946038837e-02 -2.522770944453978537e+00
1.155115511551141338e-02 -2.522333214359228304e+00
1.215621562156155022e-02 -2.521896821578282211e+00
1.276127612761257524e-02 -2.521461767092551653e+00
1.336633663366271207e-02 -2.521028051883454246e+00
1.397139713971373709e-02 -2.520595676932401386e+00
1.457645764576387393e-02 -2.520164643220809353e+00
1.518151815181489894e-02 -2.519734951730089989e+00
1.578657865786503578e-02 -2.519306603441658243e+00
1.639163916391606080e-02 -2.518879599336929065e+00
1.699669966996619763e-02 -2.518453940397316515e+00
1.760176017601722265e-02 -2.518029627604233767e+00
1.820682068206735948e-02 -2.517606661939095325e+00
1.881188118811838450e-02 -2.517185044383315251e+00
1.941694169416940952e-02 -2.516764775918307606e+00
2.002200220021954635e-02 -2.516345857525487784e+00
2.062706270627057137e-02 -2.515928290186268068e+00
2.123212321232070821e-02 -2.515512074882062965e+00
2.183718371837173322e-02 -2.515097212594286535e+00
2.244224422442187006e-02 -2.514683704304354617e+00
2.304730473047289507e-02 -2.514271550993679494e+00
2.365236523652303191e-02 -2.513860753643674784e+00
2.425742574257405693e-02 -2.513451313235756324e+00
2.486248624862419376e-02 -2.513043230751337731e+00
2.546754675467521878e-02 -2.512636507171831735e+00
2.607260726072535562e-02 -2.512231143478654616e+00
2.667766776677638063e-02 -2.511827140653219104e+00
2.728272827282651747e-02 -2.511424499676939703e+00
2.788778877887754248e-02 -2.511023221531230476e+00
2.849284928492767932e-02 -2.510623307197505927e+00
2.909790979097870434e-02 -2.510224757657179229e+00
2.970297029702884117e-02 -2.509827573891665775e+00
3.030803080307986619e-02 -2.509431756882377407e+00
3.091309130913089120e-02 -2.509037307610730405e+00
3.151815181518102804e-02 -2.508644227058139275e+00
3.212321232123205306e-02 -2.508252516206016303e+00
3.272827282728218989e-02 -2.507862176035776436e+00
3.333333333333321491e-02 -2.507473207528833292e+00
3.393839383938335175e-02 -2.507085611666602709e+00
3.454345434543437676e-02 -2.506699389430496971e+00
3.514851485148451360e-02 -2.506314541801930140e+00
3.575357535753553861e-02 -2.505931069762317165e+00
3.635863586358567545e-02 -2.505548974293072106e+00
3.696369636963670047e-02 -2.505168256375609026e+00
3.756875687568683730e-02 -2.504788916991341985e+00
3.817381738173786232e-02 -2.504410957121684600e+00
3.877887788778799916e-02 -2.504034377748052265e+00
3.938393839383902417e-02 -2.503659179851856820e+00
3.998899889988916101e-02 -2.503285364414515435e+00
4.059405940594018602e-02 -2.502912932417439507e+00
4.119911991199032286e-02 -2.502541884842044873e+00
4.180418041804134788e-02 -2.502172222669744706e+00
4.240924092409237289e-02 -2.501803946881953067e+00
4.301430143014250973e-02 -2.501437058460084906e+00
4.361936193619353475e-02 -2.501071558385553395e+00
4.422442244224367158e-02 -2.500707447639773928e+00
4.482948294829469660e-02 -2.500344727204159234e+00
4.543454345434483344e-02 -2.499983398060124262e+00
4.603960396039585845e-02 -2.499623461189082629e+00
4.664466446644599529e-02 -2.499264917572448397e+00
4.724972497249702030e-02 -2.498907768191636070e+00
4.785478547854715714e-02 -2.498552014028059709e+00
4.845984598459818216e-02 -2.498197656063133376e+00
4.906490649064831899e-02 -2.497844695278271576e+00
4.966996699669934401e-02 -2.497493132654887482e+00
5.027502750274948085e-02 -2.497142969174396043e+00
5.088008800880050586e-02 -2.496794205818210433e+00
5.148514851485064270e-02 -2.496446843567746043e+00
5.209020902090166771e-02 -2.496100883404416937e+00
5.269526952695269273e-02 -2.495756326309635842e+00
5.330033003300282957e-02 -2.495413173264816820e+00
5.390539053905385458e-02 -2.495071425251375263e+00
5.451045104510399142e-02 -2.494731083250725678e+00
5.511551155115501643e-02 -2.494392148244281238e+00
5.572057205720515327e-02 -2.494054621213455558e+00
5.632563256325617829e-02 -2.493718503139664033e+00
5.693069306930631512e-02 -2.493383795004319392e+00
5.753575357535734014e-02 -2.493050497788837028e+00
5.814081408140747698e-02 -2.492718612474630557e+00
5.874587458745850199e-02 -2.492388140043113598e+00
5.935093509350863883e-02 -2.492059081475700655e+00
5.995599559955966384e-02 -2.491731437753805789e+00
6.056105610560980068e-02 -2.491405209858844394e+00
6.116611661166082570e-02 -2.491080398772227422e+00
6.177117711771096253e-02 -2.490757005475372488e+00
6.237623762376198755e-02 -2.490435030949691431e+00
6.298129812981212439e-02 -2.490114476176599201e+00
6.358635863586314940e-02 -2.489795342137509415e+00
6.419141914191417442e-02 -2.489477629813837023e+00
6.479647964796431125e-02 -2.489161340186995641e+00
6.540154015401533627e-02 -2.488846474238399775e+00
6.600660066006547311e-02 -2.488533032949462598e+00
6.661166116611649812e-02 -2.488221017301599058e+00
6.721672167216663496e-02 -2.487910428276223662e+00
6.782178217821765998e-02 -2.487601266854748694e+00
6.842684268426779681e-02 -2.487293534018589991e+00
6.903190319031882183e-02 -2.486987230749161615e+00
6.963696369636895867e-02 -2.486682358027877182e+00
7.024202420241998368e-02 -2.486378916836149866e+00
7.084708470847012052e-02 -2.486076908155395504e+00
7.145214521452114553e-02 -2.485776332967026825e+00
7.205720572057128237e-02 -2.485477192252459666e+00
7.266226622662230739e-02 -2.485179486993106313e+00
7.326732673267244422e-02 -2.484883218170382158e+00
7.387238723872346924e-02 -2.484588386765699930e+00
7.447744774477360608e-02 -2.484294993760474579e+00
7.508250825082463109e-02 -2.484003040136120610e+00
7.568756875687565611e-02 -2.483712526874051640e+00
7.629262926292579294e-02 -2.483423454955682175e+00
7.689768976897681796e-02 -2.483135825362424942e+00
7.750275027502695480e-02 -2.482849639075697112e+00
7.810781078107797981e-02 -2.482564897076908750e+00
7.871287128712811665e-02 -2.482281600347477468e+00
7.931793179317914166e-02 -2.481999749868815108e+00
7.992299229922927850e-02 -2.481719346622337063e+00
8.052805280528030352e-02 -2.481440391589456507e+00
8.113311331133044035e-02 -2.481162885751588831e+00
8.173817381738146537e-02 -2.480886830090146322e+00
8.234323432343160221e-02 -2.480612225586545705e+00
8.294829482948262722e-02 -2.480339073222198820e+00
8.355335533553276406e-02 -2.480067373978520173e+00
8.415841584158378907e-02 -2.479797128836923825e+00
8.476347634763392591e-02 -2.479528338778825169e+00
8.536853685368495093e-02 -2.479261004785636935e+00
8.597359735973597594e-02 -2.478995127838774071e+00
8.657865786578611278e-02 -2.478730708919650194e+00
8.718371837183713779e-02 -2.478467749009678922e+00
8.778877887788727463e-02 -2.478206249090275204e+00
8.839383938393829965e-02 -2.477946210142853545e+00
8.899889988998843648e-02 -2.477687633148827562e+00
8.960396039603946150e-02 -2.477430519089610428e+00
9.020902090208959834e-02 -2.477174868946617092e+00
9.081408140814062335e-02 -2.476920683701262504e+00
9.141914191419076019e-02 -2.476667964334959837e+00
9.202420242024178521e-02 -2.476416711829122708e+00
9.262926292629192204e-02 -2.476166927165166953e+00
9.323432343234294706e-02 -2.475918611324503971e+00
9.383938393839308389e-02 -2.475671765288550930e+00
9.444444444444410891e-02 -2.475426390038720115e+00
9.504950495049424575e-02 -2.475182486556425587e+00
9.565456545654527076e-02 -2.474940055823081853e+00
9.625962596259540760e-02 -2.474699098820102972e+00
9.686468646864643262e-02 -2.474459616528903450e+00
9.746974697469745763e-02 -2.474221609930896904e+00
9.807480748074759447e-02 -2.473985080007497395e+00
9.867986798679861948e-02 -2.473750027740119872e+00
9.928492849284875632e-02 -2.473516454110177953e+00
9.988998899889978134e-02 -2.473284360099084367e+00
1.004950495049499182e-01 -2.473053746688255838e+00
1.011001100110009432e-01 -2.472824614859105097e+00
1.017051705170510800e-01 -2.472596965593046203e+00
1.023102310231021050e-01 -2.472370799871492775e+00
1.029152915291522419e-01 -2.472146118675860205e+00
1.035203520352032669e-01 -2.471922922987560778e+00
1.041254125412534037e-01 -2.471701213788011664e+00
1.047304730473044287e-01 -2.471480992058623816e+00
1.053355335533545656e-01 -2.471262258780812626e+00
1.059405940594055906e-01 -2.471045014935991713e+00
1.065456545654557274e-01 -2.470829261505576468e+00
1.071507150715067525e-01 -2.470614999470980067e+00
1.077557755775568893e-01 -2.470402229813617012e+00
1.083608360836079143e-01 -2.470190953514900034e+00
1.089658965896589393e-01 -2.469981171556245414e+00
1.095709570957090762e-01 -2.469772884919066325e+00
1.101760176017601012e-01 -2.469566094584775939e+00
1.107810781078102380e-01 -2.469360801534789207e+00
1.113861386138612630e-01 -2.469157006750521077e+00
1.119911991199113999e-01 -2.468954711213384279e+00
1.125962596259624249e-01 -2.468753915904792873e+00
1.132013201320125617e-01 -2.468554621806162697e+00
1.138063806380635867e-01 -2.468356829898906035e+00
1.144114411441137236e-01 -2.468160541164437838e+00
1.150165016501647486e-01 -2.467965756584173054e+00
1.156215621562148854e-01 -2.467772477139523968e+00
1.162266226622659104e-01 -2.467580703811905529e+00
1.168316831683160473e-01 -2.467390437582731355e+00
1.174367436743670723e-01 -2.467201679433416839e+00
1.180418041804172091e-01 -2.467014430345375153e+00
1.186468646864682341e-01 -2.466828691300019916e+00
1.192519251925183710e-01 -2.466644463278766519e+00
1.198569856985693960e-01 -2.466461747263028581e+00
1.204620462046204210e-01 -2.466280544234218830e+00
1.210671067106705578e-01 -2.466100855173753992e+00
1.216721672167215829e-01 -2.465922681063046795e+00
1.222772277227717197e-01 -2.465746022883511301e+00
1.228822882288227447e-01 -2.465570881616561572e+00
1.234873487348728816e-01 -2.465397258243612111e+00
1.240924092409239066e-01 -2.465225153746076536e+00
1.246974697469740434e-01 -2.465054569105368909e+00
1.253025302530250684e-01 -2.464885505302903734e+00
1.259075907590752053e-01 -2.464717963320094629e+00
1.265126512651262303e-01 -2.464551944138357431e+00
1.271177117711763671e-01 -2.464387448739103981e+00
1.277227722772273921e-01 -2.464224478103749671e+00
1.283278327832775290e-01 -2.464063033213708120e+00
1.289328932893285540e-01 -2.463903115050393389e+00
1.295379537953786908e-01 -2.463744724595220426e+00
1.301430143014297158e-01 -2.463587862829601960e+00
1.307480748074807408e-01 -2.463432530734952941e+00
1.313531353135308777e-01 -2.463278729292688318e+00
1.319581958195819027e-01 -2.463126459484220376e+00
1.325632563256320395e-01 -2.462975722290964953e+00
1.331683168316830645e-01 -2.462826518694334776e+00
1.337733773377332014e-01 -2.462678849675743908e+00
1.343784378437842264e-01 -2.462532716216607742e+00
1.349834983498343632e-01 -2.462388119298340339e+00
1.355885588558853883e-01 -2.462245059902354427e+00
1.361936193619355251e-01 -2.462103539010064956e+00
1.367986798679865501e-01 -2.461963557602886432e+00
1.374037403740366869e-01 -2.461825116662231583e+00
1.380088008800877120e-01 -2.461688217169517134e+00
1.386138613861378488e-01 -2.461552860106154039e+00
1.392189218921888738e-01 -2.461419046453558135e+00
1.398239823982390106e-01 -2.461286777193143482e+00
1.404290429042900357e-01 -2.461156053306324587e+00
1.410341034103401725e-01 -2.461026875774514178e+00
1.416391639163911975e-01 -2.460899245579126760e+00
1.422442244224422225e-01 -2.460773163701578170e+00
1.428492849284923594e-01 -2.460648631123280694e+00
1.434543454345433844e-01 -2.460525648825648393e+00
1.440594059405935212e-01 -2.460404217790096215e+00
1.446644664466445462e-01 -2.460284338998039111e+00
1.452695269526946831e-01 -2.460166013430888476e+00
1.458745874587457081e-01 -2.460049242070061037e+00
1.464796479647958449e-01 -2.459934025896969523e+00
1.470847084708468699e-01 -2.459820365893028882e+00
1.476897689768970068e-01 -2.459708263039651843e+00
1.482948294829480318e-01 -2.459597718318254245e+00
1.488998899889981686e-01 -2.459488732710249259e+00
1.495049504950491936e-01 -2.459381307197050948e+00
1.501100110010993305e-01 -2.459275442760073371e+00
1.507150715071503555e-01 -2.459171140380731480e+00
1.513201320132004923e-01 -2.459068401040438001e+00
1.519251925192515174e-01 -2.458967225720608774e+00
1.525302530253016542e-01 -2.458867615402656526e+00
1.531353135313526792e-01 -2.458769571067995763e+00
1.537403740374037042e-01 -2.458673093698040990e+00
1.543454345434538411e-01 -2.458578184274205825e+00
1.549504950495048661e-01 -2.458484843777904327e+00
1.555555555555550029e-01 -2.458393073190551448e+00
1.561606160616060279e-01 -2.458302873493560359e+00
1.567656765676561648e-01 -2.458214245668345566e+00
1.573707370737071898e-01 -2.458127190696321129e+00
1.579757975797573266e-01 -2.458041709558900223e+00
1.585808580858083516e-01 -2.457957803237499128e+00
1.591859185918584885e-01 -2.457875472713530129e+00
1.597909790979095135e-01 -2.457794718968408176e+00
1.603960396039596503e-01 -2.457715542983547330e+00
1.610011001100106753e-01 -2.457637945740360319e+00
1.616061606160608122e-01 -2.457561928220263425e+00
1.622112211221118372e-01 -2.457487491404670266e+00
1.628162816281619740e-01 -2.457414636274992681e+00
1.634213421342129990e-01 -2.457343363812649173e+00
1.640264026402631359e-01 -2.457273674999049362e+00
1.646314631463141609e-01 -2.457205570815609530e+00
1.652365236523651859e-01 -2.457139052243743294e+00
1.658415841584153227e-01 -2.457074120264865602e+00
1.664466446644663478e-01 -2.457010775860389629e+00
1.670517051705164846e-01 -2.456949020011729878e+00
1.676567656765675096e-01 -2.456888853700299968e+00
1.682618261826176465e-01 -2.456830277907515736e+00
1.688668866886686715e-01 -2.456773293614789466e+00
1.694719471947188083e-01 -2.456717901803534332e+00
1.700770077007698333e-01 -2.456664103455167059e+00
1.706820682068199702e-01 -2.456611899551100375e+00
1.712871287128709952e-01 -2.456561291072749675e+00
1.718921892189211320e-01 -2.456512279001527244e+00
1.724972497249721570e-01 -2.456464864318847585e+00
1.731023102310222939e-01 -2.456419048006125205e+00
1.737073707370733189e-01 -2.456374831044775053e+00
1.743124312431234557e-01 -2.456332214416209414e+00
1.749174917491744807e-01 -2.456291199101844125e+00
1.755225522552255057e-01 -2.456251786083092359e+00
1.761276127612756426e-01 -2.456213976341368177e+00
1.767326732673266676e-01 -2.456177770858086085e+00
1.773377337733768044e-01 -2.456143170614660587e+00
1.779427942794278295e-01 -2.456110176592504413e+00
1.785478547854779663e-01 -2.456078789773033400e+00
1.791529152915289913e-01 -2.456049011137660720e+00
1.797579757975791281e-01 -2.456020841667799992e+00
1.803630363036301532e-01 -2.455994282344865720e+00
1.809680968096802900e-01 -2.455969334150272410e+00
1.815731573157313150e-01 -2.455945998065434122e+00
1.821782178217814518e-01 -2.455924275071765361e+00
1.827832783278324769e-01 -2.455904166150678414e+00
1.833883388338826137e-01 -2.455885672283589560e+00
1.839933993399336387e-01 -2.455868794451911974e+00
1.845984598459837756e-01 -2.455853533637059716e+00
1.852035203520348006e-01 -2.455839890820446847e+00
1.858085808580849374e-01 -2.455827866983486985e+00
1.864136413641359624e-01 -2.455817463107596410e+00
1.870187018701869874e-01 -2.455808680174186964e+00
1.876237623762371243e-01 -2.455801519164673152e+00
1.882288228822881493e-01 -2.455795981060469479e+00
1.888338833883382861e-01 -2.455792066842990451e+00
1.894389438943893111e-01 -2.455789777493650128e+00
1.900440044004394480e-01 -2.455789113993862127e+00
1.906490649064904730e-01 -2.455790077325039178e+00
1.912541254125406098e-01 -2.455792668468598450e+00
1.918591859185916348e-01 -2.455796888405952227e+00
1.924642464246417717e-01 -2.455802738118515016e+00
1.930693069306927967e-01 -2.455810218587700433e+00
1.936743674367429335e-01 -2.455819330794922983e+00
1.942794279427939586e-01 -2.455830075721596284e+00
1.948844884488440954e-01 -2.455842454349136172e+00
1.954895489548951204e-01 -2.455856467658954045e+00
1.960946094609452572e-01 -2.455872116632466629e+00
1.966996699669962823e-01 -2.455889402251086651e+00
1.973047304730464191e-01 -2.455908325496228173e+00
1.979097909790974441e-01 -2.455928887349306144e+00
1.985148514851484691e-01 -2.455951088791733294e+00
1.991199119911986060e-01 -2.455974930804925460e+00
1.997249724972496310e-01 -2.456000414370294926e+00
2.003300330032997678e-01 -2.456027540300048440e+00
2.009350935093507928e-01 -2.456056306234496223e+00
2.015401540154009297e-01 -2.456086706996928104e+00
2.021452145214519547e-01 -2.456118737312711797e+00
2.027502750275020915e-01 -2.456152391907213683e+00
2.033553355335531165e-01 -2.456187665505800144e+00
2.039603960396032534e-01 -2.456224552833839336e+00
2.045654565456542784e-01 -2.456263048616697642e+00
2.051705170517044152e-01 -2.456303147579742330e+00
2.057755775577554402e-01 -2.456344844448339781e+00
2.063806380638055771e-01 -2.456388133947857710e+00
2.069856985698566021e-01 -2.456433010803662942e+00
2.075907590759067389e-01 -2.456479469741122745e+00
2.081958195819577639e-01 -2.456527505485603946e+00
2.088008800880087890e-01 -2.456577112762473369e+00
2.094059405940589258e-01 -2.456628286297098285e+00
2.100110011001099508e-01 -2.456681020814845517e+00
2.106160616061600876e-01 -2.456735311041081893e+00
2.112211221122111127e-01 -2.456791151701174680e+00
2.118261826182612495e-01 -2.456848537520491593e+00
2.124312431243122745e-01 -2.456907463224397681e+00
2.130363036303624114e-01 -2.456967923538261545e+00
2.136413641364134364e-01 -2.457029913187450454e+00
2.142464246424635732e-01 -2.457093426897330346e+00
2.148514851485145982e-01 -2.457158459393268490e+00
2.154565456545647351e-01 -2.457225005400633489e+00
2.160616061606157601e-01 -2.457293059644789945e+00
2.166666666666658969e-01 -2.457362616851106463e+00
2.172717271727169219e-01 -2.457433671744948533e+00
2.178767876787670588e-01 -2.457506219051685203e+00
2.184818481848180838e-01 -2.457580253496682854e+00
2.190869086908682206e-01 -2.457655769805306978e+00
2.196919691969192456e-01 -2.457732762702926177e+00
2.202970297029702706e-01 -2.457811226914906833e+00
2.209020902090204075e-01 -2.457891157166616214e+00
2.215071507150714325e-01 -2.457972548183421591e+00
2.221122112211215693e-01 -2.458055394690689344e+00
2.227172717271725944e-01 -2.458139691413786743e+00
2.233223322332227312e-01 -2.458225433078081501e+00
2.239273927392737562e-01 -2.458312614408939112e+00
2.245324532453238930e-01 -2.458401230131728177e+00
2.251375137513749181e-01 -2.458491274971814189e+00
2.257425742574250549e-01 -2.458582743654565306e+00
2.263476347634760799e-01 -2.458675630905348353e+00
2.269526952695262167e-01 -2.458769931449530155e+00
2.275577557755772418e-01 -2.458865640012477982e+00
2.281628162816273786e-01 -2.458962751319558215e+00
2.287678767876784036e-01 -2.459061260096139012e+00
2.293729372937285405e-01 -2.459161161067585866e+00
2.299779977997795655e-01 -2.459262448959267378e+00
2.305830583058297023e-01 -2.459365118496549041e+00
2.311881188118807273e-01 -2.459469164404798569e+00
2.317931793179317523e-01 -2.459574581409383676e+00
2.323982398239818892e-01 -2.459681364235670742e+00
2.330033003300329142e-01 -2.459789507609026593e+00
2.336083608360830510e-01 -2.459899006254817611e+00
2.342134213421340760e-01 -2.460009854898412396e+00
2.348184818481842129e-01 -2.460122048265176886e+00
2.354235423542352379e-01 -2.460235581080479239e+00
2.360286028602853747e-01 -2.460350448069684504e+00
2.366336633663363997e-01 -2.460466643958161281e+00
2.372387238723865366e-01 -2.460584163471276398e+00
2.378437843784375616e-01 -2.460703001334396234e+00
2.384488448844876984e-01 -2.460823152272888059e+00
2.390539053905387235e-01 -2.460944611012119587e+00
2.396589658965888603e-01 -2.461067372277456311e+00
2.402640264026398853e-01 -2.461191430794266832e+00
2.408690869086900221e-01 -2.461316781287917088e+00
2.414741474147410472e-01 -2.461443418483775236e+00
2.420792079207911840e-01 -2.461571337107206769e+00
2.426842684268422090e-01 -2.461700531883579846e+00
2.432893289328932340e-01 -2.461830997538261290e+00
2.438943894389433709e-01 -2.461962728796617483e+00
2.444994499449943959e-01 -2.462095720384016584e+00
2.451045104510445327e-01 -2.462229967025824084e+00
2.457095709570955577e-01 -2.462365463447409475e+00
2.463146314631456946e-01 -2.462502204374136472e+00
2.469196919691967196e-01 -2.462640184531374565e+00
2.475247524752468564e-01 -2.462779398644488804e+00
2.481298129812978814e-01 -2.462919841438849122e+00
2.487348734873480183e-01 -2.463061507639819681e+00
2.493399339933990433e-01 -2.463204391972769081e+00
2.499449944994491801e-01 -2.463348489163064148e+00
2.505500550055002051e-01 -2.463493793936070375e+00
2.511551155115503420e-01 -2.463640301017157253e+00
2.517601760176013670e-01 -2.463788005131689829e+00
2.523652365236515038e-01 -2.463936901005036262e+00
2.529702970297025288e-01 -2.464086983362563377e+00
2.535753575357535539e-01 -2.464238246929637555e+00
2.541804180418036907e-01 -2.464390686431626509e+00
2.547854785478547157e-01 -2.464544296593896622e+00
2.553905390539048526e-01 -2.464699072141815162e+00
2.559955995599558776e-01 -2.464855007800750286e+00
2.566006600660060144e-01 -2.465012098296066601e+00
2.572057205720570394e-01 -2.465170338353132706e+00
2.578107810781071763e-01 -2.465329722697315873e+00
2.584158415841582013e-01 -2.465490246053982482e+00
2.590209020902083381e-01 -2.465651903148499358e+00
2.596259625962593631e-01 -2.465814688706235103e+00
2.602310231023095000e-01 -2.465978597452554322e+00
2.608360836083605250e-01 -2.466143624112825172e+00
2.614411441144106618e-01 -2.466309763412414480e+00
2.620462046204616868e-01 -2.466477010076690846e+00
2.626512651265118237e-01 -2.466645358831018875e+00
2.632563256325628487e-01 -2.466814804400766725e+00
2.638613861386129855e-01 -2.466985341511301222e+00
2.644664466446640105e-01 -2.467156964887990078e+00
2.650715071507150356e-01 -2.467329669256198788e+00
2.656765676567651724e-01 -2.467503449341295951e+00
2.662816281628161974e-01 -2.467678299868647951e+00
2.668866886688663342e-01 -2.467854215563621612e+00
2.674917491749173593e-01 -2.468031191151583759e+00
2.680968096809674961e-01 -2.468209221357901662e+00
2.687018701870185211e-01 -2.468388300907943034e+00
2.693069306930686579e-01 -2.468568424527073812e+00
2.699119911991196830e-01 -2.468749586940661267e+00
2.705170517051698198e-01 -2.468931782874073555e+00
2.711221122112208448e-01 -2.469115007052675725e+00
2.717271727172709817e-01 -2.469299254201836380e+00
2.723322332233220067e-01 -2.469484519046922344e+00
2.729372937293721435e-01 -2.469670796313299554e+00
2.735423542354231685e-01 -2.469858080726336169e+00
2.741474147414733054e-01 -2.470046367011398569e+00
2.747524752475243304e-01 -2.470235649893854024e+00
2.753575357535744672e-01 -2.470425924099069359e+00
2.759625962596254922e-01 -2.470617184352411844e+00
2.765676567656765172e-01 -2.470809425379248747e+00
2.771727172717266541e-01 -2.471002641904946895e+00
2.777777777777776791e-01 -2.471196828654871780e+00
2.783828382838278159e-01 -2.471391980354392448e+00
2.789878987898788409e-01 -2.471588091728876169e+00
2.795929592959289778e-01 -2.471785157503687547e+00
2.801980198019800028e-01 -2.471983172404196516e+00
2.808030803080301396e-01 -2.472182131155767237e+00
2.814081408140811646e-01 -2.472382028483769645e+00
2.820132013201313015e-01 -2.472582859113568343e+00
2.826182618261823265e-01 -2.472784617770531046e+00
2.832233223322324633e-01 -2.472987299180024579e+00
2.838283828382834884e-01 -2.473190898067417098e+00
2.844334433443336252e-01 -2.473395409158074987e+00
2.850385038503846502e-01 -2.473600827177365069e+00
2.856435643564347870e-01 -2.473807146850654171e+00
2.862486248624858121e-01 -2.474014362903309117e+00
2.868536853685368371e-01 -2.474222470060698509e+00
2.874587458745869739e-01 -2.474431463048187840e+00
2.880638063806379989e-01 -2.474641336591143936e+00
2.886688668866881358e-01 -2.474852085414934955e+00
2.892739273927391608e-01 -2.475063704244927276e+00
2.898789878987892976e-01 -2.475276187806488171e+00
2.904840484048403226e-01 -2.475489530824984019e+00
2.910891089108904595e-01 -2.475703728025782091e+00
2.916941694169414845e-01 -2.475918774134250988e+00
2.922992299229916213e-01 -2.476134663875754871e+00
2.929042904290426463e-01 -2.476351391975662786e+00
2.935093509350927832e-01 -2.476568953159340225e+00
2.941144114411438082e-01 -2.476787342152156235e+00
2.947194719471939450e-01 -2.477006553679476308e+00
2.953245324532449700e-01 -2.477226582466668603e+00
2.959295929592951069e-01 -2.477447423239099056e+00
2.965346534653461319e-01 -2.477669070722134936e+00
2.971397139713962687e-01 -2.477891519641142182e+00
2.977447744774472937e-01 -2.478114764721491170e+00
2.983498349834983188e-01 -2.478338800688546062e+00
2.989548954895484556e-01 -2.478563622267673683e+00
2.995599559955994806e-01 -2.478789224184242634e+00
3.001650165016496175e-01 -2.479015601163619298e+00
3.007700770077006425e-01 -2.479242747931170943e+00
3.013751375137507793e-01 -2.479470659212263506e+00
3.019801980198018043e-01 -2.479699329732265145e+00
3.025852585258519412e-01 -2.479928754216543130e+00
3.031903190319029662e-01 -2.480158927390462065e+00
3.037953795379531030e-01 -2.480389843979391884e+00
3.044004400440041280e-01 -2.480621498708698969e+00
3.050055005500542649e-01 -2.480853886303748812e+00
3.056105610561052899e-01 -2.481087001489910016e+00
3.062156215621554267e-01 -2.481320838992548961e+00
3.068206820682064517e-01 -2.481555393537032028e+00
3.074257425742565886e-01 -2.481790659848727376e+00
3.080308030803076136e-01 -2.482026632653003606e+00
3.086358635863577504e-01 -2.482263306675222658e+00
3.092409240924087754e-01 -2.482500676640755799e+00
3.098459845984598005e-01 -2.482738737274968965e+00
3.104510451045099373e-01 -2.482977483303228539e+00
3.110561056105609623e-01 -2.483216909450902676e+00
3.116611661166110991e-01 -2.483457010443357316e+00
3.122662266226621242e-01 -2.483697781005960170e+00
3.128712871287122610e-01 -2.483939215864077621e+00
3.134763476347632860e-01 -2.484181309743077826e+00
3.140814081408134228e-01 -2.484424057368326277e+00
3.146864686468644479e-01 -2.484667453465191134e+00
3.152915291529145847e-01 -2.484911492759038332e+00
3.158965896589656097e-01 -2.485156169975236473e+00
3.165016501650157466e-01 -2.485401479839150607e+00
3.171067106710667716e-01 -2.485647417076149335e+00
3.177117711771169084e-01 -2.485893976411600370e+00
3.183168316831679334e-01 -2.486141152570868318e+00
3.189218921892180703e-01 -2.486388940279320892e+00
3.195269526952690953e-01 -2.486637334262326249e+00
3.201320132013192321e-01 -2.486886329245250771e+00
3.207370737073702571e-01 -2.487135919953461283e+00
3.213421342134212821e-01 -2.487386101112325942e+00
3.219471947194714190e-01 -2.487636867447209355e+00
3.225522552255224440e-01 -2.487888213683480565e+00
3.231573157315725808e-01 -2.488140134546505511e+00
3.237623762376236058e-01 -2.488392624761652794e+00
3.243674367436737427e-01 -2.488645679054287463e+00
3.249724972497247677e-01 -2.488899292149778120e+00
3.255775577557749045e-01 -2.489153458773490257e+00
3.261826182618259296e-01 -2.489408173650792477e+00
3.267876787678760664e-01 -2.489663431507049829e+00
3.273927392739270914e-01 -2.489919227067631802e+00
3.279977997799772282e-01 -2.490175555057903445e+00
3.286028602860282533e-01 -2.490432410203232916e+00
3.292079207920783901e-01 -2.490689787228986596e+00
3.298129812981294151e-01 -2.490947680860530866e+00
3.304180418041795519e-01 -2.491206085823234329e+00
3.310231023102305770e-01 -2.491464996842463364e+00
3.316281628162816020e-01 -2.491724408643585242e+00
3.322332233223317388e-01 -2.491984315951965456e+00
3.328382838283827638e-01 -2.492244713492973052e+00
3.334433443344329007e-01 -2.492505595991973077e+00
3.340484048404839257e-01 -2.492766958174334135e+00
3.346534653465340625e-01 -2.493028794765423051e+00
3.352585258525850875e-01 -2.493291100490606649e+00
3.358635863586352244e-01 -2.493553870075250867e+00
3.364686468646862494e-01 -2.493817098244724306e+00
3.370737073707363862e-01 -2.494080779724392904e+00
3.376787678767874112e-01 -2.494344909239624375e+00
3.382838283828375481e-01 -2.494609481515785987e+00
3.388888888888885731e-01 -2.494874491278243234e+00
3.394939493949387099e-01 -2.495139933252364717e+00
3.400990099009897349e-01 -2.495405802163516817e+00
3.407040704070398718e-01 -2.495672092737065917e+00
3.413091309130908968e-01 -2.495938799698380617e+00
3.419141914191410336e-01 -2.496205917772826854e+00
3.425192519251920586e-01 -2.496473441685771899e+00
3.431243124312430837e-01 -2.496741366162582132e+00
3.437293729372932205e-01 -2.497009685928625267e+00
3.443344334433442455e-01 -2.497278395709268572e+00
3.449394939493943824e-01 -2.497547490229878431e+00
3.455445544554454074e-01 -2.497816964215821667e+00
3.461496149614955442e-01 -2.498086812392465994e+00
3.467546754675465692e-01 -2.498357029485178238e+00
3.473597359735967061e-01 -2.498627610219324779e+00
3.479647964796477311e-01 -2.498898549320274221e+00
3.485698569856978679e-01 -2.499169841513392054e+00
3.491749174917488929e-01 -2.499441481524045994e+00
3.497799779977990298e-01 -2.499713464077601976e+00
3.503850385038500548e-01 -2.499985783899429048e+00
3.509900990099001916e-01 -2.500258435714891814e+00
3.515951595159512166e-01 -2.500531414249359319e+00
3.522002200220013535e-01 -2.500804714228197501e+00
3.528052805280523785e-01 -2.501078330376773629e+00
3.534103410341025153e-01 -2.501352257420454528e+00
3.540154015401535403e-01 -2.501626490084607912e+00
3.546204620462045654e-01 -2.501901023094601051e+00
3.552255225522547022e-01 -2.502175851175798993e+00
3.558305830583057272e-01 -2.502450969053570340e+00
3.564356435643558640e-01 -2.502726371453281473e+00
3.570407040704068891e-01 -2.503002053100299662e+00
3.576457645764570259e-01 -2.503278008719992176e+00
3.582508250825080509e-01 -2.503554233037725840e+00
3.588558855885581877e-01 -2.503830720778867480e+00
3.594609460946092128e-01 -2.504107466668785698e+00
3.600660066006593496e-01 -2.504384465432844209e+00
3.606710671067103746e-01 -2.504661711796412060e+00
3.612761276127605115e-01 -2.504939200484856521e+00
3.618811881188115365e-01 -2.505216926223544860e+00
3.624862486248616733e-01 -2.505494883737842571e+00
3.630913091309126983e-01 -2.505773067753117811e+00
3.636963696369628352e-01 -2.506051472994736518e+00
3.643014301430138602e-01 -2.506330094188067292e+00
3.649064906490639970e-01 -2.506608926058476516e+00
3.655115511551150220e-01 -2.506887963331330571e+00
3.661166116611660470e-01 -2.507167200731997170e+00
3.667216721672161839e-01 -2.507446632985843138e+00
3.673267326732672089e-01 -2.507726254818235301e+00
3.679317931793173457e-01 -2.508006060954540484e+00
3.685368536853683707e-01 -2.508286046120126844e+00
3.691419141914185076e-01 -2.508566205040359876e+00
3.697469746974695326e-01 -2.508846532440607291e+00
3.703520352035196694e-01 -2.509127023046236804e+00
3.709570957095706945e-01 -2.509407671582614796e+00
3.715621562156208313e-01 -2.509688472775107204e+00
3.721672167216718563e-01 -2.509969421349083074e+00
3.727722772277219931e-01 -2.510250512029907899e+00
3.733773377337730182e-01 -2.510531739542948948e+00
3.739823982398231550e-01 -2.510813098613573935e+00
3.745874587458741800e-01 -2.511094583967149241e+00
3.751925192519243168e-01 -2.511376190329042135e+00
3.757975797579753419e-01 -2.511657912424619887e+00
3.764026402640263669e-01 -2.511939744979249323e+00
3.770077007700765037e-01 -2.512221682718296822e+00
3.776127612761275287e-01 -2.512503720367130544e+00
3.782178217821776656e-01 -2.512785852651115981e+00
3.788228822882286906e-01 -2.513068074295621734e+00
3.794279427942788274e-01 -2.513350380026013298e+00
3.800330033003298524e-01 -2.513632764567659716e+00
3.806380638063799893e-01 -2.513915222645926040e+00
3.812431243124310143e-01 -2.514197748986179981e+00
3.818481848184811511e-01 -2.514480338313788810e+00
3.824532453245321761e-01 -2.514762985354119795e+00
3.830583058305823130e-01 -2.515045684832538875e+00
3.836633663366333380e-01 -2.515328431474414206e+00
3.842684268426834748e-01 -2.515611220005112170e+00
3.848734873487344998e-01 -2.515894045149999592e+00
3.854785478547846367e-01 -2.516176901634444185e+00
3.860836083608356617e-01 -2.516459784183813220e+00
3.866886688668857985e-01 -2.516742687523471300e+00
3.872937293729368236e-01 -2.517025606378788360e+00
3.878987898789878486e-01 -2.517308535475130782e+00
3.885038503850379854e-01 -2.517591469537864057e+00
3.891089108910890104e-01 -2.517874403292356789e+00
3.897139713971391473e-01 -2.518157331463974913e+00
3.903190319031901723e-01 -2.518440248778087032e+00
3.909240924092403091e-01 -2.518723149960057750e+00
3.915291529152913341e-01 -2.519006029735255670e+00
3.921342134213414710e-01 -2.519288882829048060e+00
3.927392739273924960e-01 -2.519571703966801746e+00
3.933443344334426328e-01 -2.519854487873882665e+00
3.939493949394936578e-01 -2.520137229275659418e+00
3.945544554455437947e-01 -2.520419922897497500e+00
3.951595159515948197e-01 -2.520702563464764179e+00
3.957645764576449565e-01 -2.520985145702828056e+00
3.963696369636959815e-01 -2.521267664337053738e+00
3.969746974697461184e-01 -2.521550114092810269e+00
3.975797579757971434e-01 -2.521832489695464474e+00
3.981848184818472802e-01 -2.522114785870381848e+00
3.987898789878983052e-01 -2.522396997342930547e+00
3.993949394939493303e-01 -2.522679118838477841e+00
3.999999999999994671e-01 -2.522961145082390111e+00
4.006050605060504921e-01 -2.523243070800034182e+00
4.012101210121006289e-01 -2.523524890716777769e+00
4.018151815181516540e-01 -2.523806599557987695e+00
4.024202420242017908e-01 -2.524088192049030344e+00
4.030253025302528158e-01 -2.524369662915273427e+00
4.036303630363029527e-01 -2.524651006882083770e+00
4.042354235423539777e-01 -2.524932218674829087e+00
4.048404840484041145e-01 -2.525213293018874428e+00
4.054455445544551395e-01 -2.525494224639589280e+00
4.060506050605052764e-01 -2.525775008262337806e+00
4.066556655665563014e-01 -2.526055638612490828e+00
4.072607260726064382e-01 -2.526336110415411618e+00
4.078657865786574632e-01 -2.526616418396469665e+00
4.084708470847076001e-01 -2.526896557281030020e+00
4.090759075907586251e-01 -2.527176521794462616e+00
4.096809680968096501e-01 -2.527456306662130725e+00
4.102860286028597869e-01 -2.527735906609404282e+00
4.108910891089108119e-01 -2.528015316361648779e+00
4.114961496149609488e-01 -2.528294530644231930e+00
4.121012101210119738e-01 -2.528573544182521005e+00
4.127062706270621106e-01 -2.528852351701881496e+00
4.133113311331131356e-01 -2.529130947927682005e+00
4.139163916391632725e-01 -2.529409327585288914e+00
4.145214521452142975e-01 -2.529687485400069935e+00
4.151265126512644343e-01 -2.529965416097391007e+00
4.157315731573154594e-01 -2.530243114402619842e+00
4.163366336633655962e-01 -2.530520575041122822e+00
4.169416941694166212e-01 -2.530797792738268104e+00
4.175467546754667580e-01 -2.531074762219420737e+00
4.181518151815177831e-01 -2.531351478209950656e+00
4.187568756875679199e-01 -2.531627935435222465e+00
4.193619361936189449e-01 -2.531904128620603434e+00
4.199669966996690817e-01 -2.532180052491461275e+00
4.205720572057201068e-01 -2.532455701773163259e+00
4.211771177117711318e-01 -2.532731071191076211e+00
4.217821782178212686e-01 -2.533006155470565623e+00
4.223872387238722936e-01 -2.533280949337000543e+00
4.229922992299224305e-01 -2.533555447515747350e+00
4.235973597359734555e-01 -2.533829644732172870e+00
4.242024202420235923e-01 -2.534103535711643929e+00
4.248074807480746173e-01 -2.534377115179528239e+00
4.254125412541247542e-01 -2.534650377861191739e+00
4.260176017601757792e-01 -2.534923318482002585e+00
4.266226622662259160e-01 -2.535195931767326272e+00
4.272277227722769410e-01 -2.535468212442531843e+00
4.278327832783270779e-01 -2.535740155232984794e+00
4.284378437843781029e-01 -2.536011754864052836e+00
4.290429042904282397e-01 -2.536283006061102796e+00
4.296479647964792647e-01 -2.536553903549501499e+00
4.302530253025294016e-01 -2.536824442054616213e+00
4.308580858085804266e-01 -2.537094616301813765e+00
4.314631463146305634e-01 -2.537364421016461424e+00
4.320682068206815885e-01 -2.537633850923926015e+00
4.326732673267326135e-01 -2.537902900749574808e+00
4.332783278327827503e-01 -2.538171565218774184e+00
4.338833883388337753e-01 -2.538439839056892300e+00
4.344884488448839122e-01 -2.538707716989294205e+00
4.350935093509349372e-01 -2.538975193741349390e+00
4.356985698569850740e-01 -2.539242264038422459e+00
4.363036303630360990e-01 -2.539508922605882457e+00
4.369086908690862359e-01 -2.539775164169095323e+00
4.375137513751372609e-01 -2.540040983453428325e+00
4.381188118811873977e-01 -2.540306375184248733e+00
4.387238723872384227e-01 -2.540571334086922928e+00
4.393289328932885596e-01 -2.540835854886818623e+00
4.399339933993395846e-01 -2.541099932309301757e+00
4.405390539053897214e-01 -2.541363561079740041e+00
4.411441144114407464e-01 -2.541626735923501634e+00
4.417491749174908833e-01 -2.541889451565951585e+00
4.423542354235419083e-01 -2.542151702732458496e+00
4.429592959295920451e-01 -2.542413484148387859e+00
4.435643564356430701e-01 -2.542674790539107388e+00
4.441694169416940952e-01 -2.542935616629984796e+00
4.447744774477442320e-01 -2.543195957146386021e+00
4.453795379537952570e-01 -2.543455806813679221e+00
4.459845984598453938e-01 -2.543715160357229887e+00
4.465896589658964189e-01 -2.543974012502406623e+00
4.471947194719465557e-01 -2.544232357974574921e+00
4.477997799779975807e-01 -2.544490191499103826e+00
4.484048404840477176e-01 -2.544747507801357944e+00
4.490099009900987426e-01 -2.545004301606706321e+00
4.496149614961488794e-01 -2.545260567640514449e+00
4.502200220021999044e-01 -2.545516300628150042e+00
4.508250825082500413e-01 -2.545771495294980813e+00
4.514301430143010663e-01 -2.546026146366372256e+00
4.520352035203512031e-01 -2.546280248567692084e+00
4.526402640264022281e-01 -2.546533796624307566e+00
4.532453245324523650e-01 -2.546786785261585528e+00
4.538503850385033900e-01 -2.547039209204893684e+00
4.544554455445544150e-01 -2.547291063179598858e+00
4.550605060506045518e-01 -2.547542341911065655e+00
4.556655665566555768e-01 -2.547793040124664010e+00
4.562706270627057137e-01 -2.548043152545759860e+00
4.568756875687567387e-01 -2.548292673899720917e+00
4.574807480748068755e-01 -2.548541598911912676e+00
4.580858085808579006e-01 -2.548789922307702849e+00
4.586908690869080374e-01 -2.549037638812459594e+00
4.592959295929590624e-01 -2.549284743151547961e+00
4.599009900990091992e-01 -2.549531230050336994e+00
4.605060506050602243e-01 -2.549777094234192631e+00
4.611111111111103611e-01 -2.550022330428481254e+00
4.617161716171613861e-01 -2.550266933358571908e+00
4.623212321232115229e-01 -2.550510897749828754e+00
4.629262926292625480e-01 -2.550754218327620837e+00
4.635313531353126848e-01 -2.550996889817314539e+00
4.641364136413637098e-01 -2.551238906944278018e+00
4.647414741474138467e-01 -2.551480264433876766e+00
4.653465346534648717e-01 -2.551720957011478497e+00
4.659515951595158967e-01 -2.551960979402449592e+00
4.665566556655660335e-01 -2.552200326332156877e+00
4.671617161716170585e-01 -2.552438992525969841e+00
4.677667766776671954e-01 -2.552676972709252645e+00
4.683718371837182204e-01 -2.552914261607373003e+00
4.689768976897683572e-01 -2.553150853945698628e+00
4.695819581958193822e-01 -2.553386744449595458e+00
4.701870187018695191e-01 -2.553621927844432538e+00
4.707920792079205441e-01 -2.553856398855574916e+00
4.713971397139706809e-01 -2.554090152208390307e+00
4.720022002200217059e-01 -2.554323182628245092e+00
4.726072607260718428e-01 -2.554555484840506985e+00
4.732123212321228678e-01 -2.554787053570543254e+00
4.738173817381730046e-01 -2.555017883543720725e+00
4.744224422442240297e-01 -2.555247969485406223e+00
4.750275027502741665e-01 -2.555477306120966574e+00
4.756325632563251915e-01 -2.555705888175769491e+00
4.762376237623753283e-01 -2.555933710375180468e+00
4.768426842684263534e-01 -2.556160767444568549e+00
4.774477447744773784e-01 -2.556387054109299228e+00
4.780528052805275152e-01 -2.556612565094740219e+00
4.786578657865785402e-01 -2.556837295126258347e+00
4.792629262926286771e-01 -2.557061238929220881e+00
4.798679867986797021e-01 -2.557284391228994203e+00
4.804730473047298389e-01 -2.557506746750945581e+00
4.810781078107808639e-01 -2.557728300220442286e+00
4.816831683168310008e-01 -2.557949046362850698e+00
4.822882288228820258e-01 -2.558168979903539864e+00
4.828932893289321626e-01 -2.558388095567873943e+00
4.834983498349831876e-01 -2.558606388081221539e+00
4.841034103410333245e-01 -2.558823852168949475e+00
4.847084708470843495e-01 -2.559040482556425466e+00
4.853135313531344863e-01 -2.559256273969014561e+00
4.859185918591855113e-01 -2.559471221132085805e+00
4.865236523652356482e-01 -2.559685318771004692e+00
4.871287128712866732e-01 -2.559898561611139378e+00
4.877337733773368100e-01 -2.560110944377856246e+00
4.883388338833878350e-01 -2.560322461796522564e+00
4.889438943894388601e-01 -2.560533108592506046e+00
4.895489548954889969e-01 -2.560742879491172186e+00
4.901540154015400219e-01 -2.560951769217888252e+00
4.907590759075901587e-01 -2.561159772498023290e+00
4.913641364136411838e-01 -2.561366884056941462e+00
4.919691969196913206e-01 -2.561573098620011368e+00
4.925742574257423456e-01 -2.561778410912600279e+00
4.931793179317924825e-01 -2.561982815660074575e+00
4.937843784378435075e-01 -2.562186307587801082e+00
4.943894389438936443e-01 -2.562388881421146625e+00
4.949944994499446693e-01 -2.562590531885479805e+00
4.955995599559948062e-01 -2.562791253706166117e+00
4.962046204620458312e-01 -2.562991041608572829e+00
4.968096809680959680e-01 -2.563189890318067210e+00
4.974147414741469930e-01 -2.563387794560016086e+00
4.980198019801971299e-01 -2.563584749059787171e+00
4.986248624862481549e-01 -2.563780748542746402e+00
4.992299229922991799e-01 -2.563975787734261047e+00
4.998349834983493167e-01 -2.564169861359699265e+00
5.004400440044003417e-01 -2.564362965244121551e+00
5.010451045104504786e-01 -2.564555105545864855e+00
5.016501650165015036e-01 -2.564746294084976341e+00
5.022552255225516404e-01 -2.564936542739497227e+00
5.028602860286026655e-01 -2.565125863387467398e+00
5.034653465346528023e-01 -2.565314267906927626e+00
5.040704070407038273e-01 -2.565501768175918240e+00
5.046754675467539641e-01 -2.565688376072478682e+00
5.052805280528049892e-01 -2.565874103474650614e+00
5.058855885588551260e-01 -2.566058962260474363e+00
5.064906490649061510e-01 -2.566242964307989816e+00
5.070957095709562878e-01 -2.566426121495238633e+00
5.077007700770073129e-01 -2.566608445700259367e+00
5.083058305830574497e-01 -2.566789948801092791e+00
5.089108910891084747e-01 -2.566970642675780567e+00
5.095159515951586116e-01 -2.567150539202362136e+00
5.101210121012096366e-01 -2.567329650258877827e+00
5.107260726072606616e-01 -2.567507987723369300e+00
5.113311331133107984e-01 -2.567685563473874222e+00
5.119361936193618234e-01 -2.567862389388435584e+00
5.125412541254119603e-01 -2.568038477345092385e+00
5.131463146314629853e-01 -2.568213839221886730e+00
5.137513751375131221e-01 -2.568388486896856726e+00
5.143564356435641471e-01 -2.568562432248044480e+00
5.149614961496142840e-01 -2.568735687153489877e+00
5.155665566556653090e-01 -2.568908263491233690e+00
5.161716171617154458e-01 -2.569080173139315360e+00
5.167766776677664708e-01 -2.569251427975776103e+00
5.173817381738166077e-01 -2.569422039878655806e+00
5.179867986798676327e-01 -2.569592020725995685e+00
5.185918591859177695e-01 -2.569761382395835625e+00
5.191969196919687946e-01 -2.569930136766216400e+00
5.198019801980189314e-01 -2.570098295715177006e+00
5.204070407040699564e-01 -2.570265871120759105e+00
5.210121012101200932e-01 -2.570432874861003025e+00
5.216171617161711183e-01 -2.570599318813949541e+00
5.222222222222221433e-01 -2.570765214857638092e+00
5.228272827282722801e-01 -2.570930574870109453e+00
5.234323432343233051e-01 -2.571095410729404840e+00
5.240374037403734420e-01 -2.571259734313563250e+00
5.246424642464244670e-01 -2.571423557500626345e+00
5.252475247524746038e-01 -2.571586892168633565e+00
5.258525852585256288e-01 -2.571749750195626127e+00
5.264576457645757657e-01 -2.571912143459643918e+00
5.270627062706267907e-01 -2.572074083838726821e+00
5.276677667766769275e-01 -2.572235583210916499e+00
5.282728272827279525e-01 -2.572396653454253279e+00
5.288778877887780894e-01 -2.572557306446776604e+00
5.294829482948291144e-01 -2.572717554066526802e+00
5.300880088008792512e-01 -2.572877408191545090e+00
5.306930693069302762e-01 -2.573036880699871354e+00
5.312981298129804131e-01 -2.573195983469546366e+00
5.319031903190314381e-01 -2.573354728378611345e+00
5.325082508250824631e-01 -2.573513127305105286e+00
5.331133113311325999e-01 -2.573671192127068075e+00
5.337183718371836250e-01 -2.573828934722541817e+00
5.343234323432337618e-01 -2.573986366969566397e+00
5.349284928492847868e-01 -2.574143500746182145e+00
5.355335533553349237e-01 -2.574300347930428945e+00
5.361386138613859487e-01 -2.574456920400347570e+00
5.367436743674360855e-01 -2.574613230033978351e+00
5.373487348734871105e-01 -2.574769288709362947e+00
5.379537953795372474e-01 -2.574925108304539467e+00
5.385588558855882724e-01 -2.575080700697550018e+00
5.391639163916384092e-01 -2.575236077766434484e+00
5.397689768976894342e-01 -2.575391251389233194e+00
5.403740374037395711e-01 -2.575546233443986033e+00
5.409790979097905961e-01 -2.575701035808734218e+00
5.415841584158407329e-01 -2.575855670361518523e+00
5.421892189218917579e-01 -2.576010148980378833e+00
5.427942794279418948e-01 -2.576164483543355033e+00
5.433993399339929198e-01 -2.576318685928487895e+00
5.440044004400439448e-01 -2.576472768013818637e+00
5.446094609460940816e-01 -2.576626741677386256e+00
5.452145214521451067e-01 -2.576780618797231970e+00
5.458195819581952435e-01 -2.576934411251395662e+00
5.464246424642462685e-01 -2.577088130917918996e+00
5.470297029702964053e-01 -2.577241789674841410e+00
5.476347634763474304e-01 -2.577395399400202791e+00
5.482398239823975672e-01 -2.577548971972043912e+00
5.488448844884485922e-01 -2.577702519268407322e+00
5.494499449944987290e-01 -2.577856053167330241e+00
5.500550055005497541e-01 -2.578009585546854776e+00
5.506600660065998909e-01 -2.578163128285019479e+00
5.512651265126509159e-01 -2.578316693259867787e+00
5.518701870187010528e-01 -2.578470292349439141e+00
5.524752475247520778e-01 -2.578623937431772095e+00
5.530803080308022146e-01 -2.578777640384908754e+00
5.536853685368532396e-01 -2.578931413086889002e+00
5.542904290429033765e-01 -2.579085267415753169e+00
5.548954895489544015e-01 -2.579239215249541584e+00
5.555005500550054265e-01 -2.579393268466295908e+00
5.561056105610555633e-01 -2.579547438944055138e+00
5.567106710671065883e-01 -2.579701738560860047e+00
5.573157315731567252e-01 -2.579856179194750077e+00
5.579207920792077502e-01 -2.580010772723767776e+00
5.585258525852578870e-01 -2.580165531025952141e+00
5.591309130913089120e-01 -2.580320465979343503e+00
5.597359735973590489e-01 -2.580475589461982633e+00
5.603410341034100739e-01 -2.580630913351910749e+00
5.609460946094602107e-01 -2.580786449527167292e+00
5.615511551155112357e-01 -2.580942209865792147e+00
5.621562156215613726e-01 -2.581098206245826532e+00
5.627612761276123976e-01 -2.581254450545310775e+00
5.633663366336625344e-01 -2.581410954642285205e+00
5.639713971397135595e-01 -2.581567730414790596e+00
5.645764576457636963e-01 -2.581724789740866388e+00
5.651815181518147213e-01 -2.581882144498553355e+00
5.657865786578648581e-01 -2.582039806565893159e+00
5.663916391639158832e-01 -2.582197787820924351e+00
5.669966996699669082e-01 -2.582356100141689481e+00
5.676017601760170450e-01 -2.582514755406226215e+00
5.682068206820680700e-01 -2.582673765492576656e+00
5.688118811881182069e-01 -2.582833142278781580e+00
5.694169416941692319e-01 -2.582992897642879981e+00
5.700220022002193687e-01 -2.583153043462913967e+00
5.706270627062703937e-01 -2.583313591616921645e+00
5.712321232123205306e-01 -2.583474553982946009e+00
5.718371837183715556e-01 -2.583635942439026056e+00
5.724422442244216924e-01 -2.583797768863202116e+00
5.730473047304727174e-01 -2.583960045133515404e+00
5.736523652365228543e-01 -2.584122783128005363e+00
5.742574257425738793e-01 -2.584285994724712321e+00
5.748624862486240161e-01 -2.584449691801677940e+00
5.754675467546750411e-01 -2.584613886236942104e+00
5.760726072607251780e-01 -2.584778589908544255e+00
5.766776677667762030e-01 -2.584943814694526498e+00
5.772827282728272280e-01 -2.585109572472927830e+00
5.778877887788773648e-01 -2.585275875121788580e+00
5.784928492849283899e-01 -2.585442734519149965e+00
5.790979097909785267e-01 -2.585610162543052315e+00
5.797029702970295517e-01 -2.585778171071536402e+00
5.803080308030796886e-01 -2.585946771982640779e+00
5.809130913091307136e-01 -2.586115977154408441e+00
5.815181518151808504e-01 -2.586285798464877494e+00
5.821232123212318754e-01 -2.586456247792090046e+00
5.827282728272820123e-01 -2.586627337014085537e+00
5.833333333333330373e-01 -2.586799078008904740e+00
5.839383938393831741e-01 -2.586971482654587540e+00
5.845434543454341991e-01 -2.587144562829175598e+00
5.851485148514843360e-01 -2.587318330410707468e+00
5.857535753575353610e-01 -2.587492797277225698e+00
5.863586358635854978e-01 -2.587667975306769286e+00
5.869636963696365228e-01 -2.587843876377378116e+00
5.875687568756866597e-01 -2.588020512367094295e+00
5.881738173817376847e-01 -2.588197895153957262e+00
5.887788778877887097e-01 -2.588376036616007791e+00
5.893839383938388465e-01 -2.588554948631284880e+00
5.899889988998898716e-01 -2.588734643077831077e+00
5.905940594059400084e-01 -2.588915131833684935e+00
5.911991199119910334e-01 -2.589096426776888560e+00
5.918041804180411702e-01 -2.589278539785481392e+00
5.924092409240921953e-01 -2.589461482737503761e+00
5.930143014301423321e-01 -2.589645267510995996e+00
5.936193619361933571e-01 -2.589829905983999314e+00
5.942244224422434939e-01 -2.590015410034552712e+00
5.948294829482945190e-01 -2.590201791540698295e+00
5.954345434543446558e-01 -2.590389062380475949e+00
5.960396039603956808e-01 -2.590577234431924669e+00
5.966446644664458177e-01 -2.590766319573086562e+00
5.972497249724968427e-01 -2.590956329682001957e+00
5.978547854785469795e-01 -2.591147276636709407e+00
5.984598459845980045e-01 -2.591339172315251904e+00
5.990649064906481414e-01 -2.591532028595668447e+00
5.996699669966991664e-01 -2.591725857355999363e+00
6.002750275027501914e-01 -2.591920670474285426e+00
6.008800880088003282e-01 -2.592116479828566522e+00
6.014851485148513532e-01 -2.592313297296883423e+00
6.020902090209014901e-01 -2.592511134757276903e+00
6.026952695269525151e-01 -2.592710004087787290e+00
6.033003300330026519e-01 -2.592909917166454470e+00
6.039053905390536769e-01 -2.593110885871318771e+00
6.045104510451038138e-01 -2.593312922080420968e+00
6.051155115511548388e-01 -2.593516037671802721e+00
6.057205720572049756e-01 -2.593720244523502139e+00
6.063256325632560007e-01 -2.593925554513559550e+00
6.069306930693061375e-01 -2.594131979520017506e+00
6.075357535753571625e-01 -2.594339531420915446e+00
6.081408140814072993e-01 -2.594548222094294143e+00
6.087458745874583244e-01 -2.594758063418193483e+00
6.093509350935084612e-01 -2.594969067270652907e+00
6.099559955995594862e-01 -2.595181245529714964e+00
6.105610561056096230e-01 -2.595394610073418207e+00
6.111661166116606481e-01 -2.595609172779804297e+00
6.117711771177116731e-01 -2.595824945526913119e+00
6.123762376237618099e-01 -2.596041940192785002e+00
6.129812981298128349e-01 -2.596260168655460276e+00
6.135863586358629718e-01 -2.596479642792979270e+00
6.141914191419139968e-01 -2.596700374483383200e+00
6.147964796479641336e-01 -2.596922375604711952e+00
6.154015401540151586e-01 -2.597145658035006299e+00
6.160066006600652955e-01 -2.597370233652304350e+00
6.166116611661163205e-01 -2.597596114334650430e+00
6.172167216721664573e-01 -2.597823311960081760e+00
6.178217821782174823e-01 -2.598051838406641334e+00
6.184268426842676192e-01 -2.598281705552366372e+00
6.190319031903186442e-01 -2.598512925275299867e+00
6.196369636963687810e-01 -2.598745509453480818e+00
6.202420242024198060e-01 -2.598979469964951328e+00
6.208470847084699429e-01 -2.599214818687750395e+00
6.214521452145209679e-01 -2.599451567499918792e+00
6.220572057205719929e-01 -2.599689728279495959e+00
6.226622662266221298e-01 -2.599929312904524448e+00
6.232673267326731548e-01 -2.600170333253042809e+00
6.238723872387232916e-01 -2.600412801203092261e+00
6.244774477447743166e-01 -2.600656728632712245e+00
6.250825082508244535e-01 -2.600902127419943977e+00
6.256875687568754785e-01 -2.601149009442829563e+00
6.262926292629256153e-01 -2.601397386579405335e+00
6.268976897689766403e-01 -2.601647270707715620e+00
6.275027502750267772e-01 -2.601898673705798526e+00
6.281078107810778022e-01 -2.602151607451695714e+00
6.287128712871279390e-01 -2.602406083823446625e+00
6.293179317931789640e-01 -2.602662114699092921e+00
6.299229922992291009e-01 -2.602919711956673154e+00
6.305280528052801259e-01 -2.603178887474229430e+00
6.311331133113302627e-01 -2.603439653129800746e+00
6.317381738173812877e-01 -2.603702020801429207e+00
6.323432343234314246e-01 -2.603966002367153809e+00
6.329482948294824496e-01 -2.604231609705014883e+00
6.335533553355334746e-01 -2.604498854693054088e+00
6.341584158415836114e-01 -2.604767749209310868e+00
6.347634763476346365e-01 -2.605038305131825993e+00
6.353685368536847733e-01 -2.605310534338640238e+00
6.359735973597357983e-01 -2.605584448707792600e+00
6.365786578657859351e-01 -2.605860060117324739e+00
6.371837183718369602e-01 -2.606137380445276097e+00
6.377887788778870970e-01 -2.606416421569688779e+00
6.383938393839381220e-01 -2.606697195368601339e+00
6.389988998899882588e-01 -2.606979713720055436e+00
6.396039603960392839e-01 -2.607263988502091401e+00
6.402090209020894207e-01 -2.607550031592747786e+00
6.408140814081404457e-01 -2.607837854870068472e+00
6.414191419141905826e-01 -2.608127470212090238e+00
6.420242024202416076e-01 -2.608418889496855630e+00
6.426292629262917444e-01 -2.608712124602404092e+00
6.432343234323427694e-01 -2.609007187406777728e+00
6.438393839383929063e-01 -2.609304089788014647e+00
6.444444444444439313e-01 -2.609602843624156510e+00
6.450495049504949563e-01 -2.609903460793244534e+00
6.456545654565450931e-01 -2.610205953173316828e+00
6.462596259625961181e-01 -2.610510332642415499e+00
6.468646864686462550e-01 -2.610816611078579985e+00
6.474697469746972800e-01 -2.611124800359851950e+00
6.480748074807474168e-01 -2.611434912364270833e+00
6.486798679867984418e-01 -2.611746958969877408e+00
6.492849284928485787e-01 -2.612060952054712004e+00
6.498899889988996037e-01 -2.612376903496814951e+00
6.504950495049497405e-01 -2.612694825174226132e+00
6.511001100110007656e-01 -2.613014728964987654e+00
6.517051705170509024e-01 -2.613336626747137625e+00
6.523102310231019274e-01 -2.613660530398718596e+00
6.529152915291520642e-01 -2.613986451797769561e+00
6.535203520352030893e-01 -2.614314402822330852e+00
6.541254125412532261e-01 -2.614644395350444572e+00
6.547304730473042511e-01 -2.614976441260149276e+00
6.553355335533552761e-01 -2.615310552429486179e+00
6.559405940594054130e-01 -2.615646740736495168e+00
6.565456545654564380e-01 -2.615985018059217904e+00
6.571507150715065748e-01 -2.616325396275693382e+00
6.577557755775575998e-01 -2.616667887263962378e+00
6.583608360836077367e-01 -2.617012502902065663e+00
6.589658965896587617e-01 -2.617359255068042234e+00
6.595709570957088985e-01 -2.617708155639935530e+00
6.601760176017599235e-01 -2.618059216495783659e+00
6.607810781078100604e-01 -2.618412449513627838e+00
6.613861386138610854e-01 -2.618767866571507508e+00
6.619911991199112222e-01 -2.619125479547463886e+00
6.625962596259622472e-01 -2.619485300319536858e+00
6.632013201320123841e-01 -2.619847340765767640e+00
6.638063806380634091e-01 -2.620211612764196119e+00
6.644114411441135459e-01 -2.620578128192862621e+00
6.650165016501645709e-01 -2.620946898929808366e+00
6.656215621562147078e-01 -2.621317936853071906e+00
6.662266226622657328e-01 -2.621691253840695790e+00
6.668316831683167578e-01 -2.622066861770719459e+00
6.674367436743668947e-01 -2.622444772521182799e+00
6.680418041804179197e-01 -2.622824997970127026e+00
6.686468646864680565e-01 -2.623207549995591581e+00
6.692519251925190815e-01 -2.623592440475619014e+00
6.698569856985692184e-01 -2.623979681288247878e+00
6.704620462046202434e-01 -2.624369284311518058e+00
6.710671067106703802e-01 -2.624761261423471215e+00
6.716721672167214052e-01 -2.625155624502148122e+00
6.722772277227715421e-01 -2.625552385425587332e+00
6.728822882288225671e-01 -2.625951556071830950e+00
6.734873487348727039e-01 -2.626353148318919750e+00
6.740924092409237289e-01 -2.626757174044892729e+00
6.746974697469738658e-01 -2.627163645127789771e+00
6.753025302530248908e-01 -2.627572573445653425e+00
6.759075907590750276e-01 -2.627983970876522246e+00
6.765126512651260526e-01 -2.628397849298437894e+00
6.771177117711761895e-01 -2.628814220589439810e+00
6.777227722772272145e-01 -2.629233096627569211e+00
6.783278327832782395e-01 -2.629654489290866426e+00
6.789328932893283763e-01 -2.630078410457371341e+00
6.795379537953794014e-01 -2.630504872005124728e+00
6.801430143014295382e-01 -2.630933885812166029e+00
6.807480748074805632e-01 -2.631365463756537348e+00
6.813531353135307000e-01 -2.631799617716278572e+00
6.819581958195817251e-01 -2.632236359569429140e+00
6.825632563256318619e-01 -2.632675701194029827e+00
6.831683168316828869e-01 -2.633117654468120961e+00
6.837733773377330238e-01 -2.633562231269744203e+00
6.843784378437840488e-01 -2.634009443476938994e+00
6.849834983498341856e-01 -2.634459302967745664e+00
6.855885588558852106e-01 -2.634911821620204098e+00
6.861936193619353475e-01 -2.635367011312355512e+00
6.867986798679863725e-01 -2.635824883922242012e+00
6.874037403740365093e-01 -2.636285451327899487e+00
6.880088008800875343e-01 -2.636748725407373151e+00
6.886138613861376712e-01 -2.637214718038699779e+00
6.892189218921886962e-01 -2.637683441099922366e+00
6.898239823982397212e-01 -2.638154906469080352e+00
6.904290429042898580e-01 -2.638629126024212290e+00
6.910341034103408830e-01 -2.639106111643361618e+00
6.916391639163910199e-01 -2.639585875204566889e+00
6.922442244224420449e-01 -2.640068428585869764e+00
6.928492849284921817e-01 -2.640553783665309684e+00
6.934543454345432067e-01 -2.641041952320927422e+00
6.940594059405933436e-01 -2.641532946430762419e+00
6.946644664466443686e-01 -2.642026777872857224e+00
6.952695269526945054e-01 -2.642523458525249946e+00
6.958745874587455305e-01 -2.643023000265982247e+00
6.964796479647956673e-01 -2.643525414973093568e+00
6.970847084708466923e-01 -2.644030714524626902e+00
6.976897689768968291e-01 -2.644538910798619469e+00
6.982948294829478542e-01 -2.645050015673113375e+00
6.988998899889979910e-01 -2.645564041026147617e+00
6.995049504950490160e-01 -2.646080998735765188e+00
7.001100110011000410e-01 -2.646600900668211853e+00
7.007150715071501779e-01 -2.647123755498446585e+00
7.013201320132012029e-01 -2.647649564407419387e+00
7.019251925192513397e-01 -2.648178327501508278e+00
7.025302530253023647e-01 -2.648710044887093940e+00
7.031353135313525016e-01 -2.649244716670551281e+00
7.037403740374035266e-01 -2.649782342958261872e+00
7.043454345434536634e-01 -2.650322923856601065e+00
7.049504950495046884e-01 -2.650866459471949987e+00
7.055555555555548253e-01 -2.651412949910684436e+00
7.061606160616058503e-01 -2.651962395279185092e+00
7.067656765676559871e-01 -2.652514795683826421e+00
7.073707370737070121e-01 -2.653070151230991769e+00
7.079757975797571490e-01 -2.653628462027054713e+00
7.085808580858081740e-01 -2.654189728178396379e+00
7.091859185918583108e-01 -2.654753949791393453e+00
7.097909790979093358e-01 -2.655321126972426615e+00
7.103960396039594727e-01 -2.655891259827871664e+00
7.110011001100104977e-01 -2.656464348464108394e+00
7.116061606160615227e-01 -2.657040392987513489e+00
7.122112211221116596e-01 -2.657619393504465410e+00
7.128162816281626846e-01 -2.658201350121344841e+00
7.134213421342128214e-01 -2.658786262944527579e+00
7.140264026402638464e-01 -2.659374132080392972e+00
7.146314631463139833e-01 -2.659964957635318150e+00
7.152365236523650083e-01 -2.660558739715682908e+00
7.158415841584151451e-01 -2.661155478427863930e+00
7.164466446644661701e-01 -2.661755173878242342e+00
7.170517051705163070e-01 -2.662357826173192610e+00
7.176567656765673320e-01 -2.662963435419096303e+00
7.182618261826174688e-01 -2.663572001722328775e+00
7.188668866886684938e-01 -2.664183525189270707e+00
7.194719471947186307e-01 -2.664798005926298785e+00
7.200770077007696557e-01 -2.665415444039793247e+00
7.206820682068197925e-01 -2.666035839636129889e+00
7.212871287128708175e-01 -2.666659192821688507e+00
7.218921892189209544e-01 -2.667285503702846672e+00
7.224972497249719794e-01 -2.667914772385983291e+00
7.231023102310230044e-01 -2.668546998977477269e+00
7.237073707370731412e-01 -2.669182183583703960e+00
7.243124312431241663e-01 -2.669820326311044933e+00
7.249174917491743031e-01 -2.670461427265876431e+00
7.255225522552253281e-01 -2.671105486554578246e+00
7.261276127612754649e-01 -2.671752504283527063e+00
7.267326732673264900e-01 -2.672402480559102234e+00
7.273377337733766268e-01 -2.673055415487681330e+00
7.279427942794276518e-01 -2.673711309175644146e+00
7.285478547854777887e-01 -2.674370161729366480e+00
7.291529152915288137e-01 -2.675031973255229012e+00
7.297579757975789505e-01 -2.675696743859607984e+00
7.303630363036299755e-01 -2.676364473648883635e+00
7.309680968096801124e-01 -2.677035162729432205e+00
7.315731573157311374e-01 -2.677708811207633932e+00
7.321782178217812742e-01 -2.678385419189865502e+00
7.327832783278322992e-01 -2.679064986782506264e+00
7.333883388338833242e-01 -2.679747514091934235e+00
7.339933993399334611e-01 -2.680433001224527434e+00
7.345984598459844861e-01 -2.681121448286664322e+00
7.352035203520346229e-01 -2.681812855384722027e+00
7.358085808580856479e-01 -2.682507222625081678e+00
7.364136413641357848e-01 -2.683204550114117737e+00
7.370187018701868098e-01 -2.683904837958211331e+00
7.376237623762369466e-01 -2.684608086263739590e+00
7.382288228822879717e-01 -2.685314295137081420e+00
7.388338833883381085e-01 -2.686023464684613948e+00
7.394389438943891335e-01 -2.686735595012717415e+00
7.400440044004392703e-01 -2.687450686227768060e+00
7.406490649064902954e-01 -2.688168738436145677e+00
7.412541254125404322e-01 -2.688889751744227397e+00
7.418591859185914572e-01 -2.689613726258392123e+00
7.424642464246415940e-01 -2.690340662085016987e+00
7.430693069306926191e-01 -2.691070559330483114e+00
7.436743674367427559e-01 -2.691803418101164969e+00
7.442794279427937809e-01 -2.692539238503444565e+00
7.448844884488448059e-01 -2.693278020643697257e+00
7.454895489548949428e-01 -2.694019764628301949e+00
7.460946094609459678e-01 -2.694764470563638437e+00
7.466996699669961046e-01 -2.695512138556083848e+00
7.473047304730471296e-01 -2.696262768712016644e+00
7.479097909790972665e-01 -2.697016361137813956e+00
7.485148514851482915e-01 -2.697772915939855576e+00
7.491199119911984283e-01 -2.698532433224518634e+00
7.497249724972494533e-01 -2.699294913098183368e+00
7.503300330032995902e-01 -2.700060355667226020e+00
7.509350935093506152e-01 -2.700828761038026382e+00
7.515401540154007520e-01 -2.701600129316959809e+00
7.521452145214517770e-01 -2.702374460610408757e+00
7.527502750275019139e-01 -2.703151755024748581e+00
7.533553355335529389e-01 -2.703932012666358631e+00
7.539603960396030757e-01 -2.704715233641616923e+00
7.545654565456541008e-01 -2.705501418056901475e+00
7.551705170517042376e-01 -2.706290566018590749e+00
7.557755775577552626e-01 -2.707082677633063650e+00
7.563806380638062876e-01 -2.707877753006698196e+00
7.569856985698564245e-01 -2.708675792245871072e+00
7.575907590759074495e-01 -2.709476795456962961e+00
7.581958195819575863e-01 -2.710280762746350103e+00
7.588008800880086113e-01 -2.711087694220412292e+00
7.594059405940587482e-01 -2.711897589985527546e+00
7.600110011001097732e-01 -2.712710450148073438e+00
7.606160616061599100e-01 -2.713526274814427985e+00
7.612211221122109350e-01 -2.714345064090970538e+00
7.618261826182610719e-01 -2.715166818084078226e+00
7.624312431243120969e-01 -2.715991536900131731e+00
7.630363036303622337e-01 -2.716819220645505517e+00
7.636413641364132587e-01 -2.717649869426580711e+00
7.642464246424633956e-01 -2.718483483349735330e+00
7.648514851485144206e-01 -2.719320062521346060e+00
7.654565456545645574e-01 -2.720159607047792250e+00
7.660616061606155824e-01 -2.721002117035452805e+00
7.666666666666657193e-01 -2.721847592590704856e+00
7.672717271727167443e-01 -2.722696033819927752e+00
7.678767876787677693e-01 -2.723547440829499067e+00
7.684818481848179061e-01 -2.724401813725796373e+00
7.690869086908689312e-01 -2.725259152615199909e+00
7.696919691969190680e-01 -2.726119457604085472e+00
7.702970297029700930e-01 -2.726982728798833744e+00
7.709020902090202298e-01 -2.727848966305820522e+00
7.715071507150712549e-01 -2.728718170231427376e+00
7.721122112211213917e-01 -2.729590340682027882e+00
7.727172717271724167e-01 -2.730465477764006277e+00
7.733223322332225536e-01 -2.731343581583734359e+00
7.739273927392735786e-01 -2.732224652247596364e+00
7.745324532453237154e-01 -2.733108689861965868e+00
7.751375137513747404e-01 -2.733995694533223997e+00
7.757425742574248773e-01 -2.734885666367747881e+00
7.763476347634759023e-01 -2.735778605471917313e+00
7.769526952695260391e-01 -2.736674511952107203e+00
7.775577557755770641e-01 -2.737573385914699564e+00
7.781628162816280891e-01 -2.738475227466071082e+00
7.787678767876782260e-01 -2.739380036712598887e+00
7.793729372937292510e-01 -2.740287813760663216e+00
7.799779977997793878e-01 -2.741198558716640754e+00
7.805830583058304128e-01 -2.742112271686912184e+00
7.811881188118805497e-01 -2.743028952777851082e+00
7.817931793179315747e-01 -2.743948602095841238e+00
7.823982398239817115e-01 -2.744871219747256674e+00
7.830033003300327366e-01 -2.745796805838478516e+00
7.836083608360828734e-01 -2.746725360475883448e+00
7.842134213421338984e-01 -2.747656883765851266e+00
7.848184818481840352e-01 -2.748591375814757320e+00
7.854235423542350603e-01 -2.749528836728983183e+00
7.860286028602851971e-01 -2.750469266614904207e+00
7.866336633663362221e-01 -2.751412665578901962e+00
7.872387238723863589e-01 -2.752359033727350912e+00
7.878437843784373840e-01 -2.753308371166633517e+00
7.884488448844875208e-01 -2.754260678003125129e+00
7.890539053905385458e-01 -2.755215954343204210e+00
7.896589658965895708e-01 -2.756174200293249665e+00
7.902640264026397077e-01 -2.757135415959639513e+00
7.908690869086907327e-01 -2.758099601448752658e+00
7.914741474147408695e-01 -2.759066756866966230e+00
7.920792079207918945e-01 -2.760036882320660023e+00
7.926842684268420314e-01 -2.761009977916210723e+00
7.932893289328930564e-01 -2.761986043759997234e+00
7.938943894389431932e-01 -2.762965079958397574e+00
7.944994499449942182e-01 -2.763947086617791538e+00
7.951045104510443551e-01 -2.764932063844555366e+00
7.957095709570953801e-01 -2.765920011745069296e+00
7.963146314631455169e-01 -2.766910930425708237e+00
7.969196919691965419e-01 -2.767904819992854648e+00
7.975247524752466788e-01 -2.768901680552883438e+00
7.981298129812977038e-01 -2.769901512212175732e+00
7.987348734873478406e-01 -2.770904315077106439e+00
7.993399339933988657e-01 -2.771910089254058907e+00
7.999449944994490025e-01 -2.772918834849405378e+00
8.005500550055000275e-01 -2.773930551969528313e+00
8.011551155115510525e-01 -2.774945240720804840e+00
8.017601760176011894e-01 -2.775962901209611644e+00
8.023652365236522144e-01 -2.776983533542330740e+00
8.029702970297023512e-01 -2.778007137825334816e+00
8.035753575357533762e-01 -2.779033714165008551e+00
8.041804180418035131e-01 -2.780063262667725521e+00
8.047854785478545381e-01 -2.781095783439865965e+00
8.053905390539046749e-01 -2.782131276587806124e+00
8.059955995599556999e-01 -2.783169742217928899e+00
8.066006600660058368e-01 -2.784211180436606536e+00
8.072057205720568618e-01 -2.785255591350222382e+00
8.078107810781069986e-01 -2.786302975065150900e+00
8.084158415841580236e-01 -2.787353331687774105e+00
8.090209020902081605e-01 -2.788406661324465574e+00
8.096259625962591855e-01 -2.789462964081608654e+00
8.102310231023093223e-01 -2.790522240065578252e+00
8.108360836083603473e-01 -2.791584489382754164e+00
8.114411441144104842e-01 -2.792649712139513074e+00
8.120462046204615092e-01 -2.793717908442236109e+00
8.126512651265125342e-01 -2.794789078397298621e+00
8.132563256325626710e-01 -2.795863222111079072e+00
8.138613861386136961e-01 -2.796940339689958144e+00
8.144664466446638329e-01 -2.798020431240312078e+00
8.150715071507148579e-01 -2.799103496868519780e+00
8.156765676567649948e-01 -2.800189536680958824e+00
8.162816281628160198e-01 -2.801278550784008115e+00
8.168866886688661566e-01 -2.802370539284046114e+00
8.174917491749171816e-01 -2.803465502287451283e+00
8.180968096809673185e-01 -2.804563439900600308e+00
8.187018701870183435e-01 -2.805664352229873426e+00
8.193069306930684803e-01 -2.806768239381647767e+00
8.199119911991195053e-01 -2.807875101462302680e+00
8.205170517051696422e-01 -2.808984938578213963e+00
8.211221122112206672e-01 -2.810097750835763630e+00
8.217271727172708040e-01 -2.811213538341327478e+00
8.223322332233218290e-01 -2.812332301201283968e+00
8.229372937293728540e-01 -2.813454039522012451e+00
8.235423542354229909e-01 -2.814578753409888279e+00
8.241474147414740159e-01 -2.815706442971294354e+00
8.247524752475241527e-01 -2.816837108312603810e+00
8.253575357535751778e-01 -2.817970749540199993e+00
8.259625962596253146e-01 -2.819107366760456923e+00
8.265676567656763396e-01 -2.820246960079755727e+00
8.271727172717264764e-01 -2.821389529604471758e+00
8.277777777777775015e-01 -2.822535075440987917e+00
8.283828382838276383e-01 -2.823683597695677783e+00
8.289878987898786633e-01 -2.824835096474922036e+00
8.295929592959288001e-01 -2.825989571885098695e+00
8.301980198019798252e-01 -2.827147024032585776e+00
8.308030803080299620e-01 -2.828307453023760853e+00
8.314081408140809870e-01 -2.829470858965003721e+00
8.320132013201311239e-01 -2.830637241962691064e+00
8.326182618261821489e-01 -2.831806602123203120e+00
8.332233223322322857e-01 -2.832978939552915687e+00
8.338283828382833107e-01 -2.834154254358209002e+00
8.344334433443343357e-01 -2.835332546645462415e+00
8.350385038503844726e-01 -2.836513816521048614e+00
8.356435643564354976e-01 -2.837698064091353167e+00
8.362486248624856344e-01 -2.838885289462748318e+00
8.368536853685366594e-01 -2.840075492741616969e+00
8.374587458745867963e-01 -2.841268674034333586e+00
8.380638063806378213e-01 -2.842464833447278849e+00
8.386688668866879581e-01 -2.843663971086829889e+00
8.392739273927389831e-01 -2.844866087059366944e+00
8.398789878987891200e-01 -2.846071181471264477e+00
8.404840484048401450e-01 -2.847279254428905837e+00
8.410891089108902818e-01 -2.848490306038663711e+00
8.416941694169413068e-01 -2.849704336406921446e+00
8.422992299229914437e-01 -2.850921345640052618e+00
8.429042904290424687e-01 -2.852141333844440130e+00
8.435093509350926055e-01 -2.853364301126458447e+00
8.441144114411436306e-01 -2.854590247592489582e+00
8.447194719471937674e-01 -2.855819173348907114e+00
8.453245324532447924e-01 -2.857051078502094388e+00
8.459295929592958174e-01 -2.858285963158426313e+00
8.465346534653459543e-01 -2.859523827424280018e+00
8.471397139713969793e-01 -2.860764671406038406e+00
8.477447744774471161e-01 -2.862008495210075498e+00
8.483498349834981411e-01 -2.863255298942771976e+00
8.489548954895482780e-01 -2.864505082710504080e+00
8.495599559955993030e-01 -2.865757846619652938e+00
8.501650165016494398e-01 -2.867013590776593013e+00
8.507700770077004648e-01 -2.868272315287707208e+00
8.513751375137506017e-01 -2.869534020259370433e+00
8.519801980198016267e-01 -2.870798705797962036e+00
8.525852585258517635e-01 -2.872066372009858259e+00
8.531903190319027885e-01 -2.873337019001441561e+00
8.537953795379529254e-01 -2.874610646879086406e+00
8.544004400440039504e-01 -2.875887255749173921e+00
8.550055005500540872e-01 -2.877166845718079902e+00
8.556105610561051122e-01 -2.878449416892185475e+00
8.562156215621561373e-01 -2.879734969377865994e+00
8.568206820682062741e-01 -2.881023503281499476e+00
8.574257425742572991e-01 -2.882315018709467047e+00
8.580308030803074359e-01 -2.883609515768144949e+00
8.586358635863584610e-01 -2.884906994563912530e+00
8.592409240924085978e-01 -2.886207455203147365e+00
8.598459845984596228e-01 -2.887510897792228359e+00
8.604510451045097597e-01 -2.888817322437531754e+00
8.610561056105607847e-01 -2.890126729245439119e+00
8.616611661166109215e-01 -2.891439118322325807e+00
8.622662266226619465e-01 -2.892754489774573390e+00
8.628712871287120834e-01 -2.894072843708555887e+00
8.634763476347631084e-01 -2.895394180230654868e+00
8.640814081408132452e-01 -2.896718499447245687e+00
8.646864686468642702e-01 -2.898045801464710802e+00
8.652915291529144071e-01 -2.899376086389424678e+00
8.658965896589654321e-01 -2.900709354327767553e+00
8.665016501650155689e-01 -2.902045605386116556e+00
8.671067106710665939e-01 -2.903384839670851925e+00
8.677117711771176189e-01 -2.904727057288349901e+00
8.683168316831677558e-01 -2.906072258344988946e+00
8.689218921892187808e-01 -2.907420442947148409e+00
8.695269526952689176e-01 -2.908771611201204532e+00
8.701320132013199427e-01 -2.910125763213539329e+00
8.707370737073700795e-01 -2.911482899090525045e+00
8.713421342134211045e-01 -2.912843018938547690e+00
8.719471947194712413e-01 -2.914206122863978621e+00
8.725522552255222664e-01 -2.915572210973200740e+00
8.731573157315724032e-01 -2.916941283372590288e+00
8.737623762376234282e-01 -2.918313340168525727e+00
8.743674367436735650e-01 -2.919688381467384186e+00
8.749724972497245901e-01 -2.921066407375546792e+00
8.755775577557747269e-01 -2.922447417999388009e+00
8.761826182618257519e-01 -2.923831413445290739e+00
8.767876787678758888e-01 -2.925218393819629448e+00
8.773927392739269138e-01 -2.926608359228784817e+00
8.779977997799770506e-01 -2.928001309779132200e+00
8.786028602860280756e-01 -2.929397245577053610e+00
8.792079207920791006e-01 -2.930796166728925289e+00
8.798129812981292375e-01 -2.932198073341124367e+00
8.804180418041802625e-01 -2.933602965520032413e+00
8.810231023102303993e-01 -2.935010843372023004e+00
8.816281628162814243e-01 -2.936421707003479042e+00
8.822332233223315612e-01 -2.937835556520775437e+00
8.828382838283825862e-01 -2.939252392030293759e+00
8.834433443344327230e-01 -2.940672213638407584e+00
8.840484048404837480e-01 -2.942095021451500703e+00
8.846534653465338849e-01 -2.943520815575947136e+00
8.852585258525849099e-01 -2.944949596118128010e+00
8.858635863586350467e-01 -2.946381363184417790e+00
8.864686468646860718e-01 -2.947816116881200266e+00
8.870737073707362086e-01 -2.949253857314848126e+00
8.876787678767872336e-01 -2.950694584591744274e+00
8.882838283828373704e-01 -2.952138298818262729e+00
8.888888888888883955e-01 -2.953585000100785951e+00
8.894939493949385323e-01 -2.955034688545689292e+00
8.900990099009895573e-01 -2.956487364259352546e+00
8.907040704070405823e-01 -2.957943027348153286e+00
8.913091309130907192e-01 -2.959401677918469087e+00
8.919141914191417442e-01 -2.960863316076679741e+00
8.925192519251918810e-01 -2.962327941929161490e+00
8.931243124312429060e-01 -2.963795555582296348e+00
8.937293729372930429e-01 -2.965266157142457448e+00
8.943344334433440679e-01 -2.966739746716027692e+00
8.949394939493942047e-01 -2.968216324409381102e+00
8.955445544554452297e-01 -2.969695890328900578e+00
8.961496149614953666e-01 -2.971178444580960143e+00
8.967546754675463916e-01 -2.972663987271941810e+00
8.973597359735965284e-01 -2.974152518508220489e+00
8.979647964796475534e-01 -2.975644038396177304e+00
8.985698569856976903e-01 -2.977138547042188055e+00
8.991749174917487153e-01 -2.978636044552633866e+00
8.997799779977988521e-01 -2.980136531033888314e+00
9.003850385038498771e-01 -2.981640006592335634e+00
9.009900990099009022e-01 -2.983146471334351180e+00
9.015951595159510390e-01 -2.984655925366310747e+00
9.022002200220020640e-01 -2.986168368794596795e+00
9.028052805280522009e-01 -2.987683801725585120e+00
9.034103410341032259e-01 -2.989202224265655516e+00
9.040154015401533627e-01 -2.990723636521183781e+00
9.046204620462043877e-01 -2.992248038598551929e+00
9.052255225522545246e-01 -2.993775430604133536e+00
9.058305830583055496e-01 -2.995305812644312837e+00
9.064356435643556864e-01 -2.996839184825461189e+00
9.070407040704067114e-01 -2.998375547253963713e+00
9.076457645764568483e-01 -2.999914900036192655e+00
9.082508250825078733e-01 -3.001457243278530918e+00
9.088558855885580101e-01 -3.003002577087353409e+00
9.094609460946090351e-01 -3.004550901569041255e+00
9.100660066006591720e-01 -3.006102216829969809e+00
9.106710671067101970e-01 -3.007656522976520641e+00
9.112761276127603338e-01 -3.009213820115068216e+00
9.118811881188113588e-01 -3.010774108351995437e+00
9.124862486248623838e-01 -3.012337387793678101e+00
9.130913091309125207e-01 -3.013903658546492004e+00
9.136963696369635457e-01 -3.015472920716819605e+00
9.143014301430136825e-01 -3.017045174411034480e+00
9.149064906490647076e-01 -3.018620419735521310e+00
9.155115511551148444e-01 -3.020198656796652781e+00
9.161166116611658694e-01 -3.021779885700810020e+00
9.167216721672160062e-01 -3.023364106554368824e+00
9.173267326732670313e-01 -3.024951319463711208e+00
9.179317931793171681e-01 -3.026541524535211636e+00
9.185368536853681931e-01 -3.028134721875251678e+00
9.191419141914183299e-01 -3.029730911590206688e+00
9.197469746974693550e-01 -3.031330093786457791e+00
9.203520352035194918e-01 -3.032932268570380341e+00
9.209570957095705168e-01 -3.034537436048355019e+00
9.215621562156206537e-01 -3.036145596326757623e+00
9.221672167216716787e-01 -3.037756749511969723e+00
9.227722772277218155e-01 -3.039370895710366227e+00
9.233773377337728405e-01 -3.040988035028328262e+00
9.239823982398238655e-01 -3.042608167572232958e+00
9.245874587458740024e-01 -3.044231293448456999e+00
9.251925192519250274e-01 -3.045857412763381511e+00
9.257975797579751642e-01 -3.047486525623381404e+00
9.264026402640261892e-01 -3.049118632134839579e+00
9.270077007700763261e-01 -3.050753732404128726e+00
9.276127612761273511e-01 -3.052391826537631747e+00
9.282178217821774879e-01 -3.054032914641723551e+00
9.288228822882285129e-01 -3.055676996822786151e+00
9.294279427942786498e-01 -3.057324073187193125e+00
9.300330033003296748e-01 -3.058974143841328264e+00
9.306380638063798116e-01 -3.060627208891564255e+00
9.312431243124308367e-01 -3.062283268444284889e+00
9.318481848184809735e-01 -3.063942322605862412e+00
9.324532453245319985e-01 -3.065604371482680168e+00
9.330583058305821353e-01 -3.067269415181112624e+00
9.336633663366331604e-01 -3.068937453807541349e+00
9.342684268426832972e-01 -3.070608487468342584e+00
9.348734873487343222e-01 -3.072282516269896124e+00
9.354785478547853472e-01 -3.073959540318579986e+00
9.360836083608354841e-01 -3.075639559720769522e+00
9.366886688668865091e-01 -3.077322574582847636e+00
9.372937293729366459e-01 -3.079008585011186128e+00
9.378987898789876709e-01 -3.080697591112172340e+00
9.385038503850378078e-01 -3.082389592992176741e+00
9.391089108910888328e-01 -3.084084590757580902e+00
9.397139713971389696e-01 -3.085782584514761062e+00
9.403190319031899946e-01 -3.087483574370099682e+00
9.409240924092401315e-01 -3.089187560429969892e+00
9.415291529152911565e-01 -3.090894542800755929e+00
9.421342134213412933e-01 -3.092604521588828259e+00
9.427392739273923183e-01 -3.094317496900572895e+00
9.433443344334424552e-01 -3.096033468842362080e+00
9.439493949394934802e-01 -3.097752437520578717e+00
9.445544554455436170e-01 -3.099474403041598158e+00
9.451595159515946420e-01 -3.101199365511800643e+00
9.457645764576456671e-01 -3.102927325037563300e+00
9.463696369636958039e-01 -3.104658281725262814e+00
9.469746974697468289e-01 -3.106392235681281200e+00
9.475797579757969658e-01 -3.108129187011991590e+00
9.481848184818479908e-01 -3.109869135823779107e+00
9.487898789878981276e-01 -3.111612082223015108e+00
9.493949394939491526e-01 -3.113358026316083382e+00
9.499999999999992895e-01 -3.115106968209357063e+00
9.506050605060503145e-01 -3.116858908009219498e+00
9.512101210121004513e-01 -3.118613845822044706e+00
9.518151815181514763e-01 -3.120371781754214258e+00
9.524202420242016132e-01 -3.122132715912104395e+00
9.530253025302526382e-01 -3.123896648402095799e+00
9.536303630363027750e-01 -3.125663579330562047e+00
9.542354235423538000e-01 -3.127433508803886930e+00
9.548404840484039369e-01 -3.129206436928443580e+00
9.554455445544549619e-01 -3.130982363810615343e+00
9.560506050605050987e-01 -3.132761289556775797e+00
9.566556655665561237e-01 -3.134543214273308287e+00
9.572607260726071488e-01 -3.136328138066587279e+00
9.578657865786572856e-01 -3.138116061042989458e+00
9.584708470847083106e-01 -3.139906983308898170e+00
9.590759075907584474e-01 -3.141700904970686548e+00
9.596809680968094725e-01 -3.143497826134738382e+00
9.602860286028596093e-01 -3.145297746907426806e+00
9.608910891089106343e-01 -3.147100667395133389e+00
9.614961496149607711e-01 -3.148906587704233484e+00
9.621012101210117962e-01 -3.150715507941109994e+00
9.627062706270619330e-01 -3.152527428212136051e+00
9.633113311331129580e-01 -3.154342348623694114e+00
9.639163916391630949e-01 -3.156160269282158648e+00
9.645214521452141199e-01 -3.157981190293912110e+00
9.651265126512642567e-01 -3.159805111765327190e+00
9.657315731573152817e-01 -3.161632033802788566e+00
9.663366336633654186e-01 -3.163461956512668483e+00
9.669416941694164436e-01 -3.165294880001351618e+00
9.675467546754665804e-01 -3.167130804375209330e+00
9.681518151815176054e-01 -3.168969729740626740e+00
9.687568756875686304e-01 -3.170811656203977424e+00
9.693619361936187673e-01 -3.172656583871638958e+00
9.699669966996697923e-01 -3.174504512849994242e+00
9.705720572057199291e-01 -3.176355443245417298e+00
9.711771177117709541e-01 -3.178209375164289252e+00
9.717821782178210910e-01 -3.180066308712985457e+00
9.723872387238721160e-01 -3.181926243997887482e+00
9.729922992299222528e-01 -3.183789181125369794e+00
9.735973597359732779e-01 -3.185655120201815294e+00
9.742024202420234147e-01 -3.187524061333597558e+00
9.748074807480744397e-01 -3.189396004627099490e+00
9.754125412541245765e-01 -3.191270950188694222e+00
9.760176017601756016e-01 -3.193148898124765545e+00
9.766226622662257384e-01 -3.195029848541685702e+00
9.772277227722767634e-01 -3.196913801545839817e+00
9.778327832783269002e-01 -3.198800757243599246e+00
9.784378437843779253e-01 -3.200690715741349113e+00
9.790429042904289503e-01 -3.202583677145463881e+00
9.796479647964790871e-01 -3.204479641562318459e+00
9.802530253025301121e-01 -3.206378609098298416e+00
9.808580858085802490e-01 -3.208280579859774662e+00
9.814631463146312740e-01 -3.210185553953133208e+00
9.820682068206814108e-01 -3.212093531484744524e+00
9.826732673267324358e-01 -3.214004512560994176e+00
9.832783278327825727e-01 -3.215918497288253075e+00
9.838833883388335977e-01 -3.217835485772906789e+00
9.844884488448837345e-01 -3.219755478121327119e+00
9.850935093509347595e-01 -3.221678474439897855e+00
9.856985698569848964e-01 -3.223604474834992573e+00
9.863036303630359214e-01 -3.225533479412994176e+00
9.869086908690860582e-01 -3.227465488280275352e+00
9.875137513751370832e-01 -3.229400501543220781e+00
9.881188118811872201e-01 -3.231338519308202262e+00
9.887238723872382451e-01 -3.233279541681604030e+00
9.893289328932883819e-01 -3.235223568769799218e+00
9.899339933993394069e-01 -3.237170600679171173e+00
9.905390539053904320e-01 -3.239120637516095247e+00
9.911441144114405688e-01 -3.241073679386947681e+00
9.917491749174915938e-01 -3.243029726398110490e+00
9.923542354235417307e-01 -3.244988778655958583e+00
9.929592959295927557e-01 -3.246950836266874862e+00
9.935643564356428925e-01 -3.248915899337232016e+00
9.941694169416939175e-01 -3.250883967973413835e+00
9.947744774477440544e-01 -3.252855042281792119e+00
9.953795379537950794e-01 -3.254829122368753325e+00
9.959845984598452162e-01 -3.256806208340667474e+00
9.965896589658962412e-01 -3.258786300303920136e+00
9.971947194719463781e-01 -3.260769398364882221e+00
9.977997799779974031e-01 -3.262755502629940185e+00
9.984048404840475399e-01 -3.264744613205463608e+00
9.990099009900985649e-01 -3.266736730197838945e+00
9.996149614961487018e-01 -3.268731853713437552e+00
1.000220022002199727e+00 -3.270729983858643664e+00
1.000825082508249864e+00 -3.272731120739829525e+00
1.001430143014300889e+00 -3.274735264463380702e+00
1.002035203520351914e+00 -3.276742415135670328e+00
1.002640264026402050e+00 -3.278752572863075088e+00
1.003245324532453076e+00 -3.280765737751977440e+00
1.003850385038503212e+00 -3.282781909908753626e+00
1.004455445544554237e+00 -3.284801089439783439e+00
1.005060506050604374e+00 -3.286823276451441789e+00
1.005665566556655399e+00 -3.288848471050112465e+00
1.006270627062705536e+00 -3.290876673342166825e+00
1.006875687568756561e+00 -3.292907883433990435e+00
1.007480748074806698e+00 -3.294942101431955095e+00
1.008085808580857723e+00 -3.296979327442443708e+00
1.008690869086907860e+00 -3.299019561571831627e+00
1.009295929592958885e+00 -3.301062803926499978e+00
1.009900990099009022e+00 -3.303109054612822337e+00
1.010506050605060047e+00 -3.305158313737183384e+00
1.011111111111110183e+00 -3.307210581405955363e+00
1.011716171617161208e+00 -3.309265857725521620e+00
1.012321232123211345e+00 -3.311324142802253956e+00
1.012926292629262370e+00 -3.313385436742538825e+00
1.013531353135313395e+00 -3.315449739652751138e+00
1.014136413641363532e+00 -3.317517051639264469e+00
1.014741474147414557e+00 -3.319587372808463499e+00
1.015346534653464694e+00 -3.321660703266721804e+00
1.015951595159515719e+00 -3.323737043120421397e+00
1.016556655665565856e+00 -3.325816392475937189e+00
1.017161716171616881e+00 -3.327898751439652081e+00
1.017766776677667018e+00 -3.329984120117938318e+00
1.018371837183718043e+00 -3.332072498617180578e+00
1.018976897689768180e+00 -3.334163887043751107e+00
1.019581958195819205e+00 -3.336258285504033250e+00
1.020187018701869341e+00 -3.338355694104400584e+00
1.020792079207920366e+00 -3.340456112951236900e+00
1.021397139713970503e+00 -3.342559542150914442e+00
1.022002200220021528e+00 -3.344665981809817001e+00
1.022607260726071665e+00 -3.346775432034316822e+00
1.023212321232122690e+00 -3.348887892930799026e+00
1.023817381738173715e+00 -3.351003364605638524e+00
1.024422442244223852e+00 -3.353121847165210223e+00
1.025027502750274877e+00 -3.355243340715899247e+00
1.025632563256325014e+00 -3.357367845364077841e+00
1.026237623762376039e+00 -3.359495361216128462e+00
1.026842684268426176e+00 -3.361625888378425131e+00
1.027447744774477201e+00 -3.363759426957352527e+00
1.028052805280527338e+00 -3.365895977059280675e+00
1.028657865786578363e+00 -3.368035538790595584e+00
1.029262926292628499e+00 -3.370178112257669500e+00
1.029867986798679524e+00 -3.372323697566886658e+00
1.030473047304729661e+00 -3.374472294824618412e+00
1.031078107810780686e+00 -3.376623904137250332e+00
1.031683168316830823e+00 -3.378778525611154215e+00
1.032288228822881848e+00 -3.380936159352712966e+00
1.032893289328931985e+00 -3.383096805468301049e+00
1.033498349834983010e+00 -3.385260464064300479e+00
1.034103410341033147e+00 -3.387427135247085719e+00
1.034708470847084172e+00 -3.389596819123039673e+00
1.035313531353135197e+00 -3.391769515798539025e+00
1.035918591859185334e+00 -3.393945225379956465e+00
1.036523652365236359e+00 -3.396123947973679336e+00
1.037128712871286496e+00 -3.398305683686076772e+00
1.037733773377337521e+00 -3.400490432623536563e+00
1.038338833883387657e+00 -3.402678194892428287e+00
1.038943894389438682e+00 -3.404868970599135736e+00
1.039548954895488819e+00 -3.407062759850034706e+00
1.040154015401539844e+00 -3.409259562751505879e+00
1.040759075907589981e+00 -3.411459379409922832e+00
1.041364136413641006e+00 -3.413662209931670688e+00
1.041969196919691143e+00 -3.415868054423120803e+00
1.042574257425742168e+00 -3.418076912990657856e+00
1.043179317931792305e+00 -3.420288785740651871e+00
1.043784378437843330e+00 -3.422503672779490635e+00
1.044389438943893467e+00 -3.424721574213544617e+00
1.044994499449944492e+00 -3.426942490149198051e+00
1.045599559955994629e+00 -3.429166420692823625e+00
1.046204620462045654e+00 -3.431393365950806018e+00
1.046809680968096679e+00 -3.433623326029519696e+00
1.047414741474146815e+00 -3.435856301035340454e+00
1.048019801980197840e+00 -3.438092291074652085e+00
1.048624862486247977e+00 -3.440331296253826387e+00
1.049229922992299002e+00 -3.442573316679248929e+00
1.049834983498349139e+00 -3.444818352457291066e+00
1.050440044004400164e+00 -3.447066403694337922e+00
1.051045104510450301e+00 -3.449317470496761295e+00
1.051650165016501326e+00 -3.451571552970944090e+00
1.052255225522551463e+00 -3.453828651223261215e+00
1.052860286028602488e+00 -3.456088765360095572e+00
1.053465346534652625e+00 -3.458351895487818073e+00
1.054070407040703650e+00 -3.460618041712816062e+00
1.054675467546753787e+00 -3.462887204141459119e+00
1.055280528052804812e+00 -3.465159382880132810e+00
1.055885588558854948e+00 -3.467434578035209825e+00
1.056490649064905973e+00 -3.469712789713073064e+00
1.057095709570956110e+00 -3.471994018020094330e+00
1.057700770077007135e+00 -3.474278263062660077e+00
1.058305830583058160e+00 -3.476565524947145214e+00
1.058910891089108297e+00 -3.478855803779922873e+00
1.059515951595159322e+00 -3.481149099667379510e+00
1.060121012101209459e+00 -3.483445412715886924e+00
1.060726072607260484e+00 -3.485744743031830239e+00
1.061331133113310621e+00 -3.488047090721578147e+00
1.061936193619361646e+00 -3.490352455891518879e+00
1.062541254125411783e+00 -3.492660838648022459e+00
1.063146314631462808e+00 -3.494972239097475342e+00
1.063751375137512944e+00 -3.497286657346246219e+00
1.064356435643563970e+00 -3.499604093500722879e+00
1.064961496149614106e+00 -3.501924547667275789e+00
1.065566556655665131e+00 -3.504248019952290516e+00
1.066171617161715268e+00 -3.506574510462137084e+00
1.066776677667766293e+00 -3.508904019303201949e+00
1.067381738173816430e+00 -3.511236546581856466e+00
1.067986798679867455e+00 -3.513572092404485314e+00
1.068591859185918480e+00 -3.515910656877463403e+00
1.069196919691968617e+00 -3.518252240107165196e+00
1.069801980198019642e+00 -3.520596842199976262e+00
1.070407040704069779e+00 -3.522944463262269288e+00
1.071012101210120804e+00 -3.525295103400427177e+00
1.071617161716170941e+00 -3.527648762720822173e+00
1.072222222222221966e+00 -3.530005441329839844e+00
1.072827282728272102e+00 -3.532365139333851989e+00
1.073432343234323127e+00 -3.534727856839241955e+00
1.074037403740373264e+00 -3.537093593952382431e+00
1.074642464246424289e+00 -3.539462350779658983e+00
1.075247524752474426e+00 -3.541834127427441636e+00
1.075852585258525451e+00 -3.544208924002115957e+00
1.076457645764575588e+00 -3.546586740610054189e+00
1.077062706270626613e+00 -3.548967577357641900e+00
1.077667766776676750e+00 -3.551351434351248670e+00
1.078272827282727775e+00 -3.553738311697260954e+00
1.078877887788777912e+00 -3.556128209502048776e+00
1.079482948294828937e+00 -3.558521127871999035e+00
1.080088008800879962e+00 -3.560917066913485751e+00
1.080693069306930099e+00 -3.563316026732883834e+00
1.081298129812981124e+00 -3.565718007436577519e+00
1.081903190319031260e+00 -3.568123009130939938e+00
1.082508250825082285e+00 -3.570531031922355325e+00
1.083113311331132422e+00 -3.572942075917194149e+00
1.083718371837183447e+00 -3.575356141221843309e+00
1.084323432343233584e+00 -3.577773227942673273e+00
1.084928492849284609e+00 -3.580193336186069608e+00
1.085533553355334746e+00 -3.582616466058403226e+00
1.086138613861385771e+00 -3.585042617666058362e+00
1.086743674367435908e+00 -3.587471791115409037e+00
1.087348734873486933e+00 -3.589903986512838152e+00
1.087953795379537070e+00 -3.592339203964717953e+00
1.088558855885588095e+00 -3.594777443577434006e+00
1.089163916391638232e+00 -3.597218705457356336e+00
1.089768976897689257e+00 -3.599662989710871841e+00
1.090374037403739393e+00 -3.602110296444349657e+00
1.090979097909790418e+00 -3.604560625764176685e+00
1.091584158415841443e+00 -3.607013977776728275e+00
1.092189218921891580e+00 -3.609470352588377118e+00
1.092794279427942605e+00 -3.611929750305510556e+00
1.093399339933992742e+00 -3.614392171034498169e+00
1.094004400440043767e+00 -3.616857614881726413e+00
1.094609460946093904e+00 -3.619326081953566643e+00
1.095214521452144929e+00 -3.621797572356402206e+00
1.095819581958195066e+00 -3.624272086196607123e+00
1.096424642464246091e+00 -3.626749623580564297e+00
1.097029702970296228e+00 -3.629230184614646415e+00
1.097634763476347253e+00 -3.631713769405238601e+00
1.098239823982397390e+00 -3.634200378058712211e+00
1.098844884488448415e+00 -3.636690010681451035e+00
1.099449944994498551e+00 -3.639182667379828207e+00
1.100055005500549576e+00 -3.641678348260228404e+00
1.100660066006599713e+00 -3.644177053429022983e+00
1.101265126512650738e+00 -3.646678782992596624e+00
1.101870187018701763e+00 -3.649183537057324678e+00
1.102475247524751900e+00 -3.651691315729581611e+00
1.103080308030802925e+00 -3.654202119115753433e+00
1.103685368536853062e+00 -3.656715947322209281e+00
1.104290429042904087e+00 -3.659232800455337387e+00
1.104895489548954224e+00 -3.661752678621506885e+00
1.105500550055005249e+00 -3.664275581927104231e+00
1.106105610561055386e+00 -3.666801510478499893e+00
1.106710671067106411e+00 -3.669330464382079438e+00
1.107315731573156548e+00 -3.671862443744214222e+00
1.107920792079207573e+00 -3.674397448671289812e+00
1.108525852585257709e+00 -3.676935479269675788e+00
1.109130913091308734e+00 -3.679476535645759494e+00
1.109735973597358871e+00 -3.682020617905911841e+00
1.110341034103409896e+00 -3.684567726156517509e+00
1.110946094609460033e+00 -3.687117860503947853e+00
1.111551155115511058e+00 -3.689671021054588440e+00
1.112156215621561195e+00 -3.692227207914810627e+00
1.112761276127612220e+00 -3.694786421190999537e+00
1.113366336633663245e+00 -3.697348660989528302e+00
1.113971397139713382e+00 -3.699913927416774939e+00
1.114576457645764407e+00 -3.702482220579122796e+00
1.115181518151814544e+00 -3.705053540582942340e+00
1.115786578657865569e+00 -3.707627887534620914e+00
1.116391639163915706e+00 -3.710205261540527655e+00
1.116996699669966731e+00 -3.712785662707049461e+00
1.117601760176016867e+00 -3.715369091140557245e+00
1.118206820682067892e+00 -3.717955546947436574e+00
1.118811881188118029e+00 -3.720545030234057027e+00
1.119416941694169054e+00 -3.723137541106805948e+00
1.120022002200219191e+00 -3.725733079672052916e+00
1.120627062706270216e+00 -3.728331646036184388e+00
1.121232123212320353e+00 -3.730933240305572163e+00
1.121837183718371378e+00 -3.733537862586600031e+00
1.122442244224421515e+00 -3.736145512985639794e+00
1.123047304730472540e+00 -3.738756191609076573e+00
1.123652365236522677e+00 -3.741369898563281282e+00
1.124257425742573702e+00 -3.743986633954640819e+00
1.124862486248624727e+00 -3.746606397889529205e+00
1.125467546754674864e+00 -3.749229190474319573e+00
1.126072607260725889e+00 -3.751855011815399710e+00
1.126677667766776025e+00 -3.754483862019138307e+00
1.127282728272827050e+00 -3.757115741191924041e+00
1.127887788778877187e+00 -3.759750649440124270e+00
1.128492849284928212e+00 -3.762388586870127227e+00
1.129097909790978349e+00 -3.765029553588302935e+00
1.129702970297029374e+00 -3.767673549701036961e+00
1.130308030803079511e+00 -3.770320575314699774e+00
1.130913091309130536e+00 -3.772970630535678271e+00
1.131518151815180673e+00 -3.775623715470342034e+00
1.132123212321231698e+00 -3.778279830225077518e+00
1.132728272827281835e+00 -3.780938974906254746e+00
1.133333333333332860e+00 -3.783601149620260617e+00
1.133938393839382996e+00 -3.786266354473466045e+00
1.134543454345434021e+00 -3.788934589572254819e+00
1.135148514851484158e+00 -3.791605855022999183e+00
1.135753575357535183e+00 -3.794280150932086482e+00
1.136358635863586208e+00 -3.796957477405887627e+00
1.136963696369636345e+00 -3.799637834550778859e+00
1.137568756875687370e+00 -3.802321222473146634e+00
1.138173817381737507e+00 -3.805007641279361863e+00
1.138778877887788532e+00 -3.807697091075808782e+00
1.139383938393838669e+00 -3.810389571968858746e+00
1.139988998899889694e+00 -3.813085084064897767e+00
1.140594059405939831e+00 -3.815783627470297201e+00
1.141199119911990856e+00 -3.818485202291442615e+00
1.141804180418040993e+00 -3.821189808634703589e+00
1.142409240924092018e+00 -3.823897446606467465e+00
1.143014301430142154e+00 -3.826608116313103380e+00
1.143619361936193179e+00 -3.829321817860998678e+00
1.144224422442243316e+00 -3.832038551356523381e+00
1.144829482948294341e+00 -3.834758316906062614e+00
1.145434543454344478e+00 -3.837481114615988620e+00
1.146039603960395503e+00 -3.840206944592686522e+00
1.146644664466446528e+00 -3.842935806942530341e+00
1.147249724972496665e+00 -3.845667701771894986e+00
1.147854785478547690e+00 -3.848402629187166468e+00
1.148459845984597827e+00 -3.851140589294715699e+00
1.149064906490648852e+00 -3.853881582200926914e+00
1.149669966996698989e+00 -3.856625608012172357e+00
1.150275027502750014e+00 -3.859372666834838039e+00
1.150880088008800151e+00 -3.862122758775293541e+00
1.151485148514851176e+00 -3.864875883939924872e+00
1.152090209020901312e+00 -3.867632042435105166e+00
1.152695269526952337e+00 -3.870391234367216438e+00
1.153300330033002474e+00 -3.873153459842631818e+00
1.153905390539053499e+00 -3.875918718967736876e+00
1.154510451045103636e+00 -3.878687011848901189e+00
1.155115511551154661e+00 -3.881458338592512103e+00
1.155720572057204798e+00 -3.884232699304939196e+00
1.156325632563255823e+00 -3.887010094092568480e+00
1.156930693069305960e+00 -3.889790523061771310e+00
1.157535753575356985e+00 -3.892573986318933255e+00
1.158140814081408010e+00 -3.895360483970428334e+00
1.158745874587458147e+00 -3.898150016122631012e+00
1.159350935093509172e+00 -3.900942582881928189e+00
1.159955995599559309e+00 -3.903738184354690777e+00
1.160561056105610334e+00 -3.906536820647302122e+00
1.161166116611660470e+00 -3.909338491866134468e+00
1.161771177117711495e+00 -3.912143198117574272e+00
1.162376237623761632e+00 -3.914950939507990668e+00
1.162981298129812657e+00 -3.917761716143772777e+00
1.163586358635862794e+00 -3.920575528131287069e+00
1.164191419141913819e+00 -3.923392375576921776e+00
1.164796479647963956e+00 -3.926212258587046922e+00
1.165401540154014981e+00 -3.929035177268048074e+00
1.166006600660065118e+00 -3.931861131726296144e+00
1.166611661166116143e+00 -3.934690122068179807e+00
1.167216721672166280e+00 -3.937522148400065536e+00
1.167821782178217305e+00 -3.940357210828340229e+00
1.168426842684267442e+00 -3.943195309459376574e+00
1.169031903190318467e+00 -3.946036444399558363e+00
1.169636963696369492e+00 -3.948880615755261836e+00
1.170242024202419628e+00 -3.951727823632858350e+00
1.170847084708470653e+00 -3.954578068138737024e+00
1.171452145214520790e+00 -3.957431349379266550e+00
1.172057205720571815e+00 -3.960287667460834271e+00
1.172662266226621952e+00 -3.963147022489810212e+00
1.173267326732672977e+00 -3.966009414572579495e+00
1.173872387238723114e+00 -3.968874843815514808e+00
1.174477447744774139e+00 -3.971743310324999943e+00
1.175082508250824276e+00 -3.974614814207405811e+00
1.175687568756875301e+00 -3.977489355569119311e+00
1.176292629262925438e+00 -3.980366934516510469e+00
1.176897689768976463e+00 -3.983247551155965738e+00
1.177502750275026600e+00 -3.986131205593854698e+00
1.178107810781077625e+00 -3.989017897936565138e+00
1.178712871287127761e+00 -3.991907628290463972e+00
1.179317931793178786e+00 -3.994800396761941652e+00
1.179922992299228923e+00 -3.997696203457366870e+00
1.180528052805279948e+00 -4.000595048483123861e+00
1.181133113311330973e+00 -4.003496931945590198e+00
1.181738173817381110e+00 -4.006401853951137682e+00
1.182343234323432135e+00 -4.009309814606153211e+00
1.182948294829482272e+00 -4.012220814017007697e+00
1.183553355335533297e+00 -4.015134852290088041e+00
1.184158415841583434e+00 -4.018051929531761601e+00
1.184763476347634459e+00 -4.020972045848417054e+00
1.185368536853684596e+00 -4.023895201346425310e+00
1.185973597359735621e+00 -4.026821396132171493e+00
1.186578657865785758e+00 -4.029750630312025628e+00
1.187183718371836783e+00 -4.032682903992372836e+00
1.187788778877886919e+00 -4.035618217279586695e+00
1.188393839383937944e+00 -4.038556570280050551e+00
1.188998899889988081e+00 -4.041497963100134427e+00
1.189603960396039106e+00 -4.044442395846228777e+00
1.190209020902089243e+00 -4.047389868624698295e+00
1.190814081408140268e+00 -4.050340381541934320e+00
1.191419141914191293e+00 -4.053293934704306878e+00
1.192024202420241430e+00 -4.056250528218193097e+00
1.192629262926292455e+00 -4.059210162189978988e+00
1.193234323432342592e+00 -4.062172836726031910e+00
1.193839383938393617e+00 -4.065138551932740540e+00
1.194444444444443754e+00 -4.068107307916476678e+00
1.195049504950494779e+00 -4.071079104783622782e+00
1.195654565456544915e+00 -4.074053942640553316e+00
1.196259625962595941e+00 -4.077031821593650740e+00
1.196864686468646077e+00 -4.080012741749287741e+00
1.197469746974697102e+00 -4.082996703213849443e+00
1.198074807480747239e+00 -4.085983706093706758e+00
1.198679867986798264e+00 -4.088973750495244808e+00
1.199284928492848401e+00 -4.091966836524836282e+00
1.199889988998899426e+00 -4.094962964288865415e+00
1.200495049504949563e+00 -4.097962133893702230e+00
1.201100110011000588e+00 -4.100964345445734516e+00
1.201705170517050725e+00 -4.103969599051331407e+00
1.202310231023101750e+00 -4.106977894816880692e+00
1.202915291529152775e+00 -4.109989232848754170e+00
1.203520352035202912e+00 -4.113003613253328083e+00
1.204125412541253937e+00 -4.116021036136988442e+00
1.204730473047304073e+00 -4.119041501606103495e+00
1.205335533553355098e+00 -4.122065009767062804e+00
1.205940594059405235e+00 -4.125091560726234619e+00
1.206545654565456260e+00 -4.128121154590004949e+00
1.207150715071506397e+00 -4.131153791464744707e+00
1.207755775577557422e+00 -4.134189471456841680e+00
1.208360836083607559e+00 -4.137228194672661452e+00
1.208965896589658584e+00 -4.140269961218597139e+00
1.209570957095708721e+00 -4.143314771201014324e+00
1.210176017601759746e+00 -4.146362624726299018e+00
1.210781078107809883e+00 -4.149413521900823909e+00
1.211386138613860908e+00 -4.152467462830973233e+00
1.211991199119911045e+00 -4.155524447623117901e+00
1.212596259625962070e+00 -4.158584476383645701e+00
1.213201320132012206e+00 -4.161647549218924880e+00
1.213806380638063231e+00 -4.164713666235343226e+00
1.214411441144114256e+00 -4.167782827539274315e+00
1.215016501650164393e+00 -4.170855033237090836e+00
1.215621562156215418e+00 -4.173930283435182353e+00
1.216226622662265555e+00 -4.177008578239915337e+00
1.216831683168316580e+00 -4.180089917757679352e+00
1.217436743674366717e+00 -4.183174302094844421e+00
1.218041804180417742e+00 -4.186261731357793892e+00
1.218646864686467879e+00 -4.189352205652901340e+00
1.219251925192518904e+00 -4.192445725086551001e+00
1.219856985698569041e+00 -4.195542289765112898e+00
1.220462046204620066e+00 -4.198641899794975707e+00
1.221067106710670203e+00 -4.201744555282507676e+00
1.221672167216721228e+00 -4.204850256334095704e+00
1.222277227722771364e+00 -4.207959003056109815e+00
1.222882288228822389e+00 -4.211070795554936907e+00
1.223487348734872526e+00 -4.214185633936945230e+00
1.224092409240923551e+00 -4.217303518308524346e+00
1.224697469746974576e+00 -4.220424448776045168e+00
1.225302530253024713e+00 -4.223548425445884824e+00
1.225907590759075738e+00 -4.226675448424427550e+00
1.226512651265125875e+00 -4.229805517818045146e+00
1.227117711771176900e+00 -4.232938633733121847e+00
1.227722772277227037e+00 -4.236074796276030341e+00
1.228327832783278062e+00 -4.239214005553155751e+00
1.228932893289328199e+00 -4.242356261670867212e+00
1.229537953795379224e+00 -4.245501564735553401e+00
1.230143014301429361e+00 -4.248649914853583454e+00
1.230748074807480386e+00 -4.251801312131343380e+00
1.231353135313530522e+00 -4.254955756675202316e+00
1.231958195819581547e+00 -4.258113248591548938e+00
1.232563256325631684e+00 -4.261273787986752382e+00
1.233168316831682709e+00 -4.264437374967199545e+00
1.233773377337732846e+00 -4.267604009639257789e+00
1.234378437843783871e+00 -4.270773692109317565e+00
1.234983498349834008e+00 -4.273946422483747121e+00
1.235588558855885033e+00 -4.277122200868932467e+00
1.236193619361936058e+00 -4.280301027371248068e+00
1.236798679867986195e+00 -4.283482902097068390e+00
1.237403740374037220e+00 -4.286667825152780331e+00
1.238008800880087357e+00 -4.289855796644753028e+00
1.238613861386138382e+00 -4.293046816679372490e+00
1.239218921892188519e+00 -4.296240885363010520e+00
1.239823982398239544e+00 -4.299438002802054015e+00
1.240429042904289680e+00 -4.302638169102869448e+00
1.241034103410340705e+00 -4.305841384371847269e+00
1.241639163916390842e+00 -4.309047648715354839e+00
1.242244224422441867e+00 -4.312256962239780833e+00
1.242849284928492004e+00 -4.315469325051492611e+00
1.243454345434543029e+00 -4.318684737256878847e+00
1.244059405940593166e+00 -4.321903198962308679e+00
1.244664466446644191e+00 -4.325124710274170781e+00
1.245269526952694328e+00 -4.328349271298831624e+00
1.245874587458745353e+00 -4.331576882142678997e+00
1.246479647964795490e+00 -4.334807542912084699e+00
1.247084708470846515e+00 -4.338041253713432077e+00
1.247689768976897540e+00 -4.341278014653099149e+00
1.248294829482947677e+00 -4.344517825837455050e+00
1.248899889988998702e+00 -4.347760687372892896e+00
1.249504950495048838e+00 -4.351006599365776495e+00
1.250110011001099863e+00 -4.354255561922495410e+00
1.250715071507150000e+00 -4.357507575149419665e+00
1.251320132013201025e+00 -4.360762639152935272e+00
1.251925192519251162e+00 -4.364020754039409589e+00
1.252530253025302187e+00 -4.367281919915234845e+00
1.253135313531352324e+00 -4.370546136886777511e+00
1.253740374037403349e+00 -4.373813405060425374e+00
1.254345434543453486e+00 -4.377083724542546683e+00
1.254950495049504511e+00 -4.380357095439529225e+00
1.255555555555554648e+00 -4.383633517857742135e+00
1.256160616061605673e+00 -4.386912991903573200e+00
1.256765676567655809e+00 -4.390195517683390669e+00
1.257370737073706835e+00 -4.393481095303583217e+00
1.257975797579756971e+00 -4.396769724870520868e+00
1.258580858085807996e+00 -4.400061406490586968e+00
1.259185918591859021e+00 -4.403356140270160424e+00
1.259790979097909158e+00 -4.406653926315610370e+00
1.260396039603960183e+00 -4.409954764733326371e+00
1.261001100110010320e+00 -4.413258655629678451e+00
1.261606160616061345e+00 -4.416565599111051732e+00
1.262211221122111482e+00 -4.419875595283817127e+00
1.262816281628162507e+00 -4.423188644254362423e+00
1.263421342134212644e+00 -4.426504746129054091e+00
1.264026402640263669e+00 -4.429823901014282583e+00
1.264631463146313806e+00 -4.433146109016415259e+00
1.265236523652364831e+00 -4.436471370241839907e+00
1.265841584158414967e+00 -4.439799684796925661e+00
1.266446644664465992e+00 -4.443131052788060309e+00
1.267051705170516129e+00 -4.446465474321611211e+00
1.267656765676567154e+00 -4.449802949503968819e+00
1.268261826182617291e+00 -4.453143478441501379e+00
1.268866886688668316e+00 -4.456487061240593128e+00
1.269471947194719341e+00 -4.459833698007622971e+00
1.270077007700769478e+00 -4.463183388848960043e+00
1.270682068206820503e+00 -4.466536133870994796e+00
1.271287128712870640e+00 -4.469891933180094590e+00
1.271892189218921665e+00 -4.473250786882646324e+00
1.272497249724971802e+00 -4.476612695085021798e+00
1.273102310231022827e+00 -4.479977657893606136e+00
1.273707370737072964e+00 -4.483345675414769360e+00
1.274312431243123989e+00 -4.486716747754897483e+00
1.274917491749174125e+00 -4.490090875020363193e+00
1.275522552255225150e+00 -4.493468057317550723e+00
1.276127612761275287e+00 -4.496848294752829212e+00
1.276732673267326312e+00 -4.500231587432586444e+00
1.277337733773376449e+00 -4.503617935463193334e+00
1.277942794279427474e+00 -4.507007338951035891e+00
1.278547854785477611e+00 -4.510399798002482363e+00
1.279152915291528636e+00 -4.513795312723922315e+00
1.279757975797578773e+00 -4.517193883221722217e+00
1.280363036303629798e+00 -4.520595509602272521e+00
1.280968096809680823e+00 -4.524000191971945029e+00
1.281573157315730960e+00 -4.527407930437112427e+00
1.282178217821781985e+00 -4.530818725104165168e+00
1.282783278327832122e+00 -4.534232576079469723e+00
1.283388338833883147e+00 -4.537649483469414768e+00
1.283993399339933283e+00 -4.541069447380369439e+00
1.284598459845984308e+00 -4.544492467918719747e+00
1.285203520352034445e+00 -4.547918545190836603e+00
1.285808580858085470e+00 -4.551347679303106020e+00
1.286413641364135607e+00 -4.554779870361898908e+00
1.287018701870186632e+00 -4.558215118473601279e+00
1.287623762376236769e+00 -4.561653423744582270e+00
1.288228822882287794e+00 -4.565094786281228778e+00
1.288833883388337931e+00 -4.568539206189912605e+00
1.289438943894388956e+00 -4.571986683577018873e+00
1.290044004400439093e+00 -4.575437218548915830e+00
1.290649064906490118e+00 -4.578890811211993928e+00
1.291254125412540255e+00 -4.582347461672619637e+00
1.291859185918591280e+00 -4.585807170037182523e+00
1.292464246424642305e+00 -4.589269936412053497e+00
1.293069306930692441e+00 -4.592735760903607023e+00
1.293674367436743466e+00 -4.596204643618234442e+00
1.294279427942793603e+00 -4.599676584662299561e+00
1.294884488448844628e+00 -4.603151584142192831e+00
1.295489548954894765e+00 -4.606629642164281613e+00
1.296094609460945790e+00 -4.610110758834954581e+00
1.296699669966995927e+00 -4.613594934260580871e+00
1.297304730473046952e+00 -4.617082168547547383e+00
1.297909790979097089e+00 -4.620572461802224140e+00
1.298514851485148114e+00 -4.624065814130998930e+00
1.299119911991198251e+00 -4.627562225640236448e+00
1.299724972497249276e+00 -4.631061696436329811e+00
1.300330033003299413e+00 -4.634564226625645489e+00
1.300935093509350438e+00 -4.638069816314571270e+00
1.301540154015400574e+00 -4.641578465609475401e+00
1.302145214521451599e+00 -4.645090174616746559e+00
1.302750275027502624e+00 -4.648604943442759208e+00
1.303355335533552761e+00 -4.652122772193884259e+00
1.303960396039603786e+00 -4.655643660976511278e+00
1.304565456545653923e+00 -4.659167609897007623e+00
1.305170517051704948e+00 -4.662694619061764634e+00
1.305775577557755085e+00 -4.666224688577147006e+00
1.306380638063806110e+00 -4.669757818549543416e+00
1.306985698569856247e+00 -4.673294009085323886e+00
1.307590759075907272e+00 -4.676833260290876204e+00
1.308195819581957409e+00 -4.680375572272567730e+00
1.308800880088008434e+00 -4.683920945136787140e+00
1.309405940594058571e+00 -4.687469378989902680e+00
1.310011001100109596e+00 -4.691020873938303914e+00
1.310616061606159732e+00 -4.694575430088356427e+00
1.311221122112210757e+00 -4.698133047546451557e+00
1.311826182618260894e+00 -4.701693726418954000e+00
1.312431243124311919e+00 -4.705257466812255096e+00
1.313036303630362056e+00 -4.708824268832723092e+00
1.313641364136413081e+00 -4.712394132586744888e+00
1.314246424642464106e+00 -4.715967058180692284e+00
1.314851485148514243e+00 -4.719543045720942409e+00
1.315456545654565268e+00 -4.723122095313881275e+00
1.316061606160615405e+00 -4.726704207065875352e+00
1.316666666666666430e+00 -4.730289381083318645e+00
1.317271727172716567e+00 -4.733877617472573185e+00
1.317876787678767592e+00 -4.737468916340030312e+00
1.318481848184817729e+00 -4.741063277792058273e+00
1.319086908690868754e+00 -4.744660701935043079e+00
1.319691969196918890e+00 -4.748261188875356531e+00
1.320297029702969915e+00 -4.751864738719384640e+00
1.320902090209020052e+00 -4.755471351573495653e+00
1.321507150715071077e+00 -4.759081027544080023e+00
1.322112211221121214e+00 -4.762693766737502443e+00
1.322717271727172239e+00 -4.766309569260155143e+00
1.323322332233222376e+00 -4.769928435218401930e+00
1.323927392739273401e+00 -4.773550364718635031e+00
1.324532453245323538e+00 -4.777175357867220917e+00
1.325137513751374563e+00 -4.780803414770549153e+00
1.325742574257425588e+00 -4.784434535534989763e+00
1.326347634763475725e+00 -4.788068720266918987e+00
1.326952695269526750e+00 -4.791705969072724614e+00
1.327557755775576886e+00 -4.795346282058774889e+00
1.328162816281627912e+00 -4.798989659331458490e+00
1.328767876787678048e+00 -4.802636100997141000e+00
1.329372937293729073e+00 -4.806285607162214646e+00
1.329977997799779210e+00 -4.809938177933044123e+00
1.330583058305830235e+00 -4.813593813416021661e+00
1.331188118811880372e+00 -4.817252513717511064e+00
1.331793179317931397e+00 -4.820914278943904563e+00
1.332398239823981534e+00 -4.824579109201567739e+00
1.333003300330032559e+00 -4.828247004596890157e+00
1.333608360836082696e+00 -4.831917965236238288e+00
1.334213421342133721e+00 -4.835591991226003472e+00
1.334818481848183858e+00 -4.839269082672551292e+00
1.335423542354234883e+00 -4.842949239682271312e+00
1.336028602860285019e+00 -4.846632462361531779e+00
1.336633663366336044e+00 -4.850318750816720481e+00
1.337238723872387069e+00 -4.854008105154210995e+00
1.337843784378437206e+00 -4.857700525480376008e+00
1.338448844884488231e+00 -4.861396011901605974e+00
1.339053905390538368e+00 -4.865094564524266474e+00
1.339658965896589393e+00 -4.868796183454746185e+00
1.340264026402639530e+00 -4.872500868799415130e+00
1.340869086908690555e+00 -4.876208620664660209e+00
1.341474147414740692e+00 -4.879919439156848782e+00
1.342079207920791717e+00 -4.883633324382371299e+00
1.342684268426841854e+00 -4.887350276447595121e+00
1.343289328932892879e+00 -4.891070295458908035e+00
1.343894389438943016e+00 -4.894793381522679176e+00
1.344499449944994041e+00 -4.898519534745295445e+00
1.345104510451044177e+00 -4.902248755233125976e+00
1.345709570957095202e+00 -4.905981043092559446e+00
1.346314631463145339e+00 -4.909716398429964102e+00
1.346919691969196364e+00 -4.913454821351727730e+00
1.347524752475247389e+00 -4.917196311964223909e+00
1.348129812981297526e+00 -4.920940870373825327e+00
1.348734873487348551e+00 -4.924688496686921546e+00
1.349339933993398688e+00 -4.928439191009877263e+00
1.349944994499449713e+00 -4.932192953449086481e+00
1.350550055005499850e+00 -4.935949784110913008e+00
1.351155115511550875e+00 -4.939709683101747295e+00
1.351760176017601012e+00 -4.943472650527954926e+00
1.352365236523652037e+00 -4.947238686495927240e+00
1.352970297029702174e+00 -4.951007791112031597e+00
1.353575357535753199e+00 -4.954779964482657562e+00
1.354180418041803335e+00 -4.958555206714168939e+00
1.354785478547854360e+00 -4.962333517912958847e+00
1.355390539053904497e+00 -4.966114898185391979e+00
1.355995599559955522e+00 -4.969899347637860565e+00
1.356600660066005659e+00 -4.973686866376729299e+00
1.357205720572056684e+00 -4.977477454508387744e+00
1.357810781078106821e+00 -4.981271112139203261e+00
1.358415841584157846e+00 -4.985067839375566301e+00
1.359020902090208871e+00 -4.988867636323848664e+00
1.359625962596259008e+00 -4.992670503090423928e+00
1.360231023102310033e+00 -4.996476439781680767e+00
1.360836083608360170e+00 -5.000285446503985654e+00
1.361441144114411195e+00 -5.004097523363729039e+00
1.362046204620461332e+00 -5.007912670467277394e+00
1.362651265126512357e+00 -5.011730887921020283e+00
1.363256325632562493e+00 -5.015552175831325954e+00
1.363861386138613518e+00 -5.019376534304582194e+00
1.364466446644663655e+00 -5.023203963447157250e+00
1.365071507150714680e+00 -5.027034463365438910e+00
1.365676567656764817e+00 -5.030868034165797198e+00
1.366281628162815842e+00 -5.034704675954619013e+00
1.366886688668865979e+00 -5.038544388838271715e+00
1.367491749174917004e+00 -5.042387172923145755e+00
1.368096809680967141e+00 -5.046233028315608493e+00
1.368701870187018166e+00 -5.050081955122048605e+00
1.369306930693068303e+00 -5.053933953448833449e+00
1.369911991199119328e+00 -5.057789023402350814e+00
1.370517051705170353e+00 -5.061647165088975164e+00
1.371122112211220490e+00 -5.065508378615079188e+00
1.371727172717271515e+00 -5.069372664087052449e+00
1.372332233223321651e+00 -5.073240021611260531e+00
1.372937293729372676e+00 -5.077110451294095661e+00
1.373542354235422813e+00 -5.080983953241922535e+00
1.374147414741473838e+00 -5.084860527561131605e+00
1.374752475247523975e+00 -5.088740174358088453e+00
1.375357535753575000e+00 -5.092622893739184420e+00
1.375962596259625137e+00 -5.096508685810785977e+00
1.376567656765676162e+00 -5.100397550679282688e+00
1.377172717271726299e+00 -5.104289488451041912e+00
1.377777777777777324e+00 -5.108184499232450548e+00
1.378382838283827461e+00 -5.112082583129879509e+00
1.378987898789878486e+00 -5.115983740249715694e+00
1.379592959295928623e+00 -5.119887970698328239e+00
1.380198019801979648e+00 -5.123795274582105819e+00
1.380803080308029784e+00 -5.127705652007412240e+00
1.381408140814080809e+00 -5.131619103080642397e+00
1.382013201320131834e+00 -5.135535627908164535e+00
1.382618261826181971e+00 -5.139455226596354898e+00
1.383223322332232996e+00 -5.143377899251600383e+00
1.383828382838283133e+00 -5.147303645980269238e+00
1.384433443344334158e+00 -5.151232466888750139e+00
1.385038503850384295e+00 -5.155164362083410445e+00
1.385643564356435320e+00 -5.159099331670639721e+00
1.386248624862485457e+00 -5.163037375756805325e+00
1.386853685368536482e+00 -5.166978494448297710e+00
1.387458745874586619e+00 -5.170922687851481570e+00
1.388063806380637644e+00 -5.174869956072747357e+00
1.388668866886687780e+00 -5.178820299218463319e+00
1.389273927392738806e+00 -5.182773717395017243e+00
1.389878987898788942e+00 -5.186730210708777378e+00
1.390484048404839967e+00 -5.190689779266131509e+00
1.391089108910890104e+00 -5.194652423173449662e+00
1.391694169416941129e+00 -5.198618142537119624e+00
1.392299229922992154e+00 -5.202586937463512307e+00
1.392904290429042291e+00 -5.206558808059003951e+00
1.393509350935093316e+00 -5.210533754429980569e+00
1.394114411441143453e+00 -5.214511776682810407e+00
1.394719471947194478e+00 -5.218492874923885694e+00
1.395324532453244615e+00 -5.222477049259569348e+00
1.395929592959295640e+00 -5.226464299796253599e+00
1.396534653465345777e+00 -5.230454626640304028e+00
1.397139713971396802e+00 -5.234448029898111088e+00
1.397744774477446938e+00 -5.238444509676040362e+00
1.398349834983497963e+00 -5.242444066080484966e+00
1.398954895489548100e+00 -5.246446699217806042e+00
1.399559955995599125e+00 -5.250452409194398484e+00
1.400165016501649262e+00 -5.254461196116626986e+00
1.400770077007700287e+00 -5.258473060090882001e+00
1.401375137513750424e+00 -5.262488001223528222e+00
1.401980198019801449e+00 -5.266506019620957879e+00
1.402585258525851586e+00 -5.270527115389535666e+00
1.403190319031902611e+00 -5.274551288635654700e+00
1.403795379537953636e+00 -5.278578539465684116e+00
1.404400440044003773e+00 -5.282608867985997492e+00
1.405005500550054798e+00 -5.286642274302984390e+00
1.405610561056104935e+00 -5.290678758523013059e+00
1.406215621562155960e+00 -5.294718320752472174e+00
1.406820682068206096e+00 -5.298760961097727318e+00
1.407425742574257121e+00 -5.302806679665168943e+00
1.408030803080307258e+00 -5.306855476561167073e+00
1.408635863586358283e+00 -5.310907351892105943e+00
1.409240924092408420e+00 -5.314962305764355577e+00
1.409845984598459445e+00 -5.319020338284306426e+00
1.410451045104509582e+00 -5.323081449558324074e+00
1.411056105610560607e+00 -5.327145639692798085e+00
1.411661166116610744e+00 -5.331212908794093153e+00
1.412266226622661769e+00 -5.335283256968604171e+00
1.412871287128711906e+00 -5.339356684322694058e+00
1.413476347634762931e+00 -5.343433190962753265e+00
1.414081408140813068e+00 -5.347512776995150041e+00
1.414686468646864093e+00 -5.351595442526273061e+00
1.415291529152915118e+00 -5.355681187662494125e+00
1.415896589658965254e+00 -5.359770012510186810e+00
1.416501650165016279e+00 -5.363861917175739791e+00
1.417106710671066416e+00 -5.367956901765520428e+00
1.417711771177117441e+00 -5.372054966385919172e+00
1.418316831683167578e+00 -5.376156111143302496e+00
1.418921892189218603e+00 -5.380260336144059963e+00
1.419526952695268740e+00 -5.384367641494558931e+00
1.420132013201319765e+00 -5.388478027301188078e+00
1.420737073707369902e+00 -5.392591493670312985e+00
1.421342134213420927e+00 -5.396708040708327658e+00
1.421947194719471064e+00 -5.400827668521595015e+00
1.422552255225522089e+00 -5.404950377216506396e+00
1.423157315731572226e+00 -5.409076166899427385e+00
1.423762376237623251e+00 -5.413205037676750209e+00
1.424367436743673387e+00 -5.417336989654838675e+00
1.424972497249724412e+00 -5.421472022940085012e+00
1.425577557755775437e+00 -5.425610137638861019e+00
1.426182618261825574e+00 -5.429751333857536721e+00
1.426787678767876599e+00 -5.433895611702506123e+00
1.427392739273926736e+00 -5.438042971280133031e+00
1.427997799779977761e+00 -5.442193412696807897e+00
1.428602860286027898e+00 -5.446346936058898081e+00
1.429207920792078923e+00 -5.450503541472794033e+00
1.429812981298129060e+00 -5.454663229044859563e+00
1.430418041804180085e+00 -5.458825998881488673e+00
1.431023102310230222e+00 -5.462991851089045170e+00
1.431628162816281247e+00 -5.467160785773918619e+00
1.432233223322331384e+00 -5.471332803042477266e+00
1.432838283828382409e+00 -5.475507903001109788e+00
1.433443344334432545e+00 -5.479686085756183545e+00
1.434048404840483570e+00 -5.483867351414088986e+00
1.434653465346533707e+00 -5.488051700081189921e+00
1.435258525852584732e+00 -5.492239131863879464e+00
1.435863586358634869e+00 -5.496429646868523200e+00
1.436468646864685894e+00 -5.500623245201511580e+00
1.437073707370736919e+00 -5.504819926969216404e+00
1.437678767876787056e+00 -5.509019692278010361e+00
1.438283828382838081e+00 -5.513222541234283014e+00
1.438888888888888218e+00 -5.517428473944400835e+00
1.439493949394939243e+00 -5.521637490514754276e+00
1.440099009900989380e+00 -5.525849591051709808e+00
1.440704070407040405e+00 -5.530064775661656995e+00
1.441309130913090542e+00 -5.534283044450962308e+00
1.441914191419141567e+00 -5.538504397526016199e+00
1.442519251925191703e+00 -5.542728834993186915e+00
1.443124312431242728e+00 -5.546956356958860468e+00
1.443729372937292865e+00 -5.551186963529406881e+00
1.444334433443343890e+00 -5.555420654811214831e+00
1.444939493949394027e+00 -5.559657430910650788e+00
1.445544554455445052e+00 -5.563897291934106093e+00
1.446149614961495189e+00 -5.568140237987943664e+00
1.446754675467546214e+00 -5.572386269178557505e+00
1.447359735973596351e+00 -5.576635385612313200e+00
1.447964796479647376e+00 -5.580887587395599425e+00
1.448569856985698401e+00 -5.585142874634788868e+00
1.449174917491748538e+00 -5.589401247436253328e+00
1.449779977997799563e+00 -5.593662705906386812e+00
1.450385038503849700e+00 -5.597927250151551348e+00
1.450990099009900725e+00 -5.602194880278138278e+00
1.451595159515950861e+00 -5.606465596392514072e+00
1.452200220022001886e+00 -5.610739398601070960e+00
1.452805280528052023e+00 -5.615016287010170970e+00
1.453410341034103048e+00 -5.619296261726207220e+00
1.454015401540153185e+00 -5.623579322855546181e+00
1.454620462046204210e+00 -5.627865470504578305e+00
1.455225522552254347e+00 -5.632154704779668286e+00
1.455830583058305372e+00 -5.636447025787206577e+00
1.456435643564355509e+00 -5.640742433633560537e+00
1.457040704070406534e+00 -5.645040928425121507e+00
1.457645764576456671e+00 -5.649342510268251516e+00
1.458250825082507696e+00 -5.653647179269345457e+00
1.458855885588557832e+00 -5.657954935534766250e+00
1.459460946094608857e+00 -5.662265779170907898e+00
1.460066006600659883e+00 -5.666579710284139537e+00
1.460671067106710019e+00 -5.670896728980832080e+00
1.461276127612761044e+00 -5.675216835367379531e+00
1.461881188118811181e+00 -5.679540029550146585e+00
1.462486248624862206e+00 -5.683866311635524582e+00
1.463091309130912343e+00 -5.688195681729876441e+00
1.463696369636963368e+00 -5.692528139939595277e+00
1.464301430143013505e+00 -5.696863686371047564e+00
1.464906490649064530e+00 -5.701202321130623751e+00
1.465511551155114667e+00 -5.705544044324686759e+00
1.466116611661165692e+00 -5.709888856059631479e+00
1.466721672167215829e+00 -5.714236756441822607e+00
1.467326732673266854e+00 -5.718587745577647041e+00
1.467931793179316990e+00 -5.722941823573475695e+00
1.468536853685368015e+00 -5.727298990535697243e+00
1.469141914191418152e+00 -5.731659246570675492e+00
1.469746974697469177e+00 -5.736022591784806224e+00
1.470352035203520202e+00 -5.740389026284455021e+00
1.470957095709570339e+00 -5.744758550175999012e+00
1.471562156215621364e+00 -5.749131163565827762e+00
1.472167216721671501e+00 -5.753506866560305077e+00
1.472772277227722526e+00 -5.757885659265825851e+00
1.473377337733772663e+00 -5.762267541788750336e+00
1.473982398239823688e+00 -5.766652514235473426e+00
1.474587458745873825e+00 -5.771040576712358927e+00
1.475192519251924850e+00 -5.775431729325797292e+00
1.475797579757974987e+00 -5.779825972182155880e+00
1.476402640264026012e+00 -5.784223305387826919e+00
1.477007700770076148e+00 -5.788623729049172439e+00
1.477612761276127173e+00 -5.793027243272584670e+00
1.478217821782177310e+00 -5.797433848164430970e+00
1.478822882288228335e+00 -5.801843543831099126e+00
1.479427942794278472e+00 -5.806256330378957387e+00
1.480033003300329497e+00 -5.810672207914395315e+00
1.480638063806379634e+00 -5.815091176543779383e+00
1.481243124312430659e+00 -5.819513236373500931e+00
1.481848184818481684e+00 -5.823938387509929981e+00
1.482453245324531821e+00 -5.828366630059439224e+00
1.483058305830582846e+00 -5.832797964128419999e+00
1.483663366336632983e+00 -5.837232389823238776e+00
1.484268426842684008e+00 -5.841669907250283345e+00
1.484873487348734145e+00 -5.846110516515924616e+00
1.485478547854785170e+00 -5.850554217726547712e+00
1.486083608360835306e+00 -5.855001010988521770e+00
1.486688668866886331e+00 -5.859450896408237242e+00
1.487293729372936468e+00 -5.863903874092060597e+00
1.487898789878987493e+00 -5.868359944146380514e+00
1.488503850385037630e+00 -5.872819106677562573e+00
1.489108910891088655e+00 -5.877281361792000780e+00
1.489713971397138792e+00 -5.881746709596058054e+00
1.490319031903189817e+00 -5.886215150196125734e+00
1.490924092409239954e+00 -5.890686683698568515e+00
1.491529152915290979e+00 -5.895161310209780403e+00
1.492134213421341116e+00 -5.899639029836125204e+00
1.492739273927392141e+00 -5.904119842683992481e+00
1.493344334433443166e+00 -5.908603748859755811e+00
1.493949394939493303e+00 -5.913090748469787883e+00
1.494554455445544328e+00 -5.917580841620479148e+00
1.495159515951594464e+00 -5.922074028418192526e+00
1.495764576457645489e+00 -5.926570308969322021e+00
1.496369636963695626e+00 -5.931069683380231439e+00
1.496974697469746651e+00 -5.935572151757313009e+00
1.497579757975796788e+00 -5.940077714206932313e+00
1.498184818481847813e+00 -5.944586370835478917e+00
1.498789878987897950e+00 -5.949098121749321066e+00
1.499394939493948975e+00 -5.953612967054848326e+00
1.499999999999999112e+00 -5.958130906858422726e+00
1.500605060506050137e+00 -5.962651941266440048e+00
1.501210121012100274e+00 -5.967176070385264985e+00
1.501815181518151299e+00 -5.971703294321288880e+00
1.502420242024201436e+00 -5.976233613180873760e+00
1.503025302530252461e+00 -5.980767027070413633e+00
1.503630363036302597e+00 -5.985303536096274080e+00
1.504235423542353622e+00 -5.989843140364845553e+00
1.504840484048404647e+00 -5.994385839982499853e+00
1.505445544554454784e+00 -5.998931635055609668e+00
1.506050605060505809e+00 -6.003480525690564562e+00
1.506655665566555946e+00 -6.008032511993729230e+00
1.507260726072606971e+00 -6.012587594071499453e+00
1.507865786578657108e+00 -6.017145772030232820e+00
1.508470847084708133e+00 -6.021707045976330441e+00
1.509075907590758270e+00 -6.026271416016149907e+00
1.509680968096809295e+00 -6.030838882256084332e+00
1.510286028602859432e+00 -6.035409444802500190e+00
1.510891089108910457e+00 -6.039983103761789707e+00
1.511496149614960594e+00 -6.044559859240314026e+00
1.512101210121011619e+00 -6.049139711344468040e+00
1.512706270627061755e+00 -6.053722660180615556e+00
1.513311331133112780e+00 -6.058308705855148801e+00
1.513916391639162917e+00 -6.062897848474433360e+00
1.514521452145213942e+00 -6.067490088144857907e+00
1.515126512651264967e+00 -6.072085424972796908e+00
1.515731573157315104e+00 -6.076683859064621274e+00
1.516336633663366129e+00 -6.081285390526721457e+00
1.516941694169416266e+00 -6.085890019465464817e+00
1.517546754675467291e+00 -6.090497745987239142e+00
1.518151815181517428e+00 -6.095108570198413567e+00
1.518756875687568453e+00 -6.099722492205377655e+00
1.519361936193618590e+00 -6.104339512114494326e+00
1.519966996699669615e+00 -6.108959630032160248e+00
1.520572057205719751e+00 -6.113582846064736565e+00
1.521177117711770777e+00 -6.118209160318614614e+00
1.521782178217820913e+00 -6.122838572900161758e+00
1.522387238723871938e+00 -6.127471083915766670e+00
1.522992299229922075e+00 -6.132106693471797598e+00
1.523597359735973100e+00 -6.136745401674644995e+00
1.524202420242023237e+00 -6.141387208630671779e+00
1.524807480748074262e+00 -6.146032114446271066e+00
1.525412541254124399e+00 -6.150680119227809328e+00
1.526017601760175424e+00 -6.155331223081676129e+00
1.526622662266226449e+00 -6.159985426114242379e+00
1.527227722772276586e+00 -6.164642728431880769e+00
1.527832783278327611e+00 -6.169303130140984415e+00
1.528437843784377748e+00 -6.173966631347917122e+00
1.529042904290428773e+00 -6.178633232159068456e+00
1.529647964796478909e+00 -6.183302932680806663e+00
1.530253025302529934e+00 -6.187975733019521307e+00
1.530858085808580071e+00 -6.192651633281577972e+00
1.531463146314631096e+00 -6.197330633573367109e+00
1.532068206820681233e+00 -6.202012734001256078e+00
1.532673267326732258e+00 -6.206697934671634442e+00
1.533278327832782395e+00 -6.211386235690868673e+00
1.533883388338833420e+00 -6.216077637165347447e+00
1.534488448844883557e+00 -6.220772139201438122e+00
1.535093509350934582e+00 -6.225469741905532928e+00
1.535698569856984719e+00 -6.230170445383995670e+00
1.536303630363035744e+00 -6.234874249743218577e+00
1.536908690869085881e+00 -6.239581155089566344e+00
1.537513751375136906e+00 -6.244291161529428535e+00
1.538118811881187931e+00 -6.249004269169179615e+00
1.538723872387238067e+00 -6.253720478115189607e+00
1.539328932893289092e+00 -6.258439788473850740e+00
1.539933993399339229e+00 -6.263162200351528597e+00
1.540539053905390254e+00 -6.267887713854613629e+00
1.541144114411440391e+00 -6.272616329089471421e+00
1.541749174917491416e+00 -6.277348046162493311e+00
1.542354235423541553e+00 -6.282082865180043108e+00
1.542959295929592578e+00 -6.286820786248513926e+00
1.543564356435642715e+00 -6.291561809474270461e+00
1.544169416941693740e+00 -6.296305934963704054e+00
1.544774477447743877e+00 -6.301053162823179399e+00
1.545379537953794902e+00 -6.305803493159089612e+00
1.545984598459845039e+00 -6.310556926077798501e+00
1.546589658965896064e+00 -6.315313461685697405e+00
1.547194719471946200e+00 -6.320073100089151907e+00
1.547799779977997225e+00 -6.324835841394552460e+00
1.548404840484048250e+00 -6.329601685708269976e+00
1.549009900990098387e+00 -6.334370633136679807e+00
1.549614961496149412e+00 -6.339142683786171517e+00
1.550220022002199549e+00 -6.343917837763108025e+00
1.550825082508250574e+00 -6.348696095173885112e+00
1.551430143014300711e+00 -6.353477456124863032e+00
1.552035203520351736e+00 -6.358261920722437566e+00
1.552640264026401873e+00 -6.363049489072970744e+00
1.553245324532452898e+00 -6.367840161282854794e+00
1.553850385038503035e+00 -6.372633937458454412e+00
1.554455445544554060e+00 -6.377430817706162713e+00
1.555060506050604197e+00 -6.382230802132342617e+00
1.555665566556655222e+00 -6.387033890843388129e+00
1.556270627062705358e+00 -6.391840083945663054e+00
1.556875687568756383e+00 -6.396649381545558732e+00
1.557480748074806520e+00 -6.401461783749438972e+00
1.558085808580857545e+00 -6.406277290663698665e+00
1.558690869086907682e+00 -6.411095902394699841e+00
1.559295929592958707e+00 -6.415917619048835618e+00
1.559900990099009732e+00 -6.420742440732475131e+00
1.560506050605059869e+00 -6.425570367551993733e+00
1.561111111111110894e+00 -6.430401399613781876e+00
1.561716171617161031e+00 -6.435235537024200703e+00
1.562321232123212056e+00 -6.440072779889646881e+00
1.562926292629262193e+00 -6.444913128316482442e+00
1.563531353135313218e+00 -6.449756582411100503e+00
1.564136413641363355e+00 -6.454603142279864869e+00
1.564741474147414380e+00 -6.459452808029167770e+00
1.565346534653464516e+00 -6.464305579765373011e+00
1.565951595159515541e+00 -6.469161457594875486e+00
1.566556655665565678e+00 -6.474020441624036337e+00
1.567161716171616703e+00 -6.478882531959248681e+00
1.567766776677666840e+00 -6.483747728706878988e+00
1.568371837183717865e+00 -6.488616031973315046e+00
1.568976897689768002e+00 -6.493487441864925103e+00
1.569581958195819027e+00 -6.498361958488098722e+00
1.570187018701869164e+00 -6.503239581949204151e+00
1.570792079207920189e+00 -6.508120312354630066e+00
1.571397139713971214e+00 -6.513004149810747379e+00
1.572002200220021351e+00 -6.517891094423930554e+00
1.572607260726072376e+00 -6.522781146300569155e+00
1.573212321232122513e+00 -6.527674305547028766e+00
1.573817381738173538e+00 -6.532570572269699838e+00
1.574422442244223674e+00 -6.537469946574947954e+00
1.575027502750274699e+00 -6.542372428569167120e+00
1.575632563256324836e+00 -6.547278018358718477e+00
1.576237623762375861e+00 -6.552186716049996917e+00
1.576842684268425998e+00 -6.557098521749364473e+00
1.577447744774477023e+00 -6.562013435563216035e+00
1.578052805280527160e+00 -6.566931457597911859e+00
1.578657865786578185e+00 -6.571852587959847725e+00
1.579262926292628322e+00 -6.576776826755388328e+00
1.579867986798679347e+00 -6.581704174090923232e+00
1.580473047304729484e+00 -6.586634630072817131e+00
1.581078107810780509e+00 -6.591568194807464920e+00
1.581683168316830645e+00 -6.596504868401225963e+00
1.582288228822881671e+00 -6.601444650960498706e+00
1.582893289328932696e+00 -6.606387542591651396e+00
1.583498349834982832e+00 -6.611333543401053170e+00
1.584103410341033857e+00 -6.616282653495099808e+00
1.584708470847083994e+00 -6.621234872980153341e+00
1.585313531353135019e+00 -6.626190201962606885e+00
1.585918591859185156e+00 -6.631148640548824247e+00
1.586523652365236181e+00 -6.636110188845199431e+00
1.587128712871286318e+00 -6.641074846958095357e+00
1.587733773377337343e+00 -6.646042614993902475e+00
1.588338833883387480e+00 -6.651013493058988146e+00
1.588943894389438505e+00 -6.655987481259744598e+00
1.589548954895488642e+00 -6.660964579702532973e+00
1.590154015401539667e+00 -6.665944788493748163e+00
1.590759075907589803e+00 -6.670928107739753976e+00
1.591364136413640828e+00 -6.675914537546942640e+00
1.591969196919690965e+00 -6.680904078021679737e+00
1.592574257425741990e+00 -6.685896729270352168e+00
1.593179317931793015e+00 -6.690892491399337949e+00
1.593784378437843152e+00 -6.695891364515004440e+00
1.594389438943894177e+00 -6.700893348723745646e+00
1.594994499449944314e+00 -6.705898444131923597e+00
1.595599559955995339e+00 -6.710906650845933186e+00
1.596204620462045476e+00 -6.715917968972139107e+00
1.596809680968096501e+00 -6.720932398616930925e+00
1.597414741474146638e+00 -6.725949939886673334e+00
1.598019801980197663e+00 -6.730970592887761228e+00
1.598624862486247800e+00 -6.735994357726555748e+00
1.599229922992298825e+00 -6.741021234509450011e+00
1.599834983498348961e+00 -6.746051223342809600e+00
1.600440044004399986e+00 -6.751084324333026743e+00
1.601045104510450123e+00 -6.756120537586461694e+00
1.601650165016501148e+00 -6.761159863209513787e+00
1.602255225522551285e+00 -6.766202301308540612e+00
1.602860286028602310e+00 -6.771247851989938837e+00
1.603465346534652447e+00 -6.776296515360070494e+00
1.604070407040703472e+00 -6.781348291525329586e+00
1.604675467546754497e+00 -6.786403180592084361e+00
1.605280528052804634e+00 -6.791461182666710172e+00
1.605885588558855659e+00 -6.796522297855596584e+00
1.606490649064905796e+00 -6.801586526265106514e+00
1.607095709570956821e+00 -6.806653868001637520e+00
1.607700770077006958e+00 -6.811724323171548079e+00
1.608305830583057983e+00 -6.816797891881233973e+00
1.608910891089108119e+00 -6.821874574237055455e+00
1.609515951595159144e+00 -6.826954370345411860e+00
1.610121012101209281e+00 -6.832037280312662553e+00
1.610726072607260306e+00 -6.837123304245199762e+00
1.611331133113310443e+00 -6.842212442249388182e+00
1.611936193619361468e+00 -6.847304694431620931e+00
1.612541254125411605e+00 -6.852400060898261813e+00
1.613146314631462630e+00 -6.857498541755704835e+00
1.613751375137512767e+00 -6.862600137110309362e+00
1.614356435643563792e+00 -6.867704847068473839e+00
1.614961496149613929e+00 -6.872812671736557633e+00
1.615566556655664954e+00 -6.877923611220955635e+00
1.616171617161715979e+00 -6.883037665628037871e+00
1.616776677667766116e+00 -6.888154835064177028e+00
1.617381738173817141e+00 -6.893275119635764447e+00
1.617986798679867277e+00 -6.898398519449164823e+00
1.618591859185918302e+00 -6.903525034610767719e+00
1.619196919691968439e+00 -6.908654665226942271e+00
1.619801980198019464e+00 -6.913787411404078043e+00
1.620407040704069601e+00 -6.918923273248538841e+00
1.621012101210120626e+00 -6.924062250866718671e+00
1.621617161716170763e+00 -6.929204344364979562e+00
1.622222222222221788e+00 -6.934349553849714631e+00
1.622827282728271925e+00 -6.939497879427289462e+00
1.623432343234322950e+00 -6.944649321204094505e+00
1.624037403740373087e+00 -6.949803879286495345e+00
1.624642464246424112e+00 -6.954961553780883321e+00
1.625247524752474249e+00 -6.960122344793623128e+00
1.625852585258525274e+00 -6.965286252431108771e+00
1.626457645764575410e+00 -6.970453276799701392e+00
1.627062706270626435e+00 -6.975623418005795884e+00
1.627667766776677460e+00 -6.980796676155760494e+00
1.628272827282727597e+00 -6.985973051355967911e+00
1.628877887788778622e+00 -6.991152543712813028e+00
1.629482948294828759e+00 -6.996335153332656986e+00
1.630088008800879784e+00 -7.001520880321892903e+00
1.630693069306929921e+00 -7.006709724786884586e+00
1.631298129812980946e+00 -7.011901686834026926e+00
1.631903190319031083e+00 -7.017096766569680177e+00
1.632508250825082108e+00 -7.022294964100239234e+00
1.633113311331132245e+00 -7.027496279532067902e+00
1.633718371837183270e+00 -7.032700712971557522e+00
1.634323432343233407e+00 -7.037908264525073676e+00
1.634928492849284432e+00 -7.043118934299007705e+00
1.635533553355334568e+00 -7.048332722399723416e+00
1.636138613861385593e+00 -7.053549628933616589e+00
1.636743674367435730e+00 -7.058769654007045702e+00
1.637348734873486755e+00 -7.063992797726408313e+00
1.637953795379537780e+00 -7.069219060198072668e+00
1.638558855885587917e+00 -7.074448441528409681e+00
1.639163916391638942e+00 -7.079680941823814244e+00
1.639768976897689079e+00 -7.084916561190647499e+00
1.640374037403740104e+00 -7.090155299735305228e+00
1.640979097909790241e+00 -7.095397157564149460e+00
1.641584158415841266e+00 -7.100642134783573312e+00
1.642189218921891403e+00 -7.105890231499938814e+00
1.642794279427942428e+00 -7.111141447819641748e+00
1.643399339933992565e+00 -7.116395783849043255e+00
1.644004400440043590e+00 -7.121653239694539117e+00
1.644609460946093726e+00 -7.126913815462489588e+00
1.645214521452144751e+00 -7.132177511259291336e+00
1.645819581958194888e+00 -7.137444327191303728e+00
1.646424642464245913e+00 -7.142714263364922544e+00
1.647029702970296050e+00 -7.147987319886510704e+00
1.647634763476347075e+00 -7.153263496862462212e+00
1.648239823982397212e+00 -7.158542794399137321e+00
1.648844884488448237e+00 -7.163825212602932702e+00
1.649449944994499262e+00 -7.169110751580216601e+00
1.650055005500549399e+00 -7.174399411437361707e+00
1.650660066006600424e+00 -7.179691192280762024e+00
1.651265126512650561e+00 -7.184986094216776920e+00
1.651870187018701586e+00 -7.190284117351802173e+00
1.652475247524751722e+00 -7.195585261792204257e+00
1.653080308030802748e+00 -7.200889527644368293e+00
1.653685368536852884e+00 -7.206196915014666970e+00
1.654290429042903909e+00 -7.211507424009486300e+00
1.654895489548954046e+00 -7.216821054735193641e+00
1.655500550055005071e+00 -7.222137807298182111e+00
1.656105610561055208e+00 -7.227457681804811074e+00
1.656710671067106233e+00 -7.232780678361477200e+00
1.657315731573156370e+00 -7.238106797074544296e+00
1.657920792079207395e+00 -7.243436038050401926e+00
1.658525852585257532e+00 -7.248768401395417449e+00
1.659130913091308557e+00 -7.254103887215983093e+00
1.659735973597358694e+00 -7.259442495618460001e+00
1.660341034103409719e+00 -7.264784226709245729e+00
1.660946094609460744e+00 -7.270129080594706750e+00
1.661551155115510880e+00 -7.275477057381215751e+00
1.662156215621561905e+00 -7.280828157175164961e+00
1.662761276127612042e+00 -7.286182380082918186e+00
1.663366336633663067e+00 -7.291539726210869432e+00
1.663971397139713204e+00 -7.296900195665381617e+00
1.664576457645764229e+00 -7.302263788552846080e+00
1.665181518151814366e+00 -7.307630504979630182e+00
1.665786578657865391e+00 -7.313000345052122597e+00
1.666391639163915528e+00 -7.318373308876692462e+00
1.666996699669966553e+00 -7.323749396559725788e+00
1.667601760176016690e+00 -7.329128608207590823e+00
1.668206820682067715e+00 -7.334510943926679793e+00
1.668811881188117852e+00 -7.339896403823353843e+00
1.669416941694168877e+00 -7.345284988004010529e+00
1.670022002200219013e+00 -7.350676696575008329e+00
1.670627062706270038e+00 -7.356071529642744800e+00
1.671232123212321063e+00 -7.361469487313588189e+00
1.671837183718371200e+00 -7.366870569693910298e+00
1.672442244224422225e+00 -7.372274776890103354e+00
1.673047304730472362e+00 -7.377682109008532052e+00
1.673652365236523387e+00 -7.383092566155589509e+00
1.674257425742573524e+00 -7.388506148437633314e+00
1.674862486248624549e+00 -7.393922855961067242e+00
1.675467546754674686e+00 -7.399342688832246218e+00
1.676072607260725711e+00 -7.404765647157567798e+00
1.676677667766775848e+00 -7.410191731043393126e+00
1.677282728272826873e+00 -7.415620940596114430e+00
1.677887788778877010e+00 -7.421053275922099068e+00
1.678492849284928035e+00 -7.426488737127737494e+00
1.679097909790978171e+00 -7.431927324319392625e+00
1.679702970297029196e+00 -7.437369037603459354e+00
1.680308030803079333e+00 -7.442813877086299712e+00
1.680913091309130358e+00 -7.448261842874307703e+00
1.681518151815180495e+00 -7.453712935073845358e+00
1.682123212321231520e+00 -7.459167153791307570e+00
1.682728272827282545e+00 -7.464624499133066138e+00
1.683333333333332682e+00 -7.470084971205487534e+00
1.683938393839383707e+00 -7.475548570114970204e+00
1.684543454345433844e+00 -7.481015295967872625e+00
1.685148514851484869e+00 -7.486485148870591466e+00
1.685753575357535006e+00 -7.491958128929487870e+00
1.686358635863586031e+00 -7.497434236250956729e+00
1.686963696369636168e+00 -7.502913470941359186e+00
1.687568756875687193e+00 -7.508395833107091910e+00
1.688173817381737329e+00 -7.513881322854515155e+00
1.688778877887788354e+00 -7.519369940290022925e+00
1.689383938393838491e+00 -7.524861685519979915e+00
1.689988998899889516e+00 -7.530356558650777465e+00
1.690594059405939653e+00 -7.535854559788780271e+00
1.691199119911990678e+00 -7.541355689040381449e+00
1.691804180418040815e+00 -7.546859946511942141e+00
1.692409240924091840e+00 -7.552367332309856351e+00
1.693014301430141977e+00 -7.557877846540492328e+00
1.693619361936193002e+00 -7.563391489310236082e+00
1.694224422442244027e+00 -7.568908260725463855e+00
1.694829482948294164e+00 -7.574428160892541229e+00
1.695434543454345189e+00 -7.579951189917867538e+00
1.696039603960395326e+00 -7.585477347907803036e+00
1.696644664466446351e+00 -7.591006634968738176e+00
1.697249724972496487e+00 -7.596539051207040316e+00
1.697854785478547512e+00 -7.602074596729101685e+00
1.698459845984597649e+00 -7.607613271641284314e+00
1.699064906490648674e+00 -7.613155076049984871e+00
1.699669966996698811e+00 -7.618700010061562722e+00
1.700275027502749836e+00 -7.624248073782409207e+00
1.700880088008799973e+00 -7.629799267318892575e+00
1.701485148514850998e+00 -7.635353590777408606e+00
1.702090209020901135e+00 -7.640911044264310448e+00
1.702695269526952160e+00 -7.646471627886003652e+00
1.703300330033002297e+00 -7.652035341748842256e+00
1.703905390539053322e+00 -7.657602185959221153e+00
1.704510451045103459e+00 -7.663172160623505924e+00
1.705115511551154484e+00 -7.668745265848089687e+00
1.705720572057205509e+00 -7.674321501739340690e+00
1.706325632563255645e+00 -7.679900868403633396e+00
1.706930693069306670e+00 -7.685483365947359147e+00
1.707535753575356807e+00 -7.691068994476880860e+00
1.708140814081407832e+00 -7.696657754098591653e+00
1.708745874587457969e+00 -7.702249644918854443e+00
1.709350935093508994e+00 -7.707844667044064124e+00
1.709955995599559131e+00 -7.713442820580582726e+00
1.710561056105610156e+00 -7.719044105634804254e+00
1.711166116611660293e+00 -7.724648522313092514e+00
1.711771177117711318e+00 -7.730256070721837069e+00
1.712376237623761455e+00 -7.735866750967407057e+00
1.712981298129812480e+00 -7.741480563156193817e+00
1.713586358635862616e+00 -7.747097507394555826e+00
1.714191419141913642e+00 -7.752717583788893307e+00
1.714796479647963778e+00 -7.758340792445563849e+00
1.715401540154014803e+00 -7.763967133470965010e+00
1.716006600660065828e+00 -7.769596606971465036e+00
1.716611661166115965e+00 -7.775229213053435728e+00
1.717216721672166990e+00 -7.780864951823268427e+00
1.717821782178217127e+00 -7.786503823387329604e+00
1.718426842684268152e+00 -7.792145827852008821e+00
1.719031903190318289e+00 -7.797790965323673440e+00
1.719636963696369314e+00 -7.803439235908715688e+00
1.720242024202419451e+00 -7.809090639713495818e+00
1.720847084708470476e+00 -7.814745176844409613e+00
1.721452145214520613e+00 -7.820402847407820879e+00
1.722057205720571638e+00 -7.826063651510121844e+00
1.722662266226621774e+00 -7.831727589257672761e+00
1.723267326732672799e+00 -7.837394660756873854e+00
1.723872387238722936e+00 -7.843064866114081823e+00
1.724477447744773961e+00 -7.848738205435696003e+00
1.725082508250824098e+00 -7.854414678828073093e+00
1.725687568756875123e+00 -7.860094286397611540e+00
1.726292629262925260e+00 -7.865777028250670710e+00
1.726897689768976285e+00 -7.871462904493647272e+00
1.727502750275027310e+00 -7.877151915232912138e+00
1.728107810781077447e+00 -7.882844060574829115e+00
1.728712871287128472e+00 -7.888539340625802865e+00
1.729317931793178609e+00 -7.894237755492187425e+00
1.729922992299229634e+00 -7.899939305280380353e+00
1.730528052805279771e+00 -7.905643990096744567e+00
1.731133113311330796e+00 -7.911351810047669630e+00
1.731738173817380932e+00 -7.917062765239523792e+00
1.732343234323431957e+00 -7.922776855778698391e+00
1.732948294829482094e+00 -7.928494081771555457e+00
1.733553355335533119e+00 -7.934214443324491661e+00
1.734158415841583256e+00 -7.939937940543865480e+00
1.734763476347634281e+00 -7.945664573536074471e+00
1.735368536853684418e+00 -7.951394342407480664e+00
1.735973597359735443e+00 -7.957127247264477177e+00
1.736578657865785580e+00 -7.962863288213424262e+00
1.737183718371836605e+00 -7.968602465360719478e+00
1.737788778877886742e+00 -7.974344778812724854e+00
1.738393839383937767e+00 -7.980090228675832620e+00
1.738998899889988792e+00 -7.985838815056416351e+00
1.739603960396038929e+00 -7.991590538060841631e+00
1.740209020902089954e+00 -7.997345397795506905e+00
1.740814081408140090e+00 -8.003103394366771539e+00
1.741419141914191115e+00 -8.008864527881032203e+00
1.742024202420241252e+00 -8.014628798444650926e+00
1.742629262926292277e+00 -8.020396206164019048e+00
1.743234323432342414e+00 -8.026166751145503042e+00
1.743839383938393439e+00 -8.031940433495492471e+00
1.744444444444443576e+00 -8.037717253320353805e+00
1.745049504950494601e+00 -8.043497210726480162e+00
1.745654565456544738e+00 -8.049280305820234460e+00
1.746259625962595763e+00 -8.055066538708006263e+00
1.746864686468645900e+00 -8.060855909496165594e+00
1.747469746974696925e+00 -8.066648418291100242e+00
1.748074807480747062e+00 -8.072444065199174901e+00
1.748679867986798087e+00 -8.078242850326782687e+00
1.749284928492849112e+00 -8.084044773780297177e+00
1.749889988998899248e+00 -8.089849835666084843e+00
1.750495049504950273e+00 -8.095658036090544130e+00
1.751100110011000410e+00 -8.101469375160029074e+00
1.751705170517051435e+00 -8.107283852980945227e+00
1.752310231023101572e+00 -8.113101469659646625e+00
1.752915291529152597e+00 -8.118922225302529938e+00
1.753520352035202734e+00 -8.124746120015958084e+00
1.754125412541253759e+00 -8.130573153906325956e+00
1.754730473047303896e+00 -8.136403327079992920e+00
1.755335533553354921e+00 -8.142236639643357421e+00
1.755940594059405058e+00 -8.148073091702777049e+00
1.756545654565456083e+00 -8.153912683364648473e+00
1.757150715071506220e+00 -8.159755414735336387e+00
1.757755775577557245e+00 -8.165601285921230357e+00
1.758360836083607381e+00 -8.171450297028696852e+00
1.758965896589658406e+00 -8.177302448164127213e+00
1.759570957095708543e+00 -8.183157739433884359e+00
1.760176017601759568e+00 -8.189016170944361406e+00
1.760781078107810593e+00 -8.194877742801931930e+00
1.761386138613860730e+00 -8.200742455112964180e+00
1.761991199119911755e+00 -8.206610307983853048e+00
1.762596259625961892e+00 -8.212481301520957899e+00
1.763201320132012917e+00 -8.218355435830678957e+00
1.763806380638063054e+00 -8.224232711019372033e+00
1.764411441144114079e+00 -8.230113127193435574e+00
1.765016501650164216e+00 -8.235996684459230721e+00
1.765621562156215241e+00 -8.241883382923152368e+00
1.766226622662265378e+00 -8.247773222691561656e+00
1.766831683168316403e+00 -8.253666203870853479e+00
1.767436743674366539e+00 -8.259562326567387203e+00
1.768041804180417564e+00 -8.265461590887564824e+00
1.768646864686467701e+00 -8.271363996937740382e+00
1.769251925192518726e+00 -8.277269544824310543e+00
1.769856985698568863e+00 -8.283178234653640004e+00
1.770462046204619888e+00 -8.289090066532121881e+00
1.771067106710670025e+00 -8.295005040566115539e+00
1.771672167216721050e+00 -8.300923156862019425e+00
1.772277227722772075e+00 -8.306844415526201786e+00
1.772882288228822212e+00 -8.312768816665034421e+00
1.773487348734873237e+00 -8.318696360384908672e+00
1.774092409240923374e+00 -8.324627046792187457e+00
1.774697469746974399e+00 -8.330560875993270997e+00
1.775302530253024536e+00 -8.336497848094511554e+00
1.775907590759075561e+00 -8.342437963202311124e+00
1.776512651265125697e+00 -8.348381221423029075e+00
1.777117711771176722e+00 -8.354327622863058522e+00
1.777722772277226859e+00 -8.360277167628765937e+00
1.778327832783277884e+00 -8.366229855826542661e+00
1.778932893289328021e+00 -8.372185687562746281e+00
1.779537953795379046e+00 -8.378144662943782350e+00
1.780143014301429183e+00 -8.384106782076003128e+00
1.780748074807480208e+00 -8.390072045065807060e+00
1.781353135313530345e+00 -8.396040452019555289e+00
1.781958195819581370e+00 -8.402012003043642707e+00
1.782563256325631507e+00 -8.407986698244432233e+00
1.783168316831682532e+00 -8.413964537728315207e+00
1.783773377337733557e+00 -8.419945521601668759e+00
1.784378437843783693e+00 -8.425929649970855806e+00
1.784983498349834719e+00 -8.431916922942273018e+00
1.785588558855884855e+00 -8.437907340622283314e+00
1.786193619361935880e+00 -8.443900903117281587e+00
1.786798679867986017e+00 -8.449897610533627201e+00
1.787403740374037042e+00 -8.455897462977720380e+00
1.788008800880087179e+00 -8.461900460555915160e+00
1.788613861386138204e+00 -8.467906603374611763e+00
1.789218921892188341e+00 -8.473915891540169554e+00
1.789823982398239366e+00 -8.479928325158986979e+00
1.790429042904289503e+00 -8.485943904337418076e+00
1.791034103410340528e+00 -8.491962629181868394e+00
1.791639163916390665e+00 -8.497984499798688418e+00
1.792244224422441690e+00 -8.504009516294283699e+00
1.792849284928491826e+00 -8.510037678775006498e+00
1.793454345434542851e+00 -8.516068987347258812e+00
1.794059405940593876e+00 -8.522103442117405336e+00
1.794664466446644013e+00 -8.528141043191819648e+00
1.795269526952695038e+00 -8.534181790676894863e+00
1.795874587458745175e+00 -8.540225684678992124e+00
1.796479647964796200e+00 -8.546272725304509876e+00
1.797084708470846337e+00 -8.552322912659805709e+00
1.797689768976897362e+00 -8.558376246851278069e+00
1.798294829482947499e+00 -8.564432727985282767e+00
1.798899889988998524e+00 -8.570492356168223580e+00
1.799504950495048661e+00 -8.576555131506452767e+00
1.800110011001099686e+00 -8.582621054106370551e+00
1.800715071507149823e+00 -8.588690124074338073e+00
1.801320132013200848e+00 -8.594762341516748450e+00
1.801925192519250984e+00 -8.600837706539966376e+00
1.802530253025302009e+00 -8.606916219250386746e+00
1.803135313531352146e+00 -8.612997879754363595e+00
1.803740374037403171e+00 -8.619082688158300698e+00
1.804345434543453308e+00 -8.625170644568559197e+00
1.804950495049504333e+00 -8.631261749091528657e+00
1.805555555555555358e+00 -8.637356001833580876e+00
1.806160616061605495e+00 -8.643453402901091209e+00
1.806765676567656520e+00 -8.649553952400443890e+00
1.807370737073706657e+00 -8.655657650438012496e+00
1.807975797579757682e+00 -8.661764497120181261e+00
1.808580858085807819e+00 -8.667874492553320209e+00
1.809185918591858844e+00 -8.673987636843818905e+00
1.809790979097908981e+00 -8.680103930098042042e+00
1.810396039603960006e+00 -8.686223372422382738e+00
1.811001100110010142e+00 -8.692345963923202135e+00
1.811606160616061167e+00 -8.698471704706900454e+00
1.812211221122111304e+00 -8.704600594879829956e+00
1.812816281628162329e+00 -8.710732634548396192e+00
1.813421342134212466e+00 -8.716867823818949645e+00
1.814026402640263491e+00 -8.723006162797895868e+00
1.814631463146313628e+00 -8.729147651591588897e+00
1.815236523652364653e+00 -8.735292290306425400e+00
1.815841584158414790e+00 -8.741440079048770073e+00
1.816446644664465815e+00 -8.747591017925014256e+00
1.817051705170516840e+00 -8.753745107041529749e+00
1.817656765676566977e+00 -8.759902346504688353e+00
1.818261826182618002e+00 -8.766062736420877854e+00
1.818866886688668139e+00 -8.772226276896468278e+00
1.819471947194719164e+00 -8.778392968037849187e+00
1.820077007700769300e+00 -8.784562809951385276e+00
1.820682068206820325e+00 -8.790735802743469662e+00
1.821287128712870462e+00 -8.796911946520465264e+00
1.821892189218921487e+00 -8.803091241388763422e+00
1.822497249724971624e+00 -8.809273687454730606e+00
1.823102310231022649e+00 -8.815459284824761710e+00
1.823707370737072786e+00 -8.821648033605212547e+00
1.824312431243123811e+00 -8.827839933902481562e+00
1.824917491749173948e+00 -8.834034985822935226e+00
1.825522552255224973e+00 -8.840233189472961328e+00
1.826127612761275110e+00 -8.846434544958922785e+00
1.826732673267326135e+00 -8.852639052387218044e+00
1.827337733773376272e+00 -8.858846711864206469e+00
1.827942794279427297e+00 -8.865057523496282954e+00
1.828547854785478322e+00 -8.871271487389815746e+00
1.829152915291528458e+00 -8.877488603651174870e+00
1.829757975797579483e+00 -8.883708872386760547e+00
1.830363036303629620e+00 -8.889932293702930366e+00
1.830968096809680645e+00 -8.896158867706077444e+00
1.831573157315730782e+00 -8.902388594502568253e+00
1.832178217821781807e+00 -8.908621474198790580e+00
1.832783278327831944e+00 -8.914857506901114448e+00
1.833388338833882969e+00 -8.921096692715929422e+00
1.833993399339933106e+00 -8.927339031749598419e+00
1.834598459845984131e+00 -8.933584524108514557e+00
1.835203520352034268e+00 -8.939833169899046084e+00
1.835808580858085293e+00 -8.946084969227579009e+00
1.836413641364135430e+00 -8.952339922200479805e+00
1.837018701870186455e+00 -8.958598028924146917e+00
1.837623762376236591e+00 -8.964859289504934381e+00
1.838228822882287616e+00 -8.971123704049240644e+00
1.838833883388338641e+00 -8.977391272663437505e+00
1.839438943894388778e+00 -8.983661995453887883e+00
1.840044004400439803e+00 -8.989935872526997329e+00
1.840649064906489940e+00 -8.996212903989118104e+00
1.841254125412540965e+00 -9.002493089946650429e+00
1.841859185918591102e+00 -9.008776430505955446e+00
1.842464246424642127e+00 -9.015062925773424496e+00
1.843069306930692264e+00 -9.021352575855425826e+00
1.843674367436743289e+00 -9.027645380858345447e+00
1.844279427942793426e+00 -9.033941340888551608e+00
1.844884488448844451e+00 -9.040240456052437423e+00
1.845489548954894587e+00 -9.046542726456365813e+00
1.846094609460945613e+00 -9.052848152206731669e+00
1.846699669966995749e+00 -9.059156733409890805e+00
1.847304730473046774e+00 -9.065468470172245219e+00
1.847909790979096911e+00 -9.071783362600154277e+00
1.848514851485147936e+00 -9.078101410800011095e+00
1.849119911991198073e+00 -9.084422614878178592e+00
1.849724972497249098e+00 -9.090746974941055214e+00
1.850330033003300123e+00 -9.097074491095003879e+00
1.850935093509350260e+00 -9.103405163446403492e+00
1.851540154015401285e+00 -9.109738992101640065e+00
1.852145214521451422e+00 -9.116075977167078292e+00
1.852750275027502447e+00 -9.122416118749114844e+00
1.853355335533552584e+00 -9.128759416954109085e+00
1.853960396039603609e+00 -9.135105871888459461e+00
1.854565456545653745e+00 -9.141455483658523562e+00
1.855170517051704770e+00 -9.147808252370698057e+00
1.855775577557754907e+00 -9.154164178131342311e+00
1.856380638063805932e+00 -9.160523261046858323e+00
1.856985698569856069e+00 -9.166885501223596577e+00
1.857590759075907094e+00 -9.173250898767962624e+00
1.858195819581957231e+00 -9.179619453786312278e+00
1.858800880088008256e+00 -9.185991166385043982e+00
1.859405940594058393e+00 -9.192366036670513552e+00
1.860011001100109418e+00 -9.198744064749121208e+00
1.860616061606159555e+00 -9.205125250727226316e+00
1.861221122112210580e+00 -9.211509594711227322e+00
1.861826182618261605e+00 -9.217897096807487145e+00
1.862431243124311742e+00 -9.224287757122381137e+00
1.863036303630362767e+00 -9.230681575762305968e+00
1.863641364136412903e+00 -9.237078552833613898e+00
1.864246424642463928e+00 -9.243478688442714031e+00
1.864851485148514065e+00 -9.249881982695955074e+00
1.865456545654565090e+00 -9.256288435699739026e+00
1.866061606160615227e+00 -9.262698047560423475e+00
1.866666666666666252e+00 -9.269110818384406869e+00
1.867271727172716389e+00 -9.275526748278050349e+00
1.867876787678767414e+00 -9.281945837347745254e+00
1.868481848184817551e+00 -9.288368085699858057e+00
1.869086908690868576e+00 -9.294793493440778320e+00
1.869691969196918713e+00 -9.301222060676872516e+00
1.870297029702969738e+00 -9.307653787514535537e+00
1.870902090209019875e+00 -9.314088674060123196e+00
1.871507150715070900e+00 -9.320526720420035716e+00
1.872112211221121925e+00 -9.326967926700646672e+00
1.872717271727172061e+00 -9.333412293008315430e+00
1.873322332233223086e+00 -9.339859819449443989e+00
1.873927392739273223e+00 -9.346310506130393492e+00
1.874532453245324248e+00 -9.352764353157557053e+00
1.875137513751374385e+00 -9.359221360637297593e+00
1.875742574257425410e+00 -9.365681528676008227e+00
1.876347634763475547e+00 -9.372144857380051874e+00
1.876952695269526572e+00 -9.378611346855826980e+00
1.877557755775576709e+00 -9.385080997209689357e+00
1.878162816281627734e+00 -9.391553808548037452e+00
1.878767876787677871e+00 -9.398029780977232406e+00
1.879372937293728896e+00 -9.404508914603667336e+00
1.879977997799779033e+00 -9.410991209533703383e+00
1.880583058305830058e+00 -9.417476665873738995e+00
1.881188118811880194e+00 -9.423965283730131759e+00
1.881793179317931219e+00 -9.430457063209281898e+00
1.882398239823981356e+00 -9.436952004417545226e+00
1.883003300330032381e+00 -9.443450107461321963e+00
1.883608360836083406e+00 -9.449951372446976805e+00
1.884213421342133543e+00 -9.456455799480883329e+00
1.884818481848184568e+00 -9.462963388669434650e+00
1.885423542354234705e+00 -9.469474140118993688e+00
1.886028602860285730e+00 -9.475988053935955335e+00
1.886633663366335867e+00 -9.482505130226680734e+00
1.887238723872386892e+00 -9.489025369097566553e+00
1.887843784378437029e+00 -9.495548770654968607e+00
1.888448844884488054e+00 -9.502075335005287116e+00
1.889053905390538191e+00 -9.508605062254886775e+00
1.889658965896589216e+00 -9.515137952510153596e+00
1.890264026402639352e+00 -9.521674005877454050e+00
1.890869086908690377e+00 -9.528213222463184806e+00
1.891474147414740514e+00 -9.534755602373701677e+00
1.892079207920791539e+00 -9.541301145715406662e+00
1.892684268426841676e+00 -9.547849852594655573e+00
1.893289328932892701e+00 -9.554401723117850409e+00
1.893894389438942838e+00 -9.560956757391343430e+00
1.894499449944993863e+00 -9.567514955521536635e+00
1.895104510451044888e+00 -9.574076317614798270e+00
1.895709570957095025e+00 -9.580640843777496585e+00
1.896314631463146050e+00 -9.587208534116028247e+00
1.896919691969196187e+00 -9.593779388736752622e+00
1.897524752475247212e+00 -9.600353407746066381e+00
1.898129812981297349e+00 -9.606930591250332441e+00
1.898734873487348374e+00 -9.613510939355945695e+00
1.899339933993398510e+00 -9.620094452169263732e+00
1.899944994499449535e+00 -9.626681129796684999e+00
1.900550055005499672e+00 -9.633270972344570637e+00
1.901155115511550697e+00 -9.639863979919315540e+00
1.901760176017600834e+00 -9.646460152627279072e+00
1.902365236523651859e+00 -9.653059490574859680e+00
1.902970297029701996e+00 -9.659661993868413177e+00
1.903575357535753021e+00 -9.666267662614345113e+00
1.904180418041803158e+00 -9.672876496919005973e+00
1.904785478547854183e+00 -9.679488496888799531e+00
1.905390539053904320e+00 -9.686103662630078048e+00
1.905995599559955345e+00 -9.692721994249247075e+00
1.906600660066006370e+00 -9.699343491852667754e+00
1.907205720572056507e+00 -9.705968155546717213e+00
1.907810781078107532e+00 -9.712595985437779689e+00
1.908415841584157668e+00 -9.719226981632228757e+00
1.909020902090208693e+00 -9.725861144236450428e+00
1.909625962596258830e+00 -9.732498473356814728e+00
1.910231023102309855e+00 -9.739138969099709442e+00
1.910836083608359992e+00 -9.745782631571499266e+00
1.911441144114411017e+00 -9.752429460878579093e+00
1.912046204620461154e+00 -9.759079457127308288e+00
1.912651265126512179e+00 -9.765732620424085297e+00
1.913256325632562316e+00 -9.772388950875267710e+00
1.913861386138613341e+00 -9.779048448587255749e+00
1.914466446644663478e+00 -9.785711113666405225e+00
1.915071507150714503e+00 -9.792376946219118139e+00
1.915676567656764639e+00 -9.799045946351746750e+00
1.916281628162815664e+00 -9.805718114170691280e+00
1.916886688668866690e+00 -9.812393449782327082e+00
1.917491749174916826e+00 -9.819071953293013522e+00
1.918096809680967851e+00 -9.825753624809150821e+00
1.918701870187017988e+00 -9.832438464437100123e+00
1.919306930693069013e+00 -9.839126472283258096e+00
1.919911991199119150e+00 -9.845817648453982329e+00
1.920517051705170175e+00 -9.852511993055673045e+00
1.921122112211220312e+00 -9.859209506194686057e+00
1.921727172717271337e+00 -9.865910187977421586e+00
1.922332233223321474e+00 -9.872614038510237222e+00
1.922937293729372499e+00 -9.879321057899529634e+00
1.923542354235422636e+00 -9.886031246251661742e+00
1.924147414741473661e+00 -9.892744603673026660e+00
1.924752475247523797e+00 -9.899461130269985532e+00
1.925357535753574822e+00 -9.906180826148935026e+00
1.925962596259624959e+00 -9.912903691416234508e+00
1.926567656765675984e+00 -9.919629726178282425e+00
1.927172717271726121e+00 -9.926358930541434589e+00
1.927777777777777146e+00 -9.933091304612094774e+00
1.928382838283828171e+00 -9.939826848496624123e+00
1.928987898789878308e+00 -9.946565562301394436e+00
1.929592959295929333e+00 -9.953307446132809488e+00
1.930198019801979470e+00 -9.960052500097216210e+00
1.930803080308030495e+00 -9.966800724301020153e+00
1.931408140814080632e+00 -9.973552118850580683e+00
1.932013201320131657e+00 -9.980306683852290917e+00
1.932618261826181794e+00 -9.987064419412513772e+00
1.933223322332232819e+00 -9.993825325637644141e+00
1.933828382838282955e+00 -1.000058940263404139e+01
1.934433443344333980e+00 -1.000735665050810752e+01
1.935038503850384117e+00 -1.001412706936619301e+01
1.935643564356435142e+00 -1.002090065931469987e+01
1.936248624862485279e+00 -1.002767742045999455e+01
1.936853685368536304e+00 -1.003445735290846130e+01
1.937458745874586441e+00 -1.004124045676646482e+01
1.938063806380637466e+00 -1.004802673214040531e+01
1.938668866886687603e+00 -1.005481617913664039e+01
1.939273927392738628e+00 -1.006160879786156492e+01
1.939878987898789653e+00 -1.006840458842155073e+01
1.940484048404839790e+00 -1.007520355092296427e+01
1.941089108910890815e+00 -1.008200568547220399e+01
1.941694169416940952e+00 -1.008881099217562394e+01
1.942299229922991977e+00 -1.009561947113963676e+01
1.942904290429042113e+00 -1.010243112247058228e+01
1.943509350935093138e+00 -1.010924594627487139e+01
1.944114411441143275e+00 -1.011606394265885811e+01
1.944719471947194300e+00 -1.012288511172894090e+01
1.945324532453244437e+00 -1.012970945359147734e+01
1.945929592959295462e+00 -1.013653696835286411e+01
1.946534653465345599e+00 -1.014336765611946589e+01
1.947139713971396624e+00 -1.015020151699767226e+01
1.947744774477446761e+00 -1.015703855109385323e+01
1.948349834983497786e+00 -1.016387875851439304e+01
1.948954895489547923e+00 -1.017072213936566349e+01
1.949559955995598948e+00 -1.017756869375404882e+01
1.950165016501649085e+00 -1.018441842178592083e+01
1.950770077007700110e+00 -1.019127132356766730e+01
1.951375137513751135e+00 -1.019812739920566180e+01
1.951980198019801271e+00 -1.020498664880627082e+01
1.952585258525852296e+00 -1.021184907247589813e+01
1.953190319031902433e+00 -1.021871467032089242e+01
1.953795379537953458e+00 -1.022558344244766104e+01
1.954400440044003595e+00 -1.023245538896255447e+01
1.955005500550054620e+00 -1.023933050997197469e+01
1.955610561056104757e+00 -1.024620880558228109e+01
1.956215621562155782e+00 -1.025309027589987210e+01
1.956820682068205919e+00 -1.025997492103110176e+01
1.957425742574256944e+00 -1.026686274108237384e+01
1.958030803080307081e+00 -1.027375373616004062e+01
1.958635863586358106e+00 -1.028064790637050763e+01
1.959240924092408243e+00 -1.028754525182012713e+01
1.959845984598459268e+00 -1.029444577261529936e+01
1.960451045104509404e+00 -1.030134946886238545e+01
1.961056105610560429e+00 -1.030825634066777674e+01
1.961661166116611454e+00 -1.031516638813784859e+01
1.962266226622661591e+00 -1.032207961137896390e+01
1.962871287128712616e+00 -1.032899601049752647e+01
1.963476347634762753e+00 -1.033591558559989032e+01
1.964081408140813778e+00 -1.034283833679245568e+01
1.964686468646863915e+00 -1.034976426418157480e+01
1.965291529152914940e+00 -1.035669336787365680e+01
1.965896589658965077e+00 -1.036362564797505748e+01
1.966501650165016102e+00 -1.037056110459216463e+01
1.967106710671066239e+00 -1.037749973783134827e+01
1.967711771177117264e+00 -1.038444154779900153e+01
1.968316831683167401e+00 -1.039138653460148198e+01
1.968921892189218426e+00 -1.039833469834518986e+01
1.969526952695268562e+00 -1.040528603913648276e+01
1.970132013201319587e+00 -1.041224055708176266e+01
1.970737073707369724e+00 -1.041919825228738006e+01
1.971342134213420749e+00 -1.042615912485973872e+01
1.971947194719470886e+00 -1.043312317490519803e+01
1.972552255225521911e+00 -1.044009040253014930e+01
1.973157315731572936e+00 -1.044706080784096613e+01
1.973762376237623073e+00 -1.045403439094402032e+01
1.974367436743674098e+00 -1.046101115194570319e+01
1.974972497249724235e+00 -1.046799109095237590e+01
1.975577557755775260e+00 -1.047497420807043689e+01
1.976182618261825397e+00 -1.048196050340624197e+01
1.976787678767876422e+00 -1.048894997706619492e+01
1.977392739273926558e+00 -1.049594262915664800e+01
1.977997799779977584e+00 -1.050293845978400320e+01
1.978602860286027720e+00 -1.050993746905461990e+01
1.979207920792078745e+00 -1.051693965707488942e+01
1.979812981298128882e+00 -1.052394502395117648e+01
1.980418041804179907e+00 -1.053095356978988129e+01
1.981023102310230044e+00 -1.053796529469735255e+01
1.981628162816281069e+00 -1.054498019877999937e+01
1.982233223322331206e+00 -1.055199828214417046e+01
1.982838283828382231e+00 -1.055901954489627492e+01
1.983443344334432368e+00 -1.056604398714266146e+01
1.984048404840483393e+00 -1.057307160898973208e+01
1.984653465346534418e+00 -1.058010241054385148e+01
1.985258525852584555e+00 -1.058713639191139499e+01
1.985863586358635580e+00 -1.059417355319875398e+01
1.986468646864685716e+00 -1.060121389451229135e+01
1.987073707370736741e+00 -1.060825741595840555e+01
1.987678767876786878e+00 -1.061530411764345061e+01
1.988283828382837903e+00 -1.062235399967383032e+01
1.988888888888888040e+00 -1.062940706215589515e+01
1.989493949394939065e+00 -1.063646330519605243e+01
1.990099009900989202e+00 -1.064352272890065620e+01
1.990704070407040227e+00 -1.065058533337610136e+01
1.991309130913090364e+00 -1.065765111872875437e+01
1.991914191419141389e+00 -1.066472008506500480e+01
1.992519251925191526e+00 -1.067179223249121378e+01
1.993124312431242551e+00 -1.067886756111378332e+01
1.993729372937292688e+00 -1.068594607103906746e+01
1.994334433443343713e+00 -1.069302776237346819e+01
1.994939493949394738e+00 -1.070011263522335021e+01
1.995544554455444874e+00 -1.070720068969508176e+01
1.996149614961495899e+00 -1.071429192589506307e+01
1.996754675467546036e+00 -1.072138634392965351e+01
1.997359735973597061e+00 -1.072848394390524795e+01
1.997964796479647198e+00 -1.073558472592820578e+01
1.998569856985698223e+00 -1.074268869010492544e+01
1.999174917491748360e+00 -1.074979583654176807e+01
1.999779977997799385e+00 -1.075690616534512678e+01
2.000385038503849522e+00 -1.076401967662136272e+01
2.000990099009900547e+00 -1.077113637047687611e+01
2.001595159515950684e+00 -1.077825624701802276e+01
2.002200220022001709e+00 -1.078537930635119935e+01
2.002805280528051846e+00 -1.079250554858276878e+01
2.003410341034102871e+00 -1.079963497381912418e+01
2.004015401540153007e+00 -1.080676758216662847e+01
2.004620462046204032e+00 -1.081390337373167654e+01
2.005225522552254169e+00 -1.082104234862062775e+01
2.005830583058305194e+00 -1.082818450693988055e+01
2.006435643564356219e+00 -1.083532984879580674e+01
2.007040704070406356e+00 -1.084247837429476391e+01
2.007645764576457381e+00 -1.084963008354316116e+01
2.008250825082507518e+00 -1.085678497664735431e+01
2.008855885588558543e+00 -1.086394305371374003e+01
2.009460946094608680e+00 -1.087110431484867412e+01
2.010066006600659705e+00 -1.087826876015856037e+01
2.010671067106709842e+00 -1.088543638974975103e+01
2.011276127612760867e+00 -1.089260720372864988e+01
2.011881188118811004e+00 -1.089978120220161273e+01
2.012486248624862029e+00 -1.090695838527503803e+01
2.013091309130912165e+00 -1.091413875305528336e+01
2.013696369636963190e+00 -1.092132230564874895e+01
2.014301430143013327e+00 -1.092850904316179061e+01
2.014906490649064352e+00 -1.093569896570080857e+01
2.015511551155114489e+00 -1.094289207337215863e+01
2.016116611661165514e+00 -1.095008836628224458e+01
2.016721672167215651e+00 -1.095728784453741511e+01
2.017326732673266676e+00 -1.096449050824407934e+01
2.017931793179317701e+00 -1.097169635750860195e+01
2.018536853685367838e+00 -1.097890539243734409e+01
2.019141914191418863e+00 -1.098611761313671487e+01
2.019746974697469000e+00 -1.099333301971306120e+01
2.020352035203520025e+00 -1.100055161227279399e+01
2.020957095709570162e+00 -1.100777339092226192e+01
2.021562156215621187e+00 -1.101499835576786701e+01
2.022167216721671323e+00 -1.102222650691596861e+01
2.022772277227722348e+00 -1.102945784447295807e+01
2.023377337733772485e+00 -1.103669236854520186e+01
2.023982398239823510e+00 -1.104393007923909842e+01
2.024587458745873647e+00 -1.105117097666099646e+01
2.025192519251924672e+00 -1.105841506091730508e+01
2.025797579757974809e+00 -1.106566233211438011e+01
2.026402640264025834e+00 -1.107291279035861287e+01
2.027007700770075971e+00 -1.108016643575636984e+01
2.027612761276126996e+00 -1.108742326841404413e+01
2.028217821782177133e+00 -1.109468328843799867e+01
2.028822882288228158e+00 -1.110194649593462479e+01
2.029427942794279183e+00 -1.110921289101029963e+01
2.030033003300329320e+00 -1.111648247377138254e+01
2.030638063806380345e+00 -1.112375524432427909e+01
2.031243124312430481e+00 -1.113103120277534330e+01
2.031848184818481506e+00 -1.113831034923097718e+01
2.032453245324531643e+00 -1.114559268379753298e+01
2.033058305830582668e+00 -1.115287820658141449e+01
2.033663366336632805e+00 -1.116016691768897395e+01
2.034268426842683830e+00 -1.116745881722661871e+01
2.034873487348733967e+00 -1.117475390530069923e+01
2.035478547854784992e+00 -1.118205218201761753e+01
2.036083608360835129e+00 -1.118935364748372940e+01
2.036688668866886154e+00 -1.119665830180543686e+01
2.037293729372936291e+00 -1.120396614508909572e+01
2.037898789878987316e+00 -1.121127717744110264e+01
2.038503850385037452e+00 -1.121859139896782054e+01
2.039108910891088478e+00 -1.122590880977564254e+01
2.039713971397139503e+00 -1.123322940997093866e+01
2.040319031903189639e+00 -1.124055319966008071e+01
2.040924092409240664e+00 -1.124788017894946002e+01
2.041529152915290801e+00 -1.125521034794544128e+01
2.042134213421341826e+00 -1.126254370675442296e+01
2.042739273927391963e+00 -1.126988025548275552e+01
2.043344334433442988e+00 -1.127721999423684451e+01
2.043949394939493125e+00 -1.128456292312304754e+01
2.044554455445544150e+00 -1.129190904224776126e+01
2.045159515951594287e+00 -1.129925835171734150e+01
2.045764576457645312e+00 -1.130661085163819024e+01
2.046369636963695449e+00 -1.131396654211666508e+01
2.046974697469746474e+00 -1.132132542325916447e+01
2.047579757975796610e+00 -1.132868749517204243e+01
2.048184818481847635e+00 -1.133605275796170453e+01
2.048789878987897772e+00 -1.134342121173450657e+01
2.049394939493948797e+00 -1.135079285659684345e+01
2.049999999999999822e+00 -1.135816769265508519e+01
