-4.000000000000000000e+00 -1.241587301230320328e+01
-3.999394939493949419e+00 -1.241417005384449546e+01
-3.998789878987898838e+00 -1.241246712966945331e+01
-3.998184818481848257e+00 -1.241076423978466181e+01
-3.997579757975797676e+00 -1.240906138419672722e+01
-3.996974697469747095e+00 -1.240735856291225225e+01
-3.996369636963696514e+00 -1.240565577593783075e+01
-3.995764576457645934e+00 -1.240395302328006721e+01
-3.995159515951595353e+00 -1.240225030494555902e+01
-3.994554455445544772e+00 -1.240054762094090712e+01
-3.993949394939493747e+00 -1.239884497127270890e+01
-3.993344334433443166e+00 -1.239714235594756531e+01
-3.992739273927392585e+00 -1.239543977497207550e+01
-3.992134213421342004e+00 -1.239373722835284042e+01
-3.991529152915291423e+00 -1.239203471609645568e+01
-3.990924092409240842e+00 -1.239033223820952756e+01
-3.990319031903190261e+00 -1.238862979469864989e+01
-3.989713971397139680e+00 -1.238692738557042539e+01
-3.989108910891089099e+00 -1.238522501083145144e+01
-3.988503850385038518e+00 -1.238352267048833255e+01
-3.987898789878987937e+00 -1.238182036454766077e+01
-3.987293729372937356e+00 -1.238011809301603883e+01
-3.986688668866886776e+00 -1.237841585590007121e+01
-3.986083608360836195e+00 -1.237671365320635175e+01
-3.985478547854785614e+00 -1.237501148494147962e+01
-3.984873487348735033e+00 -1.237330935111205932e+01
-3.984268426842684452e+00 -1.237160725172468645e+01
-3.983663366336633871e+00 -1.236990518678596196e+01
-3.983058305830582846e+00 -1.236820315630248501e+01
-3.982453245324532265e+00 -1.236650116028085655e+01
-3.981848184818481684e+00 -1.236479919872767219e+01
-3.981243124312431103e+00 -1.236309727164954175e+01
-3.980638063806380522e+00 -1.236139537905305374e+01
-3.980033003300329941e+00 -1.235969352094480556e+01
-3.979427942794279360e+00 -1.235799169733141056e+01
-3.978822882288228779e+00 -1.235628990821946083e+01
-3.978217821782178198e+00 -1.235458815361555018e+01
-3.977612761276127618e+00 -1.235288643352628846e+01
-3.977007700770077037e+00 -1.235118474795827304e+01
-3.976402640264026456e+00 -1.234948309691809776e+01
-3.975797579757975875e+00 -1.234778148041236712e+01
-3.975192519251925294e+00 -1.234607989844767850e+01
-3.974587458745874713e+00 -1.234437835103063108e+01
-3.973982398239824132e+00 -1.234267683816782935e+01
-3.973377337733773551e+00 -1.234097535986587069e+01
-3.972772277227722970e+00 -1.233927391613134361e+01
-3.972167216721672389e+00 -1.233757250697087038e+01
-3.971562156215621364e+00 -1.233587113239102884e+01
-3.970957095709570783e+00 -1.233416979239842881e+01
-3.970352035203520202e+00 -1.233246848699967124e+01
-3.969746974697469621e+00 -1.233076721620135174e+01
-3.969141914191419040e+00 -1.232906598001007303e+01
-3.968536853685368460e+00 -1.232736477843242717e+01
-3.967931793179317879e+00 -1.232566361147502754e+01
-3.967326732673267298e+00 -1.232396247914446086e+01
-3.966721672167216717e+00 -1.232226138144733341e+01
-3.966116611661166136e+00 -1.232056031839024435e+01
-3.965511551155115555e+00 -1.231885928997979107e+01
-3.964906490649064974e+00 -1.231715829622257452e+01
-3.964301430143014393e+00 -1.231545733712519031e+01
-3.963696369636963812e+00 -1.231375641269424825e+01
-3.963091309130913231e+00 -1.231205552293633509e+01
-3.962486248624862650e+00 -1.231035466785806243e+01
-3.961881188118812069e+00 -1.230865384746602054e+01
-3.961276127612761488e+00 -1.230695306176681036e+01
-3.960671067106710463e+00 -1.230525231076703996e+01
-3.960066006600659883e+00 -1.230355159447329783e+01
-3.959460946094609302e+00 -1.230185091289219379e+01
-3.958855885588558721e+00 -1.230015026603031814e+01
-3.958250825082508140e+00 -1.229844965389427358e+01
-3.957645764576457559e+00 -1.229674907649066284e+01
-3.957040704070406978e+00 -1.229504853382608509e+01
-3.956435643564356397e+00 -1.229334802590713416e+01
-3.955830583058305816e+00 -1.229164755274041809e+01
-3.955225522552255235e+00 -1.228994711433253073e+01
-3.954620462046204654e+00 -1.228824671069007302e+01
-3.954015401540154073e+00 -1.228654634181964767e+01
-3.953410341034103492e+00 -1.228484600772784496e+01
-3.952805280528052911e+00 -1.228314570842127829e+01
-3.952200220022002330e+00 -1.228144544390653614e+01
-3.951595159515951750e+00 -1.227974521419021769e+01
-3.950990099009901169e+00 -1.227804501927893455e+01
-3.950385038503850588e+00 -1.227634485917927520e+01
-3.949779977997799563e+00 -1.227464473389784239e+01
-3.949174917491748982e+00 -1.227294464344123526e+01
-3.948569856985698401e+00 -1.227124458781605476e+01
-3.947964796479647820e+00 -1.226954456702890006e+01
-3.947359735973597239e+00 -1.226784458108637033e+01
-3.946754675467546658e+00 -1.226614462999506472e+01
-3.946149614961496077e+00 -1.226444471376158596e+01
-3.945544554455445496e+00 -1.226274483239252966e+01
-3.944939493949394915e+00 -1.226104498589449854e+01
-3.944334433443344334e+00 -1.225934517427408998e+01
-3.943729372937293753e+00 -1.225764539753790316e+01
-3.943124312431243172e+00 -1.225594565569254257e+01
-3.942519251925192592e+00 -1.225424594874459849e+01
-3.941914191419142011e+00 -1.225254627670067542e+01
-3.941309130913091430e+00 -1.225084663956738140e+01
-3.940704070407040849e+00 -1.224914703735130495e+01
-3.940099009900990268e+00 -1.224744747005904522e+01
-3.939493949394939687e+00 -1.224574793769720849e+01
-3.938888888888889106e+00 -1.224404844027239392e+01
-3.938283828382838081e+00 -1.224234897779119891e+01
-3.937678767876787500e+00 -1.224064955026021906e+01
-3.937073707370736919e+00 -1.223895015768606065e+01
-3.936468646864686338e+00 -1.223725080007532107e+01
-3.935863586358635757e+00 -1.223555147743459415e+01
-3.935258525852585176e+00 -1.223385218977048972e+01
-3.934653465346534595e+00 -1.223215293708959983e+01
-3.934048404840484014e+00 -1.223045371939852899e+01
-3.933443344334433434e+00 -1.222875453670387813e+01
-3.932838283828382853e+00 -1.222705538901223576e+01
-3.932233223322332272e+00 -1.222535627633021171e+01
-3.931628162816281691e+00 -1.222365719866440337e+01
-3.931023102310231110e+00 -1.222195815602140989e+01
-3.930418041804180529e+00 -1.222025914840783400e+01
-3.929812981298129948e+00 -1.221856017583026954e+01
-3.929207920792079367e+00 -1.221686123829531567e+01
-3.928602860286028786e+00 -1.221516233580957689e+01
-3.927997799779978205e+00 -1.221346346837965058e+01
-3.927392739273927624e+00 -1.221176463601214124e+01
-3.926787678767876599e+00 -1.221006583871363915e+01
-3.926182618261826018e+00 -1.220836707649074704e+01
-3.925577557755775437e+00 -1.220666834935007472e+01
-3.924972497249724857e+00 -1.220496965729820360e+01
-3.924367436743674276e+00 -1.220327100034175061e+01
-3.923762376237623695e+00 -1.220157237848730425e+01
-3.923157315731573114e+00 -1.219987379174146902e+01
-3.922552255225522533e+00 -1.219817524011084231e+01
-3.921947194719471952e+00 -1.219647672360202861e+01
-3.921342134213421371e+00 -1.219477824222161821e+01
-3.920737073707370790e+00 -1.219307979597622094e+01
-3.920132013201320209e+00 -1.219138138487242529e+01
-3.919526952695269628e+00 -1.218968300891684109e+01
-3.918921892189219047e+00 -1.218798466811606573e+01
-3.918316831683168466e+00 -1.218628636247669306e+01
-3.917711771177117885e+00 -1.218458809200533288e+01
-3.917106710671067304e+00 -1.218288985670857194e+01
-3.916501650165016724e+00 -1.218119165659302006e+01
-3.915896589658965699e+00 -1.217949349166527284e+01
-3.915291529152915118e+00 -1.217779536193193124e+01
-3.914686468646864537e+00 -1.217609726739958909e+01
-3.914081408140813956e+00 -1.217439920807485620e+01
-3.913476347634763375e+00 -1.217270118396432643e+01
-3.912871287128712794e+00 -1.217100319507459893e+01
-3.912266226622662213e+00 -1.216930524141227643e+01
-3.911661166116611632e+00 -1.216760732298395453e+01
-3.911056105610561051e+00 -1.216590943979623241e+01
-3.910451045104510470e+00 -1.216421159185571454e+01
-3.909845984598459889e+00 -1.216251377916900012e+01
-3.909240924092409308e+00 -1.216081600174268473e+01
-3.908635863586358727e+00 -1.215911825958336934e+01
-3.908030803080308146e+00 -1.215742055269765309e+01
-3.907425742574257566e+00 -1.215572288109214227e+01
-3.906820682068206985e+00 -1.215402524477342538e+01
-3.906215621562156404e+00 -1.215232764374810870e+01
-3.905610561056105823e+00 -1.215063007802279493e+01
-3.905005500550054798e+00 -1.214893254760407082e+01
-3.904400440044004217e+00 -1.214723505249854973e+01
-3.903795379537953636e+00 -1.214553759271282907e+01
-3.903190319031903055e+00 -1.214384016825350088e+01
-3.902585258525852474e+00 -1.214214277912716966e+01
-3.901980198019801893e+00 -1.214044542534043636e+01
-3.901375137513751312e+00 -1.213874810689990191e+01
-3.900770077007700731e+00 -1.213705082381216194e+01
-3.900165016501650150e+00 -1.213535357608381204e+01
-3.899559955995599569e+00 -1.213365636372146206e+01
-3.898954895489548989e+00 -1.213195918673170226e+01
-3.898349834983498408e+00 -1.213026204512114070e+01
-3.897744774477447827e+00 -1.212856493889637122e+01
-3.897139713971397246e+00 -1.212686786806399830e+01
-3.896534653465346665e+00 -1.212517083263061224e+01
-3.895929592959296084e+00 -1.212347383260282108e+01
-3.895324532453245503e+00 -1.212177686798721865e+01
-3.894719471947194922e+00 -1.212007993879041656e+01
-3.894114411441144341e+00 -1.211838304501900154e+01
-3.893509350935093316e+00 -1.211668618667957453e+01
-3.892904290429042735e+00 -1.211498936377873825e+01
-3.892299229922992154e+00 -1.211329257632309542e+01
-3.891694169416941573e+00 -1.211159582431924342e+01
-3.891089108910890992e+00 -1.210989910777377787e+01
-3.890484048404840411e+00 -1.210820242669330149e+01
-3.889878987898789831e+00 -1.210650578108441699e+01
-3.889273927392739250e+00 -1.210480917095371645e+01
-3.888668866886688669e+00 -1.210311259630780789e+01
-3.888063806380638088e+00 -1.210141605715328694e+01
-3.887458745874587507e+00 -1.209971955349674921e+01
-3.886853685368536926e+00 -1.209802308534480098e+01
-3.886248624862486345e+00 -1.209632665270403784e+01
-3.885643564356435764e+00 -1.209463025558106075e+01
-3.885038503850385183e+00 -1.209293389398247065e+01
-3.884433443344334602e+00 -1.209123756791486315e+01
-3.883828382838284021e+00 -1.208954127738484452e+01
-3.883223322332233440e+00 -1.208784502239900682e+01
-3.882618261826182859e+00 -1.208614880296395455e+01
-3.882013201320131834e+00 -1.208445261908628687e+01
-3.881408140814081253e+00 -1.208275647077259762e+01
-3.880803080308030673e+00 -1.208106035802949485e+01
-3.880198019801980092e+00 -1.207936428086357594e+01
-3.879592959295929511e+00 -1.207766823928144007e+01
-3.878987898789878930e+00 -1.207597223328968106e+01
-3.878382838283828349e+00 -1.207427626289490874e+01
-3.877777777777777768e+00 -1.207258032810371517e+01
-3.877172717271727187e+00 -1.207088442892270308e+01
-3.876567656765676606e+00 -1.206918856535846807e+01
-3.875962596259626025e+00 -1.206749273741761463e+01
-3.875357535753575444e+00 -1.206579694510674194e+01
-3.874752475247524863e+00 -1.206410118843244739e+01
-3.874147414741474282e+00 -1.206240546740133013e+01
-3.873542354235423701e+00 -1.206070978201999289e+01
-3.872937293729373120e+00 -1.205901413229503305e+01
-3.872332233223322540e+00 -1.205731851823304979e+01
-3.871727172717271515e+00 -1.205562293984064404e+01
-3.871122112211220934e+00 -1.205392739712441674e+01
-3.870517051705170353e+00 -1.205223189009096529e+01
-3.869911991199119772e+00 -1.205053641874688886e+01
-3.869306930693069191e+00 -1.204884098309878659e+01
-3.868701870187018610e+00 -1.204714558315326123e+01
-3.868096809680968029e+00 -1.204545021891691370e+01
-3.867491749174917448e+00 -1.204375489039633784e+01
-3.866886688668866867e+00 -1.204205959759813460e+01
-3.866281628162816286e+00 -1.204036434052890669e+01
-3.865676567656765705e+00 -1.203866911919525506e+01
-3.865071507150715124e+00 -1.203697393360376822e+01
-3.864466446644664543e+00 -1.203527878376106131e+01
-3.863861386138613963e+00 -1.203358366967372461e+01
-3.863256325632563382e+00 -1.203188859134835731e+01
-3.862651265126512801e+00 -1.203019354879156388e+01
-3.862046204620462220e+00 -1.202849854200993995e+01
-3.861441144114411639e+00 -1.202680357101009001e+01
-3.860836083608361058e+00 -1.202510863579860612e+01
-3.860231023102310033e+00 -1.202341373638209099e+01
-3.859625962596259452e+00 -1.202171887276714912e+01
-3.859020902090208871e+00 -1.202002404496037613e+01
-3.858415841584158290e+00 -1.201832925296836940e+01
-3.857810781078107709e+00 -1.201663449679773166e+01
-3.857205720572057128e+00 -1.201493977645506384e+01
-3.856600660066006547e+00 -1.201324509194696155e+01
-3.855995599559955966e+00 -1.201155044328002930e+01
-3.855390539053905385e+00 -1.200985583046086091e+01
-3.854785478547854805e+00 -1.200816125349605912e+01
-3.854180418041804224e+00 -1.200646671239222307e+01
-3.853575357535753643e+00 -1.200477220715595550e+01
-3.852970297029703062e+00 -1.200307773779384846e+01
-3.852365236523652481e+00 -1.200138330431250822e+01
-3.851760176017601900e+00 -1.199968890671853394e+01
-3.851155115511551319e+00 -1.199799454501852303e+01
-3.850550055005500738e+00 -1.199630021921907819e+01
-3.849944994499450157e+00 -1.199460592932679326e+01
-3.849339933993399576e+00 -1.199291167534827096e+01
-3.848734873487348551e+00 -1.199121745729011046e+01
-3.848129812981297970e+00 -1.198952327515891447e+01
-3.847524752475247389e+00 -1.198782912896128039e+01
-3.846919691969196808e+00 -1.198613501870380382e+01
-3.846314631463146227e+00 -1.198444094439309282e+01
-3.845709570957095647e+00 -1.198274690603574122e+01
-3.845104510451045066e+00 -1.198105290363834641e+01
-3.844499449944994485e+00 -1.197935893720751821e+01
-3.843894389438943904e+00 -1.197766500674984336e+01
-3.843289328932893323e+00 -1.197597111227192990e+01
-3.842684268426842742e+00 -1.197427725378037699e+01
-3.842079207920792161e+00 -1.197258343128178026e+01
-3.841474147414741580e+00 -1.197088964478274065e+01
-3.840869086908690999e+00 -1.196919589428985731e+01
-3.840264026402640418e+00 -1.196750217980973652e+01
-3.839658965896589837e+00 -1.196580850134896856e+01
-3.839053905390539256e+00 -1.196411485891415616e+01
-3.838448844884488231e+00 -1.196242125251190025e+01
-3.837843784378438095e+00 -1.196072768214880355e+01
-3.837238723872387069e+00 -1.195903414783145813e+01
-3.836633663366336489e+00 -1.195734064956646847e+01
-3.836028602860285908e+00 -1.195564718736043552e+01
-3.835423542354235327e+00 -1.195395376121995490e+01
-3.834818481848184746e+00 -1.195226037115162576e+01
-3.834213421342134165e+00 -1.195056701716205261e+01
-3.833608360836083584e+00 -1.194887369925783283e+01
-3.833003300330033003e+00 -1.194718041744556380e+01
-3.832398239823982422e+00 -1.194548717173184649e+01
-3.831793179317931841e+00 -1.194379396212328004e+01
-3.831188118811881260e+00 -1.194210078862646718e+01
-3.830583058305830679e+00 -1.194040765124800707e+01
-3.829977997799780098e+00 -1.193871454999449533e+01
-3.829372937293729517e+00 -1.193702148487253467e+01
-3.828767876787678937e+00 -1.193532845588872249e+01
-3.828162816281628356e+00 -1.193363546304966150e+01
-3.827557755775577775e+00 -1.193194250636194553e+01
-3.826952695269526750e+00 -1.193024958583218087e+01
-3.826347634763476169e+00 -1.192855670146696490e+01
-3.825742574257425588e+00 -1.192686385327289500e+01
-3.825137513751375007e+00 -1.192517104125657568e+01
-3.824532453245324426e+00 -1.192347826542460432e+01
-3.823927392739273845e+00 -1.192178552578357653e+01
-3.823322332233223264e+00 -1.192009282234009682e+01
-3.822717271727172683e+00 -1.191840015510076256e+01
-3.822112211221122102e+00 -1.191670752407217293e+01
-3.821507150715071521e+00 -1.191501492926092887e+01
-3.820902090209020940e+00 -1.191332237067363131e+01
-3.820297029702970359e+00 -1.191162984831687766e+01
-3.819691969196919779e+00 -1.190993736219726529e+01
-3.819086908690869198e+00 -1.190824491232139870e+01
-3.818481848184818617e+00 -1.190655249869587706e+01
-3.817876787678768036e+00 -1.190486012132729421e+01
-3.817271727172717455e+00 -1.190316778022225819e+01
-3.816666666666666874e+00 -1.190147547538736283e+01
-3.816061606160616293e+00 -1.189978320682920554e+01
-3.815456545654565268e+00 -1.189809097455439080e+01
-3.814851485148514687e+00 -1.189639877856951955e+01
-3.814246424642464106e+00 -1.189470661888118919e+01
-3.813641364136413525e+00 -1.189301449549599887e+01
-3.813036303630362944e+00 -1.189132240842054777e+01
-3.812431243124312363e+00 -1.188963035766143683e+01
-3.811826182618261782e+00 -1.188793834322525989e+01
-3.811221122112211201e+00 -1.188624636511862853e+01
-3.810616061606160621e+00 -1.188455442334813483e+01
-3.810011001100110040e+00 -1.188286251792037795e+01
-3.809405940594059459e+00 -1.188117064884195528e+01
-3.808800880088008878e+00 -1.187947881611947487e+01
-3.808195819581958297e+00 -1.187778701975952522e+01
-3.807590759075907716e+00 -1.187609525976871616e+01
-3.806985698569857135e+00 -1.187440353615364153e+01
-3.806380638063806554e+00 -1.187271184892090226e+01
-3.805775577557755973e+00 -1.187102019807709929e+01
-3.805170517051705392e+00 -1.186932858362883181e+01
-3.804565456545654811e+00 -1.186763700558269718e+01
-3.803960396039603786e+00 -1.186594546394529637e+01
-3.803355335533553205e+00 -1.186425395872323030e+01
-3.802750275027502624e+00 -1.186256248992309814e+01
-3.802145214521452043e+00 -1.186087105755149729e+01
-3.801540154015401463e+00 -1.185917966161503045e+01
-3.800935093509350882e+00 -1.185748830212029326e+01
-3.800330033003300301e+00 -1.185579697907389018e+01
-3.799724972497249720e+00 -1.185410569248241686e+01
-3.799119911991199139e+00 -1.185241444235247421e+01
-3.798514851485148558e+00 -1.185072322869066141e+01
-3.797909790979097977e+00 -1.184903205150358474e+01
-3.797304730473047396e+00 -1.184734091079783092e+01
-3.796699669966996815e+00 -1.184564980658000977e+01
-3.796094609460946234e+00 -1.184395873885672046e+01
-3.795489548954895653e+00 -1.184226770763455683e+01
-3.794884488448845072e+00 -1.184057671292011804e+01
-3.794279427942794491e+00 -1.183888575472001214e+01
-3.793674367436743466e+00 -1.183719483304082942e+01
-3.793069306930692886e+00 -1.183550394788917970e+01
-3.792464246424642305e+00 -1.183381309927165148e+01
-3.791859185918591724e+00 -1.183212228719485282e+01
-3.791254125412541143e+00 -1.183043151166537754e+01
-3.790649064906490562e+00 -1.182874077268983015e+01
-3.790044004400439981e+00 -1.182705007027480626e+01
-3.789438943894389400e+00 -1.182535940442690858e+01
-3.788833883388338819e+00 -1.182366877515273274e+01
-3.788228822882288238e+00 -1.182197818245888499e+01
-3.787623762376237657e+00 -1.182028762635195740e+01
-3.787018701870187076e+00 -1.181859710683855269e+01
-3.786413641364136495e+00 -1.181690662392527535e+01
-3.785808580858085914e+00 -1.181521617761871923e+01
-3.785203520352035333e+00 -1.181352576792548348e+01
-3.784598459845984753e+00 -1.181183539485216905e+01
-3.783993399339934172e+00 -1.181014505840537865e+01
-3.783388338833883591e+00 -1.180845475859170435e+01
-3.782783278327833010e+00 -1.180676449541775597e+01
-3.782178217821781985e+00 -1.180507426889012201e+01
-3.781573157315731404e+00 -1.180338407901541231e+01
-3.780968096809680823e+00 -1.180169392580021892e+01
-3.780363036303630242e+00 -1.180000380925114811e+01
-3.779757975797579661e+00 -1.179831372937479728e+01
-3.779152915291529080e+00 -1.179662368617775847e+01
-3.778547854785478499e+00 -1.179493367966664330e+01
-3.777942794279427918e+00 -1.179324370984804204e+01
-3.777337733773377337e+00 -1.179155377672855742e+01
-3.776732673267326756e+00 -1.178986388031479215e+01
-3.776127612761276175e+00 -1.178817402061334541e+01
-3.775522552255225595e+00 -1.178648419763080746e+01
-3.774917491749175014e+00 -1.178479441137379169e+01
-3.774312431243124433e+00 -1.178310466184889016e+01
-3.773707370737073852e+00 -1.178141494906269848e+01
-3.773102310231023271e+00 -1.177972527302182648e+01
-3.772497249724972690e+00 -1.177803563373286622e+01
-3.771892189218922109e+00 -1.177634603120241863e+01
-3.771287128712871528e+00 -1.177465646543708822e+01
-3.770682068206820503e+00 -1.177296693644346526e+01
-3.770077007700769922e+00 -1.177127744422815958e+01
-3.769471947194719341e+00 -1.176958798879776324e+01
-3.768866886688668760e+00 -1.176789857015888074e+01
-3.768261826182618179e+00 -1.176620918831810947e+01
-3.767656765676567598e+00 -1.176451984328204681e+01
-3.767051705170517018e+00 -1.176283053505729725e+01
-3.766446644664466437e+00 -1.176114126365045642e+01
-3.765841584158415856e+00 -1.175945202906812526e+01
-3.765236523652365275e+00 -1.175776283131690469e+01
-3.764631463146314694e+00 -1.175607367040339035e+01
-3.764026402640264113e+00 -1.175438454633418850e+01
-3.763421342134213532e+00 -1.175269545911589297e+01
-3.762816281628162951e+00 -1.175100640875510649e+01
-3.762211221122112370e+00 -1.174931739525842289e+01
-3.761606160616061789e+00 -1.174762841863245377e+01
-3.761001100110011208e+00 -1.174593947888378942e+01
-3.760396039603960627e+00 -1.174425057601902544e+01
-3.759790979097910046e+00 -1.174256171004477523e+01
-3.759185918591859021e+00 -1.174087288096762549e+01
-3.758580858085808440e+00 -1.173918408879418074e+01
-3.757975797579757860e+00 -1.173749533353104368e+01
-3.757370737073707279e+00 -1.173580661518480817e+01
-3.756765676567656698e+00 -1.173411793376208045e+01
-3.756160616061606117e+00 -1.173242928926945083e+01
-3.755555555555555536e+00 -1.173074068171353090e+01
-3.754950495049504955e+00 -1.172905211110091095e+01
-3.754345434543454374e+00 -1.172736357743819191e+01
-3.753740374037403793e+00 -1.172567508073197828e+01
-3.753135313531353212e+00 -1.172398662098886568e+01
-3.752530253025302631e+00 -1.172229819821545505e+01
-3.751925192519252050e+00 -1.172060981241834021e+01
-3.751320132013201469e+00 -1.171892146360413278e+01
-3.750715071507150888e+00 -1.171723315177942304e+01
-3.750110011001100307e+00 -1.171554487695080837e+01
-3.749504950495049727e+00 -1.171385663912489683e+01
-3.748899889988998702e+00 -1.171216843830828580e+01
-3.748294829482948565e+00 -1.171048027450757445e+01
-3.747689768976897540e+00 -1.170879214772935661e+01
-3.747084708470846959e+00 -1.170710405798024212e+01
-3.746479647964796378e+00 -1.170541600526681769e+01
-3.745874587458745797e+00 -1.170372798959569849e+01
-3.745269526952695216e+00 -1.170204001097346946e+01
-3.744664466446644635e+00 -1.170035206940673866e+01
-3.744059405940594054e+00 -1.169866416490210703e+01
-3.743454345434543473e+00 -1.169697629746616840e+01
-3.742849284928492892e+00 -1.169528846710552550e+01
-3.742244224422442311e+00 -1.169360067382677926e+01
-3.741639163916391730e+00 -1.169191291763652529e+01
-3.741034103410341149e+00 -1.169022519854136455e+01
-3.740429042904290569e+00 -1.168853751654789619e+01
-3.739823982398239988e+00 -1.168684987166272293e+01
-3.739218921892189407e+00 -1.168516226389244927e+01
-3.738613861386138826e+00 -1.168347469324365839e+01
-3.738008800880088245e+00 -1.168178715972296366e+01
-3.737403740374037220e+00 -1.168009966333695893e+01
-3.736798679867986639e+00 -1.167841220409224512e+01
-3.736193619361936058e+00 -1.167672478199542496e+01
-3.735588558855885477e+00 -1.167503739705309407e+01
-3.734983498349834896e+00 -1.167335004927185160e+01
-3.734378437843784315e+00 -1.167166273865830384e+01
-3.733773377337733734e+00 -1.166997546521904461e+01
-3.733168316831683153e+00 -1.166828822896066775e+01
-3.732563256325632572e+00 -1.166660102988978309e+01
-3.731958195819581992e+00 -1.166491386801298979e+01
-3.731353135313531411e+00 -1.166322674333688347e+01
-3.730748074807480830e+00 -1.166153965586806152e+01
-3.730143014301430249e+00 -1.165985260561313019e+01
-3.729537953795379668e+00 -1.165816559257868512e+01
-3.728932893289329087e+00 -1.165647861677132191e+01
-3.728327832783278506e+00 -1.165479167819765038e+01
-3.727722772277227925e+00 -1.165310477686426260e+01
-3.727117711771176900e+00 -1.165141791277775596e+01
-3.726512651265126763e+00 -1.164973108594473850e+01
-3.725907590759075738e+00 -1.164804429637180583e+01
-3.725302530253025157e+00 -1.164635754406555712e+01
-3.724697469746974576e+00 -1.164467082903258799e+01
-3.724092409240923995e+00 -1.164298415127950648e+01
-3.723487348734873414e+00 -1.164129751081290642e+01
-3.722882288228822834e+00 -1.163961090763938877e+01
-3.722277227722772253e+00 -1.163792434176555268e+01
-3.721672167216721672e+00 -1.163623781319799910e+01
-3.721067106710671091e+00 -1.163455132194332542e+01
-3.720462046204620510e+00 -1.163286486800813613e+01
-3.719856985698569929e+00 -1.163117845139902506e+01
-3.719251925192519348e+00 -1.162949207212259317e+01
-3.718646864686468767e+00 -1.162780573018544317e+01
-3.718041804180418186e+00 -1.162611942559417244e+01
-3.717436743674367605e+00 -1.162443315835537838e+01
-3.716831683168317024e+00 -1.162274692847566548e+01
-3.716226622662266443e+00 -1.162106073596163114e+01
-3.715621562156215418e+00 -1.161937458081987096e+01
-3.715016501650165281e+00 -1.161768846305698943e+01
-3.714411441144114256e+00 -1.161600238267958929e+01
-3.713806380638063676e+00 -1.161431633969425903e+01
-3.713201320132013095e+00 -1.161263033410761025e+01
-3.712596259625962514e+00 -1.161094436592623680e+01
-3.711991199119911933e+00 -1.160925843515673783e+01
-3.711386138613861352e+00 -1.160757254180571074e+01
-3.710781078107810771e+00 -1.160588668587976713e+01
-3.710176017601760190e+00 -1.160420086738549195e+01
-3.709570957095709609e+00 -1.160251508632949147e+01
-3.708965896589659028e+00 -1.160082934271836663e+01
-3.708360836083608447e+00 -1.159914363655871128e+01
-3.707755775577557866e+00 -1.159745796785713345e+01
-3.707150715071507285e+00 -1.159577233662022522e+01
-3.706545654565456704e+00 -1.159408674285459107e+01
-3.705940594059406124e+00 -1.159240118656682483e+01
-3.705335533553355543e+00 -1.159071566776353279e+01
-3.704730473047304962e+00 -1.158903018645131056e+01
-3.704125412541253937e+00 -1.158734474263676262e+01
-3.703520352035203800e+00 -1.158565933632647749e+01
-3.702915291529152775e+00 -1.158397396752706499e+01
-3.702310231023102194e+00 -1.158228863624512428e+01
-3.701705170517051613e+00 -1.158060334248725098e+01
-3.701100110011001032e+00 -1.157891808626004426e+01
-3.700495049504950451e+00 -1.157723286757011216e+01
-3.699889988998899870e+00 -1.157554768642404319e+01
-3.699284928492849289e+00 -1.157386254282844362e+01
-3.698679867986798708e+00 -1.157217743678990907e+01
-3.698074807480748127e+00 -1.157049236831504224e+01
-3.697469746974697546e+00 -1.156880733741044232e+01
-3.696864686468646966e+00 -1.156712234408270845e+01
-3.696259625962596385e+00 -1.156543738833843804e+01
-3.695654565456545804e+00 -1.156375247018423380e+01
-3.695049504950495223e+00 -1.156206758962669667e+01
-3.694444444444444642e+00 -1.156038274667242227e+01
-3.693839383938394061e+00 -1.155869794132800976e+01
-3.693234323432343480e+00 -1.155701317360006719e+01
-3.692629262926292455e+00 -1.155532844349518129e+01
-3.692024202420241874e+00 -1.155364375101996011e+01
-3.691419141914191293e+00 -1.155195909618100103e+01
-3.690814081408140712e+00 -1.155027447898490500e+01
-3.690209020902090131e+00 -1.154858989943827119e+01
-3.689603960396039550e+00 -1.154690535754769876e+01
-3.688998899889988969e+00 -1.154522085331978865e+01
-3.688393839383938388e+00 -1.154353638676113469e+01
-3.687788778877887808e+00 -1.154185195787834495e+01
-3.687183718371837227e+00 -1.154016756667801147e+01
-3.686578657865786646e+00 -1.153848321316673875e+01
-3.685973597359736065e+00 -1.153679889735112774e+01
-3.685368536853685484e+00 -1.153511461923777226e+01
-3.684763476347634903e+00 -1.153343037883327682e+01
-3.684158415841584322e+00 -1.153174617614423703e+01
-3.683553355335533741e+00 -1.153006201117725738e+01
-3.682948294829483160e+00 -1.152837788393893348e+01
-3.682343234323432135e+00 -1.152669379443586450e+01
-3.681738173817381998e+00 -1.152500974267465317e+01
-3.681133113311330973e+00 -1.152332572866189864e+01
-3.680528052805280392e+00 -1.152164175240419830e+01
-3.679922992299229811e+00 -1.151995781390815488e+01
-3.679317931793179230e+00 -1.151827391318036575e+01
-3.678712871287128650e+00 -1.151659005022743187e+01
-3.678107810781078069e+00 -1.151490622505595063e+01
-3.677502750275027488e+00 -1.151322243767252473e+01
-3.676897689768976907e+00 -1.151153868808374980e+01
-3.676292629262926326e+00 -1.150985497629623033e+01
-3.675687568756875745e+00 -1.150817130231656193e+01
-3.675082508250825164e+00 -1.150648766615134377e+01
-3.674477447744774583e+00 -1.150480406780717857e+01
-3.673872387238724002e+00 -1.150312050729066726e+01
-3.673267326732673421e+00 -1.150143698460840014e+01
-3.672662266226622840e+00 -1.149975349976699057e+01
-3.672057205720572259e+00 -1.149807005277302885e+01
-3.671452145214521678e+00 -1.149638664363311946e+01
-3.670847084708470653e+00 -1.149470327235385270e+01
-3.670242024202420517e+00 -1.149301993894184193e+01
-3.669636963696369492e+00 -1.149133664340367389e+01
-3.669031903190318911e+00 -1.148965338574595663e+01
-3.668426842684268330e+00 -1.148797016597528931e+01
-3.667821782178217749e+00 -1.148628698409826931e+01
-3.667216721672167168e+00 -1.148460384012149404e+01
-3.666611661166116587e+00 -1.148292073405156621e+01
-3.666006600660066006e+00 -1.148123766589508854e+01
-3.665401540154015425e+00 -1.147955463565865131e+01
-3.664796479647964844e+00 -1.147787164334886079e+01
-3.664191419141914263e+00 -1.147618868897231614e+01
-3.663586358635863682e+00 -1.147450577253561654e+01
-3.662981298129813101e+00 -1.147282289404536293e+01
-3.662376237623762520e+00 -1.147114005350815091e+01
-3.661771177117711940e+00 -1.146945725093058321e+01
-3.661166116611661359e+00 -1.146777448631925544e+01
-3.660561056105610778e+00 -1.146609175968077921e+01
-3.659955995599560197e+00 -1.146440907102173767e+01
-3.659350935093509172e+00 -1.146272642034873890e+01
-3.658745874587458591e+00 -1.146104380766838737e+01
-3.658140814081408010e+00 -1.145936123298726983e+01
-3.657535753575357429e+00 -1.145767869631199609e+01
-3.656930693069306848e+00 -1.145599619764916355e+01
-3.656325632563256267e+00 -1.145431373700537137e+01
-3.655720572057205686e+00 -1.145263131438722048e+01
-3.655115511551155105e+00 -1.145094892980130652e+01
-3.654510451045104524e+00 -1.144926658325423396e+01
-3.653905390539053943e+00 -1.144758427475259666e+01
-3.653300330033003362e+00 -1.144590200430299909e+01
-3.652695269526952782e+00 -1.144421977191204043e+01
-3.652090209020902201e+00 -1.144253757758631984e+01
-3.651485148514851620e+00 -1.144085542133243472e+01
-3.650880088008801039e+00 -1.143917330315698599e+01
-3.650275027502750458e+00 -1.143749122306657462e+01
-3.649669966996699877e+00 -1.143580918106779976e+01
-3.649064906490649296e+00 -1.143412717716725879e+01
-3.648459845984598715e+00 -1.143244521137155267e+01
-3.647854785478547690e+00 -1.143076328368728412e+01
-3.647249724972497109e+00 -1.142908139412104696e+01
-3.646644664466446528e+00 -1.142739954267944391e+01
-3.646039603960395947e+00 -1.142571772936907593e+01
-3.645434543454345366e+00 -1.142403595419654216e+01
-3.644829482948294785e+00 -1.142235421716844002e+01
-3.644224422442244204e+00 -1.142067251829137042e+01
-3.643619361936193624e+00 -1.141899085757193255e+01
-3.643014301430143043e+00 -1.141730923501672734e+01
-3.642409240924092462e+00 -1.141562765063234863e+01
-3.641804180418041881e+00 -1.141394610442540625e+01
-3.641199119911991300e+00 -1.141226459640249402e+01
-3.640594059405940719e+00 -1.141058312657021290e+01
-3.639988998899890138e+00 -1.140890169493516026e+01
-3.639383938393839557e+00 -1.140722030150393351e+01
-3.638778877887788976e+00 -1.140553894628314069e+01
-3.638173817381738395e+00 -1.140385762927937385e+01
-3.637568756875687370e+00 -1.140217635049923750e+01
-3.636963696369637233e+00 -1.140049510994932724e+01
-3.636358635863586208e+00 -1.139881390763624225e+01
-3.635753575357535627e+00 -1.139713274356658879e+01
-3.635148514851485047e+00 -1.139545161774695892e+01
-3.634543454345434466e+00 -1.139377053018395713e+01
-3.633938393839383885e+00 -1.139208948088417905e+01
-3.633333333333333304e+00 -1.139040846985423094e+01
-3.632728272827282723e+00 -1.138872749710070309e+01
-3.632123212321232142e+00 -1.138704656263020354e+01
-3.631518151815181561e+00 -1.138536566644932613e+01
-3.630913091309130980e+00 -1.138368480856467357e+01
-3.630308030803080399e+00 -1.138200398898284504e+01
-3.629702970297029818e+00 -1.138032320771043970e+01
-3.629097909790979237e+00 -1.137864246475405494e+01
-3.628492849284928656e+00 -1.137696176012029348e+01
-3.627887788778878075e+00 -1.137528109381575803e+01
-3.627282728272827494e+00 -1.137360046584704065e+01
-3.626677667766776914e+00 -1.137191987622074585e+01
-3.626072607260725889e+00 -1.137023932494346923e+01
-3.625467546754675752e+00 -1.136855881202181884e+01
-3.624862486248624727e+00 -1.136687833746238319e+01
-3.624257425742574146e+00 -1.136519790127176854e+01
-3.623652365236523565e+00 -1.136351750345657585e+01
-3.623047304730472984e+00 -1.136183714402340073e+01
-3.622442244224422403e+00 -1.136015682297884233e+01
-3.621837183718371822e+00 -1.135847654032950338e+01
-3.621232123212321241e+00 -1.135679629608198304e+01
-3.620627062706270660e+00 -1.135511609024288049e+01
-3.620022002200220079e+00 -1.135343592281879310e+01
-3.619416941694169498e+00 -1.135175579381632538e+01
-3.618811881188118917e+00 -1.135007570324206938e+01
-3.618206820682068336e+00 -1.134839565110263493e+01
-3.617601760176017756e+00 -1.134671563740461231e+01
-3.616996699669967175e+00 -1.134503566215460779e+01
-3.616391639163916594e+00 -1.134335572535921344e+01
-3.615786578657866013e+00 -1.134167582702503552e+01
-3.615181518151815432e+00 -1.133999596715867497e+01
-3.614576457645764407e+00 -1.133831614576672209e+01
-3.613971397139713826e+00 -1.133663636285578491e+01
-3.613366336633663245e+00 -1.133495661843246261e+01
-3.612761276127612664e+00 -1.133327691250335434e+01
-3.612156215621562083e+00 -1.133159724507505217e+01
-3.611551155115511502e+00 -1.132991761615416593e+01
-3.610946094609460921e+00 -1.132823802574728944e+01
-3.610341034103410340e+00 -1.132655847386102543e+01
-3.609735973597359759e+00 -1.132487896050197129e+01
-3.609130913091309178e+00 -1.132319948567672618e+01
-3.608525852585258598e+00 -1.132152004939189105e+01
-3.607920792079208017e+00 -1.131984065165406683e+01
-3.607315731573157436e+00 -1.131816129246985092e+01
-3.606710671067106855e+00 -1.131648197184584070e+01
-3.606105610561056274e+00 -1.131480268978864423e+01
-3.605500550055005693e+00 -1.131312344630485178e+01
-3.604895489548955112e+00 -1.131144424140106786e+01
-3.604290429042904087e+00 -1.130976507508389162e+01
-3.603685368536853950e+00 -1.130808594735992045e+01
-3.603080308030802925e+00 -1.130640685823575353e+01
-3.602475247524752344e+00 -1.130472780771799535e+01
-3.601870187018701763e+00 -1.130304879581324506e+01
-3.601265126512651182e+00 -1.130136982252809474e+01
-3.600660066006600601e+00 -1.129969088786915599e+01
-3.600055005500550021e+00 -1.129801199184301908e+01
-3.599449944994499440e+00 -1.129633313445628140e+01
-3.598844884488448859e+00 -1.129465431571555101e+01
-3.598239823982398278e+00 -1.129297553562742351e+01
-3.597634763476347697e+00 -1.129129679419849985e+01
-3.597029702970297116e+00 -1.128961809143537565e+01
-3.596424642464246535e+00 -1.128793942734465894e+01
-3.595819581958195954e+00 -1.128626080193293824e+01
-3.595214521452145373e+00 -1.128458221520682336e+01
-3.594609460946094792e+00 -1.128290366717290638e+01
-3.594004400440044211e+00 -1.128122515783779356e+01
-3.593399339933993630e+00 -1.127954668720807696e+01
-3.592794279427942605e+00 -1.127786825529035930e+01
-3.592189218921892468e+00 -1.127618986209124330e+01
-3.591584158415841443e+00 -1.127451150761732457e+01
-3.590979097909790863e+00 -1.127283319187520938e+01
-3.590374037403740282e+00 -1.127115491487148979e+01
-3.589768976897689701e+00 -1.126947667661276498e+01
-3.589163916391639120e+00 -1.126779847710563942e+01
-3.588558855885588539e+00 -1.126612031635671229e+01
-3.587953795379537958e+00 -1.126444219437258276e+01
-3.587348734873487377e+00 -1.126276411115984644e+01
-3.586743674367436796e+00 -1.126108606672510959e+01
-3.586138613861386215e+00 -1.125940806107496606e+01
-3.585533553355335634e+00 -1.125773009421601678e+01
-3.584928492849285053e+00 -1.125605216615486093e+01
-3.584323432343234472e+00 -1.125437427689810477e+01
-3.583718371837183891e+00 -1.125269642645233859e+01
-3.583113311331133310e+00 -1.125101861482416865e+01
-3.582508250825082730e+00 -1.124934084202019058e+01
-3.581903190319032149e+00 -1.124766310804700176e+01
-3.581298129812981124e+00 -1.124598541291121201e+01
-3.580693069306930987e+00 -1.124430775661940807e+01
-3.580088008800879962e+00 -1.124263013917819976e+01
-3.579482948294829381e+00 -1.124095256059418446e+01
-3.578877887788778800e+00 -1.123927502087395425e+01
-3.578272827282728219e+00 -1.123759752002412071e+01
-3.577667766776677638e+00 -1.123592005805127414e+01
-3.577062706270627057e+00 -1.123424263496201725e+01
-3.576457645764576476e+00 -1.123256525076294920e+01
-3.575852585258525895e+00 -1.123088790546067273e+01
-3.575247524752475314e+00 -1.122921059906177987e+01
-3.574642464246424733e+00 -1.122753333157288047e+01
-3.574037403740374153e+00 -1.122585610300056658e+01
-3.573432343234323572e+00 -1.122417891335144269e+01
-3.572827282728272991e+00 -1.122250176263210264e+01
-3.572222222222222410e+00 -1.122082465084914915e+01
-3.571617161716171829e+00 -1.121914757800918494e+01
-3.571012101210121248e+00 -1.121747054411880384e+01
-3.570407040704070667e+00 -1.121579354918461036e+01
-3.569801980198019642e+00 -1.121411659321320009e+01
-3.569196919691969061e+00 -1.121243967621117577e+01
-3.568591859185918480e+00 -1.121076279818513477e+01
-3.567986798679867899e+00 -1.120908595914167805e+01
-3.567381738173817318e+00 -1.120740915908740654e+01
-3.566776677667766737e+00 -1.120573239802891585e+01
-3.566171617161716156e+00 -1.120405567597281404e+01
-3.565566556655665575e+00 -1.120237899292568606e+01
-3.564961496149614995e+00 -1.120070234889414529e+01
-3.564356435643564414e+00 -1.119902574388478733e+01
-3.563751375137513833e+00 -1.119734917790420425e+01
-3.563146314631463252e+00 -1.119567265095900943e+01
-3.562541254125412671e+00 -1.119399616305578959e+01
-3.561936193619362090e+00 -1.119231971420115457e+01
-3.561331133113311509e+00 -1.119064330440169641e+01
-3.560726072607260928e+00 -1.118896693366401607e+01
-3.560121012101210347e+00 -1.118729060199471803e+01
-3.559515951595159322e+00 -1.118561430940039969e+01
-3.558910891089109185e+00 -1.118393805588765666e+01
-3.558305830583058160e+00 -1.118226184146309343e+01
-3.557700770077007579e+00 -1.118058566613330562e+01
-3.557095709570956998e+00 -1.117890952990489239e+01
-3.556490649064906417e+00 -1.117723343278446180e+01
-3.555885588558855837e+00 -1.117555737477860589e+01
-3.555280528052805256e+00 -1.117388135589392384e+01
-3.554675467546754675e+00 -1.117220537613701836e+01
-3.554070407040704094e+00 -1.117052943551448863e+01
-3.553465346534653513e+00 -1.116885353403293024e+01
-3.552860286028602932e+00 -1.116717767169894948e+01
-3.552255225522552351e+00 -1.116550184851914551e+01
-3.551650165016501770e+00 -1.116382606450010861e+01
-3.551045104510451189e+00 -1.116215031964845039e+01
-3.550440044004400608e+00 -1.116047461397076290e+01
-3.549834983498350027e+00 -1.115879894747364709e+01
-3.549229922992299446e+00 -1.115712332016370212e+01
-3.548624862486248865e+00 -1.115544773204753426e+01
-3.548019801980197840e+00 -1.115377218313173024e+01
-3.547414741474147704e+00 -1.115209667342290345e+01
-3.546809680968096679e+00 -1.115042120292764238e+01
-3.546204620462046098e+00 -1.114874577165255509e+01
-3.545599559955995517e+00 -1.114707037960423719e+01
-3.544994499449944936e+00 -1.114539502678928962e+01
-3.544389438943894355e+00 -1.114371971321430799e+01
-3.543784378437843774e+00 -1.114204443888589502e+01
-3.543179317931793193e+00 -1.114036920381065343e+01
-3.542574257425742612e+00 -1.113869400799517528e+01
-3.541969196919692031e+00 -1.113701885144606685e+01
-3.541364136413641450e+00 -1.113534373416992729e+01
-3.540759075907590869e+00 -1.113366865617335222e+01
-3.540154015401540288e+00 -1.113199361746294436e+01
-3.539548954895489707e+00 -1.113031861804530465e+01
-3.538943894389439127e+00 -1.112864365792702515e+01
-3.538338833883388546e+00 -1.112696873711471390e+01
-3.537733773377337965e+00 -1.112529385561497008e+01
-3.537128712871287384e+00 -1.112361901343438575e+01
-3.536523652365236359e+00 -1.112194421057956539e+01
-3.535918591859185778e+00 -1.112026944705710996e+01
-3.535313531353135197e+00 -1.111859472287362038e+01
-3.534708470847084616e+00 -1.111692003803569229e+01
-3.534103410341034035e+00 -1.111524539254992305e+01
-3.533498349834983454e+00 -1.111357078642292251e+01
-3.532893289328932873e+00 -1.111189621966127739e+01
-3.532288228822882292e+00 -1.111022169227159750e+01
-3.531683168316831711e+00 -1.110854720426047670e+01
-3.531078107810781130e+00 -1.110687275563451948e+01
-3.530473047304730549e+00 -1.110519834640031611e+01
-3.529867986798679969e+00 -1.110352397656447820e+01
-3.529262926292629388e+00 -1.110184964613359782e+01
-3.528657865786578807e+00 -1.110017535511427589e+01
-3.528052805280528226e+00 -1.109850110351311336e+01
-3.527447744774477645e+00 -1.109682689133670763e+01
-3.526842684268427064e+00 -1.109515271859165964e+01
-3.526237623762376039e+00 -1.109347858528456854e+01
-3.525632563256325902e+00 -1.109180449142204061e+01
-3.525027502750274877e+00 -1.109013043701066081e+01
-3.524422442244224296e+00 -1.108845642205704252e+01
-3.523817381738173715e+00 -1.108678244656777956e+01
-3.523212321232123134e+00 -1.108510851054947288e+01
-3.522607260726072553e+00 -1.108343461400872165e+01
-3.522002200220021972e+00 -1.108176075695211971e+01
-3.521397139713971391e+00 -1.108008693938627687e+01
-3.520792079207920811e+00 -1.107841316131778697e+01
-3.520187018701870230e+00 -1.107673942275325096e+01
-3.519581958195819649e+00 -1.107506572369926978e+01
-3.518976897689769068e+00 -1.107339206416243904e+01
-3.518371837183718487e+00 -1.107171844414936324e+01
-3.517766776677667906e+00 -1.107004486366663620e+01
-3.517161716171617325e+00 -1.106837132272086421e+01
-3.516556655665566744e+00 -1.106669782131863755e+01
-3.515951595159516163e+00 -1.106502435946656959e+01
-3.515346534653465582e+00 -1.106335093717124529e+01
-3.514741474147414557e+00 -1.106167755443927447e+01
-3.514136413641364420e+00 -1.106000421127725630e+01
-3.513531353135313395e+00 -1.105833090769178106e+01
-3.512926292629262814e+00 -1.105665764368946036e+01
-3.512321232123212233e+00 -1.105498441927688447e+01
-3.511716171617161653e+00 -1.105331123446065966e+01
-3.511111111111111072e+00 -1.105163808924737978e+01
-3.510506050605060491e+00 -1.104996498364364932e+01
-3.509900990099009910e+00 -1.104829191765606389e+01
-3.509295929592959329e+00 -1.104661889129122976e+01
-3.508690869086908748e+00 -1.104494590455573721e+01
-3.508085808580858167e+00 -1.104327295745619253e+01
-3.507480748074807586e+00 -1.104160004999919487e+01
-3.506875687568757005e+00 -1.103992718219133984e+01
-3.506270627062706424e+00 -1.103825435403923017e+01
-3.505665566556655843e+00 -1.103658156554946679e+01
-3.505060506050605262e+00 -1.103490881672864354e+01
-3.504455445544554681e+00 -1.103323610758336493e+01
-3.503850385038504101e+00 -1.103156343812023366e+01
-3.503245324532453076e+00 -1.102989080834584179e+01
-3.502640264026402939e+00 -1.102821821826679205e+01
-3.502035203520351914e+00 -1.102654566788968893e+01
-3.501430143014301333e+00 -1.102487315722112271e+01
-3.500825082508250752e+00 -1.102320068626769434e+01
-3.500220022002200171e+00 -1.102152825503601363e+01
-3.499614961496149590e+00 -1.101985586353267266e+01
-3.499009900990099009e+00 -1.101818351176426702e+01
-3.498404840484048428e+00 -1.101651119973740656e+01
-3.497799779977997847e+00 -1.101483892745868332e+01
-3.497194719471947266e+00 -1.101316669493469824e+01
-3.496589658965896685e+00 -1.101149450217205228e+01
-3.495984598459846104e+00 -1.100982234917734459e+01
-3.495379537953795523e+00 -1.100815023595717612e+01
-3.494774477447744943e+00 -1.100647816251814248e+01
-3.494169416941694362e+00 -1.100480612886684995e+01
-3.493564356435643781e+00 -1.100313413500989057e+01
-3.492959295929592756e+00 -1.100146218095386885e+01
-3.492354235423542619e+00 -1.099979026670538218e+01
-3.491749174917491594e+00 -1.099811839227103150e+01
-3.491144114411441457e+00 -1.099644655765741419e+01
-3.490539053905390432e+00 -1.099477476287113475e+01
-3.489933993399339851e+00 -1.099310300791879058e+01
-3.489328932893289270e+00 -1.099143129280697551e+01
-3.488723872387238689e+00 -1.098975961754229758e+01
-3.488118811881188108e+00 -1.098808798213135063e+01
-3.487513751375137527e+00 -1.098641638658073560e+01
-3.486908690869086946e+00 -1.098474483089705700e+01
-3.486303630363036365e+00 -1.098307331508691043e+01
-3.485698569856985785e+00 -1.098140183915689150e+01
-3.485093509350935204e+00 -1.097973040311360649e+01
-3.484488448844884623e+00 -1.097805900696365100e+01
-3.483883388338834042e+00 -1.097638765071362776e+01
-3.483278327832783461e+00 -1.097471633437013416e+01
-3.482673267326732880e+00 -1.097304505793976936e+01
-3.482068206820682299e+00 -1.097137382142913431e+01
-3.481463146314631274e+00 -1.096970262484482994e+01
-3.480858085808581137e+00 -1.096803146819345365e+01
-3.480253025302530112e+00 -1.096636035148160460e+01
-3.479647964796479975e+00 -1.096468927471588195e+01
-3.479042904290428950e+00 -1.096301823790288665e+01
-3.478437843784378369e+00 -1.096134724104921965e+01
-3.477832783278327788e+00 -1.095967628416148187e+01
-3.477227722772277207e+00 -1.095800536724626717e+01
-3.476622662266226627e+00 -1.095633449031018003e+01
-3.476017601760176046e+00 -1.095466365335981784e+01
-3.475412541254125465e+00 -1.095299285640177978e+01
-3.474807480748074884e+00 -1.095132209944267032e+01
-3.474202420242024303e+00 -1.094965138248907977e+01
-3.473597359735973722e+00 -1.094798070554761615e+01
-3.472992299229923141e+00 -1.094631006862487510e+01
-3.472387238723872560e+00 -1.094463947172745932e+01
-3.471782178217821979e+00 -1.094296891486196444e+01
-3.471177117711771398e+00 -1.094129839803499316e+01
-3.470572057205720817e+00 -1.093962792125314287e+01
-3.469966996699669792e+00 -1.093795748452301275e+01
-3.469361936193619655e+00 -1.093628708785120551e+01
-3.468756875687568630e+00 -1.093461673124432032e+01
-3.468151815181518050e+00 -1.093294641470895456e+01
-3.467546754675467469e+00 -1.093127613825171096e+01
-3.466941694169416888e+00 -1.092960590187918335e+01
-3.466336633663366307e+00 -1.092793570559797622e+01
-3.465731573157315726e+00 -1.092626554941468875e+01
-3.465126512651265145e+00 -1.092459543333592009e+01
-3.464521452145214564e+00 -1.092292535736826764e+01
-3.463916391639163983e+00 -1.092125532151833944e+01
-3.463311331133113402e+00 -1.091958532579272401e+01
-3.462706270627062821e+00 -1.091791537019802405e+01
-3.462101210121012240e+00 -1.091624545474084229e+01
-3.461496149614961659e+00 -1.091457557942777612e+01
-3.460891089108911078e+00 -1.091290574426542825e+01
-3.460286028602860497e+00 -1.091123594926039431e+01
-3.459680968096809472e+00 -1.090956619441927700e+01
-3.459075907590759336e+00 -1.090789647974867371e+01
-3.458470847084708311e+00 -1.090622680525518184e+01
-3.457865786578658174e+00 -1.090455717094540589e+01
-3.457260726072607149e+00 -1.090288757682594145e+01
-3.456655665566556568e+00 -1.090121802290339481e+01
-3.456050605060505987e+00 -1.089954850918435980e+01
-3.455445544554455406e+00 -1.089787903567543381e+01
-3.454840484048404825e+00 -1.089620960238322311e+01
-3.454235423542354244e+00 -1.089454020931432332e+01
-3.453630363036303663e+00 -1.089287085647533537e+01
-3.453025302530253082e+00 -1.089120154387285844e+01
-3.452420242024202501e+00 -1.088953227151348990e+01
-3.451815181518151920e+00 -1.088786303940383426e+01
-3.451210121012101339e+00 -1.088619384755048536e+01
-3.450605060506050759e+00 -1.088452469596004768e+01
-3.450000000000000178e+00 -1.088285558463912039e+01
-3.449394939493949597e+00 -1.088118651359429911e+01
-3.448789878987899016e+00 -1.087951748283218478e+01
-3.448184818481847991e+00 -1.087784849235938189e+01
-3.447579757975797854e+00 -1.087617954218248784e+01
-3.446974697469746829e+00 -1.087451063230809289e+01
-3.446369636963696692e+00 -1.087284176274281222e+01
-3.445764576457645667e+00 -1.087117293349323255e+01
-3.445159515951595086e+00 -1.086950414456596192e+01
-3.444554455445544505e+00 -1.086783539596759773e+01
-3.443949394939493924e+00 -1.086616668770473915e+01
-3.443344334433443343e+00 -1.086449801978398177e+01
-3.442739273927392762e+00 -1.086282939221192834e+01
-3.442134213421342182e+00 -1.086116080499518155e+01
-3.441529152915291601e+00 -1.085949225814033881e+01
-3.440924092409241020e+00 -1.085782375165400104e+01
-3.440319031903190439e+00 -1.085615528554275855e+01
-3.439713971397139858e+00 -1.085448685981322470e+01
-3.439108910891089277e+00 -1.085281847447198977e+01
-3.438503850385038696e+00 -1.085115012952566005e+01
-3.437898789878988115e+00 -1.084948182498083114e+01
-3.437293729372937534e+00 -1.084781356084410042e+01
-3.436688668866886509e+00 -1.084614533712206885e+01
-3.436083608360836372e+00 -1.084447715382134092e+01
-3.435478547854785347e+00 -1.084280901094851224e+01
-3.434873487348735210e+00 -1.084114090851018375e+01
-3.434268426842684185e+00 -1.083947284651295107e+01
-3.433663366336633604e+00 -1.083780482496342046e+01
-3.433058305830583024e+00 -1.083613684386818754e+01
-3.432453245324532443e+00 -1.083446890323384615e+01
-3.431848184818481862e+00 -1.083280100306701321e+01
-3.431243124312431281e+00 -1.083113314337427013e+01
-3.430638063806380700e+00 -1.082946532416222496e+01
-3.430033003300330119e+00 -1.082779754543747508e+01
-3.429427942794279538e+00 -1.082612980720662499e+01
-3.428822882288228957e+00 -1.082446210947626675e+01
-3.428217821782178376e+00 -1.082279445225300307e+01
-3.427612761276127795e+00 -1.082112683554343668e+01
-3.427007700770077214e+00 -1.081945925935416319e+01
-3.426402640264026189e+00 -1.081779172369178355e+01
-3.425797579757976052e+00 -1.081612422856289513e+01
-3.425192519251925027e+00 -1.081445677397410776e+01
-3.424587458745874891e+00 -1.081278935993200818e+01
-3.423982398239823866e+00 -1.081112198644319733e+01
-3.423377337733773285e+00 -1.080945465351428147e+01
-3.422772277227722704e+00 -1.080778736115185801e+01
-3.422167216721672123e+00 -1.080612010936252609e+01
-3.421562156215621542e+00 -1.080445289815288312e+01
-3.420957095709570961e+00 -1.080278572752953536e+01
-3.420352035203520380e+00 -1.080111859749907488e+01
-3.419746974697469799e+00 -1.079945150806810439e+01
-3.419141914191419218e+00 -1.079778445924322305e+01
-3.418536853685368637e+00 -1.079611745103103004e+01
-3.417931793179318056e+00 -1.079445048343812630e+01
-3.417326732673267475e+00 -1.079278355647110921e+01
-3.416721672167216894e+00 -1.079111667013658149e+01
-3.416116611661166313e+00 -1.078944982444113876e+01
-3.415511551155115733e+00 -1.078778301939138728e+01
-3.414906490649064708e+00 -1.078611625499391735e+01
-3.414301430143014571e+00 -1.078444953125534056e+01
-3.413696369636963546e+00 -1.078278284818224542e+01
-3.413091309130913409e+00 -1.078111620578123642e+01
-3.412486248624862384e+00 -1.077944960405891095e+01
-3.411881188118811803e+00 -1.077778304302186996e+01
-3.411276127612761222e+00 -1.077611652267671438e+01
-3.410671067106710641e+00 -1.077445004303004694e+01
-3.410066006600660060e+00 -1.077278360408845792e+01
-3.409460946094609479e+00 -1.077111720585855537e+01
-3.408855885588558898e+00 -1.076945084834693311e+01
-3.408250825082508317e+00 -1.076778453156019211e+01
-3.407645764576457736e+00 -1.076611825550493684e+01
-3.407040704070407156e+00 -1.076445202018776293e+01
-3.406435643564356575e+00 -1.076278582561526420e+01
-3.405830583058305994e+00 -1.076111967179405404e+01
-3.405225522552255413e+00 -1.075945355873072096e+01
-3.404620462046204832e+00 -1.075778748643186944e+01
-3.404015401540154251e+00 -1.075612145490409510e+01
-3.403410341034103226e+00 -1.075445546415400067e+01
-3.402805280528053089e+00 -1.075278951418818885e+01
-3.402200220022002064e+00 -1.075112360501324993e+01
-3.401595159515951927e+00 -1.074945773663579374e+01
-3.400990099009900902e+00 -1.074779190906241233e+01
-3.400385038503850321e+00 -1.074612612229971198e+01
-3.399779977997799740e+00 -1.074446037635428297e+01
-3.399174917491749159e+00 -1.074279467123273690e+01
-3.398569856985698578e+00 -1.074112900694166406e+01
-3.397964796479647998e+00 -1.073946338348766716e+01
-3.397359735973597417e+00 -1.073779780087734714e+01
-3.396754675467546836e+00 -1.073613225911729785e+01
-3.396149614961496255e+00 -1.073446675821412732e+01
-3.395544554455445674e+00 -1.073280129817443118e+01
-3.394939493949395093e+00 -1.073113587900480681e+01
-3.394334433443344512e+00 -1.072947050071185870e+01
-3.393729372937293931e+00 -1.072780516330218248e+01
-3.393124312431243350e+00 -1.072613986678237730e+01
-3.392519251925192769e+00 -1.072447461115904588e+01
-3.391914191419141744e+00 -1.072280939643878739e+01
-3.391309130913091607e+00 -1.072114422262819922e+01
-3.390704070407040582e+00 -1.071947908973388230e+01
-3.390099009900990001e+00 -1.071781399776243759e+01
-3.389493949394939420e+00 -1.071614894672046425e+01
-3.388888888888888840e+00 -1.071448393661455789e+01
-3.388283828382838259e+00 -1.071281896745132300e+01
-3.387678767876787678e+00 -1.071115403923736054e+01
-3.387073707370737097e+00 -1.070948915197926254e+01
-3.386468646864686516e+00 -1.070782430568363708e+01
-3.385863586358635935e+00 -1.070615950035707620e+01
-3.385258525852585354e+00 -1.070449473600618262e+01
-3.384653465346534773e+00 -1.070283001263755907e+01
-3.384048404840484192e+00 -1.070116533025780292e+01
-3.383443344334433611e+00 -1.069950068887350803e+01
-3.382838283828383030e+00 -1.069783608849128775e+01
-3.382233223322332449e+00 -1.069617152911772706e+01
-3.381628162816281424e+00 -1.069450701075943400e+01
-3.381023102310231288e+00 -1.069284253342300417e+01
-3.380418041804180262e+00 -1.069117809711504030e+01
-3.379812981298130126e+00 -1.068951370184214333e+01
-3.379207920792079101e+00 -1.068784934761090533e+01
-3.378602860286028520e+00 -1.068618503442793255e+01
-3.377997799779977939e+00 -1.068452076229982772e+01
-3.377392739273927358e+00 -1.068285653123318113e+01
-3.376787678767876777e+00 -1.068119234123459904e+01
-3.376182618261826196e+00 -1.067952819231067707e+01
-3.375577557755775615e+00 -1.067786408446801794e+01
-3.374972497249725034e+00 -1.067620001771321903e+01
-3.374367436743674453e+00 -1.067453599205288306e+01
-3.373762376237623872e+00 -1.067287200749360210e+01
-3.373157315731573291e+00 -1.067120806404198952e+01
-3.372552255225522710e+00 -1.066954416170462849e+01
-3.371947194719472130e+00 -1.066788030048813241e+01
-3.371342134213421549e+00 -1.066621648039909331e+01
-3.370737073707370968e+00 -1.066455270144411571e+01
-3.370132013201319943e+00 -1.066288896362979344e+01
-3.369526952695269806e+00 -1.066122526696272566e+01
-3.368921892189218781e+00 -1.065956161144952041e+01
-3.368316831683168644e+00 -1.065789799709677332e+01
-3.367711771177117619e+00 -1.065623442391107822e+01
-3.367106710671067038e+00 -1.065457089189903961e+01
-3.366501650165016457e+00 -1.065290740106726197e+01
-3.365896589658965876e+00 -1.065124395142233737e+01
-3.365291529152915295e+00 -1.064958054297086498e+01
-3.364686468646864714e+00 -1.064791717571945107e+01
-3.364081408140814133e+00 -1.064625384967468946e+01
-3.363476347634763552e+00 -1.064459056484318111e+01
-3.362871287128712972e+00 -1.064292732123152696e+01
-3.362266226622662391e+00 -1.064126411884632795e+01
-3.361661166116611810e+00 -1.063960095769417968e+01
-3.361056105610561229e+00 -1.063793783778168489e+01
-3.360451045104510648e+00 -1.063627475911543740e+01
-3.359845984598460067e+00 -1.063461172170204883e+01
-3.359240924092409486e+00 -1.063294872554810944e+01
-3.358635863586358461e+00 -1.063128577066021840e+01
-3.358030803080308324e+00 -1.062962285704498022e+01
-3.357425742574257299e+00 -1.062795998470899050e+01
-3.356820682068207162e+00 -1.062629715365885197e+01
-3.356215621562156137e+00 -1.062463436390116023e+01
-3.355610561056105556e+00 -1.062297161544251978e+01
-3.355005500550054975e+00 -1.062130890828952801e+01
-3.354400440044004394e+00 -1.061964624244878408e+01
-3.353795379537953814e+00 -1.061798361792688894e+01
-3.353190319031903233e+00 -1.061632103473043998e+01
-3.352585258525852652e+00 -1.061465849286603635e+01
-3.351980198019802071e+00 -1.061299599234028079e+01
-3.351375137513751490e+00 -1.061133353315977246e+01
-3.350770077007700909e+00 -1.060967111533111051e+01
-3.350165016501650328e+00 -1.060800873886089235e+01
-3.349559955995599747e+00 -1.060634640375572069e+01
-3.348954895489549166e+00 -1.060468411002219291e+01
-3.348349834983498585e+00 -1.060302185766690997e+01
-3.347744774477448004e+00 -1.060135964669646924e+01
-3.347139713971396979e+00 -1.059969747711746990e+01
-3.346534653465346842e+00 -1.059803534893651999e+01
-3.345929592959295817e+00 -1.059637326216020625e+01
-3.345324532453245236e+00 -1.059471121679514027e+01
-3.344719471947194656e+00 -1.059304921284791590e+01
-3.344114411441144075e+00 -1.059138725032513229e+01
-3.343509350935093494e+00 -1.058972532923339216e+01
-3.342904290429042913e+00 -1.058806344957928935e+01
-3.342299229922992332e+00 -1.058640161136942659e+01
-3.341694169416941751e+00 -1.058473981461040481e+01
-3.341089108910891170e+00 -1.058307805930882317e+01
-3.340484048404840589e+00 -1.058141634547128263e+01
-3.339878987898790008e+00 -1.057975467310437878e+01
-3.339273927392739427e+00 -1.057809304221471436e+01
-3.338668866886688846e+00 -1.057643145280888675e+01
-3.338063806380638265e+00 -1.057476990489350221e+01
-3.337458745874587684e+00 -1.057310839847515105e+01
-3.336853685368536659e+00 -1.057144693356043241e+01
-3.336248624862486523e+00 -1.056978551015595613e+01
-3.335643564356435498e+00 -1.056812412826831427e+01
-3.335038503850385361e+00 -1.056646278790410776e+01
-3.334433443344334336e+00 -1.056480148906993755e+01
-3.333828382838283755e+00 -1.056314023177240458e+01
-3.333223322332233174e+00 -1.056147901601810268e+01
-3.332618261826182593e+00 -1.055981784181363814e+01
-3.332013201320132012e+00 -1.055815670916560833e+01
-3.331408140814081431e+00 -1.055649561808060710e+01
-3.330803080308030850e+00 -1.055483456856524249e+01
-3.330198019801980269e+00 -1.055317356062610834e+01
-3.329592959295929688e+00 -1.055151259426981092e+01
-3.328987898789879107e+00 -1.054985166950294051e+01
-3.328382838283828526e+00 -1.054819078633210694e+01
-3.327777777777777946e+00 -1.054652994476390049e+01
-3.327172717271727365e+00 -1.054486914480492743e+01
-3.326567656765676784e+00 -1.054320838646178338e+01
-3.325962596259626203e+00 -1.054154766974106927e+01
-3.325357535753575178e+00 -1.053988699464938428e+01
-3.324752475247525041e+00 -1.053822636119333112e+01
-3.324147414741474016e+00 -1.053656576937950717e+01
-3.323542354235423879e+00 -1.053490521921450629e+01
-3.322937293729372854e+00 -1.053324471070494006e+01
-3.322332233223322273e+00 -1.053158424385739877e+01
-3.321727172717271692e+00 -1.052992381867848515e+01
-3.321122112211221111e+00 -1.052826343517479835e+01
-3.320517051705170530e+00 -1.052660309335293753e+01
-3.319911991199119949e+00 -1.052494279321950366e+01
-3.319306930693069368e+00 -1.052328253478109765e+01
-3.318701870187018788e+00 -1.052162231804431514e+01
-3.318096809680968207e+00 -1.051996214301575705e+01
-3.317491749174917626e+00 -1.051830200970202434e+01
-3.316886688668867045e+00 -1.051664191810971616e+01
-3.316281628162816464e+00 -1.051498186824543168e+01
-3.315676567656765883e+00 -1.051332186011577186e+01
-3.315071507150715302e+00 -1.051166189372733406e+01
-3.314466446644664721e+00 -1.051000196908672280e+01
-3.313861386138613696e+00 -1.050834208620052479e+01
-3.313256325632563559e+00 -1.050668224507535697e+01
-3.312651265126512534e+00 -1.050502244571780430e+01
-3.312046204620462397e+00 -1.050336268813448015e+01
-3.311441144114411372e+00 -1.050170297233197303e+01
-3.310836083608360791e+00 -1.050004329831688743e+01
-3.310231023102310211e+00 -1.049838366609582430e+01
-3.309625962596259630e+00 -1.049672407567537569e+01
-3.309020902090209049e+00 -1.049506452706214787e+01
-3.308415841584158468e+00 -1.049340502026273647e+01
-3.307810781078107887e+00 -1.049174555528375130e+01
-3.307205720572057306e+00 -1.049008613213177910e+01
-3.306600660066006725e+00 -1.048842675081342612e+01
-3.305995599559956144e+00 -1.048676741133528800e+01
-3.305390539053905563e+00 -1.048510811370397100e+01
-3.304785478547854982e+00 -1.048344885792606895e+01
-3.304180418041804401e+00 -1.048178964400818103e+01
-3.303575357535753376e+00 -1.048013047195691172e+01
-3.302970297029703239e+00 -1.047847134177885842e+01
-3.302365236523652214e+00 -1.047681225348061673e+01
-3.301760176017602078e+00 -1.047515320706879116e+01
-3.301155115511551053e+00 -1.047349420254997909e+01
-3.300550055005500472e+00 -1.047183523993078680e+01
-3.299944994499449891e+00 -1.047017631921780101e+01
-3.299339933993399310e+00 -1.046851744041763155e+01
-3.298734873487348729e+00 -1.046685860353687580e+01
-3.298129812981298148e+00 -1.046519980858212584e+01
-3.297524752475247567e+00 -1.046354105555999503e+01
-3.296919691969196986e+00 -1.046188234447707366e+01
-3.296314631463146405e+00 -1.046022367533996267e+01
-3.295709570957095824e+00 -1.045856504815526655e+01
-3.295104510451045243e+00 -1.045690646292957560e+01
-3.294499449944994662e+00 -1.045524791966949785e+01
-3.293894389438944081e+00 -1.045358941838162714e+01
-3.293289328932893500e+00 -1.045193095907257153e+01
-3.292684268426842920e+00 -1.045027254174891951e+01
-3.292079207920791895e+00 -1.044861416641727381e+01
-3.291474147414741758e+00 -1.044695583308424602e+01
-3.290869086908690733e+00 -1.044529754175641401e+01
-3.290264026402640596e+00 -1.044363929244039824e+01
-3.289658965896589571e+00 -1.044198108514278545e+01
-3.289053905390538990e+00 -1.044032291987018191e+01
-3.288448844884488409e+00 -1.043866479662918145e+01
-3.287843784378437828e+00 -1.043700671542638858e+01
-3.287238723872387247e+00 -1.043534867626840246e+01
-3.286633663366336666e+00 -1.043369067916181869e+01
-3.286028602860286085e+00 -1.043203272411324178e+01
-3.285423542354235504e+00 -1.043037481112926734e+01
-3.284818481848184923e+00 -1.042871694021649809e+01
-3.284213421342134342e+00 -1.042705911138153319e+01
-3.283608360836083762e+00 -1.042540132463097180e+01
-3.283003300330033181e+00 -1.042374357997141132e+01
-3.282398239823982600e+00 -1.042208587740945092e+01
-3.281793179317932019e+00 -1.042042821695170041e+01
-3.281188118811881438e+00 -1.041877059860474297e+01
-3.280583058305830413e+00 -1.041711302237518844e+01
-3.279977997799780276e+00 -1.041545548826964129e+01
-3.279372937293729251e+00 -1.041379799629468828e+01
-3.278767876787679114e+00 -1.041214054645693743e+01
-3.278162816281628089e+00 -1.041048313876298437e+01
-3.277557755775577508e+00 -1.040882577321943359e+01
-3.276952695269526927e+00 -1.040716844983287892e+01
-3.276347634763476346e+00 -1.040551116860992487e+01
-3.275742574257425765e+00 -1.040385392955716881e+01
-3.275137513751375185e+00 -1.040219673268120815e+01
-3.274532453245324604e+00 -1.040053957798864737e+01
-3.273927392739274023e+00 -1.039888246548608386e+01
-3.273322332233223442e+00 -1.039722539518011857e+01
-3.272717271727172861e+00 -1.039556836707734355e+01
-3.272112211221122280e+00 -1.039391138118437041e+01
-3.271507150715071699e+00 -1.039225443750778943e+01
-3.270902090209021118e+00 -1.039059753605420511e+01
-3.270297029702970537e+00 -1.038894067683021483e+01
-3.269691969196919956e+00 -1.038728385984241775e+01
-3.269086908690868931e+00 -1.038562708509741483e+01
-3.268481848184818794e+00 -1.038397035260180701e+01
-3.267876787678767769e+00 -1.038231366236219344e+01
-3.267271727172717188e+00 -1.038065701438516975e+01
-3.266666666666666607e+00 -1.037900040867733864e+01
-3.266061606160616027e+00 -1.037734384524530107e+01
-3.265456545654565446e+00 -1.037568732409565264e+01
-3.264851485148514865e+00 -1.037403084523499963e+01
-3.264246424642464284e+00 -1.037237440866993410e+01
-3.263641364136413703e+00 -1.037071801440706054e+01
-3.263036303630363122e+00 -1.036906166245297634e+01
-3.262431243124312541e+00 -1.036740535281428066e+01
-3.261826182618261960e+00 -1.036574908549757623e+01
-3.261221122112211379e+00 -1.036409286050946399e+01
-3.260616061606160798e+00 -1.036243667785653244e+01
-3.260011001100110217e+00 -1.036078053754539496e+01
-3.259405940594059636e+00 -1.035912443958264362e+01
-3.258800880088008611e+00 -1.035746838397487934e+01
-3.258195819581958474e+00 -1.035581237072870309e+01
-3.257590759075907449e+00 -1.035415639985071046e+01
-3.256985698569857313e+00 -1.035250047134750950e+01
-3.256380638063806288e+00 -1.035084458522568873e+01
-3.255775577557755707e+00 -1.034918874149185619e+01
-3.255170517051705126e+00 -1.034753294015260749e+01
-3.254565456545654545e+00 -1.034587718121454536e+01
-3.253960396039603964e+00 -1.034422146468426540e+01
-3.253355335533553383e+00 -1.034256579056837211e+01
-3.252750275027502802e+00 -1.034091015887345932e+01
-3.252145214521452221e+00 -1.033925456960613332e+01
-3.251540154015401640e+00 -1.033759902277298615e+01
-3.250935093509351059e+00 -1.033594351838062408e+01
-3.250330033003300478e+00 -1.033428805643564452e+01
-3.249724972497249897e+00 -1.033263263694464484e+01
-3.249119911991199317e+00 -1.033097725991422777e+01
-3.248514851485148736e+00 -1.032932192535098892e+01
-3.247909790979098155e+00 -1.032766663326153278e+01
-3.247304730473047130e+00 -1.032601138365245497e+01
-3.246699669966996993e+00 -1.032435617653035820e+01
-3.246094609460945968e+00 -1.032270101190183986e+01
-3.245489548954895831e+00 -1.032104588977350446e+01
-3.244884488448844806e+00 -1.031939081015194049e+01
-3.244279427942794225e+00 -1.031773577304375777e+01
-3.243674367436743644e+00 -1.031608077845555371e+01
-3.243069306930693063e+00 -1.031442582639392569e+01
-3.242464246424642482e+00 -1.031277091686547642e+01
-3.241859185918591901e+00 -1.031111604987680153e+01
-3.241254125412541320e+00 -1.030946122543450727e+01
-3.240649064906490739e+00 -1.030780644354518394e+01
-3.240044004400440159e+00 -1.030615170421543958e+01
-3.239438943894389578e+00 -1.030449700745186803e+01
-3.238833883388338997e+00 -1.030284235326107378e+01
-3.238228822882288416e+00 -1.030118774164965245e+01
-3.237623762376237835e+00 -1.029953317262420498e+01
-3.237018701870187254e+00 -1.029787864619133231e+01
-3.236413641364136673e+00 -1.029622416235762650e+01
-3.235808580858085648e+00 -1.029456972112970092e+01
-3.235203520352035511e+00 -1.029291532251414409e+01
-3.234598459845984486e+00 -1.029126096651756050e+01
-3.233993399339934349e+00 -1.028960665314654932e+01
-3.233388338833883324e+00 -1.028795238240770615e+01
-3.232783278327832743e+00 -1.028629815430763905e+01
-3.232178217821782162e+00 -1.028464396885293652e+01
-3.231573157315731581e+00 -1.028298982605020839e+01
-3.230968096809681001e+00 -1.028133572590604672e+01
-3.230363036303630420e+00 -1.027968166842705777e+01
-3.229757975797579839e+00 -1.027802765361983539e+01
-3.229152915291529258e+00 -1.027637368149098229e+01
-3.228547854785478677e+00 -1.027471975204709942e+01
-3.227942794279428096e+00 -1.027306586529478061e+01
-3.227337733773377515e+00 -1.027141202124063390e+01
-3.226732673267326934e+00 -1.026975821989124604e+01
-3.226127612761276353e+00 -1.026810446125323217e+01
-3.225522552255225328e+00 -1.026645074533317903e+01
-3.224917491749175191e+00 -1.026479707213769821e+01
-3.224312431243124166e+00 -1.026314344167337822e+01
-3.223707370737074029e+00 -1.026148985394682711e+01
-3.223102310231023004e+00 -1.025983630896463517e+01
-3.222497249724972423e+00 -1.025818280673341043e+01
-3.221892189218921843e+00 -1.025652934725975030e+01
-3.221287128712871262e+00 -1.025487593055025570e+01
-3.220682068206820681e+00 -1.025322255661152049e+01
-3.220077007700770100e+00 -1.025156922545015092e+01
-3.219471947194719519e+00 -1.024991593707274085e+01
-3.218866886688668938e+00 -1.024826269148589297e+01
-3.218261826182618357e+00 -1.024660948869620647e+01
-3.217656765676567776e+00 -1.024495632871028761e+01
-3.217051705170517195e+00 -1.024330321153472134e+01
-3.216446644664466614e+00 -1.024165013717611927e+01
-3.215841584158416033e+00 -1.023999710564107701e+01
-3.215236523652365452e+00 -1.023834411693619373e+01
-3.214631463146314871e+00 -1.023669117106807036e+01
-3.214026402640263846e+00 -1.023503826804330075e+01
-3.213421342134213710e+00 -1.023338540786849649e+01
-3.212816281628162685e+00 -1.023173259055025142e+01
-3.212211221122112548e+00 -1.023007981609516115e+01
-3.211606160616061523e+00 -1.022842708450982663e+01
-3.211001100110010942e+00 -1.022677439580085057e+01
-3.210396039603960361e+00 -1.022512174997483214e+01
-3.209790979097909780e+00 -1.022346914703836873e+01
-3.209185918591859199e+00 -1.022181658699806128e+01
-3.208580858085808618e+00 -1.022016406986051074e+01
-3.207975797579758037e+00 -1.021851159563231271e+01
-3.207370737073707456e+00 -1.021685916432007168e+01
-3.206765676567656875e+00 -1.021520677593038329e+01
-3.206160616061606294e+00 -1.021355443046985201e+01
-3.205555555555555713e+00 -1.021190212794506991e+01
-3.204950495049505133e+00 -1.021024986836264503e+01
-3.204345434543454552e+00 -1.020859765172917122e+01
-3.203740374037403971e+00 -1.020694547805124586e+01
-3.203135313531353390e+00 -1.020529334733547699e+01
-3.202530253025302365e+00 -1.020364125958845847e+01
-3.201925192519252228e+00 -1.020198921481679299e+01
-3.201320132013201203e+00 -1.020033721302707619e+01
-3.200715071507151066e+00 -1.019868525422591077e+01
-3.200110011001100041e+00 -1.019703333841989590e+01
-3.199504950495049460e+00 -1.019538146561562719e+01
-3.198899889988998879e+00 -1.019372963581971092e+01
-3.198294829482948298e+00 -1.019207784903874447e+01
-3.197689768976897717e+00 -1.019042610527932524e+01
-3.197084708470847136e+00 -1.018877440454805416e+01
-3.196479647964796555e+00 -1.018712274685153041e+01
-3.195874587458745975e+00 -1.018547113219635669e+01
-3.195269526952695394e+00 -1.018381956058912685e+01
-3.194664466446644813e+00 -1.018216803203644716e+01
-3.194059405940594232e+00 -1.018051654654490967e+01
-3.193454345434543651e+00 -1.017886510412111889e+01
-3.192849284928493070e+00 -1.017721370477167220e+01
-3.192244224422442489e+00 -1.017556234850317232e+01
-3.191639163916391908e+00 -1.017391103532221486e+01
-3.191034103410340883e+00 -1.017225976523540609e+01
-3.190429042904290746e+00 -1.017060853824933808e+01
-3.189823982398239721e+00 -1.016895735437061710e+01
-3.189218921892189140e+00 -1.016730621360583697e+01
-3.188613861386138559e+00 -1.016565511596159688e+01
-3.188008800880087978e+00 -1.016400406144450308e+01
-3.187403740374037397e+00 -1.016235305006115119e+01
-3.186798679867986817e+00 -1.016070208181813861e+01
-3.186193619361936236e+00 -1.015905115672206804e+01
-3.185588558855885655e+00 -1.015740027477954044e+01
-3.184983498349835074e+00 -1.015574943599715318e+01
-3.184378437843784493e+00 -1.015409864038150189e+01
-3.183773377337733912e+00 -1.015244788793919284e+01
-3.183168316831683331e+00 -1.015079717867682341e+01
-3.182563256325632750e+00 -1.014914651260099276e+01
-3.181958195819582169e+00 -1.014749588971830008e+01
-3.181353135313531588e+00 -1.014584531003534629e+01
-3.180748074807480563e+00 -1.014419477355873056e+01
-3.180143014301430426e+00 -1.014254428029505206e+01
-3.179537953795379401e+00 -1.014089383025090818e+01
-3.178932893289329265e+00 -1.013924342343290164e+01
-3.178327832783278240e+00 -1.013759305984763159e+01
-3.177722772277227659e+00 -1.013594273950169899e+01
-3.177117711771177078e+00 -1.013429246240170123e+01
-3.176512651265126497e+00 -1.013264222855423924e+01
-3.175907590759075916e+00 -1.013099203796591041e+01
-3.175302530253025335e+00 -1.012934189064331569e+01
-3.174697469746974754e+00 -1.012769178659305602e+01
-3.174092409240924173e+00 -1.012604172582173057e+01
-3.173487348734873592e+00 -1.012439170833593849e+01
-3.172882288228823011e+00 -1.012274173414227540e+01
-3.172277227722772430e+00 -1.012109180324734758e+01
-3.171672167216721849e+00 -1.011944191565775419e+01
-3.171067106710671268e+00 -1.011779207138008729e+01
-3.170462046204620687e+00 -1.011614227042095315e+01
-3.169856985698570107e+00 -1.011449251278695094e+01
-3.169251925192519082e+00 -1.011284279848467982e+01
-3.168646864686468945e+00 -1.011119312752073718e+01
-3.168041804180417920e+00 -1.010954349990172396e+01
-3.167436743674367783e+00 -1.010789391563424111e+01
-3.166831683168316758e+00 -1.010624437472488601e+01
-3.166226622662266177e+00 -1.010459487718025962e+01
-3.165621562156215596e+00 -1.010294542300696463e+01
-3.165016501650165015e+00 -1.010129601221159490e+01
-3.164411441144114434e+00 -1.009964664480075136e+01
-3.163806380638063853e+00 -1.009799732078103851e+01
-3.163201320132013272e+00 -1.009634804015904663e+01
-3.162596259625962691e+00 -1.009469880294138555e+01
-3.161991199119912110e+00 -1.009304960913464910e+01
-3.161386138613861529e+00 -1.009140045874543645e+01
-3.160781078107810949e+00 -1.008975135178035032e+01
-3.160176017601760368e+00 -1.008810228824598987e+01
-3.159570957095709787e+00 -1.008645326814895071e+01
-3.158965896589659206e+00 -1.008480429149583912e+01
-3.158360836083608625e+00 -1.008315535829325249e+01
-3.157755775577557600e+00 -1.008150646854778643e+01
-3.157150715071507463e+00 -1.007985762226604010e+01
-3.156545654565456438e+00 -1.007820881945461799e+01
-3.155940594059406301e+00 -1.007656006012011929e+01
-3.155335533553355276e+00 -1.007491134426913959e+01
-3.154730473047304695e+00 -1.007326267190828339e+01
-3.154125412541254114e+00 -1.007161404304414631e+01
-3.153520352035203533e+00 -1.006996545768333107e+01
-3.152915291529152952e+00 -1.006831691583243682e+01
-3.152310231023102371e+00 -1.006666841749806096e+01
-3.151705170517051791e+00 -1.006501996268680266e+01
-3.151100110011001210e+00 -1.006337155140526640e+01
-3.150495049504950629e+00 -1.006172318366004781e+01
-3.149889988998900048e+00 -1.006007485945774782e+01
-3.149284928492849467e+00 -1.005842657880496027e+01
-3.148679867986798886e+00 -1.005677834170829854e+01
-3.148074807480748305e+00 -1.005513014817434936e+01
-3.147469746974697724e+00 -1.005348199820971544e+01
-3.146864686468647143e+00 -1.005183389182100129e+01
-3.146259625962596118e+00 -1.005018582901480073e+01
-3.145654565456545981e+00 -1.004853780979771649e+01
-3.145049504950494956e+00 -1.004688983417634596e+01
-3.144444444444444375e+00 -1.004524190215729185e+01
-3.143839383938393794e+00 -1.004359401374715155e+01
-3.143234323432343214e+00 -1.004194616895252423e+01
-3.142629262926292633e+00 -1.004029836778000906e+01
-3.142024202420242052e+00 -1.003865061023620875e+01
-3.141419141914191471e+00 -1.003700289632772424e+01
-3.140814081408140890e+00 -1.003535522606114938e+01
-3.140209020902090309e+00 -1.003370759944308510e+01
-3.139603960396039728e+00 -1.003206001648013412e+01
-3.138998899889989147e+00 -1.003041247717889384e+01
-3.138393839383938566e+00 -1.002876498154596518e+01
-3.137788778877887985e+00 -1.002711752958794555e+01
-3.137183718371837404e+00 -1.002547012131143767e+01
-3.136578657865786823e+00 -1.002382275672304068e+01
-3.135973597359735798e+00 -1.002217543582934489e+01
-3.135368536853685661e+00 -1.002052815863696900e+01
-3.134763476347634636e+00 -1.001888092515249618e+01
-3.134158415841584500e+00 -1.001723373538253270e+01
-3.133553355335533475e+00 -1.001558658933367418e+01
-3.132948294829482894e+00 -1.001393948701252334e+01
-3.132343234323432313e+00 -1.001229242842568290e+01
-3.131738173817381732e+00 -1.001064541357974669e+01
-3.131133113311331151e+00 -1.000899844248131743e+01
-3.130528052805280570e+00 -1.000735151513699428e+01
-3.129922992299229989e+00 -1.000570463155337642e+01
-3.129317931793179408e+00 -1.000405779173706300e+01
-3.128712871287128827e+00 -1.000241099569465320e+01
-3.128107810781078246e+00 -1.000076424343275150e+01
-3.127502750275027665e+00 -9.999117534957949971e+00
-3.126897689768977084e+00 -9.997470870276854882e+00
-3.126292629262926503e+00 -9.995824249396061845e+00
-3.125687568756875923e+00 -9.994177672322168249e+00
-3.125082508250825342e+00 -9.992531139061780365e+00
-3.124477447744774317e+00 -9.990884649621492031e+00
-3.123872387238724180e+00 -9.989238204007911293e+00
-3.123267326732673155e+00 -9.987591802227624882e+00
-3.122662266226623018e+00 -9.985945444287244399e+00
-3.122057205720571993e+00 -9.984299130193360128e+00
-3.121452145214521412e+00 -9.982652859952580116e+00
-3.120847084708470831e+00 -9.981006633571496423e+00
-3.120242024202420250e+00 -9.979360451056713543e+00
-3.119636963696369669e+00 -9.977714312414828868e+00
-3.119031903190319088e+00 -9.976068217652441561e+00
-3.118426842684268507e+00 -9.974422166776152565e+00
-3.117821782178217926e+00 -9.972776159792562822e+00
-3.117216721672167346e+00 -9.971130196708273274e+00
-3.116611661166116765e+00 -9.969484277529874205e+00
-3.116006600660066184e+00 -9.967838402263977216e+00
-3.115401540154015603e+00 -9.966192570917172588e+00
-3.114796479647965022e+00 -9.964546783496066595e+00
-3.114191419141914441e+00 -9.962901040007256626e+00
-3.113586358635863860e+00 -9.961255340457338292e+00
-3.112981298129812835e+00 -9.959609684852917866e+00
-3.112376237623762698e+00 -9.957964073200589183e+00
-3.111771177117711673e+00 -9.956318505506954963e+00
-3.111166116611661536e+00 -9.954672981778614371e+00
-3.110561056105610511e+00 -9.953027502022168349e+00
-3.109955995599559930e+00 -9.951382066244212510e+00
-3.109350935093509349e+00 -9.949736674451351348e+00
-3.108745874587458768e+00 -9.948091326650182253e+00
-3.108140814081408188e+00 -9.946446022847302615e+00
-3.107535753575357607e+00 -9.944800763049315151e+00
-3.106930693069307026e+00 -9.943155547262819027e+00
-3.106325632563256445e+00 -9.941510375494415186e+00
-3.105720572057205864e+00 -9.939865247750699240e+00
-3.105115511551155283e+00 -9.938220164038270354e+00
-3.104510451045104702e+00 -9.936575124363736577e+00
-3.103905390539054121e+00 -9.934930128733688193e+00
-3.103300330033003540e+00 -9.933285177154724366e+00
-3.102695269526952515e+00 -9.931640269633453144e+00
-3.102090209020902378e+00 -9.929995406176475470e+00
-3.101485148514851353e+00 -9.928350586790372745e+00
-3.100880088008801216e+00 -9.926705811481767228e+00
-3.100275027502750191e+00 -9.925061080257243873e+00
-3.099669966996699610e+00 -9.923416393123407175e+00
-3.099064906490649030e+00 -9.921771750086854524e+00
-3.098459845984598449e+00 -9.920127151154190415e+00
-3.097854785478547868e+00 -9.918482596332010459e+00
-3.097249724972497287e+00 -9.916838085626913823e+00
-3.096644664466446706e+00 -9.915193619045505002e+00
-3.096039603960396125e+00 -9.913549196594376056e+00
-3.095434543454345544e+00 -9.911904818280135032e+00
-3.094829482948294963e+00 -9.910260484109372214e+00
-3.094224422442244382e+00 -9.908616194088692097e+00
-3.093619361936193801e+00 -9.906971948224697400e+00
-3.093014301430143220e+00 -9.905327746523983734e+00
-3.092409240924092639e+00 -9.903683588993153819e+00
-3.091804180418042058e+00 -9.902039475638801491e+00
-3.091199119911991033e+00 -9.900395406467531245e+00
-3.090594059405940897e+00 -9.898751381485944023e+00
-3.089988998899889872e+00 -9.897107400700631885e+00
-3.089383938393839735e+00 -9.895463464118202879e+00
-3.088778877887788710e+00 -9.893819571745249064e+00
-3.088173817381738129e+00 -9.892175723588378489e+00
-3.087568756875687548e+00 -9.890531919654186765e+00
-3.086963696369636967e+00 -9.888888159949271284e+00
-3.086358635863586386e+00 -9.887244444480232985e+00
-3.085753575357535805e+00 -9.885600773253672813e+00
-3.085148514851485224e+00 -9.883957146276188155e+00
-3.084543454345434643e+00 -9.882313563554385283e+00
-3.083938393839384062e+00 -9.880670025094852704e+00
-3.083333333333333481e+00 -9.879026530904198466e+00
-3.082728272827282900e+00 -9.877383080989021735e+00
-3.082123212321232320e+00 -9.875739675355916347e+00
-3.081518151815181739e+00 -9.874096314011486797e+00
-3.080913091309131158e+00 -9.872452996962332250e+00
-3.080308030803080577e+00 -9.870809724215051872e+00
-3.079702970297029552e+00 -9.869166495776241277e+00
-3.079097909790979415e+00 -9.867523311652510287e+00
-3.078492849284928390e+00 -9.865880171850447411e+00
-3.077887788778878253e+00 -9.864237076376657143e+00
-3.077282728272827228e+00 -9.862594025237740425e+00
-3.076677667766776647e+00 -9.860951018440294646e+00
-3.076072607260726066e+00 -9.859308055990918973e+00
-3.075467546754675485e+00 -9.857665137896216123e+00
-3.074862486248624904e+00 -9.856022264162785262e+00
-3.074257425742574323e+00 -9.854379434797218451e+00
-3.073652365236523742e+00 -9.852736649806127289e+00
-3.073047304730473162e+00 -9.851093909196100284e+00
-3.072442244224422581e+00 -9.849451212973745484e+00
-3.071837183718372000e+00 -9.847808561145660278e+00
-3.071232123212321419e+00 -9.846165953718440278e+00
-3.070627062706270838e+00 -9.844523390698688203e+00
-3.070022002200220257e+00 -9.842880872093006772e+00
-3.069416941694169676e+00 -9.841238397907989821e+00
-3.068811881188119095e+00 -9.839595968150240068e+00
-3.068206820682068070e+00 -9.837953582826351351e+00
-3.067601760176017933e+00 -9.836311241942935268e+00
-3.066996699669966908e+00 -9.834668945506582105e+00
-3.066391639163916327e+00 -9.833026693523894579e+00
-3.065786578657865746e+00 -9.831384486001471856e+00
-3.065181518151815165e+00 -9.829742322945913102e+00
-3.064576457645764584e+00 -9.828100204363815706e+00
-3.063971397139714004e+00 -9.826458130261785939e+00
-3.063366336633663423e+00 -9.824816100646419414e+00
-3.062761276127612842e+00 -9.823174115524313521e+00
-3.062156215621562261e+00 -9.821532174902067425e+00
-3.061551155115511680e+00 -9.819890278786287396e+00
-3.060946094609461099e+00 -9.818248427183567273e+00
-3.060341034103410518e+00 -9.816606620100509772e+00
-3.059735973597359937e+00 -9.814964857543710508e+00
-3.059130913091309356e+00 -9.813323139519777527e+00
-3.058525852585258775e+00 -9.811681466035299337e+00
-3.057920792079207750e+00 -9.810039837096876880e+00
-3.057315731573157613e+00 -9.808398252711123533e+00
-3.056710671067106588e+00 -9.806756712884618921e+00
-3.056105610561056452e+00 -9.805115217623983526e+00
-3.055500550055005426e+00 -9.803473766935798750e+00
-3.054895489548954846e+00 -9.801832360826670865e+00
-3.054290429042904265e+00 -9.800190999303207917e+00
-3.053685368536853684e+00 -9.798549682371996639e+00
-3.053080308030803103e+00 -9.796908410039641524e+00
-3.052475247524752522e+00 -9.795267182312743515e+00
-3.051870187018701941e+00 -9.793625999197903553e+00
-3.051265126512651360e+00 -9.791984860701715476e+00
-3.050660066006600779e+00 -9.790343766830783778e+00
-3.050055005500550198e+00 -9.788702717591704072e+00
-3.049449944994499617e+00 -9.787061712991082629e+00
-3.048844884488449036e+00 -9.785420753035513286e+00
-3.048239823982398455e+00 -9.783779837731600537e+00
-3.047634763476347874e+00 -9.782138967085938219e+00
-3.047029702970297294e+00 -9.780498141105127274e+00
-3.046424642464246269e+00 -9.778857359795768645e+00
-3.045819581958196132e+00 -9.777216623164465048e+00
-3.045214521452145107e+00 -9.775575931217810322e+00
-3.044609460946094970e+00 -9.773935283962408960e+00
-3.044004400440043945e+00 -9.772294681404856576e+00
-3.043399339933993364e+00 -9.770654123551755887e+00
-3.042794279427942783e+00 -9.769013610409704285e+00
-3.042189218921892202e+00 -9.767373141985302709e+00
-3.041584158415841621e+00 -9.765732718285150327e+00
-3.040979097909791040e+00 -9.764092339315846303e+00
-3.040374037403740459e+00 -9.762452005083991580e+00
-3.039768976897689878e+00 -9.760811715596187099e+00
-3.039163916391639297e+00 -9.759171470859024922e+00
-3.038558855885588716e+00 -9.757531270879114871e+00
-3.037953795379538136e+00 -9.755891115663050783e+00
-3.037348734873487555e+00 -9.754251005217431825e+00
-3.036743674367436974e+00 -9.752610939548862490e+00
-3.036138613861386393e+00 -9.750970918663934839e+00
-3.035533553355335812e+00 -9.749330942569255143e+00
-3.034928492849284787e+00 -9.747691011271417239e+00
-3.034323432343234650e+00 -9.746051124777029173e+00
-3.033718371837183625e+00 -9.744411283092679454e+00
-3.033113311331133488e+00 -9.742771486224979682e+00
-3.032508250825082463e+00 -9.741131734180518364e+00
-3.031903190319031882e+00 -9.739492026965903548e+00
-3.031298129812981301e+00 -9.737852364587727294e+00
-3.030693069306930720e+00 -9.736212747052597649e+00
-3.030088008800880139e+00 -9.734573174367110227e+00
-3.029482948294829558e+00 -9.732933646537860639e+00
-3.028877887788778978e+00 -9.731294163571455158e+00
-3.028272827282728397e+00 -9.729654725474489396e+00
-3.027667766776677816e+00 -9.728015332253562519e+00
-3.027062706270627235e+00 -9.726375983915277246e+00
-3.026457645764576654e+00 -9.724736680466234517e+00
-3.025852585258526073e+00 -9.723097421913028171e+00
-3.025247524752475492e+00 -9.721458208262259149e+00
-3.024642464246424911e+00 -9.719819039520530168e+00
-3.024037403740374330e+00 -9.718179915694438620e+00
-3.023432343234323305e+00 -9.716540836790585445e+00
-3.022827282728273168e+00 -9.714901802815571585e+00
-3.022222222222222143e+00 -9.713262813775990878e+00
-3.021617161716171562e+00 -9.711623869678449594e+00
-3.021012101210120981e+00 -9.709984970529543347e+00
-3.020407040704070400e+00 -9.708346116335873077e+00
-3.019801980198019820e+00 -9.706707307104036175e+00
-3.019196919691969239e+00 -9.705068542840638912e+00
-3.018591859185918658e+00 -9.703429823552273348e+00
-3.017986798679868077e+00 -9.701791149245542201e+00
-3.017381738173817496e+00 -9.700152519927044636e+00
-3.016776677667766915e+00 -9.698513935603383374e+00
-3.016171617161716334e+00 -9.696875396281152248e+00
-3.015566556655665753e+00 -9.695236901966953980e+00
-3.014961496149615172e+00 -9.693598452667389509e+00
-3.014356435643564591e+00 -9.691960048389056226e+00
-3.013751375137514010e+00 -9.690321689138555072e+00
-3.013146314631462985e+00 -9.688683374922481661e+00
-3.012541254125412848e+00 -9.687045105747444040e+00
-3.011936193619361823e+00 -9.685406881620032493e+00
-3.011331133113311687e+00 -9.683768702546856844e+00
-3.010726072607260662e+00 -9.682130568534505599e+00
-3.010121012101210081e+00 -9.680492479589585031e+00
-3.009515951595159500e+00 -9.678854435718694305e+00
-3.008910891089108919e+00 -9.677216436928430809e+00
-3.008305830583058338e+00 -9.675578483225395487e+00
-3.007700770077007757e+00 -9.673940574616189281e+00
-3.007095709570957176e+00 -9.672302711107411355e+00
-3.006490649064906595e+00 -9.670664892705655546e+00
-3.005885588558856014e+00 -9.669027119417528127e+00
-3.005280528052805433e+00 -9.667389391249628261e+00
-3.004675467546754852e+00 -9.665751708208553339e+00
-3.004070407040704271e+00 -9.664114070300906079e+00
-3.003465346534653690e+00 -9.662476477533280317e+00
-3.002860286028603110e+00 -9.660838929912282325e+00
-3.002255225522552529e+00 -9.659201427444505939e+00
-3.001650165016501504e+00 -9.657563970136555653e+00
-3.001045104510451367e+00 -9.655926557995030635e+00
-3.000440044004400342e+00 -9.654289191026524719e+00
-2.999834983498350205e+00 -9.652651869237644178e+00
-2.999229922992299180e+00 -9.651014592634981071e+00
-2.998624862486249043e+00 -9.649377361225146998e+00
-2.998019801980198018e+00 -9.647740175014728692e+00
-2.997414741474147437e+00 -9.646103034010334198e+00
-2.996809680968096856e+00 -9.644465938218560908e+00
-2.996204620462046275e+00 -9.642828887646006208e+00
-2.995599559955995694e+00 -9.641191882299272820e+00
-2.994994499449945113e+00 -9.639554922184959906e+00
-2.994389438943894532e+00 -9.637918007309664858e+00
-2.993784378437843952e+00 -9.636281137679990394e+00
-2.993179317931793371e+00 -9.634644313302532126e+00
-2.992574257425742790e+00 -9.633007534183892773e+00
-2.991969196919692209e+00 -9.631370800330671500e+00
-2.991364136413641184e+00 -9.629734111749465697e+00
-2.990759075907591047e+00 -9.628097468446881635e+00
-2.990154015401540022e+00 -9.626460870429507821e+00
-2.989548954895489885e+00 -9.624824317703955856e+00
-2.988943894389438860e+00 -9.623187810276816023e+00
-2.988338833883388723e+00 -9.621551348154694594e+00
-2.987733773377337698e+00 -9.619914931344183628e+00
-2.987128712871287561e+00 -9.618278559851892950e+00
-2.986523652365236536e+00 -9.616642233684411067e+00
-2.985918591859185955e+00 -9.615005952848346027e+00
-2.985313531353135375e+00 -9.613369717350295218e+00
-2.984708470847084794e+00 -9.611733527196856031e+00
-2.984103410341034213e+00 -9.610097382394629406e+00
-2.983498349834983632e+00 -9.608461282950216287e+00
-2.982893289328933051e+00 -9.606825228870215838e+00
-2.982288228822882470e+00 -9.605189220161223673e+00
-2.981683168316831889e+00 -9.603553256829847840e+00
-2.981078107810780864e+00 -9.601917338882676844e+00
-2.980473047304730727e+00 -9.600281466326320512e+00
-2.979867986798679702e+00 -9.598645639167370902e+00
-2.979262926292629565e+00 -9.597009857412434286e+00
-2.978657865786578540e+00 -9.595374121068104500e+00
-2.978052805280528403e+00 -9.593738430140986040e+00
-2.977447744774477378e+00 -9.592102784637674517e+00
-2.976842684268427242e+00 -9.590467184564767322e+00
-2.976237623762376217e+00 -9.588831629928872502e+00
-2.975632563256325636e+00 -9.587196120736585669e+00
-2.975027502750275055e+00 -9.585560656994502438e+00
-2.974422442244224474e+00 -9.583925238709227301e+00
-2.973817381738173893e+00 -9.582289865887359426e+00
-2.973212321232123312e+00 -9.580654538535497977e+00
-2.972607260726072731e+00 -9.579019256660238568e+00
-2.972002200220022150e+00 -9.577384020268185694e+00
-2.971397139713971569e+00 -9.575748829365942072e+00
-2.970792079207920988e+00 -9.574113683960096211e+00
-2.970187018701870407e+00 -9.572478584057257933e+00
-2.969581958195819382e+00 -9.570843529664019300e+00
-2.968976897689769245e+00 -9.569208520786988359e+00
-2.968371837183718220e+00 -9.567573557432755393e+00
-2.967766776677668084e+00 -9.565938639607930227e+00
-2.967161716171617059e+00 -9.564303767319104921e+00
-2.966556655665566922e+00 -9.562668940572876863e+00
-2.965951595159515897e+00 -9.561034159375854102e+00
-2.965346534653465760e+00 -9.559399423734632251e+00
-2.964741474147414735e+00 -9.557764733655808698e+00
-2.964136413641364154e+00 -9.556130089145986162e+00
-2.963531353135313573e+00 -9.554495490211763808e+00
-2.962926292629262992e+00 -9.552860936859740804e+00
-2.962321232123212411e+00 -9.551226429096518089e+00
-2.961716171617161830e+00 -9.549591966928689502e+00
-2.961111111111111249e+00 -9.547957550362863088e+00
-2.960506050605060668e+00 -9.546323179405632686e+00
-2.959900990099010087e+00 -9.544688854063601013e+00
-2.959295929592959506e+00 -9.543054574343363683e+00
-2.958690869086908926e+00 -9.541420340251525190e+00
-2.958085808580857901e+00 -9.539786151794679370e+00
-2.957480748074807764e+00 -9.538152008979434271e+00
-2.956875687568756739e+00 -9.536517911812381953e+00
-2.956270627062706602e+00 -9.534883860300125136e+00
-2.955665566556655577e+00 -9.533249854449261207e+00
-2.955060506050605440e+00 -9.531615894266394662e+00
-2.954455445544554415e+00 -9.529981979758121113e+00
-2.953850385038504278e+00 -9.528348110931041504e+00
-2.953245324532453253e+00 -9.526714287791753222e+00
-2.952640264026402672e+00 -9.525080510346857210e+00
-2.952035203520352091e+00 -9.523446778602954410e+00
-2.951430143014301510e+00 -9.521813092566645764e+00
-2.950825082508250929e+00 -9.520179452244525109e+00
-2.950220022002200349e+00 -9.518545857643200492e+00
-2.949614961496149768e+00 -9.516912308769262197e+00
-2.949009900990099187e+00 -9.515278805629314718e+00
-2.948404840484048606e+00 -9.513645348229958998e+00
-2.947799779977997581e+00 -9.512011936577788873e+00
-2.947194719471947444e+00 -9.510378570679414167e+00
-2.946589658965896419e+00 -9.508745250541423388e+00
-2.945984598459846282e+00 -9.507111976170422807e+00
-2.945379537953795257e+00 -9.505478747573009812e+00
-2.944774477447745120e+00 -9.503845564755787123e+00
-2.944169416941694095e+00 -9.502212427725350352e+00
-2.943564356435643958e+00 -9.500579336488300441e+00
-2.942959295929592933e+00 -9.498946291051234780e+00
-2.942354235423542796e+00 -9.497313291420757864e+00
-2.941749174917491771e+00 -9.495680337603463528e+00
-2.941144114411441191e+00 -9.494047429605959820e+00
-2.940539053905390610e+00 -9.492414567434838801e+00
-2.939933993399340029e+00 -9.490781751096701413e+00
-2.939328932893289448e+00 -9.489148980598146821e+00
-2.938723872387238867e+00 -9.487516255945779520e+00
-2.938118811881188286e+00 -9.485883577146195123e+00
-2.937513751375137705e+00 -9.484250944205991019e+00
-2.936908690869087124e+00 -9.482618357131773479e+00
-2.936303630363036099e+00 -9.480985815930134564e+00
-2.935698569856985962e+00 -9.479353320607680544e+00
-2.935093509350934937e+00 -9.477720871171007033e+00
-2.934488448844884800e+00 -9.476088467626713197e+00
-2.933883388338833775e+00 -9.474456109981401752e+00
-2.933278327832783638e+00 -9.472823798241670090e+00
-2.932673267326732613e+00 -9.471191532414117376e+00
-2.932068206820682477e+00 -9.469559312505348103e+00
-2.931463146314631452e+00 -9.467927138521956110e+00
-2.930858085808580871e+00 -9.466295010470540561e+00
-2.930253025302530290e+00 -9.464662928357707727e+00
-2.929647964796479709e+00 -9.463030892190051446e+00
-2.929042904290429128e+00 -9.461398901974170883e+00
-2.928437843784378547e+00 -9.459766957716668756e+00
-2.927832783278327966e+00 -9.458135059424144231e+00
-2.927227722772277385e+00 -9.456503207103198250e+00
-2.926622662266226804e+00 -9.454871400760422873e+00
-2.926017601760176223e+00 -9.453239640402426147e+00
-2.925412541254125642e+00 -9.451607926035805463e+00
-2.924807480748074617e+00 -9.449976257667159985e+00
-2.924202420242024481e+00 -9.448344635303088879e+00
-2.923597359735973455e+00 -9.446713058950191311e+00
-2.922992299229923319e+00 -9.445081528615069999e+00
-2.922387238723872294e+00 -9.443450044304317004e+00
-2.921782178217822157e+00 -9.441818606024540372e+00
-2.921177117711771132e+00 -9.440187213782337494e+00
-2.920572057205720995e+00 -9.438555867584305759e+00
-2.919966996699669970e+00 -9.436924567437046107e+00
-2.919361936193619389e+00 -9.435293313347157707e+00
-2.918756875687568808e+00 -9.433662105321241498e+00
-2.918151815181518227e+00 -9.432030943365893094e+00
-2.917546754675467646e+00 -9.430399827487718767e+00
-2.916941694169417065e+00 -9.428768757693312352e+00
-2.916336633663366484e+00 -9.427137733989278345e+00
-2.915731573157315903e+00 -9.425506756382210583e+00
-2.915126512651265323e+00 -9.423875824878711782e+00
-2.914521452145214742e+00 -9.422244939485384663e+00
-2.913916391639164161e+00 -9.420614100208821284e+00
-2.913311331133113136e+00 -9.418983307055626142e+00
-2.912706270627062999e+00 -9.417352560032400177e+00
-2.912101210121011974e+00 -9.415721859145739003e+00
-2.911496149614961837e+00 -9.414091204402245339e+00
-2.910891089108910812e+00 -9.412460595808520125e+00
-2.910286028602860675e+00 -9.410830033371160752e+00
-2.909680968096809650e+00 -9.409199517096762833e+00
-2.909075907590759513e+00 -9.407569046991934414e+00
-2.908470847084708488e+00 -9.405938623063265780e+00
-2.907865786578657907e+00 -9.404308245317364978e+00
-2.907260726072607326e+00 -9.402677913760827622e+00
-2.906655665566556745e+00 -9.401047628400251099e+00
-2.906050605060506165e+00 -9.399417389242243459e+00
-2.905445544554455584e+00 -9.397787196293389655e+00
-2.904840484048405003e+00 -9.396157049560304841e+00
-2.904235423542354422e+00 -9.394526949049582853e+00
-2.903630363036303841e+00 -9.392896894767819305e+00
-2.903025302530252816e+00 -9.391266886721615137e+00
-2.902420242024202679e+00 -9.389636924917576621e+00
-2.901815181518151654e+00 -9.388007009362292266e+00
-2.901210121012101517e+00 -9.386377140062377222e+00
-2.900605060506050492e+00 -9.384747317024411117e+00
-2.900000000000000355e+00 -9.383117540255009104e+00
-2.899394939493949330e+00 -9.381487809760768570e+00
-2.898789878987899193e+00 -9.379858125548283354e+00
-2.898184818481848168e+00 -9.378228487624159726e+00
-2.897579757975797587e+00 -9.376598895994987970e+00
-2.896974697469747007e+00 -9.374969350667376133e+00
-2.896369636963696426e+00 -9.373339851647923382e+00
-2.895764576457645845e+00 -9.371710398943223552e+00
-2.895159515951595264e+00 -9.370080992559882915e+00
-2.894554455445544683e+00 -9.368451632504497084e+00
-2.893949394939494102e+00 -9.366822318783665224e+00
-2.893344334433443521e+00 -9.365193051403991831e+00
-2.892739273927392940e+00 -9.363563830372070740e+00
-2.892134213421342359e+00 -9.361934655694502894e+00
-2.891529152915291334e+00 -9.360305527377891011e+00
-2.890924092409241197e+00 -9.358676445428832480e+00
-2.890319031903190172e+00 -9.357047409853924691e+00
-2.889713971397140035e+00 -9.355418420659770362e+00
-2.889108910891089010e+00 -9.353789477852968659e+00
-2.888503850385038874e+00 -9.352160581440122300e+00
-2.887898789878987849e+00 -9.350531731427821569e+00
-2.887293729372937712e+00 -9.348902927822678066e+00
-2.886688668866886687e+00 -9.347274170631280299e+00
-2.886083608360836106e+00 -9.345645459860236315e+00
-2.885478547854785525e+00 -9.344016795516139950e+00
-2.884873487348734944e+00 -9.342388177605593924e+00
-2.884268426842684363e+00 -9.340759606135197401e+00
-2.883663366336633782e+00 -9.339131081111551325e+00
-2.883058305830583201e+00 -9.337502602541249530e+00
-2.882453245324532620e+00 -9.335874170430901842e+00
-2.881848184818482039e+00 -9.334245784787098543e+00
-2.881243124312431458e+00 -9.332617445616442353e+00
-2.880638063806380877e+00 -9.330989152925530661e+00
-2.880033003300329852e+00 -9.329360906720967961e+00
-2.879427942794279716e+00 -9.327732707009351643e+00
-2.878822882288228691e+00 -9.326104553797279095e+00
-2.878217821782178554e+00 -9.324476447091356590e+00
-2.877612761276127529e+00 -9.322848386898174411e+00
-2.877007700770077392e+00 -9.321220373224338829e+00
-2.876402640264026367e+00 -9.319592406076449009e+00
-2.875797579757976230e+00 -9.317964485461102342e+00
-2.875192519251925205e+00 -9.316336611384894439e+00
-2.874587458745874624e+00 -9.314708783854435126e+00
-2.873982398239824043e+00 -9.313081002876316461e+00
-2.873377337733773462e+00 -9.311453268457139387e+00
-2.872772277227722881e+00 -9.309825580603504847e+00
-2.872167216721672300e+00 -9.308197939322013781e+00
-2.871562156215621719e+00 -9.306570344619263579e+00
-2.870957095709571139e+00 -9.304942796501851632e+00
-2.870352035203520558e+00 -9.303315294976380656e+00
-2.869746974697469977e+00 -9.301687840049451594e+00
-2.869141914191419396e+00 -9.300060431727658283e+00
-2.868536853685368371e+00 -9.298433070017608770e+00
-2.867931793179318234e+00 -9.296805754925895116e+00
-2.867326732673267209e+00 -9.295178486459120037e+00
-2.866721672167217072e+00 -9.293551264623886254e+00
-2.866116611661166047e+00 -9.291924089426785827e+00
-2.865511551155115910e+00 -9.290296960874426802e+00
-2.864906490649064885e+00 -9.288669878973401239e+00
-2.864301430143014748e+00 -9.287042843730315411e+00
-2.863696369636963723e+00 -9.285415855151763154e+00
-2.863091309130913142e+00 -9.283788913244347185e+00
-2.862486248624862561e+00 -9.282162018014668448e+00
-2.861881188118811981e+00 -9.280535169469322554e+00
-2.861276127612761400e+00 -9.278908367614912223e+00
-2.860671067106710819e+00 -9.277281612458033067e+00
-2.860066006600660238e+00 -9.275654904005293133e+00
-2.859460946094609657e+00 -9.274028242263282706e+00
-2.858855885588559076e+00 -9.272401627238606281e+00
-2.858250825082508051e+00 -9.270775058937863022e+00
-2.857645764576457914e+00 -9.269148537367650320e+00
-2.857040704070406889e+00 -9.267522062534572669e+00
-2.856435643564356752e+00 -9.265895634445227458e+00
-2.855830583058305727e+00 -9.264269253106208524e+00
-2.855225522552255590e+00 -9.262642918524122138e+00
-2.854620462046204565e+00 -9.261016630705567465e+00
-2.854015401540154429e+00 -9.259390389657141895e+00
-2.853410341034103404e+00 -9.257764195385446371e+00
-2.852805280528052823e+00 -9.256138047897078280e+00
-2.852200220022002242e+00 -9.254511947198642119e+00
-2.851595159515951661e+00 -9.252885893296731723e+00
-2.850990099009901080e+00 -9.251259886197951587e+00
-2.850385038503850499e+00 -9.249633925908897325e+00
-2.849779977997799918e+00 -9.248008012436173431e+00
-2.849174917491749337e+00 -9.246382145786375517e+00
-2.848569856985698756e+00 -9.244756325966100974e+00
-2.847964796479648175e+00 -9.243130552981954295e+00
-2.847359735973597594e+00 -9.241504826840534648e+00
-2.846754675467546569e+00 -9.239879147548435867e+00
-2.846149614961496432e+00 -9.238253515112267777e+00
-2.845544554455445407e+00 -9.236627929538620663e+00
-2.844939493949395271e+00 -9.235002390834100794e+00
-2.844334433443344246e+00 -9.233376899005302008e+00
-2.843729372937294109e+00 -9.231751454058828799e+00
-2.843124312431243084e+00 -9.230126056001276780e+00
-2.842519251925192947e+00 -9.228500704839248669e+00
-2.841914191419141922e+00 -9.226875400579341857e+00
-2.841309130913091341e+00 -9.225250143228159061e+00
-2.840704070407040760e+00 -9.223624932792294118e+00
-2.840099009900990179e+00 -9.221999769278353298e+00
-2.839493949394939598e+00 -9.220374652692932216e+00
-2.838888888888889017e+00 -9.218749583042631812e+00
-2.838283828382838436e+00 -9.217124560334051253e+00
-2.837678767876787855e+00 -9.215499584573793257e+00
-2.837073707370737274e+00 -9.213874655768449884e+00
-2.836468646864686693e+00 -9.212249773924627405e+00
-2.835863586358636113e+00 -9.210624939048921433e+00
-2.835258525852585088e+00 -9.209000151147934687e+00
-2.834653465346534951e+00 -9.207375410228268109e+00
-2.834048404840483926e+00 -9.205750716296517311e+00
-2.833443344334433789e+00 -9.204126069359281459e+00
-2.832838283828382764e+00 -9.202501469423166824e+00
-2.832233223322332627e+00 -9.200876916494763691e+00
-2.831628162816281602e+00 -9.199252410580676553e+00
-2.831023102310231465e+00 -9.197627951687506354e+00
-2.830418041804180440e+00 -9.196003539821848705e+00
-2.829812981298129859e+00 -9.194379174990308101e+00
-2.829207920792079278e+00 -9.192754857199483709e+00
-2.828602860286028697e+00 -9.191130586455971141e+00
-2.827997799779978116e+00 -9.189506362766371339e+00
-2.827392739273927535e+00 -9.187882186137285245e+00
-2.826787678767876955e+00 -9.186258056575312025e+00
-2.826182618261826374e+00 -9.184633974087049069e+00
-2.825577557755775793e+00 -9.183009938679100870e+00
-2.824972497249724768e+00 -9.181385950358063042e+00
-2.824367436743674631e+00 -9.179762009130536526e+00
-2.823762376237623606e+00 -9.178138115003118713e+00
-2.823157315731573469e+00 -9.176514267982415873e+00
-2.822552255225522444e+00 -9.174890468075018291e+00
-2.821947194719472307e+00 -9.173266715287532236e+00
-2.821342134213421282e+00 -9.171643009626555099e+00
-2.820737073707371145e+00 -9.170019351098689597e+00
-2.820132013201320120e+00 -9.168395739710527792e+00
-2.819526952695269983e+00 -9.166772175468679507e+00
-2.818921892189218958e+00 -9.165148658379735025e+00
-2.818316831683168378e+00 -9.163525188450297065e+00
-2.817711771177117797e+00 -9.161901765686966570e+00
-2.817106710671067216e+00 -9.160278390096344481e+00
-2.816501650165016635e+00 -9.158655061685028187e+00
-2.815896589658966054e+00 -9.157031780459616854e+00
-2.815291529152915473e+00 -9.155408546426713201e+00
-2.814686468646864892e+00 -9.153785359592911064e+00
-2.814081408140814311e+00 -9.152162219964814938e+00
-2.813476347634763286e+00 -9.150539127549022211e+00
-2.812871287128713149e+00 -9.148916082352133827e+00
-2.812266226622662124e+00 -9.147293084380750727e+00
-2.811661166116611987e+00 -9.145670133641468524e+00
-2.811056105610560962e+00 -9.144047230140889937e+00
-2.810451045104510825e+00 -9.142424373885614131e+00
-2.809845984598459800e+00 -9.140801564882236718e+00
-2.809240924092409664e+00 -9.139178803137365747e+00
-2.808635863586358639e+00 -9.137556088657593278e+00
-2.808030803080308058e+00 -9.135933421449522029e+00
-2.807425742574257477e+00 -9.134310801519751166e+00
-2.806820682068206896e+00 -9.132688228874879854e+00
-2.806215621562156315e+00 -9.131065703521510812e+00
-2.805610561056105734e+00 -9.129443225466237877e+00
-2.805005500550055153e+00 -9.127820794715663766e+00
-2.804400440044004572e+00 -9.126198411276387645e+00
-2.803795379537953991e+00 -9.124576075155014010e+00
-2.803190319031903410e+00 -9.122953786358134920e+00
-2.802585258525852829e+00 -9.121331544892349541e+00
-2.801980198019801804e+00 -9.119709350764265920e+00
-2.801375137513751667e+00 -9.118087203980479671e+00
-2.800770077007700642e+00 -9.116465104547584630e+00
-2.800165016501650506e+00 -9.114843052472188845e+00
-2.799559955995599481e+00 -9.113221047760887927e+00
-2.798954895489549344e+00 -9.111599090420282820e+00
-2.798349834983498319e+00 -9.109977180456970913e+00
-2.797744774477448182e+00 -9.108355317877554924e+00
-2.797139713971397157e+00 -9.106733502688630466e+00
-2.796534653465346576e+00 -9.105111734896800257e+00
-2.795929592959295995e+00 -9.103490014508665240e+00
-2.795324532453245414e+00 -9.101868341530819251e+00
-2.794719471947194833e+00 -9.100246715969868561e+00
-2.794114411441144252e+00 -9.098625137832408782e+00
-2.793509350935093671e+00 -9.097003607125040858e+00
-2.792904290429043090e+00 -9.095382123854362177e+00
-2.792299229922992510e+00 -9.093760688026977235e+00
-2.791694169416941929e+00 -9.092139299649479867e+00
-2.791089108910891348e+00 -9.090517958728474568e+00
-2.790484048404840323e+00 -9.088896665270556952e+00
-2.789878987898790186e+00 -9.087275419282329736e+00
-2.789273927392739161e+00 -9.085654220770392087e+00
-2.788668866886689024e+00 -9.084033069741339617e+00
-2.788063806380637999e+00 -9.082411966201778597e+00
-2.787458745874587862e+00 -9.080790910158302864e+00
-2.786853685368536837e+00 -9.079169901617515137e+00
-2.786248624862486700e+00 -9.077548940586018134e+00
-2.785643564356435675e+00 -9.075928027070402138e+00
-2.785038503850385094e+00 -9.074307161077276973e+00
-2.784433443344334513e+00 -9.072686342613234700e+00
-2.783828382838283932e+00 -9.071065571684878037e+00
-2.783223322332233352e+00 -9.069444848298804374e+00
-2.782618261826182771e+00 -9.067824172461619980e+00
-2.782013201320132190e+00 -9.066203544179918694e+00
-2.781408140814081609e+00 -9.064582963460297904e+00
-2.780803080308031028e+00 -9.062962430309363882e+00
-2.780198019801980003e+00 -9.061341944733710463e+00
-2.779592959295929866e+00 -9.059721506739942143e+00
-2.778987898789878841e+00 -9.058101116334652758e+00
-2.778382838283828704e+00 -9.056480773524450356e+00
-2.777777777777777679e+00 -9.054860478315923444e+00
-2.777172717271727542e+00 -9.053240230715683623e+00
-2.776567656765676517e+00 -9.051620030730319399e+00
-2.775962596259626380e+00 -9.049999878366440598e+00
-2.775357535753575355e+00 -9.048379773630635725e+00
-2.774752475247524774e+00 -9.046759716529514606e+00
-2.774147414741474194e+00 -9.045139707069671076e+00
-2.773542354235423613e+00 -9.043519745257706077e+00
-2.772937293729373032e+00 -9.041899831100220553e+00
-2.772332233223322451e+00 -9.040279964603813667e+00
-2.771727172717271870e+00 -9.038660145775086363e+00
-2.771122112211221289e+00 -9.037040374620632477e+00
-2.770517051705170708e+00 -9.035420651147054727e+00
-2.769911991199120127e+00 -9.033800975360959384e+00
-2.769306930693069546e+00 -9.032181347268934957e+00
-2.768701870187018521e+00 -9.030561766877587715e+00
-2.768096809680968384e+00 -9.028942234193516825e+00
-2.767491749174917359e+00 -9.027322749223319676e+00
-2.766886688668867222e+00 -9.025703311973597209e+00
-2.766281628162816197e+00 -9.024083922450948592e+00
-2.765676567656766061e+00 -9.022464580661972988e+00
-2.765071507150715036e+00 -9.020845286613271341e+00
-2.764466446644664899e+00 -9.019226040311444592e+00
-2.763861386138613874e+00 -9.017606841763088354e+00
-2.763256325632563293e+00 -9.015987690974805346e+00
-2.762651265126512712e+00 -9.014368587953194734e+00
-2.762046204620462131e+00 -9.012749532704857458e+00
-2.761441144114411550e+00 -9.011130525236389133e+00
-2.760836083608360969e+00 -9.009511565554390700e+00
-2.760231023102310388e+00 -9.007892653665464877e+00
-2.759625962596259807e+00 -9.006273789576203725e+00
-2.759020902090209226e+00 -9.004654973293218845e+00
-2.758415841584158645e+00 -9.003036204823102295e+00
-2.757810781078108064e+00 -9.001417484172453243e+00
-2.757205720572057039e+00 -8.999798811347869076e+00
-2.756600660066006903e+00 -8.998180186355956067e+00
-2.755995599559955878e+00 -8.996561609203311605e+00
-2.755390539053905741e+00 -8.994943079896533078e+00
-2.754785478547854716e+00 -8.993324598442223206e+00
-2.754180418041804579e+00 -8.991706164846979377e+00
-2.753575357535753554e+00 -8.990087779117400757e+00
-2.752970297029703417e+00 -8.988469441260088288e+00
-2.752365236523652392e+00 -8.986851151281637584e+00
-2.751760176017601811e+00 -8.985232909188654915e+00
-2.751155115511551230e+00 -8.983614714987739447e+00
-2.750550055005500649e+00 -8.981996568685483240e+00
-2.749944994499450068e+00 -8.980378470288496118e+00
-2.749339933993399487e+00 -8.978760419803370141e+00
-2.748734873487348906e+00 -8.977142417236706251e+00
-2.748129812981298326e+00 -8.975524462595101838e+00
-2.747524752475247745e+00 -8.973906555885166725e+00
-2.746919691969197164e+00 -8.972288697113489420e+00
-2.746314631463146583e+00 -8.970670886286672641e+00
-2.745709570957095558e+00 -8.969053123411320882e+00
-2.745104510451045421e+00 -8.967435408494027982e+00
-2.744499449944994396e+00 -8.965817741541393104e+00
-2.743894389438944259e+00 -8.964200122560024298e+00
-2.743289328932893234e+00 -8.962582551556506516e+00
-2.742684268426843097e+00 -8.960965028537454913e+00
-2.742079207920792072e+00 -8.959347553509457995e+00
-2.741474147414741935e+00 -8.957730126479123811e+00
-2.740869086908690910e+00 -8.956112747453044420e+00
-2.740264026402640329e+00 -8.954495416437822541e+00
-2.739658965896589748e+00 -8.952878133440057340e+00
-2.739053905390539168e+00 -8.951260898466353311e+00
-2.738448844884488587e+00 -8.949643711523300738e+00
-2.737843784378438006e+00 -8.948026572617507668e+00
-2.737238723872387425e+00 -8.946409481755571491e+00
-2.736633663366336844e+00 -8.944792438944087820e+00
-2.736028602860286263e+00 -8.943175444189659373e+00
-2.735423542354235238e+00 -8.941558497498881763e+00
-2.734818481848185101e+00 -8.939941598878364815e+00
-2.734213421342134076e+00 -8.938324748334700587e+00
-2.733608360836083939e+00 -8.936707945874488246e+00
-2.733003300330032914e+00 -8.935091191504330510e+00
-2.732398239823982777e+00 -8.933474485230824769e+00
-2.731793179317931752e+00 -8.931857827060568411e+00
-2.731188118811881615e+00 -8.930241217000169485e+00
-2.730583058305830590e+00 -8.928624655056214721e+00
-2.729977997799780010e+00 -8.927008141235317495e+00
-2.729372937293729429e+00 -8.925391675544068093e+00
-2.728767876787678848e+00 -8.923775257989067455e+00
-2.728162816281628267e+00 -8.922158888576921854e+00
-2.727557755775577686e+00 -8.920542567314221571e+00
-2.726952695269527105e+00 -8.918926294207571104e+00
-2.726347634763476524e+00 -8.917310069263573169e+00
-2.725742574257425943e+00 -8.915693892488818051e+00
-2.725137513751375362e+00 -8.914077763889913797e+00
-2.724532453245324781e+00 -8.912461683473457796e+00
-2.723927392739273756e+00 -8.910845651246047439e+00
-2.723322332233223619e+00 -8.909229667214287218e+00
-2.722717271727172594e+00 -8.907613731384769196e+00
-2.722112211221122458e+00 -8.905997843764099642e+00
-2.721507150715071433e+00 -8.904382004358875946e+00
-2.720902090209021296e+00 -8.902766213175697274e+00
-2.720297029702970271e+00 -8.901150470221162792e+00
-2.719691969196920134e+00 -8.899534775501873440e+00
-2.719086908690869109e+00 -8.897919129024428386e+00
-2.718481848184818528e+00 -8.896303530795428571e+00
-2.717876787678767947e+00 -8.894687980821469608e+00
-2.717271727172717366e+00 -8.893072479109154216e+00
-2.716666666666666785e+00 -8.891457025665083336e+00
-2.716061606160616204e+00 -8.889841620495852581e+00
-2.715456545654565623e+00 -8.888226263608064670e+00
-2.714851485148515042e+00 -8.886610955008316992e+00
-2.714246424642464461e+00 -8.884995694703212266e+00
-2.713641364136413880e+00 -8.883380482699347880e+00
-2.713036303630363300e+00 -8.881765319003324777e+00
-2.712431243124312275e+00 -8.880150203621738569e+00
-2.711826182618262138e+00 -8.878535136561197305e+00
-2.711221122112211113e+00 -8.876920117828289492e+00
-2.710616061606160976e+00 -8.875305147429624952e+00
-2.710011001100109951e+00 -8.873690225371793971e+00
-2.709405940594059814e+00 -8.872075351661404596e+00
-2.708800880088008789e+00 -8.870460526305052440e+00
-2.708195819581958652e+00 -8.868845749309338444e+00
-2.707590759075907627e+00 -8.867231020680856446e+00
-2.706985698569857046e+00 -8.865616340426216269e+00
-2.706380638063806465e+00 -8.864001708552011749e+00
-2.705775577557755884e+00 -8.862387125064840276e+00
-2.705170517051705303e+00 -8.860772589971306346e+00
-2.704565456545654722e+00 -8.859158103278007346e+00
-2.703960396039604142e+00 -8.857543664991540666e+00
-2.703355335533553561e+00 -8.855929275118510802e+00
-2.702750275027502980e+00 -8.854314933665513365e+00
-2.702145214521451955e+00 -8.852700640639151075e+00
-2.701540154015401818e+00 -8.851086396046017768e+00
-2.700935093509350793e+00 -8.849472199892721491e+00
-2.700330033003300656e+00 -8.847858052185856081e+00
-2.699724972497249631e+00 -8.846243952932018928e+00
-2.699119911991199494e+00 -8.844629902137819855e+00
-2.698514851485148469e+00 -8.843015899809849145e+00
-2.697909790979098332e+00 -8.841401945954707742e+00
-2.697304730473047307e+00 -8.839788040578998363e+00
-2.696699669966997170e+00 -8.838174183689318397e+00
-2.696094609460946145e+00 -8.836560375292265235e+00
-2.695489548954895564e+00 -8.834946615394446923e+00
-2.694884488448844984e+00 -8.833332904002451968e+00
-2.694279427942794403e+00 -8.831719241122888420e+00
-2.693674367436743822e+00 -8.830105626762353666e+00
-2.693069306930693241e+00 -8.828492060927445095e+00
-2.692464246424642660e+00 -8.826878543624763651e+00
-2.691859185918592079e+00 -8.825265074860910275e+00
-2.691254125412541498e+00 -8.823651654642480580e+00
-2.690649064906490473e+00 -8.822038282976079060e+00
-2.690044004400440336e+00 -8.820424959868304882e+00
-2.689438943894389311e+00 -8.818811685325750105e+00
-2.688833883388339174e+00 -8.817198459355029883e+00
-2.688228822882288149e+00 -8.815585281962723840e+00
-2.687623762376238012e+00 -8.813972153155450684e+00
-2.687018701870186987e+00 -8.812359072939797144e+00
-2.686413641364136851e+00 -8.810746041322365940e+00
-2.685808580858085826e+00 -8.809133058309758013e+00
-2.685203520352035245e+00 -8.807520123908576082e+00
-2.684598459845984664e+00 -8.805907238125413983e+00
-2.683993399339934083e+00 -8.804294400966874434e+00
-2.683388338833883502e+00 -8.802681612439554826e+00
-2.682783278327832921e+00 -8.801068872550059652e+00
-2.682178217821782340e+00 -8.799456181304982749e+00
-2.681573157315731759e+00 -8.797843538710926836e+00
-2.680968096809681178e+00 -8.796230944774491078e+00
-2.680363036303630597e+00 -8.794618399502274642e+00
-2.679757975797580016e+00 -8.793005902900876691e+00
-2.679152915291528991e+00 -8.791393454976894617e+00
-2.678547854785478854e+00 -8.789781055736938242e+00
-2.677942794279427829e+00 -8.788168705187596075e+00
-2.677337733773377693e+00 -8.786556403335472609e+00
-2.676732673267326668e+00 -8.784944150187163459e+00
-2.676127612761276531e+00 -8.783331945749274894e+00
-2.675522552255225506e+00 -8.781719790028398975e+00
-2.674917491749175369e+00 -8.780107683031143750e+00
-2.674312431243124344e+00 -8.778495624764101279e+00
-2.673707370737073763e+00 -8.776883615233876057e+00
-2.673102310231023182e+00 -8.775271654447063696e+00
-2.672497249724972601e+00 -8.773659742410265139e+00
-2.671892189218922020e+00 -8.772047879130083103e+00
-2.671287128712871439e+00 -8.770436064613114979e+00
-2.670682068206820858e+00 -8.768824298865958156e+00
-2.670077007700770277e+00 -8.767212581895213575e+00
-2.669471947194719696e+00 -8.765600913707485731e+00
-2.668866886688669116e+00 -8.763989294309368461e+00
-2.668261826182618535e+00 -8.762377723707464483e+00
-2.667656765676567510e+00 -8.760766201908365858e+00
-2.667051705170517373e+00 -8.759154728918684185e+00
-2.666446644664466348e+00 -8.757543304745011525e+00
-2.665841584158416211e+00 -8.755931929393948820e+00
-2.665236523652365186e+00 -8.754320602872097012e+00
-2.664631463146315049e+00 -8.752709325186055267e+00
-2.664026402640264024e+00 -8.751098096342422750e+00
-2.663421342134213887e+00 -8.749486916347796850e+00
-2.662816281628162862e+00 -8.747875785208782062e+00
-2.662211221122112281e+00 -8.746264702931974000e+00
-2.661606160616061700e+00 -8.744653669523971828e+00
-2.661001100110011119e+00 -8.743042684991378266e+00
-2.660396039603960538e+00 -8.741431749340792479e+00
-2.659790979097909958e+00 -8.739820862578813632e+00
-2.659185918591859377e+00 -8.738210024712039115e+00
-2.658580858085808796e+00 -8.736599235747071646e+00
-2.657975797579758215e+00 -8.734988495690510391e+00
-2.657370737073707190e+00 -8.733377804548950962e+00
-2.656765676567657053e+00 -8.731767162328999632e+00
-2.656160616061606028e+00 -8.730156569037248460e+00
-2.655555555555555891e+00 -8.728546024680305493e+00
-2.654950495049504866e+00 -8.726935529264762792e+00
-2.654345434543454729e+00 -8.725325082797223075e+00
-2.653740374037403704e+00 -8.723714685284287285e+00
-2.653135313531353567e+00 -8.722104336732554586e+00
-2.652530253025302542e+00 -8.720494037148620592e+00
-2.651925192519251961e+00 -8.718883786539091574e+00
-2.651320132013201381e+00 -8.717273584910563144e+00
-2.650715071507150800e+00 -8.715663432269632693e+00
-2.650110011001100219e+00 -8.714053328622906491e+00
-2.649504950495049638e+00 -8.712443273976974822e+00
-2.648899889988999057e+00 -8.710833268338447510e+00
-2.648294829482948476e+00 -8.709223311713918392e+00
-2.647689768976897895e+00 -8.707613404109988409e+00
-2.647084708470847314e+00 -8.706003545533254950e+00
-2.646479647964796733e+00 -8.704393735990322511e+00
-2.645874587458745708e+00 -8.702783975487783152e+00
-2.645269526952695571e+00 -8.701174264032246697e+00
-2.644664466446644546e+00 -8.699564601630301652e+00
-2.644059405940594409e+00 -8.697954988288556066e+00
-2.643454345434543384e+00 -8.696345424013605552e+00
-2.642849284928493248e+00 -8.694735908812052827e+00
-2.642244224422442223e+00 -8.693126442690495281e+00
-2.641639163916392086e+00 -8.691517025655532080e+00
-2.641034103410341061e+00 -8.689907657713762390e+00
-2.640429042904290480e+00 -8.688298338871785376e+00
-2.639823982398239899e+00 -8.686689069136203756e+00
-2.639218921892189318e+00 -8.685079848513614920e+00
-2.638613861386138737e+00 -8.683470677010621586e+00
-2.638008800880088156e+00 -8.681861554633819367e+00
-2.637403740374037575e+00 -8.680252481389809205e+00
-2.636798679867986994e+00 -8.678643457285190266e+00
-2.636193619361936413e+00 -8.677034482326565268e+00
-2.635588558855885832e+00 -8.675425556520529824e+00
-2.634983498349835251e+00 -8.673816679873683100e+00
-2.634378437843784226e+00 -8.672207852392629590e+00
-2.633773377337734090e+00 -8.670599074083964908e+00
-2.633168316831683065e+00 -8.668990344954288219e+00
-2.632563256325632928e+00 -8.667381665010204017e+00
-2.631958195819581903e+00 -8.665773034258306140e+00
-2.631353135313531766e+00 -8.664164452705200858e+00
-2.630748074807480741e+00 -8.662555920357478456e+00
-2.630143014301430604e+00 -8.660947437221745204e+00
-2.629537953795379579e+00 -8.659339003304600269e+00
-2.628932893289328998e+00 -8.657730618612641038e+00
-2.628327832783278417e+00 -8.656122283152468455e+00
-2.627722772277227836e+00 -8.654513996930683462e+00
-2.627117711771177255e+00 -8.652905759953881670e+00
-2.626512651265126674e+00 -8.651297572228665800e+00
-2.625907590759076093e+00 -8.649689433761635016e+00
-2.625302530253025513e+00 -8.648081344559392036e+00
-2.624697469746974932e+00 -8.646473304628530698e+00
-2.624092409240924351e+00 -8.644865313975653720e+00
-2.623487348734873770e+00 -8.643257372607360267e+00
-2.622882288228822745e+00 -8.641649480530245953e+00
-2.622277227722772608e+00 -8.640041637750918824e+00
-2.621672167216721583e+00 -8.638433844275970941e+00
-2.621067106710671446e+00 -8.636826100112008575e+00
-2.620462046204620421e+00 -8.635218405265625563e+00
-2.619856985698570284e+00 -8.633610759743422847e+00
-2.619251925192519259e+00 -8.632003163552001368e+00
-2.618646864686469122e+00 -8.630395616697962069e+00
-2.618041804180418097e+00 -8.628788119187898786e+00
-2.617436743674367516e+00 -8.627180671028419567e+00
-2.616831683168316935e+00 -8.625573272226114696e+00
-2.616226622662266355e+00 -8.623965922787593996e+00
-2.615621562156215774e+00 -8.622358622719447752e+00
-2.615016501650165193e+00 -8.620751372028280457e+00
-2.614411441144114612e+00 -8.619144170720693054e+00
-2.613806380638064031e+00 -8.617537018803282933e+00
-2.613201320132013450e+00 -8.615929916282647483e+00
-2.612596259625962425e+00 -8.614322863165385868e+00
-2.611991199119912288e+00 -8.612715859458104362e+00
-2.611386138613861263e+00 -8.611108905167396799e+00
-2.610781078107811126e+00 -8.609502000299867674e+00
-2.610176017601760101e+00 -8.607895144862110826e+00
-2.609570957095709964e+00 -8.606288338860727194e+00
-2.608965896589658939e+00 -8.604681582302317722e+00
-2.608360836083608802e+00 -8.603074875193486903e+00
-2.607755775577557777e+00 -8.601468217540825023e+00
-2.607150715071507197e+00 -8.599861609350936575e+00
-2.606545654565456616e+00 -8.598255050630422502e+00
-2.605940594059406035e+00 -8.596648541385880193e+00
-2.605335533553355454e+00 -8.595042081623910590e+00
-2.604730473047304873e+00 -8.593435671351109306e+00
-2.604125412541254292e+00 -8.591829310574082612e+00
-2.603520352035203711e+00 -8.590222999299424345e+00
-2.602915291529153130e+00 -8.588616737533738998e+00
-2.602310231023102549e+00 -8.587010525283620410e+00
-2.601705170517051968e+00 -8.585404362555671298e+00
-2.601100110011000943e+00 -8.583798249356494381e+00
-2.600495049504950806e+00 -8.582192185692683495e+00
-2.599889988998899781e+00 -8.580586171570843135e+00
-2.599284928492849644e+00 -8.578980206997570690e+00
-2.598679867986798619e+00 -8.577374291979463550e+00
-2.598074807480748483e+00 -8.575768426523126209e+00
-2.597469746974697458e+00 -8.574162610635154280e+00
-2.596864686468647321e+00 -8.572556844322150482e+00
-2.596259625962596296e+00 -8.570951127590708651e+00
-2.595654565456545715e+00 -8.569345460447433283e+00
-2.595049504950495134e+00 -8.567739842898928870e+00
-2.594444444444444553e+00 -8.566134274951783922e+00
-2.593839383938393972e+00 -8.564528756612606486e+00
-2.593234323432343391e+00 -8.562923287887992174e+00
-2.592629262926292810e+00 -8.561317868784541929e+00
-2.592024202420242229e+00 -8.559712499308854916e+00
-2.591419141914191648e+00 -8.558107179467533854e+00
-2.590814081408141067e+00 -8.556501909267170802e+00
-2.590209020902090487e+00 -8.554896688714372033e+00
-2.589603960396039462e+00 -8.553291517815731382e+00
-2.588998899889989325e+00 -8.551686396577856897e+00
-2.588393839383938300e+00 -8.550081325007342414e+00
-2.587788778877888163e+00 -8.548476303110790653e+00
-2.587183718371837138e+00 -8.546871330894795449e+00
-2.586578657865787001e+00 -8.545266408365961297e+00
-2.585973597359735976e+00 -8.543661535530887363e+00
-2.585368536853685839e+00 -8.542056712396174589e+00
-2.584763476347634814e+00 -8.540451938968415035e+00
-2.584158415841584233e+00 -8.538847215254218526e+00
-2.583553355335533652e+00 -8.537242541260178896e+00
-2.582948294829483071e+00 -8.535637916992895313e+00
-2.582343234323432490e+00 -8.534033342458972271e+00
-2.581738173817381909e+00 -8.532428817665003606e+00
-2.581133113311331329e+00 -8.530824342617592038e+00
-2.580528052805280748e+00 -8.529219917323338507e+00
-2.579922992299230167e+00 -8.527615541788836850e+00
-2.579317931793179142e+00 -8.526011216020693340e+00
-2.578712871287129005e+00 -8.524406940025501811e+00
-2.578107810781077980e+00 -8.522802713809864983e+00
-2.577502750275027843e+00 -8.521198537380387350e+00
-2.576897689768976818e+00 -8.519594410743659196e+00
-2.576292629262926681e+00 -8.517990333906286793e+00
-2.575687568756875656e+00 -8.516386306874865753e+00
-2.575082508250825519e+00 -8.514782329656000570e+00
-2.574477447744774494e+00 -8.513178402256281530e+00
-2.573872387238724357e+00 -8.511574524682320231e+00
-2.573267326732673332e+00 -8.509970696940705182e+00
-2.572662266226622751e+00 -8.508366919038046206e+00
-2.572057205720572171e+00 -8.506763190980933587e+00
-2.571452145214521590e+00 -8.505159512775973596e+00
-2.570847084708471009e+00 -8.503555884429763623e+00
-2.570242024202420428e+00 -8.501952305948904609e+00
-2.569636963696369847e+00 -8.500348777339992168e+00
-2.569031903190319266e+00 -8.498745298609629018e+00
-2.568426842684268685e+00 -8.497141869764414324e+00
-2.567821782178217660e+00 -8.495538490810949028e+00
-2.567216721672167523e+00 -8.493935161755830521e+00
-2.566611661166116498e+00 -8.492331882605656190e+00
-2.566006600660066361e+00 -8.490728653367034084e+00
-2.565401540154015336e+00 -8.489125474046554487e+00
-2.564796479647965199e+00 -8.487522344650823669e+00
-2.564191419141914174e+00 -8.485919265186435467e+00
-2.563586358635864038e+00 -8.484316235659996153e+00
-2.562981298129813013e+00 -8.482713256078099562e+00
-2.562376237623762432e+00 -8.481110326447346637e+00
-2.561771177117711851e+00 -8.479507446774338320e+00
-2.561166116611661270e+00 -8.477904617065675552e+00
-2.560561056105610689e+00 -8.476301837327955724e+00
-2.559955995599560108e+00 -8.474699107567778000e+00
-2.559350935093509527e+00 -8.473096427791745100e+00
-2.558745874587458946e+00 -8.471493798006450859e+00
-2.558140814081408365e+00 -8.469891218218501550e+00
-2.557535753575357784e+00 -8.468288688434492784e+00
-2.556930693069307203e+00 -8.466686208661023727e+00
-2.556325632563256178e+00 -8.465083778904698875e+00
-2.555720572057206041e+00 -8.463481399172112063e+00
-2.555115511551155016e+00 -8.461879069469864234e+00
-2.554510451045104880e+00 -8.460276789804558106e+00
-2.553905390539053855e+00 -8.458674560182787516e+00
-2.553300330033003718e+00 -8.457072380611158735e+00
-2.552695269526952693e+00 -8.455470251096267376e+00
-2.552090209020902556e+00 -8.453868171644714380e+00
-2.551485148514851531e+00 -8.452266142263098914e+00
-2.550880088008800950e+00 -8.450664162958021919e+00
-2.550275027502750369e+00 -8.449062233736077232e+00
-2.549669966996699788e+00 -8.447460354603874677e+00
-2.549064906490649207e+00 -8.445858525568006314e+00
-2.548459845984598626e+00 -8.444256746635073085e+00
-2.547854785478548045e+00 -8.442655017811675933e+00
-2.547249724972497464e+00 -8.441053339104414022e+00
-2.546644664466446883e+00 -8.439451710519884742e+00
-2.546039603960396303e+00 -8.437850132064689035e+00
-2.545434543454345722e+00 -8.436248603745429619e+00
-2.544829482948294697e+00 -8.434647125568702108e+00
-2.544224422442244560e+00 -8.433045697541110997e+00
-2.543619361936193535e+00 -8.431444319669248344e+00
-2.543014301430143398e+00 -8.429842991959718645e+00
-2.542409240924092373e+00 -8.428241714419121067e+00
-2.541804180418042236e+00 -8.426640487054056550e+00
-2.541199119911991211e+00 -8.425039309871120707e+00
-2.540594059405941074e+00 -8.423438182876918034e+00
-2.539988998899890049e+00 -8.421837106078042368e+00
-2.539383938393839468e+00 -8.420236079481099978e+00
-2.538778877887788887e+00 -8.418635103092684702e+00
-2.538173817381738306e+00 -8.417034176919401034e+00
-2.537568756875687725e+00 -8.415433300967844588e+00
-2.536963696369637145e+00 -8.413832475244614528e+00
-2.536358635863586564e+00 -8.412231699756317127e+00
-2.535753575357535983e+00 -8.410630974509544444e+00
-2.535148514851485402e+00 -8.409030299510899198e+00
-2.534543454345434377e+00 -8.407429674766980554e+00
-2.533938393839384240e+00 -8.405829100284389455e+00
-2.533333333333333215e+00 -8.404228576069725065e+00
-2.532728272827283078e+00 -8.402628102129584775e+00
-2.532123212321232053e+00 -8.401027678470569526e+00
-2.531518151815181916e+00 -8.399427305099280261e+00
-2.530913091309130891e+00 -8.397826982022314368e+00
-2.530308030803080754e+00 -8.396226709246274567e+00
-2.529702970297029729e+00 -8.394626486777756469e+00
-2.529097909790979148e+00 -8.393026314623362794e+00
-2.528492849284928567e+00 -8.391426192789692706e+00
-2.527887788778877987e+00 -8.389826121283343596e+00
-2.527282728272827406e+00 -8.388226100110919958e+00
-2.526677667766776825e+00 -8.386626129279015629e+00
-2.526072607260726244e+00 -8.385026208794231550e+00
-2.525467546754675663e+00 -8.383426338663172217e+00
-2.524862486248625082e+00 -8.381826518892429689e+00
-2.524257425742574501e+00 -8.380226749488608462e+00
-2.523652365236523920e+00 -8.378627030458305924e+00
-2.523047304730472895e+00 -8.377027361808124795e+00
-2.522442244224422758e+00 -8.375427743544666015e+00
-2.521837183718371733e+00 -8.373828175674521646e+00
-2.521232123212321596e+00 -8.372228658204297957e+00
-2.520627062706270571e+00 -8.370629191140590564e+00
-2.520022002200220435e+00 -8.369029774490002183e+00
-2.519416941694169410e+00 -8.367430408259128427e+00
-2.518811881188119273e+00 -8.365831092454577345e+00
-2.518206820682068248e+00 -8.364231827082935666e+00
-2.517601760176017667e+00 -8.362632612150814992e+00
-2.516996699669967086e+00 -8.361033447664807383e+00
-2.516391639163916505e+00 -8.359434333631515557e+00
-2.515786578657865924e+00 -8.357835270057538679e+00
-2.515181518151815343e+00 -8.356236256949479468e+00
-2.514576457645764762e+00 -8.354637294313929985e+00
-2.513971397139714181e+00 -8.353038382157494723e+00
-2.513366336633663600e+00 -8.351439520486774626e+00
-2.512761276127613019e+00 -8.349840709308368858e+00
-2.512156215621562438e+00 -8.348241948628871256e+00
-2.511551155115511413e+00 -8.346643238454889868e+00
-2.510946094609461277e+00 -8.345044578793018530e+00
-2.510341034103410252e+00 -8.343445969649858185e+00
-2.509735973597360115e+00 -8.341847411032009774e+00
-2.509130913091309090e+00 -8.340248902946072462e+00
-2.508525852585258953e+00 -8.338650445398647193e+00
-2.507920792079207928e+00 -8.337052038396326026e+00
-2.507315731573157791e+00 -8.335453681945722337e+00
-2.506710671067106766e+00 -8.333855376053421082e+00
-2.506105610561056185e+00 -8.332257120726030308e+00
-2.505500550055005604e+00 -8.330658915970150957e+00
-2.504895489548955023e+00 -8.329060761792375089e+00
-2.504290429042904442e+00 -8.327462658199308976e+00
-2.503685368536853861e+00 -8.325864605197551782e+00
-2.503080308030803280e+00 -8.324266602793699121e+00
-2.502475247524752699e+00 -8.322668650994351935e+00
-2.501870187018702119e+00 -8.321070749806114719e+00
-2.501265126512651094e+00 -8.319472899235577756e+00
-2.500660066006600957e+00 -8.317875099289352647e+00
-2.500055005500549932e+00 -8.316277349974027899e+00
-2.499449944994499795e+00 -8.314679651296209784e+00
-2.498844884488448770e+00 -8.313082003262495689e+00
-2.498239823982398633e+00 -8.311484405879484783e+00
-2.497634763476347608e+00 -8.309886859153776228e+00
-2.497029702970297471e+00 -8.308289363091974522e+00
-2.496424642464246446e+00 -8.306691917700669947e+00
-2.495819581958196309e+00 -8.305094522986470551e+00
-2.495214521452145284e+00 -8.303497178955971947e+00
-2.494609460946094703e+00 -8.301899885615775077e+00
-2.494004400440044122e+00 -8.300302642972480882e+00
-2.493399339933993542e+00 -8.298705451032684977e+00
-2.492794279427942961e+00 -8.297108309802990078e+00
-2.492189218921892380e+00 -8.295511219289995353e+00
-2.491584158415841799e+00 -8.293914179500299966e+00
-2.490979097909791218e+00 -8.292317190440506636e+00
-2.490374037403740637e+00 -8.290720252117207423e+00
-2.489768976897689612e+00 -8.289123364537008598e+00
-2.489163916391639475e+00 -8.287526527706509327e+00
-2.488558855885588450e+00 -8.285929741632307000e+00
-2.487953795379538313e+00 -8.284333006321000781e+00
-2.487348734873487288e+00 -8.282736321779189836e+00
-2.486743674367437151e+00 -8.281139688013478661e+00
-2.486138613861386126e+00 -8.279543105030461092e+00
-2.485533553355335989e+00 -8.277946572836739847e+00
-2.484928492849284964e+00 -8.276350091438915868e+00
-2.484323432343234384e+00 -8.274753660843584768e+00
-2.483718371837183803e+00 -8.273157281057349266e+00
-2.483113311331133222e+00 -8.271560952086810303e+00
-2.482508250825082641e+00 -8.269964673938558164e+00
-2.481903190319032060e+00 -8.268368446619206225e+00
-2.481298129812981479e+00 -8.266772270135342993e+00
-2.480693069306930898e+00 -8.265176144493574739e+00
-2.480088008800880317e+00 -8.263580069700497077e+00
-2.479482948294829736e+00 -8.261984045762712725e+00
-2.478877887788779155e+00 -8.260388072686817296e+00
-2.478272827282728130e+00 -8.258792150479415284e+00
-2.477667766776677993e+00 -8.257196279147105855e+00
-2.477062706270626968e+00 -8.255600458696481070e+00
-2.476457645764576831e+00 -8.254004689134152528e+00
-2.475852585258525806e+00 -8.252408970466708737e+00
-2.475247524752475670e+00 -8.250813302700757745e+00
-2.474642464246424645e+00 -8.249217685842891612e+00
-2.474037403740374508e+00 -8.247622119899716608e+00
-2.473432343234323483e+00 -8.246026604877828348e+00
-2.472827282728272902e+00 -8.244431140783827772e+00
-2.472222222222222321e+00 -8.242835727624315822e+00
-2.471617161716171740e+00 -8.241240365405889889e+00
-2.471012101210121159e+00 -8.239645054135149138e+00
-2.470407040704070578e+00 -8.238049793818698063e+00
-2.469801980198019997e+00 -8.236454584463126949e+00
-2.469196919691969416e+00 -8.234859426075043842e+00
-2.468591859185918835e+00 -8.233264318661047909e+00
-2.467986798679868254e+00 -8.231669262227734762e+00
-2.467381738173817673e+00 -8.230074256781707120e+00
-2.466776677667766648e+00 -8.228479302329558820e+00
-2.466171617161716512e+00 -8.226884398877897908e+00
-2.465566556655665487e+00 -8.225289546433319998e+00
-2.464961496149615350e+00 -8.223694745002424256e+00
-2.464356435643564325e+00 -8.222099994591808070e+00
-2.463751375137514188e+00 -8.220505295208077712e+00
-2.463146314631463163e+00 -8.218910646857825242e+00
-2.462541254125413026e+00 -8.217316049547656931e+00
-2.461936193619362001e+00 -8.215721503284168392e+00
-2.461331133113311420e+00 -8.214127008073958791e+00
-2.460726072607260839e+00 -8.212532563923629070e+00
-2.460121012101210258e+00 -8.210938170839781947e+00
-2.459515951595159677e+00 -8.209343828829009482e+00
-2.458910891089109096e+00 -8.207749537897919723e+00
-2.458305830583058516e+00 -8.206155298053106506e+00
-2.457700770077007935e+00 -8.204561109301170774e+00
-2.457095709570957354e+00 -8.202966971648713468e+00
-2.456490649064906329e+00 -8.201372885102333754e+00
-2.455885588558856192e+00 -8.199778849668632574e+00
-2.455280528052805167e+00 -8.198184865354203765e+00
-2.454675467546755030e+00 -8.196590932165655374e+00
-2.454070407040704005e+00 -8.194997050109577685e+00
-2.453465346534653868e+00 -8.193403219192578746e+00
-2.452860286028602843e+00 -8.191809439421252392e+00
-2.452255225522552706e+00 -8.190215710802203120e+00
-2.451650165016501681e+00 -8.188622033342024764e+00
-2.451045104510451100e+00 -8.187028407047321821e+00
-2.450440044004400519e+00 -8.185434831924695231e+00
-2.449834983498349938e+00 -8.183841307980737056e+00
-2.449229922992299358e+00 -8.182247835222055343e+00
-2.448624862486248777e+00 -8.180654413655242152e+00
-2.448019801980198196e+00 -8.179061043286903754e+00
-2.447414741474147615e+00 -8.177467724123637538e+00
-2.446809680968097034e+00 -8.175874456172037341e+00
-2.446204620462046453e+00 -8.174281239438714763e+00
-2.445599559955995872e+00 -8.172688073930256536e+00
-2.444994499449944847e+00 -8.171094959653270706e+00
-2.444389438943894710e+00 -8.169501896614354663e+00
-2.443784378437843685e+00 -8.167908884820105797e+00
-2.443179317931793548e+00 -8.166315924277130378e+00
-2.442574257425742523e+00 -8.164723014992016914e+00
-2.441969196919692386e+00 -8.163130156971375229e+00
-2.441364136413641361e+00 -8.161537350221800935e+00
-2.440759075907591225e+00 -8.159944594749894975e+00
-2.440154015401540200e+00 -8.158351890562252962e+00
-2.439548954895489619e+00 -8.156759237665477613e+00
-2.438943894389439038e+00 -8.155166636066171648e+00
-2.438338833883388457e+00 -8.153574085770928903e+00
-2.437733773377337876e+00 -8.151981586786350320e+00
-2.437128712871287295e+00 -8.150389139119038617e+00
-2.436523652365236714e+00 -8.148796742775591184e+00
-2.435918591859186133e+00 -8.147204397762607186e+00
-2.435313531353135552e+00 -8.145612104086687566e+00
-2.434708470847084971e+00 -8.144019861754431489e+00
-2.434103410341034390e+00 -8.142427670772438120e+00
-2.433498349834983365e+00 -8.140835531147306625e+00
-2.432893289328933228e+00 -8.139243442885639723e+00
-2.432288228822882203e+00 -8.137651405994029474e+00
-2.431683168316832067e+00 -8.136059420479087478e+00
-2.431078107810781042e+00 -8.134467486347400467e+00
-2.430473047304730905e+00 -8.132875603605576487e+00
-2.429867986798679880e+00 -8.131283772260214704e+00
-2.429262926292629743e+00 -8.129691992317912508e+00
-2.428657865786578718e+00 -8.128100263785267288e+00
-2.428052805280528137e+00 -8.126508586668883538e+00
-2.427447744774477556e+00 -8.124916960975356872e+00
-2.426842684268426975e+00 -8.123325386711291785e+00
-2.426237623762376394e+00 -8.121733863883278559e+00
-2.425632563256325813e+00 -8.120142392497927020e+00
-2.425027502750275232e+00 -8.118550972561831003e+00
-2.424422442244224651e+00 -8.116959604081595003e+00
-2.423817381738174070e+00 -8.115368287063811081e+00
-2.423212321232123490e+00 -8.113777021515087284e+00
-2.422607260726072909e+00 -8.112185807442017449e+00
-2.422002200220021884e+00 -8.110594644851200741e+00
-2.421397139713971747e+00 -8.109003533749243431e+00
-2.420792079207920722e+00 -8.107412474142737580e+00
-2.420187018701870585e+00 -8.105821466038287681e+00
-2.419581958195819560e+00 -8.104230509442487573e+00
-2.418976897689769423e+00 -8.102639604361945302e+00
-2.418371837183718398e+00 -8.101048750803254705e+00
-2.417766776677668261e+00 -8.099457948773016724e+00
-2.417161716171617236e+00 -8.097867198277832301e+00
-2.416556655665566655e+00 -8.096276499324295273e+00
-2.415951595159516074e+00 -8.094685851919013686e+00
-2.415346534653465493e+00 -8.093095256068579602e+00
-2.414741474147414912e+00 -8.091504711779601067e+00
-2.414136413641364332e+00 -8.089914219058670142e+00
-2.413531353135313751e+00 -8.088323777912389545e+00
-2.412926292629263170e+00 -8.086733388347356666e+00
-2.412321232123212589e+00 -8.085143050370174223e+00
-2.411716171617161564e+00 -8.083552763987441381e+00
-2.411111111111111427e+00 -8.081962529205757306e+00
-2.410506050605060402e+00 -8.080372346031719388e+00
-2.409900990099010265e+00 -8.078782214471932122e+00
-2.409295929592959240e+00 -8.077192134532987566e+00
-2.408690869086909103e+00 -8.075602106221491994e+00
-2.408085808580858078e+00 -8.074012129544042793e+00
-2.407480748074807941e+00 -8.072422204507240906e+00
-2.406875687568756916e+00 -8.070832331117681946e+00
-2.406270627062706335e+00 -8.069242509381970407e+00
-2.405665566556655754e+00 -8.067652739306703680e+00
-2.405060506050605174e+00 -8.066063020898479152e+00
-2.404455445544554593e+00 -8.064473354163901320e+00
-2.403850385038504012e+00 -8.062883739109567571e+00
-2.403245324532453431e+00 -8.061294175742077073e+00
-2.402640264026402850e+00 -8.059704664068027213e+00
-2.402035203520352269e+00 -8.058115204094022488e+00
-2.401430143014301688e+00 -8.056525795826656733e+00
-2.400825082508251107e+00 -8.054936439272536219e+00
-2.400220022002200082e+00 -8.053347134438256560e+00
-2.399614961496149945e+00 -8.051757881330418698e+00
-2.399009900990098920e+00 -8.050168679955616469e+00
-2.398404840484048783e+00 -8.048579530320459696e+00
-2.397799779977997758e+00 -8.046990432431542217e+00
-2.397194719471947622e+00 -8.045401386295463197e+00
-2.396589658965896596e+00 -8.043812391918821803e+00
-2.395984598459846460e+00 -8.042223449308224303e+00
-2.395379537953795435e+00 -8.040634558470259208e+00
-2.394774477447744854e+00 -8.039045719411532787e+00
-2.394169416941694273e+00 -8.037456932138645982e+00
-2.393564356435643692e+00 -8.035868196658196183e+00
-2.392959295929593111e+00 -8.034279512976784332e+00
-2.392354235423542530e+00 -8.032690881101007818e+00
-2.391749174917491949e+00 -8.031102301037467583e+00
-2.391144114411441368e+00 -8.029513772792762794e+00
-2.390539053905390787e+00 -8.027925296373492614e+00
-2.389933993399340206e+00 -8.026336871786257987e+00
-2.389328932893289625e+00 -8.024748499037659855e+00
-2.388723872387238600e+00 -8.023160178134292053e+00
-2.388118811881188464e+00 -8.021571909082759078e+00
-2.387513751375137439e+00 -8.019983691889660093e+00
-2.386908690869087302e+00 -8.018395526561594266e+00
-2.386303630363036277e+00 -8.016807413105160762e+00
-2.385698569856986140e+00 -8.015219351526958746e+00
-2.385093509350935115e+00 -8.013631341833590938e+00
-2.384488448844884978e+00 -8.012043384031652948e+00
-2.383883388338833953e+00 -8.010455478127745721e+00
-2.383278327832783372e+00 -8.008867624128468421e+00
-2.382673267326732791e+00 -8.007279822040421990e+00
-2.382068206820682210e+00 -8.005692071870209148e+00
-2.381463146314631629e+00 -8.004104373624420177e+00
-2.380858085808581048e+00 -8.002516727309663125e+00
-2.380253025302530467e+00 -8.000929132932533605e+00
-2.379647964796479886e+00 -7.999341590499632559e+00
-2.379042904290429306e+00 -7.997754100017561818e+00
-2.378437843784378281e+00 -7.996166661492914329e+00
-2.377832783278328144e+00 -7.994579274932299917e+00
-2.377227722772277119e+00 -7.992991940342308865e+00
-2.376622662266226982e+00 -7.991404657729544780e+00
-2.376017601760175957e+00 -7.989817427100605052e+00
-2.375412541254125820e+00 -7.988230248462094174e+00
-2.374807480748074795e+00 -7.986643121820605096e+00
-2.374202420242024658e+00 -7.985056047182744088e+00
-2.373597359735973633e+00 -7.983469024555104987e+00
-2.372992299229923496e+00 -7.981882053944293176e+00
-2.372387238723872471e+00 -7.980295135356903380e+00
-2.371782178217821890e+00 -7.978708268799534764e+00
-2.371177117711771309e+00 -7.977121454278790935e+00
-2.370572057205720728e+00 -7.975534691801271059e+00
-2.369966996699670148e+00 -7.973947981373571636e+00
-2.369361936193619567e+00 -7.972361323002293609e+00
-2.368756875687568986e+00 -7.970774716694037920e+00
-2.368151815181518405e+00 -7.969188162455403734e+00
-2.367546754675467824e+00 -7.967601660292991106e+00
-2.366941694169416799e+00 -7.966015210213395648e+00
-2.366336633663366662e+00 -7.964428812223224519e+00
-2.365731573157315637e+00 -7.962842466329066227e+00
-2.365126512651265500e+00 -7.961256172537534148e+00
-2.364521452145214475e+00 -7.959669930855216791e+00
-2.363916391639164338e+00 -7.958083741288719537e+00
-2.363311331133113313e+00 -7.956497603844638888e+00
-2.362706270627063176e+00 -7.954911518529576675e+00
-2.362101210121012151e+00 -7.953325485350131174e+00
-2.361496149614961571e+00 -7.951739504312902440e+00
-2.360891089108910990e+00 -7.950153575424490526e+00
-2.360286028602860409e+00 -7.948567698691495487e+00
-2.359680968096809828e+00 -7.946981874120513822e+00
-2.359075907590759247e+00 -7.945396101718148252e+00
-2.358470847084708666e+00 -7.943810381490997941e+00
-2.357865786578658085e+00 -7.942224713445664719e+00
-2.357260726072607504e+00 -7.940639097588741535e+00
-2.356655665566556923e+00 -7.939053533926833772e+00
-2.356050605060506342e+00 -7.937468022466539708e+00
-2.355445544554455317e+00 -7.935882563214456731e+00
-2.354840484048405180e+00 -7.934297156177191113e+00
-2.354235423542354155e+00 -7.932711801361331361e+00
-2.353630363036304018e+00 -7.931126498773488187e+00
-2.353025302530252993e+00 -7.929541248420253652e+00
-2.352420242024202857e+00 -7.927956050308232250e+00
-2.351815181518151832e+00 -7.926370904444018706e+00
-2.351210121012101695e+00 -7.924785810834219291e+00
-2.350605060506050670e+00 -7.923200769485427841e+00
-2.350000000000000089e+00 -7.921615780404244411e+00
-2.349394939493949508e+00 -7.920030843597272607e+00
-2.348789878987898927e+00 -7.918445959071108042e+00
-2.348184818481848346e+00 -7.916861126832351658e+00
-2.347579757975797765e+00 -7.915276346887603509e+00
-2.346974697469747184e+00 -7.913691619243463649e+00
-2.346369636963696603e+00 -7.912106943906529466e+00
-2.345764576457646022e+00 -7.910522320883404568e+00
-2.345159515951595441e+00 -7.908937750180683679e+00
-2.344554455445544860e+00 -7.907353231804972182e+00
-2.343949394939493835e+00 -7.905768765762861250e+00
-2.343344334433443699e+00 -7.904184352060959817e+00
-2.342739273927392674e+00 -7.902599990705859945e+00
-2.342134213421342537e+00 -7.901015681704168792e+00
-2.341529152915291512e+00 -7.899431425062477530e+00
-2.340924092409241375e+00 -7.897847220787392430e+00
-2.340319031903190350e+00 -7.896263068885509995e+00
-2.339713971397140213e+00 -7.894678969363431165e+00
-2.339108910891089188e+00 -7.893094922227753329e+00
-2.338503850385038607e+00 -7.891510927485078319e+00
-2.337898789878988026e+00 -7.889926985142005300e+00
-2.337293729372937445e+00 -7.888343095205136102e+00
-2.336688668866886864e+00 -7.886759257681064561e+00
-2.336083608360836283e+00 -7.885175472576396061e+00
-2.335478547854785702e+00 -7.883591739897727102e+00
-2.334873487348735122e+00 -7.882008059651655962e+00
-2.334268426842684541e+00 -7.880424431844786248e+00
-2.333663366336633516e+00 -7.878840856483712685e+00
-2.333058305830583379e+00 -7.877257333575044207e+00
-2.332453245324532354e+00 -7.875673863125367546e+00
-2.331848184818482217e+00 -7.874090445141294303e+00
-2.331243124312431192e+00 -7.872507079629414761e+00
-2.330638063806381055e+00 -7.870923766596336080e+00
-2.330033003300330030e+00 -7.869340506048650319e+00
-2.329427942794279893e+00 -7.867757297992962862e+00
-2.328822882288228868e+00 -7.866174142435870209e+00
-2.328217821782178287e+00 -7.864591039383975080e+00
-2.327612761276127706e+00 -7.863007988843873974e+00
-2.327007700770077125e+00 -7.861424990822167835e+00
-2.326402640264026545e+00 -7.859842045325456716e+00
-2.325797579757975964e+00 -7.858259152360339783e+00
-2.325192519251925383e+00 -7.856676311933416201e+00
-2.324587458745874802e+00 -7.855093524051284248e+00
-2.323982398239824221e+00 -7.853510788720549307e+00
-2.323377337733773640e+00 -7.851928105947803438e+00
-2.322772277227723059e+00 -7.850345475739651135e+00
-2.322167216721672034e+00 -7.848762898102690677e+00
-2.321562156215621897e+00 -7.847180373043522117e+00
-2.320957095709570872e+00 -7.845597900568742844e+00
-2.320352035203520735e+00 -7.844015480684954689e+00
-2.319746974697469710e+00 -7.842433113398755928e+00
-2.319141914191419573e+00 -7.840850798716751058e+00
-2.318536853685368548e+00 -7.839268536645531249e+00
-2.317931793179318412e+00 -7.837686327191702773e+00
-2.317326732673267387e+00 -7.836104170361863019e+00
-2.316721672167216806e+00 -7.834522066162610265e+00
-2.316116611661166225e+00 -7.832940014600548118e+00
-2.315511551155115644e+00 -7.831358015682273077e+00
-2.314906490649065063e+00 -7.829776069414381645e+00
-2.314301430143014482e+00 -7.828194175803480981e+00
-2.313696369636963901e+00 -7.826612334856164033e+00
-2.313091309130913320e+00 -7.825030546579035295e+00
-2.312486248624862739e+00 -7.823448810978690382e+00
-2.311881188118812158e+00 -7.821867128061730234e+00
-2.311276127612761577e+00 -7.820285497834759347e+00
-2.310671067106710552e+00 -7.818703920304368005e+00
-2.310066006600660415e+00 -7.817122395477162478e+00
-2.309460946094609390e+00 -7.815540923359740155e+00
-2.308855885588559254e+00 -7.813959503958704644e+00
-2.308250825082508229e+00 -7.812378137280648005e+00
-2.307645764576458092e+00 -7.810796823332174732e+00
-2.307040704070407067e+00 -7.809215562119883103e+00
-2.306435643564356930e+00 -7.807634353650375836e+00
-2.305830583058305905e+00 -7.806053197930246768e+00
-2.305225522552255324e+00 -7.804472094966099505e+00
-2.304620462046204743e+00 -7.802891044764535877e+00
-2.304015401540154162e+00 -7.801310047332150610e+00
-2.303410341034103581e+00 -7.799729102675545533e+00
-2.302805280528053000e+00 -7.798148210801318925e+00
-2.302200220022002419e+00 -7.796567371716072614e+00
-2.301595159515951838e+00 -7.794986585426403991e+00
-2.300990099009901257e+00 -7.793405851938914886e+00
-2.300385038503850677e+00 -7.791825171260202687e+00
-2.299779977997800096e+00 -7.790244543396867449e+00
-2.299174917491749071e+00 -7.788663968355510114e+00
-2.298569856985698934e+00 -7.787083446142729848e+00
-2.297964796479647909e+00 -7.785502976765126704e+00
-2.297359735973597772e+00 -7.783922560229299847e+00
-2.296754675467546747e+00 -7.782342196541845780e+00
-2.296149614961496610e+00 -7.780761885709368997e+00
-2.295544554455445585e+00 -7.779181627738465110e+00
-2.294939493949395448e+00 -7.777601422635740391e+00
-2.294334433443344423e+00 -7.776021270407785124e+00
-2.293729372937293842e+00 -7.774441171061207356e+00
-2.293124312431243261e+00 -7.772861124602599148e+00
-2.292519251925192680e+00 -7.771281131038566770e+00
-2.291914191419142099e+00 -7.769701190375704059e+00
-2.291309130913091519e+00 -7.768121302620617286e+00
-2.290704070407040938e+00 -7.766541467779898511e+00
-2.290099009900990357e+00 -7.764961685860154006e+00
-2.289493949394939776e+00 -7.763381956867979383e+00
-2.288888888888888751e+00 -7.761802280809974697e+00
-2.288283828382838614e+00 -7.760222657692742665e+00
-2.287678767876787589e+00 -7.758643087522878012e+00
-2.287073707370737452e+00 -7.757063570306986122e+00
-2.286468646864686427e+00 -7.755484106051659055e+00
-2.285863586358636290e+00 -7.753904694763503080e+00
-2.285258525852585265e+00 -7.752325336449114701e+00
-2.284653465346535128e+00 -7.750746031115096635e+00
-2.284048404840484103e+00 -7.749166778768042718e+00
-2.283443344334433522e+00 -7.747587579414556558e+00
-2.282838283828382941e+00 -7.746008433061238208e+00
-2.282233223322332361e+00 -7.744429339714685945e+00
-2.281628162816281780e+00 -7.742850299381500712e+00
-2.281023102310231199e+00 -7.741271312068279897e+00
-2.280418041804180618e+00 -7.739692377781625332e+00
-2.279812981298130037e+00 -7.738113496528136181e+00
-2.279207920792079456e+00 -7.736534668314408947e+00
-2.278602860286028875e+00 -7.734955893147047234e+00
-2.277997799779978294e+00 -7.733377171032649322e+00
-2.277392739273927269e+00 -7.731798501977812599e+00
-2.276787678767877132e+00 -7.730219885989142448e+00
-2.276182618261826107e+00 -7.728641323073233593e+00
-2.275577557755775970e+00 -7.727062813236688754e+00
-2.274972497249724945e+00 -7.725484356486101767e+00
-2.274367436743674808e+00 -7.723905952828079791e+00
-2.273762376237623783e+00 -7.722327602269215774e+00
-2.273157315731573647e+00 -7.720749304816115099e+00
-2.272552255225522622e+00 -7.719171060475371604e+00
-2.271947194719472041e+00 -7.717592869253589782e+00
-2.271342134213421460e+00 -7.716014731157366136e+00
-2.270737073707370879e+00 -7.714436646193305158e+00
-2.270132013201320298e+00 -7.712858614367998911e+00
-2.269526952695269717e+00 -7.711280635688052776e+00
-2.268921892189219136e+00 -7.709702710160065919e+00
-2.268316831683168555e+00 -7.708124837790633954e+00
-2.267711771177117974e+00 -7.706547018586361375e+00
-2.267106710671067393e+00 -7.704969252553842018e+00
-2.266501650165016812e+00 -7.703391539699683932e+00
-2.265896589658965787e+00 -7.701813880030478288e+00
-2.265291529152915651e+00 -7.700236273552830468e+00
-2.264686468646864625e+00 -7.698658720273336975e+00
-2.264081408140814489e+00 -7.697081220198598750e+00
-2.263476347634763464e+00 -7.695503773335214071e+00
-2.262871287128713327e+00 -7.693926379689784767e+00
-2.262266226622662302e+00 -7.692349039268907340e+00
-2.261661166116612165e+00 -7.690771752079186285e+00
-2.261056105610561140e+00 -7.689194518127214550e+00
-2.260451045104510559e+00 -7.687617337419595742e+00
-2.259845984598459978e+00 -7.686040209962931691e+00
-2.259240924092409397e+00 -7.684463135763818009e+00
-2.258635863586358816e+00 -7.682886114828857416e+00
-2.258030803080308235e+00 -7.681309147164644635e+00
-2.257425742574257654e+00 -7.679732232777785050e+00
-2.256820682068207073e+00 -7.678155371674873386e+00
-2.256215621562156493e+00 -7.676578563862514137e+00
-2.255610561056105468e+00 -7.675001809347302917e+00
-2.255005500550055331e+00 -7.673425108135842443e+00
-2.254400440044004306e+00 -7.671848460234729217e+00
-2.253795379537954169e+00 -7.670271865650564180e+00
-2.253190319031903144e+00 -7.668695324389946499e+00
-2.252585258525853007e+00 -7.667118836459478892e+00
-2.251980198019801982e+00 -7.665542401865756084e+00
-2.251375137513751845e+00 -7.663966020615382568e+00
-2.250770077007700820e+00 -7.662389692714952183e+00
-2.250165016501650683e+00 -7.660813418171071199e+00
-2.249559955995599658e+00 -7.659237196990332563e+00
-2.248954895489549077e+00 -7.657661029179340773e+00
-2.248349834983498496e+00 -7.656084914744694103e+00
-2.247744774477447915e+00 -7.654508853692991721e+00
-2.247139713971397335e+00 -7.652932846030833680e+00
-2.246534653465346754e+00 -7.651356891764819146e+00
-2.245929592959296173e+00 -7.649780990901547284e+00
-2.245324532453245592e+00 -7.648205143447617260e+00
-2.244719471947195011e+00 -7.646629349409635346e+00
-2.244114411441143986e+00 -7.645053608794188271e+00
-2.243509350935093849e+00 -7.643477921607887637e+00
-2.242904290429042824e+00 -7.641902287857327281e+00
-2.242299229922992687e+00 -7.640326707549109031e+00
-2.241694169416941662e+00 -7.638751180689828502e+00
-2.241089108910891525e+00 -7.637175707286091075e+00
-2.240484048404840500e+00 -7.635600287344493253e+00
-2.239878987898790363e+00 -7.634024920871633313e+00
-2.239273927392739338e+00 -7.632449607874112196e+00
-2.238668866886688757e+00 -7.630874348358530845e+00
-2.238063806380638177e+00 -7.629299142331488426e+00
-2.237458745874587596e+00 -7.627723989799584103e+00
-2.236853685368537015e+00 -7.626148890769416155e+00
-2.236248624862486434e+00 -7.624573845247585524e+00
-2.235643564356435853e+00 -7.622998853240690487e+00
-2.235038503850385272e+00 -7.621423914755335538e+00
-2.234433443344334691e+00 -7.619849029798110962e+00
-2.233828382838284110e+00 -7.618274198375628359e+00
-2.233223322332233529e+00 -7.616699420494477124e+00
-2.232618261826182504e+00 -7.615124696161261753e+00
-2.232013201320132367e+00 -7.613550025382581410e+00
-2.231408140814081342e+00 -7.611975408165032597e+00
-2.230803080308031205e+00 -7.610400844515220697e+00
-2.230198019801980180e+00 -7.608826334439740435e+00
-2.229592959295930044e+00 -7.607251877945194529e+00
-2.228987898789879019e+00 -7.605677475038179480e+00
-2.228382838283828882e+00 -7.604103125725298895e+00
-2.227777777777777857e+00 -7.602528830013146610e+00
-2.227172717271727276e+00 -7.600954587908328897e+00
-2.226567656765676695e+00 -7.599380399417441367e+00
-2.225962596259626114e+00 -7.597806264547084965e+00
-2.225357535753575533e+00 -7.596232183303856189e+00
-2.224752475247524952e+00 -7.594658155694360424e+00
-2.224147414741474371e+00 -7.593084181725190618e+00
-2.223542354235423790e+00 -7.591510261402952153e+00
-2.222937293729373209e+00 -7.589936394734242420e+00
-2.222332233223322628e+00 -7.588362581725659695e+00
-2.221727172717272047e+00 -7.586788822383807585e+00
-2.221122112211221022e+00 -7.585215116715280814e+00
-2.220517051705170886e+00 -7.583641464726683878e+00
-2.219911991199119861e+00 -7.582067866424609726e+00
-2.219306930693069724e+00 -7.580494321815666403e+00
-2.218701870187018699e+00 -7.578920830906444195e+00
-2.218096809680968562e+00 -7.577347393703551148e+00
-2.217491749174917537e+00 -7.575774010213581988e+00
-2.216886688668867400e+00 -7.574200680443138545e+00
-2.216281628162816375e+00 -7.572627404398818207e+00
-2.215676567656765794e+00 -7.571054182087221918e+00
-2.215071507150715213e+00 -7.569481013514950618e+00
-2.214466446644664632e+00 -7.567907898688602586e+00
-2.213861386138614051e+00 -7.566334837614776987e+00
-2.213256325632563470e+00 -7.564761830300075651e+00
-2.212651265126512889e+00 -7.563188876751094192e+00
-2.212046204620462309e+00 -7.561615976974435327e+00
-2.211441144114411728e+00 -7.560043130976699111e+00
-2.210836083608360703e+00 -7.558470338764481156e+00
-2.210231023102310566e+00 -7.556897600344385957e+00
-2.209625962596259541e+00 -7.555324915723007351e+00
-2.209020902090209404e+00 -7.553752284906954273e+00
-2.208415841584158379e+00 -7.552179707902816119e+00
-2.207810781078108242e+00 -7.550607184717200937e+00
-2.207205720572057217e+00 -7.549034715356700787e+00
-2.206600660066007080e+00 -7.547462299827922827e+00
-2.205995599559956055e+00 -7.545889938137458230e+00
-2.205390539053905474e+00 -7.544317630291914156e+00
-2.204785478547854893e+00 -7.542745376297885329e+00
-2.204180418041804312e+00 -7.541173176161975356e+00
-2.203575357535753731e+00 -7.539601029890782513e+00
-2.202970297029703151e+00 -7.538028937490904191e+00
-2.202365236523652570e+00 -7.536456898968940443e+00
-2.201760176017601989e+00 -7.534884914331492212e+00
-2.201155115511551408e+00 -7.533312983585161327e+00
-2.200550055005500827e+00 -7.531741106736543401e+00
-2.199944994499450246e+00 -7.530169283792239376e+00
-2.199339933993399221e+00 -7.528597514758848419e+00
-2.198734873487349084e+00 -7.527025799642970583e+00
-2.198129812981298059e+00 -7.525454138451205921e+00
-2.197524752475247922e+00 -7.523882531190155376e+00
-2.196919691969196897e+00 -7.522310977866416337e+00
-2.196314631463146760e+00 -7.520739478486589746e+00
-2.195709570957095735e+00 -7.519168033057271217e+00
-2.195104510451045599e+00 -7.517596641585067907e+00
-2.194499449944994574e+00 -7.516025304076572766e+00
-2.193894389438943993e+00 -7.514454020538387624e+00
-2.193289328932893412e+00 -7.512882790977113423e+00
-2.192684268426842831e+00 -7.511311615399347552e+00
-2.192079207920792250e+00 -7.509740493811692730e+00
-2.191474147414741669e+00 -7.508169426220744569e+00
-2.190869086908691088e+00 -7.506598412633106676e+00
-2.190264026402640507e+00 -7.505027453055376441e+00
-2.189658965896589926e+00 -7.503456547494153916e+00
-2.189053905390539345e+00 -7.501885695956037381e+00
-2.188448844884488764e+00 -7.500314898447626888e+00
-2.187843784378437739e+00 -7.498744154975524268e+00
-2.187238723872387602e+00 -7.497173465546326909e+00
-2.186633663366336577e+00 -7.495602830166633979e+00
-2.186028602860286441e+00 -7.494032248843049970e+00
-2.185423542354235416e+00 -7.492461721582167833e+00
-2.184818481848185279e+00 -7.490891248390592061e+00
-2.184213421342134254e+00 -7.489320829274918268e+00
-2.183608360836084117e+00 -7.487750464241750947e+00
-2.183003300330033092e+00 -7.486180153297683049e+00
-2.182398239823982511e+00 -7.484609896449319955e+00
-2.181793179317931930e+00 -7.483039693703259054e+00
-2.181188118811881349e+00 -7.481469545066101290e+00
-2.180583058305830768e+00 -7.479899450544446715e+00
-2.179977997799780187e+00 -7.478329410144889167e+00
-2.179372937293729606e+00 -7.476759423874037580e+00
-2.178767876787679025e+00 -7.475189491738483127e+00
-2.178162816281628444e+00 -7.473619613744831192e+00
-2.177557755775577863e+00 -7.472049789899675609e+00
-2.176952695269527283e+00 -7.470480020209623540e+00
-2.176347634763476258e+00 -7.468910304681269707e+00
-2.175742574257426121e+00 -7.467340643321214166e+00
-2.175137513751375096e+00 -7.465771036136055194e+00
-2.174532453245324959e+00 -7.464201483132395509e+00
-2.173927392739273934e+00 -7.462631984316832501e+00
-2.173322332233223797e+00 -7.461062539695968887e+00
-2.172717271727172772e+00 -7.459493149276399393e+00
-2.172112211221122635e+00 -7.457923813064728513e+00
-2.171507150715071610e+00 -7.456354531067551861e+00
-2.170902090209021029e+00 -7.454785303291471266e+00
-2.170297029702970448e+00 -7.453216129743086782e+00
-2.169691969196919867e+00 -7.451647010428995799e+00
-2.169086908690869286e+00 -7.450077945355801035e+00
-2.168481848184818706e+00 -7.448508934530098990e+00
-2.167876787678768125e+00 -7.446939977958490609e+00
-2.167271727172717544e+00 -7.445371075647578607e+00
-2.166666666666666963e+00 -7.443802227603955046e+00
-2.166061606160615938e+00 -7.442233433834224421e+00
-2.165456545654565801e+00 -7.440664694344989449e+00
-2.164851485148514776e+00 -7.439096009142841304e+00
-2.164246424642464639e+00 -7.437527378234389808e+00
-2.163641364136413614e+00 -7.435958801626226133e+00
-2.163036303630363477e+00 -7.434390279324955664e+00
-2.162431243124312452e+00 -7.432821811337172235e+00
-2.161826182618262315e+00 -7.431253397669481231e+00
-2.161221122112211290e+00 -7.429685038328477376e+00
-2.160616061606160709e+00 -7.428116733320764276e+00
-2.160011001100110128e+00 -7.426548482652940208e+00
-2.159405940594059548e+00 -7.424980286331601675e+00
-2.158800880088008967e+00 -7.423412144363355836e+00
-2.158195819581958386e+00 -7.421844056754793861e+00
-2.157590759075907805e+00 -7.420276023512519359e+00
-2.156985698569857224e+00 -7.418708044643132382e+00
-2.156380638063806643e+00 -7.417140120153232985e+00
-2.155775577557756062e+00 -7.415572250049417669e+00
-2.155170517051705481e+00 -7.414004434338290039e+00
-2.154565456545654456e+00 -7.412436673026443046e+00
-2.153960396039604319e+00 -7.410868966120485624e+00
-2.153355335533553294e+00 -7.409301313627008057e+00
-2.152750275027503157e+00 -7.407733715552619280e+00
-2.152145214521452132e+00 -7.406166171903912243e+00
-2.151540154015401995e+00 -7.404598682687488775e+00
-2.150935093509350970e+00 -7.403031247909948931e+00
-2.150330033003300834e+00 -7.401463867577890099e+00
-2.149724972497249809e+00 -7.399896541697914110e+00
-2.149119911991199228e+00 -7.398329270276621905e+00
-2.148514851485148647e+00 -7.396762053320607322e+00
-2.147909790979098066e+00 -7.395194890836478407e+00
-2.147304730473047485e+00 -7.393627782830825446e+00
-2.146699669966996904e+00 -7.392060729310254708e+00
-2.146094609460946323e+00 -7.390493730281363582e+00
-2.145489548954895742e+00 -7.388926785750753901e+00
-2.144884488448845161e+00 -7.387359895725019499e+00
-2.144279427942794580e+00 -7.385793060210767536e+00
-2.143674367436743999e+00 -7.384226279214590072e+00
-2.143069306930692974e+00 -7.382659552743090714e+00
-2.142464246424642837e+00 -7.381092880802872180e+00
-2.141859185918591812e+00 -7.379526263400528308e+00
-2.141254125412541676e+00 -7.377959700542664478e+00
-2.140649064906490651e+00 -7.376393192235873641e+00
-2.140044004400440514e+00 -7.374826738486760291e+00
-2.139438943894389489e+00 -7.373260339301921817e+00
-2.138833883388339352e+00 -7.371693994687960050e+00
-2.138228822882288327e+00 -7.370127704651470602e+00
-2.137623762376237746e+00 -7.368561469199057967e+00
-2.137018701870187165e+00 -7.366995288337315984e+00
-2.136413641364136584e+00 -7.365429162072851810e+00
-2.135808580858086003e+00 -7.363863090412259282e+00
-2.135203520352035422e+00 -7.362297073362139344e+00
-2.134598459845984841e+00 -7.360731110929092935e+00
-2.133993399339934260e+00 -7.359165203119718335e+00
-2.133388338833883680e+00 -7.357599349940614708e+00
-2.132783278327832654e+00 -7.356033551398382109e+00
-2.132178217821782518e+00 -7.354467807499621479e+00
-2.131573157315731493e+00 -7.352902118250930208e+00
-2.130968096809681356e+00 -7.351336483658912790e+00
-2.130363036303630331e+00 -7.349770903730160398e+00
-2.129757975797580194e+00 -7.348205378471281080e+00
-2.129152915291529169e+00 -7.346639907888869558e+00
-2.128547854785479032e+00 -7.345074491989528553e+00
-2.127942794279428007e+00 -7.343509130779851901e+00
-2.127337733773377870e+00 -7.341943824266447649e+00
-2.126732673267326845e+00 -7.340378572455907857e+00
-2.126127612761276264e+00 -7.338813375354834356e+00
-2.125522552255225683e+00 -7.337248232969828976e+00
-2.124917491749175102e+00 -7.335683145307489994e+00
-2.124312431243124522e+00 -7.334118112374417464e+00
-2.123707370737073941e+00 -7.332553134177211440e+00
-2.123102310231023360e+00 -7.330988210722469312e+00
-2.122497249724972779e+00 -7.329423342016791132e+00
-2.121892189218922198e+00 -7.327858528066778732e+00
-2.121287128712871173e+00 -7.326293768879030388e+00
-2.120682068206821036e+00 -7.324729064460146155e+00
-2.120077007700770011e+00 -7.323164414816725198e+00
-2.119471947194719874e+00 -7.321599819955366684e+00
-2.118866886688668849e+00 -7.320035279882668888e+00
-2.118261826182618712e+00 -7.318470794605236307e+00
-2.117656765676567687e+00 -7.316906364129662776e+00
-2.117051705170517550e+00 -7.315341988462552791e+00
-2.116446644664466525e+00 -7.313777667610501965e+00
-2.115841584158415944e+00 -7.312213401580113015e+00
-2.115236523652365364e+00 -7.310649190377983331e+00
-2.114631463146314783e+00 -7.309085034010713855e+00
-2.114026402640264202e+00 -7.307520932484904641e+00
-2.113421342134213621e+00 -7.305956885807154855e+00
-2.112816281628163040e+00 -7.304392893984061885e+00
-2.112211221122112459e+00 -7.302828957022229339e+00
-2.111606160616061878e+00 -7.301265074928254606e+00
-2.111001100110011297e+00 -7.299701247708735075e+00
-2.110396039603960716e+00 -7.298137475370275240e+00
-2.109790979097909691e+00 -7.296573757919468051e+00
-2.109185918591859554e+00 -7.295010095362920666e+00
-2.108580858085808529e+00 -7.293446487707229586e+00
-2.107975797579758392e+00 -7.291882934958993978e+00
-2.107370737073707367e+00 -7.290319437124813007e+00
-2.106765676567657231e+00 -7.288755994211286726e+00
-2.106160616061606206e+00 -7.287192606225015190e+00
-2.105555555555556069e+00 -7.285629273172596676e+00
-2.104950495049505044e+00 -7.284065995060632126e+00
-2.104345434543454463e+00 -7.282502771895720706e+00
-2.103740374037403882e+00 -7.280939603684463357e+00
-2.103135313531353301e+00 -7.279376490433457469e+00
-2.102530253025302720e+00 -7.277813432149304873e+00
-2.101925192519252139e+00 -7.276250428838602957e+00
-2.101320132013201558e+00 -7.274687480507952664e+00
-2.100715071507150977e+00 -7.273124587163955823e+00
-2.100110011001100396e+00 -7.271561748813206272e+00
-2.099504950495049815e+00 -7.269998965462307616e+00
-2.098899889988999234e+00 -7.268436237117859910e+00
-2.098294829482948209e+00 -7.266873563786459655e+00
-2.097689768976898073e+00 -7.265310945474710458e+00
-2.097084708470847048e+00 -7.263748382189209707e+00
-2.096479647964796911e+00 -7.262185873936557456e+00
-2.095874587458745886e+00 -7.260623420723350208e+00
-2.095269526952695749e+00 -7.259061022556196008e+00
-2.094664466446644724e+00 -7.257498679441682476e+00
-2.094059405940594587e+00 -7.255936391386421214e+00
-2.093454345434543562e+00 -7.254374158397002503e+00
-2.092849284928492981e+00 -7.252811980480032616e+00
-2.092244224422442400e+00 -7.251249857642105390e+00
-2.091639163916391819e+00 -7.249687789889825318e+00
-2.091034103410341238e+00 -7.248125777229790678e+00
-2.090429042904290657e+00 -7.246563819668599749e+00
-2.089823982398240076e+00 -7.245001917212852582e+00
-2.089218921892189496e+00 -7.243440069869149234e+00
-2.088613861386138915e+00 -7.241878277644088868e+00
-2.088008800880087890e+00 -7.240316540544269763e+00
-2.087403740374037753e+00 -7.238754858576296414e+00
-2.086798679867986728e+00 -7.237193231746763544e+00
-2.086193619361936591e+00 -7.235631660062272985e+00
-2.085588558855885566e+00 -7.234070143529423902e+00
-2.084983498349835429e+00 -7.232508682154816348e+00
-2.084378437843784404e+00 -7.230947275945046826e+00
-2.083773377337734267e+00 -7.229385924906720717e+00
-2.083168316831683242e+00 -7.227824629046430971e+00
-2.082563256325632661e+00 -7.226263388370784746e+00
-2.081958195819582080e+00 -7.224702202886375879e+00
-2.081353135313531499e+00 -7.223141072599805312e+00
-2.080748074807480918e+00 -7.221579997517672211e+00
-2.080143014301430338e+00 -7.220018977646578406e+00
-2.079537953795379757e+00 -7.218458012993123063e+00
-2.078932893289329176e+00 -7.216897103563902682e+00
-2.078327832783278595e+00 -7.215336249365520871e+00
-2.077722772277228014e+00 -7.213775450404572354e+00
-2.077117711771177433e+00 -7.212214706687662513e+00
-2.076512651265126408e+00 -7.210654018221385186e+00
-2.075907590759076271e+00 -7.209093385012347532e+00
-2.075302530253025246e+00 -7.207532807067140723e+00
-2.074697469746975109e+00 -7.205972284392371918e+00
-2.074092409240924084e+00 -7.204411816994634954e+00
-2.073487348734873947e+00 -7.202851404880533437e+00
-2.072882288228822922e+00 -7.201291048056662980e+00
-2.072277227722772786e+00 -7.199730746529627190e+00
-2.071672167216721760e+00 -7.198170500306022568e+00
-2.071067106710671180e+00 -7.196610309392450944e+00
-2.070462046204620599e+00 -7.195050173795511483e+00
-2.069856985698570018e+00 -7.193490093521802464e+00
-2.069251925192519437e+00 -7.191930068577924828e+00
-2.068646864686468856e+00 -7.190370098970475965e+00
-2.068041804180418275e+00 -7.188810184706062145e+00
-2.067436743674367694e+00 -7.187250325791273653e+00
-2.066831683168317113e+00 -7.185690522232716759e+00
-2.066226622662266532e+00 -7.184130774036986189e+00
-2.065621562156215951e+00 -7.182571081210687325e+00
-2.065016501650164926e+00 -7.181011443760414892e+00
-2.064411441144114789e+00 -7.179451861692771608e+00
-2.063806380638063764e+00 -7.177892335014355751e+00
-2.063201320132013628e+00 -7.176332863731767375e+00
-2.062596259625962603e+00 -7.174773447851604757e+00
-2.061991199119912466e+00 -7.173214087380469728e+00
-2.061386138613861441e+00 -7.171654782324958788e+00
-2.060781078107811304e+00 -7.170095532691677320e+00
-2.060176017601760279e+00 -7.168536338487214721e+00
-2.059570957095709698e+00 -7.166977199718180813e+00
-2.058965896589659117e+00 -7.165418116391171210e+00
-2.058360836083608536e+00 -7.163859088512785966e+00
-2.057755775577557955e+00 -7.162300116089623359e+00
-2.057150715071507374e+00 -7.160741199128284329e+00
-2.056545654565456793e+00 -7.159182337635368043e+00
-2.055940594059406212e+00 -7.157623531617476331e+00
-2.055335533553355631e+00 -7.156064781081203918e+00
-2.054730473047304606e+00 -7.154506086033152634e+00
-2.054125412541254470e+00 -7.152947446479927862e+00
-2.053520352035203445e+00 -7.151388862428117221e+00
-2.052915291529153308e+00 -7.149830333884334088e+00
-2.052310231023102283e+00 -7.148271860855164306e+00
-2.051705170517052146e+00 -7.146713443347220363e+00
-2.051100110011001121e+00 -7.145155081367089878e+00
-2.050495049504950984e+00 -7.143596774921387116e+00
-2.049889988998899959e+00 -7.142038524016693479e+00
-2.049284928492849822e+00 -7.140480328659625897e+00
-2.048679867986798797e+00 -7.138922188856771101e+00
-2.048074807480748216e+00 -7.137364104614734472e+00
-2.047469746974697635e+00 -7.135806075940116955e+00
-2.046864686468647054e+00 -7.134248102839513272e+00
-2.046259625962596473e+00 -7.132690185319528808e+00
-2.045654565456545892e+00 -7.131132323386760063e+00
-2.045049504950495312e+00 -7.129574517047803539e+00
-2.044444444444444731e+00 -7.128016766309268171e+00
-2.043839383938394150e+00 -7.126459071177743354e+00
-2.043234323432343125e+00 -7.124901431659832696e+00
-2.042629262926292988e+00 -7.123343847762139802e+00
-2.042024202420241963e+00 -7.121786319491254957e+00
-2.041419141914191826e+00 -7.120228846853788873e+00
-2.040814081408140801e+00 -7.118671429856331834e+00
-2.040209020902090664e+00 -7.117114068505491886e+00
-2.039603960396039639e+00 -7.115556762807857538e+00
-2.038998899889989502e+00 -7.113999512770040390e+00
-2.038393839383938477e+00 -7.112442318398631613e+00
-2.037788778877887896e+00 -7.110885179700235703e+00
-2.037183718371837315e+00 -7.109328096681450049e+00
-2.036578657865786735e+00 -7.107771069348872928e+00
-2.035973597359736154e+00 -7.106214097709107946e+00
-2.035368536853685573e+00 -7.104657181768749830e+00
-2.034763476347634992e+00 -7.103100321534403960e+00
-2.034158415841584411e+00 -7.101543517012665063e+00
-2.033553355335533830e+00 -7.099986768210133192e+00
-2.032948294829483249e+00 -7.098430075133410178e+00
-2.032343234323432668e+00 -7.096873437789096073e+00
-2.031738173817381643e+00 -7.095316856183787380e+00
-2.031133113311331506e+00 -7.093760330324085928e+00
-2.030528052805280481e+00 -7.092203860216590883e+00
-2.029922992299230344e+00 -7.090647445867903187e+00
-2.029317931793179319e+00 -7.089091087284618453e+00
-2.028712871287129182e+00 -7.087534784473341176e+00
-2.028107810781078157e+00 -7.085978537440666969e+00
-2.027502750275028021e+00 -7.084422346193199438e+00
-2.026897689768976996e+00 -7.082866210737533308e+00
-2.026292629262926415e+00 -7.081310131080271297e+00
-2.025687568756875834e+00 -7.079754107228014348e+00
-2.025082508250825253e+00 -7.078198139187357185e+00
-2.024477447744774672e+00 -7.076642226964906968e+00
-2.023872387238724091e+00 -7.075086370567255756e+00
-2.023267326732673510e+00 -7.073530570001008044e+00
-2.022662266226622929e+00 -7.071974825272759446e+00
-2.022057205720572348e+00 -7.070419136389112680e+00
-2.021452145214521767e+00 -7.068863503356666911e+00
-2.020847084708471186e+00 -7.067307926182022193e+00
-2.020242024202420161e+00 -7.065752404871776804e+00
-2.019636963696370024e+00 -7.064196939432530797e+00
-2.019031903190318999e+00 -7.062641529870882451e+00
-2.018426842684268863e+00 -7.061086176193434483e+00
-2.017821782178217838e+00 -7.059530878406782506e+00
-2.017216721672167701e+00 -7.057975636517531015e+00
-2.016611661166116676e+00 -7.056420450532274735e+00
-2.016006600660066539e+00 -7.054865320457619049e+00
-2.015401540154015514e+00 -7.053310246300156905e+00
-2.014796479647964933e+00 -7.051755228066491910e+00
-2.014191419141914352e+00 -7.050200265763222340e+00
-2.013586358635863771e+00 -7.048645359396948251e+00
-2.012981298129813190e+00 -7.047090508974272360e+00
-2.012376237623762609e+00 -7.045535714501789393e+00
-2.011771177117712028e+00 -7.043980975986100290e+00
-2.011166116611661447e+00 -7.042426293433807771e+00
-2.010561056105610866e+00 -7.040871666851505672e+00
-2.009955995599559841e+00 -7.039317096245798488e+00
-2.009350935093509705e+00 -7.037762581623285385e+00
-2.008745874587458680e+00 -7.036208122990560199e+00
-2.008140814081408543e+00 -7.034653720354231865e+00
-2.007535753575357518e+00 -7.033099373720891556e+00
-2.006930693069307381e+00 -7.031545083097145543e+00
-2.006325632563256356e+00 -7.029990848489587663e+00
-2.005720572057206219e+00 -7.028436669904824186e+00
-2.005115511551155194e+00 -7.026882547349448060e+00
-2.004510451045105057e+00 -7.025328480830062006e+00
-2.003905390539054032e+00 -7.023774470353266963e+00
-2.003300330033003451e+00 -7.022220515925659434e+00
-2.002695269526952870e+00 -7.020666617553841249e+00
-2.002090209020902289e+00 -7.019112775244410685e+00
-2.001485148514851709e+00 -7.017558989003969572e+00
-2.000880088008801128e+00 -7.016005258839114411e+00
-2.000275027502750547e+00 -7.014451584756444369e+00
-1.999669966996699966e+00 -7.012897966762566604e+00
-1.999064906490649385e+00 -7.011344404864070512e+00
-1.998459845984598804e+00 -7.009790899067563252e+00
-1.997854785478548223e+00 -7.008237449379640438e+00
-1.997249724972497642e+00 -7.006684055806902123e+00
-1.996644664466447061e+00 -7.005130718355949249e+00
-1.996039603960396036e+00 -7.003577437033379205e+00
-1.995434543454345455e+00 -7.002024211845796486e+00
-1.994829482948294874e+00 -7.000471042799794930e+00
-1.994224422442244293e+00 -6.998917929901977253e+00
-1.993619361936193712e+00 -6.997364873158943510e+00
-1.993014301430143131e+00 -6.995811872577291091e+00
-1.992409240924092551e+00 -6.994258928163620048e+00
-1.991804180418041970e+00 -6.992706039924533101e+00
-1.991199119911991389e+00 -6.991153207866625863e+00
-1.990594059405940808e+00 -6.989600431996500163e+00
-1.989988998899890227e+00 -6.988047712320755167e+00
-1.989383938393839646e+00 -6.986495048845989153e+00
-1.988778877887789065e+00 -6.984942441578805727e+00
-1.988173817381738484e+00 -6.983389890525797838e+00
-1.987568756875687903e+00 -6.981837395693571757e+00
-1.986963696369637322e+00 -6.980284957088723985e+00
-1.986358635863586741e+00 -6.978732574717854575e+00
-1.985753575357536160e+00 -6.977180248587561806e+00
-1.985148514851485579e+00 -6.975627978704446619e+00
-1.984543454345434554e+00 -6.974075765075109068e+00
-1.983938393839383973e+00 -6.972523607706148319e+00
-1.983333333333333393e+00 -6.970971506604163537e+00
-1.982728272827282812e+00 -6.969419461775755664e+00
-1.982123212321232231e+00 -6.967867473227522979e+00
-1.981518151815181650e+00 -6.966315540966066422e+00
-1.980913091309131069e+00 -6.964763664997982495e+00
-1.980308030803080488e+00 -6.963211845329873917e+00
-1.979702970297029907e+00 -6.961660081968340741e+00
-1.979097909790979326e+00 -6.960108374919979468e+00
-1.978492849284928745e+00 -6.958556724191391929e+00
-1.977887788778878164e+00 -6.957005129789178177e+00
-1.977282728272827583e+00 -6.955453591719937378e+00
-1.976677667766777002e+00 -6.953902109990266034e+00
-1.976072607260726421e+00 -6.952350684606768638e+00
-1.975467546754675841e+00 -6.950799315576041693e+00
-1.974862486248625260e+00 -6.949248002904687027e+00
-1.974257425742574679e+00 -6.947696746599302031e+00
-1.973652365236523654e+00 -6.946145546666485870e+00
-1.973047304730473073e+00 -6.944594403112841263e+00
-1.972442244224422492e+00 -6.943043315944964711e+00
-1.971837183718371911e+00 -6.941492285169458931e+00
-1.971232123212321330e+00 -6.939941310792917761e+00
-1.970627062706270749e+00 -6.938390392821949249e+00
-1.970022002200220168e+00 -6.936839531263148118e+00
-1.969416941694169587e+00 -6.935288726123112646e+00
-1.968811881188119006e+00 -6.933737977408444664e+00
-1.968206820682068425e+00 -6.932187285125745113e+00
-1.967601760176017844e+00 -6.930636649281609607e+00
-1.966996699669967263e+00 -6.929086069882643528e+00
-1.966391639163916683e+00 -6.927535546935438937e+00
-1.965786578657866102e+00 -6.925985080446602993e+00
-1.965181518151815521e+00 -6.924434670422728644e+00
-1.964576457645764940e+00 -6.922884316870422161e+00
-1.963971397139714359e+00 -6.921334019796276493e+00
-1.963366336633663778e+00 -6.919783779206897911e+00
-1.962761276127613197e+00 -6.918233595108879364e+00
-1.962156215621562172e+00 -6.916683467508824457e+00
-1.961551155115511591e+00 -6.915133396413333244e+00
-1.960946094609461010e+00 -6.913583381829002228e+00
-1.960341034103410429e+00 -6.912033423762434126e+00
-1.959735973597359848e+00 -6.910483522220227215e+00
-1.959130913091309267e+00 -6.908933677208981550e+00
-1.958525852585258686e+00 -6.907383888735296296e+00
-1.957920792079208105e+00 -6.905834156805772395e+00
-1.957315731573157525e+00 -6.904284481427005460e+00
-1.956710671067106944e+00 -6.902734862605599986e+00
-1.956105610561056363e+00 -6.901185300348154250e+00
-1.955500550055005782e+00 -6.899635794661266530e+00
-1.954895489548955201e+00 -6.898086345551535992e+00
-1.954290429042904620e+00 -6.896536953025563577e+00
-1.953685368536854039e+00 -6.894987617089950227e+00
-1.953080308030803458e+00 -6.893438337751292444e+00
-1.952475247524752877e+00 -6.891889115016192946e+00
-1.951870187018702296e+00 -6.890339948891248234e+00
-1.951265126512651271e+00 -6.888790839383059250e+00
-1.950660066006600690e+00 -6.887241786498226048e+00
-1.950055005500550109e+00 -6.885692790243348682e+00
-1.949449944994499528e+00 -6.884143850625026317e+00
-1.948844884488448947e+00 -6.882594967649857232e+00
-1.948239823982398367e+00 -6.881046141324443255e+00
-1.947634763476347786e+00 -6.879497371655382665e+00
-1.947029702970297205e+00 -6.877948658649274627e+00
-1.946424642464246624e+00 -6.876400002312720972e+00
-1.945819581958196043e+00 -6.874851402652319088e+00
-1.945214521452145462e+00 -6.873302859674669030e+00
-1.944609460946094881e+00 -6.871754373386371739e+00
-1.944004400440044300e+00 -6.870205943794023717e+00
-1.943399339933993719e+00 -6.868657570904228571e+00
-1.942794279427943138e+00 -6.867109254723583689e+00
-1.942189218921892557e+00 -6.865560995258688237e+00
-1.941584158415841976e+00 -6.864012792516144046e+00
-1.940979097909791395e+00 -6.862464646502547616e+00
-1.940374037403740815e+00 -6.860916557224500778e+00
-1.939768976897689789e+00 -6.859368524688600921e+00
-1.939163916391639209e+00 -6.857820548901450763e+00
-1.938558855885588628e+00 -6.856272629869648583e+00
-1.937953795379538047e+00 -6.854724767599793545e+00
-1.937348734873487466e+00 -6.853176962098486591e+00
-1.936743674367436885e+00 -6.851629213372326888e+00
-1.936138613861386304e+00 -6.850081521427910936e+00
-1.935533553355335723e+00 -6.848533886271843230e+00
-1.934928492849285142e+00 -6.846986307910720271e+00
-1.934323432343234561e+00 -6.845438786351143889e+00
-1.933718371837183980e+00 -6.843891321599709698e+00
-1.933113311331133399e+00 -6.842343913663022192e+00
-1.932508250825082818e+00 -6.840796562547677873e+00
-1.931903190319032237e+00 -6.839249268260276793e+00
-1.931298129812981657e+00 -6.837702030807418119e+00
-1.930693069306931076e+00 -6.836154850195704569e+00
-1.930088008800880495e+00 -6.834607726431731756e+00
-1.929482948294829914e+00 -6.833060659522102398e+00
-1.928877887788778889e+00 -6.831513649473413885e+00
-1.928272827282728308e+00 -6.829966696292264494e+00
-1.927667766776677727e+00 -6.828419799985260497e+00
-1.927062706270627146e+00 -6.826872960558993952e+00
-1.926457645764576565e+00 -6.825326178020070245e+00
-1.925852585258525984e+00 -6.823779452375083210e+00
-1.925247524752475403e+00 -6.822232783630638231e+00
-1.924642464246424822e+00 -6.820686171793330033e+00
-1.924037403740374241e+00 -6.819139616869762222e+00
-1.923432343234323660e+00 -6.817593118866533075e+00
-1.922827282728273079e+00 -6.816046677790239983e+00
-1.922222222222222499e+00 -6.814500293647485663e+00
-1.921617161716171918e+00 -6.812953966444868392e+00
-1.921012101210121337e+00 -6.811407696188987337e+00
-1.920407040704070756e+00 -6.809861482886441664e+00
-1.919801980198020175e+00 -6.808315326543834090e+00
-1.919196919691969594e+00 -6.806769227167761116e+00
-1.918591859185919013e+00 -6.805223184764823685e+00
-1.917986798679868432e+00 -6.803677199341620963e+00
-1.917381738173817407e+00 -6.802131270904750338e+00
-1.916776677667766826e+00 -6.800585399460814529e+00
-1.916171617161716245e+00 -6.799039585016414478e+00
-1.915566556655665664e+00 -6.797493827578145797e+00
-1.914961496149615083e+00 -6.795948127152612095e+00
-1.914356435643564502e+00 -6.794402483746409871e+00
-1.913751375137513921e+00 -6.792856897366140956e+00
-1.913146314631463341e+00 -6.791311368018400962e+00
-1.912541254125412760e+00 -6.789765895709794385e+00
-1.911936193619362179e+00 -6.788220480446917726e+00
-1.911331133113311598e+00 -6.786675122236371926e+00
-1.910726072607261017e+00 -6.785129821084757040e+00
-1.910121012101210436e+00 -6.783584576998671345e+00
-1.909515951595159855e+00 -6.782039389984715783e+00
-1.908910891089109274e+00 -6.780494260049486854e+00
-1.908305830583058693e+00 -6.778949187199588167e+00
-1.907700770077008112e+00 -6.777404171441618885e+00
-1.907095709570957531e+00 -6.775859212782175511e+00
-1.906490649064906506e+00 -6.774314311227858987e+00
-1.905885588558855925e+00 -6.772769466785272030e+00
-1.905280528052805344e+00 -6.771224679461011142e+00
-1.904675467546754764e+00 -6.769679949261675489e+00
-1.904070407040704183e+00 -6.768135276193867789e+00
-1.903465346534653602e+00 -6.766590660264185431e+00
-1.902860286028603021e+00 -6.765046101479226692e+00
-1.902255225522552440e+00 -6.763501599845590739e+00
-1.901650165016501859e+00 -6.761957155369882955e+00
-1.901045104510451278e+00 -6.760412768058696287e+00
-1.900440044004400697e+00 -6.758868437918637007e+00
-1.899834983498350116e+00 -6.757324164956298063e+00
-1.899229922992299535e+00 -6.755779949178283061e+00
-1.898624862486248954e+00 -6.754235790591190280e+00
-1.898019801980198373e+00 -6.752691689201620662e+00
-1.897414741474147792e+00 -6.751147645016170706e+00
-1.896809680968097211e+00 -6.749603658041444021e+00
-1.896204620462046631e+00 -6.748059728284036218e+00
-1.895599559955995606e+00 -6.746515855750549129e+00
-1.894994499449945025e+00 -6.744972040447584583e+00
-1.894389438943894444e+00 -6.743428282381739081e+00
-1.893784378437843863e+00 -6.741884581559611789e+00
-1.893179317931793282e+00 -6.740340937987804537e+00
-1.892574257425742701e+00 -6.738797351672915603e+00
-1.891969196919692120e+00 -6.737253822621544153e+00
-1.891364136413641539e+00 -6.735710350840292016e+00
-1.890759075907590958e+00 -6.734166936335754805e+00
-1.890154015401540377e+00 -6.732623579114537904e+00
-1.889548954895489796e+00 -6.731080279183236037e+00
-1.888943894389439215e+00 -6.729537036548450146e+00
-1.888338833883388634e+00 -6.727993851216782062e+00
-1.887733773377338053e+00 -6.726450723194828285e+00
-1.887128712871287473e+00 -6.724907652489188870e+00
-1.886523652365236892e+00 -6.723364639106465646e+00
-1.885918591859186311e+00 -6.721821683053256891e+00
-1.885313531353135730e+00 -6.720278784336161770e+00
-1.884708470847085149e+00 -6.718735942961779450e+00
-1.884103410341034124e+00 -6.717193158936709985e+00
-1.883498349834983543e+00 -6.715650432267554315e+00
-1.882893289328932962e+00 -6.714107762960911607e+00
-1.882288228822882381e+00 -6.712565151023380139e+00
-1.881683168316831800e+00 -6.711022596461560852e+00
-1.881078107810781219e+00 -6.709480099282052024e+00
-1.880473047304730638e+00 -6.707937659491455484e+00
-1.879867986798680057e+00 -6.706395277096369512e+00
-1.879262926292629476e+00 -6.704852952103392383e+00
-1.878657865786578895e+00 -6.703310684519125928e+00
-1.878052805280528315e+00 -6.701768474350169313e+00
-1.877447744774477734e+00 -6.700226321603122592e+00
-1.876842684268427153e+00 -6.698684226284582266e+00
-1.876237623762376572e+00 -6.697142188401151053e+00
-1.875632563256325991e+00 -6.695600207959428118e+00
-1.875027502750275410e+00 -6.694058284966011740e+00
-1.874422442244224829e+00 -6.692516419427503749e+00
-1.873817381738174248e+00 -6.690974611350500645e+00
-1.873212321232123223e+00 -6.689432860741604259e+00
-1.872607260726072642e+00 -6.687891167607412868e+00
-1.872002200220022061e+00 -6.686349531954530967e+00
-1.871397139713971480e+00 -6.684807953789550616e+00
-1.870792079207920899e+00 -6.683266433119078087e+00
-1.870187018701870318e+00 -6.681724969949706328e+00
-1.869581958195819738e+00 -6.680183564288042497e+00
-1.868976897689769157e+00 -6.678642216140678656e+00
-1.868371837183718576e+00 -6.677100925514219298e+00
-1.867766776677667995e+00 -6.675559692415264479e+00
-1.867161716171617414e+00 -6.674018516850409810e+00
-1.866556655665566833e+00 -6.672477398826258010e+00
-1.865951595159516252e+00 -6.670936338349410022e+00
-1.865346534653465671e+00 -6.669395335426461457e+00
-1.864741474147415090e+00 -6.667854390064013259e+00
-1.864136413641364509e+00 -6.666313502268666369e+00
-1.863531353135313928e+00 -6.664772672047019064e+00
-1.862926292629263347e+00 -6.663231899405673175e+00
-1.862321232123212766e+00 -6.661691184351225203e+00
-1.861716171617161741e+00 -6.660150526890274314e+00
-1.861111111111111160e+00 -6.658609927029425002e+00
-1.860506050605060580e+00 -6.657069384775273768e+00
-1.859900990099009999e+00 -6.655528900134418890e+00
-1.859295929592959418e+00 -6.653988473113463087e+00
-1.858690869086908837e+00 -6.652448103719004635e+00
-1.858085808580858256e+00 -6.650907791957641813e+00
-1.857480748074807675e+00 -6.649367537835973785e+00
-1.856875687568757094e+00 -6.647827341360605047e+00
-1.856270627062706513e+00 -6.646287202538130323e+00
-1.855665566556655932e+00 -6.644747121375150556e+00
-1.855060506050605351e+00 -6.643207097878265799e+00
-1.854455445544554770e+00 -6.641667132054076106e+00
-1.853850385038504189e+00 -6.640127223909177978e+00
-1.853245324532453608e+00 -6.638587373450175910e+00
-1.852640264026403027e+00 -6.637047580683667292e+00
-1.852035203520352447e+00 -6.635507845616248623e+00
-1.851430143014301866e+00 -6.633968168254526176e+00
-1.850825082508250841e+00 -6.632428548605092899e+00
-1.850220022002200260e+00 -6.630888986674552399e+00
-1.849614961496149679e+00 -6.629349482469502064e+00
-1.849009900990099098e+00 -6.627810035996545501e+00
-1.848404840484048517e+00 -6.626270647262277436e+00
-1.847799779977997936e+00 -6.624731316273299697e+00
-1.847194719471947355e+00 -6.623192043036212340e+00
-1.846589658965896774e+00 -6.621652827557613641e+00
-1.845984598459846193e+00 -6.620113669844105431e+00
-1.845379537953795612e+00 -6.618574569902284210e+00
-1.844774477447745031e+00 -6.617035527738752698e+00
-1.844169416941694450e+00 -6.615496543360107395e+00
-1.843564356435643870e+00 -6.613957616772951909e+00
-1.842959295929593289e+00 -6.612418747983880074e+00
-1.842354235423542708e+00 -6.610879936999499051e+00
-1.841749174917492127e+00 -6.609341183826400012e+00
-1.841144114411441546e+00 -6.607802488471190117e+00
-1.840539053905390965e+00 -6.606263850940464089e+00
-1.839933993399340384e+00 -6.604725271240822870e+00
-1.839328932893289359e+00 -6.603186749378868292e+00
-1.838723872387238778e+00 -6.601648285361195079e+00
-1.838118811881188197e+00 -6.600109879194409501e+00
-1.837513751375137616e+00 -6.598571530885106284e+00
-1.836908690869087035e+00 -6.597033240439886370e+00
-1.836303630363036454e+00 -6.595495007865348036e+00
-1.835698569856985873e+00 -6.593956833168094001e+00
-1.835093509350935292e+00 -6.592418716354720765e+00
-1.834488448844884712e+00 -6.590880657431828382e+00
-1.833883388338834131e+00 -6.589342656406019572e+00
-1.833278327832783550e+00 -6.587804713283890834e+00
-1.832673267326732969e+00 -6.586266828072043111e+00
-1.832068206820682388e+00 -6.584729000777074681e+00
-1.831463146314631807e+00 -6.583191231405586485e+00
-1.830858085808581226e+00 -6.581653519964176802e+00
-1.830253025302530645e+00 -6.580115866459446572e+00
-1.829647964796480064e+00 -6.578578270897996738e+00
-1.829042904290429483e+00 -6.577040733286422913e+00
-1.828437843784378458e+00 -6.575503253631326039e+00
-1.827832783278327877e+00 -6.573965831939308835e+00
-1.827227722772277296e+00 -6.572428468216968689e+00
-1.826622662266226715e+00 -6.570891162470905655e+00
-1.826017601760176134e+00 -6.569353914707717124e+00
-1.825412541254125554e+00 -6.567816724934005812e+00
-1.824807480748074973e+00 -6.566279593156369110e+00
-1.824202420242024392e+00 -6.564742519381407959e+00
-1.823597359735973811e+00 -6.563205503615721526e+00
-1.822992299229923230e+00 -6.561668545865909863e+00
-1.822387238723872649e+00 -6.560131646138572137e+00
-1.821782178217822068e+00 -6.558594804440308401e+00
-1.821177117711771487e+00 -6.557058020777718710e+00
-1.820572057205720906e+00 -6.555521295157399564e+00
-1.819966996699670325e+00 -6.553984627585952794e+00
-1.819361936193619744e+00 -6.552448018069979341e+00
-1.818756875687569163e+00 -6.550911466616078371e+00
-1.818151815181518582e+00 -6.549374973230847274e+00
-1.817546754675468001e+00 -6.547838537920888768e+00
-1.816941694169416976e+00 -6.546302160692798466e+00
-1.816336633663366396e+00 -6.544765841553179975e+00
-1.815731573157315815e+00 -6.543229580508631571e+00
-1.815126512651265234e+00 -6.541693377565749756e+00
-1.814521452145214653e+00 -6.540157232731139914e+00
-1.813916391639164072e+00 -6.538621146011395879e+00
-1.813311331133113491e+00 -6.537085117413123925e+00
-1.812706270627062910e+00 -6.535549146942916998e+00
-1.812101210121012329e+00 -6.534013234607380483e+00
-1.811496149614961748e+00 -6.532477380413107326e+00
-1.810891089108911167e+00 -6.530941584366702912e+00
-1.810286028602860586e+00 -6.529405846474764630e+00
-1.809680968096810005e+00 -6.527870166743893421e+00
-1.809075907590759424e+00 -6.526334545180684898e+00
-1.808470847084708844e+00 -6.524798981791742669e+00
-1.807865786578658263e+00 -6.523263476583665899e+00
-1.807260726072607682e+00 -6.521728029563052864e+00
-1.806655665566557101e+00 -6.520192640736504508e+00
-1.806050605060506076e+00 -6.518657310110617331e+00
-1.805445544554455495e+00 -6.517122037691996717e+00
-1.804840484048404914e+00 -6.515586823487236501e+00
-1.804235423542354333e+00 -6.514051667502942067e+00
-1.803630363036303752e+00 -6.512516569745707251e+00
-1.803025302530253171e+00 -6.510981530222134772e+00
-1.802420242024202590e+00 -6.509446548938822907e+00
-1.801815181518152009e+00 -6.507911625902372599e+00
-1.801210121012101428e+00 -6.506376761119382124e+00
-1.800605060506050847e+00 -6.504841954596452425e+00
-1.800000000000000266e+00 -6.503307206340183555e+00
-1.799394939493949686e+00 -6.501772516368847121e+00
-1.798789878987899105e+00 -6.500237884747423145e+00
-1.798184818481848524e+00 -6.498703311552559647e+00
-1.797579757975797943e+00 -6.497168796860909090e+00
-1.796974697469747362e+00 -6.495634340749123048e+00
-1.796369636963696781e+00 -6.494099943293850430e+00
-1.795764576457646200e+00 -6.492565604571745475e+00
-1.795159515951595175e+00 -6.491031324659457091e+00
-1.794554455445544594e+00 -6.489497103633637742e+00
-1.793949394939494013e+00 -6.487962941570936337e+00
-1.793344334433443432e+00 -6.486428838548007114e+00
-1.792739273927392851e+00 -6.484894794641500759e+00
-1.792134213421342270e+00 -6.483360809928065294e+00
-1.791529152915291689e+00 -6.481826884484354068e+00
-1.790924092409241108e+00 -6.480293018387019544e+00
-1.790319031903190528e+00 -6.478759211712709742e+00
-1.789713971397139947e+00 -6.477225464538077127e+00
-1.789108910891089366e+00 -6.475691776939773270e+00
-1.788503850385038785e+00 -6.474158148994449746e+00
-1.787898789878988204e+00 -6.472624580778757242e+00
-1.787293729372937623e+00 -6.471091072369345554e+00
-1.786688668866887042e+00 -6.469557623842868033e+00
-1.786083608360836461e+00 -6.468024235275975364e+00
-1.785478547854785880e+00 -6.466490906745315570e+00
-1.784873487348735299e+00 -6.464957638327542888e+00
-1.784268426842684718e+00 -6.463424430099310669e+00
-1.783663366336633693e+00 -6.461891282137263381e+00
-1.783058305830583112e+00 -6.460358194518057040e+00
-1.782453245324532531e+00 -6.458825167318341443e+00
-1.781848184818481950e+00 -6.457292200614769051e+00
-1.781243124312431370e+00 -6.455759294483987887e+00
-1.780638063806380789e+00 -6.454226449002653965e+00
-1.780033003300330208e+00 -6.452693664247413530e+00
-1.779427942794279627e+00 -6.451160940294919932e+00
-1.778822882288229046e+00 -6.449628277221824746e+00
-1.778217821782178465e+00 -6.448095675104778657e+00
-1.777612761276127884e+00 -6.446563134020431463e+00
-1.777007700770077303e+00 -6.445030654045437402e+00
-1.776402640264026722e+00 -6.443498235256442719e+00
-1.775797579757976141e+00 -6.441965877730102541e+00
-1.775192519251925560e+00 -6.440433581543066666e+00
-1.774587458745874979e+00 -6.438901346771987555e+00
-1.773982398239824398e+00 -6.437369173493514118e+00
-1.773377337733773818e+00 -6.435837061784297930e+00
-1.772772277227722793e+00 -6.434305011720989675e+00
-1.772167216721672212e+00 -6.432773023380243593e+00
-1.771562156215621631e+00 -6.431241096838707705e+00
-1.770957095709571050e+00 -6.429709232173036249e+00
-1.770352035203520469e+00 -6.428177429459875469e+00
-1.769746974697469888e+00 -6.426645688775882270e+00
-1.769141914191419307e+00 -6.425114010197703784e+00
-1.768536853685368726e+00 -6.423582393801988921e+00
-1.767931793179318145e+00 -6.422050839665396360e+00
-1.767326732673267564e+00 -6.420519347864571458e+00
-1.766721672167216983e+00 -6.418987918476166676e+00
-1.766116611661166402e+00 -6.417456551576832702e+00
-1.765511551155115821e+00 -6.415925247243221108e+00
-1.764906490649065240e+00 -6.414394005551983469e+00
-1.764301430143014660e+00 -6.412862826579770470e+00
-1.763696369636964079e+00 -6.411331710403235462e+00
-1.763091309130913498e+00 -6.409800657099023802e+00
-1.762486248624862917e+00 -6.408269666743794168e+00
-1.761881188118812336e+00 -6.406738739414191031e+00
-1.761276127612761311e+00 -6.405207875186867739e+00
-1.760671067106710730e+00 -6.403677074138477643e+00
-1.760066006600660149e+00 -6.402146336345668765e+00
-1.759460946094609568e+00 -6.400615661885095342e+00
-1.758855885588558987e+00 -6.399085050833407173e+00
-1.758250825082508406e+00 -6.397554503267253168e+00
-1.757645764576457825e+00 -6.396024019263287563e+00
-1.757040704070407244e+00 -6.394493598898159270e+00
-1.756435643564356663e+00 -6.392963242248521638e+00
-1.755830583058306082e+00 -6.391432949391023577e+00
-1.755225522552255502e+00 -6.389902720402316660e+00
-1.754620462046204921e+00 -6.388372555359052463e+00
-1.754015401540154340e+00 -6.386842454337885222e+00
-1.753410341034103759e+00 -6.385312417415460295e+00
-1.752805280528053178e+00 -6.383782444668431921e+00
-1.752200220022002597e+00 -6.382252536173450785e+00
-1.751595159515952016e+00 -6.380722692007169350e+00
-1.750990099009901435e+00 -6.379192912246233860e+00
-1.750385038503850410e+00 -6.377663196967303882e+00
-1.749779977997799829e+00 -6.376133546247022110e+00
-1.749174917491749248e+00 -6.374603960162045446e+00
-1.748569856985698667e+00 -6.373074438789021912e+00
-1.747964796479648086e+00 -6.371544982204602192e+00
-1.747359735973597505e+00 -6.370015590485440526e+00
-1.746754675467546924e+00 -6.368486263708185824e+00
-1.746149614961496344e+00 -6.366957001949490547e+00
-1.745544554455445763e+00 -6.365427805286004492e+00
-1.744939493949395182e+00 -6.363898673794377459e+00
-1.744334433443344601e+00 -6.362369607551263684e+00
-1.743729372937294020e+00 -6.360840606633314742e+00
-1.743124312431243439e+00 -6.359311671117178655e+00
-1.742519251925192858e+00 -6.357782801079505219e+00
-1.741914191419142277e+00 -6.356253996596951339e+00
-1.741309130913091696e+00 -6.354725257746166811e+00
-1.740704070407041115e+00 -6.353196584603798769e+00
-1.740099009900990534e+00 -6.351667977246497898e+00
-1.739493949394939953e+00 -6.350139435750921990e+00
-1.738888888888888928e+00 -6.348610960193713737e+00
-1.738283828382838347e+00 -6.347082550651531818e+00
-1.737678767876787767e+00 -6.345554207201023367e+00
-1.737073707370737186e+00 -6.344025929918842621e+00
-1.736468646864686605e+00 -6.342497718881636715e+00
-1.735863586358636024e+00 -6.340969574166058109e+00
-1.735258525852585443e+00 -6.339441495848758379e+00
-1.734653465346534862e+00 -6.337913484006390874e+00
-1.734048404840484281e+00 -6.336385538715600951e+00
-1.733443344334433700e+00 -6.334857660053046402e+00
-1.732838283828383119e+00 -6.333329848095374359e+00
-1.732233223322332538e+00 -6.331802102919235509e+00
-1.731628162816281957e+00 -6.330274424601283201e+00
-1.731023102310231376e+00 -6.328746813218167233e+00
-1.730418041804180795e+00 -6.327219268846540068e+00
-1.729812981298130214e+00 -6.325691791563050614e+00
-1.729207920792079634e+00 -6.324164381444351335e+00
-1.728602860286029053e+00 -6.322637038567093803e+00
-1.727997799779978028e+00 -6.321109763007927818e+00
-1.727392739273927447e+00 -6.319582554843506728e+00
-1.726787678767876866e+00 -6.318055414150478555e+00
-1.726182618261826285e+00 -6.316528341005499314e+00
-1.725577557755775704e+00 -6.315001335485213474e+00
-1.724972497249725123e+00 -6.313474397666277049e+00
-1.724367436743674542e+00 -6.311947527625340726e+00
-1.723762376237623961e+00 -6.310420725439052525e+00
-1.723157315731573380e+00 -6.308893991184068462e+00
-1.722552255225522799e+00 -6.307367324937034780e+00
-1.721947194719472218e+00 -6.305840726774605720e+00
-1.721342134213421637e+00 -6.304314196773429302e+00
-1.720737073707371056e+00 -6.302787735010161541e+00
-1.720132013201320476e+00 -6.301261341561450458e+00
-1.719526952695269895e+00 -6.299735016503946738e+00
-1.718921892189219314e+00 -6.298208759914301069e+00
-1.718316831683168733e+00 -6.296682571869167688e+00
-1.717711771177118152e+00 -6.295156452445194617e+00
-1.717106710671067571e+00 -6.293630401719036094e+00
-1.716501650165016546e+00 -6.292104419767339252e+00
-1.715896589658965965e+00 -6.290578506666757441e+00
-1.715291529152915384e+00 -6.289052662493942236e+00
-1.714686468646864803e+00 -6.287526887325545211e+00
-1.714081408140814222e+00 -6.286001181238214386e+00
-1.713476347634763641e+00 -6.284475544308604888e+00
-1.712871287128713060e+00 -6.282949976613364740e+00
-1.712266226622662479e+00 -6.281424478229146402e+00
-1.711661166116611899e+00 -6.279899049232602337e+00
-1.711056105610561318e+00 -6.278373689700381455e+00
-1.710451045104510737e+00 -6.276848399709134441e+00
-1.709845984598460156e+00 -6.275323179335515533e+00
-1.709240924092409575e+00 -6.273798028656171866e+00
-1.708635863586358994e+00 -6.272272947747756788e+00
-1.708030803080308413e+00 -6.270747936686921875e+00
-1.707425742574257832e+00 -6.269222995550317812e+00
-1.706820682068207251e+00 -6.267698124414596172e+00
-1.706215621562156670e+00 -6.266173323356407643e+00
-1.705610561056105645e+00 -6.264648592452401132e+00
-1.705005500550055064e+00 -6.263123931779229991e+00
-1.704400440044004483e+00 -6.261599341413546682e+00
-1.703795379537953902e+00 -6.260074821432001002e+00
-1.703190319031903321e+00 -6.258550371911244525e+00
-1.702585258525852741e+00 -6.257025992927925273e+00
-1.701980198019802160e+00 -6.255501684558697484e+00
-1.701375137513751579e+00 -6.253977446880213620e+00
-1.700770077007700998e+00 -6.252453279969122590e+00
-1.700165016501650417e+00 -6.250929183902073305e+00
-1.699559955995599836e+00 -6.249405158755721779e+00
-1.698954895489549255e+00 -6.247881204606714256e+00
-1.698349834983498674e+00 -6.246357321531705864e+00
-1.697744774477448093e+00 -6.244833509607346400e+00
-1.697139713971397512e+00 -6.243309768910286550e+00
-1.696534653465346931e+00 -6.241786099517177000e+00
-1.695929592959296350e+00 -6.240262501504671100e+00
-1.695324532453245769e+00 -6.238738974949418647e+00
-1.694719471947195188e+00 -6.237215519928068552e+00
-1.694114411441144163e+00 -6.235692136517273276e+00
-1.693509350935093583e+00 -6.234168824793686170e+00
-1.692904290429043002e+00 -6.232645584833957031e+00
-1.692299229922992421e+00 -6.231122416714736545e+00
-1.691694169416941840e+00 -6.229599320512676286e+00
-1.691089108910891259e+00 -6.228076296304426940e+00
-1.690484048404840678e+00 -6.226553344166638304e+00
-1.689878987898790097e+00 -6.225030464175965506e+00
-1.689273927392739516e+00 -6.223507656409056565e+00
-1.688668866886688935e+00 -6.221984920942561281e+00
-1.688063806380638354e+00 -6.220462257853135668e+00
-1.687458745874587773e+00 -6.218939667217426859e+00
-1.686853685368537192e+00 -6.217417149112085539e+00
-1.686248624862486611e+00 -6.215894703613765948e+00
-1.685643564356436030e+00 -6.214372330799117883e+00
-1.685038503850385450e+00 -6.212850030744791141e+00
-1.684433443344334869e+00 -6.211327803527438185e+00
-1.683828382838284288e+00 -6.209805649223711477e+00
-1.683223322332233263e+00 -6.208283567910257261e+00
-1.682618261826182682e+00 -6.206761559663731553e+00
-1.682013201320132101e+00 -6.205239624560784151e+00
-1.681408140814081520e+00 -6.203717762678064851e+00
-1.680803080308030939e+00 -6.202195974092227004e+00
-1.680198019801980358e+00 -6.200674258879919520e+00
-1.679592959295929777e+00 -6.199152617117796638e+00
-1.678987898789879196e+00 -6.197631048882505489e+00
-1.678382838283828615e+00 -6.196109554250698537e+00
-1.677777777777778034e+00 -6.194588133299030908e+00
-1.677172717271727453e+00 -6.193066786104148846e+00
-1.676567656765676873e+00 -6.191545512742703039e+00
-1.675962596259626292e+00 -6.190024313291346836e+00
-1.675357535753575711e+00 -6.188503187826733587e+00
-1.674752475247525130e+00 -6.186982136425509538e+00
-1.674147414741474549e+00 -6.185461159164328926e+00
-1.673542354235423968e+00 -6.183940256119842438e+00
-1.672937293729373387e+00 -6.182419427368700759e+00
-1.672332233223322362e+00 -6.180898672987553688e+00
-1.671727172717271781e+00 -6.179377993053055462e+00
-1.671122112211221200e+00 -6.177857387641854103e+00
-1.670517051705170619e+00 -6.176336856830602962e+00
-1.669911991199120038e+00 -6.174816400695952723e+00
-1.669306930693069457e+00 -6.173296019314554073e+00
-1.668701870187018876e+00 -6.171775712763058586e+00
-1.668096809680968295e+00 -6.170255481118116059e+00
-1.667491749174917715e+00 -6.168735324456379843e+00
-1.666886688668867134e+00 -6.167215242854498847e+00
-1.666281628162816553e+00 -6.165695236389126421e+00
-1.665676567656765972e+00 -6.164175305136909699e+00
-1.665071507150715391e+00 -6.162655449174503808e+00
-1.664466446644664810e+00 -6.161135668578560320e+00
-1.663861386138614229e+00 -6.159615963425726370e+00
-1.663256325632563648e+00 -6.158096333792657973e+00
-1.662651265126513067e+00 -6.156576779756001372e+00
-1.662046204620462486e+00 -6.155057301392412583e+00
-1.661441144114411905e+00 -6.153537898778536963e+00
-1.660836083608360880e+00 -6.152018571991028750e+00
-1.660231023102310299e+00 -6.150499321106542183e+00
-1.659625962596259718e+00 -6.148980146201720842e+00
-1.659020902090209137e+00 -6.147461047353224295e+00
-1.658415841584158557e+00 -6.145942024637699674e+00
-1.657810781078107976e+00 -6.144423078131795890e+00
-1.657205720572057395e+00 -6.142904207912168069e+00
-1.656600660066006814e+00 -6.141385414055463343e+00
-1.655995599559956233e+00 -6.139866696638340393e+00
-1.655390539053905652e+00 -6.138348055737440134e+00
-1.654785478547855071e+00 -6.136829491429419470e+00
-1.654180418041804490e+00 -6.135311003790929085e+00
-1.653575357535753909e+00 -6.133792592898620555e+00
-1.652970297029703328e+00 -6.132274258829141900e+00
-1.652365236523652747e+00 -6.130756001659147358e+00
-1.651760176017602166e+00 -6.129237821465289393e+00
-1.651155115511551585e+00 -6.127719718324215137e+00
-1.650550055005501005e+00 -6.126201692312577052e+00
-1.649944994499449979e+00 -6.124683743507027600e+00
-1.649339933993399399e+00 -6.123165871984216579e+00
-1.648734873487348818e+00 -6.121648077820792899e+00
-1.648129812981298237e+00 -6.120130361093415239e+00
-1.647524752475247656e+00 -6.118612721878728955e+00
-1.646919691969197075e+00 -6.117095160253383845e+00
-1.646314631463146494e+00 -6.115577676294032372e+00
-1.645709570957095913e+00 -6.114060270077329662e+00
-1.645104510451045332e+00 -6.112542941679921960e+00
-1.644499449944994751e+00 -6.111025691178462615e+00
-1.643894389438944170e+00 -6.109508518649603204e+00
-1.643289328932893589e+00 -6.107991424169994410e+00
-1.642684268426843008e+00 -6.106474407816284256e+00
-1.642079207920792427e+00 -6.104957469665126979e+00
-1.641474147414741847e+00 -6.103440609793175042e+00
-1.640869086908691266e+00 -6.101923828277076467e+00
-1.640264026402640685e+00 -6.100407125193484603e+00
-1.639658965896590104e+00 -6.098890500619048360e+00
-1.639053905390539523e+00 -6.097373954630421977e+00
-1.638448844884488498e+00 -6.095857487304250810e+00
-1.637843784378437917e+00 -6.094341098717193539e+00
-1.637238723872387336e+00 -6.092824788945897296e+00
-1.636633663366336755e+00 -6.091308558067012768e+00
-1.636028602860286174e+00 -6.089792406157193305e+00
-1.635423542354235593e+00 -6.088276333293087816e+00
-1.634818481848185012e+00 -6.086760339551347876e+00
-1.634213421342134431e+00 -6.085244425008623281e+00
-1.633608360836083850e+00 -6.083728589741569159e+00
-1.633003300330033269e+00 -6.082212833826835308e+00
-1.632398239823982689e+00 -6.080697157341068859e+00
-1.631793179317932108e+00 -6.079181560360926717e+00
-1.631188118811881527e+00 -6.077666042963056015e+00
-1.630583058305830946e+00 -6.076150605224110102e+00
-1.629977997799780365e+00 -6.074635247220738776e+00
-1.629372937293729784e+00 -6.073119969029592724e+00
-1.628767876787679203e+00 -6.071604770727323519e+00
-1.628162816281628622e+00 -6.070089652390582735e+00
-1.627557755775577597e+00 -6.068574614096021058e+00
-1.626952695269527016e+00 -6.067059655920290950e+00
-1.626347634763476435e+00 -6.065544777940043986e+00
-1.625742574257425854e+00 -6.064029980231926409e+00
-1.625137513751375273e+00 -6.062515262872596011e+00
-1.624532453245324692e+00 -6.061000625938699926e+00
-1.623927392739274111e+00 -6.059486069506889727e+00
-1.623322332233223531e+00 -6.057971593653814324e+00
-1.622717271727172950e+00 -6.056457198456130619e+00
-1.622112211221122369e+00 -6.054942883990485747e+00
-1.621507150715071788e+00 -6.053428650333532168e+00
-1.620902090209021207e+00 -6.051914497561919681e+00
-1.620297029702970626e+00 -6.050400425752299860e+00
-1.619691969196920045e+00 -6.048886434981325166e+00
-1.619086908690869464e+00 -6.047372525325644510e+00
-1.618481848184818883e+00 -6.045858696861910353e+00
-1.617876787678768302e+00 -6.044344949666773381e+00
-1.617271727172717721e+00 -6.042831283816887833e+00
-1.616666666666667140e+00 -6.041317699388898177e+00
-1.616061606160616115e+00 -6.039804196459461316e+00
-1.615456545654565534e+00 -6.038290775105225272e+00
-1.614851485148514953e+00 -6.036777435402844283e+00
-1.614246424642464373e+00 -6.035264177428965482e+00
-1.613641364136413792e+00 -6.033751001260243996e+00
-1.613036303630363211e+00 -6.032237906973328734e+00
-1.612431243124312630e+00 -6.030724894644870382e+00
-1.611826182618262049e+00 -6.029211964351519626e+00
-1.611221122112211468e+00 -6.027699116169930704e+00
-1.610616061606160887e+00 -6.026186350176751638e+00
-1.610011001100110306e+00 -6.024673666448635778e+00
-1.609405940594059725e+00 -6.023161065062232034e+00
-1.608800880088009144e+00 -6.021648546094192866e+00
-1.608195819581958563e+00 -6.020136109621170739e+00
-1.607590759075907982e+00 -6.018623755719811896e+00
-1.606985698569857401e+00 -6.017111484466774129e+00
-1.606380638063806821e+00 -6.015599295938703683e+00
-1.605775577557756240e+00 -6.014087190212253020e+00
-1.605170517051705215e+00 -6.012575167364073714e+00
-1.604565456545654634e+00 -6.011063227470816450e+00
-1.603960396039604053e+00 -6.009551370609133691e+00
-1.603355335533553472e+00 -6.008039596855675235e+00
-1.602750275027502891e+00 -6.006527906287091767e+00
-1.602145214521452310e+00 -6.005016298980035749e+00
-1.601540154015401729e+00 -6.003504775011156980e+00
-1.600935093509351148e+00 -6.001993334457107032e+00
-1.600330033003300567e+00 -6.000481977394538369e+00
-1.599724972497249986e+00 -5.998970703900099899e+00
-1.599119911991199405e+00 -5.997459514050444973e+00
-1.598514851485148824e+00 -5.995948407922223389e+00
-1.597909790979098243e+00 -5.994437385592084944e+00
-1.597304730473047663e+00 -5.992926447136684764e+00
-1.596699669966997082e+00 -5.991415592632669096e+00
-1.596094609460946501e+00 -5.989904822156693065e+00
-1.595489548954895920e+00 -5.988394135785406469e+00
-1.594884488448845339e+00 -5.986883533595459106e+00
-1.594279427942794758e+00 -5.985373015663502549e+00
-1.593674367436743733e+00 -5.983862582066189262e+00
-1.593069306930693152e+00 -5.982352232880170817e+00
-1.592464246424642571e+00 -5.980841968182096124e+00
-1.591859185918591990e+00 -5.979331788048616758e+00
-1.591254125412541409e+00 -5.977821692556385180e+00
-1.590649064906490828e+00 -5.976311681782052077e+00
-1.590044004400440247e+00 -5.974801755802268133e+00
-1.589438943894389666e+00 -5.973291914693684035e+00
-1.588833883388339085e+00 -5.971782158532952245e+00
-1.588228822882288505e+00 -5.970272487396723449e+00
-1.587623762376237924e+00 -5.968762901361648332e+00
-1.587018701870187343e+00 -5.967253400504376692e+00
-1.586413641364136762e+00 -5.965743984901562769e+00
-1.585808580858086181e+00 -5.964234654629855470e+00
-1.585203520352035600e+00 -5.962725409765906370e+00
-1.584598459845985019e+00 -5.961216250386366156e+00
-1.583993399339934438e+00 -5.959707176567889064e+00
-1.583388338833883857e+00 -5.958198188387122229e+00
-1.582783278327832832e+00 -5.956689285920715449e+00
-1.582178217821782251e+00 -5.955180469245324737e+00
-1.581573157315731670e+00 -5.953671738437599892e+00
-1.580968096809681089e+00 -5.952163093574191599e+00
-1.580363036303630508e+00 -5.950654534731748768e+00
-1.579757975797579928e+00 -5.949146061986926526e+00
-1.579152915291529347e+00 -5.947637675416373781e+00
-1.578547854785478766e+00 -5.946129375096740333e+00
-1.577942794279428185e+00 -5.944621161104679530e+00
-1.577337733773377604e+00 -5.943113033516841170e+00
-1.576732673267327023e+00 -5.941604992409876829e+00
-1.576127612761276442e+00 -5.940097037860439855e+00
-1.575522552255225861e+00 -5.938589169945175605e+00
-1.574917491749175280e+00 -5.937081388740740095e+00
-1.574312431243124699e+00 -5.935573694323785787e+00
-1.573707370737074118e+00 -5.934066086770958925e+00
-1.573102310231023537e+00 -5.932558566158914637e+00
-1.572497249724972956e+00 -5.931051132564300055e+00
-1.571892189218921931e+00 -5.929543786063768529e+00
-1.571287128712871350e+00 -5.928036526733972522e+00
-1.570682068206820770e+00 -5.926529354651560944e+00
-1.570077007700770189e+00 -5.925022269893188032e+00
-1.569471947194719608e+00 -5.923515272535499143e+00
-1.568866886688669027e+00 -5.922008362655152958e+00
-1.568261826182618446e+00 -5.920501540328793944e+00
-1.567656765676567865e+00 -5.918994805633079004e+00
-1.567051705170517284e+00 -5.917488158644654384e+00
-1.566446644664466703e+00 -5.915981599440173433e+00
-1.565841584158416122e+00 -5.914475128096284173e+00
-1.565236523652365541e+00 -5.912968744689642620e+00
-1.564631463146314960e+00 -5.911462449296898569e+00
-1.564026402640264379e+00 -5.909956241994701820e+00
-1.563421342134213798e+00 -5.908450122859703058e+00
-1.562816281628163217e+00 -5.906944091968554744e+00
-1.562211221122112637e+00 -5.905438149397908454e+00
-1.561606160616062056e+00 -5.903932295224412208e+00
-1.561001100110011475e+00 -5.902426529524721133e+00
-1.560396039603960450e+00 -5.900920852375484138e+00
-1.559790979097909869e+00 -5.899415263853353686e+00
-1.559185918591859288e+00 -5.897909764034977798e+00
-1.558580858085808707e+00 -5.896404352997012488e+00
-1.557975797579758126e+00 -5.894899030816103114e+00
-1.557370737073707545e+00 -5.893393797568906578e+00
-1.556765676567656964e+00 -5.891888653332071790e+00
-1.556160616061606383e+00 -5.890383598182246772e+00
-1.555555555555555802e+00 -5.888878632196087537e+00
-1.554950495049505221e+00 -5.887373755450243884e+00
-1.554345434543454640e+00 -5.885868968021364722e+00
-1.553740374037404059e+00 -5.884364269986099849e+00
-1.553135313531353479e+00 -5.882859661421106168e+00
-1.552530253025302898e+00 -5.881355142403030811e+00
-1.551925192519252317e+00 -5.879850713008527130e+00
-1.551320132013201736e+00 -5.878346373314242257e+00
-1.550715071507151155e+00 -5.876842123396832207e+00
-1.550110011001100574e+00 -5.875337963332944113e+00
-1.549504950495049549e+00 -5.873833893199231326e+00
-1.548899889988998968e+00 -5.872329913072344532e+00
-1.548294829482948387e+00 -5.870826023028936191e+00
-1.547689768976897806e+00 -5.869322223145654327e+00
-1.547084708470847225e+00 -5.867818513499152289e+00
-1.546479647964796644e+00 -5.866314894166081650e+00
-1.545874587458746063e+00 -5.864811365223091322e+00
-1.545269526952695482e+00 -5.863307926746833765e+00
-1.544664466446644902e+00 -5.861804578813960553e+00
-1.544059405940594321e+00 -5.860301321501122374e+00
-1.543454345434543740e+00 -5.858798154884969911e+00
-1.542849284928493159e+00 -5.857295079042156516e+00
-1.542244224422442578e+00 -5.855792094049328433e+00
-1.541639163916391997e+00 -5.854289199983142566e+00
-1.541034103410341416e+00 -5.852786396920246936e+00
-1.540429042904290835e+00 -5.851283684937291341e+00
-1.539823982398240254e+00 -5.849781064110929130e+00
-1.539218921892189673e+00 -5.848278534517811877e+00
-1.538613861386139092e+00 -5.846776096234589382e+00
-1.538008800880088067e+00 -5.845273749337910552e+00
-1.537403740374037486e+00 -5.843771493904431402e+00
-1.536798679867986905e+00 -5.842269330010801731e+00
-1.536193619361936324e+00 -5.840767257733670448e+00
-1.535588558855885744e+00 -5.839265277149690014e+00
-1.534983498349835163e+00 -5.837763388335512005e+00
-1.534378437843784582e+00 -5.836261591367785329e+00
-1.533773377337734001e+00 -5.834759886323164224e+00
-1.533168316831683420e+00 -5.833258273278298489e+00
-1.532563256325632839e+00 -5.831756752309839698e+00
-1.531958195819582258e+00 -5.830255323494436759e+00
-1.531353135313531677e+00 -5.828753986908742135e+00
-1.530748074807481096e+00 -5.827252742629410065e+00
-1.530143014301430515e+00 -5.825751590733086793e+00
-1.529537953795379934e+00 -5.824250531296425670e+00
-1.528932893289329353e+00 -5.822749564396078270e+00
-1.528327832783278772e+00 -5.821248690108694390e+00
-1.527722772277228191e+00 -5.819747908510926493e+00
-1.527117711771177166e+00 -5.818247219679423488e+00
-1.526512651265126586e+00 -5.816746623690840501e+00
-1.525907590759076005e+00 -5.815246120621826442e+00
-1.525302530253025424e+00 -5.813745710549031998e+00
-1.524697469746974843e+00 -5.812245393549105188e+00
-1.524092409240924262e+00 -5.810745169698703805e+00
-1.523487348734873681e+00 -5.809245039074475869e+00
-1.522882288228823100e+00 -5.807745001753071179e+00
-1.522277227722772519e+00 -5.806245057811142196e+00
-1.521672167216721938e+00 -5.804745207325340495e+00
-1.521067106710671357e+00 -5.803245450372315872e+00
-1.520462046204620776e+00 -5.801745787028719903e+00
-1.519856985698570195e+00 -5.800246217371206825e+00
-1.519251925192519614e+00 -5.798746741476421995e+00
-1.518646864686469034e+00 -5.797247359421018764e+00
-1.518041804180418453e+00 -5.795748071281651370e+00
-1.517436743674367872e+00 -5.794248877134967834e+00
-1.516831683168317291e+00 -5.792749777057617955e+00
-1.516226622662266710e+00 -5.791250771126257746e+00
-1.515621562156215685e+00 -5.789751859417534341e+00
-1.515016501650165104e+00 -5.788253042008097538e+00
-1.514411441144114523e+00 -5.786754318974604239e+00
-1.513806380638063942e+00 -5.785255690393701578e+00
-1.513201320132013361e+00 -5.783757156342042016e+00
-1.512596259625962780e+00 -5.782258716896274464e+00
-1.511991199119912199e+00 -5.780760372133052272e+00
-1.511386138613861618e+00 -5.779262122129026125e+00
-1.510781078107811037e+00 -5.777763966960848485e+00
-1.510176017601760456e+00 -5.776265906705164710e+00
-1.509570957095709876e+00 -5.774767941438634367e+00
-1.508965896589659295e+00 -5.773270071237901035e+00
-1.508360836083608714e+00 -5.771772296179620731e+00
-1.507755775577558133e+00 -5.770274616340444140e+00
-1.507150715071507552e+00 -5.768777031797019283e+00
-1.506545654565456971e+00 -5.767279542626002176e+00
-1.505940594059406390e+00 -5.765782148904037285e+00
-1.505335533553355809e+00 -5.764284850707781516e+00
-1.504730473047304784e+00 -5.762787648113882888e+00
-1.504125412541254203e+00 -5.761290541198994752e+00
-1.503520352035203622e+00 -5.759793530039764242e+00
-1.502915291529153041e+00 -5.758296614712850037e+00
-1.502310231023102460e+00 -5.756799795294895716e+00
-1.501705170517051879e+00 -5.755303071862555520e+00
-1.501100110011001298e+00 -5.753806444492480132e+00
-1.500495049504950718e+00 -5.752309913261322905e+00
-1.499889988998900137e+00 -5.750813478245730970e+00
-1.499284928492849556e+00 -5.749317139522357678e+00
-1.498679867986798975e+00 -5.747820897167853715e+00
-1.498074807480748394e+00 -5.746324751258870656e+00
-1.497469746974697813e+00 -5.744828701872060073e+00
-1.496864686468647232e+00 -5.743332749084069988e+00
-1.496259625962596651e+00 -5.741836892971557305e+00
-1.495654565456546070e+00 -5.740341133611167379e+00
-1.495049504950495489e+00 -5.738845471079555338e+00
-1.494444444444444908e+00 -5.737349905453369203e+00
-1.493839383938394327e+00 -5.735854436809262324e+00
-1.493234323432343302e+00 -5.734359065223882723e+00
-1.492629262926292721e+00 -5.732863790773888191e+00
-1.492024202420242140e+00 -5.731368613535921419e+00
-1.491419141914191560e+00 -5.729873533586640200e+00
-1.490814081408140979e+00 -5.728378551002692554e+00
-1.490209020902090398e+00 -5.726883665860730055e+00
-1.489603960396039817e+00 -5.725388878237405166e+00
-1.488998899889989236e+00 -5.723894188209365907e+00
-1.488393839383938655e+00 -5.722399595853264742e+00
-1.487788778877888074e+00 -5.720905101245756796e+00
-1.487183718371837493e+00 -5.719410704463487427e+00
-1.486578657865786912e+00 -5.717916405583109096e+00
-1.485973597359736331e+00 -5.716422204681277819e+00
-1.485368536853685750e+00 -5.714928101834636287e+00
-1.484763476347635169e+00 -5.713434097119841404e+00
-1.484158415841584588e+00 -5.711940190613543855e+00
-1.483553355335534008e+00 -5.710446382392393438e+00
-1.482948294829483427e+00 -5.708952672533041728e+00
-1.482343234323432402e+00 -5.707459061112139409e+00
-1.481738173817381821e+00 -5.705965548206340721e+00
-1.481133113311331240e+00 -5.704472133892292796e+00
-1.480528052805280659e+00 -5.702978818246646320e+00
-1.479922992299230078e+00 -5.701485601346057308e+00
-1.479317931793179497e+00 -5.699992483267172005e+00
-1.478712871287128916e+00 -5.698499464086643762e+00
-1.478107810781078335e+00 -5.697006543881123264e+00
-1.477502750275027754e+00 -5.695513722727261197e+00
-1.476897689768977173e+00 -5.694021000701710911e+00
-1.476292629262926592e+00 -5.692528377881120427e+00
-1.475687568756876011e+00 -5.691035854342142208e+00
-1.475082508250825430e+00 -5.689543430161427828e+00
-1.474477447744774850e+00 -5.688051105415628861e+00
-1.473872387238724269e+00 -5.686558880181394215e+00
-1.473267326732673688e+00 -5.685066754535377243e+00
-1.472662266226623107e+00 -5.683574728554226851e+00
-1.472057205720572526e+00 -5.682082802314596393e+00
-1.471452145214521945e+00 -5.680590975893137440e+00
-1.470847084708470920e+00 -5.679099249366498015e+00
-1.470242024202420339e+00 -5.677607622811332355e+00
-1.469636963696369758e+00 -5.676116096304288483e+00
-1.469031903190319177e+00 -5.674624669922020637e+00
-1.468426842684268596e+00 -5.673133343741177725e+00
-1.467821782178218015e+00 -5.671642117838412211e+00
-1.467216721672167434e+00 -5.670150992290374781e+00
-1.466611661166116853e+00 -5.668659967173718783e+00
-1.466006600660066272e+00 -5.667169042565090464e+00
-1.465401540154015692e+00 -5.665678218541144062e+00
-1.464796479647965111e+00 -5.664187495178531151e+00
-1.464191419141914530e+00 -5.662696872553901528e+00
-1.463586358635863949e+00 -5.661206350743906768e+00
-1.462981298129813368e+00 -5.659715929825197556e+00
-1.462376237623762787e+00 -5.658225609874425466e+00
-1.461771177117712206e+00 -5.656735390968242960e+00
-1.461166116611661625e+00 -5.655245273183299837e+00
-1.460561056105611044e+00 -5.653755256596244116e+00
-1.459955995599560019e+00 -5.652265341283731814e+00
-1.459350935093509438e+00 -5.650775527322412728e+00
-1.458745874587458857e+00 -5.649285814788937543e+00
-1.458140814081408276e+00 -5.647796203759957834e+00
-1.457535753575357695e+00 -5.646306694312121621e+00
-1.456930693069307114e+00 -5.644817286522085809e+00
-1.456325632563256534e+00 -5.643327980466497529e+00
-1.455720572057205953e+00 -5.641838776222007468e+00
-1.455115511551155372e+00 -5.640349673865269864e+00
-1.454510451045104791e+00 -5.638860673472933627e+00
-1.453905390539054210e+00 -5.637371775121649442e+00
-1.453300330033003629e+00 -5.635882978888068884e+00
-1.452695269526953048e+00 -5.634394284848844414e+00
-1.452090209020902467e+00 -5.632905693080625831e+00
-1.451485148514851886e+00 -5.631417203660065596e+00
-1.450880088008801305e+00 -5.629928816663812619e+00
-1.450275027502750724e+00 -5.628440532168519361e+00
-1.449669966996700143e+00 -5.626952350250837398e+00
-1.449064906490649118e+00 -5.625464270987416526e+00
-1.448459845984598537e+00 -5.623976294454909208e+00
-1.447854785478547957e+00 -5.622488420729966130e+00
-1.447249724972497376e+00 -5.621000649889239753e+00
-1.446644664466446795e+00 -5.619512982009376323e+00
-1.446039603960396214e+00 -5.618025417167033631e+00
-1.445434543454345633e+00 -5.616537955438858809e+00
-1.444829482948295052e+00 -5.615050596901503432e+00
-1.444224422442244471e+00 -5.613563341631618187e+00
-1.443619361936193890e+00 -5.612076189705856422e+00
-1.443014301430143309e+00 -5.610589141200867047e+00
-1.442409240924092728e+00 -5.609102196193302525e+00
-1.441804180418042147e+00 -5.607615354759813542e+00
-1.441199119911991566e+00 -5.606128616977050783e+00
-1.440594059405940985e+00 -5.604641982921664045e+00
-1.439988998899890404e+00 -5.603155452670307568e+00
-1.439383938393839824e+00 -5.601669026299631149e+00
-1.438778877887789243e+00 -5.600182703886286362e+00
-1.438173817381738662e+00 -5.598696485506923892e+00
-1.437568756875687637e+00 -5.597210371238192650e+00
-1.436963696369637056e+00 -5.595724361156746873e+00
-1.436358635863586475e+00 -5.594238455339237248e+00
-1.435753575357535894e+00 -5.592752653862314460e+00
-1.435148514851485313e+00 -5.591266956802626531e+00
-1.434543454345434732e+00 -5.589781364236832140e+00
-1.433938393839384151e+00 -5.588295876241575755e+00
-1.433333333333333570e+00 -5.586810492893510727e+00
-1.432728272827282989e+00 -5.585325214269289518e+00
-1.432123212321232408e+00 -5.583840040445559261e+00
-1.431518151815181827e+00 -5.582354971498973306e+00
-1.430913091309131246e+00 -5.580870007506185004e+00
-1.430308030803080666e+00 -5.579385148543843265e+00
-1.429702970297030085e+00 -5.577900394688598773e+00
-1.429097909790979504e+00 -5.576415746017103103e+00
-1.428492849284928923e+00 -5.574931202606007830e+00
-1.427887788778878342e+00 -5.573446764531965414e+00
-1.427282728272827761e+00 -5.571962431871623878e+00
-1.426677667766776736e+00 -5.570478204701634795e+00
-1.426072607260726155e+00 -5.568994083098651515e+00
-1.425467546754675574e+00 -5.567510067139324725e+00
-1.424862486248624993e+00 -5.566026156900305999e+00
-1.424257425742574412e+00 -5.564542352458244245e+00
-1.423652365236523831e+00 -5.563058653889790151e+00
-1.423047304730473250e+00 -5.561575061271600617e+00
-1.422442244224422669e+00 -5.560091574680318338e+00
-1.421837183718372088e+00 -5.558608194192600216e+00
-1.421232123212321508e+00 -5.557124919885095160e+00
-1.420627062706270927e+00 -5.555641751834456521e+00
-1.420022002200220346e+00 -5.554158690117332320e+00
-1.419416941694169765e+00 -5.552675734810376795e+00
-1.418811881188119184e+00 -5.551192885990238857e+00
-1.418206820682068603e+00 -5.549710143733570078e+00
-1.417601760176018022e+00 -5.548227508117021145e+00
-1.416996699669967441e+00 -5.546744979217245408e+00
-1.416391639163916860e+00 -5.545262557110891777e+00
-1.415786578657866279e+00 -5.543780241874612713e+00
-1.415181518151815254e+00 -5.542298033585055350e+00
-1.414576457645764673e+00 -5.540815932318877479e+00
-1.413971397139714092e+00 -5.539333938152725345e+00
-1.413366336633663511e+00 -5.537852051163252298e+00
-1.412761276127612931e+00 -5.536370271427110801e+00
-1.412156215621562350e+00 -5.534888599020947098e+00
-1.411551155115511769e+00 -5.533407034021415427e+00
-1.410946094609461188e+00 -5.531925576505165587e+00
-1.410341034103410607e+00 -5.530444226548852704e+00
-1.409735973597360026e+00 -5.528962984229123023e+00
-1.409130913091309445e+00 -5.527481849622630783e+00
-1.408525852585258864e+00 -5.526000822806024892e+00
-1.407920792079208283e+00 -5.524519903855957814e+00
-1.407315731573157702e+00 -5.523039092849081122e+00
-1.406710671067107121e+00 -5.521558389862043725e+00
-1.406105610561056540e+00 -5.520077794971500751e+00
-1.405500550055005959e+00 -5.518597308254099332e+00
-1.404895489548955378e+00 -5.517116929786491042e+00
-1.404290429042904353e+00 -5.515636659645329232e+00
-1.403685368536853773e+00 -5.514156497907263699e+00
-1.403080308030803192e+00 -5.512676444648945129e+00
-1.402475247524752611e+00 -5.511196499947026872e+00
-1.401870187018702030e+00 -5.509716663878155174e+00
-1.401265126512651449e+00 -5.508236936518987825e+00
-1.400660066006600868e+00 -5.506757317946171959e+00
-1.400055005500550287e+00 -5.505277808236359149e+00
-1.399449944994499706e+00 -5.503798407466198306e+00
-1.398844884488449125e+00 -5.502319115712345443e+00
-1.398239823982398544e+00 -5.500839933051448583e+00
-1.397634763476347963e+00 -5.499360859560159298e+00
-1.397029702970297382e+00 -5.497881895315128276e+00
-1.396424642464246801e+00 -5.496403040393007977e+00
-1.395819581958196220e+00 -5.494924294870449089e+00
-1.395214521452145640e+00 -5.493445658824100519e+00
-1.394609460946095059e+00 -5.491967132330617396e+00
-1.394004400440044478e+00 -5.490488715466648628e+00
-1.393399339933993897e+00 -5.489010408308843125e+00
-1.392794279427942872e+00 -5.487532210933855126e+00
-1.392189218921892291e+00 -5.486054123418337980e+00
-1.391584158415841710e+00 -5.484576145838936156e+00
-1.390979097909791129e+00 -5.483098278272305670e+00
-1.390374037403740548e+00 -5.481620520795098095e+00
-1.389768976897689967e+00 -5.480142873483960564e+00
-1.389163916391639386e+00 -5.478665336415547316e+00
-1.388558855885588805e+00 -5.477187909666508148e+00
-1.387953795379538224e+00 -5.475710593313497299e+00
-1.387348734873487643e+00 -5.474233387433161013e+00
-1.386743674367437063e+00 -5.472756292102153530e+00
-1.386138613861386482e+00 -5.471279307397122871e+00
-1.385533553355335901e+00 -5.469802433394725050e+00
-1.384928492849285320e+00 -5.468325670171607200e+00
-1.384323432343234739e+00 -5.466849017804422672e+00
-1.383718371837184158e+00 -5.465372476369821264e+00
-1.383113311331133577e+00 -5.463896045944454549e+00
-1.382508250825082996e+00 -5.462419726604974102e+00
-1.381903190319031971e+00 -5.460943518428029719e+00
-1.381298129812981390e+00 -5.459467421490272976e+00
-1.380693069306930809e+00 -5.457991435868358110e+00
-1.380088008800880228e+00 -5.456515561638931366e+00
-1.379482948294829647e+00 -5.455039798878647872e+00
-1.378877887788779066e+00 -5.453564147664155648e+00
-1.378272827282728485e+00 -5.452088608072109821e+00
-1.377667766776677905e+00 -5.450613180179154860e+00
-1.377062706270627324e+00 -5.449137864061948555e+00
-1.376457645764576743e+00 -5.447662659797138041e+00
-1.375852585258526162e+00 -5.446187567461376666e+00
-1.375247524752475581e+00 -5.444712587131313342e+00
-1.374642464246425000e+00 -5.443237718883603193e+00
-1.374037403740374419e+00 -5.441762962794893355e+00
-1.373432343234323838e+00 -5.440288318941835399e+00
-1.372827282728273257e+00 -5.438813787401081790e+00
-1.372222222222222676e+00 -5.437339368249283211e+00
-1.371617161716172095e+00 -5.435865061563090350e+00
-1.371012101210121514e+00 -5.434390867419156557e+00
-1.370407040704070489e+00 -5.432916785894128076e+00
-1.369801980198019908e+00 -5.431442817064661810e+00
-1.369196919691969327e+00 -5.429968961007405781e+00
-1.368591859185918747e+00 -5.428495217799010675e+00
-1.367986798679868166e+00 -5.427021587516129841e+00
-1.367381738173817585e+00 -5.425548070235412190e+00
-1.366776677667767004e+00 -5.424074666033509295e+00
-1.366171617161716423e+00 -5.422601374987073619e+00
-1.365566556655665842e+00 -5.421128197172754959e+00
-1.364961496149615261e+00 -5.419655132667204889e+00
-1.364356435643564680e+00 -5.418182181547075871e+00
-1.363751375137514099e+00 -5.416709343889014150e+00
-1.363146314631463518e+00 -5.415236619769676629e+00
-1.362541254125412937e+00 -5.413764009265712218e+00
-1.361936193619362356e+00 -5.412291512453771603e+00
-1.361331133113311775e+00 -5.410819129410507244e+00
-1.360726072607261194e+00 -5.409346860212568053e+00
-1.360121012101210614e+00 -5.407874704936606491e+00
-1.359515951595159589e+00 -5.406402663659273244e+00
-1.358910891089109008e+00 -5.404930736457220775e+00
-1.358305830583058427e+00 -5.403458923407098879e+00
-1.357700770077007846e+00 -5.401987224585560021e+00
-1.357095709570957265e+00 -5.400515640069253109e+00
-1.356490649064906684e+00 -5.399044169934830606e+00
-1.355885588558856103e+00 -5.397572814258944973e+00
-1.355280528052805522e+00 -5.396101573118244232e+00
-1.354675467546754941e+00 -5.394630446589382622e+00
-1.354070407040704360e+00 -5.393159434749009051e+00
-1.353465346534653779e+00 -5.391688537673775983e+00
-1.352860286028603198e+00 -5.390217755440333214e+00
-1.352255225522552617e+00 -5.388747088125332318e+00
-1.351650165016502037e+00 -5.387276535805425759e+00
-1.351045104510451456e+00 -5.385806098557264221e+00
-1.350440044004400875e+00 -5.384335776457498390e+00
-1.349834983498350294e+00 -5.382865569582778953e+00
-1.349229922992299713e+00 -5.381395478009755706e+00
-1.348624862486248688e+00 -5.379925501815080224e+00
-1.348019801980198107e+00 -5.378455641075407634e+00
-1.347414741474147526e+00 -5.376985895867385068e+00
-1.346809680968096945e+00 -5.375516266267666765e+00
-1.346204620462046364e+00 -5.374046752352900747e+00
-1.345599559955995783e+00 -5.372577354199739474e+00
-1.344994499449945202e+00 -5.371108071884834523e+00
-1.344389438943894621e+00 -5.369638905484834801e+00
-1.343784378437844040e+00 -5.368169855076394548e+00
-1.343179317931793459e+00 -5.366700920736163560e+00
-1.342574257425742879e+00 -5.365232102540790748e+00
-1.341969196919692298e+00 -5.363763400566932127e+00
-1.341364136413641717e+00 -5.362294814891233941e+00
-1.340759075907591136e+00 -5.360826345590349540e+00
-1.340154015401540555e+00 -5.359357992740930499e+00
-1.339548954895489974e+00 -5.357889756419627503e+00
-1.338943894389439393e+00 -5.356421636703092126e+00
-1.338338833883388812e+00 -5.354953633667973278e+00
-1.337733773377338231e+00 -5.353485747390923422e+00
-1.337128712871287206e+00 -5.352017977948595018e+00
-1.336523652365236625e+00 -5.350550325417637865e+00
-1.335918591859186044e+00 -5.349082789874703536e+00
-1.335313531353135463e+00 -5.347615371396444495e+00
-1.334708470847084882e+00 -5.346148070059507873e+00
-1.334103410341034301e+00 -5.344680885940548798e+00
-1.333498349834983721e+00 -5.343213819116215291e+00
-1.332893289328933140e+00 -5.341746869663161590e+00
-1.332288228822882559e+00 -5.340280037658037493e+00
-1.331683168316831978e+00 -5.338813323177493686e+00
-1.331078107810781397e+00 -5.337346726298180855e+00
-1.330473047304730816e+00 -5.335880247096751461e+00
-1.329867986798680235e+00 -5.334413885649855303e+00
-1.329262926292629654e+00 -5.332947642034144842e+00
-1.328657865786579073e+00 -5.331481516326269876e+00
-1.328052805280528492e+00 -5.330015508602882868e+00
-1.327447744774477911e+00 -5.328549618940633614e+00
-1.326842684268427330e+00 -5.327083847416175466e+00
-1.326237623762376305e+00 -5.325618194106154668e+00
-1.325632563256325724e+00 -5.324152659087227235e+00
-1.325027502750275143e+00 -5.322687242436043853e+00
-1.324422442244224563e+00 -5.321221944229255207e+00
-1.323817381738173982e+00 -5.319756764543510208e+00
-1.323212321232123401e+00 -5.318291703455460429e+00
-1.322607260726072820e+00 -5.316826761041760996e+00
-1.322002200220022239e+00 -5.315361937379059043e+00
-1.321397139713971658e+00 -5.313897232544006144e+00
-1.320792079207921077e+00 -5.312432646613253873e+00
-1.320187018701870496e+00 -5.310968179663454691e+00
-1.319581958195819915e+00 -5.309503831771257509e+00
-1.318976897689769334e+00 -5.308039603013314789e+00
-1.318371837183718753e+00 -5.306575493466277216e+00
-1.317766776677668172e+00 -5.305111503206797252e+00
-1.317161716171617591e+00 -5.303647632311523807e+00
-1.316556655665567011e+00 -5.302183880857109344e+00
-1.315951595159516430e+00 -5.300720248920204547e+00
-1.315346534653465849e+00 -5.299256736577461879e+00
-1.314741474147414824e+00 -5.297793343905529362e+00
-1.314136413641364243e+00 -5.296330070981059457e+00
-1.313531353135313662e+00 -5.294866917880705515e+00
-1.312926292629263081e+00 -5.293403884681116445e+00
-1.312321232123212500e+00 -5.291940971458945597e+00
-1.311716171617161919e+00 -5.290478178290840994e+00
-1.311111111111111338e+00 -5.289015505253455984e+00
-1.310506050605060757e+00 -5.287552952423440367e+00
-1.309900990099010176e+00 -5.286090519877445715e+00
-1.309295929592959595e+00 -5.284628207692124491e+00
-1.308690869086909014e+00 -5.283166015944125604e+00
-1.308085808580858433e+00 -5.281703944710100629e+00
-1.307480748074807853e+00 -5.280241994066703803e+00
-1.306875687568757272e+00 -5.278780164090580485e+00
-1.306270627062706691e+00 -5.277318454858386687e+00
-1.305665566556656110e+00 -5.275856866446772209e+00
-1.305060506050605529e+00 -5.274395398932386847e+00
-1.304455445544554948e+00 -5.272934052391883952e+00
-1.303850385038503923e+00 -5.271472826901912434e+00
-1.303245324532453342e+00 -5.270011722539122978e+00
-1.302640264026402761e+00 -5.268550739380171599e+00
-1.302035203520352180e+00 -5.267089877501703654e+00
-1.301430143014301599e+00 -5.265629136980373382e+00
-1.300825082508251018e+00 -5.264168517892831467e+00
-1.300220022002200437e+00 -5.262708020315726820e+00
-1.299614961496149856e+00 -5.261247644325713679e+00
-1.299009900990099275e+00 -5.259787389999441842e+00
-1.298404840484048695e+00 -5.258327257413562883e+00
-1.297799779977998114e+00 -5.256867246644727487e+00
-1.297194719471947533e+00 -5.255407357769586341e+00
-1.296589658965896952e+00 -5.253947590864792794e+00
-1.295984598459846371e+00 -5.252487946006994868e+00
-1.295379537953795790e+00 -5.251028423272844137e+00
-1.294774477447745209e+00 -5.249569022738995727e+00
-1.294169416941694628e+00 -5.248109744482094108e+00
-1.293564356435644047e+00 -5.246650588578797070e+00
-1.292959295929593466e+00 -5.245191555105749970e+00
-1.292354235423542441e+00 -5.243732644139607935e+00
-1.291749174917491860e+00 -5.242273855757021650e+00
-1.291144114411441279e+00 -5.240815190034639137e+00
-1.290539053905390698e+00 -5.239356647049114635e+00
-1.289933993399340117e+00 -5.237898226877100605e+00
-1.289328932893289537e+00 -5.236439929595245069e+00
-1.288723872387238956e+00 -5.234981755280198712e+00
-1.288118811881188375e+00 -5.233523704008614885e+00
-1.287513751375137794e+00 -5.232065775857145162e+00
-1.286908690869087213e+00 -5.230607970902435788e+00
-1.286303630363036632e+00 -5.229150289221145442e+00
-1.285698569856986051e+00 -5.227692730889918593e+00
-1.285093509350935470e+00 -5.226235295985410367e+00
-1.284488448844884889e+00 -5.224777984584270563e+00
-1.283883388338834308e+00 -5.223320796763148977e+00
-1.283278327832783727e+00 -5.221863732598699848e+00
-1.282673267326733146e+00 -5.220406792167571197e+00
-1.282068206820682565e+00 -5.218949975546417264e+00
-1.281463146314631540e+00 -5.217493282811885180e+00
-1.280858085808580960e+00 -5.216036714040628297e+00
-1.280253025302530379e+00 -5.214580269309298188e+00
-1.279647964796479798e+00 -5.213123948694547316e+00
-1.279042904290429217e+00 -5.211667752273023702e+00
-1.278437843784378636e+00 -5.210211680121379807e+00
-1.277832783278328055e+00 -5.208755732316267206e+00
-1.277227722772277474e+00 -5.207299908934335697e+00
-1.276622662266226893e+00 -5.205844210052237742e+00
-1.276017601760176312e+00 -5.204388635746624026e+00
-1.275412541254125731e+00 -5.202933186094147011e+00
-1.274807480748075150e+00 -5.201477861171454720e+00
-1.274202420242024569e+00 -5.200022661055200501e+00
-1.273597359735973988e+00 -5.198567585822035042e+00
-1.272992299229923407e+00 -5.197112635548609916e+00
-1.272387238723872827e+00 -5.195657810311574920e+00
-1.271782178217822246e+00 -5.194203110187581629e+00
-1.271177117711771665e+00 -5.192748535253282505e+00
-1.270572057205721084e+00 -5.191294085585328233e+00
-1.269966996699670059e+00 -5.189839761260367723e+00
-1.269361936193619478e+00 -5.188385562355054326e+00
-1.268756875687568897e+00 -5.186931488946039615e+00
-1.268151815181518316e+00 -5.185477541109973387e+00
-1.267546754675467735e+00 -5.184023718923507218e+00
-1.266941694169417154e+00 -5.182570022463291792e+00
-1.266336633663366573e+00 -5.181116451805978684e+00
-1.265731573157315992e+00 -5.179663007028220356e+00
-1.265126512651265411e+00 -5.178209688206664829e+00
-1.264521452145214830e+00 -5.176756495417964565e+00
-1.263916391639164249e+00 -5.175303428738772915e+00
-1.263311331133113669e+00 -5.173850488245737012e+00
-1.262706270627063088e+00 -5.172397674015511981e+00
-1.262101210121012507e+00 -5.170944986124746734e+00
-1.261496149614961926e+00 -5.169492424650091955e+00
-1.260891089108911345e+00 -5.168039989668200995e+00
-1.260286028602860764e+00 -5.166587681255721876e+00
-1.259680968096810183e+00 -5.165135499489307946e+00
-1.259075907590759158e+00 -5.163683444445609894e+00
-1.258470847084708577e+00 -5.162231516201277515e+00
-1.257865786578657996e+00 -5.160779714832965048e+00
-1.257260726072607415e+00 -5.159328040417321404e+00
-1.256655665566556834e+00 -5.157876493030997267e+00
-1.256050605060506253e+00 -5.156425072750645100e+00
-1.255445544554455672e+00 -5.154973779652914700e+00
-1.254840484048405091e+00 -5.153522613814459419e+00
-1.254235423542354511e+00 -5.152071575311929053e+00
-1.253630363036303930e+00 -5.150620664221973399e+00
-1.253025302530253349e+00 -5.149169880621244921e+00
-1.252420242024202768e+00 -5.147719224586396081e+00
-1.251815181518152187e+00 -5.146268696194072234e+00
-1.251210121012101606e+00 -5.144818295520933837e+00
-1.250605060506051025e+00 -5.143368022643624471e+00
-1.250000000000000444e+00 -5.141917877638799261e+00
-1.249394939493949863e+00 -5.140467860583107118e+00
-1.248789878987899282e+00 -5.139017971553198727e+00
-1.248184818481848701e+00 -5.137568210625728327e+00
-1.247579757975797676e+00 -5.136118577877343050e+00
-1.246974697469747095e+00 -5.134669073384695359e+00
-1.246369636963696514e+00 -5.133219697224441269e+00
-1.245764576457645934e+00 -5.131770449473224360e+00
-1.245159515951595353e+00 -5.130321330207699759e+00
-1.244554455445544772e+00 -5.128872339504518152e+00
-1.243949394939494191e+00 -5.127423477440331112e+00
-1.243344334433443610e+00 -5.125974744091789326e+00
-1.242739273927393029e+00 -5.124526139535543479e+00
-1.242134213421342448e+00 -5.123077663848244256e+00
-1.241529152915291867e+00 -5.121629317106545010e+00
-1.240924092409241286e+00 -5.120181099387093759e+00
-1.240319031903190705e+00 -5.118733010766542080e+00
-1.239713971397140124e+00 -5.117285051321544209e+00
-1.239108910891089543e+00 -5.115837221128749945e+00
-1.238503850385038962e+00 -5.114389520264808198e+00
-1.237898789878988381e+00 -5.112941948806372316e+00
-1.237293729372937801e+00 -5.111494506830092988e+00
-1.236688668866886776e+00 -5.110047194412620009e+00
-1.236083608360836195e+00 -5.108600011630606730e+00
-1.235478547854785614e+00 -5.107152958560702949e+00
-1.234873487348735033e+00 -5.105706035279560240e+00
-1.234268426842684452e+00 -5.104259241863829288e+00
-1.233663366336633871e+00 -5.102812578390161669e+00
-1.233058305830583290e+00 -5.101366044935207178e+00
-1.232453245324532709e+00 -5.099919641575618279e+00
-1.231848184818482128e+00 -5.098473368388046545e+00
-1.231243124312431547e+00 -5.097027225449142662e+00
-1.230638063806380966e+00 -5.095581212835557317e+00
-1.230033003300330385e+00 -5.094135330623942082e+00
-1.229427942794279804e+00 -5.092689578890947644e+00
-1.228822882288229223e+00 -5.091243957713224688e+00
-1.228217821782178643e+00 -5.089798467167426566e+00
-1.227612761276128062e+00 -5.088353107330201297e+00
-1.227007700770077481e+00 -5.086907878278202233e+00
-1.226402640264026900e+00 -5.085462780088079171e+00
-1.225797579757975875e+00 -5.084017812836483685e+00
-1.225192519251925294e+00 -5.082572976600066461e+00
-1.224587458745874713e+00 -5.081128271455480849e+00
-1.223982398239824132e+00 -5.079683697479376647e+00
-1.223377337733773551e+00 -5.078239254748403653e+00
-1.222772277227722970e+00 -5.076794943339214328e+00
-1.222167216721672389e+00 -5.075350763328461134e+00
-1.221562156215621808e+00 -5.073906714792791206e+00
-1.220957095709571227e+00 -5.072462797808858781e+00
-1.220352035203520646e+00 -5.071019012453314545e+00
-1.219746974697470066e+00 -5.069575358802809184e+00
-1.219141914191419485e+00 -5.068131836933994272e+00
-1.218536853685368904e+00 -5.066688446923519606e+00
-1.217931793179318323e+00 -5.065245188848037650e+00
-1.217326732673267742e+00 -5.063802062784199087e+00
-1.216721672167217161e+00 -5.062359068808656382e+00
-1.216116611661166580e+00 -5.060916206998058442e+00
-1.215511551155115999e+00 -5.059473477429058619e+00
-1.214906490649065418e+00 -5.058030880178305821e+00
-1.214301430143014393e+00 -5.056588415322450736e+00
-1.213696369636963812e+00 -5.055146082938147600e+00
-1.213091309130913231e+00 -5.053703883102046213e+00
-1.212486248624862650e+00 -5.052261815890796370e+00
-1.211881188118812069e+00 -5.050819881381051424e+00
-1.211276127612761488e+00 -5.049378079649460282e+00
-1.210671067106710908e+00 -5.047936410772676297e+00
-1.210066006600660327e+00 -5.046494874827349264e+00
-1.209460946094609746e+00 -5.045053471890128982e+00
-1.208855885588559165e+00 -5.043612202037668801e+00
-1.208250825082508584e+00 -5.042171065346618519e+00
-1.207645764576458003e+00 -5.040730061893631486e+00
-1.207040704070407422e+00 -5.039289191755355724e+00
-1.206435643564356841e+00 -5.037848455008444581e+00
-1.205830583058306260e+00 -5.036407851729546969e+00
-1.205225522552255679e+00 -5.034967381995316238e+00
-1.204620462046205098e+00 -5.033527045882403961e+00
-1.204015401540154517e+00 -5.032086843467456383e+00
-1.203410341034103492e+00 -5.030646774827130407e+00
-1.202805280528052911e+00 -5.029206840038076720e+00
-1.202200220022002330e+00 -5.027767039176943342e+00
-1.201595159515951750e+00 -5.026327372320382736e+00
-1.200990099009901169e+00 -5.024887839545044699e+00
-1.200385038503850588e+00 -5.023448440927583469e+00
-1.199779977997800007e+00 -5.022009176544648845e+00
-1.199174917491749426e+00 -5.020570046472891512e+00
-1.198569856985698845e+00 -5.019131050788961268e+00
-1.197964796479648264e+00 -5.017692189569510575e+00
-1.197359735973597683e+00 -5.016253462891192783e+00
-1.196754675467547102e+00 -5.014814870830655025e+00
-1.196149614961496521e+00 -5.013376413464550652e+00
-1.195544554455445940e+00 -5.011938090869530349e+00
-1.194939493949395359e+00 -5.010499903122245691e+00
-1.194334433443344778e+00 -5.009061850299346474e+00
-1.193729372937294197e+00 -5.007623932477486051e+00
-1.193124312431243617e+00 -5.006186149733314217e+00
-1.192519251925193036e+00 -5.004748502143479882e+00
-1.191914191419142011e+00 -5.003310989784636398e+00
-1.191309130913091430e+00 -5.001873612733436225e+00
-1.190704070407040849e+00 -5.000436371066530938e+00
-1.190099009900990268e+00 -4.998999264860567671e+00
-1.189493949394939687e+00 -4.997562294192201549e+00
-1.188888888888889106e+00 -4.996125459138080593e+00
-1.188283828382838525e+00 -4.994688759774857267e+00
-1.187678767876787944e+00 -4.993252196179183144e+00
-1.187073707370737363e+00 -4.991815768427708022e+00
-1.186468646864686782e+00 -4.990379476597085251e+00
-1.185863586358636201e+00 -4.988943320763963740e+00
-1.185258525852585620e+00 -4.987507301004995064e+00
-1.184653465346535040e+00 -4.986071417396831684e+00
-1.184048404840484459e+00 -4.984635670016125175e+00
-1.183443344334433878e+00 -4.983200058939522670e+00
-1.182838283828383297e+00 -4.981764584243680183e+00
-1.182233223322332716e+00 -4.980329246005244848e+00
-1.181628162816282135e+00 -4.978894044300869126e+00
-1.181023102310231110e+00 -4.977458979207204592e+00
-1.180418041804180529e+00 -4.976024050800903709e+00
-1.179812981298129948e+00 -4.974589259158615384e+00
-1.179207920792079367e+00 -4.973154604356992081e+00
-1.178602860286028786e+00 -4.971720086472683597e+00
-1.177997799779978205e+00 -4.970285705582343283e+00
-1.177392739273927624e+00 -4.968851461762620048e+00
-1.176787678767877043e+00 -4.967417355090165465e+00
-1.176182618261826462e+00 -4.965983385641631109e+00
-1.175577557755775882e+00 -4.964549553493670331e+00
-1.174972497249725301e+00 -4.963115858722931151e+00
-1.174367436743674720e+00 -4.961682301406062479e+00
-1.173762376237624139e+00 -4.960248881619721217e+00
-1.173157315731573558e+00 -4.958815599440555388e+00
-1.172552255225522977e+00 -4.957382454945216566e+00
-1.171947194719472396e+00 -4.955949448210355435e+00
-1.171342134213421815e+00 -4.954516579312623570e+00
-1.170737073707371234e+00 -4.953083848328671657e+00
-1.170132013201320653e+00 -4.951651255335150381e+00
-1.169526952695269628e+00 -4.950218800408713982e+00
-1.168921892189219047e+00 -4.948786483626007815e+00
-1.168316831683168466e+00 -4.947354305063688784e+00
-1.167711771177117885e+00 -4.945922264798407575e+00
-1.167106710671067304e+00 -4.944490362906809544e+00
-1.166501650165016724e+00 -4.943058599465553371e+00
-1.165896589658966143e+00 -4.941626974551283524e+00
-1.165291529152915562e+00 -4.940195488240656907e+00
-1.164686468646864981e+00 -4.938764140610319764e+00
-1.164081408140814400e+00 -4.937332931736926334e+00
-1.163476347634763819e+00 -4.935901861697125526e+00
-1.162871287128713238e+00 -4.934470930567570690e+00
-1.162266226622662657e+00 -4.933040138424912513e+00
-1.161661166116612076e+00 -4.931609485345800792e+00
-1.161056105610561495e+00 -4.930178971406886212e+00
-1.160451045104510914e+00 -4.928748596684823013e+00
-1.159845984598460333e+00 -4.927318361256260104e+00
-1.159240924092409752e+00 -4.925888265197847282e+00
-1.158635863586358727e+00 -4.924458308586237898e+00
-1.158030803080308146e+00 -4.923028491498083525e+00
-1.157425742574257566e+00 -4.921598814010034850e+00
-1.156820682068206985e+00 -4.920169276198739894e+00
-1.156215621562156404e+00 -4.918739878140853783e+00
-1.155610561056105823e+00 -4.917310619913027203e+00
-1.155005500550055242e+00 -4.915881501591909952e+00
-1.154400440044004661e+00 -4.914452523254151828e+00
-1.153795379537954080e+00 -4.913023684976406180e+00
-1.153190319031903499e+00 -4.911594986835324583e+00
-1.152585258525852918e+00 -4.910166428907555058e+00
-1.151980198019802337e+00 -4.908738011269751844e+00
-1.151375137513751756e+00 -4.907309733998565626e+00
-1.150770077007701175e+00 -4.905881597170647979e+00
-1.150165016501650594e+00 -4.904453600862646034e+00
-1.149559955995600014e+00 -4.903025745151216697e+00
-1.148954895489549433e+00 -4.901598030113006210e+00
-1.148349834983498852e+00 -4.900170455824668814e+00
-1.147744774477448271e+00 -4.898743022362854305e+00
-1.147139713971397246e+00 -4.897315729804212481e+00
-1.146534653465346665e+00 -4.895888578225395804e+00
-1.145929592959296084e+00 -4.894461567703058513e+00
-1.145324532453245503e+00 -4.893034698313847741e+00
-1.144719471947194922e+00 -4.891607970134415950e+00
-1.144114411441144341e+00 -4.890181383241412938e+00
-1.143509350935093760e+00 -4.888754937711492055e+00
-1.142904290429043179e+00 -4.887328633621303098e+00
-1.142299229922992598e+00 -4.885902471047496753e+00
-1.141694169416942017e+00 -4.884476450066725484e+00
-1.141089108910891436e+00 -4.883050570755639086e+00
-1.140484048404840856e+00 -4.881624833190890023e+00
-1.139878987898790275e+00 -4.880199237449128979e+00
-1.139273927392739694e+00 -4.878773783607007530e+00
-1.138668866886689113e+00 -4.877348471741174585e+00
-1.138063806380638532e+00 -4.875923301928283493e+00
-1.137458745874587951e+00 -4.874498274244983165e+00
-1.136853685368537370e+00 -4.873073388767929615e+00
-1.136248624862486345e+00 -4.871648645573766423e+00
-1.135643564356435764e+00 -4.870224044739151381e+00
-1.135038503850385183e+00 -4.868799586340732510e+00
-1.134433443344334602e+00 -4.867375270455162273e+00
-1.133828382838284021e+00 -4.865951097159090466e+00
-1.133223322332233440e+00 -4.864527066529168664e+00
-1.132618261826182859e+00 -4.863103178642050217e+00
-1.132013201320132278e+00 -4.861679433574382259e+00
-1.131408140814081698e+00 -4.860255831402817250e+00
-1.130803080308031117e+00 -4.858832372204009431e+00
-1.130198019801980536e+00 -4.857409056054605045e+00
-1.129592959295929955e+00 -4.855985883031258332e+00
-1.128987898789879374e+00 -4.854562853210619089e+00
-1.128382838283828793e+00 -4.853139966669341554e+00
-1.127777777777778212e+00 -4.851717223484071972e+00
-1.127172717271727631e+00 -4.850294623731462806e+00
-1.126567656765677050e+00 -4.848872167488168294e+00
-1.125962596259626469e+00 -4.847449854830837346e+00
-1.125357535753575444e+00 -4.846027685836120646e+00
-1.124752475247524863e+00 -4.844605660580669770e+00
-1.124147414741474282e+00 -4.843183779141136291e+00
-1.123542354235423701e+00 -4.841762041594170896e+00
-1.122937293729373120e+00 -4.840340448016425157e+00
-1.122332233223322540e+00 -4.838918998484550649e+00
-1.121727172717271959e+00 -4.837497693075197169e+00
-1.121122112211221378e+00 -4.836076531865014516e+00
-1.120517051705170797e+00 -4.834655514930656039e+00
-1.119911991199120216e+00 -4.833234642348776866e+00
-1.119306930693069635e+00 -4.831813914196018800e+00
-1.118701870187019054e+00 -4.830393330549040520e+00
-1.118096809680968473e+00 -4.828972891484490049e+00
-1.117491749174917892e+00 -4.827552597079018959e+00
-1.116886688668867311e+00 -4.826132447409278825e+00
-1.116281628162816730e+00 -4.824712442551920333e+00
-1.115676567656766149e+00 -4.823292582583595056e+00
-1.115071507150715568e+00 -4.821872867580952793e+00
-1.114466446644664988e+00 -4.820453297620645117e+00
-1.113861386138613963e+00 -4.819033872779324490e+00
-1.113256325632563382e+00 -4.817614593133641598e+00
-1.112651265126512801e+00 -4.816195458760246240e+00
-1.112046204620462220e+00 -4.814776469735790876e+00
-1.111441144114411639e+00 -4.813357626136927081e+00
-1.110836083608361058e+00 -4.811938928040305541e+00
-1.110231023102310477e+00 -4.810520375522575165e+00
-1.109625962596259896e+00 -4.809101968660389304e+00
-1.109020902090209315e+00 -4.807683707530400419e+00
-1.108415841584158734e+00 -4.806265592209257420e+00
-1.107810781078108153e+00 -4.804847622773610105e+00
-1.107205720572057572e+00 -4.803429799300113601e+00
-1.106600660066006991e+00 -4.802012121865415928e+00
-1.105995599559956410e+00 -4.800594590546169549e+00
-1.105390539053905830e+00 -4.799177205419025150e+00
-1.104785478547855249e+00 -4.797759966560632527e+00
-1.104180418041804668e+00 -4.796342874047645921e+00
-1.103575357535754087e+00 -4.794925927956714240e+00
-1.102970297029703062e+00 -4.793509128364487282e+00
-1.102365236523652481e+00 -4.792092475347621061e+00
-1.101760176017601900e+00 -4.790675968982761823e+00
-1.101155115511551319e+00 -4.789259609346562918e+00
-1.100550055005500738e+00 -4.787843396515675032e+00
-1.099944994499450157e+00 -4.786427330566748850e+00
-1.099339933993399576e+00 -4.785011411576435947e+00
-1.098734873487348995e+00 -4.783595639621388784e+00
-1.098129812981298414e+00 -4.782180014778255384e+00
-1.097524752475247833e+00 -4.780764537123689095e+00
-1.096919691969197252e+00 -4.779349206734341493e+00
-1.096314631463146672e+00 -4.777934023686863263e+00
-1.095709570957096091e+00 -4.776518988057903314e+00
-1.095104510451045510e+00 -4.775104099924114998e+00
-1.094499449944994929e+00 -4.773689359362149887e+00
-1.093894389438944348e+00 -4.772274766448658667e+00
-1.093289328932893767e+00 -4.770860321260290249e+00
-1.092684268426843186e+00 -4.769446023873698870e+00
-1.092079207920792605e+00 -4.768031874365533440e+00
-1.091474147414741580e+00 -4.766617872812445533e+00
-1.090869086908690999e+00 -4.765204019291086723e+00
-1.090264026402640418e+00 -4.763790313878109473e+00
-1.089658965896589837e+00 -4.762376756650163578e+00
-1.089053905390539256e+00 -4.760963347683898839e+00
-1.088448844884488675e+00 -4.759550087055967715e+00
-1.087843784378438095e+00 -4.758136974843023559e+00
-1.087238723872387514e+00 -4.756724011121713502e+00
-1.086633663366336933e+00 -4.755311195968689120e+00
-1.086028602860286352e+00 -4.753898529460604649e+00
-1.085423542354235771e+00 -4.752486011674109001e+00
-1.084818481848185190e+00 -4.751073642685853748e+00
-1.084213421342134609e+00 -4.749661422572489577e+00
-1.083608360836084028e+00 -4.748249351410668950e+00
-1.083003300330033447e+00 -4.746837429277041664e+00
-1.082398239823982866e+00 -4.745425656248258406e+00
-1.081793179317932285e+00 -4.744014032400972525e+00
-1.081188118811881704e+00 -4.742602557811832042e+00
-1.080583058305830679e+00 -4.741191232557490309e+00
-1.079977997799780098e+00 -4.739780056714597123e+00
-1.079372937293729517e+00 -4.738369030359805834e+00
-1.078767876787678937e+00 -4.736958153569766239e+00
-1.078162816281628356e+00 -4.735547426421129025e+00
-1.077557755775577775e+00 -4.734136848990545765e+00
-1.076952695269527194e+00 -4.732726421354667146e+00
-1.076347634763476613e+00 -4.731316143590144740e+00
-1.075742574257426032e+00 -4.729906015773630124e+00
-1.075137513751375451e+00 -4.728496037981774869e+00
-1.074532453245324870e+00 -4.727086210291225221e+00
-1.073927392739274289e+00 -4.725676532778639860e+00
-1.073322332233223708e+00 -4.724267005520665030e+00
-1.072717271727173127e+00 -4.722857628593953194e+00
-1.072112211221122546e+00 -4.721448402075154149e+00
-1.071507150715071965e+00 -4.720039326040922134e+00
-1.070902090209021384e+00 -4.718630400567906058e+00
-1.070297029702970804e+00 -4.717221625732757495e+00
-1.069691969196920223e+00 -4.715813001612127131e+00
-1.069086908690869198e+00 -4.714404528282663875e+00
-1.068481848184818617e+00 -4.712996205821024631e+00
-1.067876787678768036e+00 -4.711588034303856531e+00
-1.067271727172717455e+00 -4.710180013807811150e+00
-1.066666666666666874e+00 -4.708772144409540061e+00
-1.066061606160616293e+00 -4.707364426185693951e+00
-1.065456545654565712e+00 -4.705956859212923504e+00
-1.064851485148515131e+00 -4.704549443567883849e+00
-1.064246424642464550e+00 -4.703142179327219452e+00
-1.063641364136413969e+00 -4.701735066567586330e+00
-1.063036303630363388e+00 -4.700328105365634279e+00
-1.062431243124312807e+00 -4.698921295798013098e+00
-1.061826182618262226e+00 -4.697514637941376137e+00
-1.061221122112211646e+00 -4.696108131872373193e+00
-1.060616061606161065e+00 -4.694701777667655840e+00
-1.060011001100110484e+00 -4.693295575403874764e+00
-1.059405940594059903e+00 -4.691889525157680652e+00
-1.058800880088009322e+00 -4.690483627005726852e+00
-1.058195819581958297e+00 -4.689077881024660499e+00
-1.057590759075907716e+00 -4.687672287291137607e+00
-1.056985698569857135e+00 -4.686266845881805310e+00
-1.056380638063806554e+00 -4.684861556873316957e+00
-1.055775577557755973e+00 -4.683456420342323234e+00
-1.055170517051705392e+00 -4.682051436365475716e+00
-1.054565456545654811e+00 -4.680646605019424200e+00
-1.053960396039604230e+00 -4.679241926380820260e+00
-1.053355335533553649e+00 -4.677837400526316358e+00
-1.052750275027503069e+00 -4.676433027532562292e+00
-1.052145214521452488e+00 -4.675028807476206971e+00
-1.051540154015401907e+00 -4.673624740433907299e+00
-1.050935093509351326e+00 -4.672220826482309519e+00
-1.050330033003300745e+00 -4.670817065698066983e+00
-1.049724972497250164e+00 -4.669413458157829488e+00
-1.049119911991199583e+00 -4.668010003938247721e+00
-1.048514851485149002e+00 -4.666606703115976806e+00
-1.047909790979098421e+00 -4.665203555767662991e+00
-1.047304730473047840e+00 -4.663800561969959624e+00
-1.046699669966996815e+00 -4.662397721799516503e+00
-1.046094609460946234e+00 -4.660995035332986980e+00
-1.045489548954895653e+00 -4.659592502647021739e+00
-1.044884488448845072e+00 -4.658190123818269690e+00
-1.044279427942794491e+00 -4.656787898923385072e+00
-1.043674367436743911e+00 -4.655385828039015905e+00
-1.043069306930693330e+00 -4.653983911241816429e+00
-1.042464246424642749e+00 -4.652582148608435553e+00
-1.041859185918592168e+00 -4.651180540215523962e+00
-1.041254125412541587e+00 -4.649779086139735895e+00
-1.040649064906491006e+00 -4.648377786457718486e+00
-1.040044004400440425e+00 -4.646976641246125084e+00
-1.039438943894389844e+00 -4.645575650581608151e+00
-1.038833883388339263e+00 -4.644174814540816598e+00
-1.038228822882288682e+00 -4.642774133200401998e+00
-1.037623762376238101e+00 -4.641373606637015925e+00
-1.037018701870187520e+00 -4.639973234927307288e+00
-1.036413641364136939e+00 -4.638573018147931215e+00
-1.035808580858085914e+00 -4.637172956375534838e+00
-1.035203520352035333e+00 -4.635773049686772396e+00
-1.034598459845984753e+00 -4.634373298158294574e+00
-1.033993399339934172e+00 -4.632973701866751171e+00
-1.033388338833883591e+00 -4.631574260888793759e+00
-1.032783278327833010e+00 -4.630174975301073914e+00
-1.032178217821782429e+00 -4.628775845180242321e+00
-1.031573157315731848e+00 -4.627376870602949666e+00
-1.030968096809681267e+00 -4.625978051645848410e+00
-1.030363036303630686e+00 -4.624579388385588352e+00
-1.029757975797580105e+00 -4.623180880898822842e+00
-1.029152915291529524e+00 -4.621782529262199013e+00
-1.028547854785478943e+00 -4.620384333552371992e+00
-1.027942794279428362e+00 -4.618986293845988911e+00
-1.027337733773377781e+00 -4.617588410219704897e+00
-1.026732673267327201e+00 -4.616190682750169749e+00
-1.026127612761276620e+00 -4.614793111514035040e+00
-1.025522552255226039e+00 -4.613395696587948791e+00
-1.024917491749175458e+00 -4.611998438048565241e+00
-1.024312431243124433e+00 -4.610601335972535075e+00
-1.023707370737073852e+00 -4.609204390436509868e+00
-1.023102310231023271e+00 -4.607807601517137641e+00
-1.022497249724972690e+00 -4.606410969291075297e+00
-1.021892189218922109e+00 -4.605014493834968192e+00
-1.021287128712871528e+00 -4.603618175225470566e+00
-1.020682068206820947e+00 -4.602222013539232215e+00
-1.020077007700770366e+00 -4.600826008852904714e+00
-1.019471947194719785e+00 -4.599430161243138748e+00
-1.018866886688669204e+00 -4.598034470786586780e+00
-1.018261826182618623e+00 -4.596638937559900384e+00
-1.017656765676568043e+00 -4.595243561639727581e+00
-1.017051705170517462e+00 -4.593848343102721721e+00
-1.016446644664466881e+00 -4.592453282025533490e+00
-1.015841584158416300e+00 -4.591058378484814462e+00
-1.015236523652365719e+00 -4.589663632557215323e+00
-1.014631463146315138e+00 -4.588269044319387646e+00
-1.014026402640264557e+00 -4.586874613847981230e+00
-1.013421342134213532e+00 -4.585480341219647649e+00
-1.012816281628162951e+00 -4.584086226511038475e+00
-1.012211221122112370e+00 -4.582692269798807061e+00
-1.011606160616061789e+00 -4.581298471159600538e+00
-1.011001100110011208e+00 -4.579904830670073146e+00
-1.010396039603960627e+00 -4.578511348406873793e+00
-1.009790979097910046e+00 -4.577118024446653166e+00
-1.009185918591859465e+00 -4.575724858866066391e+00
-1.008580858085808885e+00 -4.574331851741760602e+00
-1.007975797579758304e+00 -4.572939003150388260e+00
-1.007370737073707723e+00 -4.571546313168601827e+00
-1.006765676567657142e+00 -4.570153781873050214e+00
-1.006160616061606561e+00 -4.568761409340384105e+00
-1.005555555555555980e+00 -4.567369195647257740e+00
-1.004950495049505399e+00 -4.565977140870320028e+00
-1.004345434543454818e+00 -4.564585245086222542e+00
-1.003740374037404237e+00 -4.563193508371616858e+00
-1.003135313531353656e+00 -4.561801930803151883e+00
-1.002530253025302631e+00 -4.560410512457480969e+00
-1.001925192519252050e+00 -4.559019253411255690e+00
-1.001320132013201469e+00 -4.557628153741125843e+00
-1.000715071507150888e+00 -4.556237213523743890e+00
-1.000110011001100307e+00 -4.554846432835759629e+00
-9.995049504950497266e-01 -4.553455811753824634e+00
-9.988998899889991456e-01 -4.552065350354588702e+00
-9.982948294829485647e-01 -4.550675048714705184e+00
-9.976897689768979838e-01 -4.549284906910825654e+00
-9.970847084708474029e-01 -4.547894925019598134e+00
-9.964796479647968219e-01 -4.546505103117675972e+00
-9.958745874587462410e-01 -4.545115441281709856e+00
-9.952695269526956601e-01 -4.543725939588351359e+00
-9.946644664466450791e-01 -4.542336598114250279e+00
-9.940594059405944982e-01 -4.540947416936059078e+00
-9.934543454345439173e-01 -4.539558396130428441e+00
-9.928492849284933364e-01 -4.538169535774008168e+00
-9.922442244224427554e-01 -4.536780835943452495e+00
-9.916391639163921745e-01 -4.535392296715410332e+00
-9.910341034103411495e-01 -4.534003918166531477e+00
-9.904290429042905686e-01 -4.532615700373471057e+00
-9.898239823982399876e-01 -4.531227643412876205e+00
-9.892189218921894067e-01 -4.529839747361402047e+00
-9.886138613861388258e-01 -4.528452012295694828e+00
-9.880088008800882449e-01 -4.527064438292408788e+00
-9.874037403740376639e-01 -4.525677025428195499e+00
-9.867986798679870830e-01 -4.524289773779704760e+00
-9.861936193619365021e-01 -4.522902683423588144e+00
-9.855885588558859212e-01 -4.521515754436496337e+00
-9.849834983498353402e-01 -4.520128986895082690e+00
-9.843784378437847593e-01 -4.518742380875993447e+00
-9.837733773377341784e-01 -4.517355936455885512e+00
-9.831683168316835975e-01 -4.515969653711405130e+00
-9.825632563256330165e-01 -4.514583532719205650e+00
-9.819581958195824356e-01 -4.513197573555938646e+00
-9.813531353135318547e-01 -4.511811776298254806e+00
-9.807480748074812738e-01 -4.510426141022805702e+00
-9.801430143014302487e-01 -4.509040667806240243e+00
-9.795379537953796678e-01 -4.507655356725211782e+00
-9.789328932893290869e-01 -4.506270207856371002e+00
-9.783278327832785060e-01 -4.504885221276370366e+00
-9.777227722772279250e-01 -4.503500397061857896e+00
-9.771177117711773441e-01 -4.502115735289487830e+00
-9.765126512651267632e-01 -4.500731236035908189e+00
-9.759075907590761823e-01 -4.499346899377773212e+00
-9.753025302530256013e-01 -4.497962725391731809e+00
-9.746974697469750204e-01 -4.496578714154435552e+00
-9.740924092409244395e-01 -4.495194865742536017e+00
-9.734873487348738585e-01 -4.493811180232684777e+00
-9.728822882288232776e-01 -4.492427657701531629e+00
-9.722772277227726967e-01 -4.491044298225729037e+00
-9.716721672167221158e-01 -4.489661101881927685e+00
-9.710671067106715348e-01 -4.488278068746776484e+00
-9.704620462046209539e-01 -4.486895198896931447e+00
-9.698569856985703730e-01 -4.485512492409039709e+00
-9.692519251925197921e-01 -4.484129949359752842e+00
-9.686468646864687670e-01 -4.482747569825723311e+00
-9.680418041804181861e-01 -4.481365353883601799e+00
-9.674367436743676052e-01 -4.479983301610038993e+00
-9.668316831683170243e-01 -4.478601413081685578e+00
-9.662266226622664433e-01 -4.477219688375195794e+00
-9.656215621562158624e-01 -4.475838127567215885e+00
-9.650165016501652815e-01 -4.474456730734400978e+00
-9.644114411441147006e-01 -4.473075497953399093e+00
-9.638063806380641196e-01 -4.471694429300865359e+00
-9.632013201320135387e-01 -4.470313524853446907e+00
-9.625962596259629578e-01 -4.468932784687795312e+00
-9.619911991199123769e-01 -4.467552208880564812e+00
-9.613861386138617959e-01 -4.466171797508405206e+00
-9.607810781078112150e-01 -4.464791550647964513e+00
-9.601760176017606341e-01 -4.463411468375897861e+00
-9.595709570957100532e-01 -4.462031550768855048e+00
-9.589658965896594722e-01 -4.460651797903485871e+00
-9.583608360836088913e-01 -4.459272209856442792e+00
-9.577557755775578663e-01 -4.457892786704375609e+00
-9.571507150715072854e-01 -4.456513528523939449e+00
-9.565456545654567044e-01 -4.455134435391780556e+00
-9.559405940594061235e-01 -4.453755507384552281e+00
-9.553355335533555426e-01 -4.452376744578906198e+00
-9.547304730473049617e-01 -4.450998147051492104e+00
-9.541254125412543807e-01 -4.449619714878961574e+00
-9.535203520352037998e-01 -4.448241448137966181e+00
-9.529152915291532189e-01 -4.446863346905159275e+00
-9.523102310231026379e-01 -4.445485411257185326e+00
-9.517051705170520570e-01 -4.444107641270702125e+00
-9.511001100110014761e-01 -4.442730037022357692e+00
-9.504950495049508952e-01 -4.441352598588803602e+00
-9.498899889989003142e-01 -4.439975326046692317e+00
-9.492849284928497333e-01 -4.438598219472672746e+00
-9.486798679867991524e-01 -4.437221278943397351e+00
-9.480748074807485715e-01 -4.435844504535516819e+00
-9.474697469746979905e-01 -4.434467896325682723e+00
-9.468646864686474096e-01 -4.433091454390545749e+00
-9.462596259625963846e-01 -4.431715178806755695e+00
-9.456545654565458037e-01 -4.430339069650966799e+00
-9.450495049504952227e-01 -4.428963126999828859e+00
-9.444444444444446418e-01 -4.427587350929991672e+00
-9.438393839383940609e-01 -4.426211741518108589e+00
-9.432343234323434800e-01 -4.424836298840828519e+00
-9.426292629262928990e-01 -4.423461022974804813e+00
-9.420242024202423181e-01 -4.422085913996686379e+00
-9.414191419141917372e-01 -4.420710971983125681e+00
-9.408140814081411563e-01 -4.419336197010773404e+00
-9.402090209020905753e-01 -4.417961589156282010e+00
-9.396039603960399944e-01 -4.416587148496299520e+00
-9.389988998899894135e-01 -4.415212875107480173e+00
-9.383938393839388326e-01 -4.413838769066473766e+00
-9.377887788778882516e-01 -4.412464830449930986e+00
-9.371837183718376707e-01 -4.411091059334504294e+00
-9.365786578657870898e-01 -4.409717455796843488e+00
-9.359735973597365088e-01 -4.408344019913601031e+00
-9.353685368536854838e-01 -4.406970751761424943e+00
-9.347634763476349029e-01 -4.405597651416970351e+00
-9.341584158415843220e-01 -4.404224718956887052e+00
-9.335533553355337411e-01 -4.402851954457825734e+00
-9.329482948294831601e-01 -4.401479357996437081e+00
-9.323432343234325792e-01 -4.400106929649373555e+00
-9.317381738173819983e-01 -4.398734669493284954e+00
-9.311331133113314173e-01 -4.397362577604823741e+00
-9.305280528052808364e-01 -4.395990654060638825e+00
-9.299229922992302555e-01 -4.394618898937383555e+00
-9.293179317931796746e-01 -4.393247312311708619e+00
-9.287128712871290936e-01 -4.391875894260263813e+00
-9.281078107810785127e-01 -4.390504644859702488e+00
-9.275027502750279318e-01 -4.389133564186673553e+00
-9.268976897689773509e-01 -4.387762652317828582e+00
-9.262926292629267699e-01 -4.386391909329820926e+00
-9.256875687568761890e-01 -4.385021335299298606e+00
-9.250825082508256081e-01 -4.383650930302914972e+00
-9.244774477447750272e-01 -4.382280694417319822e+00
-9.238723872387240021e-01 -4.380910627719164729e+00
-9.232673267326734212e-01 -4.379540730285100381e+00
-9.226622662266228403e-01 -4.378171002191779237e+00
-9.220572057205722594e-01 -4.376801443515851986e+00
-9.214521452145216784e-01 -4.375432054333969312e+00
-9.208470847084710975e-01 -4.374062834722781901e+00
-9.202420242024205166e-01 -4.372693784758940438e+00
-9.196369636963699357e-01 -4.371324904519098276e+00
-9.190319031903193547e-01 -4.369956194079904321e+00
-9.184268426842687738e-01 -4.368587653518011038e+00
-9.178217821782181929e-01 -4.367219282910070000e+00
-9.172167216721676120e-01 -4.365851082332731004e+00
-9.166116611661170310e-01 -4.364483051862644736e+00
-9.160066006600664501e-01 -4.363115191576463658e+00
-9.154015401540158692e-01 -4.361747501550839345e+00
-9.147964796479652883e-01 -4.360379981862421594e+00
-9.141914191419147073e-01 -4.359012632587861091e+00
-9.135863586358641264e-01 -4.357645453803811186e+00
-9.129812981298131014e-01 -4.356278445586920789e+00
-9.123762376237625205e-01 -4.354911608013841473e+00
-9.117711771177119395e-01 -4.353544941161224813e+00
-9.111661166116613586e-01 -4.352178445105724158e+00
-9.105610561056107777e-01 -4.350812119923986643e+00
-9.099559955995601968e-01 -4.349445965692664728e+00
-9.093509350935096158e-01 -4.348079982488411765e+00
-9.087458745874590349e-01 -4.346714170387875775e+00
-9.081408140814084540e-01 -4.345348529467709220e+00
-9.075357535753578730e-01 -4.343983059804563673e+00
-9.069306930693072921e-01 -4.342617761475088933e+00
-9.063256325632567112e-01 -4.341252634555938350e+00
-9.057205720572061303e-01 -4.339887679123760833e+00
-9.051155115511555493e-01 -4.338522895255207956e+00
-9.045104510451049684e-01 -4.337158283026932182e+00
-9.039053905390543875e-01 -4.335793842515583307e+00
-9.033003300330038066e-01 -4.334429573797812907e+00
-9.026952695269532256e-01 -4.333065476950271666e+00
-9.020902090209022006e-01 -4.331701552049611159e+00
-9.014851485148516197e-01 -4.330337799172482960e+00
-9.008800880088010388e-01 -4.328974218395536866e+00
-9.002750275027504578e-01 -4.327610809795426228e+00
-8.996699669966998769e-01 -4.326247573468862129e+00
-8.990649064906492960e-01 -4.324884509888619277e+00
-8.984598459845987151e-01 -4.323521619861465659e+00
-8.978547854785481341e-01 -4.322158904205775087e+00
-8.972497249724975532e-01 -4.320796363739922263e+00
-8.966446644664469723e-01 -4.319433999282282777e+00
-8.960396039603963914e-01 -4.318071811651230441e+00
-8.954345434543458104e-01 -4.316709801665142621e+00
-8.948294829482952295e-01 -4.315347970142392242e+00
-8.942244224422446486e-01 -4.313986317901354894e+00
-8.936193619361940677e-01 -4.312624845760406167e+00
-8.930143014301434867e-01 -4.311263554537918985e+00
-8.924092409240929058e-01 -4.309902445052270714e+00
-8.918041804180423249e-01 -4.308541518121836056e+00
-8.911991199119917439e-01 -4.307180774564989711e+00
-8.905940594059407189e-01 -4.305820215200105494e+00
-8.899889988998901380e-01 -4.304459840845559881e+00
-8.893839383938395571e-01 -4.303099652319727575e+00
-8.887788778877889762e-01 -4.301739650440983276e+00
-8.881738173817383952e-01 -4.300379836027702574e+00
-8.875687568756878143e-01 -4.299020209898259282e+00
-8.869636963696372334e-01 -4.297660772871029877e+00
-8.863586358635866524e-01 -4.296301525764388174e+00
-8.857535753575360715e-01 -4.294942469396710649e+00
-8.851485148514854906e-01 -4.293583604586372005e+00
-8.845434543454349097e-01 -4.292224932151745165e+00
-8.839383938393843287e-01 -4.290866452911207496e+00
-8.833333333333337478e-01 -4.289508167683132811e+00
-8.827282728272831669e-01 -4.288150077285895811e+00
-8.821232123212325860e-01 -4.286792182537872975e+00
-8.815181518151820050e-01 -4.285434484257438115e+00
-8.809130913091314241e-01 -4.284076983262965932e+00
-8.803080308030808432e-01 -4.282719680372833793e+00
-8.797029702970298182e-01 -4.281362576405411957e+00
-8.790979097909792372e-01 -4.280005672179081344e+00
-8.784928492849286563e-01 -4.278648968512214879e+00
-8.778877887788780754e-01 -4.277292466223185485e+00
-8.772827282728274945e-01 -4.275936166130369642e+00
-8.766776677667769135e-01 -4.274580069052141162e+00
-8.760726072607263326e-01 -4.273224175806878300e+00
-8.754675467546757517e-01 -4.271868487212953092e+00
-8.748624862486251708e-01 -4.270513004088741127e+00
-8.742574257425745898e-01 -4.269157727252616219e+00
-8.736523652365240089e-01 -4.267802657522957510e+00
-8.730473047304734280e-01 -4.266447795718136149e+00
-8.724422442244228471e-01 -4.265093142656526837e+00
-8.718371837183722661e-01 -4.263738699156508716e+00
-8.712321232123216852e-01 -4.262384466036452935e+00
-8.706270627062711043e-01 -4.261030444114735083e+00
-8.700220022002205233e-01 -4.259676634209731638e+00
-8.694169416941699424e-01 -4.258323037139817302e+00
-8.688118811881193615e-01 -4.256969653723365887e+00
-8.682068206820683365e-01 -4.255616484778752096e+00
-8.676017601760177556e-01 -4.254263531124353293e+00
-8.669966996699671746e-01 -4.252910793578541515e+00
-8.663916391639165937e-01 -4.251558272959694129e+00
-8.657865786578660128e-01 -4.250205970086187612e+00
-8.651815181518154318e-01 -4.248853885776392225e+00
-8.645764576457648509e-01 -4.247502020848686222e+00
-8.639713971397142700e-01 -4.246150376121444303e+00
-8.633663366336636891e-01 -4.244798952413041171e+00
-8.627612761276131081e-01 -4.243447750541851526e+00
-8.621562156215625272e-01 -4.242096771326250071e+00
-8.615511551155119463e-01 -4.240746015584615058e+00
-8.609460946094613654e-01 -4.239395484135316750e+00
-8.603410341034107844e-01 -4.238045177796732510e+00
-8.597359735973602035e-01 -4.236695097387235265e+00
-8.591309130913096226e-01 -4.235345243725203268e+00
-8.585258525852590417e-01 -4.233995617629010333e+00
-8.579207920792084607e-01 -4.232646219917032049e+00
-8.573157315731574357e-01 -4.231297051407640453e+00
-8.567106710671068548e-01 -4.229948112919213798e+00
-8.561056105610562739e-01 -4.228599405270126788e+00
-8.555005500550056929e-01 -4.227250929278752345e+00
-8.548954895489551120e-01 -4.225902685763466948e+00
-8.542904290429045311e-01 -4.224554675542646187e+00
-8.536853685368539502e-01 -4.223206899434663875e+00
-8.530803080308033692e-01 -4.221859358257896488e+00
-8.524752475247527883e-01 -4.220512052830717842e+00
-8.518701870187022074e-01 -4.219164983971502636e+00
-8.512651265126516265e-01 -4.217818152498625572e+00
-8.506600660066010455e-01 -4.216471559230464905e+00
-8.500550055005504646e-01 -4.215125204985390894e+00
-8.494499449944998837e-01 -4.213779090581781794e+00
-8.488448844884493028e-01 -4.212433216838011418e+00
-8.482398239823987218e-01 -4.211087584572456244e+00
-8.476347634763481409e-01 -4.209742194603488308e+00
-8.470297029702975600e-01 -4.208397047749486752e+00
-8.464246424642469790e-01 -4.207052144828821838e+00
-8.458195819581959540e-01 -4.205707486659871819e+00
-8.452145214521453731e-01 -4.204363074061010508e+00
-8.446094609460947922e-01 -4.203018907850615271e+00
-8.440044004400442113e-01 -4.201674988847056369e+00
-8.433993399339936303e-01 -4.200331317868713832e+00
-8.427942794279430494e-01 -4.198987895733959697e+00
-8.421892189218924685e-01 -4.197644723261170441e+00
-8.415841584158418875e-01 -4.196301801268719878e+00
-8.409790979097913066e-01 -4.194959130574982709e+00
-8.403740374037407257e-01 -4.193616711998335411e+00
-8.397689768976901448e-01 -4.192274546357152687e+00
-8.391639163916395638e-01 -4.190932634469808349e+00
-8.385588558855889829e-01 -4.189590977154678875e+00
-8.379537953795384020e-01 -4.188249575230138078e+00
-8.373487348734878211e-01 -4.186908429514563323e+00
-8.367436743674372401e-01 -4.185567540826325761e+00
-8.361386138613866592e-01 -4.184226909983801868e+00
-8.355335533553360783e-01 -4.182886537805369009e+00
-8.349284928492850533e-01 -4.181546425109400111e+00
-8.343234323432344723e-01 -4.180206572714269875e+00
-8.337183718371838914e-01 -4.178866981438354777e+00
-8.331133113311333105e-01 -4.177527652100029520e+00
-8.325082508250827296e-01 -4.176188585517667029e+00
-8.319031903190321486e-01 -4.174849782509645557e+00
-8.312981298129815677e-01 -4.173511243894338030e+00
-8.306930693069309868e-01 -4.172172970490119148e+00
-8.300880088008804059e-01 -4.170834963115366278e+00
-8.294829482948298249e-01 -4.169497222588451457e+00
-8.288778877887792440e-01 -4.168159749727750274e+00
-8.282728272827286631e-01 -4.166822545351640095e+00
-8.276677667766780822e-01 -4.165485610278493844e+00
-8.270627062706275012e-01 -4.164148945326687112e+00
-8.264576457645769203e-01 -4.162812551314596377e+00
-8.258525852585263394e-01 -4.161476429060592785e+00
-8.252475247524757584e-01 -4.160140579383055481e+00
-8.246424642464251775e-01 -4.158805003100356501e+00
-8.240374037403745966e-01 -4.157469701030872322e+00
-8.234323432343235716e-01 -4.156134673992976758e+00
-8.228272827282729907e-01 -4.154799922805048062e+00
-8.222222222222224097e-01 -4.153465448285457384e+00
-8.216171617161718288e-01 -4.152131251252582089e+00
-8.210121012101212479e-01 -4.150797332524795102e+00
-8.204070407040706669e-01 -4.149463692920473790e+00
-8.198019801980200860e-01 -4.148130333257991964e+00
-8.191969196919695051e-01 -4.146797254355725215e+00
-8.185918591859189242e-01 -4.145464457032048244e+00
-8.179867986798683432e-01 -4.144131942105335753e+00
-8.173817381738177623e-01 -4.142799710393961554e+00
-8.167766776677671814e-01 -4.141467762716302126e+00
-8.161716171617166005e-01 -4.140136099890733945e+00
-8.155665566556660195e-01 -4.138804722735630826e+00
-8.149614961496154386e-01 -4.137473632069365692e+00
-8.143564356435648577e-01 -4.136142828710316799e+00
-8.137513751375142768e-01 -4.134812313476857071e+00
-8.131463146314636958e-01 -4.133482087187361209e+00
-8.125412541254126708e-01 -4.132152150660206580e+00
-8.119361936193620899e-01 -4.130822504713765220e+00
-8.113311331133115090e-01 -4.129493150166414495e+00
-8.107260726072609280e-01 -4.128164087836529106e+00
-8.101210121012103471e-01 -4.126835318542482867e+00
-8.095159515951597662e-01 -4.125506843102653143e+00
-8.089108910891091853e-01 -4.124178662335410195e+00
-8.083058305830586043e-01 -4.122850777059134053e+00
-8.077007700770080234e-01 -4.121523188092198531e+00
-8.070957095709574425e-01 -4.120195896252975665e+00
-8.064906490649068616e-01 -4.118868902359845485e+00
-8.058855885588562806e-01 -4.117542207231177365e+00
-8.052805280528056997e-01 -4.116215811685352222e+00
-8.046754675467551188e-01 -4.114889716540738540e+00
-8.040704070407045378e-01 -4.113563922615718127e+00
-8.034653465346539569e-01 -4.112238430728660354e+00
-8.028602860286033760e-01 -4.110913241697943477e+00
-8.022552255225527951e-01 -4.109588356341941306e+00
-8.016501650165022141e-01 -4.108263775479030322e+00
-8.010451045104511891e-01 -4.106939499927581672e+00
-8.004400440044006082e-01 -4.105615530505974498e+00
-7.998349834983500273e-01 -4.104291868032582613e+00
-7.992299229922994463e-01 -4.102968513325780719e+00
-7.986248624862488654e-01 -4.101645467203945294e+00
-7.980198019801982845e-01 -4.100322730485448375e+00
-7.974147414741477036e-01 -4.099000303988666438e+00
-7.968096809680971226e-01 -4.097678188531974186e+00
-7.962046204620465417e-01 -4.096356384933748096e+00
-7.955995599559959608e-01 -4.095034894012362869e+00
-7.949944994499453799e-01 -4.093713716586191431e+00
-7.943894389438947989e-01 -4.092392853473611147e+00
-7.937843784378442180e-01 -4.091072305492994943e+00
-7.931793179317936371e-01 -4.089752073462720183e+00
-7.925742574257430562e-01 -4.088432158201158906e+00
-7.919691969196924752e-01 -4.087112560526689364e+00
-7.913641364136418943e-01 -4.085793281257685372e+00
-7.907590759075913134e-01 -4.084474321212520742e+00
-7.901540154015402884e-01 -4.083155681209569288e+00
-7.895489548954897074e-01 -4.081837362067211039e+00
-7.889438943894391265e-01 -4.080519364603817145e+00
-7.883388338833885456e-01 -4.079201689637764083e+00
-7.877337733773379647e-01 -4.077884337987424779e+00
-7.871287128712873837e-01 -4.076567310471177485e+00
-7.865236523652368028e-01 -4.075250607907395128e+00
-7.859185918591862219e-01 -4.073934231114453297e+00
-7.853135313531356410e-01 -4.072618180910726693e+00
-7.847084708470850600e-01 -4.071302458114590017e+00
-7.841034103410344791e-01 -4.069987063544418859e+00
-7.834983498349838982e-01 -4.068671998018587921e+00
-7.828932893289333173e-01 -4.067357262355472791e+00
-7.822882288228827363e-01 -4.066042857373447283e+00
-7.816831683168321554e-01 -4.064728783890887875e+00
-7.810781078107815745e-01 -4.063415042726169268e+00
-7.804730473047309935e-01 -4.062101634697665276e+00
-7.798679867986804126e-01 -4.060788560623753263e+00
-7.792629262926293876e-01 -4.059475821322804379e+00
-7.786578657865788067e-01 -4.058163417613196877e+00
-7.780528052805282258e-01 -4.056851350313304572e+00
-7.774477447744776448e-01 -4.055539620241503940e+00
-7.768426842684270639e-01 -4.054228228216167906e+00
-7.762376237623764830e-01 -4.052917175055672949e+00
-7.756325632563259020e-01 -4.051606461578395546e+00
-7.750275027502753211e-01 -4.050296088602704181e+00
-7.744224422442247402e-01 -4.048986056946981549e+00
-7.738173817381741593e-01 -4.047676367429598798e+00
-7.732123212321235783e-01 -4.046367020868931519e+00
-7.726072607260729974e-01 -4.045058018083355300e+00
-7.720022002200224165e-01 -4.043749359891243955e+00
-7.713971397139718356e-01 -4.042441047110973962e+00
-7.707920792079212546e-01 -4.041133080560919133e+00
-7.701870187018706737e-01 -4.039825461059455947e+00
-7.695819581958200928e-01 -4.038518189424957328e+00
-7.689768976897695119e-01 -4.037211266475798865e+00
-7.683718371837189309e-01 -4.035904693030357038e+00
-7.677667766776679059e-01 -4.034598469907005658e+00
-7.671617161716173250e-01 -4.033292597924120315e+00
-7.665566556655667441e-01 -4.031987077900074823e+00
-7.659515951595161631e-01 -4.030681910653247435e+00
-7.653465346534655822e-01 -4.029377097002008412e+00
-7.647414741474150013e-01 -4.028072637764735120e+00
-7.641364136413644204e-01 -4.026768533759803148e+00
-7.635313531353138394e-01 -4.025464785805588086e+00
-7.629262926292632585e-01 -4.024161394720463747e+00
-7.623212321232126776e-01 -4.022858361322803944e+00
-7.617161716171620967e-01 -4.021555686430986931e+00
-7.611111111111115157e-01 -4.020253370863383857e+00
-7.605060506050609348e-01 -4.018951415438372088e+00
-7.599009900990103539e-01 -4.017649820974325436e+00
-7.592959295929597729e-01 -4.016348588289622157e+00
-7.586908690869091920e-01 -4.015047718202631621e+00
-7.580858085808586111e-01 -4.013747211531734749e+00
-7.574807480748080302e-01 -4.012447069095302687e+00
-7.568756875687570052e-01 -4.011147291711711027e+00
-7.562706270627064242e-01 -4.009847880199335357e+00
-7.556655665566558433e-01 -4.008548835376551267e+00
-7.550605060506052624e-01 -4.007250158061732570e+00
-7.544554455445546814e-01 -4.005951849073254856e+00
-7.538503850385041005e-01 -4.004653909229494602e+00
-7.532453245324535196e-01 -4.003356339348824733e+00
-7.526402640264029387e-01 -4.002059140249619951e+00
-7.520352035203523577e-01 -4.000762312750257621e+00
-7.514301430143017768e-01 -3.999465857669110669e+00
-7.508250825082511959e-01 -3.998169775824554240e+00
-7.502200220022006150e-01 -3.996874068034963479e+00
-7.496149614961500340e-01 -3.995578735118715752e+00
-7.490099009900994531e-01 -3.994283777894182652e+00
-7.484048404840488722e-01 -3.992989197179741101e+00
-7.477997799779982913e-01 -3.991694993793765356e+00
-7.471947194719477103e-01 -3.990401168554631894e+00
-7.465896589658971294e-01 -3.989107722280712753e+00
-7.459845984598465485e-01 -3.987814655790386631e+00
-7.453795379537955235e-01 -3.986521969902024676e+00
-7.447744774477449425e-01 -3.985229665434005142e+00
-7.441694169416943616e-01 -3.983937743204702286e+00
-7.435643564356437807e-01 -3.982646204032489923e+00
-7.429592959295931998e-01 -3.981355048735743196e+00
-7.423542354235426188e-01 -3.980064278132838584e+00
-7.417491749174920379e-01 -3.978773893042149901e+00
-7.411441144114414570e-01 -3.977483894282053623e+00
-7.405390539053908761e-01 -3.976194282670922231e+00
-7.399339933993402951e-01 -3.974905059027133092e+00
-7.393289328932897142e-01 -3.973616224169060018e+00
-7.387238723872391333e-01 -3.972327778915077712e+00
-7.381188118811885523e-01 -3.971039724083561762e+00
-7.375137513751379714e-01 -3.969752060492887757e+00
-7.369086908690873905e-01 -3.968464788961429957e+00
-7.363036303630368096e-01 -3.967177910307563060e+00
-7.356985698569862286e-01 -3.965891425349662658e+00
-7.350935093509356477e-01 -3.964605334906104783e+00
-7.344884488448846227e-01 -3.963319639795261917e+00
-7.338833883388340418e-01 -3.962034340835510537e+00
-7.332783278327834608e-01 -3.960749438845225789e+00
-7.326732673267328799e-01 -3.959464934642782374e+00
-7.320682068206822990e-01 -3.958180829046555438e+00
-7.314631463146317181e-01 -3.956897122874920569e+00
-7.308580858085811371e-01 -3.955613816946252026e+00
-7.302530253025305562e-01 -3.954330912078925842e+00
-7.296479647964799753e-01 -3.953048409091314497e+00
-7.290429042904293944e-01 -3.951766308801795358e+00
-7.284378437843788134e-01 -3.950484612028743125e+00
-7.278327832783282325e-01 -3.949203319590531169e+00
-7.272277227722776516e-01 -3.947922432305537299e+00
-7.266226622662270707e-01 -3.946641950992134440e+00
-7.260176017601764897e-01 -3.945361876468698625e+00
-7.254125412541259088e-01 -3.944082209553603224e+00
-7.248074807480753279e-01 -3.942802951065226047e+00
-7.242024202420247470e-01 -3.941524101821939574e+00
-7.235973597359741660e-01 -3.940245662642118951e+00
-7.229922992299231410e-01 -3.938967634344140656e+00
-7.223872387238725601e-01 -3.937690017746378057e+00
-7.217821782178219792e-01 -3.936412813667208077e+00
-7.211771177117713982e-01 -3.935136022925004973e+00
-7.205720572057208173e-01 -3.933859646338144334e+00
-7.199669966996702364e-01 -3.932583684724998641e+00
-7.193619361936196555e-01 -3.931308138903946148e+00
-7.187568756875690745e-01 -3.930033009693359780e+00
-7.181518151815184936e-01 -3.928758297911614683e+00
-7.175467546754679127e-01 -3.927484004377087778e+00
-7.169416941694173318e-01 -3.926210129908151547e+00
-7.163366336633667508e-01 -3.924936675323182467e+00
-7.157315731573161699e-01 -3.923663641440555239e+00
-7.151265126512655890e-01 -3.922391029078644564e+00
-7.145214521452150080e-01 -3.921118839055825145e+00
-7.139163916391644271e-01 -3.919847072190473458e+00
-7.133113311331138462e-01 -3.918575729300963317e+00
-7.127062706270632653e-01 -3.917304811205669868e+00
-7.121012101210122403e-01 -3.916034318722967811e+00
-7.114961496149616593e-01 -3.914764252671233180e+00
-7.108910891089110784e-01 -3.913494613868840677e+00
-7.102860286028604975e-01 -3.912225403134164559e+00
-7.096809680968099165e-01 -3.910956621285580859e+00
-7.090759075907593356e-01 -3.909688269141465167e+00
-7.084708470847087547e-01 -3.908420347520189964e+00
-7.078657865786581738e-01 -3.907152857240131283e+00
-7.072607260726075928e-01 -3.905885799119666046e+00
-7.066556655665570119e-01 -3.904619173977166735e+00
-7.060506050605064310e-01 -3.903352982631010271e+00
-7.054455445544558501e-01 -3.902087225899570910e+00
-7.048404840484052691e-01 -3.900821904601222911e+00
-7.042354235423546882e-01 -3.899557019554341419e+00
-7.036303630363041073e-01 -3.898292571577302912e+00
-7.030253025302535264e-01 -3.897028561488481202e+00
-7.024202420242029454e-01 -3.895764990106250991e+00
-7.018151815181523645e-01 -3.894501858248988757e+00
-7.012101210121017836e-01 -3.893239166735068313e+00
-7.006050605060507586e-01 -3.891976916382863916e+00
-7.000000000000001776e-01 -3.890715108010752044e+00
-6.993949394939495967e-01 -3.889453742437109174e+00
-6.987898789878990158e-01 -3.888192820480306455e+00
-6.981848184818484349e-01 -3.886932342958722142e+00
-6.975797579757978539e-01 -3.885672310690730047e+00
-6.969746974697472730e-01 -3.884412724494703539e+00
-6.963696369636966921e-01 -3.883153585189019985e+00
-6.957645764576461112e-01 -3.881894893592054974e+00
-6.951595159515955302e-01 -3.880636650522180986e+00
-6.945544554455449493e-01 -3.879378856797774056e+00
-6.939493949394943684e-01 -3.878121513237210216e+00
-6.933443344334437874e-01 -3.876864620658863281e+00
-6.927392739273932065e-01 -3.875608179881108395e+00
-6.921342134213426256e-01 -3.874352191722321148e+00
-6.915291529152920447e-01 -3.873096657000876686e+00
-6.909240924092414637e-01 -3.871841576535147933e+00
-6.903190319031908828e-01 -3.870586951143511811e+00
-6.897139713971398578e-01 -3.869332781644343466e+00
-6.891089108910892769e-01 -3.868079068856017155e+00
-6.885038503850386959e-01 -3.866825813596908912e+00
-6.878987898789881150e-01 -3.865573016685392993e+00
-6.872937293729375341e-01 -3.864320678939844100e+00
-6.866886688668869532e-01 -3.863068801178639156e+00
-6.860836083608363722e-01 -3.861817384220149751e+00
-6.854785478547857913e-01 -3.860566428882752810e+00
-6.848734873487352104e-01 -3.859315935984824364e+00
-6.842684268426846295e-01 -3.858065906344737783e+00
-6.836633663366340485e-01 -3.856816340780868657e+00
-6.830583058305834676e-01 -3.855567240111591243e+00
-6.824532453245328867e-01 -3.854318605155283350e+00
-6.818481848184823058e-01 -3.853070436730316128e+00
-6.812431243124317248e-01 -3.851822735655067387e+00
-6.806380638063811439e-01 -3.850575502747910051e+00
-6.800330033003305630e-01 -3.849328738827221486e+00
-6.794279427942799821e-01 -3.848082444711375061e+00
-6.788228822882294011e-01 -3.846836621218747254e+00
-6.782178217821783761e-01 -3.845591269167709214e+00
-6.776127612761277952e-01 -3.844346389376640527e+00
-6.770077007700772143e-01 -3.843101982663914562e+00
-6.764026402640266333e-01 -3.841858049847906020e+00
-6.757975797579760524e-01 -3.840614591746990047e+00
-6.751925192519254715e-01 -3.839371609179541345e+00
-6.745874587458748906e-01 -3.838129102963935502e+00
-6.739823982398243096e-01 -3.836887073918548552e+00
-6.733773377337737287e-01 -3.835645522861753864e+00
-6.727722772277231478e-01 -3.834404450611924808e+00
-6.721672167216725668e-01 -3.833163857987440526e+00
-6.715621562156219859e-01 -3.831923745806673942e+00
-6.709570957095714050e-01 -3.830684114887999758e+00
-6.703520352035208241e-01 -3.829444966049792232e+00
-6.697469746974702431e-01 -3.828206300110429172e+00
-6.691419141914196622e-01 -3.826968117888283061e+00
-6.685368536853690813e-01 -3.825730420201729043e+00
-6.679317931793185004e-01 -3.824493207869144040e+00
-6.673267326732674753e-01 -3.823256481708900978e+00
-6.667216721672168944e-01 -3.822020242539375445e+00
-6.661166116611663135e-01 -3.820784491178943032e+00
-6.655115511551157326e-01 -3.819549228445978883e+00
-6.649064906490651516e-01 -3.818314455158858589e+00
-6.643014301430145707e-01 -3.817080172135954630e+00
-6.636963696369639898e-01 -3.815846380195643928e+00
-6.630913091309134089e-01 -3.814613080156301184e+00
-6.624862486248628279e-01 -3.813380272836301987e+00
-6.618811881188122470e-01 -3.812147959054019708e+00
-6.612761276127616661e-01 -3.810916139627829935e+00
-6.606710671067110852e-01 -3.809684815376108702e+00
-6.600660066006605042e-01 -3.808453987117231598e+00
-6.594609460946099233e-01 -3.807223655669571105e+00
-6.588558855885593424e-01 -3.805993821851504144e+00
-6.582508250825087615e-01 -3.804764486481404973e+00
-6.576457645764581805e-01 -3.803535650377649624e+00
-6.570407040704075996e-01 -3.802307314358610579e+00
-6.564356435643565746e-01 -3.801079479242665204e+00
-6.558305830583059937e-01 -3.799852145848188201e+00
-6.552255225522554127e-01 -3.798625314993553825e+00
-6.546204620462048318e-01 -3.797398987497139000e+00
-6.540154015401542509e-01 -3.796173164177314874e+00
-6.534103410341036700e-01 -3.794947845852460144e+00
-6.528052805280530890e-01 -3.793723033340949957e+00
-6.522002200220025081e-01 -3.792498727461155905e+00
-6.515951595159519272e-01 -3.791274929031455354e+00
-6.509900990099013462e-01 -3.790051638870223005e+00
-6.503850385038507653e-01 -3.788828857795834448e+00
-6.497799779978001844e-01 -3.787606586626662608e+00
-6.491749174917496035e-01 -3.786384826181085295e+00
-6.485698569856990225e-01 -3.785163577277476321e+00
-6.479647964796484416e-01 -3.783942840734209945e+00
-6.473597359735978607e-01 -3.782722617369661755e+00
-6.467546754675472798e-01 -3.781502908002207342e+00
-6.461496149614966988e-01 -3.780283713450220962e+00
-6.455445544554461179e-01 -3.779065034532076872e+00
-6.449394939493950929e-01 -3.777846872066151551e+00
-6.443344334433445120e-01 -3.776629226870819256e+00
-6.437293729372939310e-01 -3.775412099764456020e+00
-6.431243124312433501e-01 -3.774195491565435656e+00
-6.425192519251927692e-01 -3.772979403092134199e+00
-6.419141914191421883e-01 -3.771763835162925460e+00
-6.413091309130916073e-01 -3.770548788596185474e+00
-6.407040704070410264e-01 -3.769334264210288499e+00
-6.400990099009904455e-01 -3.768120262823610567e+00
-6.394939493949398646e-01 -3.766906785254525047e+00
-6.388888888888892836e-01 -3.765693832321408863e+00
-6.382838283828387027e-01 -3.764481404842635381e+00
-6.376787678767881218e-01 -3.763269503636580637e+00
-6.370737073707375409e-01 -3.762058129521618888e+00
-6.364686468646869599e-01 -3.760847283316126166e+00
-6.358635863586363790e-01 -3.759636965838477174e+00
-6.352585258525857981e-01 -3.758427177907045724e+00
-6.346534653465352172e-01 -3.757217920340208295e+00
-6.340484048404841921e-01 -3.756009193956338699e+00
-6.334433443344336112e-01 -3.754800999573813858e+00
-6.328382838283830303e-01 -3.753593338011006253e+00
-6.322332233223324494e-01 -3.752386210086291918e+00
-6.316281628162818684e-01 -3.751179616618047774e+00
-6.310231023102312875e-01 -3.749973558424646303e+00
-6.304180418041807066e-01 -3.748768036324463537e+00
-6.298129812981301257e-01 -3.747563051135875067e+00
-6.292079207920795447e-01 -3.746358603677254262e+00
-6.286028602860289638e-01 -3.745154694766977599e+00
-6.279977997799783829e-01 -3.743951325223418891e+00
-6.273927392739278019e-01 -3.742748495864954617e+00
-6.267876787678772210e-01 -3.741546207509957700e+00
-6.261826182618266401e-01 -3.740344460976805951e+00
-6.255775577557760592e-01 -3.739143257083872296e+00
-6.249724972497254782e-01 -3.737942596649531435e+00
-6.243674367436748973e-01 -3.736742480492161178e+00
-6.237623762376243164e-01 -3.735542909430134006e+00
-6.231573157315737355e-01 -3.734343884281825066e+00
-6.225522552255227104e-01 -3.733145405865609057e+00
-6.219471947194721295e-01 -3.731947474999862013e+00
-6.213421342134215486e-01 -3.730750092502959525e+00
-6.207370737073709677e-01 -3.729553259193274961e+00
-6.201320132013203867e-01 -3.728356975889185243e+00
-6.195269526952698058e-01 -3.727161243409064184e+00
-6.189218921892192249e-01 -3.725966062571287818e+00
-6.183168316831686440e-01 -3.724771434194228181e+00
-6.177117711771180630e-01 -3.723577359096263084e+00
-6.171067106710674821e-01 -3.722383838095767672e+00
-6.165016501650169012e-01 -3.721190872011115758e+00
-6.158965896589663203e-01 -3.719998461660682487e+00
-6.152915291529157393e-01 -3.718806607862843006e+00
-6.146864686468651584e-01 -3.717615311435972902e+00
-6.140814081408145775e-01 -3.716424573198445991e+00
-6.134763476347639966e-01 -3.715234393968638305e+00
-6.128712871287134156e-01 -3.714044774564925433e+00
-6.122662266226628347e-01 -3.712855715805680301e+00
-6.116611661166118097e-01 -3.711667218509278943e+00
-6.110561056105612288e-01 -3.710479283494096059e+00
-6.104510451045106478e-01 -3.709291911578509460e+00
-6.098459845984600669e-01 -3.708105103580890294e+00
-6.092409240924094860e-01 -3.706918860319615483e+00
-6.086358635863589051e-01 -3.705733182613060173e+00
-6.080308030803083241e-01 -3.704548071279598620e+00
-6.074257425742577432e-01 -3.703363527137605971e+00
-6.068206820682071623e-01 -3.702179551005456926e+00
-6.062156215621565813e-01 -3.700996143701527519e+00
-6.056105610561060004e-01 -3.699813306044193340e+00
-6.050055005500554195e-01 -3.698631038851825537e+00
-6.044004400440048386e-01 -3.697449342942803696e+00
-6.037953795379542576e-01 -3.696268219135501631e+00
-6.031903190319036767e-01 -3.695087668248291823e+00
-6.025852585258530958e-01 -3.693907691099552526e+00
-6.019801980198025149e-01 -3.692728288507656664e+00
-6.013751375137519339e-01 -3.691549461290981160e+00
-6.007700770077013530e-01 -3.690371210267897606e+00
-6.001650165016503280e-01 -3.689193536256784700e+00
-5.995599559955997471e-01 -3.688016440076015812e+00
-5.989548954895491661e-01 -3.686839922543966086e+00
-5.983498349834985852e-01 -3.685663984479011113e+00
-5.977447744774480043e-01 -3.684488626699525149e+00
-5.971397139713974234e-01 -3.683313850023882896e+00
-5.965346534653468424e-01 -3.682139655270459944e+00
-5.959295929592962615e-01 -3.680966043257631881e+00
-5.953245324532456806e-01 -3.679793014803772522e+00
-5.947194719471950997e-01 -3.678620570727258343e+00
-5.941144114411445187e-01 -3.677448711846464047e+00
-5.935093509350939378e-01 -3.676277438979762113e+00
-5.929042904290433569e-01 -3.675106752945530797e+00
-5.922992299229927760e-01 -3.673936654562144355e+00
-5.916941694169421950e-01 -3.672767144647975712e+00
-5.910891089108916141e-01 -3.671598224021402235e+00
-5.904840484048410332e-01 -3.670429893500798180e+00
-5.898789878987904522e-01 -3.669262153904539581e+00
-5.892739273927394272e-01 -3.668095006050997586e+00
-5.886688668866888463e-01 -3.666928450758551783e+00
-5.880638063806382654e-01 -3.665762488845575984e+00
-5.874587458745876845e-01 -3.664597121130444446e+00
-5.868536853685371035e-01 -3.663432348431531871e+00
-5.862486248624865226e-01 -3.662268171567214292e+00
-5.856435643564359417e-01 -3.661104591355865523e+00
-5.850385038503853607e-01 -3.659941608615861597e+00
-5.844334433443347798e-01 -3.658779224165577215e+00
-5.838283828382841989e-01 -3.657617438823387523e+00
-5.832233223322336180e-01 -3.656456253407667667e+00
-5.826182618261830370e-01 -3.655295668736791903e+00
-5.820132013201324561e-01 -3.654135685629135821e+00
-5.814081408140818752e-01 -3.652976304903073679e+00
-5.808030803080312943e-01 -3.651817527376982397e+00
-5.801980198019807133e-01 -3.650659353869235790e+00
-5.795929592959301324e-01 -3.649501785198207227e+00
-5.789878987898795515e-01 -3.648344822182274960e+00
-5.783828382838289706e-01 -3.647188465639811916e+00
-5.777777777777779455e-01 -3.646032716389191908e+00
-5.771727172717273646e-01 -3.644877575248792301e+00
-5.765676567656767837e-01 -3.643723043036988685e+00
-5.759625962596262028e-01 -3.642569120572154429e+00
-5.753575357535756218e-01 -3.641415808672664234e+00
-5.747524752475250409e-01 -3.640263108156895022e+00
-5.741474147414744600e-01 -3.639111019843218831e+00
-5.735423542354238791e-01 -3.637959544550013469e+00
-5.729372937293732981e-01 -3.636808683095652750e+00
-5.723322332233227172e-01 -3.635658436298511376e+00
-5.717271727172721363e-01 -3.634508804976964935e+00
-5.711221122112215554e-01 -3.633359789949389018e+00
-5.705170517051709744e-01 -3.632211392034156994e+00
-5.699119911991203935e-01 -3.631063612049644895e+00
-5.693069306930698126e-01 -3.629916450814228757e+00
-5.687018701870192317e-01 -3.628769909146280614e+00
-5.680968096809686507e-01 -3.627623987864179611e+00
-5.674917491749180698e-01 -3.626478687786297339e+00
-5.668866886688670448e-01 -3.625334009731008500e+00
-5.662816281628164639e-01 -3.624189954516690904e+00
-5.656765676567658829e-01 -3.623046522961718807e+00
-5.650715071507153020e-01 -3.621903715884466024e+00
-5.644664466446647211e-01 -3.620761534103308144e+00
-5.638613861386141402e-01 -3.619619978436620755e+00
-5.632563256325635592e-01 -3.618479049702777672e+00
-5.626512651265129783e-01 -3.617338748720154928e+00
-5.620462046204623974e-01 -3.616199076307127225e+00
-5.614411441144118164e-01 -3.615060033282069263e+00
-5.608360836083612355e-01 -3.613921620463355744e+00
-5.602310231023106546e-01 -3.612783838669362702e+00
-5.596259625962600737e-01 -3.611646688718465725e+00
-5.590209020902094927e-01 -3.610510171429038628e+00
-5.584158415841589118e-01 -3.609374287619456112e+00
-5.578107810781083309e-01 -3.608239038108092878e+00
-5.572057205720577500e-01 -3.607104423713325403e+00
-5.566006600660071690e-01 -3.605970445253527945e+00
-5.559955995599561440e-01 -3.604837103547075206e+00
-5.553905390539055631e-01 -3.603704399412343662e+00
-5.547854785478549822e-01 -3.602572333667707127e+00
-5.541804180418044012e-01 -3.601440907131539859e+00
-5.535753575357538203e-01 -3.600310120622218335e+00
-5.529702970297032394e-01 -3.599179974958115924e+00
-5.523652365236526585e-01 -3.598050470957610880e+00
-5.517601760176020775e-01 -3.596921609439074796e+00
-5.511551155115514966e-01 -3.595793391220884150e+00
-5.505500550055009157e-01 -3.594665817121413642e+00
-5.499449944994503348e-01 -3.593538887959038419e+00
-5.493399339933997538e-01 -3.592412604552133182e+00
-5.487348734873491729e-01 -3.591286967719073076e+00
-5.481298129812985920e-01 -3.590161978278234134e+00
-5.475247524752480111e-01 -3.589037637047990170e+00
-5.469196919691974301e-01 -3.587913944846715886e+00
-5.463146314631468492e-01 -3.586790902492787314e+00
-5.457095709570962683e-01 -3.585668510804580045e+00
-5.451045104510456873e-01 -3.584546770600467003e+00
-5.444994499449946623e-01 -3.583425682698823334e+00
-5.438943894389440814e-01 -3.582305247918025959e+00
-5.432893289328935005e-01 -3.581185467076450024e+00
-5.426842684268429196e-01 -3.580066340992468010e+00
-5.420792079207923386e-01 -3.578947870484456395e+00
-5.414741474147417577e-01 -3.577830056370791656e+00
-5.408690869086911768e-01 -3.576712899469847162e+00
-5.402640264026405958e-01 -3.575596400599997615e+00
-5.396589658965900149e-01 -3.574480560579619048e+00
-5.390539053905394340e-01 -3.573365380227084831e+00
-5.384488448844888531e-01 -3.572250860360771885e+00
-5.378437843784382721e-01 -3.571137001799054023e+00
-5.372387238723876912e-01 -3.570023805360307279e+00
-5.366336633663371103e-01 -3.568911271862905021e+00
-5.360286028602865294e-01 -3.567799402125223729e+00
-5.354235423542359484e-01 -3.566688196965638102e+00
-5.348184818481853675e-01 -3.565577657202523731e+00
-5.342134213421347866e-01 -3.564467783654254429e+00
-5.336083608360837616e-01 -3.563358577139204453e+00
-5.330033003300331806e-01 -3.562250038475751612e+00
-5.323982398239825997e-01 -3.561142168482269277e+00
-5.317931793179320188e-01 -3.560034967977131704e+00
-5.311881188118814379e-01 -3.558928437778715814e+00
-5.305830583058308569e-01 -3.557822578705394978e+00
-5.299779977997802760e-01 -3.556717391575545228e+00
-5.293729372937296951e-01 -3.555612877207540379e+00
-5.287678767876791142e-01 -3.554509036419757351e+00
-5.281628162816285332e-01 -3.553405870030568625e+00
-5.275577557755779523e-01 -3.552303378858351568e+00
-5.269526952695273714e-01 -3.551201563721479992e+00
-5.263476347634767905e-01 -3.550100425438329488e+00
-5.257425742574262095e-01 -3.548999964827274756e+00
-5.251375137513756286e-01 -3.547900182706690053e+00
-5.245324532453250477e-01 -3.546801079894951414e+00
-5.239273927392744667e-01 -3.545702657210433539e+00
-5.233223322332238858e-01 -3.544604915471512463e+00
-5.227172717271733049e-01 -3.543507855496561554e+00
-5.221122112211222799e-01 -3.542411478103955069e+00
-5.215071507150716990e-01 -3.541315784112070819e+00
-5.209020902090211180e-01 -3.540220774339282173e+00
-5.202970297029705371e-01 -3.539126449603964275e+00
-5.196919691969199562e-01 -3.538032810724492272e+00
-5.190869086908693752e-01 -3.536939858519242197e+00
-5.184818481848187943e-01 -3.535847593806586531e+00
-5.178767876787682134e-01 -3.534756017404902195e+00
-5.172717271727176325e-01 -3.533665130132564336e+00
-5.166666666666670515e-01 -3.532574932807946766e+00
-5.160616061606164706e-01 -3.531485426249426407e+00
-5.154565456545658897e-01 -3.530396611275375296e+00
-5.148514851485153088e-01 -3.529308488704171687e+00
-5.142464246424647278e-01 -3.528221059354187616e+00
-5.136413641364141469e-01 -3.527134324043800451e+00
-5.130363036303635660e-01 -3.526048283591384447e+00
-5.124312431243129851e-01 -3.524962938815313862e+00
-5.118261826182624041e-01 -3.523878290533964730e+00
-5.112211221122113791e-01 -3.522794339565710420e+00
-5.106160616061607982e-01 -3.521711086728928297e+00
-5.100110011001102173e-01 -3.520628532841992619e+00
-5.094059405940596363e-01 -3.519546678723277200e+00
-5.088008800880090554e-01 -3.518465525191158072e+00
-5.081958195819584745e-01 -3.517385073064010825e+00
-5.075907590759078936e-01 -3.516305323160209273e+00
-5.069856985698573126e-01 -3.515226276298128116e+00
-5.063806380638067317e-01 -3.514147933296143833e+00
-5.057755775577561508e-01 -3.513070294972631125e+00
-5.051705170517055699e-01 -3.511993362145964692e+00
-5.045654565456549889e-01 -3.510917135634517905e+00
-5.039603960396044080e-01 -3.509841616256669017e+00
-5.033553355335538271e-01 -3.508766804830790509e+00
-5.027502750275032462e-01 -3.507692702175257082e+00
-5.021452145214526652e-01 -3.506619309108447435e+00
-5.015401540154020843e-01 -3.505546626448731828e+00
-5.009350935093515034e-01 -3.504474655014489404e+00
-5.003300330033009224e-01 -3.503403395624092198e+00
-4.997249724972498974e-01 -3.502332849095915357e+00
-4.991199119911993165e-01 -3.501263016248335358e+00
-4.985148514851487356e-01 -3.500193897899727791e+00
-4.979097909790981547e-01 -3.499125494868466024e+00
-4.973047304730475737e-01 -3.498057807972925648e+00
-4.966996699669969928e-01 -3.496990838031481807e+00
-4.960946094609464119e-01 -3.495924585862508760e+00
-4.954895489548958309e-01 -3.494859052284382095e+00
-4.948844884488452500e-01 -3.493794238115476514e+00
-4.942794279427946691e-01 -3.492730144174168494e+00
-4.936743674367440882e-01 -3.491666771278831849e+00
-4.930693069306935072e-01 -3.490604120247840836e+00
-4.924642464246429263e-01 -3.489542191899571044e+00
-4.918591859185923454e-01 -3.488480987052398508e+00
-4.912541254125417645e-01 -3.487420506524697039e+00
-4.906490649064911835e-01 -3.486360751134842229e+00
-4.900440044004406026e-01 -3.485301721701208777e+00
-4.894389438943900217e-01 -3.484243419042172274e+00
-4.888338833883389967e-01 -3.483185843976105645e+00
-4.882288228822884157e-01 -3.482128997321386699e+00
-4.876237623762378348e-01 -3.481072879896389249e+00
-4.870187018701872539e-01 -3.480017492519489331e+00
-4.864136413641366730e-01 -3.478962836009059867e+00
-4.858085808580860920e-01 -3.477908911183477336e+00
-4.852035203520355111e-01 -3.476855718861115552e+00
-4.845984598459849302e-01 -3.475803259860351879e+00
-4.839933993399343493e-01 -3.474751534999559244e+00
-4.833883388338837683e-01 -3.473700545097112347e+00
-4.827832783278331874e-01 -3.472650290971388998e+00
-4.821782178217826065e-01 -3.471600773440761234e+00
-4.815731573157320256e-01 -3.470551993323604201e+00
-4.809680968096814446e-01 -3.469503951438294820e+00
-4.803630363036308637e-01 -3.468456648603206460e+00
-4.797579757975802828e-01 -3.467410085636715600e+00
-4.791529152915297018e-01 -3.466364263357196940e+00
-4.785478547854791209e-01 -3.465319182583023849e+00
-4.779427942794285400e-01 -3.464274844132572806e+00
-4.773377337733775150e-01 -3.463231248824217623e+00
-4.767326732673269341e-01 -3.462188397476335222e+00
-4.761276127612763531e-01 -3.461146290907300305e+00
-4.755225522552257722e-01 -3.460104929935486684e+00
-4.749174917491751913e-01 -3.459064315379269949e+00
-4.743124312431246103e-01 -3.458024448057023914e+00
-4.737073707370740294e-01 -3.456985328787125500e+00
-4.731023102310234485e-01 -3.455946958387949408e+00
-4.724972497249728676e-01 -3.454909337677869452e+00
-4.718921892189222866e-01 -3.453872467475262109e+00
-4.712871287128717057e-01 -3.452836348598501637e+00
-4.706820682068211248e-01 -3.451800981865962292e+00
-4.700770077007705439e-01 -3.450766368096019665e+00
-4.694719471947199629e-01 -3.449732508107049789e+00
-4.688668866886693820e-01 -3.448699402717426477e+00
-4.682618261826188011e-01 -3.447667052745525318e+00
-4.676567656765682202e-01 -3.446635459009721014e+00
-4.670517051705176392e-01 -3.445604622328388711e+00
-4.664466446644666142e-01 -3.444574543519902221e+00
-4.658415841584160333e-01 -3.443545223402639799e+00
-4.652365236523654524e-01 -3.442516662794973481e+00
-4.646314631463148714e-01 -3.441488862515278857e+00
-4.640264026402642905e-01 -3.440461823381931961e+00
-4.634213421342137096e-01 -3.439435546213306161e+00
-4.628162816281631287e-01 -3.438410031827778379e+00
-4.622112211221125477e-01 -3.437385281043721985e+00
-4.616061606160619668e-01 -3.436361294679513012e+00
-4.610011001100113859e-01 -3.435338073553526161e+00
-4.603960396039608050e-01 -3.434315618484136134e+00
-4.597909790979102240e-01 -3.433293930289718521e+00
-4.591859185918596431e-01 -3.432273009788648022e+00
-4.585808580858090622e-01 -3.431252857799299782e+00
-4.579757975797584812e-01 -3.430233475140048949e+00
-4.573707370737079003e-01 -3.429214862629268890e+00
-4.567656765676573194e-01 -3.428197021085337415e+00
-4.561606160616067385e-01 -3.427179951326627450e+00
-4.555555555555561575e-01 -3.426163654171515915e+00
-4.549504950495051325e-01 -3.425148130438373961e+00
-4.543454345434545516e-01 -3.424133380945581617e+00
-4.537403740374039707e-01 -3.423119406511510920e+00
-4.531353135313533897e-01 -3.422106207954537460e+00
-4.525302530253028088e-01 -3.421093786093035938e+00
-4.519251925192522279e-01 -3.420082141745381943e+00
-4.513201320132016470e-01 -3.419071275729950177e+00
-4.507150715071510660e-01 -3.418061188865116229e+00
-4.501100110011004851e-01 -3.417051881969254357e+00
-4.495049504950499042e-01 -3.416043355860738817e+00
-4.488998899889993233e-01 -3.415035611357946976e+00
-4.482948294829487423e-01 -3.414028649279251759e+00
-4.476897689768981614e-01 -3.413022470443030087e+00
-4.470847084708475805e-01 -3.412017075667654886e+00
-4.464796479647969996e-01 -3.411012465771502189e+00
-4.458745874587464186e-01 -3.410008641572945809e+00
-4.452695269526958377e-01 -3.409005603890363112e+00
-4.446644664466452568e-01 -3.408003353542128355e+00
-4.440594059405942318e-01 -3.407001891346614020e+00
-4.434543454345436508e-01 -3.406001218122198804e+00
-4.428492849284930699e-01 -3.405001334687256076e+00
-4.422442244224424890e-01 -3.404002241860160094e+00
-4.416391639163919081e-01 -3.403003940459286891e+00
-4.410341034103413271e-01 -3.402006431303011169e+00
-4.404290429042907462e-01 -3.401009715209707629e+00
-4.398239823982401653e-01 -3.400013792997752748e+00
-4.392189218921895844e-01 -3.399018665485519453e+00
-4.386138613861390034e-01 -3.398024333491384219e+00
-4.380088008800884225e-01 -3.397030797833720861e+00
-4.374037403740378416e-01 -3.396038059330905412e+00
-4.367986798679872606e-01 -3.395046118801313462e+00
-4.361936193619366797e-01 -3.394054977063318379e+00
-4.355885588558860988e-01 -3.393064634935295310e+00
-4.349834983498355179e-01 -3.392075093235621619e+00
-4.343784378437849369e-01 -3.391086352782668456e+00
-4.337733773377343560e-01 -3.390098414394814075e+00
-4.331683168316833310e-01 -3.389111278890432288e+00
-4.325632563256327501e-01 -3.388124947087898242e+00
-4.319581958195821692e-01 -3.387139419805586638e+00
-4.313531353135315882e-01 -3.386154697861873064e+00
-4.307480748074810073e-01 -3.385170782075131335e+00
-4.301430143014304264e-01 -3.384187673263738372e+00
-4.295379537953798454e-01 -3.383205372246067988e+00
-4.289328932893292645e-01 -3.382223879840495329e+00
-4.283278327832786836e-01 -3.381243196865395539e+00
-4.277227722772281027e-01 -3.380263324139142878e+00
-4.271177117711775217e-01 -3.379284262480114709e+00
-4.265126512651269408e-01 -3.378306012706682626e+00
-4.259075907590763599e-01 -3.377328575637223551e+00
-4.253025302530257790e-01 -3.376351952090113517e+00
-4.246974697469751980e-01 -3.375376142883725006e+00
-4.240924092409246171e-01 -3.374401148836434494e+00
-4.234873487348740362e-01 -3.373426970766617572e+00
-4.228822882288234553e-01 -3.372453609492648496e+00
-4.222772277227728743e-01 -3.371481065832901969e+00
-4.216721672167218493e-01 -3.370509340605753579e+00
-4.210671067106712684e-01 -3.369538434629577139e+00
-4.204620462046206875e-01 -3.368568348722750017e+00
-4.198569856985701065e-01 -3.367599083703644247e+00
-4.192519251925195256e-01 -3.366630640390637641e+00
-4.186468646864689447e-01 -3.365663019602104455e+00
-4.180418041804183638e-01 -3.364696222156418504e+00
-4.174367436743677828e-01 -3.363730248871955819e+00
-4.168316831683172019e-01 -3.362765100567090659e+00
-4.162266226622666210e-01 -3.361800778060198613e+00
-4.156215621562160401e-01 -3.360837282169655271e+00
-4.150165016501654591e-01 -3.359874613713834890e+00
-4.144114411441148782e-01 -3.358912773511111727e+00
-4.138063806380642973e-01 -3.357951762379862704e+00
-4.132013201320137163e-01 -3.356991581138460745e+00
-4.125962596259631354e-01 -3.356032230605282773e+00
-4.119911991199125545e-01 -3.355073711598701713e+00
-4.113861386138619736e-01 -3.354116024937095819e+00
-4.107810781078109486e-01 -3.353159171438835795e+00
-4.101760176017603676e-01 -3.352203151922300783e+00
-4.095709570957097867e-01 -3.351247967205862821e+00
-4.089658965896592058e-01 -3.350293618107897942e+00
-4.083608360836086248e-01 -3.349340105446781735e+00
-4.077557755775580439e-01 -3.348387430040889345e+00
-4.071507150715074630e-01 -3.347435592708594143e+00
-4.065456545654568821e-01 -3.346484594268273050e+00
-4.059405940594063011e-01 -3.345534435538299434e+00
-4.053355335533557202e-01 -3.344585117337049773e+00
-4.047304730473051393e-01 -3.343636640482897437e+00
-4.041254125412545584e-01 -3.342689005794219348e+00
-4.035203520352039774e-01 -3.341742214089388874e+00
-4.029152915291533965e-01 -3.340796266186782937e+00
-4.023102310231028156e-01 -3.339851162904773574e+00
-4.017051705170522347e-01 -3.338906905061738151e+00
-4.011001100110016537e-01 -3.337963493476051369e+00
-4.004950495049510728e-01 -3.337020928966087485e+00
-3.998899889989004919e-01 -3.336079212349884138e+00
-3.992849284928494669e-01 -3.335138344353802964e+00
-3.986798679867988859e-01 -3.334198325488939130e+00
-3.980748074807483050e-01 -3.333259156235516496e+00
-3.974697469746977241e-01 -3.332320837073758923e+00
-3.968646864686471432e-01 -3.331383368483892049e+00
-3.962596259625965622e-01 -3.330446750946141066e+00
-3.956545654565459813e-01 -3.329510984940731166e+00
-3.950495049504954004e-01 -3.328576070947885324e+00
-3.944444444444448195e-01 -3.327642009447829619e+00
-3.938393839383942385e-01 -3.326708800920788356e+00
-3.932343234323436576e-01 -3.325776445846986729e+00
-3.926292629262930767e-01 -3.324844944706649041e+00
-3.920242024202424957e-01 -3.323914297980000487e+00
-3.914191419141919148e-01 -3.322984506147265815e+00
-3.908140814081413339e-01 -3.322055569688668442e+00
-3.902090209020907530e-01 -3.321127489084436668e+00
-3.896039603960401720e-01 -3.320200264814791247e+00
-3.889988998899895911e-01 -3.319273897359959591e+00
-3.883938393839385661e-01 -3.318348387200164673e+00
-3.877887788778879852e-01 -3.317423734815632574e+00
-3.871837183718374042e-01 -3.316499940686588488e+00
-3.865786578657868233e-01 -3.315577005293255386e+00
-3.859735973597362424e-01 -3.314654929115861126e+00
-3.853685368536856615e-01 -3.313733712634626460e+00
-3.847634763476350805e-01 -3.312813356329779690e+00
-3.841584158415844996e-01 -3.311893860681542456e+00
-3.835533553355339187e-01 -3.310975226170142172e+00
-3.829482948294833378e-01 -3.310057453275803141e+00
-3.823432343234327568e-01 -3.309140542478749669e+00
-3.817381738173821759e-01 -3.308224494259206061e+00
-3.811331133113315950e-01 -3.307309309097397954e+00
-3.805280528052810141e-01 -3.306394987473549207e+00
-3.799229922992304331e-01 -3.305481529867886348e+00
-3.793179317931798522e-01 -3.304568936760631903e+00
-3.787128712871292713e-01 -3.303657208632011955e+00
-3.781078107810786904e-01 -3.302746345962251251e+00
-3.775027502750281094e-01 -3.301836349231574097e+00
-3.768976897689770844e-01 -3.300927218920205686e+00
-3.762926292629265035e-01 -3.300018955508371654e+00
-3.756875687568759226e-01 -3.299111559476294531e+00
-3.750825082508253416e-01 -3.298205031304201285e+00
-3.744774477447747607e-01 -3.297299371472315777e+00
-3.738723872387241798e-01 -3.296394580460861867e+00
-3.732673267326735989e-01 -3.295490658750068302e+00
-3.726622662266230179e-01 -3.294587606820154058e+00
-3.720572057205724370e-01 -3.293685425151347879e+00
-3.714521452145218561e-01 -3.292784114223873626e+00
-3.708470847084712751e-01 -3.291883674517955161e+00
-3.702420242024206942e-01 -3.290984106513818563e+00
-3.696369636963701133e-01 -3.290085410691687695e+00
-3.690319031903195324e-01 -3.289187587531788193e+00
-3.684268426842689514e-01 -3.288290637514343917e+00
-3.678217821782183705e-01 -3.287394561119580949e+00
-3.672167216721677896e-01 -3.286499358827722705e+00
-3.666116611661172087e-01 -3.285605031118994379e+00
-3.660066006600661837e-01 -3.284711578473620719e+00
-3.654015401540156027e-01 -3.283819001371826918e+00
-3.647964796479650218e-01 -3.282927300293838169e+00
-3.641914191419144409e-01 -3.282036475719877444e+00
-3.635863586358638599e-01 -3.281146528130172157e+00
-3.629812981298132790e-01 -3.280257458004945281e+00
-3.623762376237626981e-01 -3.279369265824421564e+00
-3.617711771177121172e-01 -3.278481952068826644e+00
-3.611661166116615362e-01 -3.277595517218384380e+00
-3.605610561056109553e-01 -3.276709961753319966e+00
-3.599559955995603744e-01 -3.275825286153858595e+00
-3.593509350935097935e-01 -3.274941490900224572e+00
-3.587458745874592125e-01 -3.274058576472643978e+00
-3.581408140814086316e-01 -3.273176543351339784e+00
-3.575357535753580507e-01 -3.272295392016536297e+00
-3.569306930693074698e-01 -3.271415122948461374e+00
-3.563256325632568888e-01 -3.270535736627336210e+00
-3.557205720572063079e-01 -3.269657233533388663e+00
-3.551155115511557270e-01 -3.268779614146841705e+00
-3.545104510451047020e-01 -3.267902878947919199e+00
-3.539053905390541210e-01 -3.267027028416848111e+00
-3.533003300330035401e-01 -3.266152063033853636e+00
-3.526952695269529592e-01 -3.265277983279158747e+00
-3.520902090209023783e-01 -3.264404789632988635e+00
-3.514851485148517973e-01 -3.263532482575568050e+00
-3.508800880088012164e-01 -3.262661062587123073e+00
-3.502750275027506355e-01 -3.261790530147876677e+00
-3.496699669967000546e-01 -3.260920885738054054e+00
-3.490649064906494736e-01 -3.260052129837880841e+00
-3.484598459845988927e-01 -3.259184262927580900e+00
-3.478547854785483118e-01 -3.258317285487379422e+00
-3.472497249724977308e-01 -3.257451197997502046e+00
-3.466446644664471499e-01 -3.256586000938171743e+00
-3.460396039603965690e-01 -3.255721694789615039e+00
-3.454345434543459881e-01 -3.254858280032057127e+00
-3.448294829482954071e-01 -3.253995757145719647e+00
-3.442244224422448262e-01 -3.253134126610830013e+00
-3.436193619361938012e-01 -3.252273388907611196e+00
-3.430143014301432203e-01 -3.251413544516290610e+00
-3.424092409240926393e-01 -3.250554593917092117e+00
-3.418041804180420584e-01 -3.249696537590239132e+00
-3.411991199119914775e-01 -3.248839376015956848e+00
-3.405940594059408966e-01 -3.247983109674471347e+00
-3.399889988998903156e-01 -3.247127739046006933e+00
-3.393839383938397347e-01 -3.246273264610787024e+00
-3.387788778877891538e-01 -3.245419686849037699e+00
-3.381738173817385729e-01 -3.244567006240982820e+00
-3.375687568756879919e-01 -3.243715223266848913e+00
-3.369636963696374110e-01 -3.242864338406859837e+00
-3.363586358635868301e-01 -3.242014352141239897e+00
-3.357535753575362492e-01 -3.241165264950214286e+00
-3.351485148514856682e-01 -3.240317077314007754e+00
-3.345434543454350873e-01 -3.239469789712845049e+00
-3.339383938393845064e-01 -3.238623402626950032e+00
-3.333333333333339255e-01 -3.237777916536549672e+00
-3.327282728272829004e-01 -3.236933331921866053e+00
-3.321232123212323195e-01 -3.236089649263126145e+00
-3.315181518151817386e-01 -3.235246869040554696e+00
-3.309130913091311577e-01 -3.234404991734375123e+00
-3.303080308030805767e-01 -3.233564017824813064e+00
-3.297029702970299958e-01 -3.232723947792092822e+00
-3.290979097909794149e-01 -3.231884782116440036e+00
-3.284928492849288340e-01 -3.231046521278079009e+00
-3.278877887788782530e-01 -3.230209165757234047e+00
-3.272827282728276721e-01 -3.229372716034130786e+00
-3.266776677667770912e-01 -3.228537172588993531e+00
-3.260726072607265102e-01 -3.227702535902047476e+00
-3.254675467546759293e-01 -3.226868806453516036e+00
-3.248624862486253484e-01 -3.226035984723625738e+00
-3.242574257425747675e-01 -3.225204071192599553e+00
-3.236523652365241865e-01 -3.224373066340664895e+00
-3.230473047304736056e-01 -3.223542970648044736e+00
-3.224422442244230247e-01 -3.222713784594963826e+00
-3.218371837183724438e-01 -3.221885508661646469e+00
-3.212321232123214187e-01 -3.221058143328319634e+00
-3.206270627062708378e-01 -3.220231689075205850e+00
-3.200220022002202569e-01 -3.219406146382531642e+00
-3.194169416941696760e-01 -3.218581515730519982e+00
-3.188118811881190950e-01 -3.217757797599396952e+00
-3.182068206820685141e-01 -3.216934992469387744e+00
-3.176017601760179332e-01 -3.216113100820715776e+00
-3.169966996699673523e-01 -3.215292123133606683e+00
-3.163916391639167713e-01 -3.214472059888285216e+00
-3.157865786578661904e-01 -3.213652911564975678e+00
-3.151815181518156095e-01 -3.212834678643903263e+00
-3.145764576457650286e-01 -3.212017361605292276e+00
-3.139713971397144476e-01 -3.211200960929368353e+00
-3.133663366336638667e-01 -3.210385477096355800e+00
-3.127612761276132858e-01 -3.209570910586480696e+00
-3.121562156215627049e-01 -3.208757261879965128e+00
-3.115511551155121239e-01 -3.207944531457034731e+00
-3.109460946094615430e-01 -3.207132719797916476e+00
-3.103410341034105180e-01 -3.206321827382832002e+00
-3.097359735973599371e-01 -3.205511854692008278e+00
-3.091309130913093561e-01 -3.204702802205669165e+00
-3.085258525852587752e-01 -3.203894670404040745e+00
-3.079207920792081943e-01 -3.203087459767345990e+00
-3.073157315731576134e-01 -3.202281170775811869e+00
-3.067106710671070324e-01 -3.201475803909659579e+00
-3.061056105610564515e-01 -3.200671359649118752e+00
-3.055005500550058706e-01 -3.199867838474409254e+00
-3.048954895489552896e-01 -3.199065240865758941e+00
-3.042904290429047087e-01 -3.198263567303392563e+00
-3.036853685368541278e-01 -3.197462818267533535e+00
-3.030803080308035469e-01 -3.196662994238407940e+00
-3.024752475247529659e-01 -3.195864095696239637e+00
-3.018701870187023850e-01 -3.195066123121253376e+00
-3.012651265126518041e-01 -3.194269076993673906e+00
-3.006600660066012232e-01 -3.193472957793727307e+00
-3.000550055005506422e-01 -3.192677766001636552e+00
-2.994499449945000613e-01 -3.191883502097628611e+00
-2.988448844884490363e-01 -3.191090166561925567e+00
-2.982398239823984554e-01 -3.190297759874754391e+00
-2.976347634763478744e-01 -3.189506282516338498e+00
-2.970297029702972935e-01 -3.188715734966904858e+00
-2.964246424642467126e-01 -3.187926117706674667e+00
-2.958195819581961317e-01 -3.187137431215875782e+00
-2.952145214521455507e-01 -3.186349675974731621e+00
-2.946094609460949698e-01 -3.185562852463467376e+00
-2.940044004400443889e-01 -3.184776961162308684e+00
-2.933993399339938080e-01 -3.183992002551478073e+00
-2.927942794279432270e-01 -3.183207977111202069e+00
-2.921892189218926461e-01 -3.182424885321705421e+00
-2.915841584158420652e-01 -3.181642727663211545e+00
-2.909790979097914843e-01 -3.180861504615947410e+00
-2.903740374037409033e-01 -3.180081216660135990e+00
-2.897689768976903224e-01 -3.179301864276002920e+00
-2.891639163916397415e-01 -3.178523447943772506e+00
-2.885588558855891606e-01 -3.177745968143670829e+00
-2.879537953795381355e-01 -3.176969425355919974e+00
-2.873487348734875546e-01 -3.176193820060747797e+00
-2.867436743674369737e-01 -3.175419152738376827e+00
-2.861386138613863928e-01 -3.174645423869031813e+00
-2.855335533553358118e-01 -3.173872633932940612e+00
-2.849284928492852309e-01 -3.173100783410324865e+00
-2.843234323432346500e-01 -3.172329872781410653e+00
-2.837183718371840691e-01 -3.171559902526422281e+00
-2.831133113311334881e-01 -3.170790873125584941e+00
-2.825082508250829072e-01 -3.170022785059122050e+00
-2.819031903190323263e-01 -3.169255638807261022e+00
-2.812981298129817453e-01 -3.168489434850223940e+00
-2.806930693069311644e-01 -3.167724173668237331e+00
-2.800880088008805835e-01 -3.166959855741526386e+00
-2.794829482948300026e-01 -3.166196481550313191e+00
-2.788778877887794216e-01 -3.165434051574824714e+00
-2.782728272827288407e-01 -3.164672566295286593e+00
-2.776677667766782598e-01 -3.163912026191922244e+00
-2.770627062706276789e-01 -3.163152431744955084e+00
-2.764576457645766538e-01 -3.162393783434612082e+00
-2.758525852585260729e-01 -3.161636081741117987e+00
-2.752475247524754920e-01 -3.160879327144695328e+00
-2.746424642464249111e-01 -3.160123520125572405e+00
-2.740374037403743301e-01 -3.159368661163971304e+00
-2.734323432343237492e-01 -3.158614750740117660e+00
-2.728272827282731683e-01 -3.157861789334235780e+00
-2.722222222222225874e-01 -3.157109777426551300e+00
-2.716171617161720064e-01 -3.156358715497288525e+00
-2.710121012101214255e-01 -3.155608604026672648e+00
-2.704070407040708446e-01 -3.154859443494927529e+00
-2.698019801980202637e-01 -3.154111234382278806e+00
-2.691969196919696827e-01 -3.153363977168951671e+00
-2.685918591859191018e-01 -3.152617672335169985e+00
-2.679867986798685209e-01 -3.151872320361158497e+00
-2.673817381738179400e-01 -3.151127921727141512e+00
-2.667766776677673590e-01 -3.150384476913345999e+00
-2.661716171617167781e-01 -3.149641986399994043e+00
-2.655665566556657531e-01 -3.148900450667312167e+00
-2.649614961496151722e-01 -3.148159870195524235e+00
-2.643564356435645912e-01 -3.147420245464857214e+00
-2.637513751375140103e-01 -3.146681576955532744e+00
-2.631463146314634294e-01 -3.145943865147777796e+00
-2.625412541254128485e-01 -3.145207110521815785e+00
-2.619361936193622675e-01 -3.144471313557872350e+00
-2.613311331133116866e-01 -3.143736474736172681e+00
-2.607260726072611057e-01 -3.143002594536940641e+00
-2.601210121012105247e-01 -3.142269673440401423e+00
-2.595159515951599438e-01 -3.141537711926779330e+00
-2.589108910891093629e-01 -3.140806710476300001e+00
-2.583058305830587820e-01 -3.140076669569186851e+00
-2.577007700770082010e-01 -3.139347589685666851e+00
-2.570957095709576201e-01 -3.138619471305962971e+00
-2.564906490649070392e-01 -3.137892314910301295e+00
-2.558855885588564583e-01 -3.137166120978904793e+00
-2.552805280528058773e-01 -3.136440889991999548e+00
-2.546754675467552964e-01 -3.135716622429809863e+00
-2.540704070407042714e-01 -3.134993318772560933e+00
-2.534653465346536905e-01 -3.134270979500477505e+00
-2.528602860286031095e-01 -3.133549605093784773e+00
-2.522552255225525286e-01 -3.132829196032706598e+00
-2.516501650165019477e-01 -3.132109752797469060e+00
-2.510451045104513668e-01 -3.131391275868295132e+00
-2.504400440044007858e-01 -3.130673765725410451e+00
-2.498349834983502049e-01 -3.129957222849040654e+00
-2.492299229922996240e-01 -3.129241647719409603e+00
-2.486248624862490431e-01 -3.128527040816741600e+00
-2.480198019801984621e-01 -3.127813402621262728e+00
-2.474147414741478812e-01 -3.127100733613197292e+00
-2.468096809680973003e-01 -3.126389034272769152e+00
-2.462046204620467194e-01 -3.125678305080203945e+00
-2.455995599559961384e-01 -3.124968546515726420e+00
-2.449944994499455575e-01 -3.124259759059562658e+00
-2.443894389438949766e-01 -3.123551943191934743e+00
-2.437843784378443956e-01 -3.122845099393069646e+00
-2.431793179317933706e-01 -3.122139228143189449e+00
-2.425742574257427897e-01 -3.121434329922523787e+00
-2.419691969196922088e-01 -3.120730405211292524e+00
-2.413641364136416279e-01 -3.120027454489722185e+00
-2.407590759075910469e-01 -3.119325478238039295e+00
-2.401540154015404660e-01 -3.118624476936466383e+00
-2.395489548954898851e-01 -3.117924451065228642e+00
-2.389438943894393041e-01 -3.117225401104552152e+00
-2.383388338833887232e-01 -3.116527327534659886e+00
-2.377337733773381423e-01 -3.115830230835777481e+00
-2.371287128712875614e-01 -3.115134111488131019e+00
-2.365236523652369804e-01 -3.114438969971942139e+00
-2.359185918591863995e-01 -3.113744806767438700e+00
-2.353135313531358186e-01 -3.113051622354845005e+00
-2.347084708470852377e-01 -3.112359417214384028e+00
-2.341034103410346567e-01 -3.111668191826281404e+00
-2.334983498349840758e-01 -3.110977946670763661e+00
-2.328932893289334949e-01 -3.110288682228052881e+00
-2.322882288228829140e-01 -3.109600398978374702e+00
-2.316831683168318889e-01 -3.108913097401954317e+00
-2.310781078107813080e-01 -3.108226777979017363e+00
-2.304730473047307271e-01 -3.107541441189787701e+00
-2.298679867986801462e-01 -3.106857087514489635e+00
-2.292629262926295652e-01 -3.106173717433348802e+00
-2.286578657865789843e-01 -3.105491331426590840e+00
-2.280528052805284034e-01 -3.104809929974437832e+00
-2.274477447744778225e-01 -3.104129513557115860e+00
-2.268426842684272415e-01 -3.103450082654851006e+00
-2.262376237623766606e-01 -3.102771637747865796e+00
-2.256325632563260797e-01 -3.102094179316387201e+00
-2.250275027502754988e-01 -3.101417707840640858e+00
-2.244224422442249178e-01 -3.100742223800846631e+00
-2.238173817381743369e-01 -3.100067727677233265e+00
-2.232123212321237560e-01 -3.099394219950025064e+00
-2.226072607260731751e-01 -3.098721701099447223e+00
-2.220022002200225941e-01 -3.098050171605722269e+00
-2.213971397139720132e-01 -3.097379631949077616e+00
-2.207920792079209882e-01 -3.096710082609735348e+00
-2.201870187018704073e-01 -3.096041524067923767e+00
-2.195819581958198263e-01 -3.095373956803865401e+00
-2.189768976897692454e-01 -3.094707381297784110e+00
-2.183718371837186645e-01 -3.094041798029906865e+00
-2.177667766776680836e-01 -3.093377207480457081e+00
-2.171617161716175026e-01 -3.092713610129660395e+00
-2.165566556655669217e-01 -3.092051006457741558e+00
-2.159515951595163408e-01 -3.091389396944924428e+00
-2.153465346534657598e-01 -3.090728782071433756e+00
-2.147414741474151789e-01 -3.090069162317496509e+00
-2.141364136413645980e-01 -3.089410538163334774e+00
-2.135313531353140171e-01 -3.088752910089173742e+00
-2.129262926292634361e-01 -3.088096278575240383e+00
-2.123212321232128552e-01 -3.087440644101756781e+00
-2.117161716171622743e-01 -3.086786007148949906e+00
-2.111111111111116934e-01 -3.086132368197043618e+00
-2.105060506050611124e-01 -3.085479727726262222e+00
-2.099009900990100874e-01 -3.084828086216830467e+00
-2.092959295929595065e-01 -3.084177444148974878e+00
-2.086908690869089256e-01 -3.083527802002917539e+00
-2.080858085808583446e-01 -3.082879160258886309e+00
-2.074807480748077637e-01 -3.082231519397102826e+00
-2.068756875687571828e-01 -3.081584879897793172e+00
-2.062706270627066019e-01 -3.080939242241184761e+00
-2.056655665566560209e-01 -3.080294606907498345e+00
-2.050605060506054400e-01 -3.079650974376960448e+00
-2.044554455445548591e-01 -3.079008345129795821e+00
-2.038503850385042782e-01 -3.078366719646229654e+00
-2.032453245324536972e-01 -3.077726098406485367e+00
-2.026402640264031163e-01 -3.077086481890789038e+00
-2.020352035203525354e-01 -3.076447870579366306e+00
-2.014301430143019545e-01 -3.075810264952439699e+00
-2.008250825082513735e-01 -3.075173665490234853e+00
-2.002200220022007926e-01 -3.074538072672977407e+00
-1.996149614961502117e-01 -3.073903486980890776e+00
-1.990099009900996307e-01 -3.073269908894201041e+00
-1.984048404840486057e-01 -3.072637338893131620e+00
-1.977997799779980248e-01 -3.072005777457908149e+00
-1.971947194719474439e-01 -3.071375225068756265e+00
-1.965896589658968630e-01 -3.070745682205899385e+00
-1.959845984598462820e-01 -3.070117149349563590e+00
-1.953795379537957011e-01 -3.069489626979972297e+00
-1.947744774477451202e-01 -3.068863115577349809e+00
-1.941694169416945392e-01 -3.068237615621923542e+00
-1.935643564356439583e-01 -3.067613127593915578e+00
-1.929592959295933774e-01 -3.066989651973551556e+00
-1.923542354235427965e-01 -3.066367189241057556e+00
-1.917491749174922155e-01 -3.065745739876656994e+00
-1.911441144114416346e-01 -3.065125304360574621e+00
-1.905390539053910537e-01 -3.064505883173036516e+00
-1.899339933993404728e-01 -3.063887476794265208e+00
-1.893289328932898918e-01 -3.063270085704487222e+00
-1.887238723872393109e-01 -3.062653710383927752e+00
-1.881188118811887300e-01 -3.062038351312810658e+00
-1.875137513751377050e-01 -3.061424008971360244e+00
-1.869086908690871240e-01 -3.060810683839802149e+00
-1.863036303630365431e-01 -3.060198376398360232e+00
-1.856985698569859622e-01 -3.059587087127260574e+00
-1.850935093509353813e-01 -3.058976816506727925e+00
-1.844884488448848003e-01 -3.058367565016985257e+00
-1.838833883388342194e-01 -3.057759333138259983e+00
-1.832783278327836385e-01 -3.057152121350775076e+00
-1.826732673267330576e-01 -3.056545930134755729e+00
-1.820682068206824766e-01 -3.055940759970426246e+00
-1.814631463146318957e-01 -3.055336611338012709e+00
-1.808580858085813148e-01 -3.054733484717738090e+00
-1.802530253025307339e-01 -3.054131380589829359e+00
-1.796479647964801529e-01 -3.053530299434509487e+00
-1.790429042904295720e-01 -3.052930241732003669e+00
-1.784378437843789911e-01 -3.052331207962538429e+00
-1.778327832783284101e-01 -3.051733198606334962e+00
-1.772277227722778292e-01 -3.051136214143621572e+00
-1.766226622662272483e-01 -3.050540255054622119e+00
-1.760176017601762233e-01 -3.049945321819559130e+00
-1.754125412541256424e-01 -3.049351414918660463e+00
-1.748074807480750614e-01 -3.048758534832149980e+00
-1.742024202420244805e-01 -3.048166682040250652e+00
-1.735973597359738996e-01 -3.047575857023189450e+00
-1.729922992299233186e-01 -3.046986060261191120e+00
-1.723872387238727377e-01 -3.046397292234479526e+00
-1.717821782178221568e-01 -3.045809553423279414e+00
-1.711771177117715759e-01 -3.045222844307815091e+00
-1.705720572057209949e-01 -3.044637165368313969e+00
-1.699669966996704140e-01 -3.044052517084997245e+00
-1.693619361936198331e-01 -3.043468899938092331e+00
-1.687568756875692522e-01 -3.042886314407823978e+00
-1.681518151815186712e-01 -3.042304760974414268e+00
-1.675467546754680903e-01 -3.041724240118091060e+00
-1.669416941694175094e-01 -3.041144752319077771e+00
-1.663366336633669285e-01 -3.040566298057598260e+00
-1.657315731573163475e-01 -3.039988877813879498e+00
-1.651265126512653225e-01 -3.039412492068144456e+00
-1.645214521452147416e-01 -3.038837141300618772e+00
-1.639163916391641607e-01 -3.038262825991528526e+00
-1.633113311331135797e-01 -3.037689546621095360e+00
-1.627062706270629988e-01 -3.037117303669547130e+00
-1.621012101210124179e-01 -3.036546097617106366e+00
-1.614961496149618370e-01 -3.035975928943998703e+00
-1.608910891089112560e-01 -3.035406798130449335e+00
-1.602860286028606751e-01 -3.034838705656683011e+00
-1.596809680968100942e-01 -3.034271652002924036e+00
-1.590759075907595133e-01 -3.033705637649397602e+00
-1.584708470847089323e-01 -3.033140663076327126e+00
-1.578657865786583514e-01 -3.032576728763939578e+00
-1.572607260726077705e-01 -3.032013835192458373e+00
-1.566556655665571895e-01 -3.031451982842109150e+00
-1.560506050605066086e-01 -3.030891172193115768e+00
-1.554455445544560277e-01 -3.030331403725703865e+00
-1.548404840484054468e-01 -3.029772677920096857e+00
-1.542354235423548658e-01 -3.029214995256521270e+00
-1.536303630363038408e-01 -3.028658356215200520e+00
-1.530253025302532599e-01 -3.028102761276360688e+00
-1.524202420242026790e-01 -3.027548210920224303e+00
-1.518151815181520981e-01 -3.026994705627019222e+00
-1.512101210121015171e-01 -3.026442245876968862e+00
-1.506050605060509362e-01 -3.025890832150297527e+00
-1.500000000000003553e-01 -3.025340464927230411e+00
-1.493949394939497743e-01 -3.024791144687991817e+00
-1.487898789878991934e-01 -3.024242871912806940e+00
-1.481848184818486125e-01 -3.023695647081900528e+00
-1.475797579757980316e-01 -3.023149470675497330e+00
-1.469746974697474506e-01 -3.022604343173822539e+00
-1.463696369636968697e-01 -3.022060265057101347e+00
-1.457645764576462888e-01 -3.021517236805555839e+00
-1.451595159515957079e-01 -3.020975258899414317e+00
-1.445544554455451269e-01 -3.020434331818900198e+00
-1.439493949394945460e-01 -3.019894456044237341e+00
-1.433443344334439651e-01 -3.019355632055651384e+00
-1.427392739273929401e-01 -3.018817860333366632e+00
-1.421342134213423591e-01 -3.018281141357608721e+00
-1.415291529152917782e-01 -3.017745475608602401e+00
-1.409240924092411973e-01 -3.017210863566571089e+00
-1.403190319031906164e-01 -3.016677305711741308e+00
-1.397139713971400354e-01 -3.016144802524336921e+00
-1.391089108910894545e-01 -3.015613354484583120e+00
-1.385038503850388736e-01 -3.015082962072703765e+00
-1.378987898789882927e-01 -3.014553625768924938e+00
-1.372937293729377117e-01 -3.014025346053470056e+00
-1.366886688668871308e-01 -3.013498123406565199e+00
-1.360836083608365499e-01 -3.012971958308434672e+00
-1.354785478547859690e-01 -3.012446851239303225e+00
-1.348734873487353880e-01 -3.011922802679395161e+00
-1.342684268426848071e-01 -3.011399813108936119e+00
-1.336633663366342262e-01 -3.010877883008150402e+00
-1.330583058305836452e-01 -3.010357012857263204e+00
-1.324532453245330643e-01 -3.009837203136498385e+00
-1.318481848184824834e-01 -3.009318454326081138e+00
-1.312431243124314584e-01 -3.008800766906236657e+00
-1.306380638063808775e-01 -3.008284141357190133e+00
-1.300330033003302965e-01 -3.007768578159164985e+00
-1.294279427942797156e-01 -3.007254077792387736e+00
-1.288228822882291347e-01 -3.006740640737080916e+00
-1.282178217821785537e-01 -3.006228267473471938e+00
-1.276127612761279728e-01 -3.005716958481783774e+00
-1.270077007700773919e-01 -3.005206714242241173e+00
-1.264026402640268110e-01 -3.004697535235069772e+00
-1.257975797579762300e-01 -3.004189421940494764e+00
-1.251925192519256491e-01 -3.003682374838739566e+00
-1.245874587458750682e-01 -3.003176394410029371e+00
-1.239823982398244873e-01 -3.002671481134589371e+00
-1.233773377337739063e-01 -3.002167635492644759e+00
-1.227722772277233254e-01 -3.001664857964418509e+00
-1.221672167216727445e-01 -3.001163149030137589e+00
-1.215621562156221636e-01 -3.000662509170025416e+00
-1.209570957095715826e-01 -3.000162938864307183e+00
-1.203520352035205576e-01 -2.999664438593208082e+00
-1.197469746974699767e-01 -2.999167008836951975e+00
-1.191419141914193958e-01 -2.998670650075764055e+00
-1.185368536853688148e-01 -2.998175362789870402e+00
-1.179317931793182339e-01 -2.997681147459493545e+00
-1.173267326732676530e-01 -2.997188004564860009e+00
-1.167216721672170721e-01 -2.996695934586194099e+00
-1.161166116611664911e-01 -2.996204938003719676e+00
-1.155115511551159102e-01 -2.995715015297662820e+00
-1.149064906490653293e-01 -2.995226166948247837e+00
-1.143014301430147484e-01 -2.994738393435699031e+00
-1.136963696369641674e-01 -2.994251695240242039e+00
-1.130913091309135865e-01 -2.993766072842101167e+00
-1.124862486248630056e-01 -2.993281526721501606e+00
-1.118811881188124246e-01 -2.992798057358667663e+00
-1.112761276127618437e-01 -2.992315665233824085e+00
-1.106710671067112628e-01 -2.991834350827195621e+00
-1.100660066006606819e-01 -2.991354114619007465e+00
-1.094609460946096569e-01 -2.990874957089484365e+00
-1.088558855885590759e-01 -2.990396878718851514e+00
-1.082508250825084950e-01 -2.989919879987331885e+00
-1.076457645764579141e-01 -2.989443961375152448e+00
-1.070407040704073331e-01 -2.988969123362537061e+00
-1.064356435643567522e-01 -2.988495366429710032e+00
-1.058305830583061713e-01 -2.988022691056897440e+00
-1.052255225522555904e-01 -2.987551097724322702e+00
-1.046204620462050094e-01 -2.987080586912211899e+00
-1.040154015401544285e-01 -2.986611159100788448e+00
-1.034103410341038476e-01 -2.986142814770277987e+00
-1.028052805280532667e-01 -2.985675554400904375e+00
-1.022002200220026857e-01 -2.985209378472894137e+00
-1.015951595159521048e-01 -2.984744287466470691e+00
-1.009900990099015239e-01 -2.984280281861859230e+00
-1.003850385038509430e-01 -2.983817362139284945e+00
-9.977997799780036203e-02 -2.983355528778971699e+00
-9.917491749174978111e-02 -2.982894782261146016e+00
-9.856985698569920018e-02 -2.982435123066029981e+00
-9.796479647964817516e-02 -2.981976551673850118e+00
-9.735973597359759424e-02 -2.981519068564830732e+00
-9.675467546754701331e-02 -2.981062674219197461e+00
-9.614961496149643239e-02 -2.980607369117174610e+00
-9.554455445544585146e-02 -2.980153153738985150e+00
-9.493949394939527053e-02 -2.979700028564856495e+00
-9.433443344334468961e-02 -2.979247994075013395e+00
-9.372937293729410868e-02 -2.978797050749679265e+00
-9.312431243124352775e-02 -2.978347199069078854e+00
-9.251925192519294683e-02 -2.977898439513437800e+00
-9.191419141914236590e-02 -2.977450772562980408e+00
-9.130913091309178498e-02 -2.977004198697931869e+00
-9.070407040704120405e-02 -2.976558718398516046e+00
-9.009900990099062312e-02 -2.976114332144959018e+00
-8.949394939494004220e-02 -2.975671040417484203e+00
-8.888888888888946127e-02 -2.975228843696318570e+00
-8.828382838283888034e-02 -2.974787742461684203e+00
-8.767876787678829942e-02 -2.974347737193806740e+00
-8.707370737073727440e-02 -2.973908828372911373e+00
-8.646864686468669348e-02 -2.973471016479223739e+00
-8.586358635863611255e-02 -2.973034301992967254e+00
-8.525852585258553162e-02 -2.972598685394368001e+00
-8.465346534653495070e-02 -2.972164167163648507e+00
-8.404840484048436977e-02 -2.971730747781037074e+00
-8.344334433443378884e-02 -2.971298427726754898e+00
-8.283828382838320792e-02 -2.970867207481028505e+00
-8.223322332233262699e-02 -2.970437087524083530e+00
-8.162816281628204607e-02 -2.970008068336142504e+00
-8.102310231023146514e-02 -2.969580150397431950e+00
-8.041804180418088421e-02 -2.969153334188176618e+00
-7.981298129813030329e-02 -2.968727620188599925e+00
-7.920792079207972236e-02 -2.968303008878927951e+00
-7.860286028602914143e-02 -2.967879500739384557e+00
-7.799779977997856051e-02 -2.967457096250195825e+00
-7.739273927392797958e-02 -2.967035795891586059e+00
-7.678767876787739866e-02 -2.966615600143779119e+00
-7.618261826182681773e-02 -2.966196509487000199e+00
-7.557755775577579271e-02 -2.965778524401474936e+00
-7.497249724972521179e-02 -2.965361645367426746e+00
-7.436743674367463086e-02 -2.964945872865081711e+00
-7.376237623762404993e-02 -2.964531207374664135e+00
-7.315731573157346901e-02 -2.964117649376399211e+00
-7.255225522552288808e-02 -2.963705199350510355e+00
-7.194719471947230716e-02 -2.963293857777224094e+00
-7.134213421342172623e-02 -2.962883625136764287e+00
-7.073707370737114530e-02 -2.962474501909354352e+00
-7.013201320132056438e-02 -2.962066488575222589e+00
-6.952695269526998345e-02 -2.961659585614591528e+00
-6.892189218921940252e-02 -2.961253793507685028e+00
-6.831683168316882160e-02 -2.960849112734729616e+00
-6.771177117711824067e-02 -2.960445543775949595e+00
-6.710671067106765975e-02 -2.960043087111569715e+00
-6.650165016501707882e-02 -2.959641743221814725e+00
-6.589658965896649789e-02 -2.959241512586908485e+00
-6.529152915291591697e-02 -2.958842395687078408e+00
-6.468646864686489195e-02 -2.958444393002546136e+00
-6.408140814081431103e-02 -2.958047505013537748e+00
-6.347634763476373010e-02 -2.957651732200278882e+00
-6.287128712871314917e-02 -2.957257075042993399e+00
-6.226622662266256825e-02 -2.956863534021906936e+00
-6.166116611661198732e-02 -2.956471109617242909e+00
-6.105610561056140639e-02 -2.956079802309226956e+00
-6.045104510451082547e-02 -2.955689612578083825e+00
-5.984598459846024454e-02 -2.955300540904038709e+00
-5.924092409240966361e-02 -2.954912587767315912e+00
-5.863586358635908269e-02 -2.954525753648139741e+00
-5.803080308030850176e-02 -2.954140039026735831e+00
-5.742574257425792084e-02 -2.953755444383327156e+00
-5.682068206820733991e-02 -2.953371970198141128e+00
-5.621562156215675898e-02 -2.952989616951402496e+00
-5.561056105610617806e-02 -2.952608385123333345e+00
-5.500550055005559713e-02 -2.952228275194160201e+00
-5.440044004400501620e-02 -2.951849287644107811e+00
-5.379537953795443528e-02 -2.951471422953400925e+00
-5.319031903190341026e-02 -2.951094681602264291e+00
-5.258525852585282934e-02 -2.950719064070923103e+00
-5.198019801980224841e-02 -2.950344570839600777e+00
-5.137513751375166748e-02 -2.949971202388523839e+00
-5.077007700770108656e-02 -2.949598959197915704e+00
-5.016501650165050563e-02 -2.949227841748001566e+00
-4.955995599559992471e-02 -2.948857850519007506e+00
-4.895489548954934378e-02 -2.948488985991155609e+00
-4.834983498349876285e-02 -2.948121248644673731e+00
-4.774477447744818193e-02 -2.947754638959784401e+00
-4.713971397139760100e-02 -2.947389157416713257e+00
-4.653465346534702007e-02 -2.947024804495684602e+00
-4.592959295929643915e-02 -2.946661580676924075e+00
-4.532453245324585822e-02 -2.946299486440655979e+00
-4.471947194719527729e-02 -2.945938522267104176e+00
-4.411441144114469637e-02 -2.945578688636496079e+00
-4.350935093509411544e-02 -2.945219986029053771e+00
-4.290429042904353452e-02 -2.944862414925002891e+00
-4.229922992299250950e-02 -2.944505975804568187e+00
-4.169416941694192857e-02 -2.944150669147975741e+00
-4.108910891089134765e-02 -2.943796495435448080e+00
-4.048404840484076672e-02 -2.943443455147212617e+00
-3.987898789879018580e-02 -2.943091548763491438e+00
-3.927392739273960487e-02 -2.942740776764511068e+00
-3.866886688668902394e-02 -2.942391139630495367e+00
-3.806380638063844302e-02 -2.942042637841669972e+00
-3.745874587458786209e-02 -2.941695271878259632e+00
-3.685368536853728116e-02 -2.941349042220488652e+00
-3.624862486248670024e-02 -2.941003949348581337e+00
-3.564356435643611931e-02 -2.940659993742763323e+00
-3.503850385038553839e-02 -2.940317175883259804e+00
-3.443344334433495746e-02 -2.939975496250293308e+00
-3.382838283828437653e-02 -2.939634955324092136e+00
-3.322332233223379561e-02 -2.939295553584878373e+00
-3.261826182618321468e-02 -2.938957291512877212e+00
-3.201320132013263375e-02 -2.938620169588314290e+00
-3.140814081408205283e-02 -2.938284188291413912e+00
-3.080308030803102781e-02 -2.937949348102400382e+00
-3.019801980198044689e-02 -2.937615649501499338e+00
-2.959295929592986596e-02 -2.937283092968935971e+00
-2.898789878987928503e-02 -2.936951678984933700e+00
-2.838283828382870411e-02 -2.936621408029717273e+00
-2.777777777777812318e-02 -2.936292280583513659e+00
-2.717271727172754225e-02 -2.935964297126544498e+00
-2.656765676567696133e-02 -2.935637458139037204e+00
-2.596259625962638040e-02 -2.935311764101215637e+00
-2.535753575357579948e-02 -2.934987215493303214e+00
-2.475247524752521855e-02 -2.934663812795527349e+00
-2.414741474147463762e-02 -2.934341556488111458e+00
-2.354235423542405670e-02 -2.934020447051279845e+00
-2.293729372937347577e-02 -2.933700484965258592e+00
-2.233223322332289484e-02 -2.933381670710271560e+00
-2.172717271727231392e-02 -2.933064004766542610e+00
-2.112211221122173299e-02 -2.932747487614299153e+00
-2.051705170517115207e-02 -2.932432119733762832e+00
-1.991199119912012705e-02 -2.932117901605161059e+00
-1.930693069306954612e-02 -2.931804833708717695e+00
-1.870187018701896520e-02 -2.931492916524657488e+00
-1.809680968096838427e-02 -2.931182150533204300e+00
-1.749174917491780334e-02 -2.930872536214584212e+00
-1.688668866886722242e-02 -2.930564074049022860e+00
-1.628162816281664149e-02 -2.930256764516741441e+00
-1.567656765676606057e-02 -2.929950608097968701e+00
-1.507150715071547964e-02 -2.929645605272928055e+00
-1.446644664466489871e-02 -2.929341756521843365e+00
-1.386138613861431779e-02 -2.929039062324939380e+00
-1.325632563256373686e-02 -2.928737523162442624e+00
-1.265126512651315593e-02 -2.928437139514577403e+00
-1.204620462046257501e-02 -2.928137911861567133e+00
-1.144114411441199408e-02 -2.927839840683637451e+00
-1.083608360836141316e-02 -2.927542926461013106e+00
-1.023102310231083223e-02 -2.927247169673919736e+00
-9.625962596260251303e-03 -2.926952570802579867e+00
-9.020902090209670376e-03 -2.926659130327220915e+00
-8.415841584158645361e-03 -2.926366848728065406e+00
-7.810781078108064435e-03 -2.926075726485339867e+00
-7.205720572057483508e-03 -2.925785764079268159e+00
-6.600660066006902582e-03 -2.925496961990075029e+00
-5.995599559956321656e-03 -2.925209320697986559e+00
-5.390539053905740730e-03 -2.924922840683226166e+00
-4.785478547855159803e-03 -2.924637522426018599e+00
-4.180418041804578877e-03 -2.924353366406589050e+00
-3.575357535753997951e-03 -2.924070373105162712e+00
-2.970297029703417024e-03 -2.923788543001963447e+00
-2.365236523652836098e-03 -2.923507876577218223e+00
-1.760176017602255172e-03 -2.923228374311148681e+00
-1.155115511551674246e-03 -2.922950036683980457e+00
-5.500550055010933193e-04 -2.922672864175940077e+00
5.500550054993169624e-05 -2.922396857267250958e+00
6.600660066000685333e-04 -2.922122016438138736e+00
1.265126512651093549e-03 -2.921848342168826385e+00
1.870187018701230386e-03 -2.921575834939540872e+00
2.475247524752255401e-03 -2.921304495230506060e+00
3.080308030802392238e-03 -2.921034323521947140e+00
3.685368536853417254e-03 -2.920765320294087086e+00
4.290429042903554091e-03 -2.920497486027152867e+00
4.895489548954579107e-03 -2.920230821201368343e+00
5.500550055004715944e-03 -2.919965326296959596e+00
6.105610561055740959e-03 -2.919701001794148265e+00
6.710671067105877796e-03 -2.919437848173163097e+00
7.315731573156902812e-03 -2.919175865914225732e+00
7.920792079207927827e-03 -2.918915055497562250e+00
8.525852585258064664e-03 -2.918655417403397401e+00
9.130913091309089680e-03 -2.918396952111955933e+00
9.735973597359226517e-03 -2.918139660103462596e+00
1.034103410341025153e-02 -2.917883541858142582e+00
1.094609460946038837e-02 -2.917628597856219752e+00
1.155115511551141338e-02 -2.917374828577919743e+00
1.215621562156155022e-02 -2.917122234503466860e+00
1.276127612761257524e-02 -2.916870816113086295e+00
1.336633663366271207e-02 -2.916620573887003243e+00
1.397139713971373709e-02 -2.916371508305440230e+00
1.457645764576387393e-02 -2.916123619848625115e+00
1.518151815181489894e-02 -2.915876908996780426e+00
1.578657865786503578e-02 -2.915631376230132688e+00
1.639163916391606080e-02 -2.915387022028904429e+00
1.699669966996619763e-02 -2.915143846873322619e+00
1.760176017601722265e-02 -2.914901851243610231e+00
1.820682068206735948e-02 -2.914661035619994678e+00
1.881188118811838450e-02 -2.914421400482697599e+00
1.941694169416940952e-02 -2.914182946311945521e+00
2.002200220021954635e-02 -2.913945673587964080e+00
2.062706270627057137e-02 -2.913709582790976249e+00
2.123212321232070821e-02 -2.913474674401207665e+00
2.183718371837173322e-02 -2.913240948898882632e+00
2.244224422442187006e-02 -2.913008406764226788e+00
2.304730473047289507e-02 -2.912777048477463993e+00
2.365236523652303191e-02 -2.912546874518819884e+00
2.425742574257405693e-02 -2.912317885368518322e+00
2.486248624862419376e-02 -2.912090081506784500e+00
2.546754675467521878e-02 -2.911863463413844055e+00
2.607260726072535562e-02 -2.911638031569920404e+00
2.667766776677638063e-02 -2.911413786455239183e+00
2.728272827282651747e-02 -2.911190728550025142e+00
2.788778877887754248e-02 -2.910968858334502585e+00
2.849284928492767932e-02 -2.910748176288897149e+00
2.909790979097870434e-02 -2.910528682893432695e+00
2.970297029702884117e-02 -2.910310378628333972e+00
3.030803080307986619e-02 -2.910093263973827060e+00
3.091309130913089120e-02 -2.909877339410134489e+00
3.151815181518102804e-02 -2.909662605417483672e+00
3.212321232123205306e-02 -2.909449062476098025e+00
3.272827282728218989e-02 -2.909236711066202297e+00
3.333333333333321491e-02 -2.909025551668021237e+00
3.393839383938335175e-02 -2.908815584761780482e+00
3.454345434543437676e-02 -2.908606810827703448e+00
3.514851485148451360e-02 -2.908399230346015774e+00
3.575357535753553861e-02 -2.908192843796942650e+00
3.635863586358567545e-02 -2.907987651660708384e+00
3.696369636963670047e-02 -2.907783654417536834e+00
3.756875687568683730e-02 -2.907580852547654526e+00
3.817381738173786232e-02 -2.907379246531284434e+00
3.877887788778799916e-02 -2.907178836848653081e+00
3.938393839383902417e-02 -2.906979623979984773e+00
3.998899889988916101e-02 -2.906781608405503370e+00
4.059405940594018602e-02 -2.906584790605434065e+00
4.119911991199032286e-02 -2.906389171060002496e+00
4.180418041804134788e-02 -2.906194750249432524e+00
4.240924092409237289e-02 -2.906001528653948895e+00
4.301430143014250973e-02 -2.905809506753778138e+00
4.361936193619353475e-02 -2.905618685029141890e+00
4.422442244224367158e-02 -2.905429063960268010e+00
4.482948294829469660e-02 -2.905240644027379027e+00
4.543454345434483344e-02 -2.905053425710701909e+00
4.603960396039585845e-02 -2.904867409490459185e+00
4.664466446644599529e-02 -2.904682595846876936e+00
4.724972497249702030e-02 -2.904498985260179467e+00
4.785478547854715714e-02 -2.904316578210592414e+00
4.845984598459818216e-02 -2.904135375178339640e+00
4.906490649064831899e-02 -2.903955376643645447e+00
4.966996699669934401e-02 -2.903776583086735474e+00
5.027502750274948085e-02 -2.903598994987836246e+00
5.088008800880050586e-02 -2.903422612827169402e+00
5.148514851485064270e-02 -2.903247437084961469e+00
5.209020902090166771e-02 -2.903073468241435862e+00
5.269526952695269273e-02 -2.902900706776819106e+00
5.330033003300282957e-02 -2.902729153171335952e+00
5.390539053905385458e-02 -2.902558807905208926e+00
5.451045104510399142e-02 -2.902389671458664999e+00
5.511551155115501643e-02 -2.902221744311928919e+00
5.572057205720515327e-02 -2.902055026945223659e+00
5.632563256325617829e-02 -2.901889519838776188e+00
5.693069306930631512e-02 -2.901725223472810367e+00
5.753575357535734014e-02 -2.901562138327550944e+00
5.814081408140747698e-02 -2.901400264883222668e+00
5.874587458745850199e-02 -2.901239603620049845e+00
5.935093509350863883e-02 -2.901080155018257667e+00
5.995599559955966384e-02 -2.900921919558071771e+00
6.056105610560980068e-02 -2.900764897719716018e+00
6.116611661166082570e-02 -2.900609089983414712e+00
6.177117711771096253e-02 -2.900454496829393936e+00
6.237623762376198755e-02 -2.900301118737877548e+00
6.298129812981212439e-02 -2.900148956189090743e+00
6.358635863586314940e-02 -2.899998009663258713e+00
6.419141914191417442e-02 -2.899848279640605320e+00
6.479647964796431125e-02 -2.899699766601355311e+00
6.540154015401533627e-02 -2.899552471025734768e+00
6.600660066006547311e-02 -2.899406393393967107e+00
6.661166116611649812e-02 -2.899261534186277967e+00
6.721672167216663496e-02 -2.899117893882891650e+00
6.782178217821765998e-02 -2.898975472964032907e+00
6.842684268426779681e-02 -2.898834271909927818e+00
6.903190319031882183e-02 -2.898694291200798467e+00
6.963696369636895867e-02 -2.898555531316872269e+00
7.024202420241998368e-02 -2.898417992738373083e+00
7.084708470847012052e-02 -2.898281675945524771e+00
7.145214521452114553e-02 -2.898146581418553858e+00
7.205720572057128237e-02 -2.898012709637684203e+00
7.266226622662230739e-02 -2.897880061083139669e+00
7.326732673267244422e-02 -2.897748636235147224e+00
7.387238723872346924e-02 -2.897618435573930284e+00
7.447744774477360608e-02 -2.897489459579713156e+00
7.508250825082463109e-02 -2.897361708732721475e+00
7.568756875687565611e-02 -2.897235183513179546e+00
7.629262926292579294e-02 -2.897109884401313007e+00
7.689768976897681796e-02 -2.896985811877346162e+00
7.750275027502695480e-02 -2.896862966421503316e+00
7.810781078107797981e-02 -2.896741348514009662e+00
7.871287128712811665e-02 -2.896620958635089949e+00
7.931793179317914166e-02 -2.896501797264969369e+00
7.992299229922927850e-02 -2.896383864883871784e+00
8.052805280528030352e-02 -2.896267161972023274e+00
8.113311331133044035e-02 -2.896151689009647701e+00
8.173817381738146537e-02 -2.896037446476969812e+00
8.234323432343160221e-02 -2.895924434854213914e+00
8.294829482948262722e-02 -2.895812654621606086e+00
8.355335533553276406e-02 -2.895702106259371078e+00
8.415841584158378907e-02 -2.895592790247732751e+00
8.476347634763392591e-02 -2.895484707066915853e+00
8.536853685368495093e-02 -2.895377857197146021e+00
8.597359735973597594e-02 -2.895272241118647116e+00
8.657865786578611278e-02 -2.895167859311644776e+00
8.718371837183713779e-02 -2.895064712256363748e+00
8.778877887788727463e-02 -2.894962800433029226e+00
8.839383938393829965e-02 -2.894862124321863739e+00
8.899889988998843648e-02 -2.894762684403094255e+00
8.960396039603946150e-02 -2.894664481156944635e+00
9.020902090208959834e-02 -2.894567515063640073e+00
9.081408140814062335e-02 -2.894471786603405761e+00
9.141914191419076019e-02 -2.894377296256465559e+00
9.202420242024178521e-02 -2.894284044503044662e+00
9.262926292629192204e-02 -2.894192031823367817e+00
9.323432343234294706e-02 -2.894101258697659329e+00
9.383938393839308389e-02 -2.894011725606145724e+00
9.444444444444410891e-02 -2.893923433029049974e+00
9.504950495049424575e-02 -2.893836381446597272e+00
9.565456545654527076e-02 -2.893750571339012811e+00
9.625962596259540760e-02 -2.893666003186520452e+00
9.686468646864643262e-02 -2.893582677469346276e+00
9.746974697469745763e-02 -2.893500594667715031e+00
9.807480748074759447e-02 -2.893419755261851023e+00
9.867986798679861948e-02 -2.893340159731978112e+00
9.928492849284875632e-02 -2.893261808558321935e+00
9.988998899889978134e-02 -2.893184702221107685e+00
1.004950495049499182e-01 -2.893108841200559667e+00
1.011001100110009432e-01 -2.893034225976903073e+00
1.017051705170510800e-01 -2.892960857030362654e+00
1.023102310231021050e-01 -2.892888734841162268e+00
1.029152915291522419e-01 -2.892817859889527554e+00
1.035203520352032669e-01 -2.892748232655682816e+00
1.041254125412534037e-01 -2.892679853619853247e+00
1.047304730473044287e-01 -2.892612723262264485e+00
1.053355335533545656e-01 -2.892546842063139501e+00
1.059405940594055906e-01 -2.892482210502703488e+00
1.065456545654557274e-01 -2.892418829061182528e+00
1.071507150715067525e-01 -2.892356698218800037e+00
1.077557755775568893e-01 -2.892295818455781653e+00
1.083608360836079143e-01 -2.892236190252352124e+00
1.089658965896589393e-01 -2.892177814088735310e+00
1.095709570957090762e-01 -2.892120690445157294e+00
1.101760176017601012e-01 -2.892064819801841491e+00
1.107810781078102380e-01 -2.892010202639013539e+00
1.113861386138612630e-01 -2.891956839436898630e+00
1.119911991199113999e-01 -2.891904730675721069e+00
1.125962596259624249e-01 -2.891853876835705162e+00
1.132013201320125617e-01 -2.891804278397076544e+00
1.138063806380635867e-01 -2.891755935840059077e+00
1.144114411441137236e-01 -2.891708849644878399e+00
1.150165016501647486e-01 -2.891663020291758812e+00
1.156215621562148854e-01 -2.891618448260925511e+00
1.162266226622659104e-01 -2.891575134032602357e+00
1.168316831683160473e-01 -2.891533078087014985e+00
1.174367436743670723e-01 -2.891492280904388590e+00
1.180418041804172091e-01 -2.891452742964947475e+00
1.186468646864682341e-01 -2.891414464748915947e+00
1.192519251925183710e-01 -2.891377446736519197e+00
1.198569856985693960e-01 -2.891341689407981974e+00
1.204620462046204210e-01 -2.891307193243529028e+00
1.210671067106705578e-01 -2.891273958723385107e+00
1.216721672167215829e-01 -2.891241986327775404e+00
1.222772277227717197e-01 -2.891211276536924224e+00
1.228822882288227447e-01 -2.891181829831056760e+00
1.234873487348728816e-01 -2.891153646690397316e+00
1.240924092409239066e-01 -2.891126727595170642e+00
1.246974697469740434e-01 -2.891101073025602375e+00
1.253025302530250684e-01 -2.891076683461917263e+00
1.259075907590752053e-01 -2.891053559384338723e+00
1.265126512651262303e-01 -2.891031701273092391e+00
1.271177117711763671e-01 -2.891011109608403018e+00
1.277227722772273921e-01 -2.890991784870495795e+00
1.283278327832775290e-01 -2.890973727539593696e+00
1.289328932893285540e-01 -2.890956938095925910e+00
1.295379537953786908e-01 -2.890941417019712301e+00
1.301430143014297158e-01 -2.890927164791179838e+00
1.307480748074807408e-01 -2.890914181890553269e+00
1.313531353135308777e-01 -2.890902468798057345e+00
1.319581958195819027e-01 -2.890892025993916370e+00
1.325632563256320395e-01 -2.890882853958355536e+00
1.331683168316830645e-01 -2.890874953171599593e+00
1.337733773377332014e-01 -2.890868324113873733e+00
1.343784378437842264e-01 -2.890862967265401817e+00
1.349834983498343632e-01 -2.890858883106409483e+00
1.355885588558853883e-01 -2.890856072117121034e+00
1.361936193619355251e-01 -2.890854534777761664e+00
1.367986798679865501e-01 -2.890854271568555678e+00
1.374037403740366869e-01 -2.890855282969727824e+00
1.380088008800877120e-01 -2.890857569461503296e+00
1.386138613861378488e-01 -2.890861131524106842e+00
1.392189218921888738e-01 -2.890865969637763655e+00
1.398239823982390106e-01 -2.890872084282697596e+00
1.404290429042900357e-01 -2.890879475939133414e+00
1.410341034103401725e-01 -2.890888145087296301e+00
1.416391639163911975e-01 -2.890898092207412340e+00
1.422442244224422225e-01 -2.890909317779704502e+00
1.428492849284923594e-01 -2.890921822284397535e+00
1.434543454345433844e-01 -2.890935606201717967e+00
1.440594059405935212e-01 -2.890950670011887880e+00
1.446644664466445462e-01 -2.890967014195134244e+00
1.452695269526946831e-01 -2.890984639231681808e+00
1.458745874587457081e-01 -2.891003545601754876e+00
1.464796479647958449e-01 -2.891023733785578198e+00
1.470847084708468699e-01 -2.891045204263375190e+00
1.476897689768970068e-01 -2.891067957515373266e+00
1.482948294829480318e-01 -2.891091994021795841e+00
1.488998899889981686e-01 -2.891117314262866778e+00
1.495049504950491936e-01 -2.891143918718813044e+00
1.501100110010993305e-01 -2.891171807869858057e+00
1.507150715071503555e-01 -2.891200982196226121e+00
1.513201320132004923e-01 -2.891231442178143318e+00
1.519251925192515174e-01 -2.891263188295833508e+00
1.525302530253016542e-01 -2.891296221029522329e+00
1.531353135313526792e-01 -2.891330540859433640e+00
1.537403740374037042e-01 -2.891366148265792191e+00
1.543454345434538411e-01 -2.891403043728823619e+00
1.549504950495048661e-01 -2.891441227728752228e+00
1.555555555555550029e-01 -2.891480700745802324e+00
1.561606160616060279e-01 -2.891521463260200875e+00
1.567656765676561648e-01 -2.891563515752169966e+00
1.573707370737071898e-01 -2.891606858701935234e+00
1.579757975797573266e-01 -2.891651492589722316e+00
1.585808580858083516e-01 -2.891697417895754629e+00
1.591859185918584885e-01 -2.891744635100258698e+00
1.597909790979095135e-01 -2.891793144683457939e+00
1.603960396039596503e-01 -2.891842947125576213e+00
1.610011001100106753e-01 -2.891894042906841378e+00
1.616061606160608122e-01 -2.891946432507475073e+00
1.622112211221118372e-01 -2.892000116407704713e+00
1.628162816281619740e-01 -2.892055095087753713e+00
1.634213421342129990e-01 -2.892111369027845935e+00
1.640264026402631359e-01 -2.892168938708207904e+00
1.646314631463141609e-01 -2.892227804609063480e+00
1.652365236523651859e-01 -2.892287967210638300e+00
1.658415841584153227e-01 -2.892349426993156225e+00
1.664466446644663478e-01 -2.892412184436842004e+00
1.670517051705164846e-01 -2.892476240021921274e+00
1.676567656765675096e-01 -2.892541594228618340e+00
1.682618261826176465e-01 -2.892608247537157062e+00
1.688668866886686715e-01 -2.892676200427763966e+00
1.694719471947188083e-01 -2.892745453380663356e+00
1.700770077007698333e-01 -2.892816006876079538e+00
1.706820682068199702e-01 -2.892887861394236815e+00
1.712871287128709952e-01 -2.892961017415360825e+00
1.718921892189211320e-01 -2.893035475419675873e+00
1.724972497249721570e-01 -2.893111235887407595e+00
1.731023102310222939e-01 -2.893188299298779853e+00
1.737073707370733189e-01 -2.893266666134018283e+00
1.743124312431234557e-01 -2.893346336873347191e+00
1.749174917491744807e-01 -2.893427311996990881e+00
1.755225522552255057e-01 -2.893509591985174989e+00
1.761276127612756426e-01 -2.893593177318123377e+00
1.767326732673266676e-01 -2.893678068476061682e+00
1.773377337733768044e-01 -2.893764265939214653e+00
1.779427942794278295e-01 -2.893851770187806149e+00
1.785478547854779663e-01 -2.893940581702061809e+00
1.791529152915289913e-01 -2.894030700962206826e+00
1.797579757975791281e-01 -2.894122128448464171e+00
1.803630363036301532e-01 -2.894214864641060814e+00
1.809680968096802900e-01 -2.894308910020221060e+00
1.815731573157313150e-01 -2.894404265066168325e+00
1.821782178217814518e-01 -2.894500930259129134e+00
1.827832783278324769e-01 -2.894598906079326017e+00
1.833883388338826137e-01 -2.894698193006986386e+00
1.839933993399336387e-01 -2.894798791522333659e+00
1.845984598459837756e-01 -2.894900702105592138e+00
1.852035203520348006e-01 -2.895003925236987463e+00
1.858085808580849374e-01 -2.895108461396744826e+00
1.864136413641359624e-01 -2.895214311065087642e+00
1.870187018701869874e-01 -2.895321474722241994e+00
1.876237623762371243e-01 -2.895429952848432187e+00
1.882288228822881493e-01 -2.895539745923882524e+00
1.888338833883382861e-01 -2.895650854428819088e+00
1.894389438943893111e-01 -2.895763278843464850e+00
1.900440044004394480e-01 -2.895877019648046780e+00
1.906490649064904730e-01 -2.895992077322786962e+00
1.912541254125406098e-01 -2.896108452347911921e+00
1.918591859185916348e-01 -2.896226145203646851e+00
1.924642464246417717e-01 -2.896345156370215612e+00
1.930693069306927967e-01 -2.896465486327842953e+00
1.936743674367429335e-01 -2.896587135556754511e+00
1.942794279427939586e-01 -2.896710104537174146e+00
1.948844884488440954e-01 -2.896834393749327052e+00
1.954895489548951204e-01 -2.896960003673437978e+00
1.960946094609452572e-01 -2.897086934789731671e+00
1.966996699669962823e-01 -2.897215187578433326e+00
1.973047304730464191e-01 -2.897344762519766803e+00
1.979097909790974441e-01 -2.897475660093958183e+00
1.985148514851484691e-01 -2.897607880781231326e+00
1.991199119911986060e-01 -2.897741425061810983e+00
1.997249724972496310e-01 -2.897876293415922344e+00
2.003300330032997678e-01 -2.898012486219509132e+00
2.009350935093507928e-01 -2.898150001893739169e+00
2.015401540154009297e-01 -2.898288837123700556e+00
2.021452145214519547e-01 -2.898428988534136330e+00
2.027502750275020915e-01 -2.898570452749787751e+00
2.033553355335531165e-01 -2.898713226395394749e+00
2.039603960396032534e-01 -2.898857306095700359e+00
2.045654565456542784e-01 -2.899002688475447176e+00
2.051705170517044152e-01 -2.899149370159375128e+00
2.057755775577554402e-01 -2.899297347772226363e+00
2.063806380638055771e-01 -2.899446617938742587e+00
2.069856985698566021e-01 -2.899597177283665950e+00
2.075907590759067389e-01 -2.899749022431737711e+00
2.081958195819577639e-01 -2.899902150007699575e+00
2.088008800880087890e-01 -2.900056556636292360e+00
2.094059405940589258e-01 -2.900212238942259102e+00
2.100110011001099508e-01 -2.900369193550340174e+00
2.106160616061600876e-01 -2.900527417085277726e+00
2.112211221122111127e-01 -2.900686906171814350e+00
2.118261826182612495e-01 -2.900847657434689530e+00
2.124312431243122745e-01 -2.901009667498647193e+00
2.130363036303624114e-01 -2.901172932988427267e+00
2.136413641364134364e-01 -2.901337450528772344e+00
2.142464246424635732e-01 -2.901503216744424130e+00
2.148514851485145982e-01 -2.901670228260123441e+00
2.154565456545647351e-01 -2.901838481700612427e+00
2.160616061606157601e-01 -2.902007973690632348e+00
2.166666666666658969e-01 -2.902178700854926241e+00
2.172717271727169219e-01 -2.902350659818233591e+00
2.178767876787670588e-01 -2.902523847205297436e+00
2.184818481848180838e-01 -2.902698259640859924e+00
2.190869086908682206e-01 -2.902873893749661427e+00
2.196919691969192456e-01 -2.903050746156443207e+00
2.202970297029702706e-01 -2.903228813485948301e+00
2.209020902090204075e-01 -2.903408092362917969e+00
2.215071507150714325e-01 -2.903588579412093473e+00
2.221122112211215693e-01 -2.903770271258217406e+00
2.227172717271725944e-01 -2.903953164526029251e+00
2.233223322332227312e-01 -2.904137255840272047e+00
2.239273927392737562e-01 -2.904322541825688386e+00
2.245324532453238930e-01 -2.904509019107019085e+00
2.251375137513749181e-01 -2.904696684309005850e+00
2.257425742574250549e-01 -2.904885534056388607e+00
2.263476347634760799e-01 -2.905075564973911284e+00
2.269526952695262167e-01 -2.905266773686314252e+00
2.275577557755772418e-01 -2.905459156818340549e+00
2.281628162816273786e-01 -2.905652710994730548e+00
2.287678767876784036e-01 -2.905847432840226841e+00
2.293729372937285405e-01 -2.906043318979568912e+00
2.299779977997795655e-01 -2.906240366037500245e+00
2.305830583058297023e-01 -2.906438570638762986e+00
2.311881188118807273e-01 -2.906637929408097509e+00
2.317931793179317523e-01 -2.906838438970247296e+00
2.323982398239818892e-01 -2.907040095949950498e+00
2.330033003300329142e-01 -2.907242896971952817e+00
2.336083608360830510e-01 -2.907446838660992405e+00
2.342134213421340760e-01 -2.907651917641812300e+00
2.348184818481842129e-01 -2.907858130539154651e+00
2.354235423542352379e-01 -2.908065473977761162e+00
2.360286028602853747e-01 -2.908273944582372650e+00
2.366336633663363997e-01 -2.908483538977731264e+00
2.372387238723865366e-01 -2.908694253788578266e+00
2.378437843784375616e-01 -2.908906085639655803e+00
2.384488448844876984e-01 -2.909119031155705581e+00
2.390539053905387235e-01 -2.909333086961468862e+00
2.396589658965888603e-01 -2.909548249681685572e+00
2.402640264026398853e-01 -2.909764515941100971e+00
2.408690869086900221e-01 -2.909981882364454098e+00
2.414741474147410472e-01 -2.910200345576487102e+00
2.420792079207911840e-01 -2.910419902201941689e+00
2.426842684268422090e-01 -2.910640548865560895e+00
2.432893289328932340e-01 -2.910862282192085093e+00
2.438943894389433709e-01 -2.911085098806255100e+00
2.444994499449943959e-01 -2.911308995332813065e+00
2.451045104510445327e-01 -2.911533968396500693e+00
2.457095709570955577e-01 -2.911760014622061021e+00
2.463146314631456946e-01 -2.911987130634233978e+00
2.469196919691967196e-01 -2.912215313057762156e+00
2.475247524752468564e-01 -2.912444558517385929e+00
2.481298129812978814e-01 -2.912674863637848333e+00
2.487348734873480183e-01 -2.912906225043890629e+00
2.493399339933990433e-01 -2.913138639360254523e+00
2.499449944994491801e-01 -2.913372103211680386e+00
2.505500550055002051e-01 -2.913606613222911701e+00
2.511551155115503420e-01 -2.913842166018689284e+00
2.517601760176013670e-01 -2.914078758223754839e+00
2.523652365236515038e-01 -2.914316386462849628e+00
2.529702970297025288e-01 -2.914555047360716689e+00
2.535753575357535539e-01 -2.914794737542095060e+00
2.541804180418036907e-01 -2.915035453631729112e+00
2.547854785478547157e-01 -2.915277192254358329e+00
2.553905390539048526e-01 -2.915519950034726637e+00
2.559955995599558776e-01 -2.915763723597573964e+00
2.566006600660060144e-01 -2.916008509567641571e+00
2.572057205720570394e-01 -2.916254304569671607e+00
2.578107810781071763e-01 -2.916501105228406665e+00
2.584158415841582013e-01 -2.916748908168588006e+00
2.590209020902083381e-01 -2.916997710014955558e+00
2.596259625962593631e-01 -2.917247507392254136e+00
2.602310231023095000e-01 -2.917498296925222334e+00
2.608360836083605250e-01 -2.917750075238603635e+00
2.614411441144106618e-01 -2.918002838957138412e+00
2.620462046204616868e-01 -2.918256584705570145e+00
2.626512651265118237e-01 -2.918511309108638319e+00
2.632563256325628487e-01 -2.918767008791085971e+00
2.638613861386129855e-01 -2.919023680377653918e+00
2.644664466446640105e-01 -2.919281320493085197e+00
2.650715071507150356e-01 -2.919539925762119736e+00
2.656765676567651724e-01 -2.919799492809499242e+00
2.662816281628161974e-01 -2.920060018259967194e+00
2.668866886688663342e-01 -2.920321498738263966e+00
2.674917491749173593e-01 -2.920583930869130818e+00
2.680968096809674961e-01 -2.920847311277309011e+00
2.687018701870185211e-01 -2.921111636587542026e+00
2.693069306930686579e-01 -2.921376903424570681e+00
2.699119911991196830e-01 -2.921643108413135792e+00
2.705170517051698198e-01 -2.921910248177979952e+00
2.711221122112208448e-01 -2.922178319343843977e+00
2.717271727172709817e-01 -2.922447318535470462e+00
2.723322332233220067e-01 -2.922717242377601110e+00
2.729372937293721435e-01 -2.922988087494976295e+00
2.735423542354231685e-01 -2.923259850512339053e+00
2.741474147414733054e-01 -2.923532528054429758e+00
2.747524752475243304e-01 -2.923806116745991002e+00
2.753575357535744672e-01 -2.924080613211763602e+00
2.759625962596254922e-01 -2.924356014076490595e+00
2.765676567656765172e-01 -2.924632315964911911e+00
2.771727172717266541e-01 -2.924909515501770141e+00
2.777777777777776791e-01 -2.925187609311806991e+00
2.783828382838278159e-01 -2.925466594019763278e+00
2.789878987898788409e-01 -2.925746466250382039e+00
2.795929592959289778e-01 -2.926027222628402757e+00
2.801980198019800028e-01 -2.926308859778570692e+00
2.808030803080301396e-01 -2.926591374325622663e+00
2.814081408140811646e-01 -2.926874762894303927e+00
2.820132013201313015e-01 -2.927159022109354858e+00
2.826182618261823265e-01 -2.927444148595517603e+00
2.832233223322324633e-01 -2.927730138977533869e+00
2.838283828382834884e-01 -2.928016989880144028e+00
2.844334433443336252e-01 -2.928304697928091116e+00
2.850385038503846502e-01 -2.928593259746116395e+00
2.856435643564347870e-01 -2.928882671958960238e+00
2.862486248624858121e-01 -2.929172931191366569e+00
2.868536853685368371e-01 -2.929464034068076650e+00
2.874587458745869739e-01 -2.929755977213829521e+00
2.880638063806379989e-01 -2.930048757253369551e+00
2.886688668866881358e-01 -2.930342370811437558e+00
2.892739273927391608e-01 -2.930636814512774801e+00
2.898789878987892976e-01 -2.930932084982122987e+00
2.904840484048403226e-01 -2.931228178844224264e+00
2.910891089108904595e-01 -2.931525092723819892e+00
2.916941694169414845e-01 -2.931822823245651133e+00
2.922992299229916213e-01 -2.932121367034460580e+00
2.929042904290426463e-01 -2.932420720714989493e+00
2.935093509350927832e-01 -2.932720880911978689e+00
2.941144114411438082e-01 -2.933021844250171650e+00
2.947194719471939450e-01 -2.933323607354307860e+00
2.953245324532449700e-01 -2.933626166849130357e+00
2.959295929592951069e-01 -2.933929519359380400e+00
2.965346534653461319e-01 -2.934233661509798807e+00
2.971397139713962687e-01 -2.934538589925128615e+00
2.977447744774472937e-01 -2.934844301230111974e+00
2.983498349834983188e-01 -2.935150792049488366e+00
2.989548954895484556e-01 -2.935458059008000387e+00
2.995599559955994806e-01 -2.935766098730390183e+00
3.001650165016496175e-01 -2.936074907841398574e+00
3.007700770077006425e-01 -2.936384482965767706e+00
3.013751375137507793e-01 -2.936694820728239286e+00
3.019801980198018043e-01 -2.937005917753555462e+00
3.025852585258519412e-01 -2.937317770666456163e+00
3.031903190319029662e-01 -2.937630376091683537e+00
3.037953795379531030e-01 -2.937943730653981067e+00
3.044004400440041280e-01 -2.938257830978089125e+00
3.050055005500542649e-01 -2.938572673688748083e+00
3.056105610561052899e-01 -2.938888255410701866e+00
3.062156215621554267e-01 -2.939204572768689960e+00
3.068206820682064517e-01 -2.939521622387456290e+00
3.074257425742565886e-01 -2.939839400891739896e+00
3.080308030803076136e-01 -2.940157904906285591e+00
3.086358635863577504e-01 -2.940477131055832416e+00
3.092409240924087754e-01 -2.940797075965122076e+00
3.098459845984598005e-01 -2.941117736258897608e+00
3.104510451045099373e-01 -2.941439108561899829e+00
3.110561056105609623e-01 -2.941761189498870888e+00
3.116611661166110991e-01 -2.942083975694552489e+00
3.122662266226621242e-01 -2.942407463773684118e+00
3.128712871287122610e-01 -2.942731650361010143e+00
3.134763476347632860e-01 -2.943056532081272270e+00
3.140814081408134228e-01 -2.943382105559209538e+00
3.146864686468644479e-01 -2.943708367419566319e+00
3.152915291529145847e-01 -2.944035314287082095e+00
3.158965896589656097e-01 -2.944362942786499904e+00
3.165016501650157466e-01 -2.944691249542560119e+00
3.171067106710667716e-01 -2.945020231180007109e+00
3.177117711771169084e-01 -2.945349884323578138e+00
3.183168316831679334e-01 -2.945680205598019796e+00
3.189218921892180703e-01 -2.946011191628069348e+00
3.195269526952690953e-01 -2.946342839038471162e+00
3.201320132013192321e-01 -2.946675144453965611e+00
3.207370737073702571e-01 -2.947008104499296177e+00
3.213421342134212821e-01 -2.947341715799201900e+00
3.219471947194714190e-01 -2.947675974978425373e+00
3.225522552255224440e-01 -2.948010878661708301e+00
3.231573157315725808e-01 -2.948346423473793720e+00
3.237623762376236058e-01 -2.948682606039421117e+00
3.243674367436737427e-01 -2.949019422983333083e+00
3.249724972497247677e-01 -2.949356870930270880e+00
3.255775577557749045e-01 -2.949694946504977544e+00
3.261826182618259296e-01 -2.950033646332193449e+00
3.267876787678760664e-01 -2.950372967036660299e+00
3.273927392739270914e-01 -2.950712905243119355e+00
3.279977997799772282e-01 -2.951053457576313210e+00
3.286028602860282533e-01 -2.951394620660982682e+00
3.292079207920783901e-01 -2.951736391121869918e+00
3.298129812981294151e-01 -2.952078765583716624e+00
3.304180418041795519e-01 -2.952421740671264061e+00
3.310231023102305770e-01 -2.952765313009254822e+00
3.316281628162816020e-01 -2.953109479222429279e+00
3.322332233223317388e-01 -2.953454235935529582e+00
3.328382838283827638e-01 -2.953799579773297435e+00
3.334433443344329007e-01 -2.954145507360474099e+00
3.340484048404839257e-01 -2.954492015321801279e+00
3.346534653465340625e-01 -2.954839100282020681e+00
3.352585258525850875e-01 -2.955186758865875785e+00
3.358635863586352244e-01 -2.955534987698103855e+00
3.364686468646862494e-01 -2.955883783403451925e+00
3.370737073707363862e-01 -2.956233142606656372e+00
3.376787678767874112e-01 -2.956583061932463785e+00
3.382838283828375481e-01 -2.956933538005612760e+00
3.388888888888885731e-01 -2.957284567450845447e+00
3.394939493949387099e-01 -2.957636146892902218e+00
3.400990099009897349e-01 -2.957988272956528331e+00
3.407040704070398718e-01 -2.958340942266461493e+00
3.413091309130908968e-01 -2.958694151447446075e+00
3.419141914191410336e-01 -2.959047897124222004e+00
3.425192519251920586e-01 -2.959402175921532763e+00
3.431243124312430837e-01 -2.959756984464118279e+00
3.437293729372932205e-01 -2.960112319376719814e+00
3.443344334433442455e-01 -2.960468177284081293e+00
3.449394939493943824e-01 -2.960824554810941756e+00
3.455445544554454074e-01 -2.961181448582045572e+00
3.461496149614955442e-01 -2.961538855222132227e+00
3.467546754675465692e-01 -2.961896771355943425e+00
3.473597359735967061e-01 -2.962255193608222203e+00
3.479647964796477311e-01 -2.962614118603709379e+00
3.485698569856978679e-01 -2.962973542967145768e+00
3.491749174917488929e-01 -2.963333463323274852e+00
3.497799779977990298e-01 -2.963693876296836560e+00
3.503850385038500548e-01 -2.964054778512574373e+00
3.509900990099001916e-01 -2.964416166595226887e+00
3.515951595159512166e-01 -2.964778037169538916e+00
3.522002200220013535e-01 -2.965140386860250388e+00
3.528052805280523785e-01 -2.965503212292104340e+00
3.534103410341025153e-01 -2.965866510089840702e+00
3.540154015401535403e-01 -2.966230276878202510e+00
3.546204620462045654e-01 -2.966594509281930581e+00
3.552255225522547022e-01 -2.966959203925766175e+00
3.558305830583057272e-01 -2.967324357434451443e+00
3.564356435643558640e-01 -2.967689966432728532e+00
3.570407040704068891e-01 -2.968056027545338260e+00
3.576457645764570259e-01 -2.968422537397022332e+00
3.582508250825080509e-01 -2.968789492612524672e+00
3.588558855885581877e-01 -2.969156889816582545e+00
3.594609460946092128e-01 -2.969524725633941653e+00
3.600660066006593496e-01 -2.969892996689341036e+00
3.606710671067103746e-01 -2.970261699607523287e+00
3.612761276127605115e-01 -2.970630831013230111e+00
3.618811881188115365e-01 -2.971000387531202769e+00
3.624862486248616733e-01 -2.971370365786183410e+00
3.630913091309126983e-01 -2.971740762402914182e+00
3.636963696369628352e-01 -2.972111574006135015e+00
3.643014301430138602e-01 -2.972482797220588502e+00
3.649064906490639970e-01 -2.972854428671016791e+00
3.655115511551150220e-01 -2.973226464982160699e+00
3.661166116611660470e-01 -2.973598902778762820e+00
3.667216721672161839e-01 -2.973971738685563526e+00
3.673267326732672089e-01 -2.974344969327305854e+00
3.679317931793173457e-01 -2.974718591328728845e+00
3.685368536853683707e-01 -2.975092601314578200e+00
3.691419141914185076e-01 -2.975466995909591628e+00
3.697469746974695326e-01 -2.975841771738513941e+00
3.703520352035196694e-01 -2.976216925426084181e+00
3.709570957095706945e-01 -2.976592453597045829e+00
3.715621562156208313e-01 -2.976968352876138368e+00
3.721672167216718563e-01 -2.977344619888107058e+00
3.727722772277219931e-01 -2.977721251257689605e+00
3.733773377337730182e-01 -2.978098243609630380e+00
3.739823982398231550e-01 -2.978475593568669311e+00
3.745874587458741800e-01 -2.978853297759548990e+00
3.751925192519243168e-01 -2.979231352807011124e+00
3.757975797579753419e-01 -2.979609755335796528e+00
3.764026402640263669e-01 -2.979988501970648684e+00
3.770077007700765037e-01 -2.980367589336306189e+00
3.776127612761275287e-01 -2.980747014057512967e+00
3.782178217821776656e-01 -2.981126772759010279e+00
3.788228822882286906e-01 -2.981506862065539831e+00
3.794279427942788274e-01 -2.981887278601842439e+00
3.800330033003298524e-01 -2.982268018992661585e+00
3.806380638063799893e-01 -2.982649079862735420e+00
3.812431243124310143e-01 -2.983030457836810090e+00
3.818481848184811511e-01 -2.983412149539622860e+00
3.824532453245321761e-01 -2.983794151595918542e+00
3.830583058305823130e-01 -2.984176460630437511e+00
3.836633663366333380e-01 -2.984559073267921470e+00
3.842684268426834748e-01 -2.984941986133112568e+00
3.848734873487344998e-01 -2.985325195850751623e+00
3.854785478547846367e-01 -2.985708699045580783e+00
3.860836083608356617e-01 -2.986092492342342197e+00
3.866886688668857985e-01 -2.986476572365776239e+00
3.872937293729368236e-01 -2.986860935740625056e+00
3.878987898789878486e-01 -2.987245579091630798e+00
3.885038503850379854e-01 -2.987630499043535171e+00
3.891089108910890104e-01 -2.988015692221078545e+00
3.897139713971391473e-01 -2.988401155249002628e+00
3.903190319031901723e-01 -2.988786884752052231e+00
3.909240924092403091e-01 -2.989172877354964619e+00
3.915291529152913341e-01 -2.989559129682484162e+00
3.921342134213414710e-01 -2.989945638359350788e+00
3.927392739273924960e-01 -2.990332400010309311e+00
3.933443344334426328e-01 -2.990719411260096550e+00
3.939493949394936578e-01 -2.991106668733458651e+00
3.945544554455437947e-01 -2.991494169055134655e+00
3.951595159515948197e-01 -2.991881908849866267e+00
3.957645764576449565e-01 -2.992269884742395636e+00
3.963696369636959815e-01 -2.992658093357465354e+00
3.969746974697461184e-01 -2.993046531319816239e+00
3.975797579757971434e-01 -2.993435195254189995e+00
3.981848184818472802e-01 -2.993824081785327884e+00
3.987898789878983052e-01 -2.994213187537971610e+00
3.993949394939493303e-01 -2.994602509136863322e+00
3.999999999999994671e-01 -2.994992043206743837e+00
4.006050605060504921e-01 -2.995381786372356192e+00
4.012101210121006289e-01 -2.995771735258440316e+00
4.018151815181516540e-01 -2.996161886489738357e+00
4.024202420242017908e-01 -2.996552236690992910e+00
4.030253025302528158e-01 -2.996942782486945234e+00
4.036303630363029527e-01 -2.997333520502336146e+00
4.042354235423539777e-01 -2.997724447361908684e+00
4.048404840484041145e-01 -2.998115559690403220e+00
4.054455445544551395e-01 -2.998506854112561459e+00
4.060506050605052764e-01 -2.998898327253125107e+00
4.066556655665563014e-01 -2.999289975736838532e+00
4.072607260726064382e-01 -2.999681796188438110e+00
4.078657865786574632e-01 -3.000073785232669099e+00
4.084708470847076001e-01 -3.000465939494272760e+00
4.090759075907586251e-01 -3.000858255597989466e+00
4.096809680968096501e-01 -3.001250730168562697e+00
4.102860286028597869e-01 -3.001643359830733271e+00
4.108910891089108119e-01 -3.002036141209242448e+00
4.114961496149609488e-01 -3.002429070928831489e+00
4.121012101210119738e-01 -3.002822145614242988e+00
4.127062706270621106e-01 -3.003215361890218205e+00
4.133113311331131356e-01 -3.003608716381498844e+00
4.139163916391632725e-01 -3.004002205712825724e+00
4.145214521452142975e-01 -3.004395826508942324e+00
4.151265126512644343e-01 -3.004789575394588574e+00
4.157315731573154594e-01 -3.005183448994506623e+00
4.163366336633655962e-01 -3.005577443933438619e+00
4.169416941694166212e-01 -3.005971556836125824e+00
4.175467546754667580e-01 -3.006365784327309498e+00
4.181518151815177831e-01 -3.006760123031732679e+00
4.187568756875679199e-01 -3.007154569574134850e+00
4.193619361936189449e-01 -3.007549120579259494e+00
4.199669966996690817e-01 -3.007943772671847427e+00
4.205720572057201068e-01 -3.008338522476640353e+00
4.211771177117711318e-01 -3.008733366618379090e+00
4.217821782178212686e-01 -3.009128301721806675e+00
4.223872387238722936e-01 -3.009523324411664813e+00
4.229922992299224305e-01 -3.009918431312693876e+00
4.235973597359734555e-01 -3.010313619049636458e+00
4.242024202420235923e-01 -3.010708884247233819e+00
4.248074807480746173e-01 -3.011104223530226776e+00
4.254125412541247542e-01 -3.011499633523359254e+00
4.260176017601757792e-01 -3.011895110851371182e+00
4.266226622662259160e-01 -3.012290652139003821e+00
4.272277227722769410e-01 -3.012686254011000209e+00
4.278327832783270779e-01 -3.013081913092101161e+00
4.284378437843781029e-01 -3.013477626007048826e+00
4.290429042904282397e-01 -3.013873389380583578e+00
4.296479647964792647e-01 -3.014269199837448454e+00
4.302530253025294016e-01 -3.014665054002383826e+00
4.308580858085804266e-01 -3.015060948500132731e+00
4.314631463146305634e-01 -3.015456879955436431e+00
4.320682068206815885e-01 -3.015852844993036186e+00
4.326732673267326135e-01 -3.016248840237673257e+00
4.332783278327827503e-01 -3.016644862314089792e+00
4.338833883388337753e-01 -3.017040907847028830e+00
4.344884488448839122e-01 -3.017436973461228966e+00
4.350935093509349372e-01 -3.017833055781434126e+00
4.356985698569850740e-01 -3.018229151432384683e+00
4.363036303630360990e-01 -3.018625257038823229e+00
4.369086908690862359e-01 -3.019021369225490137e+00
4.375137513751372609e-01 -3.019417484617129332e+00
4.381188118811873977e-01 -3.019813599838480744e+00
4.387238723872384227e-01 -3.020209711514286521e+00
4.393289328932885596e-01 -3.020605816269287480e+00
4.399339933993395846e-01 -3.021001910728226214e+00
4.405390539053897214e-01 -3.021397991515843984e+00
4.411441144114407464e-01 -3.021794055256882050e+00
4.417491749174908833e-01 -3.022190098576083006e+00
4.423542354235419083e-01 -3.022586118098188557e+00
4.429592959295920451e-01 -3.022982110447938631e+00
4.435643564356430701e-01 -3.023378072250076709e+00
4.441694169416940952e-01 -3.023774000129343609e+00
4.447744774477442320e-01 -3.024169890710480590e+00
4.453795379537952570e-01 -3.024565740618230691e+00
4.459845984598453938e-01 -3.024961546477332952e+00
4.465896589658964189e-01 -3.025357304912532186e+00
4.471947194719465557e-01 -3.025753012548568321e+00
4.477997799779975807e-01 -3.026148666010182620e+00
4.484048404840477176e-01 -3.026544261922117673e+00
4.490099009900987426e-01 -3.026939796909115632e+00
4.496149614961488794e-01 -3.027335267595915536e+00
4.502200220021999044e-01 -3.027730670607262198e+00
4.508250825082500413e-01 -3.028126002567895103e+00
4.514301430143010663e-01 -3.028521260102557289e+00
4.520352035203512031e-01 -3.028916439835988683e+00
4.526402640264022281e-01 -3.029311538392932768e+00
4.532453245324523650e-01 -3.029706552398129471e+00
4.538503850385033900e-01 -3.030101478476322274e+00
4.544554455445544150e-01 -3.030496313252251994e+00
4.550605060506045518e-01 -3.030891053350659003e+00
4.556655665566555768e-01 -3.031285695396286339e+00
4.562706270627057137e-01 -3.031680236013875263e+00
4.568756875687567387e-01 -3.032074671828168366e+00
4.574807480748068755e-01 -3.032468999463905579e+00
4.580858085808579006e-01 -3.032863215545829938e+00
4.586908690869080374e-01 -3.033257316698681816e+00
4.592959295929590624e-01 -3.033651299547204250e+00
4.599009900990091992e-01 -3.034045160716138057e+00
4.605060506050602243e-01 -3.034438896830224941e+00
4.611111111111103611e-01 -3.034832504514206608e+00
4.617161716171613861e-01 -3.035225980392825207e+00
4.623212321232115229e-01 -3.035619321090821110e+00
4.629262926292625480e-01 -3.036012523232936466e+00
4.635313531353126848e-01 -3.036405583443914313e+00
4.641364136413637098e-01 -3.036798498348494579e+00
4.647414741474138467e-01 -3.037191264571418969e+00
4.653465346534648717e-01 -3.037583878737430965e+00
4.659515951595158967e-01 -3.037976337471270050e+00
4.665566556655660335e-01 -3.038368637397677929e+00
4.671617161716170585e-01 -3.038760775141398529e+00
4.677667766776671954e-01 -3.039152747327171333e+00
4.683718371837182204e-01 -3.039544550579738047e+00
4.689768976897683572e-01 -3.039936181523842151e+00
4.695819581958193822e-01 -3.040327636784222243e+00
4.701870187018695191e-01 -3.040718912985622246e+00
4.707920792079205441e-01 -3.041110006752783868e+00
4.713971397139706809e-01 -3.041500914710447478e+00
4.720022002200217059e-01 -3.041891633483356117e+00
4.726072607260718428e-01 -3.042282159696250154e+00
4.732123212321228678e-01 -3.042672489973871741e+00
4.738173817381730046e-01 -3.043062620940962137e+00
4.744224422442240297e-01 -3.043452549222264825e+00
4.750275027502741665e-01 -3.043842271442518843e+00
4.756325632563251915e-01 -3.044231784226467230e+00
4.762376237623753283e-01 -3.044621084198851246e+00
4.768426842684263534e-01 -3.045010167984412597e+00
4.774477447744773784e-01 -3.045399032207893431e+00
4.780528052805275152e-01 -3.045787673494034120e+00
4.786578657865785402e-01 -3.046176088467578147e+00
4.792629262926286771e-01 -3.046564273753265883e+00
4.798679867986797021e-01 -3.046952225975839035e+00
4.804730473047298389e-01 -3.047339941760038418e+00
4.810781078107808639e-01 -3.047727417730607069e+00
4.816831683168310008e-01 -3.048114650512286694e+00
4.822882288228820258e-01 -3.048501636729819442e+00
4.828932893289321626e-01 -3.048888373007944352e+00
4.834983498349831876e-01 -3.049274855971404907e+00
4.841034103410333245e-01 -3.049661082244943255e+00
4.847084708470843495e-01 -3.050047048453300658e+00
4.853135313531344863e-01 -3.050432751221217043e+00
4.859185918591855113e-01 -3.050818187173436336e+00
4.865236523652356482e-01 -3.051203352934698909e+00
4.871287128712866732e-01 -3.051588245129746468e+00
4.877337733773368100e-01 -3.051972860383320718e+00
4.883388338833878350e-01 -3.052357195320164251e+00
4.889438943894388601e-01 -3.052741246565017885e+00
4.895489548954889969e-01 -3.053125010742623324e+00
4.901540154015400219e-01 -3.053508484477721829e+00
4.907590759075901587e-01 -3.053891664395055550e+00
4.913641364136411838e-01 -3.054274547119365746e+00
4.919691969196913206e-01 -3.054657129275394567e+00
4.925742574257423456e-01 -3.055039407487883274e+00
4.931793179317924825e-01 -3.055421378381573572e+00
4.937843784378435075e-01 -3.055803038581207609e+00
4.943894389438936443e-01 -3.056184384711525315e+00
4.949944994499446693e-01 -3.056565413397271058e+00
4.955995599559948062e-01 -3.056946121263183436e+00
4.962046204620458312e-01 -3.057326504934007261e+00
4.968096809680959680e-01 -3.057706561034482018e+00
4.974147414741469930e-01 -3.058086286189348968e+00
4.980198019801971299e-01 -3.058465677023351148e+00
4.986248624862481549e-01 -3.058844730161231151e+00
4.992299229922991799e-01 -3.059223442227727130e+00
4.998349834983493167e-01 -3.059601809847583453e+00
5.004400440044003417e-01 -3.059979830431326597e+00
5.010451045104504786e-01 -3.060357508773106083e+00
5.016501650165015036e-01 -3.060734853712639314e+00
5.022552255225516404e-01 -3.061111874131080324e+00
5.028602860286026655e-01 -3.061488578909585812e+00
5.034653465346528023e-01 -3.061864976929309812e+00
5.040704070407038273e-01 -3.062241077071409023e+00
5.046754675467539641e-01 -3.062616888217037037e+00
5.052805280528049892e-01 -3.062992419247349662e+00
5.058855885588551260e-01 -3.063367679043502712e+00
5.064906490649061510e-01 -3.063742676486649774e+00
5.070957095709562878e-01 -3.064117420457948882e+00
5.077007700770073129e-01 -3.064491919838551848e+00
5.083058305830574497e-01 -3.064866183509616260e+00
5.089108910891084747e-01 -3.065240220352297484e+00
5.095159515951586116e-01 -3.065614039247747780e+00
5.101210121012096366e-01 -3.065987649077125177e+00
5.107260726072606616e-01 -3.066361058721585486e+00
5.113311331133107984e-01 -3.066734277062280523e+00
5.119361936193618234e-01 -3.067107312980368317e+00
5.125412541254119603e-01 -3.067480175357002459e+00
5.131463146314629853e-01 -3.067852873073339204e+00
5.137513751375131221e-01 -3.068225415010534363e+00
5.143564356435641471e-01 -3.068597810049741526e+00
5.149614961496142840e-01 -3.068970067072117391e+00
5.155665566556653090e-01 -3.069342194958815551e+00
5.161716171617154458e-01 -3.069714202590991814e+00
5.167766776677664708e-01 -3.070086098849802436e+00
5.173817381738166077e-01 -3.070457892616401452e+00
5.179867986798676327e-01 -3.070829592771944672e+00
5.185918591859177695e-01 -3.071201208197586574e+00
5.191969196919687946e-01 -3.071572747774483858e+00
5.198019801980189314e-01 -3.071944220383789226e+00
5.204070407040699564e-01 -3.072315634906660264e+00
5.210121012101200932e-01 -3.072687000224251008e+00
5.216171617161711183e-01 -3.073058325217716824e+00
5.222222222222221433e-01 -3.073429618768213967e+00
5.228272827282722801e-01 -3.073800889756895138e+00
5.234323432343233051e-01 -3.074172147064919258e+00
5.240374037403734420e-01 -3.074543399573437252e+00
5.246424642464244670e-01 -3.074914656163607152e+00
5.252475247524746038e-01 -3.075285925716582103e+00
5.258525852585256288e-01 -3.075657217113521469e+00
5.264576457645757657e-01 -3.076028539235576176e+00
5.270627062706267907e-01 -3.076399900963902478e+00
5.276677667766769275e-01 -3.076771311179656188e+00
5.282728272827279525e-01 -3.077142778763993114e+00
5.288778877887780894e-01 -3.077514312598067292e+00
5.294829482948291144e-01 -3.077885921563034088e+00
5.300880088008792512e-01 -3.078257614540048870e+00
5.306930693069302762e-01 -3.078629400410266115e+00
5.312981298129804131e-01 -3.079001288054842966e+00
5.319031903190314381e-01 -3.079373286354933459e+00
5.325082508250824631e-01 -3.079745404191692959e+00
5.331133113311325999e-01 -3.080117650446275501e+00
5.337183718371836250e-01 -3.080490033999837340e+00
5.343234323432337618e-01 -3.080862563733534287e+00
5.349284928492847868e-01 -3.081235248528521264e+00
5.355335533553349237e-01 -3.081608097265952306e+00
5.361386138613859487e-01 -3.081981118826983224e+00
5.367436743674360855e-01 -3.082354322092768939e+00
5.373487348734871105e-01 -3.082727715944467040e+00
5.379537953795372474e-01 -3.083101309263229783e+00
5.385588558855882724e-01 -3.083475110930213425e+00
5.391639163916384092e-01 -3.083849129826572444e+00
5.397689768976894342e-01 -3.084223374833463982e+00
5.403740374037395711e-01 -3.084597854832040742e+00
5.409790979097905961e-01 -3.084972578703460755e+00
5.415841584158407329e-01 -3.085347555328875835e+00
5.421892189218917579e-01 -3.085722793589444457e+00
5.427942794279418948e-01 -3.086098302366319768e+00
5.433993399339929198e-01 -3.086474090540657578e+00
5.440044004400439448e-01 -3.086850166993614142e+00
5.446094609460940816e-01 -3.087226540606342162e+00
5.452145214521451067e-01 -3.087603220259999670e+00
5.458195819581952435e-01 -3.087980214835739368e+00
5.464246424642462685e-01 -3.088357533214717510e+00
5.470297029702964053e-01 -3.088735184278089907e+00
5.476347634763474304e-01 -3.089113176907011038e+00
5.482398239823975672e-01 -3.089491519982636270e+00
5.488448844884485922e-01 -3.089870222386120968e+00
5.494499449944987290e-01 -3.090249292998619612e+00
5.500550055005497541e-01 -3.090628740701289345e+00
5.506600660065998909e-01 -3.091008574375282869e+00
5.512651265126509159e-01 -3.091388802901757327e+00
5.518701870187010528e-01 -3.091769435161867197e+00
5.524752475247520778e-01 -3.092150480036766957e+00
5.530803080308022146e-01 -3.092531946407611976e+00
5.536853685368532396e-01 -3.092913843155559839e+00
5.542904290429033765e-01 -3.093296179161761916e+00
5.548954895489544015e-01 -3.093678963307376684e+00
5.555005500550054265e-01 -3.094062204473558175e+00
5.561056105610555633e-01 -3.094445911541460426e+00
5.567106710671065883e-01 -3.094830093392240133e+00
5.573157315731567252e-01 -3.095214758907051777e+00
5.579207920792077502e-01 -3.095599916967051168e+00
5.585258525852578870e-01 -3.095985576453393229e+00
5.591309130913089120e-01 -3.096371746247232881e+00
5.597359735973590489e-01 -3.096758435229724604e+00
5.603410341034100739e-01 -3.097145652282026873e+00
5.609460946094602107e-01 -3.097533406285291058e+00
5.615511551155112357e-01 -3.097921706120674301e+00
5.621562156215613726e-01 -3.098310560669331082e+00
5.627612761276123976e-01 -3.098699978812416322e+00
5.633663366336625344e-01 -3.099089969431085390e+00
5.639713971397135595e-01 -3.099480541406496759e+00
5.645764576457636963e-01 -3.099871703619799135e+00
5.651815181518147213e-01 -3.100263464952153658e+00
5.657865786578648581e-01 -3.100655834284713031e+00
5.663916391639158832e-01 -3.101048820498632619e+00
5.669966996699669082e-01 -3.101442432475067790e+00
5.676017601760170450e-01 -3.101836679095171689e+00
5.682068206820680700e-01 -3.102231569240103237e+00
5.688118811881182069e-01 -3.102627111791016024e+00
5.694169416941692319e-01 -3.103023315629064971e+00
5.700220022002193687e-01 -3.103420189635405002e+00
5.706270627062703937e-01 -3.103817742691191484e+00
5.712321232123205306e-01 -3.104215983677579782e+00
5.718371837183715556e-01 -3.104614921475726153e+00
5.724422442244216924e-01 -3.105014564966783741e+00
5.730473047304727174e-01 -3.105414923031910135e+00
5.736523652365228543e-01 -3.105816004552257592e+00
5.742574257425738793e-01 -3.106217818408983256e+00
5.748624862486240161e-01 -3.106620373483242048e+00
5.754675467546750411e-01 -3.107023678656191112e+00
5.760726072607251780e-01 -3.107427742808980931e+00
5.766776677667762030e-01 -3.107832574822771310e+00
5.772827282728272280e-01 -3.108238183578714953e+00
5.778877887788773648e-01 -3.108644577957967226e+00
5.784928492849283899e-01 -3.109051766841684383e+00
5.790979097909785267e-01 -3.109459759111020904e+00
5.797029702970295517e-01 -3.109868563647133044e+00
5.803080308030796886e-01 -3.110278189331173504e+00
5.809130913091307136e-01 -3.110688645044300316e+00
5.815181518151808504e-01 -3.111099939667667513e+00
5.821232123212318754e-01 -3.111512082082429131e+00
5.827282728272820123e-01 -3.111925081169742757e+00
5.833333333333330373e-01 -3.112338945810761537e+00
5.839383938393831741e-01 -3.112753684886641281e+00
5.845434543454341991e-01 -3.113169307278538245e+00
5.851485148514843360e-01 -3.113585821867606018e+00
5.857535753575353610e-01 -3.114003237535000856e+00
5.863586358635854978e-01 -3.114421563161877682e+00
5.869636963696365228e-01 -3.114840807629392305e+00
5.875687568756866597e-01 -3.115260979818699205e+00
5.881738173817376847e-01 -3.115682088610952416e+00
5.887788778877887097e-01 -3.116104142887309969e+00
5.893839383938388465e-01 -3.116527151528924122e+00
5.899889988998898716e-01 -3.116951123416952907e+00
5.905940594059400084e-01 -3.117376067432548581e+00
5.911991199119910334e-01 -3.117801992456868732e+00
5.918041804180411702e-01 -3.118228907371067837e+00
5.924092409240921953e-01 -3.118656821056300821e+00
5.930143014301423321e-01 -3.119085742393722605e+00
5.936193619361933571e-01 -3.119515680264489443e+00
5.942244224422434939e-01 -3.119946643549754928e+00
5.948294829482945190e-01 -3.120378641130675756e+00
5.954345434543446558e-01 -3.120811681888407740e+00
5.960396039603956808e-01 -3.121245774704103582e+00
5.966446644664458177e-01 -3.121680928458919979e+00
5.972497249724968427e-01 -3.122117152034012744e+00
5.978547854785469795e-01 -3.122554454310535466e+00
5.984598459845980045e-01 -3.122992844169644400e+00
5.990649064906481414e-01 -3.123432330492495357e+00
5.996699669966991664e-01 -3.123872922160242371e+00
6.002750275027501914e-01 -3.124314628054041254e+00
6.008800880088003282e-01 -3.124757457055046483e+00
6.014851485148513532e-01 -3.125201418044414314e+00
6.020902090209014901e-01 -3.125646519903299225e+00
6.026952695269525151e-01 -3.126092771512856583e+00
6.033003300330026519e-01 -3.126540181754240866e+00
6.039053905390536769e-01 -3.126988759508607885e+00
6.045104510451038138e-01 -3.127438513657114338e+00
6.051155115511548388e-01 -3.127889453080914262e+00
6.057205720572049756e-01 -3.128341586661161244e+00
6.063256325632560007e-01 -3.128794923279012874e+00
6.069306930693061375e-01 -3.129249471815622297e+00
6.075357535753571625e-01 -3.129705241152147543e+00
6.081408140814072993e-01 -3.130162240169740873e+00
6.087458745874583244e-01 -3.130620477749559427e+00
6.093509350935084612e-01 -3.131079962772756353e+00
6.099559955995594862e-01 -3.131540704120490126e+00
6.105610561056096230e-01 -3.132002710673912560e+00
6.111661166116606481e-01 -3.132465991314181686e+00
6.117711771177116731e-01 -3.132930554922451982e+00
6.123762376237618099e-01 -3.133396410379875263e+00
6.129812981298128349e-01 -3.133863566567610448e+00
6.135863586358629718e-01 -3.134332032366812015e+00
6.141914191419139968e-01 -3.134801816658635332e+00
6.147964796479641336e-01 -3.135272928324235320e+00
6.154015401540151586e-01 -3.135745376244766902e+00
6.160066006600652955e-01 -3.136219169301384113e+00
6.166116611661163205e-01 -3.136694316375245428e+00
6.172167216721664573e-01 -3.137170826347502661e+00
6.178217821782174823e-01 -3.137648708099313843e+00
6.184268426842676192e-01 -3.138127970511831677e+00
6.190319031903186442e-01 -3.138608622466212861e+00
6.196369636963687810e-01 -3.139090672843611873e+00
6.202420242024198060e-01 -3.139574130525184970e+00
6.208470847084699429e-01 -3.140059004392085740e+00
6.214521452145209679e-01 -3.140545303325471771e+00
6.220572057205719929e-01 -3.141033036206495765e+00
6.226622662266221298e-01 -3.141522211916313978e+00
6.232673267326731548e-01 -3.142012839336081331e+00
6.238723872387232916e-01 -3.142504927346954080e+00
6.244774477447743166e-01 -3.142998484830085815e+00
6.250825082508244535e-01 -3.143493520666632790e+00
6.256875687568754785e-01 -3.143990043737750817e+00
6.262926292629256153e-01 -3.144488062924593486e+00
6.268976897689766403e-01 -3.144987587108317495e+00
6.275027502750267772e-01 -3.145488625170075547e+00
6.281078107810778022e-01 -3.145991185991026562e+00
6.287128712871279390e-01 -3.146495278452322353e+00
6.293179317931789640e-01 -3.147000911435121395e+00
6.299229922992291009e-01 -3.147508093820575059e+00
6.305280528052801259e-01 -3.148016834489842708e+00
6.311331133113302627e-01 -3.148527142324075268e+00
6.317381738173812877e-01 -3.149039026204431657e+00
6.323432343234314246e-01 -3.149552495012065023e+00
6.329482948294824496e-01 -3.150067557628130732e+00
6.335533553355334746e-01 -3.150584222933785039e+00
6.341584158415836114e-01 -3.151102499810181090e+00
6.347634763476346365e-01 -3.151622397138476028e+00
6.353685368536847733e-01 -3.152143923799825220e+00
6.359735973597357983e-01 -3.152667088675382701e+00
6.365786578657859351e-01 -3.153191900646303836e+00
6.371837183718369602e-01 -3.153718368593743993e+00
6.377887788778870970e-01 -3.154246501398858094e+00
6.383938393839381220e-01 -3.154776307942803282e+00
6.389988998899882588e-01 -3.155307797106731371e+00
6.396039603960392839e-01 -3.155840977771799949e+00
6.402090209020894207e-01 -3.156375858819163494e+00
6.408140814081404457e-01 -3.156912449129978704e+00
6.414191419141905826e-01 -3.157450757585397838e+00
6.420242024202416076e-01 -3.157990793066578039e+00
6.426292629262917444e-01 -3.158532564454673341e+00
6.432343234323427694e-01 -3.159076080630841776e+00
6.438393839383929063e-01 -3.159621350476235602e+00
6.444444444444439313e-01 -3.160168382872010628e+00
6.450495049504949563e-01 -3.160717186699323111e+00
6.456545654565450931e-01 -3.161267770839326641e+00
6.462596259625961181e-01 -3.161820144173178360e+00
6.468646864686462550e-01 -3.162374315582030526e+00
6.474697469746972800e-01 -3.162930293947042060e+00
6.480748074807474168e-01 -3.163488088149366551e+00
6.486798679867984418e-01 -3.164047707070158033e+00
6.492849284928485787e-01 -3.164609159590573650e+00
6.498899889988996037e-01 -3.165172454591766549e+00
6.504950495049497405e-01 -3.165737600954892539e+00
6.511001100110007656e-01 -3.166304607561109208e+00
6.517051705170509024e-01 -3.166873483291567926e+00
6.523102310231019274e-01 -3.167444237027427167e+00
6.529152915291520642e-01 -3.168016877649840524e+00
6.535203520352030893e-01 -3.168591414039962917e+00
6.541254125412532261e-01 -3.169167855078951046e+00
6.547304730473042511e-01 -3.169746209647958057e+00
6.553355335533552761e-01 -3.170326486628141538e+00
6.559405940594054130e-01 -3.170908694900654190e+00
6.565456545654564380e-01 -3.171492843346653157e+00
6.571507150715065748e-01 -3.172078940847292472e+00
6.577557755775575998e-01 -3.172666996283728391e+00
6.583608360836077367e-01 -3.173257018537115393e+00
6.589658965896587617e-01 -3.173849016488607955e+00
6.595709570957088985e-01 -3.174442999019363221e+00
6.601760176017599235e-01 -3.175038975010535225e+00
6.607810781078100604e-01 -3.175636953343279334e+00
6.613861386138610854e-01 -3.176236942898750470e+00
6.619911991199112222e-01 -3.176838952558103113e+00
6.625962596259622472e-01 -3.177442991202494849e+00
6.632013201320123841e-01 -3.178049067713078379e+00
6.638063806380634091e-01 -3.178657190971010849e+00
6.644114411441135459e-01 -3.179267369857446290e+00
6.650165016501645709e-01 -3.179879613253539627e+00
6.656215621562147078e-01 -3.180493930040447115e+00
6.662266226622657328e-01 -3.181110329099324119e+00
6.668316831683167578e-01 -3.181728819311324674e+00
6.674367436743668947e-01 -3.182349409557604591e+00
6.680418041804179197e-01 -3.182972108719318793e+00
6.686468646864680565e-01 -3.183596925677621314e+00
6.692519251925190815e-01 -3.184223869313671518e+00
6.698569856985692184e-01 -3.184852948508619885e+00
6.704620462046202434e-01 -3.185484172143623560e+00
6.710671067106703802e-01 -3.186117549099837909e+00
6.716721672167214052e-01 -3.186753088258418742e+00
6.722772277227715421e-01 -3.187390798500519207e+00
6.728822882288225671e-01 -3.188030688707297333e+00
6.734873487348727039e-01 -3.188672767759905824e+00
6.740924092409237289e-01 -3.189317044539500934e+00
6.746974697469738658e-01 -3.189963527927237141e+00
6.753025302530248908e-01 -3.190612226804272034e+00
6.759075907590750276e-01 -3.191263150051757425e+00
6.765126512651260526e-01 -3.191916306550851345e+00
6.771177117711761895e-01 -3.192571705182706499e+00
6.777227722772272145e-01 -3.193229354828480471e+00
6.783278327832782395e-01 -3.193889264369327297e+00
6.789328932893283763e-01 -3.194551442686401455e+00
6.795379537953794014e-01 -3.195215898660860088e+00
6.801430143014295382e-01 -3.195882641173856342e+00
6.807480748074805632e-01 -3.196551679106546917e+00
6.813531353135307000e-01 -3.197223021340087179e+00
6.819581958195817251e-01 -3.197896676755630718e+00
6.825632563256318619e-01 -3.198572654234332457e+00
6.831683168316828869e-01 -3.199250962657349540e+00
6.837733773377330238e-01 -3.199931610905837331e+00
6.843784378437840488e-01 -3.200614607860949423e+00
6.849834983498341856e-01 -3.201299962403842514e+00
6.855885588558852106e-01 -3.201987683415671082e+00
6.861936193619353475e-01 -3.202677779777587830e+00
6.867986798679863725e-01 -3.203370260370753453e+00
6.874037403740365093e-01 -3.204065134076317545e+00
6.880088008800875343e-01 -3.204762409775439913e+00
6.886138613861376712e-01 -3.205462096349272372e+00
6.892189218921886962e-01 -3.206164202678972064e+00
6.898239823982397212e-01 -3.206868737645693912e+00
6.904290429042898580e-01 -3.207575710130591951e+00
6.910341034103408830e-01 -3.208285129014822878e+00
6.916391639163910199e-01 -3.208997003179540286e+00
6.922442244224420449e-01 -3.209711341505900872e+00
6.928492849284921817e-01 -3.210428152875059116e+00
6.934543454345432067e-01 -3.211147446168171271e+00
6.940594059405933436e-01 -3.211869230266390485e+00
6.946644664466443686e-01 -3.212593514050874344e+00
6.952695269526945054e-01 -3.213320306402775994e+00
6.958745874587455305e-01 -3.214049616203250803e+00
6.964796479647956673e-01 -3.214781452333455913e+00
6.970847084708466923e-01 -3.215515823674545359e+00
6.976897689768968291e-01 -3.216252739107673175e+00
6.982948294829478542e-01 -3.216992207513997393e+00
6.988998899889979910e-01 -3.217734237774668937e+00
6.995049504950490160e-01 -3.218478838770848061e+00
7.001100110011000410e-01 -3.219226019375075243e+00
7.007150715071501779e-01 -3.219975786129441353e+00
7.013201320132012029e-01 -3.220728140103506387e+00
7.019251925192513397e-01 -3.221483081582118047e+00
7.025302530253023647e-01 -3.222240610850126696e+00
7.031353135313525016e-01 -3.223000728192377817e+00
7.037403740374035266e-01 -3.223763433893723551e+00
7.043454345434536634e-01 -3.224528728239007602e+00
7.049504950495046884e-01 -3.225296611513083000e+00
7.055555555555548253e-01 -3.226067084000793894e+00
7.061606160616058503e-01 -3.226840145986993313e+00
7.067656765676559871e-01 -3.227615797756524074e+00
7.073707370737070121e-01 -3.228394039594240539e+00
7.079757975797571490e-01 -3.229174871784986411e+00
7.085808580858081740e-01 -3.229958294613611613e+00
7.091859185918583108e-01 -3.230744308364964734e+00
7.097909790979093358e-01 -3.231532913323894807e+00
7.103960396039594727e-01 -3.232324109775249088e+00
7.110011001100104977e-01 -3.233117898003876167e+00
7.116061606160615227e-01 -3.233914278294624634e+00
7.122112211221116596e-01 -3.234713250932342188e+00
7.128162816281626846e-01 -3.235514816201878308e+00
7.134213421342128214e-01 -3.236318974388080250e+00
7.140264026402638464e-01 -3.237125725775798379e+00
7.146314631463139833e-01 -3.237935070649877733e+00
7.152365236523650083e-01 -3.238747009295170010e+00
7.158415841584151451e-01 -3.239561541996521132e+00
7.164466446644661701e-01 -3.240378669038781467e+00
7.170517051705163070e-01 -3.241198390706797383e+00
7.176567656765673320e-01 -3.242020707285418801e+00
7.182618261826174688e-01 -3.242845619059494311e+00
7.188668866886684938e-01 -3.243673126313871169e+00
7.194719471947186307e-01 -3.244503229333396632e+00
7.200770077007696557e-01 -3.245335928402922843e+00
7.206820682068197925e-01 -3.246171223807294393e+00
7.212871287128708175e-01 -3.247009115831362536e+00
7.218921892189209544e-01 -3.247849604759972308e+00
7.224972497249719794e-01 -3.248692690877975409e+00
7.231023102310230044e-01 -3.249538374470219537e+00
7.237073707370731412e-01 -3.250386655821551063e+00
7.243124312431241663e-01 -3.251237535216819907e+00
7.249174917491743031e-01 -3.252091012940874659e+00
7.255225522552253281e-01 -3.252947089278563020e+00
7.261276127612754649e-01 -3.253805764514732690e+00
7.267326732673264900e-01 -3.254667038934234036e+00
7.273377337733766268e-01 -3.255530912821912981e+00
7.279427942794276518e-01 -3.256397386462621668e+00
7.285478547854777887e-01 -3.257266460141203357e+00
7.291529152915288137e-01 -3.258138134142510633e+00
7.297579757975789505e-01 -3.259012408751389422e+00
7.303630363036299755e-01 -3.259889284252689645e+00
7.309680968096801124e-01 -3.260768760931257670e+00
7.315731573157311374e-01 -3.261650839071946084e+00
7.321782178217812742e-01 -3.262535518959597702e+00
7.327832783278322992e-01 -3.263422800879064667e+00
7.333883388338833242e-01 -3.264312685115195123e+00
7.339933993399334611e-01 -3.265205171952835439e+00
7.345984598459844861e-01 -3.266100261676835537e+00
7.352035203520346229e-01 -3.266997954572042229e+00
7.358085808580856479e-01 -3.267898250923307657e+00
7.364136413641357848e-01 -3.268801151015474638e+00
7.370187018701868098e-01 -3.269706655133396200e+00
7.376237623762369466e-01 -3.270614763561917826e+00
7.382288228822879717e-01 -3.271525476585889880e+00
7.388338833883381085e-01 -3.272438794490160063e+00
7.394389438943891335e-01 -3.273354717559576521e+00
7.400440044004392703e-01 -3.274273246078986954e+00
7.406490649064902954e-01 -3.275194380333241284e+00
7.412541254125404322e-01 -3.276118120607186768e+00
7.418591859185914572e-01 -3.277044467185672438e+00
7.424642464246415940e-01 -3.277973420353545553e+00
7.430693069306926191e-01 -3.278904980395656477e+00
7.436743674367427559e-01 -3.279839147596850246e+00
7.442794279427937809e-01 -3.280775922241979448e+00
7.448844884488448059e-01 -3.281715304615890449e+00
7.454895489548949428e-01 -3.282657295003429176e+00
7.460946094609459678e-01 -3.283601893689448215e+00
7.466996699669961046e-01 -3.284549100958794376e+00
7.473047304730471296e-01 -3.285498917096314919e+00
7.479097909790972665e-01 -3.286451342386858876e+00
7.485148514851482915e-01 -3.287406377115274392e+00
7.491199119911984283e-01 -3.288364021566410056e+00
7.497249724972494533e-01 -3.289324276025115346e+00
7.503300330032995902e-01 -3.290287140776237074e+00
7.509350935093506152e-01 -3.291252616104625162e+00
7.515401540154007520e-01 -3.292220702295125090e+00
7.521452145214517770e-01 -3.293191399632588556e+00
7.527502750275019139e-01 -3.294164708401861485e+00
7.533553355335529389e-01 -3.295140628887794243e+00
7.539603960396030757e-01 -3.296119161375234530e+00
7.545654565456541008e-01 -3.297100306149030491e+00
7.551705170517042376e-01 -3.298084063494028939e+00
7.557755775577552626e-01 -3.299070433695081572e+00
7.563806380638062876e-01 -3.300059417037034759e+00
7.569856985698564245e-01 -3.301051013804735312e+00
7.575907590759074495e-01 -3.302045224283034930e+00
7.581958195819575863e-01 -3.303042048756779536e+00
7.588008800880086113e-01 -3.304041487510819053e+00
7.594059405940587482e-01 -3.305043540830000737e+00
7.600110011001097732e-01 -3.306048208999173621e+00
7.606160616061599100e-01 -3.307055492303185407e+00
7.612211221122109350e-01 -3.308065391026885127e+00
7.618261826182610719e-01 -3.309077905455119595e+00
7.624312431243120969e-01 -3.310093035872741396e+00
7.630363036303622337e-01 -3.311110782564593347e+00
7.636413641364132587e-01 -3.312131145815528033e+00
7.642464246424633956e-01 -3.313154125910391379e+00
7.648514851485144206e-01 -3.314179723134033306e+00
7.654565456545645574e-01 -3.315207937771300628e+00
7.660616061606155824e-01 -3.316238770107044598e+00
7.666666666666657193e-01 -3.317272220426108920e+00
7.672717271727167443e-01 -3.318308289013346180e+00
7.678767876787677693e-01 -3.319346976153604523e+00
7.684818481848179061e-01 -3.320388282131728097e+00
7.690869086908689312e-01 -3.321432207232570821e+00
7.696919691969190680e-01 -3.322478751740976399e+00
7.702970297029700930e-01 -3.323527915941795641e+00
7.709020902090202298e-01 -3.324579700119877135e+00
7.715071507150712549e-01 -3.325634104560069471e+00
7.721122112211213917e-01 -3.326691129547217685e+00
7.727172717271724167e-01 -3.327750775366175251e+00
7.733223322332225536e-01 -3.328813042301785874e+00
7.739273927392735786e-01 -3.329877930638901251e+00
7.745324532453237154e-01 -3.330945440662367751e+00
7.751375137513747404e-01 -3.332015572657035296e+00
7.757425742574248773e-01 -3.333088326907750254e+00
7.763476347634759023e-01 -3.334163703699363435e+00
7.769526952695260391e-01 -3.335241703316720763e+00
7.775577557755770641e-01 -3.336322326044673492e+00
7.781628162816280891e-01 -3.337405572168067547e+00
7.787678767876782260e-01 -3.338491441971751073e+00
7.793729372937292510e-01 -3.339579935740574435e+00
7.799779977997793878e-01 -3.340671053759384446e+00
7.805830583058304128e-01 -3.341764796313031471e+00
7.811881188118805497e-01 -3.342861163686360104e+00
7.817931793179315747e-01 -3.343960156164223374e+00
7.823982398239817115e-01 -3.345061774031464985e+00
7.830033003300327366e-01 -3.346166017572937079e+00
7.836083608360828734e-01 -3.347272887073485137e+00
7.842134213421338984e-01 -3.348382382817961744e+00
7.848184818481840352e-01 -3.349494505091209717e+00
7.854235423542350603e-01 -3.350609254178081642e+00
7.860286028602851971e-01 -3.351726630363423887e+00
7.866336633663362221e-01 -3.352846633932086373e+00
7.872387238723863589e-01 -3.353969265168914582e+00
7.878437843784373840e-01 -3.355094524358761099e+00
7.884488448844875208e-01 -3.356222411786471405e+00
7.890539053905385458e-01 -3.357352927736893644e+00
7.896589658965895708e-01 -3.358486072494877739e+00
7.902640264026397077e-01 -3.359621846345270058e+00
7.908690869086907327e-01 -3.360760249572922742e+00
7.914741474147408695e-01 -3.361901282462679497e+00
7.920792079207918945e-01 -3.363044945299392463e+00
7.926842684268420314e-01 -3.364191238367906678e+00
7.932893289328930564e-01 -3.365340161953073395e+00
7.938943894389431932e-01 -3.366491716339738094e+00
7.944994499449942182e-01 -3.367645901812752918e+00
7.951045104510443551e-01 -3.368802718656963346e+00
7.957095709570953801e-01 -3.369962167157219746e+00
7.963146314631455169e-01 -3.371124247598367596e+00
7.969196919691965419e-01 -3.372288960265258151e+00
7.975247524752466788e-01 -3.373456305442736891e+00
7.981298129812977038e-01 -3.374626283415656403e+00
7.987348734873478406e-01 -3.375798894468860833e+00
7.993399339933988657e-01 -3.376974138887202326e+00
7.999449944994490025e-01 -3.378152016955525472e+00
8.005500550055000275e-01 -3.379332528958681525e+00
8.011551155115510525e-01 -3.380515675181516855e+00
8.017601760176011894e-01 -3.381701455908881382e+00
8.023652365236522144e-01 -3.382889871425624140e+00
8.029702970297023512e-01 -3.384080922016588389e+00
8.035753575357533762e-01 -3.385274607966629379e+00
8.041804180418035131e-01 -3.386470929560590815e+00
8.047854785478545381e-01 -3.387669887083324394e+00
8.053905390539046749e-01 -3.388871480819674264e+00
8.059955995599556999e-01 -3.390075711054494345e+00
8.066006600660058368e-01 -3.391282578072626563e+00
8.072057205720568618e-01 -3.392492082158925726e+00
8.078107810781069986e-01 -3.393704223598234204e+00
8.084158415841580236e-01 -3.394919002675406805e+00
8.090209020902081605e-01 -3.396136419675285012e+00
8.096259625962591855e-01 -3.397356474882722743e+00
8.102310231023093223e-01 -3.398579168582564591e+00
8.108360836083603473e-01 -3.399804501059662254e+00
8.114411441144104842e-01 -3.401032472598861212e+00
8.120462046204615092e-01 -3.402263083485012274e+00
8.126512651265125342e-01 -3.403496334002962254e+00
8.132563256325626710e-01 -3.404732224437558408e+00
8.138613861386136961e-01 -3.405970755073651990e+00
8.144664466446638329e-01 -3.407211926196090257e+00
8.150715071507148579e-01 -3.408455738089720466e+00
8.156765676567649948e-01 -3.409702191039390318e+00
8.162816281628160198e-01 -3.410951285329951510e+00
8.168866886688661566e-01 -3.412203021246248635e+00
8.174917491749171816e-01 -3.413457399073134724e+00
8.180968096809673185e-01 -3.414714419095453035e+00
8.187018701870183435e-01 -3.415974081598055712e+00
8.193069306930684803e-01 -3.417236386865788234e+00
8.199119911991195053e-01 -3.418501335183501855e+00
8.205170517051696422e-01 -3.419768926836041611e+00
8.211221122112206672e-01 -3.421039162108260090e+00
8.217271727172708040e-01 -3.422312041285002771e+00
8.223322332233218290e-01 -3.423587564651118242e+00
8.229372937293728540e-01 -3.424865732491456427e+00
8.235423542354229909e-01 -3.426146545090861917e+00
8.241474147414740159e-01 -3.427430002734188630e+00
8.247524752475241527e-01 -3.428716105706278494e+00
8.253575357535751778e-01 -3.430004854291986760e+00
8.259625962596253146e-01 -3.431296248776155799e+00
8.265676567656763396e-01 -3.432590289443638643e+00
8.271727172717264764e-01 -3.433886976579279438e+00
8.277777777777775015e-01 -3.435186310467931214e+00
8.283828382838276383e-01 -3.436488291394437233e+00
8.289878987898786633e-01 -3.437792919643650968e+00
8.295929592959288001e-01 -3.439100195500416568e+00
8.301980198019798252e-01 -3.440410119249585286e+00
8.308030803080299620e-01 -3.441722691176003490e+00
8.314081408140809870e-01 -3.443037911564521547e+00
8.320132013201311239e-01 -3.444355780699984493e+00
8.326182618261821489e-01 -3.445676298867244913e+00
8.332233223322322857e-01 -3.446999466351148289e+00
8.338283828382833107e-01 -3.448325283436544542e+00
8.344334433443343357e-01 -3.449653750408282704e+00
8.350385038503844726e-01 -3.450984867551206037e+00
8.356435643564354976e-01 -3.452318635150170678e+00
8.362486248624856344e-01 -3.453655053490017668e+00
8.368536853685366594e-01 -3.454994122855600924e+00
8.374587458745867963e-01 -3.456335843531765484e+00
8.380638063806378213e-01 -3.457680215803361268e+00
8.386688668866879581e-01 -3.459027239955235089e+00
8.392739273927389831e-01 -3.460376916272239090e+00
8.398789878987891200e-01 -3.461729245039216085e+00
8.404840484048401450e-01 -3.463084226541019550e+00
8.410891089108902818e-01 -3.464441861062493633e+00
8.416941694169413068e-01 -3.465802148888490919e+00
8.422992299229914437e-01 -3.467165090303855557e+00
8.429042904290424687e-01 -3.468530685593440133e+00
8.435093509350926055e-01 -3.469898935042088794e+00
8.441144114411436306e-01 -3.471269838934653684e+00
8.447194719471937674e-01 -3.472643397555979838e+00
8.453245324532447924e-01 -3.474019611190919399e+00
8.459295929592958174e-01 -3.475398480124317402e+00
8.465346534653459543e-01 -3.476780004641021993e+00
8.471397139713969793e-01 -3.478164185025885313e+00
8.477447744774471161e-01 -3.479551021563751068e+00
8.483498349834981411e-01 -3.480940514539472286e+00
8.489548954895482780e-01 -3.482332664237892228e+00
8.495599559955993030e-01 -3.483727470943865256e+00
8.501650165016494398e-01 -3.485124934942232411e+00
8.507700770077004648e-01 -3.486525056517850274e+00
8.513751375137506017e-01 -3.487927835955560774e+00
8.519801980198016267e-01 -3.489333273540216052e+00
8.525852585258517635e-01 -3.490741369556660256e+00
8.531903190319027885e-01 -3.492152124289748194e+00
8.537953795379529254e-01 -3.493565538024321793e+00
8.544004400440039504e-01 -3.494981611045233638e+00
8.550055005500540872e-01 -3.496400343637329655e+00
8.556105610561051122e-01 -3.497821736085461541e+00
8.562156215621561373e-01 -3.499245788674473889e+00
8.568206820682062741e-01 -3.500672501689215732e+00
8.574257425742572991e-01 -3.502101875414537879e+00
8.580308030803074359e-01 -3.503533910135284035e+00
8.586358635863584610e-01 -3.504968606136308118e+00
8.592409240924085978e-01 -3.506405963702455164e+00
8.598459845984596228e-01 -3.507845983118575095e+00
8.604510451045097597e-01 -3.509288664669514279e+00
8.610561056105607847e-01 -3.510734008640123527e+00
8.616611661166109215e-01 -3.512182015315249650e+00
8.622662266226619465e-01 -3.513632684979742571e+00
8.628712871287120834e-01 -3.515086017918447325e+00
8.634763476347631084e-01 -3.516542014416216499e+00
8.640814081408132452e-01 -3.518000674757893353e+00
8.646864686468642702e-01 -3.519461999228331806e+00
8.652915291529144071e-01 -3.520925988112377336e+00
8.658965896589654321e-01 -3.522392641694878979e+00
8.665016501650155689e-01 -3.523861960260683990e+00
8.671067106710665939e-01 -3.525333944094643179e+00
8.677117711771176189e-01 -3.526808593481602472e+00
8.683168316831677558e-01 -3.528285908706410900e+00
8.689218921892187808e-01 -3.529765890053917499e+00
8.695269526952689176e-01 -3.531248537808969079e+00
8.701320132013199427e-01 -3.532733852256417340e+00
8.707370737073700795e-01 -3.534221833681104652e+00
8.713421342134211045e-01 -3.535712482367886711e+00
8.719471947194712413e-01 -3.537205798601605888e+00
8.725522552255222664e-01 -3.538701782667114770e+00
8.731573157315724032e-01 -3.540200434849259281e+00
8.737623762376234282e-01 -3.541701755432888898e+00
8.743674367436735650e-01 -3.543205744702850435e+00
8.749724972497245901e-01 -3.544712402943995588e+00
8.755775577557747269e-01 -3.546221730441167619e+00
8.761826182618257519e-01 -3.547733727479219556e+00
8.767876787678758888e-01 -3.549248394342997770e+00
8.773927392739269138e-01 -3.550765731317351737e+00
8.779977997799770506e-01 -3.552285738687126937e+00
8.786028602860280756e-01 -3.553808416737176401e+00
8.792079207920791006e-01 -3.555333765752344721e+00
8.798129812981292375e-01 -3.556861786017480043e+00
8.804180418041802625e-01 -3.558392477817434951e+00
8.810231023102303993e-01 -3.559925841437052263e+00
8.816281628162814243e-01 -3.561461877161185008e+00
8.822332233223315612e-01 -3.563000585274677334e+00
8.828382838283825862e-01 -3.564541966062382716e+00
8.834433443344327230e-01 -3.566086019809143970e+00
8.840484048404837480e-01 -3.567632746799814125e+00
8.846534653465338849e-01 -3.569182147319238219e+00
8.852585258525849099e-01 -3.570734221652268392e+00
8.858635863586350467e-01 -3.572288970083747461e+00
8.864686468646860718e-01 -3.573846392898530233e+00
8.870737073707362086e-01 -3.575406490381458635e+00
8.876787678767872336e-01 -3.576969262817387030e+00
8.882838283828373704e-01 -3.578534710491158233e+00
8.888888888888883955e-01 -3.580102833687626607e+00
8.894939493949385323e-01 -3.581673632691634968e+00
8.900990099009895573e-01 -3.583247107788035457e+00
8.907040704070405823e-01 -3.584823259261675332e+00
8.913091309130907192e-01 -3.586402087397400074e+00
8.919141914191417442e-01 -3.587983592480063599e+00
8.925192519251918810e-01 -3.589567774794508725e+00
8.931243124312429060e-01 -3.591154634625589370e+00
8.937293729372930429e-01 -3.592744172258147906e+00
8.943344334433440679e-01 -3.594336387977038250e+00
8.949394939493942047e-01 -3.595931282067103218e+00
8.955445544554452297e-01 -3.597528854813197619e+00
8.961496149614953666e-01 -3.599129106500163822e+00
8.967546754675463916e-01 -3.600732037412854414e+00
8.973597359735965284e-01 -3.602337647836114431e+00
8.979647964796475534e-01 -3.603945938054796017e+00
8.985698569856976903e-01 -3.605556908353743761e+00
8.991749174917487153e-01 -3.607170559017809364e+00
8.997799779977988521e-01 -3.608786890331836972e+00
9.003850385038498771e-01 -3.610405902580680504e+00
9.009900990099009022e-01 -3.612027596049186329e+00
9.015951595159510390e-01 -3.613651971022197706e+00
9.022002200220020640e-01 -3.615279027784570332e+00
9.028052805280522009e-01 -3.616908766621147464e+00
9.034103410341032259e-01 -3.618541187816781246e+00
9.040154015401533627e-01 -3.620176291656316270e+00
9.046204620462043877e-01 -3.621814078424605565e+00
9.052255225522545246e-01 -3.623454548406491504e+00
9.058305830583055496e-01 -3.625097701886830226e+00
9.064356435643556864e-01 -3.626743539150460993e+00
9.070407040704067114e-01 -3.628392060482240389e+00
9.076457645764568483e-01 -3.630043266167009897e+00
9.082508250825078733e-01 -3.631697156489624323e+00
9.088558855885580101e-01 -3.633353731734926484e+00
9.094609460946090351e-01 -3.635012992187768965e+00
9.100660066006591720e-01 -3.636674938132996804e+00
9.106710671067101970e-01 -3.638339569855461697e+00
9.112761276127603338e-01 -3.640006887640008237e+00
9.118811881188113588e-01 -3.641676891771489899e+00
9.124862486248623838e-01 -3.643349582534751274e+00
9.130913091309125207e-01 -3.645024960214639620e+00
9.136963696369635457e-01 -3.646703025096006190e+00
9.143014301430136825e-01 -3.648383777463696465e+00
9.149064906490647076e-01 -3.650067217602563474e+00
9.155115511551148444e-01 -3.651753345797450478e+00
9.161166116611658694e-01 -3.653442162333210064e+00
9.167216721672160062e-01 -3.655133667494685934e+00
9.173267326732670313e-01 -3.656827861566732896e+00
9.179317931793171681e-01 -3.658524744834191988e+00
9.185368536853681931e-01 -3.660224317581918019e+00
9.191419141914183299e-01 -3.661926580094753803e+00
9.197469746974693550e-01 -3.663631532657553702e+00
9.203520352035194918e-01 -3.665339175555160089e+00
9.209570957095705168e-01 -3.667049509072425995e+00
9.215621562156206537e-01 -3.668762533494196010e+00
9.221672167216716787e-01 -3.670478249105321389e+00
9.227722772277218155e-01 -3.672196656190648945e+00
9.233773377337728405e-01 -3.673917755035029042e+00
9.239823982398238655e-01 -3.675641545923308939e+00
9.245874587458740024e-01 -3.677368029140334116e+00
9.251925192519250274e-01 -3.679097204970958490e+00
9.257975797579751642e-01 -3.680829073700023990e+00
9.264026402640261892e-01 -3.682563635612385866e+00
9.270077007700763261e-01 -3.684300890992886490e+00
9.276127612761273511e-01 -3.686040840126378448e+00
9.282178217821774879e-01 -3.687783483297706777e+00
9.288228822882285129e-01 -3.689528820791723174e+00
9.294279427942786498e-01 -3.691276852893271787e+00
9.300330033003296748e-01 -3.693027579887207423e+00
9.306380638063798116e-01 -3.694781002058371566e+00
9.312431243124308367e-01 -3.696537119691618134e+00
9.318481848184809735e-01 -3.698295933071790831e+00
9.324532453245319985e-01 -3.700057442483741355e+00
9.330583058305821353e-01 -3.701821648212315186e+00
9.336633663366331604e-01 -3.703588550542364022e+00
9.342684268426832972e-01 -3.705358149758733788e+00
9.348734873487343222e-01 -3.707130446146274405e+00
9.354785478547853472e-01 -3.708905439989835795e+00
9.360836083608354841e-01 -3.710683131574259885e+00
9.366886688668865091e-01 -3.712463521184402815e+00
9.372937293729366459e-01 -3.714246609105105623e+00
9.378987898789876709e-01 -3.716032395621223561e+00
9.385038503850378078e-01 -3.717820881017599888e+00
9.391089108910888328e-01 -3.719612065579086746e+00
9.397139713971389696e-01 -3.721405949590527840e+00
9.403190319031899946e-01 -3.723202533336777531e+00
9.409240924092401315e-01 -3.725001817102678192e+00
9.415291529152911565e-01 -3.726803801173085073e+00
9.421342134213412933e-01 -3.728608485832837882e+00
9.427392739273923183e-01 -3.730415871366792757e+00
9.433443344334424552e-01 -3.732225958059793847e+00
9.439493949394934802e-01 -3.734038746196691072e+00
9.445544554455436170e-01 -3.735854236062331690e+00
9.451595159515946420e-01 -3.737672427941566067e+00
9.457645764576456671e-01 -3.739493322119241459e+00
9.463696369636958039e-01 -3.741316918880204678e+00
9.469746974697468289e-01 -3.743143218509305648e+00
9.475797579757969658e-01 -3.744972221291392067e+00
9.481848184818479908e-01 -3.746803927511314747e+00
9.487898789878981276e-01 -3.748638337453916947e+00
9.493949394939491526e-01 -3.750475451404053917e+00
9.499999999999992895e-01 -3.752315269646566254e+00
9.506050605060503145e-01 -3.754157792466310095e+00
9.512101210121004513e-01 -3.756003020148127369e+00
9.518151815181514763e-01 -3.757850952976871106e+00
9.524202420242016132e-01 -3.759701591237385454e+00
9.530253025302526382e-01 -3.761554935214525219e+00
9.536303630363027750e-01 -3.763410985193129665e+00
9.542354235423538000e-01 -3.765269741458055375e+00
9.548404840484039369e-01 -3.767131204294145164e+00
9.554455445544549619e-01 -3.768995373986252506e+00
9.560506050605050987e-01 -3.770862250819220218e+00
9.566556655665561237e-01 -3.772731835077902218e+00
9.572607260726071488e-01 -3.774604127047143542e+00
9.578657865786572856e-01 -3.776479127011791004e+00
9.584708470847083106e-01 -3.778356835256696300e+00
9.590759075907584474e-01 -3.780237252066705356e+00
9.596809680968094725e-01 -3.782120377726670313e+00
9.602860286028596093e-01 -3.784006212521434431e+00
9.608910891089106343e-01 -3.785894756735850741e+00
9.614961496149607711e-01 -3.787786010654762947e+00
9.621012101210117962e-01 -3.789679974563025855e+00
9.627062706270619330e-01 -3.791576648745479616e+00
9.633113311331129580e-01 -3.793476033486980370e+00
9.639163916391630949e-01 -3.795378129072370488e+00
9.645214521452141199e-01 -3.797282935786503444e+00
9.651265126512642567e-01 -3.799190453914222054e+00
9.657315731573152817e-01 -3.801100683740380681e+00
9.663366336633654186e-01 -3.803013625549822585e+00
9.669416941694164436e-01 -3.804929279627399907e+00
9.675467546754665804e-01 -3.806847646257956352e+00
9.681518151815176054e-01 -3.808768725726348503e+00
9.687568756875686304e-01 -3.810692518317417399e+00
9.693619361936187673e-01 -3.812619024316011629e+00
9.699669966996697923e-01 -3.814548244006983335e+00
9.705720572057199291e-01 -3.816480177675177998e+00
9.711771177117709541e-01 -3.818414825605446872e+00
9.717821782178210910e-01 -3.820352188082633660e+00
9.723872387238721160e-01 -3.822292265391592725e+00
9.729922992299222528e-01 -3.824235057817165551e+00
9.735973597359732779e-01 -3.826180565644206943e+00
9.742024202420234147e-01 -3.828128789157561052e+00
9.748074807480744397e-01 -3.830079728642080461e+00
9.754125412541245765e-01 -3.832033384382607100e+00
9.760176017601756016e-01 -3.833989756663997106e+00
9.766226622662257384e-01 -3.835948845771091076e+00
9.772277227722767634e-01 -3.837910651988744259e+00
9.778327832783269002e-01 -3.839875175601799473e+00
9.784378437843779253e-01 -3.841842416895110190e+00
9.790429042904289503e-01 -3.843812376153522337e+00
9.796479647964790871e-01 -3.845785053661880504e+00
9.802530253025301121e-01 -3.847760449705039942e+00
9.808580858085802490e-01 -3.849738564567842580e+00
9.814631463146312740e-01 -3.851719398535142780e+00
9.820682068206814108e-01 -3.853702951891782913e+00
9.826732673267324358e-01 -3.855689224922618674e+00
9.832783278327825727e-01 -3.857678217912490215e+00
9.838833883388335977e-01 -3.859669931146253674e+00
9.844884488448837345e-01 -3.861664364908749647e+00
9.850935093509347595e-01 -3.863661519484833384e+00
9.856985698569848964e-01 -3.865661395159349034e+00
9.863036303630359214e-01 -3.867663992217147850e+00
9.869086908690860582e-01 -3.869669310943073981e+00
9.875137513751370832e-01 -3.871677351621981789e+00
9.881188118811872201e-01 -3.873688114538713645e+00
9.887238723872382451e-01 -3.875701599978123468e+00
9.893289328932883819e-01 -3.877717808225053187e+00
9.899339933993394069e-01 -3.879736739564358494e+00
9.905390539053904320e-01 -3.881758394280883984e+00
9.911441144114405688e-01 -3.883782772659475135e+00
9.917491749174915938e-01 -3.885809874984985868e+00
9.923542354235417307e-01 -3.887839701542259441e+00
9.929592959295927557e-01 -3.889872252616149328e+00
9.935643564356428925e-01 -3.891907528491499235e+00
9.941694169416939175e-01 -3.893945529453161747e+00
9.947744774477440544e-01 -3.895986255785980124e+00
9.953795379537950794e-01 -3.898029707774809172e+00
9.959845984598452162e-01 -3.900075885704490375e+00
9.965896589658962412e-01 -3.902124789859878984e+00
9.971947194719463781e-01 -3.904176420525816482e+00
9.977997799779974031e-01 -3.906230777987158120e+00
9.984048404840475399e-01 -3.908287862528744938e+00
9.990099009900985649e-01 -3.910347674435433074e+00
9.996149614961487018e-01 -3.912410213992064012e+00
1.000220022002199727e+00 -3.914475481483491670e+00
1.000825082508249864e+00 -3.916543477194559753e+00
1.001430143014300889e+00 -3.918614201410121289e+00
1.002035203520351914e+00 -3.920687654415022649e+00
1.002640264026402050e+00 -3.922763836494107981e+00
1.003245324532453076e+00 -3.924842747932231646e+00
1.003850385038503212e+00 -3.926924389014238237e+00
1.004455445544554237e+00 -3.929008760024979896e+00
1.005060506050604374e+00 -3.931095861249300327e+00
1.005665566556655399e+00 -3.933185692972052117e+00
1.006270627062705536e+00 -3.935278255478079412e+00
1.006875687568756561e+00 -3.937373549052236577e+00
1.007480748074806698e+00 -3.939471573979364205e+00
1.008085808580857723e+00 -3.941572330544317992e+00
1.008690869086907860e+00 -3.943675819031941643e+00
1.009295929592958885e+00 -3.945782039727087742e+00
1.009900990099009022e+00 -3.947890992914598218e+00
1.010506050605060047e+00 -3.950002678879328322e+00
1.011111111111110183e+00 -3.952117097906119536e+00
1.011716171617161208e+00 -3.954234250279828444e+00
1.012321232123211345e+00 -3.956354136285294310e+00
1.012926292629262370e+00 -3.958476756207373715e+00
1.013531353135313395e+00 -3.960602110330913028e+00
1.014136413641363532e+00 -3.962730198940754622e+00
1.014741474147414557e+00 -3.964861022321754191e+00
1.015346534653464694e+00 -3.966994580758754996e+00
1.015951595159515719e+00 -3.969130874536609621e+00
1.016556655665565856e+00 -3.971269903940162660e+00
1.017161716171616881e+00 -3.973411669254266698e+00
1.017766776677667018e+00 -3.975556170763764552e+00
1.018371837183718043e+00 -3.977703408753511027e+00
1.018976897689768180e+00 -3.979853383508348053e+00
1.019581958195819205e+00 -3.982006095313129546e+00
1.020187018701869341e+00 -3.984161544452699211e+00
1.020792079207920366e+00 -3.986319731211911410e+00
1.021397139713970503e+00 -3.988480655875607184e+00
1.022002200220021528e+00 -3.990644318728641338e+00
1.022607260726071665e+00 -3.992810720055855800e+00
1.023212321232122690e+00 -3.994979860142105821e+00
1.023817381738173715e+00 -3.997151739272235993e+00
1.024422442244223852e+00 -3.999326357731093573e+00
1.025027502750274877e+00 -4.001503715803531591e+00
1.025632563256325014e+00 -4.003683813774390643e+00
1.026237623762376039e+00 -4.005866651928528199e+00
1.026842684268426176e+00 -4.008052230550784856e+00
1.027447744774477201e+00 -4.010240549926015419e+00
1.028052805280527338e+00 -4.012431610339063148e+00
1.028657865786578363e+00 -4.014625412074780186e+00
1.029262926292628499e+00 -4.016821955418009793e+00
1.029867986798679524e+00 -4.019021240653608551e+00
1.030473047304729661e+00 -4.021223268066416168e+00
1.031078107810780686e+00 -4.023428037941287450e+00
1.031683168316830823e+00 -4.025635550563066545e+00
1.032288228822881848e+00 -4.027845806216605595e+00
1.032893289328931985e+00 -4.030058805186748749e+00
1.033498349834983010e+00 -4.032274547758347261e+00
1.034103410341033147e+00 -4.034493034216247054e+00
1.034708470847084172e+00 -4.036714264845302047e+00
1.035313531353135197e+00 -4.038938239930356389e+00
1.035918591859185334e+00 -4.041164959756254227e+00
1.036523652365236359e+00 -4.043394424607853033e+00
1.037128712871286496e+00 -4.045626634769993402e+00
1.037733773377337521e+00 -4.047861590527530140e+00
1.038338833883387657e+00 -4.050099292165305620e+00
1.038943894389438682e+00 -4.052339739968171983e+00
1.039548954895488819e+00 -4.054582934220976043e+00
1.040154015401539844e+00 -4.056828875208569052e+00
1.040759075907589981e+00 -4.059077563215792495e+00
1.041364136413641006e+00 -4.061328998527504730e+00
1.041969196919691143e+00 -4.063583181428545466e+00
1.042574257425742168e+00 -4.065840112203769507e+00
1.043179317931792305e+00 -4.068099791138017451e+00
1.043784378437843330e+00 -4.070362218516146768e+00
1.044389438943893467e+00 -4.072627394622997166e+00
1.044994499449944492e+00 -4.074895319743424338e+00
1.045599559955994629e+00 -4.077165994162271545e+00
1.046204620462045654e+00 -4.079439418164391817e+00
1.046809680968096679e+00 -4.081715592034631079e+00
1.047414741474146815e+00 -4.083994516057833479e+00
1.048019801980197840e+00 -4.086276190518854712e+00
1.048624862486247977e+00 -4.088560615702536261e+00
1.049229922992299002e+00 -4.090847791893734708e+00
1.049834983498349139e+00 -4.093137719377289763e+00
1.050440044004400164e+00 -4.095430398438057118e+00
1.051045104510450301e+00 -4.097725829360879146e+00
1.051650165016501326e+00 -4.100024012430607989e+00
1.052255225522551463e+00 -4.102324947932089572e+00
1.052860286028602488e+00 -4.104628636150177812e+00
1.053465346534652625e+00 -4.106935077369710640e+00
1.054070407040703650e+00 -4.109244271875548193e+00
1.054675467546753787e+00 -4.111556219952528402e+00
1.055280528052804812e+00 -4.113870921885508736e+00
1.055885588558854948e+00 -4.116188377959332456e+00
1.056490649064905973e+00 -4.118508588458849040e+00
1.057095709570956110e+00 -4.120831553668903524e+00
1.057700770077007135e+00 -4.123157273874351603e+00
1.058305830583058160e+00 -4.125485749360037424e+00
1.058910891089108297e+00 -4.127816980410806025e+00
1.059515951595159322e+00 -4.130150967311511323e+00
1.060121012101209459e+00 -4.132487710346998355e+00
1.060726072607260484e+00 -4.134827209802120151e+00
1.061331133113310621e+00 -4.137169465961715531e+00
1.061936193619361646e+00 -4.139514479110644629e+00
1.062541254125411783e+00 -4.141862249533746265e+00
1.063146314631462808e+00 -4.144212777515876134e+00
1.063751375137512944e+00 -4.146566063341874830e+00
1.064356435643563970e+00 -4.148922107296598050e+00
1.064961496149614106e+00 -4.151280909664889052e+00
1.065566556655665131e+00 -4.153642470731602643e+00
1.066171617161715268e+00 -4.156006790781577642e+00
1.066776677667766293e+00 -4.158373870099670633e+00
1.067381738173816430e+00 -4.160743708970725763e+00
1.067986798679867455e+00 -4.163116307679594286e+00
1.068591859185918480e+00 -4.165491666511123903e+00
1.069196919691968617e+00 -4.167869785750156986e+00
1.069801980198019642e+00 -4.170250665681551894e+00
1.070407040704069779e+00 -4.172634306590148334e+00
1.071012101210120804e+00 -4.175020708760802002e+00
1.071617161716170941e+00 -4.177409872478352604e+00
1.072222222222221966e+00 -4.179801798027658499e+00
1.072827282728272102e+00 -4.182196485693560284e+00
1.073432343234323127e+00 -4.184593935760910988e+00
1.074037403740373264e+00 -4.186994148514553871e+00
1.074642464246424289e+00 -4.189397124239345516e+00
1.075247524752474426e+00 -4.191802863220123854e+00
1.075852585258525451e+00 -4.194211365741747244e+00
1.076457645764575588e+00 -4.196622632089056282e+00
1.077062706270626613e+00 -4.199036662546905774e+00
1.077667766776676750e+00 -4.201453457400138092e+00
1.078272827282727775e+00 -4.203873016933607154e+00
1.078877887788777912e+00 -4.206295341432154444e+00
1.079482948294828937e+00 -4.208720431180638322e+00
1.080088008800879962e+00 -4.211148286463898494e+00
1.080693069306930099e+00 -4.213578907566785325e+00
1.081298129812981124e+00 -4.216012294774150071e+00
1.081903190319031260e+00 -4.218448448370835102e+00
1.082508250825082285e+00 -4.220887368641697890e+00
1.083113311331132422e+00 -4.223329055871577253e+00
1.083718371837183447e+00 -4.225773510345329775e+00
1.084323432343233584e+00 -4.228220732347796051e+00
1.084928492849284609e+00 -4.230670722163832664e+00
1.085533553355334746e+00 -4.233123480078279322e+00
1.086138613861385771e+00 -4.235579006375992606e+00
1.086743674367435908e+00 -4.238037301341814889e+00
1.087348734873486933e+00 -4.240498365260598312e+00
1.087953795379537070e+00 -4.242962198417187913e+00
1.088558855885588095e+00 -4.245428801096436722e+00
1.089163916391638232e+00 -4.247898173583186221e+00
1.089768976897689257e+00 -4.250370316162292994e+00
1.090374037403739393e+00 -4.252845229118597636e+00
1.090979097909790418e+00 -4.255322912736954066e+00
1.091584158415841443e+00 -4.257803367302210873e+00
1.092189218921891580e+00 -4.260286593099210428e+00
1.092794279427942605e+00 -4.262772590412808427e+00
1.093399339933992742e+00 -4.265261359527844576e+00
1.094004400440043767e+00 -4.267752900729177234e+00
1.094609460946093904e+00 -4.270247214301646999e+00
1.095214521452144929e+00 -4.272744300530106898e+00
1.095819581958195066e+00 -4.275244159699401969e+00
1.096424642464246091e+00 -4.277746792094384354e+00
1.097029702970296228e+00 -4.280252197999897312e+00
1.097634763476347253e+00 -4.282760377700795651e+00
1.098239823982397390e+00 -4.285271331481921742e+00
1.098844884488448415e+00 -4.287785059628128614e+00
1.099449944994498551e+00 -4.290301562424258641e+00
1.100055005500549576e+00 -4.292820840155169293e+00
1.100660066006599713e+00 -4.295342893105699389e+00
1.101265126512650738e+00 -4.297867721560704624e+00
1.101870187018701763e+00 -4.300395325805030922e+00
1.102475247524751900e+00 -4.302925706123522431e+00
1.103080308030802925e+00 -4.305458862801035735e+00
1.103685368536853062e+00 -4.307994796122408765e+00
1.104290429042904087e+00 -4.310533506372500767e+00
1.104895489548954224e+00 -4.313074993836150561e+00
1.105500550055005249e+00 -4.315619258798216507e+00
1.106105610561055386e+00 -4.318166301543536534e+00
1.106710671067106411e+00 -4.320716122356968114e+00
1.107315731573156548e+00 -4.323268721523351843e+00
1.107920792079207573e+00 -4.325824099327544303e+00
1.108525852585257709e+00 -4.328382256054383426e+00
1.109130913091308734e+00 -4.330943191988729346e+00
1.109735973597358871e+00 -4.333506907415420883e+00
1.110341034103409896e+00 -4.336073402619311956e+00
1.110946094609460033e+00 -4.338642677885246712e+00
1.111551155115511058e+00 -4.341214733498079958e+00
1.112156215621561195e+00 -4.343789569742651402e+00
1.112761276127612220e+00 -4.346367186903818514e+00
1.113366336633663245e+00 -4.348947585266423665e+00
1.113971397139713382e+00 -4.351530765115314558e+00
1.114576457645764407e+00 -4.354116726735345111e+00
1.115181518151814544e+00 -4.356705470411356806e+00
1.115786578657865569e+00 -4.359296996428204451e+00
1.116391639163915706e+00 -4.361891305070730418e+00
1.116996699669966731e+00 -4.364488396623789512e+00
1.117601760176016867e+00 -4.367088271372224106e+00
1.118206820682067892e+00 -4.369690929600888119e+00
1.118811881188118029e+00 -4.372296371594622144e+00
1.119416941694169054e+00 -4.374904597638285431e+00
1.120022002200219191e+00 -4.377515608016715021e+00
1.120627062706270216e+00 -4.380129403014768386e+00
1.121232123212320353e+00 -4.382745982917287009e+00
1.121837183718371378e+00 -4.385365348009126585e+00
1.122442244224421515e+00 -4.387987498575126821e+00
1.123047304730472540e+00 -4.390612434900144301e+00
1.123652365236522677e+00 -4.393240157269019619e+00
1.124257425742573702e+00 -4.395870665966609359e+00
1.124862486248624727e+00 -4.398503961277757668e+00
1.125467546754674864e+00 -4.401140043487308695e+00
1.126072607260725889e+00 -4.403778912880119023e+00
1.126677667766776025e+00 -4.406420569741030135e+00
1.127282728272827050e+00 -4.409065014354896839e+00
1.127887788778877187e+00 -4.411712247006559728e+00
1.128492849284928212e+00 -4.414362267980875387e+00
1.129097909790978349e+00 -4.417015077562684411e+00
1.129702970297029374e+00 -4.419670676036842494e+00
1.130308030803079511e+00 -4.422329063688190232e+00
1.130913091309130536e+00 -4.424990240801585983e+00
1.131518151815180673e+00 -4.427654207661866792e+00
1.132123212321231698e+00 -4.430320964553891017e+00
1.132728272827281835e+00 -4.432990511762499253e+00
1.133333333333332860e+00 -4.435662849572546307e+00
1.133938393839382996e+00 -4.438337978268874551e+00
1.134543454345434021e+00 -4.441015898136338791e+00
1.135148514851484158e+00 -4.443696609459779623e+00
1.135753575357535183e+00 -4.446380112524055406e+00
1.136358635863586208e+00 -4.449066407614006735e+00
1.136963696369636345e+00 -4.451755495014480424e+00
1.137568756875687370e+00 -4.454447375010333054e+00
1.138173817381737507e+00 -4.457142047886405223e+00
1.138778877887788532e+00 -4.459839513927551735e+00
1.139383938393838669e+00 -4.462539773418612299e+00
1.139988998899889694e+00 -4.465242826644446161e+00
1.140594059405939831e+00 -4.467948673889892142e+00
1.141199119911990856e+00 -4.470657315439806823e+00
1.141804180418040993e+00 -4.473368751579030800e+00
1.142409240924092018e+00 -4.476082982592420656e+00
1.143014301430142154e+00 -4.478800008764814322e+00
1.143619361936193179e+00 -4.481519830381071046e+00
1.144224422442243316e+00 -4.484242447726031422e+00
1.144829482948294341e+00 -4.486967861084548481e+00
1.145434543454344478e+00 -4.489696070741466372e+00
1.146039603960395503e+00 -4.492427076981639011e+00
1.146644664466446528e+00 -4.495160880089911437e+00
1.147249724972496665e+00 -4.497897480351128685e+00
1.147854785478547690e+00 -4.500636878050146450e+00
1.148459845984597827e+00 -4.503379073471807104e+00
1.149064906490648852e+00 -4.506124066900961900e+00
1.149669966996698989e+00 -4.508871858622454987e+00
1.150275027502750014e+00 -4.511622448921144723e+00
1.150880088008800151e+00 -4.514375838081866377e+00
1.151485148514851176e+00 -4.517132026389480082e+00
1.152090209020901312e+00 -4.519891014128826434e+00
1.152695269526952337e+00 -4.522652801584758464e+00
1.153300330033002474e+00 -4.525417389042118543e+00
1.153905390539053499e+00 -4.528184776785765031e+00
1.154510451045103636e+00 -4.530954965100534970e+00
1.155115511551154661e+00 -4.533727954271285832e+00
1.155720572057204798e+00 -4.536503744582857323e+00
1.156325632563255823e+00 -4.539282336320108691e+00
1.156930693069305960e+00 -4.542063729767876978e+00
1.157535753575356985e+00 -4.544847925211020545e+00
1.158140814081408010e+00 -4.547634922934382651e+00
1.158745874587458147e+00 -4.550424723222808332e+00
1.159350935093509172e+00 -4.553217326361154171e+00
1.159955995599559309e+00 -4.556012732634260765e+00
1.160561056105610334e+00 -4.558810942326982030e+00
1.161166116611660470e+00 -4.561611955724160339e+00
1.161771177117711495e+00 -4.564415773110653163e+00
1.162376237623761632e+00 -4.567222394771297544e+00
1.162981298129812657e+00 -4.570031820990954508e+00
1.163586358635862794e+00 -4.572844052054460207e+00
1.164191419141913819e+00 -4.575659088246672113e+00
1.164796479647963956e+00 -4.578476929852432598e+00
1.165401540154014981e+00 -4.581297577156595580e+00
1.166006600660065118e+00 -4.584121030444001654e+00
1.166611661166116143e+00 -4.586947289999510069e+00
1.167216721672166280e+00 -4.589776356107956978e+00
1.167821782178217305e+00 -4.592608229054201630e+00
1.168426842684267442e+00 -4.595442909123084618e+00
1.169031903190318467e+00 -4.598280396599459863e+00
1.169636963696369492e+00 -4.601120691768174176e+00
1.170242024202419628e+00 -4.603963794914069041e+00
1.170847084708470653e+00 -4.606809706322005482e+00
1.171452145214520790e+00 -4.609658426276817877e+00
1.172057205720571815e+00 -4.612509955063368139e+00
1.172662266226621952e+00 -4.615364292966493309e+00
1.173267326732672977e+00 -4.618221440271050859e+00
1.173872387238723114e+00 -4.621081397261882273e+00
1.174477447744774139e+00 -4.623944164223842357e+00
1.175082508250824276e+00 -4.626809741441769930e+00
1.175687568756875301e+00 -4.629678129200525127e+00
1.176292629262925438e+00 -4.632549327784944992e+00
1.176897689768976463e+00 -4.635423337479887884e+00
1.177502750275026600e+00 -4.638300158570194398e+00
1.178107810781077625e+00 -4.641179791340721117e+00
1.178712871287127761e+00 -4.644062236076304195e+00
1.179317931793178786e+00 -4.646947493061804657e+00
1.179922992299228923e+00 -4.649835562582062209e+00
1.180528052805279948e+00 -4.652726444921931659e+00
1.181133113311330973e+00 -4.655620140366258930e+00
1.181738173817381110e+00 -4.658516649199887283e+00
1.182343234323432135e+00 -4.661415971707673300e+00
1.182948294829482272e+00 -4.664318108174458466e+00
1.183553355335533297e+00 -4.667223058885098474e+00
1.184158415841583434e+00 -4.670130824124431257e+00
1.184763476347634459e+00 -4.673041404177316060e+00
1.185368536853684596e+00 -4.675954799328593481e+00
1.185973597359735621e+00 -4.678871009863119212e+00
1.186578657865785758e+00 -4.681790036065732075e+00
1.187183718371836783e+00 -4.684711878221290426e+00
1.187788778877886919e+00 -4.687636536614634863e+00
1.188393839383937944e+00 -4.690564011530618416e+00
1.188998899889988081e+00 -4.693494303254085231e+00
1.189603960396039106e+00 -4.696427412069890117e+00
1.190209020902089243e+00 -4.699363338262874557e+00
1.190814081408140268e+00 -4.702302082117894244e+00
1.191419141914191293e+00 -4.705243643919791552e+00
1.192024202420241430e+00 -4.708188023953413293e+00
1.192629262926292455e+00 -4.711135222503616937e+00
1.193234323432342592e+00 -4.714085239855238640e+00
1.193839383938393617e+00 -4.717038076293138538e+00
1.194444444444443754e+00 -4.719993732102155448e+00
1.195049504950494779e+00 -4.722952207567145066e+00
1.195654565456544915e+00 -4.725913502972950653e+00
1.196259625962595941e+00 -4.728877618604424349e+00
1.196864686468646077e+00 -4.731844554746410303e+00
1.197469746974697102e+00 -4.734814311683763322e+00
1.198074807480747239e+00 -4.737786889701322224e+00
1.198679867986798264e+00 -4.740762289083946257e+00
1.199284928492848401e+00 -4.743740510116475129e+00
1.199889988998899426e+00 -4.746721553083764533e+00
1.200495049504949563e+00 -4.749705418270652402e+00
1.201100110011000588e+00 -4.752692105962000646e+00
1.201705170517050725e+00 -4.755681616442643644e+00
1.202310231023101750e+00 -4.758673949997444197e+00
1.202915291529152775e+00 -4.761669106911241123e+00
1.203520352035202912e+00 -4.764667087468880347e+00
1.204125412541253937e+00 -4.767667891955220227e+00
1.204730473047304073e+00 -4.770671520655099584e+00
1.205335533553355098e+00 -4.773677973853374112e+00
1.205940594059405235e+00 -4.776687251834884407e+00
1.206545654565456260e+00 -4.779699354884488827e+00
1.207150715071506397e+00 -4.782714283287024415e+00
1.207755775577557422e+00 -4.785732037327352195e+00
1.208360836083607559e+00 -4.788752617290306546e+00
1.208965896589658584e+00 -4.791776023460749379e+00
1.209570957095708721e+00 -4.794802256123517736e+00
1.210176017601759746e+00 -4.797831315563469090e+00
1.210781078107809883e+00 -4.800863202065444035e+00
1.211386138613860908e+00 -4.803897915914298267e+00
1.211991199119911045e+00 -4.806935457394872380e+00
1.212596259625962070e+00 -4.809975826792022957e+00
1.213201320132012206e+00 -4.813019024390590594e+00
1.213806380638063231e+00 -4.816065050475430986e+00
1.214411441144114256e+00 -4.819113905331390058e+00
1.215016501650164393e+00 -4.822165589243308403e+00
1.215621562156215418e+00 -4.825220102496047936e+00
1.216226622662265555e+00 -4.828277445374443921e+00
1.216831683168316580e+00 -4.831337618163355607e+00
1.217436743674366717e+00 -4.834400621147623589e+00
1.218041804180417742e+00 -4.837466454612101785e+00
1.218646864686467879e+00 -4.840535118841631679e+00
1.219251925192518904e+00 -4.843606614121071630e+00
1.219856985698569041e+00 -4.846680940735259568e+00
1.220462046204620066e+00 -4.849758098969052966e+00
1.221067106710670203e+00 -4.852838089107292419e+00
1.221672167216721228e+00 -4.855920911434833620e+00
1.222277227722771364e+00 -4.859006566236515390e+00
1.222882288228822389e+00 -4.862095053797197863e+00
1.223487348734872526e+00 -4.865186374401718084e+00
1.224092409240923551e+00 -4.868280528334935298e+00
1.224697469746974576e+00 -4.871377515881690989e+00
1.225302530253024713e+00 -4.874477337326831972e+00
1.225907590759075738e+00 -4.877579992955212163e+00
1.226512651265125875e+00 -4.880685483051673934e+00
1.227117711771176900e+00 -4.883793807901072093e+00
1.227722772277227037e+00 -4.886904967788249010e+00
1.228327832783278062e+00 -4.890018962998060381e+00
1.228932893289328199e+00 -4.893135793815345025e+00
1.229537953795379224e+00 -4.896255460524960412e+00
1.230143014301429361e+00 -4.899377963411748027e+00
1.230748074807480386e+00 -4.902503302760562676e+00
1.231353135313530522e+00 -4.905631478856244065e+00
1.231958195819581547e+00 -4.908762491983651444e+00
1.232563256325631684e+00 -4.911896342427622741e+00
1.233168316831682709e+00 -4.915033030473015430e+00
1.233773377337732846e+00 -4.918172556404667439e+00
1.234378437843783871e+00 -4.921314920507438906e+00
1.234983498349834008e+00 -4.924460123066169537e+00
1.235588558855885033e+00 -4.927608164365713250e+00
1.236193619361936058e+00 -4.930759044690915083e+00
1.236798679867986195e+00 -4.933912764326620959e+00
1.237403740374037220e+00 -4.937069323557686573e+00
1.238008800880087357e+00 -4.940228722668951633e+00
1.238613861386138382e+00 -4.943390961945272721e+00
1.239218921892188519e+00 -4.946556041671492210e+00
1.239823982398239544e+00 -4.949723962132464017e+00
1.240429042904289680e+00 -4.952894723613027850e+00
1.241034103410340705e+00 -4.956068326398042956e+00
1.241639163916390842e+00 -4.959244770772348154e+00
1.242244224422441867e+00 -4.962424057020800028e+00
1.242849284928492004e+00 -4.965606185428238284e+00
1.243454345434543029e+00 -4.968791156279518617e+00
1.244059405940593166e+00 -4.971978969859484287e+00
1.244664466446644191e+00 -4.975169626452990101e+00
1.245269526952694328e+00 -4.978363126344875766e+00
1.245874587458745353e+00 -4.981559469819997865e+00
1.246479647964795490e+00 -4.984758657163197881e+00
1.247084708470846515e+00 -4.987960688659330621e+00
1.247689768976897540e+00 -4.991165564593242898e+00
1.248294829482947677e+00 -4.994373285249774419e+00
1.248899889988998702e+00 -4.997583850913787984e+00
1.249504950495048838e+00 -5.000797261870118859e+00
1.250110011001099863e+00 -5.004013518403624516e+00
1.250715071507150000e+00 -5.007232620799146439e+00
1.251320132013201025e+00 -5.010454569341540321e+00
1.251925192519251162e+00 -5.013679364315645870e+00
1.252530253025302187e+00 -5.016907006006322334e+00
1.253135313531352324e+00 -5.020137494698407643e+00
1.253740374037403349e+00 -5.023370830676758381e+00
1.254345434543453486e+00 -5.026607014226214254e+00
1.254950495049504511e+00 -5.029846045631633622e+00
1.255555555555554648e+00 -5.033087925177854416e+00
1.256160616061605673e+00 -5.036332653149734995e+00
1.256765676567655809e+00 -5.039580229832114178e+00
1.257370737073706835e+00 -5.042830655509849436e+00
1.257975797579756971e+00 -5.046083930467782253e+00
1.258580858085807996e+00 -5.049340054990765658e+00
1.259185918591859021e+00 -5.052599029363648242e+00
1.259790979097909158e+00 -5.055860853871270599e+00
1.260396039603960183e+00 -5.059125528798490201e+00
1.261001100110010320e+00 -5.062393054430149419e+00
1.261606160616061345e+00 -5.065663431051102172e+00
1.262211221122111482e+00 -5.068936658946189056e+00
1.262816281628162507e+00 -5.072212738400269316e+00
1.263421342134212644e+00 -5.075491669698178221e+00
1.264026402640263669e+00 -5.078773453124776793e+00
1.264631463146313806e+00 -5.082058088964903853e+00
1.265236523652364831e+00 -5.085345577503414205e+00
1.265841584158414967e+00 -5.088635919025150223e+00
1.266446644664465992e+00 -5.091929113814968488e+00
1.267051705170516129e+00 -5.095225162157705157e+00
1.267656765676567154e+00 -5.098524064338223916e+00
1.268261826182617291e+00 -5.101825820641360920e+00
1.268866886688668316e+00 -5.105130431351970977e+00
1.269471947194719341e+00 -5.108437896754901786e+00
1.270077007700769478e+00 -5.111748217134994832e+00
1.270682068206820503e+00 -5.115061392777109361e+00
1.271287128712870640e+00 -5.118377423966082418e+00
1.271892189218921665e+00 -5.121696310986773248e+00
1.272497249724971802e+00 -5.125018054124020672e+00
1.273102310231022827e+00 -5.128342653662681272e+00
1.273707370737072964e+00 -5.131670109887596531e+00
1.274312431243123989e+00 -5.135000423083622145e+00
1.274917491749174125e+00 -5.138333593535598709e+00
1.275522552255225150e+00 -5.141669621528381029e+00
1.276127612761275287e+00 -5.145008507346810589e+00
1.276732673267326312e+00 -5.148350251275743972e+00
1.277337733773376449e+00 -5.151694853600021773e+00
1.277942794279427474e+00 -5.155042314604500575e+00
1.278547854785477611e+00 -5.158392634574019198e+00
1.279152915291528636e+00 -5.161745813793436888e+00
1.279757975797578773e+00 -5.165101852547589800e+00
1.280363036303629798e+00 -5.168460751121337182e+00
1.280968096809680823e+00 -5.171822509799524070e+00
1.281573157315730960e+00 -5.175187128866991060e+00
1.282178217821781985e+00 -5.178554608608599175e+00
1.282783278327832122e+00 -5.181924949309186346e+00
1.283388338833883147e+00 -5.185298151253610044e+00
1.283993399339933283e+00 -5.188674214726709089e+00
1.284598459845984308e+00 -5.192053140013340951e+00
1.285203520352034445e+00 -5.195434927398344449e+00
1.285808580858085470e+00 -5.198819577166577943e+00
1.286413641364135607e+00 -5.202207089602881140e+00
1.287018701870186632e+00 -5.205597464992110623e+00
1.287623762376236769e+00 -5.208990703619105211e+00
1.288228822882287794e+00 -5.212386805768723264e+00
1.288833883388337931e+00 -5.215785771725805375e+00
1.289438943894388956e+00 -5.219187601775206353e+00
1.290044004400439093e+00 -5.222592296201766793e+00
1.290649064906490118e+00 -5.225999855290345053e+00
1.291254125412540255e+00 -5.229410279325777289e+00
1.291859185918591280e+00 -5.232823568592925412e+00
1.292464246424642305e+00 -5.236239723376629129e+00
1.293069306930692441e+00 -5.239658743961732590e+00
1.293674367436743466e+00 -5.243080630633097705e+00
1.294279427942793603e+00 -5.246505383675558853e+00
1.294884488448844628e+00 -5.249933003373977058e+00
1.295489548954894765e+00 -5.253363490013187587e+00
1.296094609460945790e+00 -5.256796843878051462e+00
1.296699669966995927e+00 -5.260233065253407503e+00
1.297304730473046952e+00 -5.263672154424111405e+00
1.297909790979097089e+00 -5.267114111675003763e+00
1.298514851485148114e+00 -5.270558937290942936e+00
1.299119911991198251e+00 -5.274006631556764191e+00
1.299724972497249276e+00 -5.277457194757329439e+00
1.300330033003299413e+00 -5.280910627177475725e+00
1.300935093509350438e+00 -5.284366929102062294e+00
1.301540154015400574e+00 -5.287826100815925301e+00
1.302145214521451599e+00 -5.291288142603924882e+00
1.302750275027502624e+00 -5.294753054750906074e+00
1.303355335533552761e+00 -5.298220837541708583e+00
1.303960396039603786e+00 -5.301691491261192546e+00
1.304565456545653923e+00 -5.305165016194195005e+00
1.305170517051704948e+00 -5.308641412625577871e+00
1.305775577557755085e+00 -5.312120680840175524e+00
1.306380638063806110e+00 -5.315602821122849875e+00
1.306985698569856247e+00 -5.319087833758437078e+00
1.307590759075907272e+00 -5.322575719031795494e+00
1.308195819581957409e+00 -5.326066477227763052e+00
1.308800880088008434e+00 -5.329560108631199888e+00
1.309405940594058571e+00 -5.333056613526942158e+00
1.310011001100109596e+00 -5.336555992199851772e+00
1.310616061606159732e+00 -5.340058244934762222e+00
1.311221122112210757e+00 -5.343563372016536306e+00
1.311826182618260894e+00 -5.347071373730009292e+00
1.312431243124311919e+00 -5.350582250360042202e+00
1.313036303630362056e+00 -5.354096002191471193e+00
1.313641364136413081e+00 -5.357612629509156399e+00
1.314246424642464106e+00 -5.361132132597939304e+00
1.314851485148514243e+00 -5.364654511742664944e+00
1.315456545654565268e+00 -5.368179767228189903e+00
1.316061606160615405e+00 -5.371707899339353887e+00
1.316666666666666430e+00 -5.375238908361017920e+00
1.317271727172716567e+00 -5.378772794578014604e+00
1.317876787678767592e+00 -5.382309558275204964e+00
1.318481848184817729e+00 -5.385849199737428705e+00
1.319086908690868754e+00 -5.389391719249542412e+00
1.319691969196918890e+00 -5.392937117096385791e+00
1.320297029702969915e+00 -5.396485393562816313e+00
1.320902090209020052e+00 -5.400036548933671909e+00
1.321507150715071077e+00 -5.403590583493813604e+00
1.322112211221121214e+00 -5.407147497528076663e+00
1.322717271727172239e+00 -5.410707291321320334e+00
1.323322332233222376e+00 -5.414269965158382547e+00
1.323927392739273401e+00 -5.417835519324123439e+00
1.324532453245323538e+00 -5.421403954103380940e+00
1.325137513751374563e+00 -5.424975269781011633e+00
1.325742574257425588e+00 -5.428549466641859667e+00
1.326347634763475725e+00 -5.432126544970770965e+00
1.326952695269526750e+00 -5.435706505052598558e+00
1.327557755775576886e+00 -5.439289347172187483e+00
1.328162816281627912e+00 -5.442875071614390770e+00
1.328767876787678048e+00 -5.446463678664047237e+00
1.329372937293729073e+00 -5.450055168606018796e+00
1.329977997799779210e+00 -5.453649541725140715e+00
1.330583058305830235e+00 -5.457246798306273128e+00
1.331188118811880372e+00 -5.460846938634253078e+00
1.331793179317931397e+00 -5.464449962993940701e+00
1.332398239823981534e+00 -5.468055871670170376e+00
1.333003300330032559e+00 -5.471664664947805790e+00
1.333608360836082696e+00 -5.475276343111680433e+00
1.334213421342133721e+00 -5.478890906446656217e+00
1.334818481848183858e+00 -5.482508355237571074e+00
1.335423542354234883e+00 -5.486128689769282474e+00
1.336028602860285019e+00 -5.489751910326626572e+00
1.336633663366336044e+00 -5.493378017194467944e+00
1.337238723872387069e+00 -5.497007010657642745e+00
1.337843784378437206e+00 -5.500638891000998676e+00
1.338448844884488231e+00 -5.504273658509394096e+00
1.339053905390538368e+00 -5.507911313467666936e+00
1.339658965896589393e+00 -5.511551856160672891e+00
1.340264026402639530e+00 -5.515195286873252556e+00
1.340869086908690555e+00 -5.518841605890266067e+00
1.341474147414740692e+00 -5.522490813496547801e+00
1.342079207920791717e+00 -5.526142909976960560e+00
1.342684268426841854e+00 -5.529797895616339609e+00
1.343289328932892879e+00 -5.533455770699543308e+00
1.343894389438943016e+00 -5.537116535511412252e+00
1.344499449944994041e+00 -5.540780190336801247e+00
1.345104510451044177e+00 -5.544446735460552667e+00
1.345709570957095202e+00 -5.548116171167523092e+00
1.346314631463145339e+00 -5.551788497742549566e+00
1.346919691969196364e+00 -5.555463715470492225e+00
1.347524752475247389e+00 -5.559141824636195217e+00
1.348129812981297526e+00 -5.562822825524499137e+00
1.348734873487348551e+00 -5.566506718420265010e+00
1.349339933993398688e+00 -5.570193503608329877e+00
1.349944994499449713e+00 -5.573883181373552098e+00
1.350550055005499850e+00 -5.577575752000770493e+00
1.351155115511550875e+00 -5.581271215774842531e+00
1.351760176017601012e+00 -5.584969572980606145e+00
1.352365236523652037e+00 -5.588670823902923246e+00
1.352970297029702174e+00 -5.592374968826628212e+00
1.353575357535753199e+00 -5.596082008036582067e+00
1.354180418041803335e+00 -5.599791941817620966e+00
1.354785478547854360e+00 -5.603504770454605932e+00
1.355390539053904497e+00 -5.607220494232371344e+00
1.355995599559955522e+00 -5.610939113435780889e+00
1.356600660066005659e+00 -5.614660628349667171e+00
1.357205720572056684e+00 -5.618385039258892988e+00
1.357810781078106821e+00 -5.622112346448295384e+00
1.358415841584157846e+00 -5.625842550202731829e+00
1.359020902090208871e+00 -5.629575650807048248e+00
1.359625962596259008e+00 -5.633311648546085237e+00
1.360231023102310033e+00 -5.637050543704701155e+00
1.360836083608360170e+00 -5.640792336567734822e+00
1.361441144114411195e+00 -5.644537027420046371e+00
1.362046204620461332e+00 -5.648284616546472847e+00
1.362651265126512357e+00 -5.652035104231872609e+00
1.363256325632562493e+00 -5.655788490761084475e+00
1.363861386138613518e+00 -5.659544776418965917e+00
1.364466446644663655e+00 -5.663303961490354865e+00
1.365071507150714680e+00 -5.667066046260112344e+00
1.365676567656764817e+00 -5.670831031013073620e+00
1.366281628162815842e+00 -5.674598916034099716e+00
1.366886688668865979e+00 -5.678369701608026787e+00
1.367491749174917004e+00 -5.682143388019714969e+00
1.368096809680967141e+00 -5.685919975554002193e+00
1.368701870187018166e+00 -5.689699464495745929e+00
1.369306930693068303e+00 -5.693481855129784108e+00
1.369911991199119328e+00 -5.697267147740977755e+00
1.370517051705170353e+00 -5.701055342614166577e+00
1.371122112211220490e+00 -5.704846440034197386e+00
1.371727172717271515e+00 -5.708640440285927653e+00
1.372332233223321651e+00 -5.712437343654192645e+00
1.372937293729372676e+00 -5.716237150423856050e+00
1.373542354235422813e+00 -5.720039860879752247e+00
1.374147414741473838e+00 -5.723845475306742259e+00
1.374752475247523975e+00 -5.727653993989660464e+00
1.375357535753575000e+00 -5.731465417213370550e+00
1.375962596259625137e+00 -5.735279745262706008e+00
1.376567656765676162e+00 -5.739096978422528750e+00
1.377172717271726299e+00 -5.742917116977675818e+00
1.377777777777777324e+00 -5.746740161213002906e+00
1.378382838283827461e+00 -5.750566111413353276e+00
1.378987898789878486e+00 -5.754394967863582622e+00
1.379592959295928623e+00 -5.758226730848529762e+00
1.380198019801979648e+00 -5.762061400653053944e+00
1.380803080308029784e+00 -5.765898977561991323e+00
1.381408140814080809e+00 -5.769739461860202034e+00
1.382013201320131834e+00 -5.773582853832529338e+00
1.382618261826181971e+00 -5.777429153763815606e+00
1.383223322332232996e+00 -5.781278361938919197e+00
1.383828382838283133e+00 -5.785130478642680707e+00
1.384433443344334158e+00 -5.788985504159955831e+00
1.385038503850384295e+00 -5.792843438775584275e+00
1.385643564356435320e+00 -5.796704282774423511e+00
1.386248624862485457e+00 -5.800568036441312358e+00
1.386853685368536482e+00 -5.804434700061110952e+00
1.387458745874586619e+00 -5.808304273918655447e+00
1.388063806380637644e+00 -5.812176758298805090e+00
1.388668866886687780e+00 -5.816052153486398701e+00
1.389273927392738806e+00 -5.819930459766292863e+00
1.389878987898788942e+00 -5.823811677423326394e+00
1.390484048404839967e+00 -5.827695806742359430e+00
1.391089108910890104e+00 -5.831582848008229902e+00
1.391694169416941129e+00 -5.835472801505794394e+00
1.392299229922992154e+00 -5.839365667519897052e+00
1.392904290429042291e+00 -5.843261446335383802e+00
1.393509350935093316e+00 -5.847160138237109450e+00
1.394114411441143453e+00 -5.851061743509911928e+00
1.394719471947194478e+00 -5.854966262438653146e+00
1.395324532453244615e+00 -5.858873695308170149e+00
1.395929592959295640e+00 -5.862784042403321294e+00
1.396534653465345777e+00 -5.866697304008942737e+00
1.397139713971396802e+00 -5.870613480409895502e+00
1.397744774477446938e+00 -5.874532571891016630e+00
1.398349834983497963e+00 -5.878454578737167147e+00
1.398954895489548100e+00 -5.882379501233180541e+00
1.399559955995599125e+00 -5.886307339663919613e+00
1.400165016501649262e+00 -5.890238094314220518e+00
1.400770077007700287e+00 -5.894171765468943391e+00
1.401375137513750424e+00 -5.898108353412923499e+00
1.401980198019801449e+00 -5.902047858431021865e+00
1.402585258525851586e+00 -5.905990280808074644e+00
1.403190319031902611e+00 -5.909935620828944636e+00
1.403795379537953636e+00 -5.913883878778469771e+00
1.404400440044003773e+00 -5.917835054941495976e+00
1.405005500550054798e+00 -5.921789149602882496e+00
1.405610561056104935e+00 -5.925746163047465487e+00
1.406215621562155960e+00 -5.929706095560106860e+00
1.406820682068206096e+00 -5.933668947425639217e+00
1.407425742574257121e+00 -5.937634718928926247e+00
1.408030803080307258e+00 -5.941603410354805881e+00
1.408635863586358283e+00 -5.945575021988132924e+00
1.409240924092408420e+00 -5.949549554113748862e+00
1.409845984598459445e+00 -5.953527007016510275e+00
1.410451045104509582e+00 -5.957507380981256873e+00
1.411056105610560607e+00 -5.961490676292847013e+00
1.411661166116610744e+00 -5.965476893236116851e+00
1.412266226622661769e+00 -5.969466032095929187e+00
1.412871287128711906e+00 -5.973458093157117510e+00
1.413476347634762931e+00 -5.977453076704543733e+00
1.414081408140813068e+00 -5.981450983023042234e+00
1.414686468646864093e+00 -5.985451812397476701e+00
1.415291529152915118e+00 -5.989455565112687729e+00
1.415896589658965254e+00 -5.993462241453517692e+00
1.416501650165016279e+00 -5.997471841704825835e+00
1.417106710671066416e+00 -6.001484366151450978e+00
1.417711771177117441e+00 -6.005499815078251480e+00
1.418316831683167578e+00 -6.009518188770064384e+00
1.418921892189218603e+00 -6.013539487511750714e+00
1.419526952695268740e+00 -6.017563711588147513e+00
1.420132013201319765e+00 -6.021590861284112250e+00
1.420737073707369902e+00 -6.025620936884481971e+00
1.421342134213420927e+00 -6.029653938674119473e+00
1.421947194719471064e+00 -6.033689866937860025e+00
1.422552255225522089e+00 -6.037728721960562872e+00
1.423157315731572226e+00 -6.041770504027065058e+00
1.423762376237623251e+00 -6.045815213422228496e+00
1.424367436743673387e+00 -6.049862850430887562e+00
1.424972497249724412e+00 -6.053913415337901505e+00
1.425577557755775437e+00 -6.057966908428117137e+00
1.426182618261825574e+00 -6.062023329986371500e+00
1.426787678767876599e+00 -6.066082680297527396e+00
1.427392739273926736e+00 -6.070144959646422755e+00
1.427997799779977761e+00 -6.074210168317915048e+00
1.428602860286027898e+00 -6.078278306596843095e+00
1.429207920792078923e+00 -6.082349374768067918e+00
1.429812981298129060e+00 -6.086423373116422120e+00
1.430418041804180085e+00 -6.090500301926769389e+00
1.431023102310230222e+00 -6.094580161483944103e+00
1.431628162816281247e+00 -6.098662952072808174e+00
1.432233223322331384e+00 -6.102748673978196869e+00
1.432838283828382409e+00 -6.106837327484970324e+00
1.433443344334432545e+00 -6.110928912877966468e+00
1.434048404840483570e+00 -6.115023430442044550e+00
1.434653465346533707e+00 -6.119120880462039835e+00
1.435258525852584732e+00 -6.123221263222815125e+00
1.435863586358634869e+00 -6.127324579009205685e+00
1.436468646864685894e+00 -6.131430828106072539e+00
1.437073707370736919e+00 -6.135540010798256283e+00
1.437678767876787056e+00 -6.139652127370600176e+00
1.438283828382838081e+00 -6.143767178107966132e+00
1.438888888888888218e+00 -6.147885163295188526e+00
1.439493949394939243e+00 -6.152006083217127497e+00
1.440099009900989380e+00 -6.156129938158621862e+00
1.440704070407040405e+00 -6.160256728404529092e+00
1.441309130913090542e+00 -6.164386454239686230e+00
1.441914191419141567e+00 -6.168519115948956077e+00
1.442519251925191703e+00 -6.172654713817173011e+00
1.443124312431242728e+00 -6.176793248129196279e+00
1.443729372937292865e+00 -6.180934719169864699e+00
1.444334433443343890e+00 -6.185079127224037521e+00
1.444939493949394027e+00 -6.189226472576550897e+00
1.445544554455445052e+00 -6.193376755512266740e+00
1.446149614961495189e+00 -6.197529976316017652e+00
1.446754675467546214e+00 -6.201686135272668210e+00
1.447359735973596351e+00 -6.205845232667053679e+00
1.447964796479647376e+00 -6.210007268784031531e+00
1.448569856985698401e+00 -6.214172243908448579e+00
1.449174917491748538e+00 -6.218340158325141864e+00
1.449779977997799563e+00 -6.222511012318977741e+00
1.450385038503849700e+00 -6.226684806174791476e+00
1.450990099009900725e+00 -6.230861540177436986e+00
1.451595159515950861e+00 -6.235041214611758420e+00
1.452200220022001886e+00 -6.239223829762611473e+00
1.452805280528052023e+00 -6.243409385914835852e+00
1.453410341034103048e+00 -6.247597883353289028e+00
1.454015401540153185e+00 -6.251789322362807155e+00
1.454620462046204210e+00 -6.255983703228254811e+00
1.455225522552254347e+00 -6.260181026234464596e+00
1.455830583058305372e+00 -6.264381291666298424e+00
1.456435643564355509e+00 -6.268584499808590671e+00
1.457040704070406534e+00 -6.272790650946204138e+00
1.457645764576456671e+00 -6.276999745363973204e+00
1.458250825082507696e+00 -6.281211783346761557e+00
1.458855885588557832e+00 -6.285426765179400022e+00
1.459460946094608857e+00 -6.289644691146754951e+00
1.460066006600659883e+00 -6.293865561533664277e+00
1.460671067106710019e+00 -6.298089376624973035e+00
1.461276127612761044e+00 -6.302316136705538696e+00
1.461881188118811181e+00 -6.306545842060201856e+00
1.462486248624862206e+00 -6.310778492973820875e+00
1.463091309130912343e+00 -6.315014089731229241e+00
1.463696369636963368e+00 -6.319252632617290644e+00
1.464301430143013505e+00 -6.323494121916843014e+00
1.464906490649064530e+00 -6.327738557914742046e+00
1.465511551155114667e+00 -6.331985940895826559e+00
1.466116611661165692e+00 -6.336236271144958465e+00
1.466721672167215829e+00 -6.340489548946971254e+00
1.467326732673266854e+00 -6.344745774586726839e+00
1.467931793179316990e+00 -6.349004948349060484e+00
1.468536853685368015e+00 -6.353267070518835880e+00
1.469141914191418152e+00 -6.357532141380884738e+00
1.469746974697469177e+00 -6.361800161220070748e+00
1.470352035203520202e+00 -6.366071130321231841e+00
1.470957095709570339e+00 -6.370345048969216606e+00
1.471562156215621364e+00 -6.374621917448884290e+00
1.472167216721671501e+00 -6.378901736045065718e+00
1.472772277227722526e+00 -6.383184505042628132e+00
1.473377337733772663e+00 -6.387470224726403245e+00
1.473982398239823688e+00 -6.391758895381252970e+00
1.474587458745873825e+00 -6.396050517292012572e+00
1.475192519251924850e+00 -6.400345090743543963e+00
1.475797579757974987e+00 -6.404642616020683299e+00
1.476402640264026012e+00 -6.408943093408293379e+00
1.477007700770076148e+00 -6.413246523191203252e+00
1.477612761276127173e+00 -6.417552905654281048e+00
1.478217821782177310e+00 -6.421862241082359368e+00
1.478822882288228335e+00 -6.426174529760299237e+00
1.479427942794278472e+00 -6.430489771972936808e+00
1.480033003300329497e+00 -6.434807968005133105e+00
1.480638063806379634e+00 -6.439129118141724284e+00
1.481243124312430659e+00 -6.443453222667571367e+00
1.481848184818481684e+00 -6.447780281867514063e+00
1.482453245324531821e+00 -6.452110296026396519e+00
1.483058305830582846e+00 -6.456443265429079759e+00
1.483663366336632983e+00 -6.460779190360399937e+00
1.484268426842684008e+00 -6.465118071105216302e+00
1.484873487348734145e+00 -6.469459907948365895e+00
1.485478547854785170e+00 -6.473804701174708853e+00
1.486083608360835306e+00 -6.478152451069082218e+00
1.486688668866886331e+00 -6.482503157916346126e+00
1.487293729372936468e+00 -6.486856822001336731e+00
1.487898789878987493e+00 -6.491213443608915057e+00
1.488503850385037630e+00 -6.495573023023915482e+00
1.489108910891088655e+00 -6.499935560531202583e+00
1.489713971397138792e+00 -6.504301056415608073e+00
1.490319031903189817e+00 -6.508669510961993865e+00
1.490924092409239954e+00 -6.513040924455195224e+00
1.491529152915290979e+00 -6.517415297180075839e+00
1.492134213421341116e+00 -6.521792629421470089e+00
1.492739273927392141e+00 -6.526172921464238996e+00
1.493344334433443166e+00 -6.530556173593223157e+00
1.493949394939493303e+00 -6.534942386093268496e+00
1.494554455445544328e+00 -6.539331559249230708e+00
1.495159515951594464e+00 -6.543723693345947723e+00
1.495764576457645489e+00 -6.548118788668283230e+00
1.496369636963695626e+00 -6.552516845501068943e+00
1.496974697469746651e+00 -6.556917864129167661e+00
1.497579757975796788e+00 -6.561321844837417316e+00
1.498184818481847813e+00 -6.565728787910673603e+00
1.498789878987897950e+00 -6.570138693633778004e+00
1.499394939493948975e+00 -6.574551562291588880e+00
1.499999999999999112e+00 -6.578967394168939720e+00
1.500605060506050137e+00 -6.583386189550694212e+00
1.501210121012100274e+00 -6.587807948721689399e+00
1.501815181518151299e+00 -6.592232671966783641e+00
1.502420242024201436e+00 -6.596660359570813981e+00
1.503025302530252461e+00 -6.601091011818639664e+00
1.503630363036302597e+00 -6.605524628995098624e+00
1.504235423542353622e+00 -6.609961211385051882e+00
1.504840484048404647e+00 -6.614400759273340924e+00
1.505445544554454784e+00 -6.618843272944806344e+00
1.506050605060505809e+00 -6.623288752684310055e+00
1.506655665566555946e+00 -6.627737198776687322e+00
1.507260726072606971e+00 -6.632188611506803610e+00
1.507865786578657108e+00 -6.636642991159486193e+00
1.508470847084708133e+00 -6.641100338019604976e+00
1.509075907590758270e+00 -6.645560652371989008e+00
1.509680968096809295e+00 -6.650023934501502865e+00
1.510286028602859432e+00 -6.654490184692980037e+00
1.510891089108910457e+00 -6.658959403231285989e+00
1.511496149614960594e+00 -6.663431590401248883e+00
1.512101210121011619e+00 -6.667906746487736847e+00
1.512706270627061755e+00 -6.672384871775580706e+00
1.513311331133112780e+00 -6.676865966549645925e+00
1.513916391639162917e+00 -6.681350031094764219e+00
1.514521452145213942e+00 -6.685837065695799275e+00
1.515126512651264967e+00 -6.690327070637592577e+00
1.515731573157315104e+00 -6.694820046204984720e+00
1.516336633663366129e+00 -6.699315992682837617e+00
1.516941694169416266e+00 -6.703814910355987422e+00
1.517546754675467291e+00 -6.708316799509294270e+00
1.518151815181517428e+00 -6.712821660427595205e+00
1.518756875687568453e+00 -6.717329493395752138e+00
1.519361936193618590e+00 -6.721840298698595006e+00
1.519966996699669615e+00 -6.726354076620994604e+00
1.520572057205719751e+00 -6.730870827447777316e+00
1.521177117711770777e+00 -6.735390551463806830e+00
1.521782178217820913e+00 -6.739913248953921965e+00
1.522387238723871938e+00 -6.744438920202981969e+00
1.522992299229922075e+00 -6.748967565495821219e+00
1.523597359735973100e+00 -6.753499185117302517e+00
1.524202420242023237e+00 -6.758033779352258463e+00
1.524807480748074262e+00 -6.762571348485555411e+00
1.525412541254124399e+00 -6.767111892802025963e+00
1.526017601760175424e+00 -6.771655412586531142e+00
1.526622662266226449e+00 -6.776201908123912432e+00
1.527227722772276586e+00 -6.780751379699012205e+00
1.527832783278327611e+00 -6.785303827596691484e+00
1.528437843784377748e+00 -6.789859252101789977e+00
1.529042904290428773e+00 -6.794417653499161602e+00
1.529647964796478909e+00 -6.798979032073647844e+00
1.530253025302529934e+00 -6.803543388110105283e+00
1.530858085808580071e+00 -6.808110721893372741e+00
1.531463146314631096e+00 -6.812681033708310352e+00
1.532068206820681233e+00 -6.817254323839755159e+00
1.532673267326732258e+00 -6.821830592572565521e+00
1.533278327832782395e+00 -6.826409840191578482e+00
1.533883388338833420e+00 -6.830992066981654176e+00
1.534488448844883557e+00 -6.835577273227629647e+00
1.535093509350934582e+00 -6.840165459214367694e+00
1.535698569856984719e+00 -6.844756625226699143e+00
1.536303630363035744e+00 -6.849350771549490347e+00
1.536908690869085881e+00 -6.853947898467572131e+00
1.537513751375136906e+00 -6.858548006265809960e+00
1.538118811881187931e+00 -6.863151095229041765e+00
1.538723872387238067e+00 -6.867757165642110806e+00
1.539328932893289092e+00 -6.872366217789881659e+00
1.539933993399339229e+00 -6.876978251957185151e+00
1.540539053905390254e+00 -6.881593268428885857e+00
1.541144114411440391e+00 -6.886211267489816379e+00
1.541749174917491416e+00 -6.890832249424841294e+00
1.542354235423541553e+00 -6.895456214518791427e+00
1.542959295929592578e+00 -6.900083163056534019e+00
1.543564356435642715e+00 -6.904713095322898120e+00
1.544169416941693740e+00 -6.909346011602750082e+00
1.544774477447743877e+00 -6.913981912180923395e+00
1.545379537953794902e+00 -6.918620797342279971e+00
1.545984598459845039e+00 -6.923262667371655077e+00
1.546589658965896064e+00 -6.927907522553910624e+00
1.547194719471946200e+00 -6.932555363173878327e+00
1.547799779977997225e+00 -6.937206189516425425e+00
1.548404840484048250e+00 -6.941860001866386298e+00
1.549009900990098387e+00 -6.946516800508611311e+00
1.549614961496149412e+00 -6.951176585727957047e+00
1.550220022002199549e+00 -6.955839357809258772e+00
1.550825082508250574e+00 -6.960505117037380174e+00
1.551430143014300711e+00 -6.965173863697152967e+00
1.552035203520351736e+00 -6.969845598073442616e+00
1.552640264026401873e+00 -6.974520320451081723e+00
1.553245324532452898e+00 -6.979198031114933087e+00
1.553850385038503035e+00 -6.983878730349830199e+00
1.554455445544554060e+00 -6.988562418440636748e+00
1.555060506050604197e+00 -6.993249095672185334e+00
1.555665566556655222e+00 -6.997938762329340534e+00
1.556270627062705358e+00 -7.002631418696937615e+00
1.556875687568756383e+00 -7.007327065059834936e+00
1.557480748074806520e+00 -7.012025701702867764e+00
1.558085808580857545e+00 -7.016727328910903339e+00
1.558690869086907682e+00 -7.021431946968770710e+00
1.559295929592958707e+00 -7.026139556161334454e+00
1.559900990099009732e+00 -7.030850156773434279e+00
1.560506050605059869e+00 -7.035563749089914332e+00
1.561111111111110894e+00 -7.040280333395634749e+00
1.561716171617161031e+00 -7.044999909975429908e+00
1.562321232123212056e+00 -7.049722479114162610e+00
1.562926292629262193e+00 -7.054448041096668121e+00
1.563531353135313218e+00 -7.059176596207808352e+00
1.564136413641363355e+00 -7.063908144732416794e+00
1.564741474147414380e+00 -7.068642686955357135e+00
1.565346534653464516e+00 -7.073380223161461089e+00
1.565951595159515541e+00 -7.078120753635596785e+00
1.566556655665565678e+00 -7.082864278662591495e+00
1.567161716171616703e+00 -7.087610798527312461e+00
1.567766776677666840e+00 -7.092360313514592285e+00
1.568371837183717865e+00 -7.097112823909293766e+00
1.568976897689768002e+00 -7.101868329996250395e+00
1.569581958195819027e+00 -7.106626832060324084e+00
1.570187018701869164e+00 -7.111388330386352763e+00
1.570792079207920189e+00 -7.116152825259195680e+00
1.571397139713971214e+00 -7.120920316963694319e+00
1.572002200220021351e+00 -7.125690805784691051e+00
1.572607260726072376e+00 -7.130464292007047789e+00
1.573212321232122513e+00 -7.135240775915599798e+00
1.573817381738173538e+00 -7.140020257795207215e+00
1.574422442244223674e+00 -7.144802737930705305e+00
1.575027502750274699e+00 -7.149588216606958646e+00
1.575632563256324836e+00 -7.154376694108798951e+00
1.576237623762375861e+00 -7.159168170721089908e+00
1.576842684268425998e+00 -7.163962646728665007e+00
1.577447744774477023e+00 -7.168760122416388825e+00
1.578052805280527160e+00 -7.173560598069091299e+00
1.578657865786578185e+00 -7.178364073971639669e+00
1.579262926292628322e+00 -7.183170550408865651e+00
1.579867986798679347e+00 -7.187980027665631155e+00
1.580473047304729484e+00 -7.192792506026771449e+00
1.581078107810780509e+00 -7.197607985777151107e+00
1.581683168316830645e+00 -7.202426467201600069e+00
1.582288228822881671e+00 -7.207247950584985574e+00
1.582893289328932696e+00 -7.212072436212144666e+00
1.583498349834982832e+00 -7.216899924367920605e+00
1.584103410341033857e+00 -7.221730415337175302e+00
1.584708470847083994e+00 -7.226563909404744024e+00
1.585313531353135019e+00 -7.231400406855488683e+00
1.585918591859185156e+00 -7.236239907974242769e+00
1.586523652365236181e+00 -7.241082413045869970e+00
1.587128712871286318e+00 -7.245927922355204664e+00
1.587733773377337343e+00 -7.250776436187107876e+00
1.588338833883387480e+00 -7.255627954826413983e+00
1.588943894389438505e+00 -7.260482478557988451e+00
1.589548954895488642e+00 -7.265340007666662103e+00
1.590154015401539667e+00 -7.270200542437297742e+00
1.590759075907589803e+00 -7.275064083154731520e+00
1.591364136413640828e+00 -7.279930630103825351e+00
1.591969196919690965e+00 -7.284800183569414500e+00
1.592574257425741990e+00 -7.289672743836355551e+00
1.593179317931793015e+00 -7.294548311189497092e+00
1.593784378437843152e+00 -7.299426885913677054e+00
1.594389438943894177e+00 -7.304308468293758239e+00
1.594994499449944314e+00 -7.309193058614575023e+00
1.595599559955995339e+00 -7.314080657160991095e+00
1.596204620462045476e+00 -7.318971264217839945e+00
1.596809680968096501e+00 -7.323864880069983485e+00
1.597414741474146638e+00 -7.328761505002253429e+00
1.598019801980197663e+00 -7.333661139299517906e+00
1.598624862486247800e+00 -7.338563783246607741e+00
1.599229922992298825e+00 -7.343469437128385735e+00
1.599834983498348961e+00 -7.348378101229688042e+00
1.600440044004399986e+00 -7.353289775835373021e+00
1.601045104510450123e+00 -7.358204461230277715e+00
1.601650165016501148e+00 -7.363122157699265813e+00
1.602255225522551285e+00 -7.368042865527169027e+00
1.602860286028602310e+00 -7.372966584998851047e+00
1.603465346534652447e+00 -7.377893316399145363e+00
1.604070407040703472e+00 -7.382823060012915661e+00
1.604675467546754497e+00 -7.387755816125002539e+00
1.605280528052804634e+00 -7.392691585020248368e+00
1.605885588558855659e+00 -7.397630366983515060e+00
1.606490649064905796e+00 -7.402572162299634329e+00
1.607095709570956821e+00 -7.407516971253472526e+00
1.607700770077006958e+00 -7.412464794129862256e+00
1.608305830583057983e+00 -7.417415631213664540e+00
1.608910891089108119e+00 -7.422369482789715533e+00
1.609515951595159144e+00 -7.427326349142878037e+00
1.610121012101209281e+00 -7.432286230557986428e+00
1.610726072607260306e+00 -7.437249127319900843e+00
1.611331133113310443e+00 -7.442215039713456548e+00
1.611936193619361468e+00 -7.447183968023516343e+00
1.612541254125411605e+00 -7.452155912534916382e+00
1.613146314631462630e+00 -7.457130873532516802e+00
1.613751375137512767e+00 -7.462108851301150203e+00
1.614356435643563792e+00 -7.467089846125684716e+00
1.614961496149613929e+00 -7.472073858290949389e+00
1.615566556655664954e+00 -7.477060888081808798e+00
1.616171617161715979e+00 -7.482050935783103540e+00
1.616776677667766116e+00 -7.487044001679675986e+00
1.617381738173817141e+00 -7.492040086056387160e+00
1.617986798679867277e+00 -7.497039189198072329e+00
1.618591859185918302e+00 -7.502041311389593403e+00
1.619196919691968439e+00 -7.507046452915786539e+00
1.619801980198019464e+00 -7.512054614061512758e+00
1.620407040704069601e+00 -7.517065795111604665e+00
1.621012101210120626e+00 -7.522079996350926834e+00
1.621617161716170763e+00 -7.527097218064314532e+00
1.622222222222221788e+00 -7.532117460536627007e+00
1.622827282728271925e+00 -7.537140724052701302e+00
1.623432343234322950e+00 -7.542167008897397551e+00
1.624037403740373087e+00 -7.547196315355551910e+00
1.624642464246424112e+00 -7.552228643712026290e+00
1.625247524752474249e+00 -7.557263994251655070e+00
1.625852585258525274e+00 -7.562302367259301050e+00
1.626457645764575410e+00 -7.567343763019797720e+00
1.627062706270626435e+00 -7.572388181818008768e+00
1.627667766776677460e+00 -7.577435623938773013e+00
1.628272827282727597e+00 -7.582486089666932827e+00
1.628877887788778622e+00 -7.587539579287352787e+00
1.629482948294828759e+00 -7.592596093084864606e+00
1.630088008800879784e+00 -7.597655631344332861e+00
1.630693069306929921e+00 -7.602718194350588377e+00
1.631298129812980946e+00 -7.607783782388500171e+00
1.631903190319031083e+00 -7.612852395742896405e+00
1.632508250825082108e+00 -7.617924034698640767e+00
1.633113311331132245e+00 -7.622998699540568524e+00
1.633718371837183270e+00 -7.628076390553541586e+00
1.634323432343233407e+00 -7.633157108022394333e+00
1.634928492849284432e+00 -7.638240852231989564e+00
1.635533553355334568e+00 -7.643327623467161658e+00
1.636138613861385593e+00 -7.648417422012773415e+00
1.636743674367435730e+00 -7.653510248153656548e+00
1.637348734873486755e+00 -7.658606102174678298e+00
1.637953795379537780e+00 -7.663704984360673933e+00
1.638558855885587917e+00 -7.668806894996490264e+00
1.639163916391638942e+00 -7.673911834366986540e+00
1.639768976897689079e+00 -7.679019802756997137e+00
1.640374037403740104e+00 -7.684130800451387522e+00
1.640979097909790241e+00 -7.689244827734988519e+00
1.641584158415841266e+00 -7.694361884892664705e+00
1.642189218921891403e+00 -7.699481972209248681e+00
1.642794279427942428e+00 -7.704605089969604137e+00
1.643399339933992565e+00 -7.709731238458562785e+00
1.644004400440043590e+00 -7.714860417960993644e+00
1.644609460946093726e+00 -7.719992628761723985e+00
1.645214521452144751e+00 -7.725127871145620162e+00
1.645819581958194888e+00 -7.730266145397513000e+00
1.646424642464245913e+00 -7.735407451802269740e+00
1.647029702970296050e+00 -7.740551790644721208e+00
1.647634763476347075e+00 -7.745699162209731981e+00
1.648239823982397212e+00 -7.750849566782132882e+00
1.648844884488448237e+00 -7.756003004646789378e+00
1.649449944994499262e+00 -7.761159476088542064e+00
1.650055005500549399e+00 -7.766318981392232423e+00
1.650660066006600424e+00 -7.771481520842722368e+00
1.651265126512650561e+00 -7.776647094724845388e+00
1.651870187018701586e+00 -7.781815703323466948e+00
1.652475247524751722e+00 -7.786987346923420539e+00
1.653080308030802748e+00 -7.792162025809563630e+00
1.653685368536852884e+00 -7.797339740266737707e+00
1.654290429042903909e+00 -7.802520490579800239e+00
1.654895489548954046e+00 -7.807704277033588269e+00
1.655500550055005071e+00 -7.812891099912963710e+00
1.656105610561055208e+00 -7.818080959502759164e+00
1.656710671067106233e+00 -7.823273856087839206e+00
1.657315731573156370e+00 -7.828469789953036440e+00
1.657920792079207395e+00 -7.833668761383212775e+00
1.658525852585257532e+00 -7.838870770663205256e+00
1.659130913091308557e+00 -7.844075818077874906e+00
1.659735973597358694e+00 -7.849283903912055216e+00
1.660341034103409719e+00 -7.854495028450612537e+00
1.660946094609460744e+00 -7.859709191978382137e+00
1.661551155115510880e+00 -7.864926394780209051e+00
1.662156215621561905e+00 -7.870146637140954304e+00
1.662761276127612042e+00 -7.875369919345453162e+00
1.663366336633663067e+00 -7.880596241678567537e+00
1.663971397139713204e+00 -7.885825604425131807e+00
1.664576457645764229e+00 -7.891058007870008772e+00
1.665181518151814366e+00 -7.896293452298032811e+00
1.665786578657865391e+00 -7.901531937994064947e+00
1.666391639163915528e+00 -7.906773465242942223e+00
1.666996699669966553e+00 -7.912018034329523886e+00
1.667601760176016690e+00 -7.917265645538647867e+00
1.668206820682067715e+00 -7.922516299155172526e+00
1.668811881188117852e+00 -7.927769995463933128e+00
1.669416941694168877e+00 -7.933026734749796915e+00
1.670022002200219013e+00 -7.938286517297591161e+00
1.670627062706270038e+00 -7.943549343392183104e+00
1.671232123212321063e+00 -7.948815213318413342e+00
1.671837183718371200e+00 -7.954084127361122469e+00
1.672442244224422225e+00 -7.959356085805170622e+00
1.673047304730472362e+00 -7.964631088935395731e+00
1.673652365236523387e+00 -7.969909137036660596e+00
1.674257425742573524e+00 -7.975190230393794266e+00
1.674862486248624549e+00 -7.980474369291664871e+00
1.675467546754674686e+00 -7.985761554015103236e+00
1.676072607260725711e+00 -7.991051784848973938e+00
1.676677667766775848e+00 -7.996345062078110466e+00
1.677282728272826873e+00 -8.001641385987374733e+00
1.677887788778877010e+00 -8.006940756861601116e+00
1.678492849284928035e+00 -8.012243174985654193e+00
1.679097909790978171e+00 -8.017548640644363900e+00
1.679702970297029196e+00 -8.022857154122599255e+00
1.680308030803079333e+00 -8.028168715705186642e+00
1.680913091309130358e+00 -8.033483325676995079e+00
1.681518151815180495e+00 -8.038800984322854504e+00
1.682123212321231520e+00 -8.044121691927630380e+00
1.682728272827282545e+00 -8.049445448776165080e+00
1.683333333333332682e+00 -8.054772255153293870e+00
1.683938393839383707e+00 -8.060102111343883990e+00
1.684543454345433844e+00 -8.065435017632768933e+00
1.685148514851484869e+00 -8.070770974304812384e+00
1.685753575357535006e+00 -8.076109981644846059e+00
1.686358635863586031e+00 -8.081452039937733645e+00
1.686963696369636168e+00 -8.086797149468306856e+00
1.687568756875687193e+00 -8.092145310521434709e+00
1.688173817381737329e+00 -8.097496523381945366e+00
1.688778877887788354e+00 -8.102850788334704291e+00
1.689383938393838491e+00 -8.108208105664543197e+00
1.689988998899889516e+00 -8.113568475656325774e+00
1.690594059405939653e+00 -8.118931898594889063e+00
1.691199119911990678e+00 -8.124298374765093200e+00
1.691804180418040815e+00 -8.129667904451769900e+00
1.692409240924091840e+00 -8.135040487939782849e+00
1.693014301430141977e+00 -8.140416125513974421e+00
1.693619361936193002e+00 -8.145794817459194093e+00
1.694224422442244027e+00 -8.151176564060293117e+00
1.694829482948294164e+00 -8.156561365602104985e+00
1.695434543454345189e+00 -8.161949222369500490e+00
1.696039603960395326e+00 -8.167340134647307792e+00
1.696644664466446351e+00 -8.172734102720388805e+00
1.697249724972496487e+00 -8.178131126873582346e+00
1.697854785478547512e+00 -8.183531207391750328e+00
1.698459845984597649e+00 -8.188934344559722689e+00
1.699064906490648674e+00 -8.194340538662368445e+00
1.699669966996698811e+00 -8.199749789984515758e+00
1.700275027502749836e+00 -8.205162098811026539e+00
1.700880088008799973e+00 -8.210577465426739607e+00
1.701485148514850998e+00 -8.215995890116518652e+00
1.702090209020901135e+00 -8.221417373165190057e+00
1.702695269526952160e+00 -8.226841914857628169e+00
1.703300330033002297e+00 -8.232269515478655819e+00
1.703905390539053322e+00 -8.237700175313140250e+00
1.704510451045103459e+00 -8.243133894645916726e+00
1.705115511551154484e+00 -8.248570673761847161e+00
1.705720572057205509e+00 -8.254010512945768596e+00
1.706325632563255645e+00 -8.259453412482528734e+00
1.706930693069306670e+00 -8.264899372656987708e+00
1.707535753575356807e+00 -8.270348393753979011e+00
1.708140814081407832e+00 -8.275800476058366328e+00
1.708745874587457969e+00 -8.281255619854981376e+00
1.709350935093508994e+00 -8.286713825428689617e+00
1.709955995599559131e+00 -8.292175093064322766e+00
1.710561056105610156e+00 -8.297639423046744511e+00
1.711166116611660293e+00 -8.303106815660790119e+00
1.711771177117711318e+00 -8.308577271191321501e+00
1.712376237623761455e+00 -8.314050789923172147e+00
1.712981298129812480e+00 -8.319527372141205745e+00
1.713586358635862616e+00 -8.325007018130254011e+00
1.714191419141913642e+00 -8.330489728175182407e+00
1.714796479647963778e+00 -8.335975502560824424e+00
1.715401540154014803e+00 -8.341464341572041974e+00
1.716006600660065828e+00 -8.346956245493675652e+00
1.716611661166115965e+00 -8.352451214610567831e+00
1.717216721672166990e+00 -8.357949249207578646e+00
1.717821782178217127e+00 -8.363450349569546916e+00
1.718426842684268152e+00 -8.368954515981330999e+00
1.719031903190318289e+00 -8.374461748727767940e+00
1.719636963696369314e+00 -8.379972048093719650e+00
1.720242024202419451e+00 -8.385485414364019618e+00
1.720847084708470476e+00 -8.391001847823531534e+00
1.721452145214520613e+00 -8.396521348757087111e+00
1.722057205720571638e+00 -8.402043917449550037e+00
1.722662266226621774e+00 -8.407569554185753802e+00
1.723267326732672799e+00 -8.413098259250565647e+00
1.723872387238722936e+00 -8.418630032928813733e+00
1.724477447744773961e+00 -8.424164875505365302e+00
1.725082508250824098e+00 -8.429702787265050290e+00
1.725687568756875123e+00 -8.435243768492734162e+00
1.726292629262925260e+00 -8.440787819473246856e+00
1.726897689768976285e+00 -8.446334940491459164e+00
1.727502750275027310e+00 -8.451885131832208131e+00
1.728107810781077447e+00 -8.457438393780329022e+00
1.728712871287128472e+00 -8.462994726620692632e+00
1.729317931793178609e+00 -8.468554130638130673e+00
1.729922992299229634e+00 -8.474116606117505057e+00
1.730528052805279771e+00 -8.479682153343649276e+00
1.731133113311330796e+00 -8.485250772601427016e+00
1.731738173817380932e+00 -8.490822464175671769e+00
1.732343234323431957e+00 -8.496397228351247222e+00
1.732948294829482094e+00 -8.501975065412988641e+00
1.733553355335533119e+00 -8.507555975645754387e+00
1.734158415841583256e+00 -8.513139959334381501e+00
1.734763476347634281e+00 -8.518727016763731896e+00
1.735368536853684418e+00 -8.524317148218640838e+00
1.735973597359735443e+00 -8.529910353983972016e+00
1.736578657865785580e+00 -8.535506634344553589e+00
1.737183718371836605e+00 -8.541105989585254576e+00
1.737788778877886742e+00 -8.546708419990906691e+00
1.738393839383937767e+00 -8.552313925846373621e+00
1.738998899889988792e+00 -8.557922507436494186e+00
1.739603960396038929e+00 -8.563534165046110758e+00
1.740209020902089954e+00 -8.569148898960088800e+00
1.740814081408140090e+00 -8.574766709463256475e+00
1.741419141914191115e+00 -8.580387596840481024e+00
1.742024202420241252e+00 -8.586011561376595935e+00
1.742629262926292277e+00 -8.591638603356463122e+00
1.743234323432342414e+00 -8.597268723064914298e+00
1.743839383938393439e+00 -8.602901920786816703e+00
1.744444444444443576e+00 -8.608538196807003828e+00
1.745049504950494601e+00 -8.614177551410334033e+00
1.745654565456544738e+00 -8.619819984881647912e+00
1.746259625962595763e+00 -8.625465497505798496e+00
1.746864686468645900e+00 -8.631114089567631709e+00
1.747469746974696925e+00 -8.636765761352002357e+00
1.748074807480747062e+00 -8.642420513143745708e+00
1.748679867986798087e+00 -8.648078345227723673e+00
1.749284928492849112e+00 -8.653739257888782177e+00
1.749889988998899248e+00 -8.659403251411758262e+00
1.750495049504950273e+00 -8.665070326081515617e+00
1.751100110011000410e+00 -8.670740482182885955e+00
1.751705170517051435e+00 -8.676413720000738294e+00
1.752310231023101572e+00 -8.682090039819900795e+00
1.752915291529152597e+00 -8.687769441925237146e+00
1.753520352035202734e+00 -8.693451926601582613e+00
1.754125412541253759e+00 -8.699137494133800885e+00
1.754730473047303896e+00 -8.704826144806721899e+00
1.755335533553354921e+00 -8.710517878905214673e+00
1.755940594059405058e+00 -8.716212696714105590e+00
1.756545654565456083e+00 -8.721910598518263669e+00
1.757150715071506220e+00 -8.727611584602524175e+00
1.757755775577557245e+00 -8.733315655251741916e+00
1.758360836083607381e+00 -8.739022810750757486e+00
1.758965896589658406e+00 -8.744733051384431022e+00
1.759570957095708543e+00 -8.750446377437596013e+00
1.760176017601759568e+00 -8.756162789195116147e+00
1.760781078107810593e+00 -8.761882286941833797e+00
1.761386138613860730e+00 -8.767604870962589558e+00
1.761991199119911755e+00 -8.773330541542245342e+00
1.762596259625961892e+00 -8.779059298965632863e+00
1.763201320132012917e+00 -8.784791143517622913e+00
1.763806380638063054e+00 -8.790526075483038326e+00
1.764411441144114079e+00 -8.796264095146749895e+00
1.765016501650164216e+00 -8.802005202793589334e+00
1.765621562156215241e+00 -8.807749398708418553e+00
1.766226622662265378e+00 -8.813496683176072821e+00
1.766831683168316403e+00 -8.819247056481415825e+00
1.767436743674366539e+00 -8.825000518909277503e+00
1.768041804180417564e+00 -8.830757070744526871e+00
1.768646864686467701e+00 -8.836516712271990315e+00
1.769251925192518726e+00 -8.842279443776536851e+00
1.769856985698568863e+00 -8.848045265542996418e+00
1.770462046204619888e+00 -8.853814177856236256e+00
1.771067106710670025e+00 -8.859586181001084526e+00
1.771672167216721050e+00 -8.865361275262406693e+00
1.772277227722772075e+00 -8.871139460925046905e+00
1.772882288228822212e+00 -8.876920738273842204e+00
1.773487348734873237e+00 -8.882705107593658056e+00
1.774092409240923374e+00 -8.888492569169326174e+00
1.774697469746974399e+00 -8.894283123285712023e+00
1.775302530253024536e+00 -8.900076770227645540e+00
1.775907590759075561e+00 -8.905873510279993965e+00
1.776512651265125697e+00 -8.911673343727589014e+00
1.777117711771176722e+00 -8.917476270855292597e+00
1.777722772277226859e+00 -8.923282291947941758e+00
1.778327832783277884e+00 -8.929091407290396631e+00
1.778932893289328021e+00 -8.934903617167487155e+00
1.779537953795379046e+00 -8.940718921864087676e+00
1.780143014301429183e+00 -8.946537321665021025e+00
1.780748074807480208e+00 -8.952358816855156221e+00
1.781353135313530345e+00 -8.958183407719324975e+00
1.781958195819581370e+00 -8.964011094542387426e+00
1.782563256325631507e+00 -8.969841877609182390e+00
1.783168316831682532e+00 -8.975675757204571781e+00
1.783773377337733557e+00 -8.981512733613396193e+00
1.784378437843783693e+00 -8.987352807120494447e+00
1.784983498349834719e+00 -8.993195978010732006e+00
1.785588558855884855e+00 -8.999042246568940584e+00
1.786193619361935880e+00 -9.004891613079987422e+00
1.786798679867986017e+00 -9.010744077828698906e+00
1.787403740374037042e+00 -9.016599641099947604e+00
1.788008800880087179e+00 -9.022458303178558126e+00
1.788613861386138204e+00 -9.028320064349399487e+00
1.789218921892188341e+00 -9.034184924897299851e+00
1.789823982398239366e+00 -9.040052885107131786e+00
1.790429042904289503e+00 -9.045923945263716348e+00
1.791034103410340528e+00 -9.051798105651929660e+00
1.791639163916390665e+00 -9.057675366556592778e+00
1.792244224422441690e+00 -9.063555728262580047e+00
1.792849284928491826e+00 -9.069439191054716076e+00
1.793454345434542851e+00 -9.075325755217871659e+00
1.794059405940593876e+00 -9.081215421036880286e+00
1.794664466446644013e+00 -9.087108188796587882e+00
1.795269526952695038e+00 -9.093004058781856358e+00
1.795874587458745175e+00 -9.098903031277519204e+00
1.796479647964796200e+00 -9.104805106568441886e+00
1.797084708470846337e+00 -9.110710284939452563e+00
1.797689768976897362e+00 -9.116618566675423807e+00
1.798294829482947499e+00 -9.122529952061174896e+00
1.798899889988998524e+00 -9.128444441381581953e+00
1.799504950495048661e+00 -9.134362034921473139e+00
1.800110011001099686e+00 -9.140282732965712142e+00
1.800715071507149823e+00 -9.146206535799132453e+00
1.801320132013200848e+00 -9.152133443706595983e+00
1.801925192519250984e+00 -9.158063456972939775e+00
1.802530253025302009e+00 -9.163996575883025741e+00
1.803135313531352146e+00 -9.169932800721682042e+00
1.803740374037403171e+00 -9.175872131773781248e+00
1.804345434543453308e+00 -9.181814569324149744e+00
1.804950495049504333e+00 -9.187760113657656547e+00
1.805555555555555358e+00 -9.193708765059135146e+00
1.806160616061605495e+00 -9.199660523813433244e+00
1.806765676567656520e+00 -9.205615390205407422e+00
1.807370737073706657e+00 -9.211573364519898277e+00
1.807975797579757682e+00 -9.217534447041764167e+00
1.808580858085807819e+00 -9.223498638055842136e+00
1.809185918591858844e+00 -9.229465937846992318e+00
1.809790979097908981e+00 -9.235436346700049981e+00
1.810396039603960006e+00 -9.241409864899878812e+00
1.811001100110010142e+00 -9.247386492731308749e+00
1.811606160616061167e+00 -9.253366230479208809e+00
1.812211221122111304e+00 -9.259349078428407154e+00
1.812816281628162329e+00 -9.265335036863771023e+00
1.813421342134212466e+00 -9.271324106070128579e+00
1.814026402640263491e+00 -9.277316286332350614e+00
1.814631463146313628e+00 -9.283311577935265291e+00
1.815236523652364653e+00 -9.289309981163738072e+00
1.815841584158414790e+00 -9.295311496302598897e+00
1.816446644664465815e+00 -9.301316123636716782e+00
1.817051705170516840e+00 -9.307323863450928769e+00
1.817656765676566977e+00 -9.313334716030075455e+00
1.818261826182618002e+00 -9.319348681659020528e+00
1.818866886688668139e+00 -9.325365760622599254e+00
1.819471947194719164e+00 -9.331385953205675321e+00
1.820077007700769300e+00 -9.337409259693078667e+00
1.820682068206820325e+00 -9.343435680369676533e+00
1.821287128712870462e+00 -9.349465215520297079e+00
1.821892189218921487e+00 -9.355497865429807547e+00
1.822497249724971624e+00 -9.361533630383043203e+00
1.823102310231022649e+00 -9.367572510664864183e+00
1.823707370737072786e+00 -9.373614506560103976e+00
1.824312431243123811e+00 -9.379659618353624495e+00
1.824917491749173948e+00 -9.385707846330264559e+00
1.825522552255224973e+00 -9.391759190774886079e+00
1.826127612761275110e+00 -9.397813651972315441e+00
1.826732673267326135e+00 -9.403871230207425214e+00
1.827337733773376272e+00 -9.409931925765043559e+00
1.827942794279427297e+00 -9.415995738930034165e+00
1.828547854785478322e+00 -9.422062669987239403e+00
1.829152915291528458e+00 -9.428132719221496316e+00
1.829757975797579483e+00 -9.434205886917677475e+00
1.830363036303629620e+00 -9.440282173360605711e+00
1.830968096809680645e+00 -9.446361578835148265e+00
1.831573157315730782e+00 -9.452444103626142180e+00
1.832178217821781807e+00 -9.458529748018445815e+00
1.832783278327831944e+00 -9.464618512296894437e+00
1.833388338833882969e+00 -9.470710396746351734e+00
1.833993399339933106e+00 -9.476805401651649419e+00
1.834598459845984131e+00 -9.482903527297654733e+00
1.835203520352034268e+00 -9.489004773969199391e+00
1.835808580858085293e+00 -9.495109141951141751e+00
1.836413641364135430e+00 -9.501216631528322409e+00
1.837018701870186455e+00 -9.507327242985603277e+00
1.837623762376236591e+00 -9.513440976607812516e+00
1.838228822882287616e+00 -9.519557832679819143e+00
1.838833883388338641e+00 -9.525677811486463753e+00
1.839438943894388778e+00 -9.531800913312579837e+00
1.840044004400439803e+00 -9.537927138443041741e+00
1.840649064906489940e+00 -9.544056487162674074e+00
1.841254125412540965e+00 -9.550188959756345852e+00
1.841859185918591102e+00 -9.556324556508887014e+00
1.842464246424642127e+00 -9.562463277705163023e+00
1.843069306930692264e+00 -9.568605123630007370e+00
1.843674367436743289e+00 -9.574750094568276637e+00
1.844279427942793426e+00 -9.580898190804816750e+00
1.844884488448844451e+00 -9.587049412624480738e+00
1.845489548954894587e+00 -9.593203760312107420e+00
1.846094609460945613e+00 -9.599361234152558708e+00
1.846699669966995749e+00 -9.605521834430664541e+00
1.847304730473046774e+00 -9.611685561431293934e+00
1.847909790979096911e+00 -9.617852415439276825e+00
1.848514851485147936e+00 -9.624022396739476903e+00
1.849119911991198073e+00 -9.630195505616727658e+00
1.849724972497249098e+00 -9.636371742355894554e+00
1.850330033003300123e+00 -9.642551107241814634e+00
1.850935093509350260e+00 -9.648733600559333823e+00
1.851540154015401285e+00 -9.654919222593312256e+00
1.852145214521451422e+00 -9.661107973628579870e+00
1.852750275027502447e+00 -9.667299853950007460e+00
1.853355335533552584e+00 -9.673494863842421410e+00
1.853960396039603609e+00 -9.679693003590692513e+00
1.854565456545653745e+00 -9.685894273479647154e+00
1.855170517051704770e+00 -9.692098673794152575e+00
1.855775577557754907e+00 -9.698306204819040488e+00
1.856380638063805932e+00 -9.704516866839176359e+00
1.856985698569856069e+00 -9.710730660139388348e+00
1.857590759075907094e+00 -9.716947585004547250e+00
1.858195819581957231e+00 -9.723167641719481225e+00
1.858800880088008256e+00 -9.729390830569055737e+00
1.859405940594058393e+00 -9.735617151838102501e+00
1.860011001100109418e+00 -9.741846605811486981e+00
1.860616061606159555e+00 -9.748079192774040891e+00
1.861221122112210580e+00 -9.754314913010631471e+00
1.861826182618261605e+00 -9.760553766806090437e+00
1.862431243124311742e+00 -9.766795754445267264e+00
1.863036303630362767e+00 -9.773040876213025641e+00
1.863641364136412903e+00 -9.779289132394190176e+00
1.864246424642463928e+00 -9.785540523273636992e+00
1.864851485148514065e+00 -9.791795049136188922e+00
1.865456545654565090e+00 -9.798052710266713206e+00
1.866061606160615227e+00 -9.804313506950041557e+00
1.866666666666666252e+00 -9.810577439471039440e+00
1.867271727172716389e+00 -9.816844508114542123e+00
1.867876787678767414e+00 -9.823114713165407963e+00
1.868481848184817551e+00 -9.829388054908470451e+00
1.869086908690868576e+00 -9.835664533628596828e+00
1.869691969196918713e+00 -9.841944149610622361e+00
1.870297029702969738e+00 -9.848226903139405408e+00
1.870902090209019875e+00 -9.854512794499777684e+00
1.871507150715070900e+00 -9.860801823976606428e+00
1.872112211221121925e+00 -9.867093991854735791e+00
1.872717271727172061e+00 -9.873389298418999260e+00
1.873322332233223086e+00 -9.879687743954262302e+00
1.873927392739273223e+00 -9.885989328745363736e+00
1.874532453245324248e+00 -9.892294053077160143e+00
1.875137513751374385e+00 -9.898601917234486791e+00
1.875742574257425410e+00 -9.904912921502209144e+00
1.876347634763475547e+00 -9.911227066165157140e+00
1.876952695269526572e+00 -9.917544351508201572e+00
1.877557755775576709e+00 -9.923864777816163496e+00
1.878162816281627734e+00 -9.930188345373919034e+00
1.878767876787677871e+00 -9.936515054466294572e+00
1.879372937293728896e+00 -9.942844905378155573e+00
1.879977997799779033e+00 -9.949177898394328423e+00
1.880583058305830058e+00 -9.955514033799689244e+00
1.881188118811880194e+00 -9.961853311879060868e+00
1.881793179317931219e+00 -9.968195732917314089e+00
1.882398239823981356e+00 -9.974541297199273515e+00
1.883003300330032381e+00 -9.980890005009815269e+00
1.883608360836083406e+00 -9.987241856633765735e+00
1.884213421342133543e+00 -9.993596852355977944e+00
1.884818481848184568e+00 -9.999954992461304926e+00
1.885423542354234705e+00 -1.000631627723458728e+01
1.886028602860285730e+00 -1.001268070696068868e+01
1.886633663366335867e+00 -1.001904828192443730e+01
1.887238723872386892e+00 -1.002541900241070039e+01
1.887843784378437029e+00 -1.003179286870431142e+01
1.888448844884488054e+00 -1.003816988109013053e+01
1.889053905390538191e+00 -1.004455003985299655e+01
1.889658965896589216e+00 -1.005093334527776605e+01
1.890264026402639352e+00 -1.005731979764927786e+01
1.890869086908690377e+00 -1.006370939725239211e+01
1.891474147414740514e+00 -1.007010214437194051e+01
1.892079207920791539e+00 -1.007649803929279386e+01
1.892684268426841676e+00 -1.008289708229977677e+01
1.893289328932892701e+00 -1.008929927367776358e+01
1.893894389438942838e+00 -1.009570461371157535e+01
1.894499449944993863e+00 -1.010211310268608287e+01
1.895104510451044888e+00 -1.010852474088612318e+01
1.895709570957095025e+00 -1.011493952859654222e+01
1.896314631463146050e+00 -1.012135746610219833e+01
1.896919691969196187e+00 -1.012777855368792501e+01
1.897524752475247212e+00 -1.013420279163858950e+01
1.898129812981297349e+00 -1.014063018023902352e+01
1.898734873487348374e+00 -1.014706071977409074e+01
1.899339933993398510e+00 -1.015349441052862289e+01
1.899944994499449535e+00 -1.015993125278748188e+01
1.900550055005499672e+00 -1.016637124683550653e+01
1.901155115511550697e+00 -1.017281439295755519e+01
1.901760176017600834e+00 -1.017926069143846313e+01
1.902365236523651859e+00 -1.018571014256309581e+01
1.902970297029701996e+00 -1.019216274661627963e+01
1.903575357535753021e+00 -1.019861850388288893e+01
1.904180418041803158e+00 -1.020507741464774654e+01
1.904785478547854183e+00 -1.021153947919572680e+01
1.905390539053904320e+00 -1.021800469781165077e+01
1.905995599559955345e+00 -1.022447307078038747e+01
1.906600660066006370e+00 -1.023094459838678105e+01
1.907205720572056507e+00 -1.023741928091567033e+01
1.907810781078107532e+00 -1.024389711865191188e+01
1.908415841584157668e+00 -1.025037811188034809e+01
1.909020902090208693e+00 -1.025686226088583730e+01
1.909625962596258830e+00 -1.026334956595321835e+01
1.910231023102309855e+00 -1.026984002736734780e+01
1.910836083608359992e+00 -1.027633364541306449e+01
1.911441144114411017e+00 -1.028283042037522854e+01
1.912046204620461154e+00 -1.028933035253867345e+01
1.912651265126512179e+00 -1.029583344218826113e+01
1.913256325632562316e+00 -1.030233968960883040e+01
1.913861386138613341e+00 -1.030884909508524139e+01
1.914466446644663478e+00 -1.031536165890232581e+01
1.915071507150714503e+00 -1.032187738134495447e+01
1.915676567656764639e+00 -1.032839626269794664e+01
1.916281628162815664e+00 -1.033491830324617666e+01
1.916886688668866690e+00 -1.034144350327448691e+01
1.917491749174916826e+00 -1.034797186306771088e+01
1.918096809680967851e+00 -1.035450338291071404e+01
1.918701870187017988e+00 -1.036103806308832986e+01
1.919306930693069013e+00 -1.036757590388542738e+01
1.919911991199119150e+00 -1.037411690558683119e+01
1.920517051705170175e+00 -1.038066106847741210e+01
1.921122112211220312e+00 -1.038720839284199826e+01
1.921727172717271337e+00 -1.039375887896545514e+01
1.922332233223321474e+00 -1.040031252713261445e+01
1.922937293729372499e+00 -1.040686933762834343e+01
1.923542354235422636e+00 -1.041342931073747380e+01
1.924147414741473661e+00 -1.041999244674486746e+01
1.924752475247523797e+00 -1.042655874593535437e+01
1.925357535753574822e+00 -1.043312820859380707e+01
1.925962596259624959e+00 -1.043970083500505197e+01
1.926567656765675984e+00 -1.044627662545395630e+01
1.927172717271726121e+00 -1.045285558022534644e+01
1.927777777777777146e+00 -1.045943769960409675e+01
1.928382838283828171e+00 -1.046602298387504071e+01
1.928987898789878308e+00 -1.047261143332301714e+01
1.929592959295929333e+00 -1.047920304823289861e+01
1.930198019801979470e+00 -1.048579782888950973e+01
1.930803080308030495e+00 -1.049239577557771597e+01
1.931408140814080632e+00 -1.049899688858235258e+01
1.932013201320131657e+00 -1.050560116818828327e+01
1.932618261826181794e+00 -1.051220861468033974e+01
1.933223322332232819e+00 -1.051881922834338567e+01
1.933828382838282955e+00 -1.052543300946225102e+01
1.934433443344333980e+00 -1.053204995832180835e+01
1.935038503850384117e+00 -1.053867007520688048e+01
1.935643564356435142e+00 -1.054529336040233822e+01
1.936248624862485279e+00 -1.055191981419301328e+01
1.936853685368536304e+00 -1.055854943686376579e+01
1.937458745874586441e+00 -1.056518222869943280e+01
1.938063806380637466e+00 -1.057181818998487799e+01
1.938668866886687603e+00 -1.057845732100493130e+01
1.939273927392738628e+00 -1.058509962204445998e+01
1.939878987898789653e+00 -1.059174509338829928e+01
1.940484048404839790e+00 -1.059839373532129514e+01
1.941089108910890815e+00 -1.060504554812831302e+01
1.941694169416940952e+00 -1.061170053209417397e+01
1.942299229922991977e+00 -1.061835868750376122e+01
1.942904290429042113e+00 -1.062502001464188695e+01
1.943509350935093138e+00 -1.063168451379343082e+01
1.944114411441143275e+00 -1.063835218524321569e+01
1.944719471947194300e+00 -1.064502302927611233e+01
1.945324532453244437e+00 -1.065169704617694890e+01
1.945929592959295462e+00 -1.065837423623059266e+01
1.946534653465345599e+00 -1.066505459972187353e+01
1.947139713971396624e+00 -1.067173813693565876e+01
1.947744774477446761e+00 -1.067842484815677828e+01
1.948349834983497786e+00 -1.068511473367009579e+01
1.948954895489547923e+00 -1.069180779376044832e+01
1.949559955995598948e+00 -1.069850402871269246e+01
1.950165016501649085e+00 -1.070520343881166880e+01
1.950770077007700110e+00 -1.071190602434223571e+01
1.951375137513751135e+00 -1.071861178558923733e+01
1.951980198019801271e+00 -1.072532072283751070e+01
1.952585258525852296e+00 -1.073203283637192662e+01
1.953190319031902433e+00 -1.073874812647730792e+01
1.953795379537953458e+00 -1.074546659343852895e+01
1.954400440044003595e+00 -1.075218823754041075e+01
1.955005500550054620e+00 -1.075891305906782769e+01
1.955610561056104757e+00 -1.076564105830560791e+01
1.956215621562155782e+00 -1.077237223553861689e+01
1.956820682068205919e+00 -1.077910659105168278e+01
1.957425742574256944e+00 -1.078584412512967994e+01
1.958030803080307081e+00 -1.079258483805742586e+01
1.958635863586358106e+00 -1.079932873011980199e+01
1.959240924092408243e+00 -1.080607580160162939e+01
1.959845984598459268e+00 -1.081282605278777353e+01
1.960451045104509404e+00 -1.081957948396306968e+01
1.961056105610560429e+00 -1.082633609541237973e+01
1.961661166116611454e+00 -1.083309588742054785e+01
1.962266226622661591e+00 -1.083985886027240930e+01
1.962871287128712616e+00 -1.084662501425283132e+01
1.963476347634762753e+00 -1.085339434964664740e+01
1.964081408140813778e+00 -1.086016686673872123e+01
1.964686468646863915e+00 -1.086694256581388096e+01
1.965291529152914940e+00 -1.087372144715699740e+01
1.965896589658965077e+00 -1.088050351105290048e+01
1.966501650165016102e+00 -1.088728875778645211e+01
1.967106710671066239e+00 -1.089407718764248756e+01
1.967711771177117264e+00 -1.090086880090586874e+01
1.968316831683167401e+00 -1.090766359786143092e+01
1.968921892189218426e+00 -1.091446157879403778e+01
1.969526952695268562e+00 -1.092126274398851926e+01
1.970132013201319587e+00 -1.092806709372974261e+01
1.970737073707369724e+00 -1.093487462830253598e+01
1.971342134213420749e+00 -1.094168534799177195e+01
1.971947194719470886e+00 -1.094849925308227512e+01
1.972552255225521911e+00 -1.095531634385891273e+01
1.973157315731572936e+00 -1.096213662060652538e+01
1.973762376237623073e+00 -1.096896008360995189e+01
1.974367436743674098e+00 -1.097578673315405773e+01
1.974972497249724235e+00 -1.098261656952367638e+01
1.975577557755775260e+00 -1.098944959300367152e+01
1.976182618261825397e+00 -1.099628580387887133e+01
1.976787678767876422e+00 -1.100312520243414838e+01
1.977392739273926558e+00 -1.100996778895432726e+01
1.977997799779977584e+00 -1.101681356372427878e+01
1.978602860286027720e+00 -1.102366252702883109e+01
1.979207920792078745e+00 -1.103051467915284967e+01
1.979812981298128882e+00 -1.103737002038116444e+01
1.980418041804179907e+00 -1.104422855099864620e+01
1.981023102310230044e+00 -1.105109027129012134e+01
1.981628162816281069e+00 -1.105795518154045709e+01
1.982233223322331206e+00 -1.106482328203448340e+01
1.982838283828382231e+00 -1.107169457305706750e+01
1.983443344334432368e+00 -1.107856905489303934e+01
1.984048404840483393e+00 -1.108544672782726614e+01
1.984653465346534418e+00 -1.109232759214458675e+01
1.985258525852584555e+00 -1.109921164812983818e+01
1.985863586358635580e+00 -1.110609889606789125e+01
1.986468646864685716e+00 -1.111298933624357232e+01
1.987073707370736741e+00 -1.111988296894175043e+01
1.987678767876786878e+00 -1.112677979444725374e+01
1.988283828382837903e+00 -1.113367981304495302e+01
1.988888888888888040e+00 -1.114058302501967113e+01
1.989493949394939065e+00 -1.114748943065628595e+01
1.990099009900989202e+00 -1.115439903023961321e+01
1.990704070407040227e+00 -1.116131182405452904e+01
1.991309130913090364e+00 -1.116822781238586515e+01
1.991914191419141389e+00 -1.117514699551848345e+01
1.992519251925191526e+00 -1.118206937373721033e+01
1.993124312431242551e+00 -1.118899494732692190e+01
1.993729372937292688e+00 -1.119592371657243746e+01
1.994334433443343713e+00 -1.120285568175863844e+01
1.994939493949394738e+00 -1.120979084317035124e+01
1.995544554455444874e+00 -1.121672920109241822e+01
1.996149614961495899e+00 -1.122367075580970663e+01
1.996754675467546036e+00 -1.123061550760704996e+01
1.997359735973597061e+00 -1.123756345676930835e+01
1.997964796479647198e+00 -1.124451460358131527e+01
1.998569856985698223e+00 -1.125146894832793976e+01
1.999174917491748360e+00 -1.125842649129400819e+01
1.999779977997799385e+00 -1.126538723276438958e+01
2.000385038503849522e+00 -1.127235117302391210e+01
2.000990099009900547e+00 -1.127931831235744653e+01
2.001595159515950684e+00 -1.128628865104981571e+01
2.002200220022001709e+00 -1.129326218938589221e+01
2.002805280528051846e+00 -1.130023892765050419e+01
2.003410341034102871e+00 -1.130721886612851712e+01
2.004015401540153007e+00 -1.131420200510476448e+01
2.004620462046204032e+00 -1.132118834486411174e+01
2.005225522552254169e+00 -1.132817788569138351e+01
2.005830583058305194e+00 -1.133517062787145591e+01
2.006435643564356219e+00 -1.134216657168916598e+01
2.007040704070406356e+00 -1.134916571742934011e+01
2.007645764576457381e+00 -1.135616806537686152e+01
2.008250825082507518e+00 -1.136317361581655483e+01
2.008855885588558543e+00 -1.137018236903328372e+01
2.009460946094608680e+00 -1.137719432531187991e+01
2.010066006600659705e+00 -1.138420948493721063e+01
2.010671067106709842e+00 -1.139122784819410583e+01
2.011276127612760867e+00 -1.139824941536743097e+01
2.011881188118811004e+00 -1.140527418674202131e+01
2.012486248624862029e+00 -1.141230216260273700e+01
2.013091309130912165e+00 -1.141933334323440974e+01
2.013696369636963190e+00 -1.142636772892190677e+01
2.014301430143013327e+00 -1.143340531995005982e+01
2.014906490649064352e+00 -1.144044611660373256e+01
2.015511551155114489e+00 -1.144749011916775672e+01
2.016116611661165514e+00 -1.145453732792700308e+01
2.016721672167215651e+00 -1.146158774316629270e+01
2.017326732673266676e+00 -1.146864136517050170e+01
2.017931793179317701e+00 -1.147569819422446358e+01
2.018536853685367838e+00 -1.148275823061301537e+01
2.019141914191418863e+00 -1.148982147462103143e+01
2.019746974697469000e+00 -1.149688792653333103e+01
2.020352035203520025e+00 -1.150395758663479384e+01
2.020957095709570162e+00 -1.151103045521024093e+01
2.021562156215621187e+00 -1.151810653254454131e+01
2.022167216721671323e+00 -1.152518581892252669e+01
2.022772277227722348e+00 -1.153226831462905899e+01
2.023377337733772485e+00 -1.153935401994897170e+01
2.023982398239823510e+00 -1.154644293516713383e+01
2.024587458745873647e+00 -1.155353506056836999e+01
2.025192519251924672e+00 -1.156063039643755097e+01
2.025797579757974809e+00 -1.156772894305950850e+01
2.026402640264025834e+00 -1.157483070071910269e+01
2.027007700770075971e+00 -1.158193566970117061e+01
2.027612761276126996e+00 -1.158904385029057416e+01
2.028217821782177133e+00 -1.159615524277214327e+01
2.028822882288228158e+00 -1.160326984743074696e+01
2.029427942794279183e+00 -1.161038766455122406e+01
2.030033003300329320e+00 -1.161750869441841338e+01
2.030638063806380345e+00 -1.162463293731718394e+01
2.031243124312430481e+00 -1.163176039353236213e+01
2.031848184818481506e+00 -1.163889106334881696e+01
2.032453245324531643e+00 -1.164602494705137303e+01
2.033058305830582668e+00 -1.165316204492490648e+01
2.033663366336632805e+00 -1.166030235725423836e+01
2.034268426842683830e+00 -1.166744588432424301e+01
2.034873487348733967e+00 -1.167459262641974327e+01
2.035478547854784992e+00 -1.168174258382561348e+01
2.036083608360835129e+00 -1.168889575682667470e+01
2.036688668866886154e+00 -1.169605214570780305e+01
2.037293729372936291e+00 -1.170321175075382314e+01
2.037898789878987316e+00 -1.171037457224960221e+01
2.038503850385037452e+00 -1.171754061047997197e+01
2.039108910891088478e+00 -1.172470986572979790e+01
2.039713971397139503e+00 -1.173188233828391702e+01
2.040319031903189639e+00 -1.173905802842717172e+01
2.040924092409240664e+00 -1.174623693644442746e+01
2.041529152915290801e+00 -1.175341906262051417e+01
2.042134213421341826e+00 -1.176060440724030265e+01
2.042739273927391963e+00 -1.176779297058861218e+01
2.043344334433442988e+00 -1.177498475295032243e+01
2.043949394939493125e+00 -1.178217975461025802e+01
2.044554455445544150e+00 -1.178937797585328262e+01
2.045159515951594287e+00 -1.179657941696422618e+01
2.045764576457645312e+00 -1.180378407822796127e+01
2.046369636963695449e+00 -1.181099195992931250e+01
2.046974697469746474e+00 -1.181820306235315243e+01
2.047579757975796610e+00 -1.182541738578430035e+01
2.048184818481847635e+00 -1.183263493050763770e+01
2.048789878987897772e+00 -1.183985569680798555e+01
2.049394939493948797e+00 -1.184707968497020758e+01
2.049999999999999822e+00 -1.185430689527915149e+01
