-4.000000000000000000e+00 -1.116537586778525615e+01
-3.999394939493949419e+00 -1.116369686745952627e+01
-3.998789878987898838e+00 -1.116201789053159210e+01
-3.998184818481848257e+00 -1.116033893700145718e+01
-3.997579757975797676e+00 -1.115866000686911974e+01
-3.996974697469747095e+00 -1.115698110013457978e+01
-3.996369636963696514e+00 -1.115530221679783907e+01
-3.995764576457645934e+00 -1.115362335685889406e+01
-3.995159515951595353e+00 -1.115194452031774652e+01
-3.994554455445544772e+00 -1.115026570717440002e+01
-3.993949394939493747e+00 -1.114858691742884744e+01
-3.993344334433443166e+00 -1.114690815108109057e+01
-3.992739273927392585e+00 -1.114522940813113472e+01
-3.992134213421342004e+00 -1.114355068857897813e+01
-3.991529152915291423e+00 -1.114187199242461546e+01
-3.990924092409240842e+00 -1.114019331966805382e+01
-3.990319031903190261e+00 -1.113851467030928610e+01
-3.989713971397139680e+00 -1.113683604434831764e+01
-3.989108910891089099e+00 -1.113515744178514488e+01
-3.988503850385038518e+00 -1.113347886261977138e+01
-3.987898789878987937e+00 -1.113180030685219890e+01
-3.987293729372937356e+00 -1.113012177448242213e+01
-3.986688668866886776e+00 -1.112844326551044105e+01
-3.986083608360836195e+00 -1.112676477993625745e+01
-3.985478547854785614e+00 -1.112508631775987311e+01
-3.984873487348735033e+00 -1.112340787898128802e+01
-3.984268426842684452e+00 -1.112172946360049863e+01
-3.983663366336633871e+00 -1.112005107161750317e+01
-3.983058305830582846e+00 -1.111837270303231051e+01
-3.982453245324532265e+00 -1.111669435784491178e+01
-3.981848184818481684e+00 -1.111501603605531407e+01
-3.981243124312431103e+00 -1.111333773766351207e+01
-3.980638063806380522e+00 -1.111165946266950755e+01
-3.980033003300329941e+00 -1.110998121107330228e+01
-3.979427942794279360e+00 -1.110830298287489626e+01
-3.978822882288228779e+00 -1.110662477807428239e+01
-3.978217821782178198e+00 -1.110494659667146955e+01
-3.977612761276127618e+00 -1.110326843866645419e+01
-3.977007700770077037e+00 -1.110159030405923630e+01
-3.976402640264026456e+00 -1.109991219284981590e+01
-3.975797579757975875e+00 -1.109823410503819119e+01
-3.975192519251925294e+00 -1.109655604062436751e+01
-3.974587458745874713e+00 -1.109487799960834131e+01
-3.973982398239824132e+00 -1.109319998199011081e+01
-3.973377337733773551e+00 -1.109152198776967779e+01
-3.972772277227722970e+00 -1.108984401694704403e+01
-3.972167216721672389e+00 -1.108816606952220774e+01
-3.971562156215621364e+00 -1.108648814549516537e+01
-3.970957095709570783e+00 -1.108481024486592403e+01
-3.970352035203520202e+00 -1.108313236763448018e+01
-3.969746974697469621e+00 -1.108145451380083379e+01
-3.969141914191419040e+00 -1.107977668336498489e+01
-3.968536853685368460e+00 -1.107809887632693346e+01
-3.967931793179317879e+00 -1.107642109268668129e+01
-3.967326732673267298e+00 -1.107474333244422127e+01
-3.966721672167216717e+00 -1.107306559559956582e+01
-3.966116611661166136e+00 -1.107138788215270608e+01
-3.965511551155115555e+00 -1.106971019210364027e+01
-3.964906490649064974e+00 -1.106803252545237726e+01
-3.964301430143014393e+00 -1.106635488219890640e+01
-3.963696369636963812e+00 -1.106467726234323834e+01
-3.963091309130913231e+00 -1.106299966588536776e+01
-3.962486248624862650e+00 -1.106132209282529111e+01
-3.961881188118812069e+00 -1.105964454316301371e+01
-3.961276127612761488e+00 -1.105796701689853379e+01
-3.960671067106710463e+00 -1.105628951403185134e+01
-3.960066006600659883e+00 -1.105461203456296637e+01
-3.959460946094609302e+00 -1.105293457849187888e+01
-3.958855885588558721e+00 -1.105125714581859242e+01
-3.958250825082508140e+00 -1.104957973654309988e+01
-3.957645764576457559e+00 -1.104790235066540482e+01
-3.957040704070406978e+00 -1.104622498818550724e+01
-3.956435643564356397e+00 -1.104454764910340892e+01
-3.955830583058305816e+00 -1.104287033341910806e+01
-3.955225522552255235e+00 -1.104119304113260469e+01
-3.954620462046204654e+00 -1.103951577224390057e+01
-3.954015401540154073e+00 -1.103783852675299038e+01
-3.953410341034103492e+00 -1.103616130465988121e+01
-3.952805280528052911e+00 -1.103448410596456952e+01
-3.952200220022002330e+00 -1.103280693066705176e+01
-3.951595159515951750e+00 -1.103112977876733680e+01
-3.950990099009901169e+00 -1.102945265026541577e+01
-3.950385038503850588e+00 -1.102777554516129399e+01
-3.949779977997799563e+00 -1.102609846345496791e+01
-3.949174917491748982e+00 -1.102442140514643931e+01
-3.948569856985698401e+00 -1.102274437023571174e+01
-3.947964796479647820e+00 -1.102106735872277987e+01
-3.947359735973597239e+00 -1.101939037060764548e+01
-3.946754675467546658e+00 -1.101771340589030856e+01
-3.946149614961496077e+00 -1.101603646457076913e+01
-3.945544554455445496e+00 -1.101435954664902717e+01
-3.944939493949394915e+00 -1.101268265212508446e+01
-3.944334433443344334e+00 -1.101100578099893923e+01
-3.943729372937293753e+00 -1.100932893327058970e+01
-3.943124312431243172e+00 -1.100765210894003943e+01
-3.942519251925192592e+00 -1.100597530800728663e+01
-3.941914191419142011e+00 -1.100429853047232953e+01
-3.941309130913091430e+00 -1.100262177633517346e+01
-3.940704070407040849e+00 -1.100094504559581310e+01
-3.940099009900990268e+00 -1.099926833825425021e+01
-3.939493949394939687e+00 -1.099759165431048302e+01
-3.938888888888889106e+00 -1.099591499376451686e+01
-3.938283828382838081e+00 -1.099423835661634463e+01
-3.937678767876787500e+00 -1.099256174286597343e+01
-3.937073707370736919e+00 -1.099088515251339970e+01
-3.936468646864686338e+00 -1.098920858555862345e+01
-3.935863586358635757e+00 -1.098753204200164291e+01
-3.935258525852585176e+00 -1.098585552184246161e+01
-3.934653465346534595e+00 -1.098417902508107957e+01
-3.934048404840484014e+00 -1.098250255171749323e+01
-3.933443344334433434e+00 -1.098082610175170082e+01
-3.932838283828382853e+00 -1.097914967518371121e+01
-3.932233223322332272e+00 -1.097747327201351908e+01
-3.931628162816281691e+00 -1.097579689224112087e+01
-3.931023102310231110e+00 -1.097412053586652547e+01
-3.930418041804180529e+00 -1.097244420288972400e+01
-3.929812981298129948e+00 -1.097076789331072000e+01
-3.929207920792079367e+00 -1.096909160712951525e+01
-3.928602860286028786e+00 -1.096741534434610799e+01
-3.927997799779978205e+00 -1.096573910496049820e+01
-3.927392739273927624e+00 -1.096406288897268411e+01
-3.926787678767876599e+00 -1.096238669638266927e+01
-3.926182618261826018e+00 -1.096071052719045191e+01
-3.925577557755775437e+00 -1.095903438139603026e+01
-3.924972497249724857e+00 -1.095735825899940963e+01
-3.924367436743674276e+00 -1.095568216000058648e+01
-3.923762376237623695e+00 -1.095400608439955903e+01
-3.923157315731573114e+00 -1.095233003219633083e+01
-3.922552255225522533e+00 -1.095065400339090012e+01
-3.921947194719471952e+00 -1.094897799798326510e+01
-3.921342134213421371e+00 -1.094730201597343111e+01
-3.920737073707370790e+00 -1.094562605736138927e+01
-3.920132013201320209e+00 -1.094395012214714846e+01
-3.919526952695269628e+00 -1.094227421033070691e+01
-3.918921892189219047e+00 -1.094059832191206105e+01
-3.918316831683168466e+00 -1.093892245689121268e+01
-3.917711771177117885e+00 -1.093724661526816178e+01
-3.917106710671067304e+00 -1.093557079704290835e+01
-3.916501650165016724e+00 -1.093389500221545418e+01
-3.915896589658965699e+00 -1.093221923078579572e+01
-3.915291529152915118e+00 -1.093054348275393650e+01
-3.914686468646864537e+00 -1.092886775811987299e+01
-3.914081408140813956e+00 -1.092719205688360873e+01
-3.913476347634763375e+00 -1.092551637904514195e+01
-3.912871287128712794e+00 -1.092384072460447264e+01
-3.912266226622662213e+00 -1.092216509356159904e+01
-3.911661166116611632e+00 -1.092048948591652646e+01
-3.911056105610561051e+00 -1.091881390166924959e+01
-3.910451045104510470e+00 -1.091713834081977197e+01
-3.909845984598459889e+00 -1.091546280336809005e+01
-3.909240924092409308e+00 -1.091378728931420561e+01
-3.908635863586358727e+00 -1.091211179865812042e+01
-3.908030803080308146e+00 -1.091043633139983093e+01
-3.907425742574257566e+00 -1.090876088753934248e+01
-3.906820682068206985e+00 -1.090708546707664794e+01
-3.906215621562156404e+00 -1.090541007001175089e+01
-3.905610561056105823e+00 -1.090373469634465486e+01
-3.905005500550054798e+00 -1.090205934607535276e+01
-3.904400440044004217e+00 -1.090038401920385169e+01
-3.903795379537953636e+00 -1.089870871573014632e+01
-3.903190319031903055e+00 -1.089703343565423843e+01
-3.902585258525852474e+00 -1.089535817897612979e+01
-3.901980198019801893e+00 -1.089368294569581685e+01
-3.901375137513751312e+00 -1.089200773581330317e+01
-3.900770077007700731e+00 -1.089033254932858341e+01
-3.900165016501650150e+00 -1.088865738624166823e+01
-3.899559955995599569e+00 -1.088698224655254343e+01
-3.898954895489548989e+00 -1.088530713026122143e+01
-3.898349834983498408e+00 -1.088363203736769513e+01
-3.897744774477447827e+00 -1.088195696787196631e+01
-3.897139713971397246e+00 -1.088028192177403319e+01
-3.896534653465346665e+00 -1.087860689907390288e+01
-3.895929592959296084e+00 -1.087693189977156649e+01
-3.895324532453245503e+00 -1.087525692386702758e+01
-3.894719471947194922e+00 -1.087358197136028970e+01
-3.894114411441144341e+00 -1.087190704225134574e+01
-3.893509350935093316e+00 -1.087023213654019926e+01
-3.892904290429042735e+00 -1.086855725422685026e+01
-3.892299229922992154e+00 -1.086688239531129874e+01
-3.891694169416941573e+00 -1.086520755979355002e+01
-3.891089108910890992e+00 -1.086353274767359167e+01
-3.890484048404840411e+00 -1.086185795895143613e+01
-3.889878987898789831e+00 -1.086018319362707629e+01
-3.889273927392739250e+00 -1.085850845170051571e+01
-3.888668866886688669e+00 -1.085683373317175082e+01
-3.888063806380638088e+00 -1.085515903804078519e+01
-3.887458745874587507e+00 -1.085348436630761704e+01
-3.886853685368536926e+00 -1.085180971797224281e+01
-3.886248624862486345e+00 -1.085013509303466961e+01
-3.885643564356435764e+00 -1.084846049149489566e+01
-3.885038503850385183e+00 -1.084678591335291564e+01
-3.884433443344334602e+00 -1.084511135860873310e+01
-3.883828382838284021e+00 -1.084343682726235336e+01
-3.883223322332233440e+00 -1.084176231931376577e+01
-3.882618261826182859e+00 -1.084008783476297744e+01
-3.882013201320131834e+00 -1.083841337360998835e+01
-3.881408140814081253e+00 -1.083673893585479320e+01
-3.880803080308030673e+00 -1.083506452149739907e+01
-3.880198019801980092e+00 -1.083339013053780242e+01
-3.879592959295929511e+00 -1.083171576297600147e+01
-3.878987898789878930e+00 -1.083004141881199800e+01
-3.878382838283828349e+00 -1.082836709804579556e+01
-3.877777777777777768e+00 -1.082669280067738882e+01
-3.877172717271727187e+00 -1.082501852670677778e+01
-3.876567656765676606e+00 -1.082334427613396777e+01
-3.875962596259626025e+00 -1.082167004895895346e+01
-3.875357535753575444e+00 -1.081999584518173485e+01
-3.874752475247524863e+00 -1.081832166480231727e+01
-3.874147414741474282e+00 -1.081664750782069717e+01
-3.873542354235423701e+00 -1.081497337423687277e+01
-3.872937293729373120e+00 -1.081329926405084585e+01
-3.872332233223322540e+00 -1.081162517726261996e+01
-3.871727172717271515e+00 -1.080995111387218799e+01
-3.871122112211220934e+00 -1.080827707387955350e+01
-3.870517051705170353e+00 -1.080660305728471826e+01
-3.869911991199119772e+00 -1.080492906408768228e+01
-3.869306930693069191e+00 -1.080325509428844022e+01
-3.868701870187018610e+00 -1.080158114788699741e+01
-3.868096809680968029e+00 -1.079990722488335564e+01
-3.867491749174917448e+00 -1.079823332527750779e+01
-3.866886688668866867e+00 -1.079655944906945741e+01
-3.866281628162816286e+00 -1.079488559625920630e+01
-3.865676567656765705e+00 -1.079321176684675265e+01
-3.865071507150715124e+00 -1.079153796083209293e+01
-3.864466446644664543e+00 -1.078986417821523602e+01
-3.863861386138613963e+00 -1.078819041899617304e+01
-3.863256325632563382e+00 -1.078651668317490930e+01
-3.862651265126512801e+00 -1.078484297075144482e+01
-3.862046204620462220e+00 -1.078316928172577249e+01
-3.861441144114411639e+00 -1.078149561609790297e+01
-3.860836083608361058e+00 -1.077982197386783092e+01
-3.860231023102310033e+00 -1.077814835503555457e+01
-3.859625962596259452e+00 -1.077647475960107748e+01
-3.859020902090208871e+00 -1.077480118756439609e+01
-3.858415841584158290e+00 -1.077312763892551395e+01
-3.857810781078107709e+00 -1.077145411368442929e+01
-3.857205720572057128e+00 -1.076978061184113855e+01
-3.856600660066006547e+00 -1.076810713339565240e+01
-3.855995599559955966e+00 -1.076643367834795839e+01
-3.855390539053905385e+00 -1.076476024669806364e+01
-3.854785478547854805e+00 -1.076308683844596636e+01
-3.854180418041804224e+00 -1.076141345359166657e+01
-3.853575357535753643e+00 -1.075974009213516425e+01
-3.852970297029703062e+00 -1.075806675407646296e+01
-3.852365236523652481e+00 -1.075639343941555559e+01
-3.851760176017601900e+00 -1.075472014815244570e+01
-3.851155115511551319e+00 -1.075304688028713507e+01
-3.850550055005500738e+00 -1.075137363581962191e+01
-3.849944994499450157e+00 -1.074970041474990445e+01
-3.849339933993399576e+00 -1.074802721707798625e+01
-3.848734873487348551e+00 -1.074635404280386553e+01
-3.848129812981297970e+00 -1.074468089192754050e+01
-3.847524752475247389e+00 -1.074300776444901651e+01
-3.846919691969196808e+00 -1.074133466036828644e+01
-3.846314631463146227e+00 -1.073966157968535740e+01
-3.845709570957095647e+00 -1.073798852240022406e+01
-3.845104510451045066e+00 -1.073631548851288997e+01
-3.844499449944994485e+00 -1.073464247802335336e+01
-3.843894389438943904e+00 -1.073296949093161246e+01
-3.843289328932893323e+00 -1.073129652723767080e+01
-3.842684268426842742e+00 -1.072962358694152663e+01
-3.842079207920792161e+00 -1.072795067004317993e+01
-3.841474147414741580e+00 -1.072627777654263248e+01
-3.840869086908690999e+00 -1.072460490643988074e+01
-3.840264026402640418e+00 -1.072293205973492469e+01
-3.839658965896589837e+00 -1.072125923642776790e+01
-3.839053905390539256e+00 -1.071958643651841037e+01
-3.838448844884488231e+00 -1.071791366000685031e+01
-3.837843784378438095e+00 -1.071624090689308773e+01
-3.837238723872387069e+00 -1.071456817717711907e+01
-3.836633663366336489e+00 -1.071289547085895144e+01
-3.836028602860285908e+00 -1.071122278793858129e+01
-3.835423542354235327e+00 -1.070955012841601039e+01
-3.834818481848184746e+00 -1.070787749229123165e+01
-3.834213421342134165e+00 -1.070620487956425393e+01
-3.833608360836083584e+00 -1.070453229023507724e+01
-3.833003300330033003e+00 -1.070285972430369270e+01
-3.832398239823982422e+00 -1.070118718177010741e+01
-3.831793179317931841e+00 -1.069951466263432138e+01
-3.831188118811881260e+00 -1.069784216689633105e+01
-3.830583058305830679e+00 -1.069616969455613820e+01
-3.829977997799780098e+00 -1.069449724561374815e+01
-3.829372937293729517e+00 -1.069282482006914847e+01
-3.828767876787678937e+00 -1.069115241792234983e+01
-3.828162816281628356e+00 -1.068948003917334866e+01
-3.827557755775577775e+00 -1.068780768382214497e+01
-3.826952695269526750e+00 -1.068613535186873698e+01
-3.826347634763476169e+00 -1.068446304331313002e+01
-3.825742574257425588e+00 -1.068279075815531698e+01
-3.825137513751375007e+00 -1.068111849639530497e+01
-3.824532453245324426e+00 -1.067944625803308867e+01
-3.823927392739273845e+00 -1.067777404306866984e+01
-3.823322332233223264e+00 -1.067610185150205204e+01
-3.822717271727172683e+00 -1.067442968333322995e+01
-3.822112211221122102e+00 -1.067275753856220177e+01
-3.821507150715071521e+00 -1.067108541718897641e+01
-3.820902090209020940e+00 -1.066941331921354674e+01
-3.820297029702970359e+00 -1.066774124463591455e+01
-3.819691969196919779e+00 -1.066606919345607984e+01
-3.819086908690869198e+00 -1.066439716567404261e+01
-3.818481848184818617e+00 -1.066272516128980108e+01
-3.817876787678768036e+00 -1.066105318030336058e+01
-3.817271727172717455e+00 -1.065938122271471578e+01
-3.816666666666666874e+00 -1.065770928852387200e+01
-3.816061606160616293e+00 -1.065603737773082216e+01
-3.815456545654565268e+00 -1.065436549033556801e+01
-3.814851485148514687e+00 -1.065269362633811667e+01
-3.814246424642464106e+00 -1.065102178573846103e+01
-3.813641364136413525e+00 -1.064934996853660287e+01
-3.813036303630362944e+00 -1.064767817473254219e+01
-3.812431243124312363e+00 -1.064600640432627898e+01
-3.811826182618261782e+00 -1.064433465731781325e+01
-3.811221122112211201e+00 -1.064266293370714678e+01
-3.810616061606160621e+00 -1.064099123349427600e+01
-3.810011001100110040e+00 -1.063931955667920448e+01
-3.809405940594059459e+00 -1.063764790326192866e+01
-3.808800880088008878e+00 -1.063597627324245032e+01
-3.808195819581958297e+00 -1.063430466662077123e+01
-3.807590759075907716e+00 -1.063263308339688962e+01
-3.806985698569857135e+00 -1.063096152357080548e+01
-3.806380638063806554e+00 -1.062928998714251883e+01
-3.805775577557755973e+00 -1.062761847411202965e+01
-3.805170517051705392e+00 -1.062594698447933617e+01
-3.804565456545654811e+00 -1.062427551824444549e+01
-3.803960396039603786e+00 -1.062260407540734697e+01
-3.803355335533553205e+00 -1.062093265596804770e+01
-3.802750275027502624e+00 -1.061926125992654590e+01
-3.802145214521452043e+00 -1.061758988728284336e+01
-3.801540154015401463e+00 -1.061591853803693830e+01
-3.800935093509350882e+00 -1.061424721218882894e+01
-3.800330033003300301e+00 -1.061257590973851883e+01
-3.799724972497249720e+00 -1.061090463068600798e+01
-3.799119911991199139e+00 -1.060923337503129105e+01
-3.798514851485148558e+00 -1.060756214277437337e+01
-3.797909790979097977e+00 -1.060589093391525495e+01
-3.797304730473047396e+00 -1.060421974845393223e+01
-3.796699669966996815e+00 -1.060254858639040876e+01
-3.796094609460946234e+00 -1.060087744772468099e+01
-3.795489548954895653e+00 -1.059920633245675248e+01
-3.794884488448845072e+00 -1.059753524058661966e+01
-3.794279427942794491e+00 -1.059586417211428611e+01
-3.793674367436743466e+00 -1.059419312703974825e+01
-3.793069306930692886e+00 -1.059252210536300964e+01
-3.792464246424642305e+00 -1.059085110708406674e+01
-3.791859185918591724e+00 -1.058918013220292664e+01
-3.791254125412541143e+00 -1.058750918071957869e+01
-3.790649064906490562e+00 -1.058583825263402822e+01
-3.790044004400439981e+00 -1.058416734794627878e+01
-3.789438943894389400e+00 -1.058249646665632504e+01
-3.788833883388338819e+00 -1.058082560876416878e+01
-3.788228822882288238e+00 -1.057915477426981354e+01
-3.787623762376237657e+00 -1.057748396317325223e+01
-3.787018701870187076e+00 -1.057581317547448840e+01
-3.786413641364136495e+00 -1.057414241117352383e+01
-3.785808580858085914e+00 -1.057247167027035850e+01
-3.785203520352035333e+00 -1.057080095276498710e+01
-3.784598459845984753e+00 -1.056913025865741673e+01
-3.783993399339934172e+00 -1.056745958794764206e+01
-3.783388338833883591e+00 -1.056578894063566310e+01
-3.782783278327833010e+00 -1.056411831672148516e+01
-3.782178217821781985e+00 -1.056244771620510292e+01
-3.781573157315731404e+00 -1.056077713908651816e+01
-3.780968096809680823e+00 -1.055910658536573088e+01
-3.780363036303630242e+00 -1.055743605504274285e+01
-3.779757975797579661e+00 -1.055576554811755230e+01
-3.779152915291529080e+00 -1.055409506459015923e+01
-3.778547854785478499e+00 -1.055242460446056363e+01
-3.777942794279427918e+00 -1.055075416772876551e+01
-3.777337733773377337e+00 -1.054908375439476487e+01
-3.776732673267326756e+00 -1.054741336445856170e+01
-3.776127612761276175e+00 -1.054574299792015779e+01
-3.775522552255225595e+00 -1.054407265477954780e+01
-3.774917491749175014e+00 -1.054240233503674062e+01
-3.774312431243124433e+00 -1.054073203869172737e+01
-3.773707370737073852e+00 -1.053906176574451159e+01
-3.773102310231023271e+00 -1.053739151619509506e+01
-3.772497249724972690e+00 -1.053572129004347602e+01
-3.771892189218922109e+00 -1.053405108728965267e+01
-3.771287128712871528e+00 -1.053238090793362858e+01
-3.770682068206820503e+00 -1.053071075197540019e+01
-3.770077007700769922e+00 -1.052904061941497105e+01
-3.769471947194719341e+00 -1.052737051025234116e+01
-3.768866886688668760e+00 -1.052570042448750698e+01
-3.768261826182618179e+00 -1.052403036212047027e+01
-3.767656765676567598e+00 -1.052236032315123282e+01
-3.767051705170517018e+00 -1.052069030757979107e+01
-3.766446644664466437e+00 -1.051902031540614857e+01
-3.765841584158415856e+00 -1.051735034663030355e+01
-3.765236523652365275e+00 -1.051568040125225423e+01
-3.764631463146314694e+00 -1.051401047927200239e+01
-3.764026402640264113e+00 -1.051234058068955157e+01
-3.763421342134213532e+00 -1.051067070550489646e+01
-3.762816281628162951e+00 -1.050900085371803883e+01
-3.762211221122112370e+00 -1.050733102532898045e+01
-3.761606160616061789e+00 -1.050566122033771777e+01
-3.761001100110011208e+00 -1.050399143874425256e+01
-3.760396039603960627e+00 -1.050232168054858484e+01
-3.759790979097910046e+00 -1.050065194575071637e+01
-3.759185918591859021e+00 -1.049898223435064359e+01
-3.758580858085808440e+00 -1.049731254634837008e+01
-3.757975797579757860e+00 -1.049564288174389404e+01
-3.757370737073707279e+00 -1.049397324053721547e+01
-3.756765676567656698e+00 -1.049230362272833439e+01
-3.756160616061606117e+00 -1.049063402831724900e+01
-3.755555555555555536e+00 -1.048896445730396287e+01
-3.754950495049504955e+00 -1.048729490968847600e+01
-3.754345434543454374e+00 -1.048562538547078482e+01
-3.753740374037403793e+00 -1.048395588465089112e+01
-3.753135313531353212e+00 -1.048228640722879668e+01
-3.752530253025302631e+00 -1.048061695320449971e+01
-3.751925192519252050e+00 -1.047894752257800022e+01
-3.751320132013201469e+00 -1.047727811534929643e+01
-3.750715071507150888e+00 -1.047560873151839189e+01
-3.750110011001100307e+00 -1.047393937108528306e+01
-3.749504950495049727e+00 -1.047227003404997348e+01
-3.748899889988998702e+00 -1.047060072041246137e+01
-3.748294829482948565e+00 -1.046893143017274852e+01
-3.747689768976897540e+00 -1.046726216333082959e+01
-3.747084708470846959e+00 -1.046559291988670992e+01
-3.746479647964796378e+00 -1.046392369984038950e+01
-3.745874587458745797e+00 -1.046225450319186479e+01
-3.745269526952695216e+00 -1.046058532994113932e+01
-3.744664466446644635e+00 -1.045891618008820956e+01
-3.744059405940594054e+00 -1.045724705363307905e+01
-3.743454345434543473e+00 -1.045557795057574779e+01
-3.742849284928492892e+00 -1.045390887091621224e+01
-3.742244224422442311e+00 -1.045223981465447238e+01
-3.741639163916391730e+00 -1.045057078179053178e+01
-3.741034103410341149e+00 -1.044890177232439044e+01
-3.740429042904290569e+00 -1.044723278625604479e+01
-3.739823982398239988e+00 -1.044556382358549840e+01
-3.739218921892189407e+00 -1.044389488431274771e+01
-3.738613861386138826e+00 -1.044222596843779627e+01
-3.738008800880088245e+00 -1.044055707596064053e+01
-3.737403740374037220e+00 -1.043888820688128227e+01
-3.736798679867986639e+00 -1.043721936119972327e+01
-3.736193619361936058e+00 -1.043555053891596174e+01
-3.735588558855885477e+00 -1.043388174002999769e+01
-3.734983498349834896e+00 -1.043221296454183111e+01
-3.734378437843784315e+00 -1.043054421245146202e+01
-3.733773377337733734e+00 -1.042887548375889040e+01
-3.733168316831683153e+00 -1.042720677846411803e+01
-3.732563256325632572e+00 -1.042553809656714137e+01
-3.731958195819581992e+00 -1.042386943806796218e+01
-3.731353135313531411e+00 -1.042220080296658224e+01
-3.730748074807480830e+00 -1.042053219126299979e+01
-3.730143014301430249e+00 -1.041886360295721303e+01
-3.729537953795379668e+00 -1.041719503804922553e+01
-3.728932893289329087e+00 -1.041552649653903373e+01
-3.728327832783278506e+00 -1.041385797842664118e+01
-3.727722772277227925e+00 -1.041218948371204789e+01
-3.727117711771176900e+00 -1.041052101239524852e+01
-3.726512651265126763e+00 -1.040885256447625018e+01
-3.725907590759075738e+00 -1.040718413995504577e+01
-3.725302530253025157e+00 -1.040551573883164238e+01
-3.724697469746974576e+00 -1.040384736110603647e+01
-3.724092409240923995e+00 -1.040217900677822627e+01
-3.723487348734873414e+00 -1.040051067584821354e+01
-3.722882288228822834e+00 -1.039884236831600184e+01
-3.722277227722772253e+00 -1.039717408418158584e+01
-3.721672167216721672e+00 -1.039550582344496732e+01
-3.721067106710671091e+00 -1.039383758610614450e+01
-3.720462046204620510e+00 -1.039216937216512093e+01
-3.719856985698569929e+00 -1.039050118162189662e+01
-3.719251925192519348e+00 -1.038883301447646801e+01
-3.718646864686468767e+00 -1.038716487072883510e+01
-3.718041804180418186e+00 -1.038549675037900499e+01
-3.717436743674367605e+00 -1.038382865342696881e+01
-3.716831683168317024e+00 -1.038216057987273189e+01
-3.716226622662266443e+00 -1.038049252971629066e+01
-3.715621562156215418e+00 -1.037882450295764869e+01
-3.715016501650165281e+00 -1.037715649959680420e+01
-3.714411441144114256e+00 -1.037548851963375540e+01
-3.713806380638063676e+00 -1.037382056306850586e+01
-3.713201320132013095e+00 -1.037215262990105558e+01
-3.712596259625962514e+00 -1.037048472013140099e+01
-3.711991199119911933e+00 -1.036881683375954211e+01
-3.711386138613861352e+00 -1.036714897078548603e+01
-3.710781078107810771e+00 -1.036548113120922388e+01
-3.710176017601760190e+00 -1.036381331503075920e+01
-3.709570957095709609e+00 -1.036214552225009555e+01
-3.708965896589659028e+00 -1.036047775286722583e+01
-3.708360836083608447e+00 -1.035881000688215536e+01
-3.707755775577557866e+00 -1.035714228429488060e+01
-3.707150715071507285e+00 -1.035547458510540686e+01
-3.706545654565456704e+00 -1.035380690931372527e+01
-3.705940594059406124e+00 -1.035213925691984826e+01
-3.705335533553355543e+00 -1.035047162792376341e+01
-3.704730473047304962e+00 -1.034880402232547958e+01
-3.704125412541253937e+00 -1.034713644012499145e+01
-3.703520352035203800e+00 -1.034546888132230258e+01
-3.702915291529152775e+00 -1.034380134591740941e+01
-3.702310231023102194e+00 -1.034213383391031371e+01
-3.701705170517051613e+00 -1.034046634530101727e+01
-3.701100110011001032e+00 -1.033879888008951831e+01
-3.700495049504950451e+00 -1.033713143827581682e+01
-3.699889988998899870e+00 -1.033546401988893670e+01
-3.699284928492849289e+00 -1.033379662606810712e+01
-3.698679867986798708e+00 -1.033212925740107835e+01
-3.698074807480748127e+00 -1.033046191388784685e+01
-3.697469746974697546e+00 -1.032879459552842150e+01
-3.696864686468646966e+00 -1.032712730232279519e+01
-3.696259625962596385e+00 -1.032546003427097148e+01
-3.695654565456545804e+00 -1.032379279137294859e+01
-3.695049504950495223e+00 -1.032212557362872651e+01
-3.694444444444444642e+00 -1.032045838103830526e+01
-3.693839383938394061e+00 -1.031879121360168661e+01
-3.693234323432343480e+00 -1.031712407131887055e+01
-3.692629262926292455e+00 -1.031545695418985353e+01
-3.692024202420241874e+00 -1.031378986221464089e+01
-3.691419141914191293e+00 -1.031212279539322552e+01
-3.690814081408140712e+00 -1.031045575372561629e+01
-3.690209020902090131e+00 -1.030878873721180611e+01
-3.689603960396039550e+00 -1.030712174585179675e+01
-3.688998899889988969e+00 -1.030545477964558998e+01
-3.688393839383938388e+00 -1.030378783859318226e+01
-3.687788778877887808e+00 -1.030212092269457891e+01
-3.687183718371837227e+00 -1.030045403194977638e+01
-3.686578657865786646e+00 -1.029878716635877467e+01
-3.685973597359736065e+00 -1.029712032592157378e+01
-3.685368536853685484e+00 -1.029545351063817549e+01
-3.684763476347634903e+00 -1.029378672050857979e+01
-3.684158415841584322e+00 -1.029211995553278136e+01
-3.683553355335533741e+00 -1.029045321571078730e+01
-3.682948294829483160e+00 -1.028878650104259229e+01
-3.682343234323432135e+00 -1.028711981152820165e+01
-3.681738173817381998e+00 -1.028545314716761183e+01
-3.681133113311330973e+00 -1.028378650796082106e+01
-3.680528052805280392e+00 -1.028211989390783287e+01
-3.679922992299229811e+00 -1.028045330500864729e+01
-3.679317931793179230e+00 -1.027878674126325897e+01
-3.678712871287128650e+00 -1.027712020267167858e+01
-3.678107810781078069e+00 -1.027545368923389546e+01
-3.677502750275027488e+00 -1.027378720094991316e+01
-3.676897689768976907e+00 -1.027212073781973700e+01
-3.676292629262926326e+00 -1.027045429984335634e+01
-3.675687568756875745e+00 -1.026878788702078005e+01
-3.675082508250825164e+00 -1.026712149935200458e+01
-3.674477447744774583e+00 -1.026545513683703170e+01
-3.673872387238724002e+00 -1.026378879947585965e+01
-3.673267326732673421e+00 -1.026212248726848664e+01
-3.672662266226622840e+00 -1.026045620021491978e+01
-3.672057205720572259e+00 -1.025878993831515018e+01
-3.671452145214521678e+00 -1.025712370156918318e+01
-3.670847084708470653e+00 -1.025545748997701523e+01
-3.670242024202420517e+00 -1.025379130353865165e+01
-3.669636963696369492e+00 -1.025212514225408889e+01
-3.669031903190318911e+00 -1.025045900612332694e+01
-3.668426842684268330e+00 -1.024879289514636937e+01
-3.667821782178217749e+00 -1.024712680932320907e+01
-3.667216721672167168e+00 -1.024546074865385137e+01
-3.666611661166116587e+00 -1.024379471313829626e+01
-3.666006600660066006e+00 -1.024212870277654197e+01
-3.665401540154015425e+00 -1.024046271756859028e+01
-3.664796479647964844e+00 -1.023879675751443763e+01
-3.664191419141914263e+00 -1.023713082261408758e+01
-3.663586358635863682e+00 -1.023546491286753835e+01
-3.662981298129813101e+00 -1.023379902827478993e+01
-3.662376237623762520e+00 -1.023213316883584589e+01
-3.661771177117711940e+00 -1.023046733455070267e+01
-3.661166116611661359e+00 -1.022880152541936027e+01
-3.660561056105610778e+00 -1.022713574144181869e+01
-3.659955995599560197e+00 -1.022546998261807794e+01
-3.659350935093509172e+00 -1.022380424894813800e+01
-3.658745874587458591e+00 -1.022213854043200065e+01
-3.658140814081408010e+00 -1.022047285706966591e+01
-3.657535753575357429e+00 -1.021880719886112843e+01
-3.656930693069306848e+00 -1.021714156580639532e+01
-3.656325632563256267e+00 -1.021547595790546303e+01
-3.655720572057205686e+00 -1.021381037515833334e+01
-3.655115511551155105e+00 -1.021214481756500447e+01
-3.654510451045104524e+00 -1.021047928512547820e+01
-3.653905390539053943e+00 -1.020881377783975097e+01
-3.653300330033003362e+00 -1.020714829570782278e+01
-3.652695269526952782e+00 -1.020548283872970075e+01
-3.652090209020902201e+00 -1.020381740690537953e+01
-3.651485148514851620e+00 -1.020215200023485735e+01
-3.650880088008801039e+00 -1.020048661871813955e+01
-3.650275027502750458e+00 -1.019882126235522080e+01
-3.649669966996699877e+00 -1.019715593114610463e+01
-3.649064906490649296e+00 -1.019549062509078929e+01
-3.648459845984598715e+00 -1.019382534418927655e+01
-3.647854785478547690e+00 -1.019216008844156107e+01
-3.647249724972497109e+00 -1.019049485784764997e+01
-3.646644664466446528e+00 -1.018882965240754146e+01
-3.646039603960395947e+00 -1.018716447212123377e+01
-3.645434543454345366e+00 -1.018549931698872513e+01
-3.644829482948294785e+00 -1.018383418701002086e+01
-3.644224422442244204e+00 -1.018216908218511563e+01
-3.643619361936193624e+00 -1.018050400251401300e+01
-3.643014301430143043e+00 -1.017883894799671118e+01
-3.642409240924092462e+00 -1.017717391863321375e+01
-3.641804180418041881e+00 -1.017550891442351535e+01
-3.641199119911991300e+00 -1.017384393536761777e+01
-3.640594059405940719e+00 -1.017217898146552280e+01
-3.639988998899890138e+00 -1.017051405271722864e+01
-3.639383938393839557e+00 -1.016884914912273352e+01
-3.638778877887788976e+00 -1.016718427068204278e+01
-3.638173817381738395e+00 -1.016551941739515463e+01
-3.637568756875687370e+00 -1.016385458926206375e+01
-3.636963696369637233e+00 -1.016218978628277725e+01
-3.636358635863586208e+00 -1.016052500845729334e+01
-3.635753575357535627e+00 -1.015886025578560670e+01
-3.635148514851485047e+00 -1.015719552826772443e+01
-3.634543454345434466e+00 -1.015553082590364298e+01
-3.633938393839383885e+00 -1.015386614869336057e+01
-3.633333333333333304e+00 -1.015220149663688431e+01
-3.632728272827282723e+00 -1.015053686973420533e+01
-3.632123212321232142e+00 -1.014887226798533071e+01
-3.631518151815181561e+00 -1.014720769139025514e+01
-3.630913091309130980e+00 -1.014554313994898216e+01
-3.630308030803080399e+00 -1.014387861366151178e+01
-3.629702970297029818e+00 -1.014221411252784044e+01
-3.629097909790979237e+00 -1.014054963654796993e+01
-3.628492849284928656e+00 -1.013888518572190200e+01
-3.627887788778878075e+00 -1.013722076004963668e+01
-3.627282728272827494e+00 -1.013555635953117218e+01
-3.626677667766776914e+00 -1.013389198416650849e+01
-3.626072607260725889e+00 -1.013222763395564563e+01
-3.625467546754675752e+00 -1.013056330889858714e+01
-3.624862486248624727e+00 -1.012889900899532591e+01
-3.624257425742574146e+00 -1.012723473424586729e+01
-3.623652365236523565e+00 -1.012557048465021126e+01
-3.623047304730472984e+00 -1.012390626020835604e+01
-3.622442244224422403e+00 -1.012224206092030343e+01
-3.621837183718371822e+00 -1.012057788678604986e+01
-3.621232123212321241e+00 -1.011891373780559888e+01
-3.620627062706270660e+00 -1.011724961397895051e+01
-3.620022002200220079e+00 -1.011558551530610295e+01
-3.619416941694169498e+00 -1.011392144178705443e+01
-3.618811881188118917e+00 -1.011225739342180852e+01
-3.618206820682068336e+00 -1.011059337021036519e+01
-3.617601760176017756e+00 -1.010892937215272269e+01
-3.616996699669967175e+00 -1.010726539924888101e+01
-3.616391639163916594e+00 -1.010560145149884015e+01
-3.615786578657866013e+00 -1.010393752890260188e+01
-3.615181518151815432e+00 -1.010227363146016621e+01
-3.614576457645764407e+00 -1.010060975917152959e+01
-3.613971397139713826e+00 -1.009894591203669378e+01
-3.613366336633663245e+00 -1.009728209005566413e+01
-3.612761276127612664e+00 -1.009561829322843174e+01
-3.612156215621562083e+00 -1.009395452155500195e+01
-3.611551155115511502e+00 -1.009229077503537475e+01
-3.610946094609460921e+00 -1.009062705366954837e+01
-3.610341034103410340e+00 -1.008896335745752104e+01
-3.609735973597359759e+00 -1.008729968639929808e+01
-3.609130913091309178e+00 -1.008563604049487239e+01
-3.608525852585258598e+00 -1.008397241974425285e+01
-3.607920792079208017e+00 -1.008230882414743235e+01
-3.607315731573157436e+00 -1.008064525370441267e+01
-3.606710671067106855e+00 -1.007898170841519558e+01
-3.606105610561056274e+00 -1.007731818827977932e+01
-3.605500550055005693e+00 -1.007565469329816565e+01
-3.604895489548955112e+00 -1.007399122347035103e+01
-3.604290429042904087e+00 -1.007232777879633900e+01
-3.603685368536853950e+00 -1.007066435927612957e+01
-3.603080308030802925e+00 -1.006900096490972096e+01
-3.602475247524752344e+00 -1.006733759569711140e+01
-3.601870187018701763e+00 -1.006567425163830620e+01
-3.601265126512651182e+00 -1.006401093273330005e+01
-3.600660066006600601e+00 -1.006234763898209827e+01
-3.600055005500550021e+00 -1.006068437038469554e+01
-3.599449944994499440e+00 -1.005902112694109540e+01
-3.598844884488448859e+00 -1.005735790865129431e+01
-3.598239823982398278e+00 -1.005569471551529759e+01
-3.597634763476347697e+00 -1.005403154753309991e+01
-3.597029702970297116e+00 -1.005236840470470838e+01
-3.596424642464246535e+00 -1.005070528703011412e+01
-3.595819581958195954e+00 -1.004904219450932068e+01
-3.595214521452145373e+00 -1.004737912714233161e+01
-3.594609460946094792e+00 -1.004571608492913981e+01
-3.594004400440044211e+00 -1.004405306786975238e+01
-3.593399339933993630e+00 -1.004239007596416755e+01
-3.592794279427942605e+00 -1.004072710921237999e+01
-3.592189218921892468e+00 -1.003906416761439857e+01
-3.591584158415841443e+00 -1.003740125117021442e+01
-3.590979097909790863e+00 -1.003573835987983287e+01
-3.590374037403740282e+00 -1.003407549374325392e+01
-3.589768976897689701e+00 -1.003241265276047400e+01
-3.589163916391639120e+00 -1.003074983693149846e+01
-3.588558855885588539e+00 -1.002908704625632197e+01
-3.587953795379537958e+00 -1.002742428073494807e+01
-3.587348734873487377e+00 -1.002576154036737499e+01
-3.586743674367436796e+00 -1.002409882515360451e+01
-3.586138613861386215e+00 -1.002243613509363307e+01
-3.585533553355335634e+00 -1.002077347018746423e+01
-3.584928492849285053e+00 -1.001911083043509976e+01
-3.584323432343234472e+00 -1.001744821583653433e+01
-3.583718371837183891e+00 -1.001578562639176795e+01
-3.583113311331133310e+00 -1.001412306210080594e+01
-3.582508250825082730e+00 -1.001246052296364475e+01
-3.581903190319032149e+00 -1.001079800898028438e+01
-3.581298129812981124e+00 -1.000913552015072305e+01
-3.580693069306930987e+00 -1.000747305647496788e+01
-3.580088008800879962e+00 -1.000581061795301174e+01
-3.579482948294829381e+00 -1.000414820458485821e+01
-3.578877887788778800e+00 -1.000248581637050549e+01
-3.578272827282728219e+00 -1.000082345330995182e+01
-3.577667766776677638e+00 -9.999161115403200739e+00
-3.577062706270627057e+00 -9.997498802650252259e+00
-3.576457645764576476e+00 -9.995836515051108151e+00
-3.575852585258525895e+00 -9.994174252605759534e+00
-3.575247524752475314e+00 -9.992512015314213514e+00
-3.574642464246424733e+00 -9.990849803176471866e+00
-3.574037403740374153e+00 -9.989187616192529262e+00
-3.573432343234323572e+00 -9.987525454362389254e+00
-3.572827282728272991e+00 -9.985863317686050067e+00
-3.572222222222222410e+00 -9.984201206163511699e+00
-3.571617161716171829e+00 -9.982539119794775928e+00
-3.571012101210121248e+00 -9.980877058579839201e+00
-3.570407040704070667e+00 -9.979215022518706846e+00
-3.569801980198019642e+00 -9.977553011611373535e+00
-3.569196919691969061e+00 -9.975891025857842820e+00
-3.568591859185918480e+00 -9.974229065258114701e+00
-3.567986798679867899e+00 -9.972567129812187403e+00
-3.567381738173817318e+00 -9.970905219520059148e+00
-3.566776677667766737e+00 -9.969243334381735266e+00
-3.566171617161716156e+00 -9.967581474397210428e+00
-3.565566556655665575e+00 -9.965919639566488186e+00
-3.564961496149614995e+00 -9.964257829889568541e+00
-3.564356435643564414e+00 -9.962596045366447939e+00
-3.563751375137513833e+00 -9.960934285997129933e+00
-3.563146314631463252e+00 -9.959272551781614524e+00
-3.562541254125412671e+00 -9.957610842719898159e+00
-3.561936193619362090e+00 -9.955949158811982613e+00
-3.561331133113311509e+00 -9.954287500057873217e+00
-3.560726072607260928e+00 -9.952625866457559312e+00
-3.560121012101210347e+00 -9.950964258011051555e+00
-3.559515951595159322e+00 -9.949302674718339290e+00
-3.558910891089109185e+00 -9.947641116579433174e+00
-3.558305830583058160e+00 -9.945979583594326101e+00
-3.557700770077007579e+00 -9.944318075763021625e+00
-3.557095709570956998e+00 -9.942656593085519745e+00
-3.556490649064906417e+00 -9.940995135561820462e+00
-3.555885588558855837e+00 -9.939333703191920222e+00
-3.555280528052805256e+00 -9.937672295975819026e+00
-3.554675467546754675e+00 -9.936010913913522202e+00
-3.554070407040704094e+00 -9.934349557005027975e+00
-3.553465346534653513e+00 -9.932688225250332792e+00
-3.552860286028602932e+00 -9.931026918649441981e+00
-3.552255225522552351e+00 -9.929365637202348438e+00
-3.551650165016501770e+00 -9.927704380909059267e+00
-3.551045104510451189e+00 -9.926043149769569141e+00
-3.550440044004400608e+00 -9.924381943783881610e+00
-3.549834983498350027e+00 -9.922720762951996676e+00
-3.549229922992299446e+00 -9.921059607273912562e+00
-3.548624862486248865e+00 -9.919398476749627491e+00
-3.548019801980197840e+00 -9.917737371379146794e+00
-3.547414741474147704e+00 -9.916076291162465139e+00
-3.546809680968096679e+00 -9.914415236099586082e+00
-3.546204620462046098e+00 -9.912754206190507844e+00
-3.545599559955995517e+00 -9.911093201435232203e+00
-3.544994499449944936e+00 -9.909432221833759158e+00
-3.544389438943894355e+00 -9.907771267386085157e+00
-3.543784378437843774e+00 -9.906110338092211975e+00
-3.543179317931793193e+00 -9.904449433952141391e+00
-3.542574257425742612e+00 -9.902788554965871626e+00
-3.541969196919692031e+00 -9.901127701133404457e+00
-3.541364136413641450e+00 -9.899466872454738109e+00
-3.540759075907590869e+00 -9.897806068929872580e+00
-3.540154015401540288e+00 -9.896145290558809648e+00
-3.539548954895489707e+00 -9.894484537341545760e+00
-3.538943894389439127e+00 -9.892823809278086244e+00
-3.538338833883388546e+00 -9.891163106368425773e+00
-3.537733773377337965e+00 -9.889502428612569673e+00
-3.537128712871287384e+00 -9.887841776010512618e+00
-3.536523652365236359e+00 -9.886181148562256382e+00
-3.535918591859185778e+00 -9.884520546267800967e+00
-3.535313531353135197e+00 -9.882859969127149924e+00
-3.534708470847084616e+00 -9.881199417140297925e+00
-3.534103410341034035e+00 -9.879538890307244969e+00
-3.533498349834983454e+00 -9.877878388627998163e+00
-3.532893289328932873e+00 -9.876217912102550400e+00
-3.532288228822882292e+00 -9.874557460730907010e+00
-3.531683168316831711e+00 -9.872897034513062664e+00
-3.531078107810781130e+00 -9.871236633449020914e+00
-3.530473047304730549e+00 -9.869576257538778208e+00
-3.529867986798679969e+00 -9.867915906782339874e+00
-3.529262926292629388e+00 -9.866255581179698808e+00
-3.528657865786578807e+00 -9.864595280730863891e+00
-3.528052805280528226e+00 -9.862935005435826241e+00
-3.527447744774477645e+00 -9.861274755294594740e+00
-3.526842684268427064e+00 -9.859614530307160507e+00
-3.526237623762376039e+00 -9.857954330473527094e+00
-3.525632563256325902e+00 -9.856294155793698053e+00
-3.525027502750274877e+00 -9.854634006267668056e+00
-3.524422442244224296e+00 -9.852973881895440655e+00
-3.523817381738173715e+00 -9.851313782677014075e+00
-3.523212321232123134e+00 -9.849653708612391867e+00
-3.522607260726072553e+00 -9.847993659701566926e+00
-3.522002200220021972e+00 -9.846333635944546359e+00
-3.521397139713971391e+00 -9.844673637341324834e+00
-3.520792079207920811e+00 -9.843013663891909459e+00
-3.520187018701870230e+00 -9.841353715596289575e+00
-3.519581958195819649e+00 -9.839693792454472288e+00
-3.518976897689769068e+00 -9.838033894466459373e+00
-3.518371837183718487e+00 -9.836374021632245501e+00
-3.517766776677667906e+00 -9.834714173951832450e+00
-3.517161716171617325e+00 -9.833054351425221995e+00
-3.516556655665566744e+00 -9.831394554052414136e+00
-3.515951595159516163e+00 -9.829734781833408874e+00
-3.515346534653465582e+00 -9.828075034768200879e+00
-3.514741474147414557e+00 -9.826415312856793705e+00
-3.514136413641364420e+00 -9.824755616099190902e+00
-3.513531353135313395e+00 -9.823095944495387144e+00
-3.512926292629262814e+00 -9.821436298045385982e+00
-3.512321232123212233e+00 -9.819776676749185640e+00
-3.511716171617161653e+00 -9.818117080606789671e+00
-3.511111111111111072e+00 -9.816457509618190969e+00
-3.510506050605060491e+00 -9.814797963783398416e+00
-3.509900990099009910e+00 -9.813138443102401354e+00
-3.509295929592959329e+00 -9.811478947575210441e+00
-3.508690869086908748e+00 -9.809819477201820348e+00
-3.508085808580858167e+00 -9.808160031982231075e+00
-3.507480748074807586e+00 -9.806500611916440846e+00
-3.506875687568757005e+00 -9.804841217004454990e+00
-3.506270627062706424e+00 -9.803181847246269953e+00
-3.505665566556655843e+00 -9.801522502641885737e+00
-3.505060506050605262e+00 -9.799863183191302340e+00
-3.504455445544554681e+00 -9.798203888894521540e+00
-3.503850385038504101e+00 -9.796544619751541561e+00
-3.503245324532453076e+00 -9.794885375762362401e+00
-3.502640264026402939e+00 -9.793226156926987613e+00
-3.502035203520351914e+00 -9.791566963245410093e+00
-3.501430143014301333e+00 -9.789907794717636946e+00
-3.500825082508250752e+00 -9.788248651343662843e+00
-3.500220022002200171e+00 -9.786589533123493112e+00
-3.499614961496149590e+00 -9.784930440668395235e+00
-3.499009900990099009e+00 -9.783271376186439383e+00
-3.498404840484048428e+00 -9.781612339877225892e+00
-3.497799779977997847e+00 -9.779953331740752986e+00
-3.497194719471947266e+00 -9.778294351777022442e+00
-3.496589658965896685e+00 -9.776635399986032482e+00
-3.495984598459846104e+00 -9.774976476367783107e+00
-3.495379537953795523e+00 -9.773317580922277870e+00
-3.494774477447744943e+00 -9.771658713649513217e+00
-3.494169416941694362e+00 -9.769999874549489149e+00
-3.493564356435643781e+00 -9.768341063622203890e+00
-3.492959295929592756e+00 -9.766682280867664545e+00
-3.492354235423542619e+00 -9.765023526285864008e+00
-3.491749174917491594e+00 -9.763364799876804057e+00
-3.491144114411441457e+00 -9.761706101640488242e+00
-3.490539053905390432e+00 -9.760047431576913013e+00
-3.489933993399339851e+00 -9.758388789686078368e+00
-3.489328932893289270e+00 -9.756730175967986085e+00
-3.488723872387238689e+00 -9.755071590422634387e+00
-3.488118811881188108e+00 -9.753413033050023273e+00
-3.487513751375137527e+00 -9.751754503850156297e+00
-3.486908690869086946e+00 -9.750096002823028130e+00
-3.486303630363036365e+00 -9.748437529968644100e+00
-3.485698569856985785e+00 -9.746779085286998878e+00
-3.485093509350935204e+00 -9.745120668778094242e+00
-3.484488448844884623e+00 -9.743462280441933743e+00
-3.483883388338834042e+00 -9.741803920278513829e+00
-3.483278327832783461e+00 -9.740145588287834499e+00
-3.482673267326732880e+00 -9.738487284469899308e+00
-3.482068206820682299e+00 -9.736829008824702925e+00
-3.481463146314631274e+00 -9.735170761352247126e+00
-3.480858085808581137e+00 -9.733512542052533689e+00
-3.480253025302530112e+00 -9.731854350925560837e+00
-3.479647964796479975e+00 -9.730196187971330346e+00
-3.479042904290428950e+00 -9.728538053189843993e+00
-3.478437843784378369e+00 -9.726879946581094671e+00
-3.477832783278327788e+00 -9.725221868145087711e+00
-3.477227722772277207e+00 -9.723563817881824889e+00
-3.476622662266226627e+00 -9.721905795791300875e+00
-3.476017601760176046e+00 -9.720247801873517446e+00
-3.475412541254125465e+00 -9.718589836128476378e+00
-3.474807480748074884e+00 -9.716931898556175895e+00
-3.474202420242024303e+00 -9.715273989156617773e+00
-3.473597359735973722e+00 -9.713616107929803789e+00
-3.472992299229923141e+00 -9.711958254875726837e+00
-3.472387238723872560e+00 -9.710300429994394023e+00
-3.471782178217821979e+00 -9.708642633285800017e+00
-3.471177117711771398e+00 -9.706984864749950148e+00
-3.470572057205720817e+00 -9.705327124386840865e+00
-3.469966996699669792e+00 -9.703669412196470390e+00
-3.469361936193619655e+00 -9.702011728178844052e+00
-3.468756875687568630e+00 -9.700354072333958300e+00
-3.468151815181518050e+00 -9.698696444661816685e+00
-3.467546754675467469e+00 -9.697038845162410325e+00
-3.466941694169416888e+00 -9.695381273835751657e+00
-3.466336633663366307e+00 -9.693723730681830020e+00
-3.465731573157315726e+00 -9.692066215700654297e+00
-3.465126512651265145e+00 -9.690408728892213830e+00
-3.464521452145214564e+00 -9.688751270256521053e+00
-3.463916391639163983e+00 -9.687093839793565309e+00
-3.463311331133113402e+00 -9.685436437503351925e+00
-3.462706270627062821e+00 -9.683779063385880903e+00
-3.462101210121012240e+00 -9.682121717441152242e+00
-3.461496149614961659e+00 -9.680464399669162390e+00
-3.460891089108911078e+00 -9.678807110069916675e+00
-3.460286028602860497e+00 -9.677149848643407992e+00
-3.459680968096809472e+00 -9.675492615389645223e+00
-3.459075907590759336e+00 -9.673835410308621263e+00
-3.458470847084708311e+00 -9.672178233400339664e+00
-3.457865786578658174e+00 -9.670521084664800426e+00
-3.457260726072607149e+00 -9.668863964101999997e+00
-3.456655665566556568e+00 -9.667206871711941929e+00
-3.456050605060505987e+00 -9.665549807494626222e+00
-3.455445544554455406e+00 -9.663892771450052877e+00
-3.454840484048404825e+00 -9.662235763578218339e+00
-3.454235423542354244e+00 -9.660578783879126163e+00
-3.453630363036303663e+00 -9.658921832352774572e+00
-3.453025302530253082e+00 -9.657264908999165343e+00
-3.452420242024202501e+00 -9.655608013818298474e+00
-3.451815181518151920e+00 -9.653951146810173967e+00
-3.451210121012101339e+00 -9.652294307974786491e+00
-3.450605060506050759e+00 -9.650637497312143154e+00
-3.450000000000000178e+00 -9.648980714822240401e+00
-3.449394939493949597e+00 -9.647323960505080009e+00
-3.448789878987899016e+00 -9.645667234360660203e+00
-3.448184818481847991e+00 -9.644010536388980981e+00
-3.447579757975797854e+00 -9.642353866590045897e+00
-3.446974697469746829e+00 -9.640697224963847844e+00
-3.446369636963696692e+00 -9.639040611510397483e+00
-3.445764576457645667e+00 -9.637384026229682377e+00
-3.445159515951595086e+00 -9.635727469121711408e+00
-3.444554455445544505e+00 -9.634070940186481025e+00
-3.443949394939493924e+00 -9.632414439423993002e+00
-3.443344334433443343e+00 -9.630757966834245565e+00
-3.442739273927392762e+00 -9.629101522417240488e+00
-3.442134213421342182e+00 -9.627445106172975997e+00
-3.441529152915291601e+00 -9.625788718101452091e+00
-3.440924092409241020e+00 -9.624132358202672322e+00
-3.440319031903190439e+00 -9.622476026476631361e+00
-3.439713971397139858e+00 -9.620819722923332762e+00
-3.439108910891089277e+00 -9.619163447542776524e+00
-3.438503850385038696e+00 -9.617507200334960871e+00
-3.437898789878988115e+00 -9.615850981299885802e+00
-3.437293729372937534e+00 -9.614194790437554872e+00
-3.436688668866886509e+00 -9.612538627747962749e+00
-3.436083608360836372e+00 -9.610882493231111212e+00
-3.435478547854785347e+00 -9.609226386887002036e+00
-3.434873487348735210e+00 -9.607570308715635221e+00
-3.434268426842684185e+00 -9.605914258717008991e+00
-3.433663366336633604e+00 -9.604258236891123346e+00
-3.433058305830583024e+00 -9.602602243237981838e+00
-3.432453245324532443e+00 -9.600946277757579139e+00
-3.431848184818481862e+00 -9.599290340449917025e+00
-3.431243124312431281e+00 -9.597634431314999048e+00
-3.430638063806380700e+00 -9.595978550352821657e+00
-3.430033003300330119e+00 -9.594322697563384850e+00
-3.429427942794279538e+00 -9.592666872946690404e+00
-3.428822882288228957e+00 -9.591011076502736543e+00
-3.428217821782178376e+00 -9.589355308231525044e+00
-3.427612761276127795e+00 -9.587699568133052352e+00
-3.427007700770077214e+00 -9.586043856207323799e+00
-3.426402640264026189e+00 -9.584388172454335830e+00
-3.425797579757976052e+00 -9.582732516874090223e+00
-3.425192519251925027e+00 -9.581076889466583424e+00
-3.424587458745874891e+00 -9.579421290231822539e+00
-3.423982398239823866e+00 -9.577765719169798686e+00
-3.423377337733773285e+00 -9.576110176280517194e+00
-3.422772277227722704e+00 -9.574454661563978064e+00
-3.422167216721672123e+00 -9.572799175020179518e+00
-3.421562156215621542e+00 -9.571143716649121558e+00
-3.420957095709570961e+00 -9.569488286450805958e+00
-3.420352035203520380e+00 -9.567832884425234496e+00
-3.419746974697469799e+00 -9.566177510572400067e+00
-3.419141914191419218e+00 -9.564522164892307998e+00
-3.418536853685368637e+00 -9.562866847384958291e+00
-3.417931793179318056e+00 -9.561211558050350945e+00
-3.417326732673267475e+00 -9.559556296888484184e+00
-3.416721672167216894e+00 -9.557901063899358007e+00
-3.416116611661166313e+00 -9.556245859082972416e+00
-3.415511551155115733e+00 -9.554590682439330962e+00
-3.414906490649064708e+00 -9.552935533968428317e+00
-3.414301430143014571e+00 -9.551280413670268032e+00
-3.413696369636963546e+00 -9.549625321544848333e+00
-3.413091309130913409e+00 -9.547970257592172771e+00
-3.412486248624862384e+00 -9.546315221812234242e+00
-3.411881188118811803e+00 -9.544660214205041626e+00
-3.411276127612761222e+00 -9.543005234770589595e+00
-3.410671067106710641e+00 -9.541350283508878150e+00
-3.410066006600660060e+00 -9.539695360419905512e+00
-3.409460946094609479e+00 -9.538040465503678789e+00
-3.408855885588558898e+00 -9.536385598760190874e+00
-3.408250825082508317e+00 -9.534730760189445320e+00
-3.407645764576457736e+00 -9.533075949791440351e+00
-3.407040704070407156e+00 -9.531421167566175967e+00
-3.406435643564356575e+00 -9.529766413513653944e+00
-3.405830583058305994e+00 -9.528111687633872506e+00
-3.405225522552255413e+00 -9.526456989926831653e+00
-3.404620462046204832e+00 -9.524802320392534938e+00
-3.404015401540154251e+00 -9.523147679030980584e+00
-3.403410341034103226e+00 -9.521493065842161485e+00
-3.402805280528053089e+00 -9.519838480826091853e+00
-3.402200220022002064e+00 -9.518183923982757477e+00
-3.401595159515951927e+00 -9.516529395312167239e+00
-3.400990099009900902e+00 -9.514874894814317585e+00
-3.400385038503850321e+00 -9.513220422489208516e+00
-3.399779977997799740e+00 -9.511565978336841809e+00
-3.399174917491749159e+00 -9.509911562357215686e+00
-3.398569856985698578e+00 -9.508257174550333701e+00
-3.397964796479647998e+00 -9.506602814916190525e+00
-3.397359735973597417e+00 -9.504948483454789709e+00
-3.396754675467546836e+00 -9.503294180166129479e+00
-3.396149614961496255e+00 -9.501639905050211610e+00
-3.395544554455445674e+00 -9.499985658107036102e+00
-3.394939493949395093e+00 -9.498331439336597626e+00
-3.394334433443344512e+00 -9.496677248738903288e+00
-3.393729372937293931e+00 -9.495023086313953087e+00
-3.393124312431243350e+00 -9.493368952061739918e+00
-3.392519251925192769e+00 -9.491714845982270887e+00
-3.391914191419141744e+00 -9.490060768075542441e+00
-3.391309130913091607e+00 -9.488406718341554580e+00
-3.390704070407040582e+00 -9.486752696780309080e+00
-3.390099009900990001e+00 -9.485098703391802388e+00
-3.389493949394939420e+00 -9.483444738176039834e+00
-3.388888888888888840e+00 -9.481790801133019642e+00
-3.388283828382838259e+00 -9.480136892262740034e+00
-3.387678767876787678e+00 -9.478483011565199234e+00
-3.387073707370737097e+00 -9.476829159040400796e+00
-3.386468646864686516e+00 -9.475175334688344719e+00
-3.385863586358635935e+00 -9.473521538509031004e+00
-3.385258525852585354e+00 -9.471867770502457873e+00
-3.384653465346534773e+00 -9.470214030668625327e+00
-3.384048404840484192e+00 -9.468560319007535142e+00
-3.383443344334433611e+00 -9.466906635519185542e+00
-3.382838283828383030e+00 -9.465252980203578304e+00
-3.382233223322332449e+00 -9.463599353060711650e+00
-3.381628162816281424e+00 -9.461945754090585581e+00
-3.381023102310231288e+00 -9.460292183293205426e+00
-3.380418041804180262e+00 -9.458638640668562303e+00
-3.379812981298130126e+00 -9.456985126216661541e+00
-3.379207920792079101e+00 -9.455331639937501365e+00
-3.378602860286028520e+00 -9.453678181831083549e+00
-3.377997799779977939e+00 -9.452024751897408095e+00
-3.377392739273927358e+00 -9.450371350136471449e+00
-3.376787678767876777e+00 -9.448717976548277164e+00
-3.376182618261826196e+00 -9.447064631132825241e+00
-3.375577557755775615e+00 -9.445411313890113902e+00
-3.374972497249725034e+00 -9.443758024820144925e+00
-3.374367436743674453e+00 -9.442104763922916533e+00
-3.373762376237623872e+00 -9.440451531198430501e+00
-3.373157315731573291e+00 -9.438798326646683279e+00
-3.372552255225522710e+00 -9.437145150267680194e+00
-3.371947194719472130e+00 -9.435492002061417693e+00
-3.371342134213421549e+00 -9.433838882027895778e+00
-3.370737073707370968e+00 -9.432185790167116224e+00
-3.370132013201319943e+00 -9.430532726479075478e+00
-3.369526952695269806e+00 -9.428879690963780646e+00
-3.368921892189218781e+00 -9.427226683621224623e+00
-3.368316831683168644e+00 -9.425573704451412738e+00
-3.367711771177117619e+00 -9.423920753454337884e+00
-3.367106710671067038e+00 -9.422267830630007168e+00
-3.366501650165016457e+00 -9.420614935978415261e+00
-3.365896589658965876e+00 -9.418962069499567491e+00
-3.365291529152915295e+00 -9.417309231193460306e+00
-3.364686468646864714e+00 -9.415656421060093706e+00
-3.364081408140814133e+00 -9.414003639099469467e+00
-3.363476347634763552e+00 -9.412350885311585813e+00
-3.362871287128712972e+00 -9.410698159696444520e+00
-3.362266226622662391e+00 -9.409045462254043812e+00
-3.361661166116611810e+00 -9.407392792984385466e+00
-3.361056105610561229e+00 -9.405740151887467704e+00
-3.360451045104510648e+00 -9.404087538963290527e+00
-3.359845984598460067e+00 -9.402434954211855711e+00
-3.359240924092409486e+00 -9.400782397633161480e+00
-3.358635863586358461e+00 -9.399129869227209610e+00
-3.358030803080308324e+00 -9.397477368994000102e+00
-3.357425742574257299e+00 -9.395824896933529402e+00
-3.356820682068207162e+00 -9.394172453045802840e+00
-3.356215621562156137e+00 -9.392520037330815086e+00
-3.355610561056105556e+00 -9.390867649788569693e+00
-3.355005500550054975e+00 -9.389215290419066662e+00
-3.354400440044004394e+00 -9.387562959222305992e+00
-3.353795379537953814e+00 -9.385910656198284130e+00
-3.353190319031903233e+00 -9.384258381347004629e+00
-3.352585258525852652e+00 -9.382606134668465714e+00
-3.351980198019802071e+00 -9.380953916162670936e+00
-3.351375137513751490e+00 -9.379301725829614966e+00
-3.350770077007700909e+00 -9.377649563669301358e+00
-3.350165016501650328e+00 -9.375997429681728335e+00
-3.349559955995599747e+00 -9.374345323866897672e+00
-3.348954895489549166e+00 -9.372693246224807595e+00
-3.348349834983498585e+00 -9.371041196755459879e+00
-3.347744774477448004e+00 -9.369389175458852748e+00
-3.347139713971396979e+00 -9.367737182334984425e+00
-3.346534653465346842e+00 -9.366085217383862016e+00
-3.345929592959295817e+00 -9.364433280605478416e+00
-3.345324532453245236e+00 -9.362781371999837177e+00
-3.344719471947194656e+00 -9.361129491566936522e+00
-3.344114411441144075e+00 -9.359477639306778229e+00
-3.343509350935093494e+00 -9.357825815219360521e+00
-3.342904290429042913e+00 -9.356174019304685174e+00
-3.342299229922992332e+00 -9.354522251562750412e+00
-3.341694169416941751e+00 -9.352870511993558011e+00
-3.341089108910891170e+00 -9.351218800597107972e+00
-3.340484048404840589e+00 -9.349567117373396741e+00
-3.339878987898790008e+00 -9.347915462322427871e+00
-3.339273927392739427e+00 -9.346263835444201362e+00
-3.338668866886688846e+00 -9.344612236738713662e+00
-3.338063806380638265e+00 -9.342960666205971876e+00
-3.337458745874587684e+00 -9.341309123845967122e+00
-3.336853685368536659e+00 -9.339657609658704729e+00
-3.336248624862486523e+00 -9.338006123644184697e+00
-3.335643564356435498e+00 -9.336354665802403474e+00
-3.335038503850385361e+00 -9.334703236133366389e+00
-3.334433443344334336e+00 -9.333051834637069888e+00
-3.333828382838283755e+00 -9.331400461313515748e+00
-3.333223322332233174e+00 -9.329749116162702194e+00
-3.332618261826182593e+00 -9.328097799184629224e+00
-3.332013201320132012e+00 -9.326446510379298616e+00
-3.331408140814081431e+00 -9.324795249746708592e+00
-3.330803080308030850e+00 -9.323144017286862706e+00
-3.330198019801980269e+00 -9.321492812999753852e+00
-3.329592959295929688e+00 -9.319841636885389136e+00
-3.328987898789879107e+00 -9.318190488943765004e+00
-3.328382838283828526e+00 -9.316539369174883234e+00
-3.327777777777777946e+00 -9.314888277578742048e+00
-3.327172717271727365e+00 -9.313237214155343224e+00
-3.326567656765676784e+00 -9.311586178904684985e+00
-3.325962596259626203e+00 -9.309935171826769107e+00
-3.325357535753575178e+00 -9.308284192921592037e+00
-3.324752475247525041e+00 -9.306633242189159105e+00
-3.324147414741474016e+00 -9.304982319629464982e+00
-3.323542354235423879e+00 -9.303331425242514996e+00
-3.322937293729372854e+00 -9.301680559028303819e+00
-3.322332233223322273e+00 -9.300029720986835002e+00
-3.321727172717271692e+00 -9.298378911118108547e+00
-3.321122112211221111e+00 -9.296728129422120901e+00
-3.320517051705170530e+00 -9.295077375898879168e+00
-3.319911991199119949e+00 -9.293426650548374468e+00
-3.319306930693069368e+00 -9.291775953370615682e+00
-3.318701870187018788e+00 -9.290125284365593927e+00
-3.318096809680968207e+00 -9.288474643533314534e+00
-3.317491749174917626e+00 -9.286824030873777502e+00
-3.316886688668867045e+00 -9.285173446386982832e+00
-3.316281628162816464e+00 -9.283522890072926970e+00
-3.315676567656765883e+00 -9.281872361931615245e+00
-3.315071507150715302e+00 -9.280221861963042329e+00
-3.314466446644664721e+00 -9.278571390167213551e+00
-3.313861386138613696e+00 -9.276920946544123581e+00
-3.313256325632563559e+00 -9.275270531093777748e+00
-3.312651265126512534e+00 -9.273620143816168948e+00
-3.312046204620462397e+00 -9.271969784711304285e+00
-3.311441144114411372e+00 -9.270319453779180208e+00
-3.310836083608360791e+00 -9.268669151019796715e+00
-3.310231023102310211e+00 -9.267018876433157359e+00
-3.309625962596259630e+00 -9.265368630019258589e+00
-3.309020902090209049e+00 -9.263718411778100403e+00
-3.308415841584158468e+00 -9.262068221709682803e+00
-3.307810781078107887e+00 -9.260418059814007563e+00
-3.307205720572057306e+00 -9.258767926091076461e+00
-3.306600660066006725e+00 -9.257117820540884168e+00
-3.305995599559956144e+00 -9.255467743163432459e+00
-3.305390539053905563e+00 -9.253817693958723112e+00
-3.304785478547854982e+00 -9.252167672926756126e+00
-3.304180418041804401e+00 -9.250517680067527948e+00
-3.303575357535753376e+00 -9.248867715381042132e+00
-3.302970297029703239e+00 -9.247217778867298676e+00
-3.302365236523652214e+00 -9.245567870526294030e+00
-3.301760176017602078e+00 -9.243917990358035297e+00
-3.301155115511551053e+00 -9.242268138362511820e+00
-3.300550055005500472e+00 -9.240618314539737810e+00
-3.299944994499449891e+00 -9.238968518899794091e+00
-3.299339933993399310e+00 -9.237318752865917304e+00
-3.298734873487348729e+00 -9.235669017447486695e+00
-3.298129812981298148e+00 -9.234019312644505817e+00
-3.297524752475247567e+00 -9.232369638456974670e+00
-3.296919691969196986e+00 -9.230719994884889701e+00
-3.296314631463146405e+00 -9.229070381928254463e+00
-3.295709570957095824e+00 -9.227420799587067179e+00
-3.295104510451045243e+00 -9.225771247861326074e+00
-3.294499449944994662e+00 -9.224121726751038253e+00
-3.293894389438944081e+00 -9.222472236256194833e+00
-3.293289328932893500e+00 -9.220822776376801144e+00
-3.292684268426842920e+00 -9.219173347112855410e+00
-3.292079207920791895e+00 -9.217523948464359407e+00
-3.291474147414741758e+00 -9.215874580431311358e+00
-3.290869086908690733e+00 -9.214225243013711264e+00
-3.290264026402640596e+00 -9.212575936211560901e+00
-3.289658965896589571e+00 -9.210926660024854939e+00
-3.289053905390538990e+00 -9.209277414453604038e+00
-3.288448844884488409e+00 -9.207628199497797539e+00
-3.287843784378437828e+00 -9.205979015157438994e+00
-3.287238723872387247e+00 -9.204329861432530180e+00
-3.286633663366336666e+00 -9.202680738323069320e+00
-3.286028602860286085e+00 -9.201031645829056416e+00
-3.285423542354235504e+00 -9.199382583950491465e+00
-3.284818481848184923e+00 -9.197733552687376246e+00
-3.284213421342134342e+00 -9.196084552039710758e+00
-3.283608360836083762e+00 -9.194435582007489671e+00
-3.283003300330033181e+00 -9.192786642590720092e+00
-3.282398239823982600e+00 -9.191137733789398467e+00
-3.281793179317932019e+00 -9.189488855603526574e+00
-3.281188118811881438e+00 -9.187840008033100858e+00
-3.280583058305830413e+00 -9.186191191078121321e+00
-3.279977997799780276e+00 -9.184542404738595067e+00
-3.279372937293729251e+00 -9.182893649014511439e+00
-3.278767876787679114e+00 -9.181244923905882871e+00
-3.278162816281628089e+00 -9.179596229412698705e+00
-3.277557755775577508e+00 -9.177947565534966046e+00
-3.276952695269526927e+00 -9.176298932272677789e+00
-3.276347634763476346e+00 -9.174650329625841039e+00
-3.275742574257425765e+00 -9.173001757594452243e+00
-3.275137513751375185e+00 -9.171353216178509626e+00
-3.274532453245324604e+00 -9.169704705378016740e+00
-3.273927392739274023e+00 -9.168056225192973585e+00
-3.273322332233223442e+00 -9.166407775623380161e+00
-3.272717271727172861e+00 -9.164759356669231138e+00
-3.272112211221122280e+00 -9.163110968330531847e+00
-3.271507150715071699e+00 -9.161462610607282286e+00
-3.270902090209021118e+00 -9.159814283499480680e+00
-3.270297029702970537e+00 -9.158165987007128805e+00
-3.269691969196919956e+00 -9.156517721130223109e+00
-3.269086908690868931e+00 -9.154869485868763590e+00
-3.268481848184818794e+00 -9.153221281222759131e+00
-3.267876787678767769e+00 -9.151573107192197298e+00
-3.267271727172717188e+00 -9.149924963777086973e+00
-3.266666666666666607e+00 -9.148276850977421049e+00
-3.266061606160616027e+00 -9.146628768793208408e+00
-3.265456545654565446e+00 -9.144980717224443723e+00
-3.264851485148514865e+00 -9.143332696271125215e+00
-3.264246424642464284e+00 -9.141684705933256438e+00
-3.263641364136413703e+00 -9.140036746210833840e+00
-3.263036303630363122e+00 -9.138388817103862749e+00
-3.262431243124312541e+00 -9.136740918612337836e+00
-3.261826182618261960e+00 -9.135093050736262654e+00
-3.261221122112211379e+00 -9.133445213475635427e+00
-3.260616061606160798e+00 -9.131797406830457930e+00
-3.260011001100110217e+00 -9.130149630800724836e+00
-3.259405940594059636e+00 -9.128501885386446801e+00
-3.258800880088008611e+00 -9.126854170587611392e+00
-3.258195819581958474e+00 -9.125206486404227491e+00
-3.257590759075907449e+00 -9.123558832836289767e+00
-3.256985698569857313e+00 -9.121911209883801774e+00
-3.256380638063806288e+00 -9.120263617546761736e+00
-3.255775577557755707e+00 -9.118616055825169653e+00
-3.255170517051705126e+00 -9.116968524719025524e+00
-3.254565456545654545e+00 -9.115321024228332902e+00
-3.253960396039603964e+00 -9.113673554353086459e+00
-3.253355335533553383e+00 -9.112026115093289746e+00
-3.252750275027502802e+00 -9.110378706448939212e+00
-3.252145214521452221e+00 -9.108731328420040185e+00
-3.251540154015401640e+00 -9.107083981006585560e+00
-3.250935093509351059e+00 -9.105436664208582442e+00
-3.250330033003300478e+00 -9.103789378026027279e+00
-3.249724972497249897e+00 -9.102142122458920070e+00
-3.249119911991199317e+00 -9.100494897507262593e+00
-3.248514851485148736e+00 -9.098847703171051293e+00
-3.247909790979098155e+00 -9.097200539450289725e+00
-3.247304730473047130e+00 -9.095553406344976111e+00
-3.246699669966996993e+00 -9.093906303855110451e+00
-3.246094609460945968e+00 -9.092259231980694523e+00
-3.245489548954895831e+00 -9.090612190721726549e+00
-3.244884488448844806e+00 -9.088965180078204753e+00
-3.244279427942794225e+00 -9.087318200050134465e+00
-3.243674367436743644e+00 -9.085671250637512131e+00
-3.243069306930693063e+00 -9.084024331840337751e+00
-3.242464246424642482e+00 -9.082377443658611327e+00
-3.241859185918591901e+00 -9.080730586092334633e+00
-3.241254125412541320e+00 -9.079083759141505894e+00
-3.240649064906490739e+00 -9.077436962806125109e+00
-3.240044004400440159e+00 -9.075790197086194055e+00
-3.239438943894389578e+00 -9.074143461981709180e+00
-3.238833883388338997e+00 -9.072496757492672259e+00
-3.238228822882288416e+00 -9.070850083619086845e+00
-3.237623762376237835e+00 -9.069203440360947610e+00
-3.237018701870187254e+00 -9.067556827718258106e+00
-3.236413641364136673e+00 -9.065910245691016556e+00
-3.235808580858085648e+00 -9.064263694279221184e+00
-3.235203520352035511e+00 -9.062617173482877320e+00
-3.234598459845984486e+00 -9.060970683301979633e+00
-3.233993399339934349e+00 -9.059324223736533455e+00
-3.233388338833883324e+00 -9.057677794786533454e+00
-3.232783278327832743e+00 -9.056031396451979631e+00
-3.232178217821782162e+00 -9.054385028732877316e+00
-3.231573157315731581e+00 -9.052738691629224732e+00
-3.230968096809681001e+00 -9.051092385141018326e+00
-3.230363036303630420e+00 -9.049446109268259875e+00
-3.229757975797579839e+00 -9.047799864010952930e+00
-3.229152915291529258e+00 -9.046153649369090388e+00
-3.228547854785478677e+00 -9.044507465342679353e+00
-3.227942794279428096e+00 -9.042861311931714496e+00
-3.227337733773377515e+00 -9.041215189136199371e+00
-3.226732673267326934e+00 -9.039569096956132199e+00
-3.226127612761276353e+00 -9.037923035391514759e+00
-3.225522552255225328e+00 -9.036277004442341720e+00
-3.224917491749175191e+00 -9.034631004108621966e+00
-3.224312431243124166e+00 -9.032985034390348389e+00
-3.223707370737074029e+00 -9.031339095287522767e+00
-3.223102310231023004e+00 -9.029693186800146876e+00
-3.222497249724972423e+00 -9.028047308928218939e+00
-3.221892189218921843e+00 -9.026401461671738957e+00
-3.221287128712871262e+00 -9.024755645030706930e+00
-3.220682068206820681e+00 -9.023109859005126410e+00
-3.220077007700770100e+00 -9.021464103594990291e+00
-3.219471947194719519e+00 -9.019818378800303904e+00
-3.218866886688668938e+00 -9.018172684621067248e+00
-3.218261826182618357e+00 -9.016527021057276770e+00
-3.217656765676567776e+00 -9.014881388108937799e+00
-3.217051705170517195e+00 -9.013235785776045006e+00
-3.216446644664466614e+00 -9.011590214058600168e+00
-3.215841584158416033e+00 -9.009944672956606837e+00
-3.215236523652365452e+00 -9.008299162470057908e+00
-3.214631463146314871e+00 -9.006653682598960486e+00
-3.214026402640263846e+00 -9.005008233343309243e+00
-3.213421342134213710e+00 -9.003362814703109507e+00
-3.212816281628162685e+00 -9.001717426678355949e+00
-3.212211221122112548e+00 -9.000072069269050345e+00
-3.211606160616061523e+00 -8.998426742475192697e+00
-3.211001100110010942e+00 -8.996781446296784779e+00
-3.210396039603960361e+00 -8.995136180733824816e+00
-3.209790979097909780e+00 -8.993490945786316360e+00
-3.209185918591859199e+00 -8.991845741454252305e+00
-3.208580858085808618e+00 -8.990200567737636206e+00
-3.207975797579758037e+00 -8.988555424636471614e+00
-3.207370737073707456e+00 -8.986910312150756752e+00
-3.206765676567656875e+00 -8.985265230280486293e+00
-3.206160616061606294e+00 -8.983620179025665564e+00
-3.205555555555555713e+00 -8.981975158386292790e+00
-3.204950495049505133e+00 -8.980330168362369747e+00
-3.204345434543454552e+00 -8.978685208953894659e+00
-3.203740374037403971e+00 -8.977040280160867525e+00
-3.203135313531353390e+00 -8.975395381983288345e+00
-3.202530253025302365e+00 -8.973750514421157121e+00
-3.201925192519252228e+00 -8.972105677474477403e+00
-3.201320132013201203e+00 -8.970460871143242088e+00
-3.200715071507151066e+00 -8.968816095427458279e+00
-3.200110011001100041e+00 -8.967171350327120649e+00
-3.199504950495049460e+00 -8.965526635842234526e+00
-3.198899889988998879e+00 -8.963881951972792805e+00
-3.198294829482948298e+00 -8.962237298718804368e+00
-3.197689768976897717e+00 -8.960592676080260333e+00
-3.197084708470847136e+00 -8.958948084057166028e+00
-3.196479647964796555e+00 -8.957303522649521454e+00
-3.195874587458745975e+00 -8.955658991857323059e+00
-3.195269526952695394e+00 -8.954014491680574395e+00
-3.194664466446644813e+00 -8.952370022119271908e+00
-3.194059405940594232e+00 -8.950725583173422706e+00
-3.193454345434543651e+00 -8.949081174843017905e+00
-3.192849284928493070e+00 -8.947436797128062835e+00
-3.192244224422442489e+00 -8.945792450028557496e+00
-3.191639163916391908e+00 -8.944148133544496559e+00
-3.191034103410340883e+00 -8.942503847675887130e+00
-3.190429042904290746e+00 -8.940859592422725655e+00
-3.189823982398239721e+00 -8.939215367785010358e+00
-3.189218921892189140e+00 -8.937571173762746568e+00
-3.188613861386138559e+00 -8.935927010355930733e+00
-3.188008800880087978e+00 -8.934282877564562853e+00
-3.187403740374037397e+00 -8.932638775388642927e+00
-3.186798679867986817e+00 -8.930994703828172732e+00
-3.186193619361936236e+00 -8.929350662883148715e+00
-3.185588558855885655e+00 -8.927706652553574429e+00
-3.184983498349835074e+00 -8.926062672839449874e+00
-3.184378437843784493e+00 -8.924418723740771497e+00
-3.183773377337733912e+00 -8.922774805257542852e+00
-3.183168316831683331e+00 -8.921130917389762160e+00
-3.182563256325632750e+00 -8.919487060137431200e+00
-3.181958195819582169e+00 -8.917843233500546418e+00
-3.181353135313531588e+00 -8.916199437479113143e+00
-3.180748074807480563e+00 -8.914555672073122494e+00
-3.180143014301430426e+00 -8.912911937282585129e+00
-3.179537953795379401e+00 -8.911268233107495718e+00
-3.178932893289329265e+00 -8.909624559547856038e+00
-3.178327832783278240e+00 -8.907980916603660759e+00
-3.177722772277227659e+00 -8.906337304274916988e+00
-3.177117711771177078e+00 -8.904693722561619396e+00
-3.176512651265126497e+00 -8.903050171463773310e+00
-3.175907590759075916e+00 -8.901406650981371627e+00
-3.175302530253025335e+00 -8.899763161114421450e+00
-3.174697469746974754e+00 -8.898119701862917452e+00
-3.174092409240924173e+00 -8.896476273226864961e+00
-3.173487348734873592e+00 -8.894832875206258649e+00
-3.172882288228823011e+00 -8.893189507801102067e+00
-3.172277227722772430e+00 -8.891546171011393440e+00
-3.171672167216721849e+00 -8.889902864837132768e+00
-3.171067106710671268e+00 -8.888259589278321826e+00
-3.170462046204620687e+00 -8.886616344334957063e+00
-3.169856985698570107e+00 -8.884973130007042030e+00
-3.169251925192519082e+00 -8.883329946294573176e+00
-3.168646864686468945e+00 -8.881686793197555829e+00
-3.168041804180417920e+00 -8.880043670715986437e+00
-3.167436743674367783e+00 -8.878400578849864999e+00
-3.166831683168316758e+00 -8.876757517599191516e+00
-3.166226622662266177e+00 -8.875114486963965987e+00
-3.165621562156215596e+00 -8.873471486944190190e+00
-3.165016501650165015e+00 -8.871828517539864123e+00
-3.164411441144114434e+00 -8.870185578750982458e+00
-3.163806380638063853e+00 -8.868542670577552300e+00
-3.163201320132013272e+00 -8.866899793019570097e+00
-3.162596259625962691e+00 -8.865256946077035849e+00
-3.161991199119912110e+00 -8.863614129749951331e+00
-3.161386138613861529e+00 -8.861971344038312992e+00
-3.160781078107810949e+00 -8.860328588942122607e+00
-3.160176017601760368e+00 -8.858685864461383730e+00
-3.159570957095709787e+00 -8.857043170596091031e+00
-3.158965896589659206e+00 -8.855400507346246286e+00
-3.158360836083608625e+00 -8.853757874711853049e+00
-3.157755775577557600e+00 -8.852115272692904213e+00
-3.157150715071507463e+00 -8.850472701289408661e+00
-3.156545654565456438e+00 -8.848830160501355735e+00
-3.155940594059406301e+00 -8.847187650328756092e+00
-3.155335533553355276e+00 -8.845545170771600851e+00
-3.154730473047304695e+00 -8.843902721829897118e+00
-3.154125412541254114e+00 -8.842260303503639562e+00
-3.153520352035203533e+00 -8.840617915792833514e+00
-3.152915291529152952e+00 -8.838975558697473645e+00
-3.152310231023102371e+00 -8.837333232217561729e+00
-3.151705170517051791e+00 -8.835690936353101321e+00
-3.151100110011001210e+00 -8.834048671104085315e+00
-3.150495049504950629e+00 -8.832406436470520816e+00
-3.149889988998900048e+00 -8.830764232452402496e+00
-3.149284928492849467e+00 -8.829122059049733906e+00
-3.148679867986798886e+00 -8.827479916262515047e+00
-3.148074807480748305e+00 -8.825837804090742367e+00
-3.147469746974697724e+00 -8.824195722534419417e+00
-3.146864686468647143e+00 -8.822553671593544422e+00
-3.146259625962596118e+00 -8.820911651268115605e+00
-3.145654565456545981e+00 -8.819269661558138296e+00
-3.145049504950494956e+00 -8.817627702463608941e+00
-3.144444444444444375e+00 -8.815985773984525764e+00
-3.143839383938393794e+00 -8.814343876120894095e+00
-3.143234323432343214e+00 -8.812702008872708603e+00
-3.142629262926292633e+00 -8.811060172239972843e+00
-3.142024202420242052e+00 -8.809418366222685037e+00
-3.141419141914191471e+00 -8.807776590820846963e+00
-3.140814081408140890e+00 -8.806134846034455066e+00
-3.140209020902090309e+00 -8.804493131863512900e+00
-3.139603960396039728e+00 -8.802851448308018689e+00
-3.138998899889989147e+00 -8.801209795367970656e+00
-3.138393839383938566e+00 -8.799568173043375907e+00
-3.137788778877887985e+00 -8.797926581334225560e+00
-3.137183718371837404e+00 -8.796285020240526720e+00
-3.136578657865786823e+00 -8.794643489762272281e+00
-3.135973597359735798e+00 -8.793001989899469351e+00
-3.135368536853685661e+00 -8.791360520652116151e+00
-3.134763476347634636e+00 -8.789719082020209129e+00
-3.134158415841584500e+00 -8.788077674003751838e+00
-3.133553355335533475e+00 -8.786436296602740725e+00
-3.132948294829482894e+00 -8.784794949817179344e+00
-3.132343234323432313e+00 -8.783153633647067693e+00
-3.131738173817381732e+00 -8.781512348092400444e+00
-3.131133113311331151e+00 -8.779871093153186479e+00
-3.130528052805280570e+00 -8.778229868829416915e+00
-3.129922992299229989e+00 -8.776588675121098859e+00
-3.129317931793179408e+00 -8.774947512028226981e+00
-3.128712871287128827e+00 -8.773306379550806611e+00
-3.128107810781078246e+00 -8.771665277688830642e+00
-3.127502750275027665e+00 -8.770024206442306181e+00
-3.126897689768977084e+00 -8.768383165811227897e+00
-3.126292629262926503e+00 -8.766742155795601121e+00
-3.125687568756875923e+00 -8.765101176395418747e+00
-3.125082508250825342e+00 -8.763460227610687880e+00
-3.124477447744774317e+00 -8.761819309441403192e+00
-3.123872387238724180e+00 -8.760178421887568234e+00
-3.123267326732673155e+00 -8.758537564949181231e+00
-3.122662266226623018e+00 -8.756896738626243959e+00
-3.122057205720571993e+00 -8.755255942918752865e+00
-3.121452145214521412e+00 -8.753615177826709726e+00
-3.120847084708470831e+00 -8.751974443350118094e+00
-3.120242024202420250e+00 -8.750333739488974416e+00
-3.119636963696369669e+00 -8.748693066243280470e+00
-3.119031903190319088e+00 -8.747052423613030925e+00
-3.118426842684268507e+00 -8.745411811598232887e+00
-3.117821782178217926e+00 -8.743771230198881028e+00
-3.117216721672167346e+00 -8.742130679414978900e+00
-3.116611661166116765e+00 -8.740490159246522950e+00
-3.116006600660066184e+00 -8.738849669693520283e+00
-3.115401540154015603e+00 -8.737209210755962019e+00
-3.114796479647965022e+00 -8.735568782433855262e+00
-3.114191419141914441e+00 -8.733928384727192906e+00
-3.113586358635863860e+00 -8.732288017635982058e+00
-3.112981298129812835e+00 -8.730647681160217388e+00
-3.112376237623762698e+00 -8.729007375299904226e+00
-3.111771177117711673e+00 -8.727367100055035465e+00
-3.111166116611661536e+00 -8.725726855425619988e+00
-3.110561056105610511e+00 -8.724086641411648912e+00
-3.109955995599559930e+00 -8.722446458013125792e+00
-3.109350935093509349e+00 -8.720806305230054178e+00
-3.108745874587458768e+00 -8.719166183062428743e+00
-3.108140814081408188e+00 -8.717526091510253039e+00
-3.107535753575357607e+00 -8.715886030573525289e+00
-3.106930693069307026e+00 -8.714246000252245494e+00
-3.106325632563256445e+00 -8.712606000546415430e+00
-3.105720572057205864e+00 -8.710966031456031544e+00
-3.105115511551155283e+00 -8.709326092981097389e+00
-3.104510451045104702e+00 -8.707686185121612965e+00
-3.103905390539054121e+00 -8.706046307877578272e+00
-3.103300330033003540e+00 -8.704406461248986204e+00
-3.102695269526952515e+00 -8.702766645235847420e+00
-3.102090209020902378e+00 -8.701126859838154814e+00
-3.101485148514851353e+00 -8.699487105055911940e+00
-3.100880088008801216e+00 -8.697847380889118796e+00
-3.100275027502750191e+00 -8.696207687337770054e+00
-3.099669966996699610e+00 -8.694568025178552872e+00
-3.099064906490649030e+00 -8.692928398316464467e+00
-3.098459845984598449e+00 -8.691288807290867169e+00
-3.097854785478547868e+00 -8.689649252101755650e+00
-3.097249724972497287e+00 -8.688009732749135239e+00
-3.096644664466446706e+00 -8.686370249233004159e+00
-3.096039603960396125e+00 -8.684730801553360635e+00
-3.095434543454345544e+00 -8.683091389710206442e+00
-3.094829482948294963e+00 -8.681452013703543358e+00
-3.094224422442244382e+00 -8.679812673533367828e+00
-3.093619361936193801e+00 -8.678173369199681630e+00
-3.093014301430143220e+00 -8.676534100702486541e+00
-3.092409240924092639e+00 -8.674894868041779006e+00
-3.091804180418042058e+00 -8.673255671217560803e+00
-3.091199119911991033e+00 -8.671616510229830155e+00
-3.090594059405940897e+00 -8.669977385078592391e+00
-3.089988998899889872e+00 -8.668338295763842183e+00
-3.089383938393839735e+00 -8.666699242285581306e+00
-3.088778877887788710e+00 -8.665060224643807985e+00
-3.088173817381738129e+00 -8.663421242838523995e+00
-3.087568756875687548e+00 -8.661782296869732889e+00
-3.086963696369636967e+00 -8.660143386737427562e+00
-3.086358635863586386e+00 -8.658504512441613343e+00
-3.085753575357535805e+00 -8.656865673982286680e+00
-3.085148514851485224e+00 -8.655226871359449348e+00
-3.084543454345434643e+00 -8.653588104573104900e+00
-3.083938393839384062e+00 -8.651949373623246231e+00
-3.083333333333333481e+00 -8.650310678509878670e+00
-3.082728272827282900e+00 -8.648672019232996888e+00
-3.082123212321232320e+00 -8.647033395792606214e+00
-3.081518151815181739e+00 -8.645394808188706648e+00
-3.080913091309131158e+00 -8.643756256421294637e+00
-3.080308030803080577e+00 -8.642117740490371958e+00
-3.079702970297029552e+00 -8.640479260395936834e+00
-3.079097909790979415e+00 -8.638840816137994594e+00
-3.078492849284928390e+00 -8.637202407716538133e+00
-3.077887788778878253e+00 -8.635564035131572780e+00
-3.077282728272827228e+00 -8.633925698383094982e+00
-3.076677667766776647e+00 -8.632287397471110069e+00
-3.076072607260726066e+00 -8.630649132395609158e+00
-3.075467546754675485e+00 -8.629010903156604684e+00
-3.074862486248624904e+00 -8.627372709754082436e+00
-3.074257425742574323e+00 -8.625734552188053073e+00
-3.073652365236523742e+00 -8.624096430458511264e+00
-3.073047304730473162e+00 -8.622458344565460564e+00
-3.072442244224422581e+00 -8.620820294508899195e+00
-3.071837183718372000e+00 -8.619182280288823605e+00
-3.071232123212321419e+00 -8.617544301905239124e+00
-3.070627062706270838e+00 -8.615906359358145750e+00
-3.070022002200220257e+00 -8.614268452647538155e+00
-3.069416941694169676e+00 -8.612630581773423444e+00
-3.068811881188119095e+00 -8.610992746735796288e+00
-3.068206820682068070e+00 -8.609354947534654912e+00
-3.067601760176017933e+00 -8.607717184170009972e+00
-3.066996699669966908e+00 -8.606079456641849035e+00
-3.066391639163916327e+00 -8.604441764950179206e+00
-3.065786578657865746e+00 -8.602804109094996932e+00
-3.065181518151815165e+00 -8.601166489076307542e+00
-3.064576457645764584e+00 -8.599528904894102155e+00
-3.063971397139714004e+00 -8.597891356548389652e+00
-3.063366336633663423e+00 -8.596253844039166481e+00
-3.062761276127612842e+00 -8.594616367366430865e+00
-3.062156215621562261e+00 -8.592978926530188133e+00
-3.061551155115511680e+00 -8.591341521530429404e+00
-3.060946094609461099e+00 -8.589704152367165335e+00
-3.060341034103410518e+00 -8.588066819040385269e+00
-3.059735973597359937e+00 -8.586429521550096311e+00
-3.059130913091309356e+00 -8.584792259896296684e+00
-3.058525852585258775e+00 -8.583155034078986390e+00
-3.057920792079207750e+00 -8.581517844098163650e+00
-3.057315731573157613e+00 -8.579880689953833794e+00
-3.056710671067106588e+00 -8.578243571645991494e+00
-3.056105610561056452e+00 -8.576606489174638526e+00
-3.055500550055005426e+00 -8.574969442539773112e+00
-3.054895489548954846e+00 -8.573332431741398807e+00
-3.054290429042904265e+00 -8.571695456779513833e+00
-3.053685368536853684e+00 -8.570058517654118191e+00
-3.053080308030803103e+00 -8.568421614365210104e+00
-3.052475247524752522e+00 -8.566784746912791348e+00
-3.051870187018701941e+00 -8.565147915296863701e+00
-3.051265126512651360e+00 -8.563511119517425385e+00
-3.050660066006600779e+00 -8.561874359574474624e+00
-3.050055005500550198e+00 -8.560237635468013195e+00
-3.049449944994499617e+00 -8.558600947198041098e+00
-3.048844884488449036e+00 -8.556964294764558332e+00
-3.048239823982398455e+00 -8.555327678167564898e+00
-3.047634763476347874e+00 -8.553691097407062571e+00
-3.047029702970297294e+00 -8.552054552483047800e+00
-3.046424642464246269e+00 -8.550418043395520584e+00
-3.045819581958196132e+00 -8.548781570144484476e+00
-3.045214521452145107e+00 -8.547145132729937700e+00
-3.044609460946094970e+00 -8.545508731151880255e+00
-3.044004400440043945e+00 -8.543872365410310366e+00
-3.043399339933993364e+00 -8.542236035505231584e+00
-3.042794279427942783e+00 -8.540599741436642134e+00
-3.042189218921892202e+00 -8.538963483204540239e+00
-3.041584158415841621e+00 -8.537327260808929452e+00
-3.040979097909791040e+00 -8.535691074249807997e+00
-3.040374037403740459e+00 -8.534054923527174097e+00
-3.039768976897689878e+00 -8.532418808641031305e+00
-3.039163916391639297e+00 -8.530782729591376068e+00
-3.038558855885588716e+00 -8.529146686378211939e+00
-3.037953795379538136e+00 -8.527510679001533589e+00
-3.037348734873487555e+00 -8.525874707461346347e+00
-3.036743674367436974e+00 -8.524238771757650213e+00
-3.036138613861386393e+00 -8.522602871890441634e+00
-3.035533553355335812e+00 -8.520967007859722386e+00
-3.034928492849284787e+00 -8.519331179665492471e+00
-3.034323432343234650e+00 -8.517695387307750110e+00
-3.033718371837183625e+00 -8.516059630786498857e+00
-3.033113311331133488e+00 -8.514423910101738713e+00
-3.032508250825082463e+00 -8.512788225253464347e+00
-3.031903190319031882e+00 -8.511152576241679313e+00
-3.031298129812981301e+00 -8.509516963066385387e+00
-3.030693069306930720e+00 -8.507881385727580792e+00
-3.030088008800880139e+00 -8.506245844225263752e+00
-3.029482948294829558e+00 -8.504610338559437821e+00
-3.028877887788778978e+00 -8.502974868730097668e+00
-3.028272827282728397e+00 -8.501339434737250400e+00
-3.027667766776677816e+00 -8.499704036580890687e+00
-3.027062706270627235e+00 -8.498068674261022082e+00
-3.026457645764576654e+00 -8.496433347777639256e+00
-3.025852585258526073e+00 -8.494798057130749314e+00
-3.025247524752475492e+00 -8.493162802320346927e+00
-3.024642464246424911e+00 -8.491527583346433872e+00
-3.024037403740374330e+00 -8.489892400209010148e+00
-3.023432343234323305e+00 -8.488257252908073980e+00
-3.022827282728273168e+00 -8.486622141443630696e+00
-3.022222222222222143e+00 -8.484987065815673191e+00
-3.021617161716171562e+00 -8.483352026024206793e+00
-3.021012101210120981e+00 -8.481717022069227951e+00
-3.020407040704070400e+00 -8.480082053950740217e+00
-3.019801980198019820e+00 -8.478447121668740039e+00
-3.019196919691969239e+00 -8.476812225223230968e+00
-3.018591859185918658e+00 -8.475177364614211228e+00
-3.017986798679868077e+00 -8.473542539841679044e+00
-3.017381738173817496e+00 -8.471907750905636192e+00
-3.016776677667766915e+00 -8.470272997806084447e+00
-3.016171617161716334e+00 -8.468638280543020258e+00
-3.015566556655665753e+00 -8.467003599116445400e+00
-3.014961496149615172e+00 -8.465368953526359874e+00
-3.014356435643564591e+00 -8.463734343772763680e+00
-3.013751375137514010e+00 -8.462099769855656817e+00
-3.013146314631462985e+00 -8.460465231775037509e+00
-3.012541254125412848e+00 -8.458830729530909309e+00
-3.011936193619361823e+00 -8.457196263123272217e+00
-3.011331133113311687e+00 -8.455561832552122681e+00
-3.010726072607260662e+00 -8.453927437817460699e+00
-3.010121012101210081e+00 -8.452293078919289826e+00
-3.009515951595159500e+00 -8.450658755857606508e+00
-3.008910891089108919e+00 -8.449024468632414298e+00
-3.008305830583058338e+00 -8.447390217243709643e+00
-3.007700770077007757e+00 -8.445756001691496095e+00
-3.007095709570957176e+00 -8.444121821975771880e+00
-3.006490649064906595e+00 -8.442487678096536996e+00
-3.005885588558856014e+00 -8.440853570053789667e+00
-3.005280528052805433e+00 -8.439219497847531670e+00
-3.004675467546754852e+00 -8.437585461477763005e+00
-3.004070407040704271e+00 -8.435951460944483671e+00
-3.003465346534653690e+00 -8.434317496247693668e+00
-3.002860286028603110e+00 -8.432683567387392998e+00
-3.002255225522552529e+00 -8.431049674363581659e+00
-3.001650165016501504e+00 -8.429415817176259651e+00
-3.001045104510451367e+00 -8.427781995825426975e+00
-3.000440044004400342e+00 -8.426148210311081854e+00
-2.999834983498350205e+00 -8.424514460633227841e+00
-2.999229922992299180e+00 -8.422880746791863160e+00
-2.998624862486249043e+00 -8.421247068786987811e+00
-2.998019801980198018e+00 -8.419613426618600016e+00
-2.997414741474147437e+00 -8.417979820286703330e+00
-2.996809680968096856e+00 -8.416346249791294198e+00
-2.996204620462046275e+00 -8.414712715132376175e+00
-2.995599559955995694e+00 -8.413079216309945707e+00
-2.994994499449945113e+00 -8.411445753324006347e+00
-2.994389438943894532e+00 -8.409812326174554542e+00
-2.993784378437843952e+00 -8.408178934861592069e+00
-2.993179317931793371e+00 -8.406545579385118927e+00
-2.992574257425742790e+00 -8.404912259745135117e+00
-2.991969196919692209e+00 -8.403278975941642415e+00
-2.991364136413641184e+00 -8.401645727974635491e+00
-2.990759075907591047e+00 -8.400012515844121452e+00
-2.990154015401540022e+00 -8.398379339550093192e+00
-2.989548954895489885e+00 -8.396746199092556040e+00
-2.988943894389438860e+00 -8.395113094471508219e+00
-2.988338833883388723e+00 -8.393480025686949730e+00
-2.987733773377337698e+00 -8.391846992738877020e+00
-2.987128712871287561e+00 -8.390213995627297194e+00
-2.986523652365236536e+00 -8.388581034352204924e+00
-2.985918591859185955e+00 -8.386948108913603761e+00
-2.985313531353135375e+00 -8.385315219311490154e+00
-2.984708470847084794e+00 -8.383682365545865878e+00
-2.984103410341034213e+00 -8.382049547616732710e+00
-2.983498349834983632e+00 -8.380416765524087097e+00
-2.982893289328933051e+00 -8.378784019267932592e+00
-2.982288228822882470e+00 -8.377151308848265643e+00
-2.981683168316831889e+00 -8.375518634265088025e+00
-2.981078107810780864e+00 -8.373885995518399739e+00
-2.980473047304730727e+00 -8.372253392608202560e+00
-2.979867986798679702e+00 -8.370620825534491161e+00
-2.979262926292629565e+00 -8.368988294297270869e+00
-2.978657865786578540e+00 -8.367355798896538133e+00
-2.978052805280528403e+00 -8.365723339332298281e+00
-2.977447744774477378e+00 -8.364090915604544207e+00
-2.976842684268427242e+00 -8.362458527713281242e+00
-2.976237623762376217e+00 -8.360826175658505832e+00
-2.975632563256325636e+00 -8.359193859440221530e+00
-2.975027502750275055e+00 -8.357561579058424783e+00
-2.974422442244224474e+00 -8.355929334513119144e+00
-2.973817381738173893e+00 -8.354297125804301061e+00
-2.973212321232123312e+00 -8.352664952931972309e+00
-2.972607260726072731e+00 -8.351032815896132888e+00
-2.972002200220022150e+00 -8.349400714696784576e+00
-2.971397139713971569e+00 -8.347768649333923818e+00
-2.970792079207920988e+00 -8.346136619807554169e+00
-2.970187018701870407e+00 -8.344504626117672075e+00
-2.969581958195819382e+00 -8.342872668264277536e+00
-2.968976897689769245e+00 -8.341240746247375881e+00
-2.968371837183718220e+00 -8.339608860066960005e+00
-2.967766776677668084e+00 -8.337977009723035238e+00
-2.967161716171617059e+00 -8.336345195215598025e+00
-2.966556655665566922e+00 -8.334713416544653697e+00
-2.965951595159515897e+00 -8.333081673710195147e+00
-2.965346534653465760e+00 -8.331449966712229482e+00
-2.964741474147414735e+00 -8.329818295550747820e+00
-2.964136413641364154e+00 -8.328186660225759042e+00
-2.963531353135313573e+00 -8.326555060737259595e+00
-2.962926292629262992e+00 -8.324923497085247703e+00
-2.962321232123212411e+00 -8.323291969269725143e+00
-2.961716171617161830e+00 -8.321660477290691915e+00
-2.961111111111111249e+00 -8.320029021148149795e+00
-2.960506050605060668e+00 -8.318397600842095230e+00
-2.959900990099010087e+00 -8.316766216372528220e+00
-2.959295929592959506e+00 -8.315134867739452318e+00
-2.958690869086908926e+00 -8.313503554942867524e+00
-2.958085808580857901e+00 -8.311872277982768509e+00
-2.957480748074807764e+00 -8.310241036859162378e+00
-2.956875687568756739e+00 -8.308609831572042026e+00
-2.956270627062706602e+00 -8.306978662121412782e+00
-2.955665566556655577e+00 -8.305347528507272870e+00
-2.955060506050605440e+00 -8.303716430729622289e+00
-2.954455445544554415e+00 -8.302085368788461039e+00
-2.953850385038504278e+00 -8.300454342683789122e+00
-2.953245324532453253e+00 -8.298823352415602983e+00
-2.952640264026402672e+00 -8.297192397983909729e+00
-2.952035203520352091e+00 -8.295561479388705806e+00
-2.951430143014301510e+00 -8.293930596629989438e+00
-2.950825082508250929e+00 -8.292299749707762402e+00
-2.950220022002200349e+00 -8.290668938622024697e+00
-2.949614961496149768e+00 -8.289038163372778101e+00
-2.949009900990099187e+00 -8.287407423960019059e+00
-2.948404840484048606e+00 -8.285776720383749350e+00
-2.947799779977997581e+00 -8.284146052643968972e+00
-2.947194719471947444e+00 -8.282515420740679701e+00
-2.946589658965896419e+00 -8.280884824673876210e+00
-2.945984598459846282e+00 -8.279254264443565603e+00
-2.945379537953795257e+00 -8.277623740049740775e+00
-2.944774477447745120e+00 -8.275993251492405278e+00
-2.944169416941694095e+00 -8.274362798771560890e+00
-2.943564356435643958e+00 -8.272732381887207609e+00
-2.942959295929592933e+00 -8.271102000839338331e+00
-2.942354235423542796e+00 -8.269471655627963713e+00
-2.941749174917491771e+00 -8.267841346253074875e+00
-2.941144114411441191e+00 -8.266211072714675367e+00
-2.940539053905390610e+00 -8.264580835012765192e+00
-2.939933993399340029e+00 -8.262950633147344348e+00
-2.939328932893289448e+00 -8.261320467118414612e+00
-2.938723872387238867e+00 -8.259690336925972431e+00
-2.938118811881188286e+00 -8.258060242570021359e+00
-2.937513751375137705e+00 -8.256430184050556065e+00
-2.936908690869087124e+00 -8.254800161367583655e+00
-2.936303630363036099e+00 -8.253170174521095248e+00
-2.935698569856985962e+00 -8.251540223511103278e+00
-2.935093509350934937e+00 -8.249910308337595310e+00
-2.934488448844884800e+00 -8.248280429000580227e+00
-2.933883388338833775e+00 -8.246650585500050923e+00
-2.933278327832783638e+00 -8.245020777836010950e+00
-2.932673267326732613e+00 -8.243391006008462085e+00
-2.932068206820682477e+00 -8.241761270017402552e+00
-2.931463146314631452e+00 -8.240131569862828798e+00
-2.930858085808580871e+00 -8.238501905544747927e+00
-2.930253025302530290e+00 -8.236872277063156389e+00
-2.929647964796479709e+00 -8.235242684418052406e+00
-2.929042904290429128e+00 -8.233613127609439530e+00
-2.928437843784378547e+00 -8.231983606637314210e+00
-2.927832783278327966e+00 -8.230354121501678222e+00
-2.927227722772277385e+00 -8.228724672202531565e+00
-2.926622662266226804e+00 -8.227095258739876016e+00
-2.926017601760176223e+00 -8.225465881113708022e+00
-2.925412541254125642e+00 -8.223836539324029360e+00
-2.924807480748074617e+00 -8.222207233370838253e+00
-2.924202420242024481e+00 -8.220577963254140030e+00
-2.923597359735973455e+00 -8.218948728973927587e+00
-2.922992299229923319e+00 -8.217319530530208027e+00
-2.922387238723872294e+00 -8.215690367922974247e+00
-2.921782178217822157e+00 -8.214061241152231574e+00
-2.921177117711771132e+00 -8.212432150217976456e+00
-2.920572057205720995e+00 -8.210803095120212447e+00
-2.919966996699669970e+00 -8.209174075858935993e+00
-2.919361936193619389e+00 -8.207545092434150646e+00
-2.918756875687568808e+00 -8.205916144845854632e+00
-2.918151815181518227e+00 -8.204287233094044396e+00
-2.917546754675467646e+00 -8.202658357178728821e+00
-2.916941694169417065e+00 -8.201029517099897248e+00
-2.916336633663366484e+00 -8.199400712857558560e+00
-2.915731573157315903e+00 -8.197771944451705650e+00
-2.915126512651265323e+00 -8.196143211882345625e+00
-2.914521452145214742e+00 -8.194514515149473155e+00
-2.913916391639164161e+00 -8.192885854253090017e+00
-2.913311331133113136e+00 -8.191257229193194433e+00
-2.912706270627062999e+00 -8.189628639969789958e+00
-2.912101210121011974e+00 -8.188000086582874815e+00
-2.911496149614961837e+00 -8.186371569032449003e+00
-2.910891089108910812e+00 -8.184743087318512522e+00
-2.910286028602860675e+00 -8.183114641441063597e+00
-2.909680968096809650e+00 -8.181486231400105780e+00
-2.909075907590759513e+00 -8.179857857195635518e+00
-2.908470847084708488e+00 -8.178229518827656364e+00
-2.907865786578657907e+00 -8.176601216296164765e+00
-2.907260726072607326e+00 -8.174972949601162497e+00
-2.906655665566556745e+00 -8.173344718742649562e+00
-2.906050605060506165e+00 -8.171716523720627734e+00
-2.905445544554455584e+00 -8.170088364535093461e+00
-2.904840484048405003e+00 -8.168460241186050297e+00
-2.904235423542354422e+00 -8.166832153673492911e+00
-2.903630363036303841e+00 -8.165204101997426633e+00
-2.903025302530252816e+00 -8.163576086157849687e+00
-2.902420242024202679e+00 -8.161948106154763849e+00
-2.901815181518151654e+00 -8.160320161988163790e+00
-2.901210121012101517e+00 -8.158692253658056615e+00
-2.900605060506050492e+00 -8.157064381164435218e+00
-2.900000000000000355e+00 -8.155436544507304930e+00
-2.899394939493949330e+00 -8.153808745305131112e+00
-2.898789878987899193e+00 -8.152180985176382677e+00
-2.898184818481848168e+00 -8.150553264121059627e+00
-2.897579757975797587e+00 -8.148925582139161961e+00
-2.896974697469747007e+00 -8.147297939230689678e+00
-2.896369636963696426e+00 -8.145670335395642780e+00
-2.895764576457645845e+00 -8.144042770634023043e+00
-2.895159515951595264e+00 -8.142415244945826913e+00
-2.894554455445544683e+00 -8.140787758331057944e+00
-2.893949394939494102e+00 -8.139160310789710806e+00
-2.893344334433443521e+00 -8.137532902321794381e+00
-2.892739273927392940e+00 -8.135905532927298012e+00
-2.892134213421342359e+00 -8.134278202606232355e+00
-2.891529152915291334e+00 -8.132650911358588530e+00
-2.890924092409241197e+00 -8.131023659184370089e+00
-2.890319031903190172e+00 -8.129396446083578809e+00
-2.889713971397140035e+00 -8.127769272056211136e+00
-2.889108910891089010e+00 -8.126142137102268848e+00
-2.888503850385038874e+00 -8.124515041221755496e+00
-2.887898789878987849e+00 -8.122887984414663975e+00
-2.887293729372937712e+00 -8.121260966680999616e+00
-2.886688668866886687e+00 -8.119633988020758864e+00
-2.886083608360836106e+00 -8.118007048433947048e+00
-2.885478547854785525e+00 -8.116380147920555288e+00
-2.884873487348734944e+00 -8.114753286480592465e+00
-2.884268426842684363e+00 -8.113126464114055025e+00
-2.883663366336633782e+00 -8.111499680820942970e+00
-2.883058305830583201e+00 -8.109872936601256299e+00
-2.882453245324532620e+00 -8.108246231454995012e+00
-2.881848184818482039e+00 -8.106619565382160886e+00
-2.881243124312431458e+00 -8.104992938382748591e+00
-2.880638063806380877e+00 -8.103366350456763456e+00
-2.880033003300329852e+00 -8.101739801604201929e+00
-2.879427942794279716e+00 -8.100113291825069339e+00
-2.878822882288228691e+00 -8.098486821119358581e+00
-2.878217821782178554e+00 -8.096860389487076759e+00
-2.877612761276127529e+00 -8.095233996928214992e+00
-2.877007700770077392e+00 -8.093607643442783939e+00
-2.876402640264026367e+00 -8.091981329030774717e+00
-2.875797579757976230e+00 -8.090355053692196208e+00
-2.875192519251925205e+00 -8.088728817427037754e+00
-2.874587458745874624e+00 -8.087102620235304684e+00
-2.873982398239824043e+00 -8.085476462117002328e+00
-2.873377337733773462e+00 -8.083850343072120026e+00
-2.872772277227722881e+00 -8.082224263100664885e+00
-2.872167216721672300e+00 -8.080598222202635128e+00
-2.871562156215621719e+00 -8.078972220378032532e+00
-2.870957095709571139e+00 -8.077346257626851767e+00
-2.870352035203520558e+00 -8.075720333949099938e+00
-2.869746974697469977e+00 -8.074094449344769941e+00
-2.869141914191419396e+00 -8.072468603813870658e+00
-2.868536853685368371e+00 -8.070842797356391429e+00
-2.867931793179318234e+00 -8.069217029972341138e+00
-2.867326732673267209e+00 -8.067591301661714454e+00
-2.866721672167217072e+00 -8.065965612424514930e+00
-2.866116611661166047e+00 -8.064339962260737238e+00
-2.865511551155115910e+00 -8.062714351170390259e+00
-2.864906490649064885e+00 -8.061088779153465111e+00
-2.864301430143014748e+00 -8.059463246209967124e+00
-2.863696369636963723e+00 -8.057837752339892745e+00
-2.863091309130913142e+00 -8.056212297543243750e+00
-2.862486248624862561e+00 -8.054586881820023692e+00
-2.861881188118811981e+00 -8.052961505170225465e+00
-2.861276127612761400e+00 -8.051336167593854398e+00
-2.860671067106710819e+00 -8.049710869090905163e+00
-2.860066006600660238e+00 -8.048085609661386641e+00
-2.859460946094609657e+00 -8.046460389305289951e+00
-2.858855885588559076e+00 -8.044835208022620421e+00
-2.858250825082508051e+00 -8.043210065813374499e+00
-2.857645764576457914e+00 -8.041584962677557513e+00
-2.857040704070406889e+00 -8.039959898615160583e+00
-2.856435643564356752e+00 -8.038334873626194366e+00
-2.855830583058305727e+00 -8.036709887710649980e+00
-2.855225522552255590e+00 -8.035084940868532755e+00
-2.854620462046204565e+00 -8.033460033099840913e+00
-2.854015401540154429e+00 -8.031835164404574456e+00
-2.853410341034103404e+00 -8.030210334782733383e+00
-2.852805280528052823e+00 -8.028585544234315918e+00
-2.852200220022002242e+00 -8.026960792759323837e+00
-2.851595159515951661e+00 -8.025336080357760693e+00
-2.850990099009901080e+00 -8.023711407029621157e+00
-2.850385038503850499e+00 -8.022086772774905228e+00
-2.849779977997799918e+00 -8.020462177593618236e+00
-2.849174917491749337e+00 -8.018837621485753075e+00
-2.848569856985698756e+00 -8.017213104451315075e+00
-2.847964796479648175e+00 -8.015588626490304236e+00
-2.847359735973597594e+00 -8.013964187602717004e+00
-2.846754675467546569e+00 -8.012339787788555157e+00
-2.846149614961496432e+00 -8.010715427047818693e+00
-2.845544554455445407e+00 -8.009091105380507614e+00
-2.844939493949395271e+00 -8.007466822786621918e+00
-2.844334433443344246e+00 -8.005842579266161607e+00
-2.843729372937294109e+00 -8.004218374819126680e+00
-2.843124312431243084e+00 -8.002594209445517137e+00
-2.842519251925192947e+00 -8.000970083145332978e+00
-2.841914191419141922e+00 -7.999345995918574204e+00
-2.841309130913091341e+00 -7.997721947765242589e+00
-2.840704070407040760e+00 -7.996097938685333695e+00
-2.840099009900990179e+00 -7.994473968678851961e+00
-2.839493949394939598e+00 -7.992850037745796499e+00
-2.838888888888889017e+00 -7.991226145886164645e+00
-2.838283828382838436e+00 -7.989602293099959063e+00
-2.837678767876787855e+00 -7.987978479387178865e+00
-2.837073707370737274e+00 -7.986354704747824940e+00
-2.836468646864686693e+00 -7.984730969181895510e+00
-2.835863586358636113e+00 -7.983107272689392353e+00
-2.835258525852585088e+00 -7.981483615270311027e+00
-2.834653465346534951e+00 -7.979859996924659526e+00
-2.834048404840483926e+00 -7.978236417652429857e+00
-2.833443344334433789e+00 -7.976612877453629125e+00
-2.832838283828382764e+00 -7.974989376328250223e+00
-2.832233223322332627e+00 -7.973365914276300259e+00
-2.831628162816281602e+00 -7.971742491297773014e+00
-2.831023102310231465e+00 -7.970119107392672930e+00
-2.830418041804180440e+00 -7.968495762560997342e+00
-2.829812981298129859e+00 -7.966872456802748026e+00
-2.829207920792079278e+00 -7.965249190117923206e+00
-2.828602860286028697e+00 -7.963625962506523770e+00
-2.827997799779978116e+00 -7.962002773968550606e+00
-2.827392739273927535e+00 -7.960379624504002827e+00
-2.826787678767876955e+00 -7.958756514112879543e+00
-2.826182618261826374e+00 -7.957133442795182532e+00
-2.825577557755775793e+00 -7.955510410550910017e+00
-2.824972497249724768e+00 -7.953887417380063773e+00
-2.824367436743674631e+00 -7.952264463282642915e+00
-2.823762376237623606e+00 -7.950641548258645663e+00
-2.823157315731573469e+00 -7.949018672308077349e+00
-2.822552255225522444e+00 -7.947395835430931754e+00
-2.821947194719472307e+00 -7.945773037627214208e+00
-2.821342134213421282e+00 -7.944150278896918493e+00
-2.820737073707371145e+00 -7.942527559240050827e+00
-2.820132013201320120e+00 -7.940904878656606769e+00
-2.819526952695269983e+00 -7.939282237146589871e+00
-2.818921892189218958e+00 -7.937659634709996581e+00
-2.818316831683168378e+00 -7.936037071346830452e+00
-2.817711771177117797e+00 -7.934414547057088818e+00
-2.817106710671067216e+00 -7.932792061840772568e+00
-2.816501650165016635e+00 -7.931169615697882591e+00
-2.815896589658966054e+00 -7.929547208628416222e+00
-2.815291529152915473e+00 -7.927924840632377013e+00
-2.814686468646864892e+00 -7.926302511709762300e+00
-2.814081408140814311e+00 -7.924680221860573859e+00
-2.813476347634763286e+00 -7.923057971084809026e+00
-2.812871287128713149e+00 -7.921435759382472241e+00
-2.812266226622662124e+00 -7.919813586753559065e+00
-2.811661166116611987e+00 -7.918191453198073049e+00
-2.811056105610560962e+00 -7.916569358716010640e+00
-2.810451045104510825e+00 -7.914947303307375392e+00
-2.809845984598459800e+00 -7.913325286972162864e+00
-2.809240924092409664e+00 -7.911703309710380161e+00
-2.808635863586358639e+00 -7.910081371522018401e+00
-2.808030803080308058e+00 -7.908459472407084689e+00
-2.807425742574257477e+00 -7.906837612365573698e+00
-2.806820682068206896e+00 -7.905215791397490754e+00
-2.806215621562156315e+00 -7.903594009502832307e+00
-2.805610561056105734e+00 -7.901972266681599244e+00
-2.805005500550055153e+00 -7.900350562933791565e+00
-2.804400440044004572e+00 -7.898728898259409270e+00
-2.803795379537953991e+00 -7.897107272658452359e+00
-2.803190319031903410e+00 -7.895485686130921721e+00
-2.802585258525852829e+00 -7.893864138676814690e+00
-2.801980198019801804e+00 -7.892242630296133932e+00
-2.801375137513751667e+00 -7.890621160988880334e+00
-2.800770077007700642e+00 -7.888999730755049455e+00
-2.800165016501650506e+00 -7.887378339594645738e+00
-2.799559955995599481e+00 -7.885756987507666516e+00
-2.798954895489549344e+00 -7.884135674494114454e+00
-2.798349834983498319e+00 -7.882514400553985112e+00
-2.797744774477448182e+00 -7.880893165687284707e+00
-2.797139713971397157e+00 -7.879271969894006133e+00
-2.796534653465346576e+00 -7.877650813174153832e+00
-2.795929592959295995e+00 -7.876029695527728691e+00
-2.795324532453245414e+00 -7.874408616954726270e+00
-2.794719471947194833e+00 -7.872787577455152785e+00
-2.794114411441144252e+00 -7.871166577029001132e+00
-2.793509350935093671e+00 -7.869545615676278416e+00
-2.792904290429043090e+00 -7.867924693396979308e+00
-2.792299229922992510e+00 -7.866303810191105583e+00
-2.791694169416941929e+00 -7.864682966058657243e+00
-2.791089108910891348e+00 -7.863062160999634287e+00
-2.790484048404840323e+00 -7.861441395014035827e+00
-2.789878987898790186e+00 -7.859820668101865415e+00
-2.789273927392739161e+00 -7.858199980263117723e+00
-2.788668866886689024e+00 -7.856579331497797192e+00
-2.788063806380637999e+00 -7.854958721805901156e+00
-2.787458745874587862e+00 -7.853338151187431393e+00
-2.786853685368536837e+00 -7.851717619642384349e+00
-2.786248624862486700e+00 -7.850097127170765354e+00
-2.785643564356435675e+00 -7.848476673772572632e+00
-2.785038503850385094e+00 -7.846856259447800852e+00
-2.784433443344334513e+00 -7.845235884196458898e+00
-2.783828382838283932e+00 -7.843615548018542327e+00
-2.783223322332233352e+00 -7.841995250914049365e+00
-2.782618261826182771e+00 -7.840374992882983562e+00
-2.782013201320132190e+00 -7.838754773925342256e+00
-2.781408140814081609e+00 -7.837134594041126334e+00
-2.780803080308031028e+00 -7.835514453230335796e+00
-2.780198019801980003e+00 -7.833894351492968866e+00
-2.779592959295929866e+00 -7.832274288829030873e+00
-2.778987898789878841e+00 -7.830654265238516487e+00
-2.778382838283828704e+00 -7.829034280721426597e+00
-2.777777777777777679e+00 -7.827414335277763868e+00
-2.777172717271727542e+00 -7.825794428907526523e+00
-2.776567656765676517e+00 -7.824174561610712786e+00
-2.775962596259626380e+00 -7.822554733387326209e+00
-2.775357535753575355e+00 -7.820934944237363240e+00
-2.774752475247524774e+00 -7.819315194160826543e+00
-2.774147414741474194e+00 -7.817695483157715231e+00
-2.773542354235423613e+00 -7.816075811228029302e+00
-2.772937293729373032e+00 -7.814456178371769646e+00
-2.772332233223322451e+00 -7.812836584588935374e+00
-2.771727172717271870e+00 -7.811217029879525597e+00
-2.771122112211221289e+00 -7.809597514243542093e+00
-2.770517051705170708e+00 -7.807978037680983974e+00
-2.769911991199120127e+00 -7.806358600191851238e+00
-2.769306930693069546e+00 -7.804739201776144775e+00
-2.768701870187018521e+00 -7.803119842433861031e+00
-2.768096809680968384e+00 -7.801500522165005336e+00
-2.767491749174917359e+00 -7.799881240969573248e+00
-2.766886688668867222e+00 -7.798261998847566545e+00
-2.766281628162816197e+00 -7.796642795798986114e+00
-2.765676567656766061e+00 -7.795023631823831956e+00
-2.765071507150715036e+00 -7.793404506922102293e+00
-2.764466446644664899e+00 -7.791785421093798902e+00
-2.763861386138613874e+00 -7.790166374338918232e+00
-2.763256325632563293e+00 -7.788547366657464721e+00
-2.762651265126512712e+00 -7.786928398049436595e+00
-2.762046204620462131e+00 -7.785309468514833853e+00
-2.761441144114411550e+00 -7.783690578053657383e+00
-2.760836083608360969e+00 -7.782071726665906297e+00
-2.760231023102310388e+00 -7.780452914351579707e+00
-2.759625962596259807e+00 -7.778834141110679390e+00
-2.759020902090209226e+00 -7.777215406943202680e+00
-2.758415841584158645e+00 -7.775596711849151355e+00
-2.757810781078108064e+00 -7.773978055828528966e+00
-2.757205720572057039e+00 -7.772359438881328408e+00
-2.756600660066006903e+00 -7.770740861007555011e+00
-2.755995599559955878e+00 -7.769122322207206111e+00
-2.755390539053905741e+00 -7.767503822480284370e+00
-2.754785478547854716e+00 -7.765885361826787125e+00
-2.754180418041804579e+00 -7.764266940246715265e+00
-2.753575357535753554e+00 -7.762648557740067901e+00
-2.752970297029703417e+00 -7.761030214306847697e+00
-2.752365236523652392e+00 -7.759411909947051100e+00
-2.751760176017601811e+00 -7.757793644660680776e+00
-2.751155115511551230e+00 -7.756175418447735836e+00
-2.750550055005500649e+00 -7.754557231308215393e+00
-2.749944994499450068e+00 -7.752939083242122109e+00
-2.749339933993399487e+00 -7.751320974249453322e+00
-2.748734873487348906e+00 -7.749702904330210806e+00
-2.748129812981298326e+00 -7.748084873484391899e+00
-2.747524752475247745e+00 -7.746466881712001040e+00
-2.746919691969197164e+00 -7.744848929013032901e+00
-2.746314631463146583e+00 -7.743231015387492810e+00
-2.745709570957095558e+00 -7.741613140835374551e+00
-2.745104510451045421e+00 -7.739995305356685229e+00
-2.744499449944994396e+00 -7.738377508951418626e+00
-2.743894389438944259e+00 -7.736759751619580072e+00
-2.743289328932893234e+00 -7.735142033361165126e+00
-2.742684268426843097e+00 -7.733524354176177340e+00
-2.742079207920792072e+00 -7.731906714064612274e+00
-2.741474147414741935e+00 -7.730289113026474368e+00
-2.740869086908690910e+00 -7.728671551061761846e+00
-2.740264026402640329e+00 -7.727054028170473821e+00
-2.739658965896589748e+00 -7.725436544352612955e+00
-2.739053905390539168e+00 -7.723819099608176586e+00
-2.738448844884488587e+00 -7.722201693937165601e+00
-2.737843784378438006e+00 -7.720584327339580000e+00
-2.737238723872387425e+00 -7.718966999815418006e+00
-2.736633663366336844e+00 -7.717349711364684062e+00
-2.736028602860286263e+00 -7.715732461987373725e+00
-2.735423542354235238e+00 -7.714115251683489660e+00
-2.734818481848185101e+00 -7.712498080453032756e+00
-2.734213421342134076e+00 -7.710880948295997683e+00
-2.733608360836083939e+00 -7.709263855212391547e+00
-2.733003300330032914e+00 -7.707646801202209019e+00
-2.732398239823982777e+00 -7.706029786265451875e+00
-2.731793179317931752e+00 -7.704412810402119227e+00
-2.731188118811881615e+00 -7.702795873612215516e+00
-2.730583058305830590e+00 -7.701178975895733636e+00
-2.729977997799780010e+00 -7.699562117252678917e+00
-2.729372937293729429e+00 -7.697945297683049581e+00
-2.728767876787678848e+00 -7.696328517186845630e+00
-2.728162816281628267e+00 -7.694711775764065287e+00
-2.727557755775577686e+00 -7.693095073414713880e+00
-2.726952695269527105e+00 -7.691478410138785193e+00
-2.726347634763476524e+00 -7.689861785936281890e+00
-2.725742574257425943e+00 -7.688245200807205748e+00
-2.725137513751375362e+00 -7.686628654751554990e+00
-2.724532453245324781e+00 -7.685012147769326951e+00
-2.723927392739273756e+00 -7.683395679860524297e+00
-2.723322332233223619e+00 -7.681779251025151467e+00
-2.722717271727172594e+00 -7.680162861263199581e+00
-2.722112211221122458e+00 -7.678546510574676631e+00
-2.721507150715071433e+00 -7.676930198959576401e+00
-2.720902090209021296e+00 -7.675313926417904220e+00
-2.720297029702970271e+00 -7.673697692949652982e+00
-2.719691969196920134e+00 -7.672081498554832457e+00
-2.719086908690869109e+00 -7.670465343233433764e+00
-2.718481848184818528e+00 -7.668849226985463119e+00
-2.717876787678767947e+00 -7.667233149810915194e+00
-2.717271727172717366e+00 -7.665617111709794429e+00
-2.716666666666666785e+00 -7.664001112682098160e+00
-2.716061606160616204e+00 -7.662385152727828164e+00
-2.715456545654565623e+00 -7.660769231846982663e+00
-2.714851485148515042e+00 -7.659153350039563435e+00
-2.714246424642464461e+00 -7.657537507305568703e+00
-2.713641364136413880e+00 -7.655921703645001131e+00
-2.713036303630363300e+00 -7.654305939057857167e+00
-2.712431243124312275e+00 -7.652690213544138587e+00
-2.711826182618262138e+00 -7.651074527103847167e+00
-2.711221122112211113e+00 -7.649458879736979355e+00
-2.710616061606160976e+00 -7.647843271443538704e+00
-2.710011001100109951e+00 -7.646227702223521661e+00
-2.709405940594059814e+00 -7.644612172076930889e+00
-2.708800880088008789e+00 -7.642996681003765502e+00
-2.708195819581958652e+00 -7.641381229004025499e+00
-2.707590759075907627e+00 -7.639765816077709992e+00
-2.706985698569857046e+00 -7.638150442224820758e+00
-2.706380638063806465e+00 -7.636535107445357795e+00
-2.705775577557755884e+00 -7.634919811739319329e+00
-2.705170517051705303e+00 -7.633304555106707134e+00
-2.704565456545654722e+00 -7.631689337547518548e+00
-2.703960396039604142e+00 -7.630074159061757122e+00
-2.703355335533553561e+00 -7.628459019649421080e+00
-2.702750275027502980e+00 -7.626843919310511311e+00
-2.702145214521451955e+00 -7.625228858045023372e+00
-2.701540154015401818e+00 -7.623613835852964371e+00
-2.700935093509350793e+00 -7.621998852734328977e+00
-2.700330033003300656e+00 -7.620383908689120744e+00
-2.699724972497249631e+00 -7.618769004380264498e+00
-2.699119911991199494e+00 -7.617154144607375166e+00
-2.698514851485148469e+00 -7.615539330325063361e+00
-2.697909790979098332e+00 -7.613924561533337076e+00
-2.697304730473047307e+00 -7.612309838232188319e+00
-2.696699669966997170e+00 -7.610695160421625083e+00
-2.696094609460946145e+00 -7.609080528101640262e+00
-2.695489548954895564e+00 -7.607465941272239185e+00
-2.694884488448844984e+00 -7.605851399933417412e+00
-2.694279427942794403e+00 -7.604236904085178494e+00
-2.693674367436743822e+00 -7.602622453727522434e+00
-2.693069306930693241e+00 -7.601008048860444788e+00
-2.692464246424642660e+00 -7.599393689483951775e+00
-2.691859185918592079e+00 -7.597779375598039842e+00
-2.691254125412541498e+00 -7.596165107202708100e+00
-2.690649064906490473e+00 -7.594550884297958326e+00
-2.690044004400440336e+00 -7.592936706883791409e+00
-2.689438943894389311e+00 -7.591322574960203795e+00
-2.688833883388339174e+00 -7.589708488527200814e+00
-2.688228822882288149e+00 -7.588094447584776248e+00
-2.687623762376238012e+00 -7.586480452132934538e+00
-2.687018701870186987e+00 -7.584866502171674796e+00
-2.686413641364136851e+00 -7.583252597700997022e+00
-2.685808580858085826e+00 -7.581638738720899440e+00
-2.685203520352035245e+00 -7.580024925231382049e+00
-2.684598459845984664e+00 -7.578411157232448403e+00
-2.683993399339934083e+00 -7.576797434724096725e+00
-2.683388338833883502e+00 -7.575183757706326126e+00
-2.682783278327832921e+00 -7.573570126179137496e+00
-2.682178217821782340e+00 -7.571956540142529946e+00
-2.681573157315731759e+00 -7.570342999596503475e+00
-2.680968096809681178e+00 -7.568729504541059860e+00
-2.680363036303630597e+00 -7.567116054976195549e+00
-2.679757975797580016e+00 -7.565502650901914095e+00
-2.679152915291528991e+00 -7.563889292318213720e+00
-2.678547854785478854e+00 -7.562275979225096201e+00
-2.677942794279427829e+00 -7.560662711622557985e+00
-2.677337733773377693e+00 -7.559049489510602626e+00
-2.676732673267326668e+00 -7.557436312889229235e+00
-2.676127612761276531e+00 -7.555823181758438700e+00
-2.675522552255225506e+00 -7.554210096118227469e+00
-2.674917491749175369e+00 -7.552597055968599982e+00
-2.674312431243124344e+00 -7.550984061309551798e+00
-2.673707370737073763e+00 -7.549371112141083806e+00
-2.673102310231023182e+00 -7.547758208463199558e+00
-2.672497249724972601e+00 -7.546145350275897279e+00
-2.671892189218922020e+00 -7.544532537579176967e+00
-2.671287128712871439e+00 -7.542919770373035959e+00
-2.670682068206820858e+00 -7.541307048657479584e+00
-2.670077007700770277e+00 -7.539694372432502512e+00
-2.669471947194719696e+00 -7.538081741698110072e+00
-2.668866886688669116e+00 -7.536469156454295160e+00
-2.668261826182618535e+00 -7.534856616701063103e+00
-2.667656765676567510e+00 -7.533244122438412127e+00
-2.667051705170517373e+00 -7.531631673666344007e+00
-2.666446644664466348e+00 -7.530019270384856078e+00
-2.665841584158416211e+00 -7.528406912593951894e+00
-2.665236523652365186e+00 -7.526794600293626125e+00
-2.664631463146315049e+00 -7.525182333483884989e+00
-2.664026402640264024e+00 -7.523570112164723156e+00
-2.663421342134213887e+00 -7.521957936336144179e+00
-2.662816281628162862e+00 -7.520345805998146282e+00
-2.662211221122112281e+00 -7.518733721150729465e+00
-2.661606160616061700e+00 -7.517121681793894616e+00
-2.661001100110011119e+00 -7.515509687927642624e+00
-2.660396039603960538e+00 -7.513897739551970822e+00
-2.659790979097909958e+00 -7.512285836666880989e+00
-2.659185918591859377e+00 -7.510673979272372236e+00
-2.658580858085808796e+00 -7.509062167368445451e+00
-2.657975797579758215e+00 -7.507450400955100633e+00
-2.657370737073707190e+00 -7.505838680032335120e+00
-2.656765676567657053e+00 -7.504227004600155126e+00
-2.656160616061606028e+00 -7.502615374658551772e+00
-2.655555555555555891e+00 -7.501003790207533939e+00
-2.654950495049504866e+00 -7.499392251247096297e+00
-2.654345434543454729e+00 -7.497780757777241512e+00
-2.653740374037403704e+00 -7.496169309797966029e+00
-2.653135313531353567e+00 -7.494557907309276068e+00
-2.652530253025302542e+00 -7.492946550311161857e+00
-2.651925192519251961e+00 -7.491335238803632279e+00
-2.651320132013201381e+00 -7.489723972786683781e+00
-2.650715071507150800e+00 -7.488112752260319027e+00
-2.650110011001100219e+00 -7.486501577224533577e+00
-2.649504950495049638e+00 -7.484890447679330094e+00
-2.648899889988999057e+00 -7.483279363624707692e+00
-2.648294829482948476e+00 -7.481668325060668145e+00
-2.647689768976897895e+00 -7.480057331987208791e+00
-2.647084708470847314e+00 -7.478446384404331404e+00
-2.646479647964796733e+00 -7.476835482312035985e+00
-2.645874587458745708e+00 -7.475224625710319870e+00
-2.645269526952695571e+00 -7.473613814599189276e+00
-2.644664466446644546e+00 -7.472003048978637096e+00
-2.644059405940594409e+00 -7.470392328848668662e+00
-2.643454345434543384e+00 -7.468781654209280418e+00
-2.642849284928493248e+00 -7.467171025060475031e+00
-2.642244224422442223e+00 -7.465560441402249836e+00
-2.641639163916392086e+00 -7.463949903234606609e+00
-2.641034103410341061e+00 -7.462339410557544461e+00
-2.640429042904290480e+00 -7.460728963371064282e+00
-2.639823982398239899e+00 -7.459118561675167847e+00
-2.639218921892189318e+00 -7.457508205469848939e+00
-2.638613861386138737e+00 -7.455897894755114663e+00
-2.638008800880088156e+00 -7.454287629530961468e+00
-2.637403740374037575e+00 -7.452677409797389352e+00
-2.636798679867986994e+00 -7.451067235554398316e+00
-2.636193619361936413e+00 -7.449457106801989248e+00
-2.635588558855885832e+00 -7.447847023540162148e+00
-2.634983498349835251e+00 -7.446236985768915240e+00
-2.634378437843784226e+00 -7.444626993488249411e+00
-2.633773377337734090e+00 -7.443017046698168215e+00
-2.633168316831683065e+00 -7.441407145398665435e+00
-2.632563256325632928e+00 -7.439797289589747287e+00
-2.631958195819581903e+00 -7.438187479271409330e+00
-2.631353135313531766e+00 -7.436577714443651566e+00
-2.630748074807480741e+00 -7.434967995106475769e+00
-2.630143014301430604e+00 -7.433358321259884605e+00
-2.629537953795379579e+00 -7.431748692903871856e+00
-2.628932893289328998e+00 -7.430139110038441075e+00
-2.628327832783278417e+00 -7.428529572663591374e+00
-2.627722772277227836e+00 -7.426920080779324529e+00
-2.627117711771177255e+00 -7.425310634385638764e+00
-2.626512651265126674e+00 -7.423701233482534967e+00
-2.625907590759076093e+00 -7.422091878070013138e+00
-2.625302530253025513e+00 -7.420482568148070612e+00
-2.624697469746974932e+00 -7.418873303716711831e+00
-2.624092409240924351e+00 -7.417264084775934130e+00
-2.623487348734873770e+00 -7.415654911325737508e+00
-2.622882288228822745e+00 -7.414045783366121967e+00
-2.622277227722772608e+00 -7.412436700897089281e+00
-2.621672167216721583e+00 -7.410827663918635899e+00
-2.621067106710671446e+00 -7.409218672430768038e+00
-2.620462046204620421e+00 -7.407609726433478592e+00
-2.619856985698570284e+00 -7.406000825926771114e+00
-2.619251925192519259e+00 -7.404391970910644716e+00
-2.618646864686469122e+00 -7.402783161385103838e+00
-2.618041804180418097e+00 -7.401174397350138712e+00
-2.617436743674367516e+00 -7.399565678805759106e+00
-2.616831683168316935e+00 -7.397957005751958803e+00
-2.616226622662266355e+00 -7.396348378188741357e+00
-2.615621562156215774e+00 -7.394739796116105879e+00
-2.615016501650165193e+00 -7.393131259534050592e+00
-2.614411441144114612e+00 -7.391522768442578162e+00
-2.613806380638064031e+00 -7.389914322841687699e+00
-2.613201320132013450e+00 -7.388305922731377429e+00
-2.612596259625962425e+00 -7.386697568111647350e+00
-2.611991199119912288e+00 -7.385089258982502791e+00
-2.611386138613861263e+00 -7.383480995343937536e+00
-2.610781078107811126e+00 -7.381872777195954249e+00
-2.610176017601760101e+00 -7.380264604538550266e+00
-2.609570957095709964e+00 -7.378656477371730915e+00
-2.608965896589658939e+00 -7.377048395695491756e+00
-2.608360836083608802e+00 -7.375440359509836341e+00
-2.607755775577557777e+00 -7.373832368814758453e+00
-2.607150715071507197e+00 -7.372224423610264310e+00
-2.606545654565456616e+00 -7.370616523896352135e+00
-2.605940594059406035e+00 -7.369008669673021927e+00
-2.605335533553355454e+00 -7.367400860940271023e+00
-2.604730473047304873e+00 -7.365793097698102976e+00
-2.604125412541254292e+00 -7.364185379946516008e+00
-2.603520352035203711e+00 -7.362577707685511896e+00
-2.602915291529153130e+00 -7.360970080915089753e+00
-2.602310231023102549e+00 -7.359362499635246913e+00
-2.601705170517051968e+00 -7.357754963845987817e+00
-2.601100110011000943e+00 -7.356147473547307136e+00
-2.600495049504950806e+00 -7.354540028739210200e+00
-2.599889988998899781e+00 -7.352932629421694344e+00
-2.599284928492849644e+00 -7.351325275594761344e+00
-2.598679867986798619e+00 -7.349717967258406759e+00
-2.598074807480748483e+00 -7.348110704412639471e+00
-2.597469746974697458e+00 -7.346503487057447934e+00
-2.596864686468647321e+00 -7.344896315192842806e+00
-2.596259625962596296e+00 -7.343289188818815205e+00
-2.595654565456545715e+00 -7.341682107935369572e+00
-2.595049504950495134e+00 -7.340075072542506796e+00
-2.594444444444444553e+00 -7.338468082640225987e+00
-2.593839383938393972e+00 -7.336861138228525370e+00
-2.593234323432343391e+00 -7.335254239307407609e+00
-2.592629262926292810e+00 -7.333647385876871816e+00
-2.592024202420242229e+00 -7.332040577936915327e+00
-2.591419141914191648e+00 -7.330433815487541693e+00
-2.590814081408141067e+00 -7.328827098528750028e+00
-2.590209020902090487e+00 -7.327220427060538555e+00
-2.589603960396039462e+00 -7.325613801082908161e+00
-2.588998899889989325e+00 -7.324007220595862400e+00
-2.588393839383938300e+00 -7.322400685599395054e+00
-2.587788778877888163e+00 -7.320794196093512340e+00
-2.587183718371837138e+00 -7.319187752078208931e+00
-2.586578657865787001e+00 -7.317581353553488377e+00
-2.585973597359735976e+00 -7.315975000519348015e+00
-2.585368536853685839e+00 -7.314368692975791397e+00
-2.584763476347634814e+00 -7.312762430922813195e+00
-2.584158415841584233e+00 -7.311156214360418737e+00
-2.583553355335533652e+00 -7.309550043288604471e+00
-2.582948294829483071e+00 -7.307943917707373060e+00
-2.582343234323432490e+00 -7.306337837616723618e+00
-2.581738173817381909e+00 -7.304731803016654368e+00
-2.581133113311331329e+00 -7.303125813907167974e+00
-2.580528052805280748e+00 -7.301519870288261771e+00
-2.579922992299230167e+00 -7.299913972159937536e+00
-2.579317931793179142e+00 -7.298308119522195270e+00
-2.578712871287129005e+00 -7.296702312375034971e+00
-2.578107810781077980e+00 -7.295096550718454864e+00
-2.577502750275027843e+00 -7.293490834552457613e+00
-2.576897689768976818e+00 -7.291885163877040554e+00
-2.576292629262926681e+00 -7.290279538692206351e+00
-2.575687568756875656e+00 -7.288673958997953228e+00
-2.575082508250825519e+00 -7.287068424794282961e+00
-2.574477447744774494e+00 -7.285462936081190222e+00
-2.573872387238724357e+00 -7.283857492858683003e+00
-2.573267326732673332e+00 -7.282252095126756863e+00
-2.572662266226622751e+00 -7.280646742885410028e+00
-2.572057205720572171e+00 -7.279041436134646936e+00
-2.571452145214521590e+00 -7.277436174874464925e+00
-2.570847084708471009e+00 -7.275830959104863993e+00
-2.570242024202420428e+00 -7.274225788825845918e+00
-2.569636963696369847e+00 -7.272620664037406257e+00
-2.569031903190319266e+00 -7.271015584739551230e+00
-2.568426842684268685e+00 -7.269410550932277282e+00
-2.567821782178217660e+00 -7.267805562615583526e+00
-2.567216721672167523e+00 -7.266200619789473514e+00
-2.566611661166116498e+00 -7.264595722453943694e+00
-2.566006600660066361e+00 -7.262990870608994953e+00
-2.565401540154015336e+00 -7.261386064254628181e+00
-2.564796479647965199e+00 -7.259781303390844265e+00
-2.564191419141914174e+00 -7.258176588017638764e+00
-2.563586358635864038e+00 -7.256571918135017896e+00
-2.562981298129813013e+00 -7.254967293742977219e+00
-2.562376237623762432e+00 -7.253362714841518510e+00
-2.561771177117711851e+00 -7.251758181430641770e+00
-2.561166116611661270e+00 -7.250153693510345221e+00
-2.560561056105610689e+00 -7.248549251080631528e+00
-2.559955995599560108e+00 -7.246944854141498915e+00
-2.559350935093509527e+00 -7.245340502692948270e+00
-2.558745874587458946e+00 -7.243736196734978705e+00
-2.558140814081408365e+00 -7.242131936267590220e+00
-2.557535753575357784e+00 -7.240527721290783703e+00
-2.556930693069307203e+00 -7.238923551804559153e+00
-2.556325632563256178e+00 -7.237319427808914796e+00
-2.555720572057206041e+00 -7.235715349303854182e+00
-2.555115511551155016e+00 -7.234111316289373761e+00
-2.554510451045104880e+00 -7.232507328765475307e+00
-2.553905390539053855e+00 -7.230903386732157934e+00
-2.553300330033003718e+00 -7.229299490189424304e+00
-2.552695269526952693e+00 -7.227695639137269978e+00
-2.552090209020902556e+00 -7.226091833575698509e+00
-2.551485148514851531e+00 -7.224488073504706342e+00
-2.550880088008800950e+00 -7.222884358924297032e+00
-2.550275027502750369e+00 -7.221280689834468802e+00
-2.549669966996699788e+00 -7.219677066235224316e+00
-2.549064906490649207e+00 -7.218073488126560022e+00
-2.548459845984598626e+00 -7.216469955508475920e+00
-2.547854785478548045e+00 -7.214866468380974673e+00
-2.547249724972497464e+00 -7.213263026744056283e+00
-2.546644664466446883e+00 -7.211659630597717197e+00
-2.546039603960396303e+00 -7.210056279941959190e+00
-2.545434543454345722e+00 -7.208452974776784927e+00
-2.544829482948294697e+00 -7.206849715102189968e+00
-2.544224422442244560e+00 -7.205246500918179642e+00
-2.543619361936193535e+00 -7.203643332224747731e+00
-2.543014301430143398e+00 -7.202040209021900452e+00
-2.542409240924092373e+00 -7.200437131309630701e+00
-2.541804180418042236e+00 -7.198834099087947358e+00
-2.541199119911991211e+00 -7.197231112356842431e+00
-2.540594059405941074e+00 -7.195628171116320360e+00
-2.539988998899890049e+00 -7.194025275366378480e+00
-2.539383938393839468e+00 -7.192422425107018569e+00
-2.538778877887788887e+00 -7.190819620338240625e+00
-2.538173817381738306e+00 -7.189216861060043762e+00
-2.537568756875687725e+00 -7.187614147272430642e+00
-2.536963696369637145e+00 -7.186011478975395939e+00
-2.536358635863586564e+00 -7.184408856168945867e+00
-2.535753575357535983e+00 -7.182806278853075099e+00
-2.535148514851485402e+00 -7.181203747027787188e+00
-2.534543454345434377e+00 -7.179601260693078579e+00
-2.533938393839384240e+00 -7.177998819848953715e+00
-2.533333333333333215e+00 -7.176396424495409043e+00
-2.532728272827283078e+00 -7.174794074632447227e+00
-2.532123212321232053e+00 -7.173191770260065603e+00
-2.531518151815181916e+00 -7.171589511378266835e+00
-2.530913091309130891e+00 -7.169987297987049146e+00
-2.530308030803080754e+00 -7.168385130086415202e+00
-2.529702970297029729e+00 -7.166783007676357897e+00
-2.529097909790979148e+00 -7.165180930756885225e+00
-2.528492849284928567e+00 -7.163578899327992744e+00
-2.527887788778877987e+00 -7.161976913389684007e+00
-2.527282728272827406e+00 -7.160374972941954574e+00
-2.526677667766776825e+00 -7.158773077984809774e+00
-2.526072607260726244e+00 -7.157171228518243389e+00
-2.525467546754675663e+00 -7.155569424542260748e+00
-2.524862486248625082e+00 -7.153967666056858299e+00
-2.524257425742574501e+00 -7.152365953062036930e+00
-2.523652365236523920e+00 -7.150764285557798416e+00
-2.523047304730472895e+00 -7.149162663544139207e+00
-2.522442244224422758e+00 -7.147561087021065518e+00
-2.521837183718371733e+00 -7.145959555988570244e+00
-2.521232123212321596e+00 -7.144358070446656939e+00
-2.520627062706270571e+00 -7.142756630395325601e+00
-2.520022002200220435e+00 -7.141155235834578008e+00
-2.519416941694169410e+00 -7.139553886764408830e+00
-2.518811881188119273e+00 -7.137952583184825173e+00
-2.518206820682068248e+00 -7.136351325095818154e+00
-2.517601760176017667e+00 -7.134750112497395769e+00
-2.516996699669967086e+00 -7.133148945389552686e+00
-2.516391639163916505e+00 -7.131547823772294237e+00
-2.515786578657865924e+00 -7.129946747645613314e+00
-2.515181518151815343e+00 -7.128345717009517912e+00
-2.514576457645764762e+00 -7.126744731864001814e+00
-2.513971397139714181e+00 -7.125143792209067684e+00
-2.513366336633663600e+00 -7.123542898044714633e+00
-2.512761276127613019e+00 -7.121942049370945327e+00
-2.512156215621562438e+00 -7.120341246187753548e+00
-2.511551155115511413e+00 -7.118740488495145513e+00
-2.510946094609461277e+00 -7.117139776293120335e+00
-2.510341034103410252e+00 -7.115539109581674460e+00
-2.509735973597360115e+00 -7.113938488360814105e+00
-2.509130913091309090e+00 -7.112337912630530390e+00
-2.508525852585258953e+00 -7.110737382390832195e+00
-2.507920792079207928e+00 -7.109136897641712416e+00
-2.507315731573157791e+00 -7.107536458383176381e+00
-2.506710671067106766e+00 -7.105936064615219649e+00
-2.506105610561056185e+00 -7.104335716337846662e+00
-2.505500550055005604e+00 -7.102735413551053867e+00
-2.504895489548955023e+00 -7.101135156254844816e+00
-2.504290429042904442e+00 -7.099534944449215956e+00
-2.503685368536853861e+00 -7.097934778134167288e+00
-2.503080308030803280e+00 -7.096334657309702365e+00
-2.502475247524752699e+00 -7.094734581975817633e+00
-2.501870187018702119e+00 -7.093134552132514870e+00
-2.501265126512651094e+00 -7.091534567779793186e+00
-2.500660066006600957e+00 -7.089934628917653470e+00
-2.500055005500549932e+00 -7.088334735546094834e+00
-2.499449944994499795e+00 -7.086734889586127295e+00
-2.498844884488448770e+00 -7.085135093746369961e+00
-2.498239823982398633e+00 -7.083535348046039459e+00
-2.497634763476347608e+00 -7.081935652485126909e+00
-2.497029702970297471e+00 -7.080336007063641190e+00
-2.496424642464246446e+00 -7.078736411781573423e+00
-2.495819581958196309e+00 -7.077136866638931600e+00
-2.495214521452145284e+00 -7.075537371635710393e+00
-2.494609460946094703e+00 -7.073937926771913354e+00
-2.494004400440044122e+00 -7.072338532047537818e+00
-2.493399339933993542e+00 -7.070739187462584674e+00
-2.492794279427942961e+00 -7.069139893017053922e+00
-2.492189218921892380e+00 -7.067540648710947337e+00
-2.491584158415841799e+00 -7.065941454544260480e+00
-2.490979097909791218e+00 -7.064342310516998680e+00
-2.490374037403740637e+00 -7.062743216629157494e+00
-2.489768976897689612e+00 -7.061144172880738701e+00
-2.489163916391639475e+00 -7.059545179271744964e+00
-2.488558855885588450e+00 -7.057946235802170065e+00
-2.487953795379538313e+00 -7.056347342472022000e+00
-2.487348734873487288e+00 -7.054748499281293661e+00
-2.486743674367437151e+00 -7.053149706229989491e+00
-2.486138613861386126e+00 -7.051550963318105936e+00
-2.485533553355335989e+00 -7.049952270545646549e+00
-2.484928492849284964e+00 -7.048353627912608665e+00
-2.484323432343234384e+00 -7.046755035418991397e+00
-2.483718371837183803e+00 -7.045156493064799186e+00
-2.483113311331133222e+00 -7.043558000850028478e+00
-2.482508250825082641e+00 -7.041959558774681938e+00
-2.481903190319032060e+00 -7.040361166838756901e+00
-2.481298129812981479e+00 -7.038762825042253368e+00
-2.480693069306930898e+00 -7.037164533385174003e+00
-2.480088008800880317e+00 -7.035566291867517030e+00
-2.479482948294829736e+00 -7.033968100489281561e+00
-2.478877887788779155e+00 -7.032369959250468483e+00
-2.478272827282728130e+00 -7.030771868151077797e+00
-2.477667766776677993e+00 -7.029173827191110391e+00
-2.477062706270626968e+00 -7.027575836370564488e+00
-2.476457645764576831e+00 -7.025977895689441866e+00
-2.475852585258525806e+00 -7.024380005147740746e+00
-2.475247524752475670e+00 -7.022782164745465572e+00
-2.474642464246424645e+00 -7.021184374482608348e+00
-2.474037403740374508e+00 -7.019586634359177957e+00
-2.473432343234323483e+00 -7.017988944375166405e+00
-2.472827282728272902e+00 -7.016391304530579021e+00
-2.472222222222222321e+00 -7.014793714825413140e+00
-2.471617161716171740e+00 -7.013196175259670540e+00
-2.471012101210121159e+00 -7.011598685833350331e+00
-2.470407040704070578e+00 -7.010001246546452514e+00
-2.469801980198019997e+00 -7.008403857398978865e+00
-2.469196919691969416e+00 -7.006806518390925831e+00
-2.468591859185918835e+00 -7.005209229522296965e+00
-2.467986798679868254e+00 -7.003611990793087827e+00
-2.467381738173817673e+00 -7.002014802203303745e+00
-2.466776677667766648e+00 -7.000417663752940278e+00
-2.466171617161716512e+00 -6.998820575442001868e+00
-2.465566556655665487e+00 -6.997223537270483185e+00
-2.464961496149615350e+00 -6.995626549238388669e+00
-2.464356435643564325e+00 -6.994029611345715658e+00
-2.463751375137514188e+00 -6.992432723592467703e+00
-2.463146314631463163e+00 -6.990835885978638586e+00
-2.462541254125413026e+00 -6.989239098504234526e+00
-2.461936193619362001e+00 -6.987642361169251082e+00
-2.461331133113311420e+00 -6.986045673973690917e+00
-2.460726072607260839e+00 -6.984449036917554032e+00
-2.460121012101210258e+00 -6.982852450000840427e+00
-2.459515951595159677e+00 -6.981255913223546550e+00
-2.458910891089109096e+00 -6.979659426585675952e+00
-2.458305830583058516e+00 -6.978062990087229522e+00
-2.457700770077007935e+00 -6.976466603728205484e+00
-2.457095709570957354e+00 -6.974870267508602950e+00
-2.456490649064906329e+00 -6.973273981428421919e+00
-2.455885588558856192e+00 -6.971677745487665057e+00
-2.455280528052805167e+00 -6.970081559686329697e+00
-2.454675467546755030e+00 -6.968485424024418506e+00
-2.454070407040704005e+00 -6.966889338501927043e+00
-2.453465346534653868e+00 -6.965293303118861523e+00
-2.452860286028602843e+00 -6.963697317875214843e+00
-2.452255225522552706e+00 -6.962101382770994995e+00
-2.451650165016501681e+00 -6.960505497806193986e+00
-2.451045104510451100e+00 -6.958909662980816258e+00
-2.450440044004400519e+00 -6.957313878294860920e+00
-2.449834983498349938e+00 -6.955718143748328863e+00
-2.449229922992299358e+00 -6.954122459341220086e+00
-2.448624862486248777e+00 -6.952526825073532812e+00
-2.448019801980198196e+00 -6.950931240945268819e+00
-2.447414741474147615e+00 -6.949335706956426328e+00
-2.446809680968097034e+00 -6.947740223107008006e+00
-2.446204620462046453e+00 -6.946144789397009411e+00
-2.445599559955995872e+00 -6.944549405826434985e+00
-2.444994499449944847e+00 -6.942954072395282061e+00
-2.444389438943894710e+00 -6.941358789103553306e+00
-2.443784378437843685e+00 -6.939763555951245166e+00
-2.443179317931793548e+00 -6.938168372938361195e+00
-2.442574257425742523e+00 -6.936573240064897838e+00
-2.441969196919692386e+00 -6.934978157330859538e+00
-2.441364136413641361e+00 -6.933383124736241854e+00
-2.440759075907591225e+00 -6.931788142281048337e+00
-2.440154015401540200e+00 -6.930193209965274548e+00
-2.439548954895489619e+00 -6.928598327788925815e+00
-2.438943894389439038e+00 -6.927003495751997697e+00
-2.438338833883388457e+00 -6.925408713854494636e+00
-2.437733773377337876e+00 -6.923813982096411301e+00
-2.437128712871287295e+00 -6.922219300477753023e+00
-2.436523652365236714e+00 -6.920624668998516249e+00
-2.435918591859186133e+00 -6.919030087658700978e+00
-2.435313531353135552e+00 -6.917435556458308099e+00
-2.434708470847084971e+00 -6.915841075397340276e+00
-2.434103410341034390e+00 -6.914246644475793957e+00
-2.433498349834983365e+00 -6.912652263693667365e+00
-2.432893289328933228e+00 -6.911057933050966717e+00
-2.432288228822882203e+00 -6.909463652547685797e+00
-2.431683168316832067e+00 -6.907869422183830821e+00
-2.431078107810781042e+00 -6.906275241959394684e+00
-2.430473047304730905e+00 -6.904681111874383603e+00
-2.429867986798679880e+00 -6.903087031928794026e+00
-2.429262926292629743e+00 -6.901493002122627729e+00
-2.428657865786578718e+00 -6.899899022455882047e+00
-2.428052805280528137e+00 -6.898305092928559645e+00
-2.427447744774477556e+00 -6.896711213540661412e+00
-2.426842684268426975e+00 -6.895117384292184681e+00
-2.426237623762376394e+00 -6.893523605183129455e+00
-2.425632563256325813e+00 -6.891929876213498396e+00
-2.425027502750275232e+00 -6.890336197383289729e+00
-2.424422442244224651e+00 -6.888742568692500789e+00
-2.423817381738174070e+00 -6.887148990141138682e+00
-2.423212321232123490e+00 -6.885555461729196303e+00
-2.422607260726072909e+00 -6.883961983456677203e+00
-2.422002200220021884e+00 -6.882368555323579606e+00
-2.421397139713971747e+00 -6.880775177329906178e+00
-2.420792079207920722e+00 -6.879181849475654253e+00
-2.420187018701870585e+00 -6.877588571760825609e+00
-2.419581958195819560e+00 -6.875995344185417579e+00
-2.418976897689769423e+00 -6.874402166749433718e+00
-2.418371837183718398e+00 -6.872809039452871360e+00
-2.417766776677668261e+00 -6.871215962295733171e+00
-2.417161716171617236e+00 -6.869622935278016485e+00
-2.416556655665566655e+00 -6.868029958399721302e+00
-2.415951595159516074e+00 -6.866437031660851176e+00
-2.415346534653465493e+00 -6.864844155061400777e+00
-2.414741474147414912e+00 -6.863251328601374546e+00
-2.414136413641364332e+00 -6.861658552280769818e+00
-2.413531353135313751e+00 -6.860065826099588371e+00
-2.412926292629263170e+00 -6.858473150057829315e+00
-2.412321232123212589e+00 -6.856880524155493539e+00
-2.411716171617161564e+00 -6.855287948392578379e+00
-2.411111111111111427e+00 -6.853695422769088275e+00
-2.410506050605060402e+00 -6.852102947285017009e+00
-2.409900990099010265e+00 -6.850510521940372577e+00
-2.409295929592959240e+00 -6.848918146735146983e+00
-2.408690869086909103e+00 -6.847325821669346446e+00
-2.408085808580858078e+00 -6.845733546742966524e+00
-2.407480748074807941e+00 -6.844141321956010771e+00
-2.406875687568756916e+00 -6.842549147308476520e+00
-2.406270627062706335e+00 -6.840957022800364662e+00
-2.405665566556655754e+00 -6.839364948431675195e+00
-2.405060506050605174e+00 -6.837772924202409008e+00
-2.404455445544554593e+00 -6.836180950112565213e+00
-2.403850385038504012e+00 -6.834589026162142922e+00
-2.403245324532453431e+00 -6.832997152351143910e+00
-2.402640264026402850e+00 -6.831405328679567290e+00
-2.402035203520352269e+00 -6.829813555147413950e+00
-2.401430143014301688e+00 -6.828221831754683002e+00
-2.400825082508251107e+00 -6.826630158501373558e+00
-2.400220022002200082e+00 -6.825038535387486505e+00
-2.399614961496149945e+00 -6.823446962413022732e+00
-2.399009900990098920e+00 -6.821855439577980462e+00
-2.398404840484048783e+00 -6.820263966882363249e+00
-2.397799779977997758e+00 -6.818672544326164875e+00
-2.397194719471947622e+00 -6.817081171909393333e+00
-2.396589658965896596e+00 -6.815489849632040631e+00
-2.395984598459846460e+00 -6.813898577494112985e+00
-2.395379537953795435e+00 -6.812307355495604178e+00
-2.394774477447744854e+00 -6.810716183636521315e+00
-2.394169416941694273e+00 -6.809125061916859956e+00
-2.393564356435643692e+00 -6.807533990336622765e+00
-2.392959295929593111e+00 -6.805942968895806189e+00
-2.392354235423542530e+00 -6.804351997594412005e+00
-2.391749174917491949e+00 -6.802761076432441101e+00
-2.391144114411441368e+00 -6.801170205409891700e+00
-2.390539053905390787e+00 -6.799579384526766468e+00
-2.389933993399340206e+00 -6.797988613783061851e+00
-2.389328932893289625e+00 -6.796397893178780514e+00
-2.388723872387238600e+00 -6.794807222713920680e+00
-2.388118811881188464e+00 -6.793216602388485903e+00
-2.387513751375137439e+00 -6.791626032202470853e+00
-2.386908690869087302e+00 -6.790035512155880859e+00
-2.386303630363036277e+00 -6.788445042248710593e+00
-2.385698569856986140e+00 -6.786854622480964494e+00
-2.385093509350935115e+00 -6.785264252852641675e+00
-2.384488448844884978e+00 -6.783673933363740360e+00
-2.383883388338833953e+00 -6.782083664014260549e+00
-2.383278327832783372e+00 -6.780493444804204906e+00
-2.382673267326732791e+00 -6.778903275733571654e+00
-2.382068206820682210e+00 -6.777313156802359906e+00
-2.381463146314631629e+00 -6.775723088010572326e+00
-2.380858085808581048e+00 -6.774133069358205361e+00
-2.380253025302530467e+00 -6.772543100845261677e+00
-2.379647964796479886e+00 -6.770953182471740384e+00
-2.379042904290429306e+00 -6.769363314237642371e+00
-2.378437843784378281e+00 -6.767773496142966749e+00
-2.377832783278328144e+00 -6.766183728187712632e+00
-2.377227722772277119e+00 -6.764594010371880017e+00
-2.376622662266226982e+00 -6.763004342695473348e+00
-2.376017601760175957e+00 -6.761414725158486405e+00
-2.375412541254125820e+00 -6.759825157760923631e+00
-2.374807480748074795e+00 -6.758235640502781472e+00
-2.374202420242024658e+00 -6.756646173384063481e+00
-2.373597359735973633e+00 -6.755056756404766993e+00
-2.372992299229923496e+00 -6.753467389564894674e+00
-2.372387238723872471e+00 -6.751878072864442970e+00
-2.371782178217821890e+00 -6.750288806303414546e+00
-2.371177117711771309e+00 -6.748699589881808514e+00
-2.370572057205720728e+00 -6.747110423599625761e+00
-2.369966996699670148e+00 -6.745521307456863624e+00
-2.369361936193619567e+00 -6.743932241453526544e+00
-2.368756875687568986e+00 -6.742343225589609190e+00
-2.368151815181518405e+00 -6.740754259865116005e+00
-2.367546754675467824e+00 -6.739165344280046099e+00
-2.366941694169416799e+00 -6.737576478834395921e+00
-2.366336633663366662e+00 -6.735987663528170799e+00
-2.365731573157315637e+00 -6.734398898361367181e+00
-2.365126512651265500e+00 -6.732810183333986842e+00
-2.364521452145214475e+00 -6.731221518446027119e+00
-2.363916391639164338e+00 -6.729632903697493340e+00
-2.363311331133113313e+00 -6.728044339088379289e+00
-2.362706270627063176e+00 -6.726455824618689405e+00
-2.362101210121012151e+00 -6.724867360288419249e+00
-2.361496149614961571e+00 -6.723278946097574149e+00
-2.360891089108910990e+00 -6.721690582046148776e+00
-2.360286028602860409e+00 -6.720102268134149348e+00
-2.359680968096809828e+00 -6.718514004361570535e+00
-2.359075907590759247e+00 -6.716925790728415002e+00
-2.358470847084708666e+00 -6.715337627234682749e+00
-2.357865786578658085e+00 -6.713749513880372000e+00
-2.357260726072607504e+00 -6.712161450665483642e+00
-2.356655665566556923e+00 -6.710573437590016788e+00
-2.356050605060506342e+00 -6.708985474653974990e+00
-2.355445544554455317e+00 -6.707397561857352031e+00
-2.354840484048405180e+00 -6.705809699200155904e+00
-2.354235423542354155e+00 -6.704221886682379505e+00
-2.353630363036304018e+00 -6.702634124304027274e+00
-2.353025302530252993e+00 -6.701046412065095659e+00
-2.352420242024202857e+00 -6.699458749965588211e+00
-2.351815181518151832e+00 -6.697871138005501379e+00
-2.351210121012101695e+00 -6.696283576184839603e+00
-2.350605060506050670e+00 -6.694696064503597555e+00
-2.350000000000000089e+00 -6.693108602961779674e+00
-2.349394939493949508e+00 -6.691521191559384185e+00
-2.348789878987898927e+00 -6.689933830296411088e+00
-2.348184818481848346e+00 -6.688346519172860383e+00
-2.347579757975797765e+00 -6.686759258188732069e+00
-2.346974697469747184e+00 -6.685172047344027035e+00
-2.346369636963696603e+00 -6.683584886638744393e+00
-2.345764576457646022e+00 -6.681997776072883255e+00
-2.345159515951595441e+00 -6.680410715646446285e+00
-2.344554455445544860e+00 -6.678823705359429930e+00
-2.343949394939493835e+00 -6.677236745211835967e+00
-2.343344334433443699e+00 -6.675649835203666171e+00
-2.342739273927392674e+00 -6.674062975334917880e+00
-2.342134213421342537e+00 -6.672476165605592868e+00
-2.341529152915291512e+00 -6.670889406015688472e+00
-2.340924092409241375e+00 -6.669302696565209132e+00
-2.340319031903190350e+00 -6.667716037254151296e+00
-2.339713971397140213e+00 -6.666129428082515851e+00
-2.339108910891089188e+00 -6.664542869050302798e+00
-2.338503850385038607e+00 -6.662956360157512137e+00
-2.337898789878988026e+00 -6.661369901404142979e+00
-2.337293729372937445e+00 -6.659783492790197101e+00
-2.336688668866886864e+00 -6.658197134315675392e+00
-2.336083608360836283e+00 -6.656610825980574297e+00
-2.335478547854785702e+00 -6.655024567784897371e+00
-2.334873487348735122e+00 -6.653438359728641949e+00
-2.334268426842684541e+00 -6.651852201811809806e+00
-2.333663366336633516e+00 -6.650266094034398279e+00
-2.333058305830583379e+00 -6.648680036396410920e+00
-2.332453245324532354e+00 -6.647094028897845064e+00
-2.331848184818482217e+00 -6.645508071538703376e+00
-2.331243124312431192e+00 -6.643922164318981416e+00
-2.330638063806381055e+00 -6.642336307238684512e+00
-2.330033003300330030e+00 -6.640750500297808223e+00
-2.329427942794279893e+00 -6.639164743496356991e+00
-2.328822882288228868e+00 -6.637579036834326374e+00
-2.328217821782178287e+00 -6.635993380311717260e+00
-2.327612761276127706e+00 -6.634407773928531427e+00
-2.327007700770077125e+00 -6.632822217684768873e+00
-2.326402640264026545e+00 -6.631236711580429599e+00
-2.325797579757975964e+00 -6.629651255615511829e+00
-2.325192519251925383e+00 -6.628065849790016451e+00
-2.324587458745874802e+00 -6.626480494103944352e+00
-2.323982398239824221e+00 -6.624895188557294645e+00
-2.323377337733773640e+00 -6.623309933150064666e+00
-2.322772277227723059e+00 -6.621724727882261519e+00
-2.322167216721672034e+00 -6.620139572753878099e+00
-2.321562156215621897e+00 -6.618554467764918847e+00
-2.320957095709570872e+00 -6.616969412915378435e+00
-2.320352035203520735e+00 -6.615384408205265743e+00
-2.319746974697469710e+00 -6.613799453634571890e+00
-2.319141914191419573e+00 -6.612214549203303093e+00
-2.318536853685368548e+00 -6.610629694911454024e+00
-2.317931793179318412e+00 -6.609044890759030011e+00
-2.317326732673267387e+00 -6.607460136746026613e+00
-2.316721672167216806e+00 -6.605875432872446495e+00
-2.316116611661166225e+00 -6.604290779138288769e+00
-2.315511551155115644e+00 -6.602706175543552547e+00
-2.314906490649065063e+00 -6.601121622088241381e+00
-2.314301430143014482e+00 -6.599537118772351718e+00
-2.313696369636963901e+00 -6.597952665595883559e+00
-2.313091309130913320e+00 -6.596368262558838680e+00
-2.312486248624862739e+00 -6.594783909661215304e+00
-2.311881188118812158e+00 -6.593199606903015209e+00
-2.311276127612761577e+00 -6.591615354284237505e+00
-2.310671067106710552e+00 -6.590031151804882192e+00
-2.310066006600660415e+00 -6.588446999464950160e+00
-2.309460946094609390e+00 -6.586862897264438743e+00
-2.308855885588559254e+00 -6.585278845203352382e+00
-2.308250825082508229e+00 -6.583694843281686637e+00
-2.307645764576458092e+00 -6.582110891499445060e+00
-2.307040704070407067e+00 -6.580526989856624098e+00
-2.306435643564356930e+00 -6.578943138353228193e+00
-2.305830583058305905e+00 -6.577359336989252903e+00
-2.305225522552255324e+00 -6.575775585764700004e+00
-2.304620462046204743e+00 -6.574191884679569498e+00
-2.304015401540154162e+00 -6.572608233733863159e+00
-2.303410341034103581e+00 -6.571024632927578324e+00
-2.302805280528053000e+00 -6.569441082260715881e+00
-2.302200220022002419e+00 -6.567857581733274941e+00
-2.301595159515951838e+00 -6.566274131345258169e+00
-2.300990099009901257e+00 -6.564690731096662901e+00
-2.300385038503850677e+00 -6.563107380987491801e+00
-2.299779977997800096e+00 -6.561524081533237407e+00
-2.299174917491749071e+00 -6.559940838436559396e+00
-2.298569856985698934e+00 -6.558357653276166488e+00
-2.297964796479647909e+00 -6.556774526052052465e+00
-2.297359735973597772e+00 -6.555191456764221769e+00
-2.296754675467546747e+00 -6.553608445412671735e+00
-2.296149614961496610e+00 -6.552025491997405027e+00
-2.295544554455445585e+00 -6.550442596518417204e+00
-2.294939493949395448e+00 -6.548859758975712708e+00
-2.294334433443344423e+00 -6.547276979369287986e+00
-2.293729372937293842e+00 -6.545694257699146590e+00
-2.293124312431243261e+00 -6.544111593965286744e+00
-2.292519251925192680e+00 -6.542528988167709336e+00
-2.291914191419142099e+00 -6.540946440306411702e+00
-2.291309130913091519e+00 -6.539363950381399171e+00
-2.290704070407040938e+00 -6.537781518392664637e+00
-2.290099009900990357e+00 -6.536199144340213429e+00
-2.289493949394939776e+00 -6.534616828224042884e+00
-2.288888888888888751e+00 -6.533034570044153000e+00
-2.288283828382838614e+00 -6.531452369800548219e+00
-2.287678767876787589e+00 -6.529870227493220547e+00
-2.287073707370737452e+00 -6.528288143122178866e+00
-2.286468646864686427e+00 -6.526706116687416959e+00
-2.285863586358636290e+00 -6.525124148188937490e+00
-2.285258525852585265e+00 -6.523542237626737794e+00
-2.284653465346535128e+00 -6.521960385000821425e+00
-2.284048404840484103e+00 -6.520378590311185718e+00
-2.283443344334433522e+00 -6.518796853557832449e+00
-2.282838283828382941e+00 -6.517215174740759842e+00
-2.282233223322332361e+00 -6.515633553859970561e+00
-2.281628162816281780e+00 -6.514051990915461054e+00
-2.281023102310231199e+00 -6.512470485907234874e+00
-2.280418041804180618e+00 -6.510889038835289355e+00
-2.279812981298130037e+00 -6.509307649699626275e+00
-2.279207920792079456e+00 -6.507726318500242080e+00
-2.278602860286028875e+00 -6.506145045237142099e+00
-2.277997799779978294e+00 -6.504563829910321893e+00
-2.277392739273927269e+00 -6.502982672519784124e+00
-2.276787678767877132e+00 -6.501401573065530570e+00
-2.276182618261826107e+00 -6.499820531547554125e+00
-2.275577557755775970e+00 -6.498239547965863672e+00
-2.274972497249724945e+00 -6.496658622320452103e+00
-2.274367436743674808e+00 -6.495077754611323861e+00
-2.273762376237623783e+00 -6.493496944838475393e+00
-2.273157315731573647e+00 -6.491916193001911140e+00
-2.272552255225522622e+00 -6.490335499101625771e+00
-2.271947194719472041e+00 -6.488754863137624618e+00
-2.271342134213421460e+00 -6.487174285109903238e+00
-2.270737073707370879e+00 -6.485593765018464296e+00
-2.270132013201320298e+00 -6.484013302863306016e+00
-2.269526952695269717e+00 -6.482432898644431951e+00
-2.268921892189219136e+00 -6.480852552361835883e+00
-2.268316831683168555e+00 -6.479272264015524030e+00
-2.267711771177117974e+00 -6.477692033605492838e+00
-2.267106710671067393e+00 -6.476111861131744085e+00
-2.266501650165016812e+00 -6.474531746594275106e+00
-2.265896589658965787e+00 -6.472951689993089452e+00
-2.265291529152915651e+00 -6.471371691328184461e+00
-2.264686468646864625e+00 -6.469791750599561020e+00
-2.264081408140814489e+00 -6.468211867807220905e+00
-2.263476347634763464e+00 -6.466632042951160564e+00
-2.262871287128713327e+00 -6.465052276031384437e+00
-2.262266226622662302e+00 -6.463472567047887196e+00
-2.261661166116612165e+00 -6.461892916000673281e+00
-2.261056105610561140e+00 -6.460313322889740029e+00
-2.260451045104510559e+00 -6.458733787715087438e+00
-2.259845984598459978e+00 -6.457154310476718173e+00
-2.259240924092409397e+00 -6.455574891174630459e+00
-2.258635863586358816e+00 -6.453995529808823406e+00
-2.258030803080308235e+00 -6.452416226379299680e+00
-2.257425742574257654e+00 -6.450836980886056615e+00
-2.256820682068207073e+00 -6.449257793329095101e+00
-2.256215621562156493e+00 -6.447678663708415137e+00
-2.255610561056105468e+00 -6.446099592024016722e+00
-2.255005500550055331e+00 -6.444520578275899858e+00
-2.254400440044004306e+00 -6.442941622464064544e+00
-2.253795379537954169e+00 -6.441362724588512556e+00
-2.253190319031903144e+00 -6.439783884649239454e+00
-2.252585258525853007e+00 -6.438205102646250566e+00
-2.251980198019801982e+00 -6.436626378579540564e+00
-2.251375137513751845e+00 -6.435047712449115664e+00
-2.250770077007700820e+00 -6.433469104254969650e+00
-2.250165016501650683e+00 -6.431890553997106075e+00
-2.249559955995599658e+00 -6.430312061675524049e+00
-2.248954895489549077e+00 -6.428733627290224462e+00
-2.248349834983498496e+00 -6.427155250841205536e+00
-2.247744774477447915e+00 -6.425576932328469049e+00
-2.247139713971397335e+00 -6.423998671752012335e+00
-2.246534653465346754e+00 -6.422420469111839836e+00
-2.245929592959296173e+00 -6.420842324407947110e+00
-2.245324532453245592e+00 -6.419264237640337711e+00
-2.244719471947195011e+00 -6.417686208809008974e+00
-2.244114411441143986e+00 -6.416108237913960899e+00
-2.243509350935093849e+00 -6.414530324955197038e+00
-2.242904290429042824e+00 -6.412952469932711175e+00
-2.242299229922992687e+00 -6.411374672846510414e+00
-2.241694169416941662e+00 -6.409796933696588539e+00
-2.241089108910891525e+00 -6.408219252482951767e+00
-2.240484048404840500e+00 -6.406641629205592992e+00
-2.239878987898790363e+00 -6.405064063864519319e+00
-2.239273927392739338e+00 -6.403486556459724532e+00
-2.238668866886688757e+00 -6.401909106991212184e+00
-2.238063806380638177e+00 -6.400331715458980497e+00
-2.237458745874587596e+00 -6.398754381863033025e+00
-2.236853685368537015e+00 -6.397177106203364438e+00
-2.236248624862486434e+00 -6.395599888479979178e+00
-2.235643564356435853e+00 -6.394022728692876356e+00
-2.235038503850385272e+00 -6.392445626842053308e+00
-2.234433443344334691e+00 -6.390868582927511810e+00
-2.233828382838284110e+00 -6.389291596949253638e+00
-2.233223322332233529e+00 -6.387714668907276128e+00
-2.232618261826182504e+00 -6.386137798801578391e+00
-2.232013201320132367e+00 -6.384560986632164870e+00
-2.231408140814081342e+00 -6.382984232399030233e+00
-2.230803080308031205e+00 -6.381407536102182476e+00
-2.230198019801980180e+00 -6.379830897741610940e+00
-2.229592959295930044e+00 -6.378254317317325395e+00
-2.228987898789879019e+00 -6.376677794829316959e+00
-2.228382838283828882e+00 -6.375101330277593625e+00
-2.227777777777777857e+00 -6.373524923662150954e+00
-2.227172717271727276e+00 -6.371948574982988944e+00
-2.226567656765676695e+00 -6.370372284240109373e+00
-2.225962596259626114e+00 -6.368796051433512240e+00
-2.225357535753575533e+00 -6.367219876563196657e+00
-2.224752475247524952e+00 -6.365643759629161735e+00
-2.224147414741474371e+00 -6.364067700631408364e+00
-2.223542354235423790e+00 -6.362491699569937431e+00
-2.222937293729373209e+00 -6.360915756444747160e+00
-2.222332233223322628e+00 -6.359339871255840215e+00
-2.221727172717272047e+00 -6.357764044003213044e+00
-2.221122112211221022e+00 -6.356188274686868311e+00
-2.220517051705170886e+00 -6.354612563306805129e+00
-2.219911991199119861e+00 -6.353036909863022608e+00
-2.219306930693069724e+00 -6.351461314355524301e+00
-2.218701870187018699e+00 -6.349885776784303992e+00
-2.218096809680968562e+00 -6.348310297149369674e+00
-2.217491749174917537e+00 -6.346734875450713353e+00
-2.216886688668867400e+00 -6.345159511688341247e+00
-2.216281628162816375e+00 -6.343584205862248027e+00
-2.215676567656765794e+00 -6.342008957972439021e+00
-2.215071507150715213e+00 -6.340433768018909788e+00
-2.214466446644664632e+00 -6.338858636001662106e+00
-2.213861386138614051e+00 -6.337283561920698638e+00
-2.213256325632563470e+00 -6.335708545776014056e+00
-2.212651265126512889e+00 -6.334133587567611912e+00
-2.212046204620462309e+00 -6.332558687295493094e+00
-2.211441144114411728e+00 -6.330983844959654938e+00
-2.210836083608360703e+00 -6.329409060560096556e+00
-2.210231023102310566e+00 -6.327834334096822388e+00
-2.209625962596259541e+00 -6.326259665569827995e+00
-2.209020902090209404e+00 -6.324685054979117815e+00
-2.208415841584158379e+00 -6.323110502324686522e+00
-2.207810781078108242e+00 -6.321536007606538554e+00
-2.207205720572057217e+00 -6.319961570824670360e+00
-2.206600660066007080e+00 -6.318387191979086381e+00
-2.205995599559956055e+00 -6.316812871069782176e+00
-2.205390539053905474e+00 -6.315238608096759521e+00
-2.204785478547854893e+00 -6.313664403060019303e+00
-2.204180418041804312e+00 -6.312090255959560636e+00
-2.203575357535753731e+00 -6.310516166795383519e+00
-2.202970297029703151e+00 -6.308942135567487952e+00
-2.202365236523652570e+00 -6.307368162275873935e+00
-2.201760176017601989e+00 -6.305794246920541468e+00
-2.201155115511551408e+00 -6.304220389501490551e+00
-2.200550055005500827e+00 -6.302646590018721184e+00
-2.199944994499450246e+00 -6.301072848472234256e+00
-2.199339933993399221e+00 -6.299499164862027989e+00
-2.198734873487349084e+00 -6.297925539188104160e+00
-2.198129812981298059e+00 -6.296351971450460994e+00
-2.197524752475247922e+00 -6.294778461649102042e+00
-2.196919691969196897e+00 -6.293205009784021975e+00
-2.196314631463146760e+00 -6.291631615855226123e+00
-2.195709570957095735e+00 -6.290058279862708268e+00
-2.195104510451045599e+00 -6.288485001806476404e+00
-2.194499449944994574e+00 -6.286911781686521650e+00
-2.193894389438943993e+00 -6.285338619502850221e+00
-2.193289328932893412e+00 -6.283765515255461231e+00
-2.192684268426842831e+00 -6.282192468944352903e+00
-2.192079207920792250e+00 -6.280619480569527013e+00
-2.191474147414741669e+00 -6.279046550130983562e+00
-2.190869086908691088e+00 -6.277473677628720772e+00
-2.190264026402640507e+00 -6.275900863062739532e+00
-2.189658965896589926e+00 -6.274328106433038954e+00
-2.189053905390539345e+00 -6.272755407739621702e+00
-2.188448844884488764e+00 -6.271182766982485113e+00
-2.187843784378437739e+00 -6.269610184161630073e+00
-2.187238723872387602e+00 -6.268037659277058360e+00
-2.186633663366336577e+00 -6.266465192328765532e+00
-2.186028602860286441e+00 -6.264892783316756919e+00
-2.185423542354235416e+00 -6.263320432241027191e+00
-2.184818481848185279e+00 -6.261748139101583455e+00
-2.184213421342134254e+00 -6.260175903898416827e+00
-2.183608360836084117e+00 -6.258603726631535302e+00
-2.183003300330033092e+00 -6.257031607300932663e+00
-2.182398239823982511e+00 -6.255459545906614238e+00
-2.181793179317931930e+00 -6.253887542448574699e+00
-2.181188118811881349e+00 -6.252315596926818486e+00
-2.180583058305830768e+00 -6.250743709341343823e+00
-2.179977997799780187e+00 -6.249171879692150711e+00
-2.179372937293729606e+00 -6.247600107979240036e+00
-2.178767876787679025e+00 -6.246028394202609135e+00
-2.178162816281628444e+00 -6.244456738362260673e+00
-2.177557755775577863e+00 -6.242885140458193760e+00
-2.176952695269527283e+00 -6.241313600490409286e+00
-2.176347634763476258e+00 -6.239742118458903697e+00
-2.175742574257426121e+00 -6.238170694363684099e+00
-2.175137513751375096e+00 -6.236599328204742498e+00
-2.174532453245324959e+00 -6.235028019982086001e+00
-2.173927392739273934e+00 -6.233456769695707500e+00
-2.173322332233223797e+00 -6.231885577345613214e+00
-2.172717271727172772e+00 -6.230314442931798702e+00
-2.172112211221122635e+00 -6.228743366454268404e+00
-2.171507150715071610e+00 -6.227172347913016104e+00
-2.170902090209021029e+00 -6.225601387308047130e+00
-2.170297029702970448e+00 -6.224030484639361482e+00
-2.169691969196919867e+00 -6.222459639906955609e+00
-2.169086908690869286e+00 -6.220888853110831285e+00
-2.168481848184818706e+00 -6.219318124250990287e+00
-2.167876787678768125e+00 -6.217747453327429064e+00
-2.167271727172717544e+00 -6.216176840340151166e+00
-2.166666666666666963e+00 -6.214606285289154819e+00
-2.166061606160615938e+00 -6.213035788174437357e+00
-2.165456545654565801e+00 -6.211465348996004998e+00
-2.164851485148514776e+00 -6.209894967753851525e+00
-2.164246424642464639e+00 -6.208324644447981377e+00
-2.163641364136413614e+00 -6.206754379078391892e+00
-2.163036303630363477e+00 -6.205184171645084845e+00
-2.162431243124312452e+00 -6.203614022148059348e+00
-2.161826182618262315e+00 -6.202043930587316289e+00
-2.161221122112211290e+00 -6.200473896962851228e+00
-2.160616061606160709e+00 -6.198903921274672157e+00
-2.160011001100110128e+00 -6.197334003522771972e+00
-2.159405940594059548e+00 -6.195764143707155114e+00
-2.158800880088008967e+00 -6.194194341827818917e+00
-2.158195819581958386e+00 -6.192624597884765159e+00
-2.157590759075907805e+00 -6.191054911877992062e+00
-2.156985698569857224e+00 -6.189485283807501403e+00
-2.156380638063806643e+00 -6.187915713673291407e+00
-2.155775577557756062e+00 -6.186346201475362960e+00
-2.155170517051705481e+00 -6.184776747213718728e+00
-2.154565456545654456e+00 -6.183207350888353382e+00
-2.153960396039604319e+00 -6.181638012499271362e+00
-2.153355335533553294e+00 -6.180068732046468227e+00
-2.152750275027503157e+00 -6.178499509529951084e+00
-2.152145214521452132e+00 -6.176930344949711937e+00
-2.151540154015401995e+00 -6.175361238305757894e+00
-2.150935093509350970e+00 -6.173792189598081848e+00
-2.150330033003300834e+00 -6.172223198826689128e+00
-2.149724972497249809e+00 -6.170654265991577958e+00
-2.149119911991199228e+00 -6.169085391092749227e+00
-2.148514851485148647e+00 -6.167516574130200269e+00
-2.147909790979098066e+00 -6.165947815103933749e+00
-2.147304730473047485e+00 -6.164379114013948779e+00
-2.146699669966996904e+00 -6.162810470860246248e+00
-2.146094609460946323e+00 -6.161241885642824379e+00
-2.145489548954895742e+00 -6.159673358361684947e+00
-2.144884488448845161e+00 -6.158104889016826178e+00
-2.144279427942794580e+00 -6.156536477608249847e+00
-2.143674367436743999e+00 -6.154968124135955065e+00
-2.143069306930692974e+00 -6.153399828599940946e+00
-2.142464246424642837e+00 -6.151831591000210153e+00
-2.141859185918591812e+00 -6.150263411336759134e+00
-2.141254125412541676e+00 -6.148695289609593218e+00
-2.140649064906490651e+00 -6.147127225818703522e+00
-2.140044004400440514e+00 -6.145559219964100706e+00
-2.139438943894389489e+00 -6.143991272045775887e+00
-2.138833883388339352e+00 -6.142423382063734394e+00
-2.138228822882288327e+00 -6.140855550017974451e+00
-2.137623762376237746e+00 -6.139287775908496059e+00
-2.137018701870187165e+00 -6.137720059735299216e+00
-2.136413641364136584e+00 -6.136152401498383924e+00
-2.135808580858086003e+00 -6.134584801197751958e+00
-2.135203520352035422e+00 -6.133017258833399765e+00
-2.134598459845984841e+00 -6.131449774405329123e+00
-2.133993399339934260e+00 -6.129882347913540031e+00
-2.133388338833883680e+00 -6.128314979358034265e+00
-2.132783278327832654e+00 -6.126747668738806496e+00
-2.132178217821782518e+00 -6.125180416055863830e+00
-2.131573157315731493e+00 -6.123613221309201826e+00
-2.130968096809681356e+00 -6.122046084498821372e+00
-2.130363036303630331e+00 -6.120479005624723357e+00
-2.129757975797580194e+00 -6.118911984686905114e+00
-2.129152915291529169e+00 -6.117345021685370199e+00
-2.128547854785479032e+00 -6.115778116620116833e+00
-2.127942794279428007e+00 -6.114211269491143241e+00
-2.127337733773377870e+00 -6.112644480298453864e+00
-2.126732673267326845e+00 -6.111077749042044260e+00
-2.126127612761276264e+00 -6.109511075721916207e+00
-2.125522552255225683e+00 -6.107944460338071480e+00
-2.124917491749175102e+00 -6.106377902890507414e+00
-2.124312431243124522e+00 -6.104811403379224899e+00
-2.123707370737073941e+00 -6.103244961804223045e+00
-2.123102310231023360e+00 -6.101678578165504518e+00
-2.122497249724972779e+00 -6.100112252463067541e+00
-2.121892189218922198e+00 -6.098545984696912114e+00
-2.121287128712871173e+00 -6.096979774867036461e+00
-2.120682068206821036e+00 -6.095413622973444134e+00
-2.120077007700770011e+00 -6.093847529016134246e+00
-2.119471947194719874e+00 -6.092281492995105907e+00
-2.118866886688668849e+00 -6.090715514910357342e+00
-2.118261826182618712e+00 -6.089149594761892104e+00
-2.117656765676567687e+00 -6.087583732549706639e+00
-2.117051705170517550e+00 -6.086017928273804500e+00
-2.116446644664466525e+00 -6.084452181934183024e+00
-2.115841584158415944e+00 -6.082886493530843097e+00
-2.115236523652365364e+00 -6.081320863063785609e+00
-2.114631463146314783e+00 -6.079755290533009671e+00
-2.114026402640264202e+00 -6.078189775938515282e+00
-2.113421342134213621e+00 -6.076624319280302444e+00
-2.112816281628163040e+00 -6.075058920558371156e+00
-2.112211221122112459e+00 -6.073493579772719642e+00
-2.111606160616061878e+00 -6.071928296923353230e+00
-2.111001100110011297e+00 -6.070363072010266592e+00
-2.110396039603960716e+00 -6.068797905033463280e+00
-2.109790979097909691e+00 -6.067232795992937966e+00
-2.109185918591859554e+00 -6.065667744888697754e+00
-2.108580858085808529e+00 -6.064102751720737317e+00
-2.107975797579758392e+00 -6.062537816489060205e+00
-2.107370737073707367e+00 -6.060972939193662867e+00
-2.106765676567657231e+00 -6.059408119834548856e+00
-2.106160616061606206e+00 -6.057843358411714618e+00
-2.105555555555556069e+00 -6.056278654925163707e+00
-2.104950495049505044e+00 -6.054714009374892569e+00
-2.104345434543454463e+00 -6.053149421760904758e+00
-2.103740374037403882e+00 -6.051584892083198497e+00
-2.103135313531353301e+00 -6.050020420341773786e+00
-2.102530253025302720e+00 -6.048456006536629737e+00
-2.101925192519252139e+00 -6.046891650667769014e+00
-2.101320132013201558e+00 -6.045327352735188953e+00
-2.100715071507150977e+00 -6.043763112738890442e+00
-2.100110011001100396e+00 -6.042198930678873481e+00
-2.099504950495049815e+00 -6.040634809423597318e+00
-2.098899889988999234e+00 -6.039070754532921192e+00
-2.098294829482948209e+00 -6.037506766148490911e+00
-2.097689768976898073e+00 -6.035942844270312690e+00
-2.097084708470847048e+00 -6.034378988898382978e+00
-2.096479647964796911e+00 -6.032815200032703551e+00
-2.095874587458745886e+00 -6.031251477673270855e+00
-2.095269526952695749e+00 -6.029687821820090221e+00
-2.094664466446644724e+00 -6.028124232473156319e+00
-2.094059405940594587e+00 -6.026560709632474477e+00
-2.093454345434543562e+00 -6.024997253298041144e+00
-2.092849284928492981e+00 -6.023433863469856320e+00
-2.092244224422442400e+00 -6.021870540147921780e+00
-2.091639163916391819e+00 -6.020307283332236636e+00
-2.091034103410341238e+00 -6.018744093022800890e+00
-2.090429042904290657e+00 -6.017180969219614539e+00
-2.089823982398240076e+00 -6.015617911922676697e+00
-2.089218921892189496e+00 -6.014054921131988252e+00
-2.088613861386138915e+00 -6.012491996847550091e+00
-2.088008800880087890e+00 -6.010929139069360438e+00
-2.087403740374037753e+00 -6.009366347797422847e+00
-2.086798679867986728e+00 -6.007803623031731100e+00
-2.086193619361936591e+00 -6.006240964772290525e+00
-2.085588558855885566e+00 -6.004678373019098458e+00
-2.084983498349835429e+00 -6.003115847772157565e+00
-2.084378437843784404e+00 -6.001553389031464292e+00
-2.083773377337734267e+00 -5.999990996797021303e+00
-2.083168316831683242e+00 -5.998428671068825935e+00
-2.082563256325632661e+00 -5.996866411846883516e+00
-2.081958195819582080e+00 -5.995304219131186940e+00
-2.081353135313531499e+00 -5.993742092921741538e+00
-2.080748074807480918e+00 -5.992180033218543755e+00
-2.080143014301430338e+00 -5.990618040021598034e+00
-2.079537953795379757e+00 -5.989056113330899045e+00
-2.078932893289329176e+00 -5.987494253146452117e+00
-2.078327832783278595e+00 -5.985932459468251920e+00
-2.077722772277228014e+00 -5.984370732296304674e+00
-2.077117711771177433e+00 -5.982809071630602382e+00
-2.076512651265126408e+00 -5.981247477471150376e+00
-2.075907590759076271e+00 -5.979685949817951318e+00
-2.075302530253025246e+00 -5.978124488670997216e+00
-2.074697469746975109e+00 -5.976563094030296952e+00
-2.074092409240924084e+00 -5.975001765895841643e+00
-2.073487348734873947e+00 -5.973440504267639284e+00
-2.072882288228822922e+00 -5.971879309145684545e+00
-2.072277227722772786e+00 -5.970318180529979202e+00
-2.071672167216721760e+00 -5.968757118420522367e+00
-2.071067106710671180e+00 -5.967196122817316706e+00
-2.070462046204620599e+00 -5.965635193720359553e+00
-2.069856985698570018e+00 -5.964074331129652684e+00
-2.069251925192519437e+00 -5.962513535045193436e+00
-2.068646864686468856e+00 -5.960952805466984472e+00
-2.068041804180418275e+00 -5.959392142395025793e+00
-2.067436743674367694e+00 -5.957831545829315623e+00
-2.066831683168317113e+00 -5.956271015769853960e+00
-2.066226622662266532e+00 -5.954710552216644359e+00
-2.065621562156215951e+00 -5.953150155169681490e+00
-2.065016501650164926e+00 -5.951589824628968017e+00
-2.064411441144114789e+00 -5.950029560594504829e+00
-2.063806380638063764e+00 -5.948469363066291038e+00
-2.063201320132013628e+00 -5.946909232044327531e+00
-2.062596259625962603e+00 -5.945349167528611645e+00
-2.061991199119912466e+00 -5.943789169519147819e+00
-2.061386138613861441e+00 -5.942229238015930726e+00
-2.060781078107811304e+00 -5.940669373018964805e+00
-2.060176017601760279e+00 -5.939109574528245616e+00
-2.059570957095709698e+00 -5.937549842543777601e+00
-2.058965896589659117e+00 -5.935990177065558093e+00
-2.058360836083608536e+00 -5.934430578093589759e+00
-2.057755775577557955e+00 -5.932871045627869933e+00
-2.057150715071507374e+00 -5.931311579668398615e+00
-2.056545654565456793e+00 -5.929752180215177582e+00
-2.055940594059406212e+00 -5.928192847268205945e+00
-2.055335533553355631e+00 -5.926633580827483705e+00
-2.054730473047304606e+00 -5.925074380893009973e+00
-2.054125412541254470e+00 -5.923515247464787414e+00
-2.053520352035203445e+00 -5.921956180542810699e+00
-2.052915291529153308e+00 -5.920397180127087822e+00
-2.052310231023102283e+00 -5.918838246217610788e+00
-2.051705170517052146e+00 -5.917279378814384927e+00
-2.051100110011001121e+00 -5.915720577917406686e+00
-2.050495049504950984e+00 -5.914161843526681395e+00
-2.049889988998899959e+00 -5.912603175642201947e+00
-2.049284928492849822e+00 -5.911044574263975449e+00
-2.048679867986798797e+00 -5.909486039391993906e+00
-2.048074807480748216e+00 -5.907927571026264424e+00
-2.047469746974697635e+00 -5.906369169166784339e+00
-2.046864686468647054e+00 -5.904810833813552762e+00
-2.046259625962596473e+00 -5.903252564966570581e+00
-2.045654565456545892e+00 -5.901694362625839574e+00
-2.045049504950495312e+00 -5.900136226791355298e+00
-2.044444444444444731e+00 -5.898578157463122196e+00
-2.043839383938394150e+00 -5.897020154641138490e+00
-2.043234323432343125e+00 -5.895462218325401516e+00
-2.042629262926292988e+00 -5.893904348515917491e+00
-2.042024202420241963e+00 -5.892346545212681086e+00
-2.041419141914191826e+00 -5.890788808415694078e+00
-2.040814081408140801e+00 -5.889231138124955578e+00
-2.040209020902090664e+00 -5.887673534340470027e+00
-2.039603960396039639e+00 -5.886115997062228544e+00
-2.038998899889989502e+00 -5.884558526290242675e+00
-2.038393839383938477e+00 -5.883001122024500873e+00
-2.037788778877887896e+00 -5.881443784265010244e+00
-2.037183718371837315e+00 -5.879886513011769900e+00
-2.036578657865786735e+00 -5.878329308264778064e+00
-2.035973597359736154e+00 -5.876772170024035624e+00
-2.035368536853685573e+00 -5.875215098289542581e+00
-2.034763476347634992e+00 -5.873658093061298935e+00
-2.034158415841584411e+00 -5.872101154339305573e+00
-2.033553355335533830e+00 -5.870544282123560720e+00
-2.032948294829483249e+00 -5.868987476414066151e+00
-2.032343234323432668e+00 -5.867430737210819203e+00
-2.031738173817381643e+00 -5.865874064513821651e+00
-2.031133113311331506e+00 -5.864317458323076160e+00
-2.030528052805280481e+00 -5.862760918638575625e+00
-2.029922992299230344e+00 -5.861204445460328927e+00
-2.029317931793179319e+00 -5.859648038788328961e+00
-2.028712871287129182e+00 -5.858091698622579280e+00
-2.028107810781078157e+00 -5.856535424963078107e+00
-2.027502750275028021e+00 -5.854979217809828995e+00
-2.026897689768976996e+00 -5.853423077162826615e+00
-2.026292629262926415e+00 -5.851867003022074520e+00
-2.025687568756875834e+00 -5.850310995387570934e+00
-2.025082508250825253e+00 -5.848755054259318520e+00
-2.024477447744774672e+00 -5.847199179637313726e+00
-2.023872387238724091e+00 -5.845643371521558329e+00
-2.023267326732673510e+00 -5.844087629912053217e+00
-2.022662266226622929e+00 -5.842531954808798389e+00
-2.022057205720572348e+00 -5.840976346211791181e+00
-2.021452145214521767e+00 -5.839420804121035147e+00
-2.020847084708471186e+00 -5.837865328536526732e+00
-2.020242024202420161e+00 -5.836309919458266826e+00
-2.019636963696370024e+00 -5.834754576886259869e+00
-2.019031903190318999e+00 -5.833199300820498756e+00
-2.018426842684268863e+00 -5.831644091260988816e+00
-2.017821782178217838e+00 -5.830088948207727384e+00
-2.017216721672167701e+00 -5.828533871660716237e+00
-2.016611661166116676e+00 -5.826978861619952710e+00
-2.016006600660066539e+00 -5.825423918085442132e+00
-2.015401540154015514e+00 -5.823869041057177398e+00
-2.014796479647964933e+00 -5.822314230535163837e+00
-2.014191419141914352e+00 -5.820759486519398784e+00
-2.013586358635863771e+00 -5.819204809009884016e+00
-2.012981298129813190e+00 -5.817650198006617757e+00
-2.012376237623762609e+00 -5.816095653509600893e+00
-2.011771177117712028e+00 -5.814541175518835203e+00
-2.011166116611661447e+00 -5.812986764034316245e+00
-2.010561056105610866e+00 -5.811432419056048460e+00
-2.009955995599559841e+00 -5.809878140584027406e+00
-2.009350935093509705e+00 -5.808323928618260190e+00
-2.008745874587458680e+00 -5.806769783158737930e+00
-2.008140814081408543e+00 -5.805215704205468619e+00
-2.007535753575357518e+00 -5.803661691758446928e+00
-2.006930693069307381e+00 -5.802107745817675521e+00
-2.006325632563256356e+00 -5.800553866383151735e+00
-2.005720572057206219e+00 -5.799000053454879122e+00
-2.005115511551155194e+00 -5.797446307032855017e+00
-2.004510451045105057e+00 -5.795892627117081197e+00
-2.003905390539054032e+00 -5.794339013707554997e+00
-2.003300330033003451e+00 -5.792785466804279082e+00
-2.002695269526952870e+00 -5.791231986407252563e+00
-2.002090209020902289e+00 -5.789678572516475441e+00
-2.001485148514851709e+00 -5.788125225131948604e+00
-2.000880088008801128e+00 -5.786571944253670274e+00
-2.000275027502750547e+00 -5.785018729881642230e+00
-1.999669966996699966e+00 -5.783465582015861806e+00
-1.999064906490649385e+00 -5.781912500656332554e+00
-1.998459845984598804e+00 -5.780359485803050923e+00
-1.997854785478548223e+00 -5.778806537456019576e+00
-1.997249724972497642e+00 -5.777253655615237626e+00
-1.996644664466447061e+00 -5.775700840280705961e+00
-1.996039603960396036e+00 -5.774148091452421916e+00
-1.995434543454345455e+00 -5.772595409130387267e+00
-1.994829482948294874e+00 -5.771042793314602903e+00
-1.994224422442244293e+00 -5.769490244005067936e+00
-1.993619361936193712e+00 -5.767937761201782365e+00
-1.993014301430143131e+00 -5.766385344904746191e+00
-1.992409240924092551e+00 -5.764832995113959413e+00
-1.991804180418041970e+00 -5.763280711829422920e+00
-1.991199119911991389e+00 -5.761728495051134047e+00
-1.990594059405940808e+00 -5.760176344779095459e+00
-1.989988998899890227e+00 -5.758624261013305379e+00
-1.989383938393839646e+00 -5.757072243753765584e+00
-1.988778877887789065e+00 -5.755520293000475185e+00
-1.988173817381738484e+00 -5.753968408753434183e+00
-1.987568756875687903e+00 -5.752416591012642577e+00
-1.986963696369637322e+00 -5.750864839778098592e+00
-1.986358635863586741e+00 -5.749313155049805779e+00
-1.985753575357536160e+00 -5.747761536827761475e+00
-1.985148514851485579e+00 -5.746209985111967455e+00
-1.984543454345434554e+00 -5.744658499902421944e+00
-1.983938393839383973e+00 -5.743107081199125830e+00
-1.983333333333333393e+00 -5.741555729002080000e+00
-1.982728272827282812e+00 -5.740004443311282678e+00
-1.982123212321232231e+00 -5.738453224126735641e+00
-1.981518151815181650e+00 -5.736902071448438001e+00
-1.980913091309131069e+00 -5.735350985276389757e+00
-1.980308030803080488e+00 -5.733799965610590021e+00
-1.979702970297029907e+00 -5.732249012451040571e+00
-1.979097909790979326e+00 -5.730698125797738740e+00
-1.978492849284928745e+00 -5.729147305650688971e+00
-1.977887788778878164e+00 -5.727596552009886821e+00
-1.977282728272827583e+00 -5.726045864875334956e+00
-1.976677667766777002e+00 -5.724495244247030712e+00
-1.976072607260726421e+00 -5.722944690124977640e+00
-1.975467546754675841e+00 -5.721394202509173077e+00
-1.974862486248625260e+00 -5.719843781399617910e+00
-1.974257425742574679e+00 -5.718293426796313028e+00
-1.973652365236523654e+00 -5.716743138699255766e+00
-1.973047304730473073e+00 -5.715192917108449677e+00
-1.972442244224422492e+00 -5.713642762023891208e+00
-1.971837183718371911e+00 -5.712092673445583912e+00
-1.971232123212321330e+00 -5.710542651373524237e+00
-1.970627062706270749e+00 -5.708992695807715734e+00
-1.970022002200220168e+00 -5.707442806748155739e+00
-1.969416941694169587e+00 -5.705892984194846029e+00
-1.968811881188119006e+00 -5.704343228147784828e+00
-1.968206820682068425e+00 -5.702793538606973023e+00
-1.967601760176017844e+00 -5.701243915572410614e+00
-1.966996699669967263e+00 -5.699694359044098491e+00
-1.966391639163916683e+00 -5.698144869022034875e+00
-1.965786578657866102e+00 -5.696595445506220656e+00
-1.965181518151815521e+00 -5.695046088496656722e+00
-1.964576457645764940e+00 -5.693496797993339520e+00
-1.963971397139714359e+00 -5.691947573996273491e+00
-1.963366336633663778e+00 -5.690398416505457746e+00
-1.962761276127613197e+00 -5.688849325520889622e+00
-1.962156215621562172e+00 -5.687300301042570894e+00
-1.961551155115511591e+00 -5.685751343070502450e+00
-1.960946094609461010e+00 -5.684202451604682516e+00
-1.960341034103410429e+00 -5.682653626645112865e+00
-1.959735973597359848e+00 -5.681104868191791724e+00
-1.959130913091309267e+00 -5.679556176244721755e+00
-1.958525852585258686e+00 -5.678007550803901182e+00
-1.957920792079208105e+00 -5.676458991869328230e+00
-1.957315731573157525e+00 -5.674910499441004674e+00
-1.956710671067106944e+00 -5.673362073518930515e+00
-1.956105610561056363e+00 -5.671813714103107529e+00
-1.955500550055005782e+00 -5.670265421193533939e+00
-1.954895489548955201e+00 -5.668717194790207969e+00
-1.954290429042904620e+00 -5.667169034893132284e+00
-1.953685368536854039e+00 -5.665620941502305996e+00
-1.953080308030803458e+00 -5.664072914617728216e+00
-1.952475247524752877e+00 -5.662524954239399833e+00
-1.951870187018702296e+00 -5.660977060367322622e+00
-1.951265126512651271e+00 -5.659429233001492143e+00
-1.950660066006600690e+00 -5.657881472141912838e+00
-1.950055005500550109e+00 -5.656333777788581152e+00
-1.949449944994499528e+00 -5.654786149941500639e+00
-1.948844884488448947e+00 -5.653238588600670411e+00
-1.948239823982398367e+00 -5.651691093766087803e+00
-1.947634763476347786e+00 -5.650143665437755480e+00
-1.947029702970297205e+00 -5.648596303615671665e+00
-1.946424642464246624e+00 -5.647049008299838135e+00
-1.945819581958196043e+00 -5.645501779490253114e+00
-1.945214521452145462e+00 -5.643954617186917488e+00
-1.944609460946094881e+00 -5.642407521389833036e+00
-1.944004400440044300e+00 -5.640860492098995316e+00
-1.943399339933993719e+00 -5.639313529314409656e+00
-1.942794279427943138e+00 -5.637766633036071617e+00
-1.942189218921892557e+00 -5.636219803263982087e+00
-1.941584158415841976e+00 -5.634673039998144617e+00
-1.940979097909791395e+00 -5.633126343238553879e+00
-1.940374037403740815e+00 -5.631579712985214314e+00
-1.939768976897689789e+00 -5.630033149238122370e+00
-1.939163916391639209e+00 -5.628486651997279822e+00
-1.938558855885588628e+00 -5.626940221262688446e+00
-1.937953795379538047e+00 -5.625393857034344691e+00
-1.937348734873487466e+00 -5.623847559312251221e+00
-1.936743674367436885e+00 -5.622301328096408035e+00
-1.936138613861386304e+00 -5.620755163386814246e+00
-1.935533553355335723e+00 -5.619209065183468077e+00
-1.934928492849285142e+00 -5.617663033486373081e+00
-1.934323432343234561e+00 -5.616117068295525705e+00
-1.933718371837183980e+00 -5.614571169610929502e+00
-1.933113311331133399e+00 -5.613025337432580919e+00
-1.932508250825082818e+00 -5.611479571760483509e+00
-1.931903190319032237e+00 -5.609933872594634607e+00
-1.931298129812981657e+00 -5.608388239935035102e+00
-1.930693069306931076e+00 -5.606842673781684105e+00
-1.930088008800880495e+00 -5.605297174134584282e+00
-1.929482948294829914e+00 -5.603751740993732966e+00
-1.928877887788778889e+00 -5.602206374359129271e+00
-1.928272827282728308e+00 -5.600661074230777636e+00
-1.927667766776677727e+00 -5.599115840608673622e+00
-1.927062706270627146e+00 -5.597570673492819893e+00
-1.926457645764576565e+00 -5.596025572883215560e+00
-1.925852585258525984e+00 -5.594480538779860623e+00
-1.925247524752475403e+00 -5.592935571182755083e+00
-1.924642464246424822e+00 -5.591390670091899828e+00
-1.924037403740374241e+00 -5.589845835507291305e+00
-1.923432343234323660e+00 -5.588301067428934843e+00
-1.922827282728273079e+00 -5.586756365856825113e+00
-1.922222222222222499e+00 -5.585211730790968332e+00
-1.921617161716171918e+00 -5.583667162231358283e+00
-1.921012101210121337e+00 -5.582122660177998519e+00
-1.920407040704070756e+00 -5.580578224630887263e+00
-1.919801980198020175e+00 -5.579033855590026292e+00
-1.919196919691969594e+00 -5.577489553055414717e+00
-1.918591859185919013e+00 -5.575945317027052539e+00
-1.917986798679868432e+00 -5.574401147504937981e+00
-1.917381738173817407e+00 -5.572857044489073708e+00
-1.916776677667766826e+00 -5.571313007979460608e+00
-1.916171617161716245e+00 -5.569769037976094239e+00
-1.915566556655665664e+00 -5.568225134478979044e+00
-1.914961496149615083e+00 -5.566681297488113245e+00
-1.914356435643564502e+00 -5.565137527003495066e+00
-1.913751375137513921e+00 -5.563593823025128060e+00
-1.913146314631463341e+00 -5.562050185553010451e+00
-1.912541254125412760e+00 -5.560506614587142238e+00
-1.911936193619362179e+00 -5.558963110127522533e+00
-1.911331133113311598e+00 -5.557419672174152225e+00
-1.910726072607261017e+00 -5.555876300727032202e+00
-1.910121012101210436e+00 -5.554332995786159799e+00
-1.909515951595159855e+00 -5.552789757351538569e+00
-1.908910891089109274e+00 -5.551246585423164959e+00
-1.908305830583058693e+00 -5.549703480001044298e+00
-1.907700770077008112e+00 -5.548160441085169481e+00
-1.907095709570957531e+00 -5.546617468675545837e+00
-1.906490649064906506e+00 -5.545074562772169813e+00
-1.905885588558855925e+00 -5.543531723375043185e+00
-1.905280528052805344e+00 -5.541988950484167731e+00
-1.904675467546754764e+00 -5.540446244099541673e+00
-1.904070407040704183e+00 -5.538903604221163235e+00
-1.903465346534653602e+00 -5.537361030849035970e+00
-1.902860286028603021e+00 -5.535818523983158101e+00
-1.902255225522552440e+00 -5.534276083623527853e+00
-1.901650165016501859e+00 -5.532733709770148778e+00
-1.901045104510451278e+00 -5.531191402423017323e+00
-1.900440044004400697e+00 -5.529649161582137040e+00
-1.899834983498350116e+00 -5.528106987623133683e+00
-1.899229922992299535e+00 -5.526564887599479725e+00
-1.898624862486248954e+00 -5.525022864182313143e+00
-1.898019801980198373e+00 -5.523480917371632160e+00
-1.897414741474147792e+00 -5.521939047167438552e+00
-1.896809680968097211e+00 -5.520397253569730545e+00
-1.896204620462046631e+00 -5.518855536578509913e+00
-1.895599559955995606e+00 -5.517313896193773992e+00
-1.894994499449945025e+00 -5.515772332415527224e+00
-1.894389438943894444e+00 -5.514230845243765167e+00
-1.893784378437843863e+00 -5.512689434678491374e+00
-1.893179317931793282e+00 -5.511148100719702292e+00
-1.892574257425742701e+00 -5.509606843367401474e+00
-1.891969196919692120e+00 -5.508065662621587144e+00
-1.891364136413641539e+00 -5.506524558482259302e+00
-1.890759075907590958e+00 -5.504983530949416171e+00
-1.890154015401540377e+00 -5.503442580023061304e+00
-1.889548954895489796e+00 -5.501901705703192036e+00
-1.888943894389439215e+00 -5.500360907989811032e+00
-1.888338833883388634e+00 -5.498820186882914740e+00
-1.887733773377338053e+00 -5.497279542382505824e+00
-1.887128712871287473e+00 -5.495738974488583395e+00
-1.886523652365236892e+00 -5.494198483201148342e+00
-1.885918591859186311e+00 -5.492658068520198889e+00
-1.885313531353135730e+00 -5.491117730445735923e+00
-1.884708470847085149e+00 -5.489577468977760333e+00
-1.884103410341034124e+00 -5.488037284116268566e+00
-1.883498349834983543e+00 -5.486497175861265951e+00
-1.882893289328932962e+00 -5.484957144212749824e+00
-1.882288228822882381e+00 -5.483417189170719297e+00
-1.881683168316831800e+00 -5.481877310735175257e+00
-1.881078107810781219e+00 -5.480337508906118593e+00
-1.880473047304730638e+00 -5.478797783683548417e+00
-1.879867986798680057e+00 -5.477258135067465616e+00
-1.879262926292629476e+00 -5.475718563057866639e+00
-1.878657865786578895e+00 -5.474179067654756814e+00
-1.878052805280528315e+00 -5.472639648858131700e+00
-1.877447744774477734e+00 -5.471100306667995739e+00
-1.876842684268427153e+00 -5.469561041084343600e+00
-1.876237623762376572e+00 -5.468021852107178837e+00
-1.875632563256325991e+00 -5.466482739736501451e+00
-1.875027502750275410e+00 -5.464943703972310551e+00
-1.874422442244224829e+00 -5.463404744814605252e+00
-1.873817381738174248e+00 -5.461865862263387328e+00
-1.873212321232123223e+00 -5.460327056318654115e+00
-1.872607260726072642e+00 -5.458788326980409167e+00
-1.872002200220022061e+00 -5.457249674248649818e+00
-1.871397139713971480e+00 -5.455711098123377845e+00
-1.870792079207920899e+00 -5.454172598604593247e+00
-1.870187018701870318e+00 -5.452634175692294249e+00
-1.869581958195819738e+00 -5.451095829386481739e+00
-1.868976897689769157e+00 -5.449557559687154829e+00
-1.868371837183718576e+00 -5.448019366594317070e+00
-1.867766776677667995e+00 -5.446481250107964023e+00
-1.867161716171617414e+00 -5.444943210228097463e+00
-1.866556655665566833e+00 -5.443405246954718280e+00
-1.865951595159516252e+00 -5.441867360287825583e+00
-1.865346534653465671e+00 -5.440329550227419375e+00
-1.864741474147415090e+00 -5.438791816773499654e+00
-1.864136413641364509e+00 -5.437254159926065533e+00
-1.863531353135313928e+00 -5.435716579685119676e+00
-1.862926292629263347e+00 -5.434179076050659418e+00
-1.862321232123212766e+00 -5.432641649022686536e+00
-1.861716171617161741e+00 -5.431104298601197478e+00
-1.861111111111111160e+00 -5.429567024786195795e+00
-1.860506050605060580e+00 -5.428029827577682376e+00
-1.859900990099009999e+00 -5.426492706975656333e+00
-1.859295929592959418e+00 -5.424955662980115001e+00
-1.858690869086908837e+00 -5.423418695591060157e+00
-1.858085808580858256e+00 -5.421881804808492689e+00
-1.857480748074807675e+00 -5.420344990632410820e+00
-1.856875687568757094e+00 -5.418808253062816327e+00
-1.856270627062706513e+00 -5.417271592099709210e+00
-1.855665566556655932e+00 -5.415735007743087692e+00
-1.855060506050605351e+00 -5.414198499992952662e+00
-1.854455445544554770e+00 -5.412662068849303232e+00
-1.853850385038504189e+00 -5.411125714312142065e+00
-1.853245324532453608e+00 -5.409589436381467387e+00
-1.852640264026403027e+00 -5.408053235057278307e+00
-1.852035203520352447e+00 -5.406517110339574828e+00
-1.851430143014301866e+00 -5.404981062228360500e+00
-1.850825082508250841e+00 -5.403445090723629995e+00
-1.850220022002200260e+00 -5.401909195825386867e+00
-1.849614961496149679e+00 -5.400373377533632002e+00
-1.849009900990099098e+00 -5.398837635848361849e+00
-1.848404840484048517e+00 -5.397301970769579071e+00
-1.847799779977997936e+00 -5.395766382297282782e+00
-1.847194719471947355e+00 -5.394230870431472979e+00
-1.846589658965896774e+00 -5.392695435172149665e+00
-1.845984598459846193e+00 -5.391160076519313726e+00
-1.845379537953795612e+00 -5.389624794472962499e+00
-1.844774477447745031e+00 -5.388089589033099536e+00
-1.844169416941694450e+00 -5.386554460199723060e+00
-1.843564356435643870e+00 -5.385019407972832184e+00
-1.842959295929593289e+00 -5.383484432352428684e+00
-1.842354235423542708e+00 -5.381949533338511671e+00
-1.841749174917492127e+00 -5.380414710931080258e+00
-1.841144114411441546e+00 -5.378879965130136220e+00
-1.840539053905390965e+00 -5.377345295935678671e+00
-1.839933993399340384e+00 -5.375810703347707609e+00
-1.839328932893289359e+00 -5.374276187366221258e+00
-1.838723872387238778e+00 -5.372741747991224059e+00
-1.838118811881188197e+00 -5.371207385222712460e+00
-1.837513751375137616e+00 -5.369673099060688237e+00
-1.836908690869087035e+00 -5.368138889505150502e+00
-1.836303630363036454e+00 -5.366604756556098366e+00
-1.835698569856985873e+00 -5.365070700213532717e+00
-1.835093509350935292e+00 -5.363536720477453557e+00
-1.834488448844884712e+00 -5.362002817347862660e+00
-1.833883388338834131e+00 -5.360468990824757363e+00
-1.833278327832783550e+00 -5.358935240908138553e+00
-1.832673267326732969e+00 -5.357401567598006231e+00
-1.832068206820682388e+00 -5.355867970894360397e+00
-1.831463146314631807e+00 -5.354334450797200162e+00
-1.830858085808581226e+00 -5.352801007306527303e+00
-1.830253025302530645e+00 -5.351267640422340932e+00
-1.829647964796480064e+00 -5.349734350144641937e+00
-1.829042904290429483e+00 -5.348201136473429429e+00
-1.828437843784378458e+00 -5.346667999408700744e+00
-1.827832783278327877e+00 -5.345134938950462100e+00
-1.827227722772277296e+00 -5.343601955098708167e+00
-1.826622662266226715e+00 -5.342069047853440722e+00
-1.826017601760176134e+00 -5.340536217214660653e+00
-1.825412541254125554e+00 -5.339003463182367071e+00
-1.824807480748074973e+00 -5.337470785756559977e+00
-1.824202420242024392e+00 -5.335938184937240258e+00
-1.823597359735973811e+00 -5.334405660724406140e+00
-1.822992299229923230e+00 -5.332873213118059397e+00
-1.822387238723872649e+00 -5.331340842118197365e+00
-1.821782178217822068e+00 -5.329808547724823597e+00
-1.821177117711771487e+00 -5.328276329937935429e+00
-1.820572057205720906e+00 -5.326744188757534637e+00
-1.819966996699670325e+00 -5.325212124183618556e+00
-1.819361936193619744e+00 -5.323680136216191627e+00
-1.818756875687569163e+00 -5.322148224855250298e+00
-1.818151815181518582e+00 -5.320616390100794568e+00
-1.817546754675468001e+00 -5.319084631952826214e+00
-1.816941694169416976e+00 -5.317552950411342572e+00
-1.816336633663366396e+00 -5.316021345476347193e+00
-1.815731573157315815e+00 -5.314489817147839190e+00
-1.815126512651265234e+00 -5.312958365425816787e+00
-1.814521452145214653e+00 -5.311426990310280871e+00
-1.813916391639164072e+00 -5.309895691801230555e+00
-1.813311331133113491e+00 -5.308364469898669391e+00
-1.812706270627062910e+00 -5.306833324602592938e+00
-1.812101210121012329e+00 -5.305302255913004750e+00
-1.811496149614961748e+00 -5.303771263829900384e+00
-1.810891089108911167e+00 -5.302240348353285171e+00
-1.810286028602860586e+00 -5.300709509483154669e+00
-1.809680968096810005e+00 -5.299178747219512431e+00
-1.809075907590759424e+00 -5.297648061562354904e+00
-1.808470847084708844e+00 -5.296117452511684753e+00
-1.807865786578658263e+00 -5.294586920067501090e+00
-1.807260726072607682e+00 -5.293056464229804803e+00
-1.806655665566557101e+00 -5.291526084998595003e+00
-1.806050605060506076e+00 -5.289995782373869027e+00
-1.805445544554455495e+00 -5.288465556355631314e+00
-1.804840484048404914e+00 -5.286935406943880977e+00
-1.804235423542354333e+00 -5.285405334138616240e+00
-1.803630363036303752e+00 -5.283875337939839767e+00
-1.803025302530253171e+00 -5.282345418347548005e+00
-1.802420242024202590e+00 -5.280815575361742731e+00
-1.801815181518152009e+00 -5.279285808982425721e+00
-1.801210121012101428e+00 -5.277756119209594310e+00
-1.800605060506050847e+00 -5.276226506043249387e+00
-1.800000000000000266e+00 -5.274696969483391840e+00
-1.799394939493949686e+00 -5.273167509530019004e+00
-1.798789878987899105e+00 -5.271638126183134432e+00
-1.798184818481848524e+00 -5.270108819442735459e+00
-1.797579757975797943e+00 -5.268579589308822975e+00
-1.796974697469747362e+00 -5.267050435781397866e+00
-1.796369636963696781e+00 -5.265521358860457468e+00
-1.795764576457646200e+00 -5.263992358546006223e+00
-1.795159515951595175e+00 -5.262463434838038800e+00
-1.794554455445544594e+00 -5.260934587736560530e+00
-1.793949394939494013e+00 -5.259405817241567860e+00
-1.793344334433443432e+00 -5.257877123353061677e+00
-1.792739273927392851e+00 -5.256348506071041982e+00
-1.792134213421342270e+00 -5.254819965395507886e+00
-1.791529152915291689e+00 -5.253291501326462054e+00
-1.790924092409241108e+00 -5.251763113863902710e+00
-1.790319031903190528e+00 -5.250234803007828077e+00
-1.789713971397139947e+00 -5.248706568758241708e+00
-1.789108910891089366e+00 -5.247178411115141827e+00
-1.788503850385038785e+00 -5.245650330078528434e+00
-1.787898789878988204e+00 -5.244122325648400640e+00
-1.787293729372937623e+00 -5.242594397824760222e+00
-1.786688668866887042e+00 -5.241066546607605403e+00
-1.786083608360836461e+00 -5.239538771996938848e+00
-1.785478547854785880e+00 -5.238011073992757005e+00
-1.784873487348735299e+00 -5.236483452595062538e+00
-1.784268426842684718e+00 -5.234955907803854558e+00
-1.783663366336633693e+00 -5.233428439619132178e+00
-1.783058305830583112e+00 -5.231901048040897173e+00
-1.782453245324532531e+00 -5.230373733069150433e+00
-1.781848184818481950e+00 -5.228846494703888403e+00
-1.781243124312431370e+00 -5.227319332945113750e+00
-1.780638063806380789e+00 -5.225792247792824696e+00
-1.780033003300330208e+00 -5.224265239247023018e+00
-1.779427942794279627e+00 -5.222738307307707828e+00
-1.778822882288229046e+00 -5.221211451974878237e+00
-1.778217821782178465e+00 -5.219684673248536022e+00
-1.777612761276127884e+00 -5.218157971128680295e+00
-1.777007700770077303e+00 -5.216631345615311055e+00
-1.776402640264026722e+00 -5.215104796708429191e+00
-1.775797579757976141e+00 -5.213578324408032927e+00
-1.775192519251925560e+00 -5.212051928714123150e+00
-1.774587458745874979e+00 -5.210525609626700749e+00
-1.773982398239824398e+00 -5.208999367145763948e+00
-1.773377337733773818e+00 -5.207473201271313634e+00
-1.772772277227722793e+00 -5.205947112003349808e+00
-1.772167216721672212e+00 -5.204421099341872470e+00
-1.771562156215621631e+00 -5.202895163286882507e+00
-1.770957095709571050e+00 -5.201369303838379032e+00
-1.770352035203520469e+00 -5.199843520996362045e+00
-1.769746974697469888e+00 -5.198317814760831546e+00
-1.769141914191419307e+00 -5.196792185131787534e+00
-1.768536853685368726e+00 -5.195266632109230898e+00
-1.767931793179318145e+00 -5.193741155693160749e+00
-1.767326732673267564e+00 -5.192215755883576200e+00
-1.766721672167216983e+00 -5.190690432680478139e+00
-1.766116611661166402e+00 -5.189165186083867454e+00
-1.765511551155115821e+00 -5.187640016093742368e+00
-1.764906490649065240e+00 -5.186114922710104658e+00
-1.764301430143014660e+00 -5.184589905932952547e+00
-1.763696369636964079e+00 -5.183064965762287812e+00
-1.763091309130913498e+00 -5.181540102198109565e+00
-1.762486248624862917e+00 -5.180015315240417806e+00
-1.761881188118812336e+00 -5.178490604889212534e+00
-1.761276127612761311e+00 -5.176965971144491974e+00
-1.760671067106710730e+00 -5.175441414006260565e+00
-1.760066006600660149e+00 -5.173916933474514757e+00
-1.759460946094609568e+00 -5.172392529549256324e+00
-1.758855885588558987e+00 -5.170868202230483490e+00
-1.758250825082508406e+00 -5.169343951518198033e+00
-1.757645764576457825e+00 -5.167819777412398174e+00
-1.757040704070407244e+00 -5.166295679913084804e+00
-1.756435643564356663e+00 -5.164771659020258809e+00
-1.755830583058306082e+00 -5.163247714733920191e+00
-1.755225522552255502e+00 -5.161723847054066283e+00
-1.754620462046204921e+00 -5.160200055980699752e+00
-1.754015401540154340e+00 -5.158676341513819708e+00
-1.753410341034103759e+00 -5.157152703653426151e+00
-1.752805280528053178e+00 -5.155629142399519083e+00
-1.752200220022002597e+00 -5.154105657752099390e+00
-1.751595159515952016e+00 -5.152582249711166185e+00
-1.750990099009901435e+00 -5.151058918276718579e+00
-1.750385038503850410e+00 -5.149535663448756573e+00
-1.749779977997799829e+00 -5.148012485227281942e+00
-1.749174917491749248e+00 -5.146489383612294688e+00
-1.748569856985698667e+00 -5.144966358603793921e+00
-1.747964796479648086e+00 -5.143443410201779642e+00
-1.747359735973597505e+00 -5.141920538406251850e+00
-1.746754675467546924e+00 -5.140397743217210547e+00
-1.746149614961496344e+00 -5.138875024634655730e+00
-1.745544554455445763e+00 -5.137352382658587402e+00
-1.744939493949395182e+00 -5.135829817289005561e+00
-1.744334433443344601e+00 -5.134307328525911096e+00
-1.743729372937294020e+00 -5.132784916369302231e+00
-1.743124312431243439e+00 -5.131262580819179853e+00
-1.742519251925192858e+00 -5.129740321875544851e+00
-1.741914191419142277e+00 -5.128218139538396336e+00
-1.741309130913091696e+00 -5.126696033807733421e+00
-1.740704070407041115e+00 -5.125174004683557882e+00
-1.740099009900990534e+00 -5.123652052165868831e+00
-1.739493949394939953e+00 -5.122130176254665379e+00
-1.738888888888888928e+00 -5.120608376949949303e+00
-1.738283828382838347e+00 -5.119086654251719715e+00
-1.737678767876787767e+00 -5.117565008159976614e+00
-1.737073707370737186e+00 -5.116043438674719113e+00
-1.736468646864686605e+00 -5.114521945795949875e+00
-1.735863586358636024e+00 -5.113000529523666238e+00
-1.735258525852585443e+00 -5.111479189857869088e+00
-1.734653465346534862e+00 -5.109957926798559313e+00
-1.734048404840484281e+00 -5.108436740345736027e+00
-1.733443344334433700e+00 -5.106915630499398340e+00
-1.732838283828383119e+00 -5.105394597259548917e+00
-1.732233223322332538e+00 -5.103873640626184205e+00
-1.731628162816281957e+00 -5.102352760599306869e+00
-1.731023102310231376e+00 -5.100831957178916021e+00
-1.730418041804180795e+00 -5.099311230365011660e+00
-1.729812981298130214e+00 -5.097790580157594675e+00
-1.729207920792079634e+00 -5.096270006556663290e+00
-1.728602860286029053e+00 -5.094749509562218392e+00
-1.727997799779978028e+00 -5.093229089174259094e+00
-1.727392739273927447e+00 -5.091708745392788060e+00
-1.726787678767876866e+00 -5.090188478217802626e+00
-1.726182618261826285e+00 -5.088668287649303679e+00
-1.725577557755775704e+00 -5.087148173687292996e+00
-1.724972497249725123e+00 -5.085628136331766136e+00
-1.724367436743674542e+00 -5.084108175582729316e+00
-1.723762376237623961e+00 -5.082588291440175432e+00
-1.723157315731573380e+00 -5.081068483904110700e+00
-1.722552255225522799e+00 -5.079548752974531567e+00
-1.721947194719472218e+00 -5.078029098651438922e+00
-1.721342134213421637e+00 -5.076509520934832764e+00
-1.720737073707371056e+00 -5.074990019824713983e+00
-1.720132013201320476e+00 -5.073470595321080800e+00
-1.719526952695269895e+00 -5.071951247423934994e+00
-1.718921892189219314e+00 -5.070431976133275676e+00
-1.718316831683168733e+00 -5.068912781449101956e+00
-1.717711771177118152e+00 -5.067393663371414725e+00
-1.717106710671067571e+00 -5.065874621900215757e+00
-1.716501650165016546e+00 -5.064355657035500613e+00
-1.715896589658965965e+00 -5.062836768777273733e+00
-1.715291529152915384e+00 -5.061317957125533340e+00
-1.714686468646864803e+00 -5.059799222080279435e+00
-1.714081408140814222e+00 -5.058280563641512018e+00
-1.713476347634763641e+00 -5.056761981809231088e+00
-1.712871287128713060e+00 -5.055243476583438422e+00
-1.712266226622662479e+00 -5.053725047964130468e+00
-1.711661166116611899e+00 -5.052206695951309001e+00
-1.711056105610561318e+00 -5.050688420544974022e+00
-1.710451045104510737e+00 -5.049170221745125531e+00
-1.709845984598460156e+00 -5.047652099551765303e+00
-1.709240924092409575e+00 -5.046134053964889787e+00
-1.708635863586358994e+00 -5.044616084984502535e+00
-1.708030803080308413e+00 -5.043098192610599995e+00
-1.707425742574257832e+00 -5.041580376843184830e+00
-1.706820682068207251e+00 -5.040062637682256153e+00
-1.706215621562156670e+00 -5.038544975127814851e+00
-1.705610561056105645e+00 -5.037027389179858261e+00
-1.705005500550055064e+00 -5.035509879838388159e+00
-1.704400440044004483e+00 -5.033992447103406320e+00
-1.703795379537953902e+00 -5.032475090974910970e+00
-1.703190319031903321e+00 -5.030957811452902106e+00
-1.702585258525852741e+00 -5.029440608537378843e+00
-1.701980198019802160e+00 -5.027923482228342955e+00
-1.701375137513751579e+00 -5.026406432525792667e+00
-1.700770077007700998e+00 -5.024889459429729754e+00
-1.700165016501650417e+00 -5.023372562940154218e+00
-1.699559955995599836e+00 -5.021855746599611869e+00
-1.698954895489549255e+00 -5.020339019762643851e+00
-1.698349834983498674e+00 -5.018822382927422332e+00
-1.697744774477448093e+00 -5.017305836093945537e+00
-1.697139713971397512e+00 -5.015789379262214354e+00
-1.696534653465346931e+00 -5.014273012432228782e+00
-1.695929592959296350e+00 -5.012756735603987934e+00
-1.695324532453245769e+00 -5.011240548777491810e+00
-1.694719471947195188e+00 -5.009724451952743074e+00
-1.694114411441144163e+00 -5.008208445129738173e+00
-1.693509350935093583e+00 -5.006692528308478884e+00
-1.692904290429043002e+00 -5.005176701488966096e+00
-1.692299229922992421e+00 -5.003660964671198030e+00
-1.691694169416941840e+00 -5.002145317855174689e+00
-1.691089108910891259e+00 -5.000629761040896071e+00
-1.690484048404840678e+00 -4.999114294228365729e+00
-1.689878987898790097e+00 -4.997598917417579223e+00
-1.689273927392739516e+00 -4.996083630608538328e+00
-1.688668866886688935e+00 -4.994568433801242158e+00
-1.688063806380638354e+00 -4.993053326995692487e+00
-1.687458745874587773e+00 -4.991538310191886652e+00
-1.686853685368537192e+00 -4.990023383389826428e+00
-1.686248624862486611e+00 -4.988508546589512704e+00
-1.685643564356436030e+00 -4.986993799790944593e+00
-1.685038503850385450e+00 -4.985479142994121204e+00
-1.684433443344334869e+00 -4.983964576199043428e+00
-1.683828382838284288e+00 -4.982450099405710375e+00
-1.683223322332233263e+00 -4.980935712614122934e+00
-1.682618261826182682e+00 -4.979421415824280217e+00
-1.682013201320132101e+00 -4.977907209036184888e+00
-1.681408140814081520e+00 -4.976393092249833394e+00
-1.680803080308030939e+00 -4.974879065465228400e+00
-1.680198019801980358e+00 -4.973365128682368130e+00
-1.679592959295929777e+00 -4.971851281901253472e+00
-1.678987898789879196e+00 -4.970337525121883537e+00
-1.678382838283828615e+00 -4.968823858344260991e+00
-1.677777777777778034e+00 -4.967310281568381392e+00
-1.677172717271727453e+00 -4.965796794794248292e+00
-1.676567656765676873e+00 -4.964283398021860805e+00
-1.675962596259626292e+00 -4.962770091251218929e+00
-1.675357535753575711e+00 -4.961256874482321777e+00
-1.674752475247525130e+00 -4.959743747715171125e+00
-1.674147414741474549e+00 -4.958230710949764308e+00
-1.673542354235423968e+00 -4.956717764186103992e+00
-1.672937293729373387e+00 -4.955204907424188399e+00
-1.672332233223322362e+00 -4.953692140664017529e+00
-1.671727172717271781e+00 -4.952179463905593160e+00
-1.671122112211221200e+00 -4.950666877148914402e+00
-1.670517051705170619e+00 -4.949154380393981256e+00
-1.669911991199120038e+00 -4.947641973640792834e+00
-1.669306930693069457e+00 -4.946129656889350024e+00
-1.668701870187018876e+00 -4.944617430139651937e+00
-1.668096809680968295e+00 -4.943105293391699462e+00
-1.667491749174917715e+00 -4.941593246645493487e+00
-1.666886688668867134e+00 -4.940081289901032235e+00
-1.666281628162816553e+00 -4.938569423158315708e+00
-1.665676567656765972e+00 -4.937057646417345680e+00
-1.665071507150715391e+00 -4.935545959678120376e+00
-1.664466446644664810e+00 -4.934034362940641572e+00
-1.663861386138614229e+00 -4.932522856204906603e+00
-1.663256325632563648e+00 -4.931011439470919022e+00
-1.662651265126513067e+00 -4.929500112738674389e+00
-1.662046204620462486e+00 -4.927988876008177144e+00
-1.661441144114411905e+00 -4.926477729279423734e+00
-1.660836083608360880e+00 -4.924966672552415048e+00
-1.660231023102310299e+00 -4.923455705827153750e+00
-1.659625962596259718e+00 -4.921944829103637176e+00
-1.659020902090209137e+00 -4.920434042381866213e+00
-1.658415841584158557e+00 -4.918923345661840862e+00
-1.657810781078107976e+00 -4.917412738943561124e+00
-1.657205720572057395e+00 -4.915902222227026108e+00
-1.656600660066006814e+00 -4.914391795512236705e+00
-1.655995599559956233e+00 -4.912881458799192025e+00
-1.655390539053905652e+00 -4.911371212087893845e+00
-1.654785478547855071e+00 -4.909861055378340389e+00
-1.654180418041804490e+00 -4.908350988670532544e+00
-1.653575357535753909e+00 -4.906841011964470312e+00
-1.652970297029703328e+00 -4.905331125260152803e+00
-1.652365236523652747e+00 -4.903821328557580905e+00
-1.651760176017602166e+00 -4.902311621856755508e+00
-1.651155115511551585e+00 -4.900802005157673946e+00
-1.650550055005501005e+00 -4.899292478460339773e+00
-1.649944994499449979e+00 -4.897783041764748546e+00
-1.649339933993399399e+00 -4.896273695070902932e+00
-1.648734873487348818e+00 -4.894764438378804705e+00
-1.648129812981298237e+00 -4.893255271688450314e+00
-1.647524752475247656e+00 -4.891746194999842423e+00
-1.646919691969197075e+00 -4.890237208312979256e+00
-1.646314631463146494e+00 -4.888728311627861700e+00
-1.645709570957095913e+00 -4.887219504944489756e+00
-1.645104510451045332e+00 -4.885710788262863424e+00
-1.644499449944994751e+00 -4.884202161582980928e+00
-1.643894389438944170e+00 -4.882693624904845819e+00
-1.643289328932893589e+00 -4.881185178228453658e+00
-1.642684268426843008e+00 -4.879676821553809773e+00
-1.642079207920792427e+00 -4.878168554880908836e+00
-1.641474147414741847e+00 -4.876660378209754398e+00
-1.640869086908691266e+00 -4.875152291540345573e+00
-1.640264026402640685e+00 -4.873644294872682359e+00
-1.639658965896590104e+00 -4.872136388206763868e+00
-1.639053905390539523e+00 -4.870628571542590990e+00
-1.638448844884488498e+00 -4.869120844880162835e+00
-1.637843784378437917e+00 -4.867613208219481180e+00
-1.637238723872387336e+00 -4.866105661560544249e+00
-1.636633663366336755e+00 -4.864598204903352929e+00
-1.636028602860286174e+00 -4.863090838247907222e+00
-1.635423542354235593e+00 -4.861583561594206238e+00
-1.634818481848185012e+00 -4.860076374942251753e+00
-1.634213421342134431e+00 -4.858569278292041993e+00
-1.633608360836083850e+00 -4.857062271643577844e+00
-1.633003300330033269e+00 -4.855555354996859307e+00
-1.632398239823982689e+00 -4.854048528351885494e+00
-1.631793179317932108e+00 -4.852541791708657293e+00
-1.631188118811881527e+00 -4.851035145067174703e+00
-1.630583058305830946e+00 -4.849528588427436837e+00
-1.629977997799780365e+00 -4.848022121789445471e+00
-1.629372937293729784e+00 -4.846515745153199717e+00
-1.628767876787679203e+00 -4.845009458518698686e+00
-1.628162816281628622e+00 -4.843503261885943267e+00
-1.627557755775577597e+00 -4.841997155254931684e+00
-1.626952695269527016e+00 -4.840491138625666601e+00
-1.626347634763476435e+00 -4.838985211998148017e+00
-1.625742574257425854e+00 -4.837479375372374157e+00
-1.625137513751375273e+00 -4.835973628748344133e+00
-1.624532453245324692e+00 -4.834467972126061497e+00
-1.623927392739274111e+00 -4.832962405505523584e+00
-1.623322332233223531e+00 -4.831456928886731284e+00
-1.622717271727172950e+00 -4.829951542269684595e+00
-1.622112211221122369e+00 -4.828446245654382629e+00
-1.621507150715071788e+00 -4.826941039040827164e+00
-1.620902090209021207e+00 -4.825435922429015534e+00
-1.620297029702970626e+00 -4.823930895818950404e+00
-1.619691969196920045e+00 -4.822425959210631774e+00
-1.619086908690869464e+00 -4.820921112604056091e+00
-1.618481848184818883e+00 -4.819416355999226909e+00
-1.617876787678768302e+00 -4.817911689396142449e+00
-1.617271727172717721e+00 -4.816407112794805379e+00
-1.616666666666667140e+00 -4.814902626195212143e+00
-1.616061606160616115e+00 -4.813398229597362743e+00
-1.615456545654565534e+00 -4.811893923001261619e+00
-1.614851485148514953e+00 -4.810389706406905219e+00
-1.614246424642464373e+00 -4.808885579814293543e+00
-1.613641364136413792e+00 -4.807381543223426590e+00
-1.613036303630363211e+00 -4.805877596634307025e+00
-1.612431243124312630e+00 -4.804373740046931296e+00
-1.611826182618262049e+00 -4.802869973461302067e+00
-1.611221122112211468e+00 -4.801366296877417561e+00
-1.610616061606160887e+00 -4.799862710295278667e+00
-1.610011001100110306e+00 -4.798359213714884497e+00
-1.609405940594059725e+00 -4.796855807136235939e+00
-1.608800880088009144e+00 -4.795352490559333880e+00
-1.608195819581958563e+00 -4.793849263984176545e+00
-1.607590759075907982e+00 -4.792346127410764822e+00
-1.606985698569857401e+00 -4.790843080839097823e+00
-1.606380638063806821e+00 -4.789340124269177323e+00
-1.605775577557756240e+00 -4.787837257701000659e+00
-1.605170517051705215e+00 -4.786334481134570495e+00
-1.604565456545654634e+00 -4.784831794569885055e+00
-1.603960396039604053e+00 -4.783329198006944338e+00
-1.603355335533553472e+00 -4.781826691445751010e+00
-1.602750275027502891e+00 -4.780324274886302405e+00
-1.602145214521452310e+00 -4.778821948328598523e+00
-1.601540154015401729e+00 -4.777319711772641142e+00
-1.600935093509351148e+00 -4.775817565218428484e+00
-1.600330033003300567e+00 -4.774315508665961438e+00
-1.599724972497249986e+00 -4.772813542115240004e+00
-1.599119911991199405e+00 -4.771311665566263294e+00
-1.598514851485148824e+00 -4.769809879019032195e+00
-1.597909790979098243e+00 -4.768308182473546708e+00
-1.597304730473047663e+00 -4.766806575929806833e+00
-1.596699669966997082e+00 -4.765305059387812570e+00
-1.596094609460946501e+00 -4.763803632847562142e+00
-1.595489548954895920e+00 -4.762302296309058214e+00
-1.594884488448845339e+00 -4.760801049772300786e+00
-1.594279427942794758e+00 -4.759299893237287193e+00
-1.593674367436743733e+00 -4.757798826704017436e+00
-1.593069306930693152e+00 -4.756297850172495956e+00
-1.592464246424642571e+00 -4.754796963642719199e+00
-1.591859185918591990e+00 -4.753296167114687165e+00
-1.591254125412541409e+00 -4.751795460588400744e+00
-1.590649064906490828e+00 -4.750294844063859934e+00
-1.590044004400440247e+00 -4.748794317541064736e+00
-1.589438943894389666e+00 -4.747293881020015149e+00
-1.588833883388339085e+00 -4.745793534500710287e+00
-1.588228822882288505e+00 -4.744293277983151036e+00
-1.587623762376237924e+00 -4.742793111467337397e+00
-1.587018701870187343e+00 -4.741293034953268482e+00
-1.586413641364136762e+00 -4.739793048440946066e+00
-1.585808580858086181e+00 -4.738293151930368374e+00
-1.585203520352035600e+00 -4.736793345421537182e+00
-1.584598459845985019e+00 -4.735293628914450714e+00
-1.583993399339934438e+00 -4.733794002409108082e+00
-1.583388338833883857e+00 -4.732294465905512837e+00
-1.582783278327832832e+00 -4.730795019403661428e+00
-1.582178217821782251e+00 -4.729295662903556519e+00
-1.581573157315731670e+00 -4.727796396405196333e+00
-1.580968096809681089e+00 -4.726297219908581759e+00
-1.580363036303630508e+00 -4.724798133413712797e+00
-1.579757975797579928e+00 -4.723299136920589447e+00
-1.579152915291529347e+00 -4.721800230429211709e+00
-1.578547854785478766e+00 -4.720301413939577806e+00
-1.577942794279428185e+00 -4.718802687451690403e+00
-1.577337733773377604e+00 -4.717304050965549500e+00
-1.576732673267327023e+00 -4.715805504481152433e+00
-1.576127612761276442e+00 -4.714307047998501865e+00
-1.575522552255225861e+00 -4.712808681517596021e+00
-1.574917491749175280e+00 -4.711310405038435789e+00
-1.574312431243124699e+00 -4.709812218561021169e+00
-1.573707370737074118e+00 -4.708314122085351272e+00
-1.573102310231023537e+00 -4.706816115611426987e+00
-1.572497249724972956e+00 -4.705318199139248314e+00
-1.571892189218921931e+00 -4.703820372668814365e+00
-1.571287128712871350e+00 -4.702322636200126027e+00
-1.570682068206820770e+00 -4.700824989733184189e+00
-1.570077007700770189e+00 -4.699327433267987075e+00
-1.569471947194719608e+00 -4.697829966804534685e+00
-1.568866886688669027e+00 -4.696332590342828794e+00
-1.568261826182618446e+00 -4.694835303882867628e+00
-1.567656765676567865e+00 -4.693338107424652073e+00
-1.567051705170517284e+00 -4.691841000968182129e+00
-1.566446644664466703e+00 -4.690343984513456910e+00
-1.565841584158416122e+00 -4.688847058060478190e+00
-1.565236523652365541e+00 -4.687350221609244194e+00
-1.564631463146314960e+00 -4.685853475159754922e+00
-1.564026402640264379e+00 -4.684356818712012149e+00
-1.563421342134213798e+00 -4.682860252266014101e+00
-1.562816281628163217e+00 -4.681363775821762552e+00
-1.562211221122112637e+00 -4.679867389379254838e+00
-1.561606160616062056e+00 -4.678371092938494513e+00
-1.561001100110011475e+00 -4.676874886499478023e+00
-1.560396039603960450e+00 -4.675378770062206257e+00
-1.559790979097909869e+00 -4.673882743626680991e+00
-1.559185918591859288e+00 -4.672386807192901337e+00
-1.558580858085808707e+00 -4.670890960760866406e+00
-1.557975797579758126e+00 -4.669395204330577975e+00
-1.557370737073707545e+00 -4.667899537902033380e+00
-1.556765676567656964e+00 -4.666403961475235285e+00
-1.556160616061606383e+00 -4.664908475050182801e+00
-1.555555555555555802e+00 -4.663413078626874153e+00
-1.554950495049505221e+00 -4.661917772205312893e+00
-1.554345434543454640e+00 -4.660422555785496357e+00
-1.553740374037404059e+00 -4.658927429367425432e+00
-1.553135313531353479e+00 -4.657432392951099231e+00
-1.552530253025302898e+00 -4.655937446536518642e+00
-1.551925192519252317e+00 -4.654442590123683665e+00
-1.551320132013201736e+00 -4.652947823712593411e+00
-1.550715071507151155e+00 -4.651453147303248770e+00
-1.550110011001100574e+00 -4.649958560895650628e+00
-1.549504950495049549e+00 -4.648464064489796321e+00
-1.548899889988998968e+00 -4.646969658085688515e+00
-1.548294829482948387e+00 -4.645475341683325432e+00
-1.547689768976897806e+00 -4.643981115282707961e+00
-1.547084708470847225e+00 -4.642486978883836102e+00
-1.546479647964796644e+00 -4.640992932486709854e+00
-1.545874587458746063e+00 -4.639498976091328331e+00
-1.545269526952695482e+00 -4.638005109697692419e+00
-1.544664466446644902e+00 -4.636511333305803007e+00
-1.544059405940594321e+00 -4.635017646915657430e+00
-1.543454345434543740e+00 -4.633524050527258353e+00
-1.542849284928493159e+00 -4.632030544140604889e+00
-1.542244224422442578e+00 -4.630537127755695259e+00
-1.541639163916391997e+00 -4.629043801372532130e+00
-1.541034103410341416e+00 -4.627550564991114612e+00
-1.540429042904290835e+00 -4.626057418611441818e+00
-1.539823982398240254e+00 -4.624564362233514636e+00
-1.539218921892189673e+00 -4.623071395857333066e+00
-1.538613861386139092e+00 -4.621578519482897107e+00
-1.538008800880088067e+00 -4.620085733110204984e+00
-1.537403740374037486e+00 -4.618593036739260249e+00
-1.536798679867986905e+00 -4.617100430370059350e+00
-1.536193619361936324e+00 -4.615607914002604950e+00
-1.535588558855885744e+00 -4.614115487636896162e+00
-1.534983498349835163e+00 -4.612623151272932098e+00
-1.534378437843784582e+00 -4.611130904910712758e+00
-1.533773377337734001e+00 -4.609638748550240805e+00
-1.533168316831683420e+00 -4.608146682191512689e+00
-1.532563256325632839e+00 -4.606654705834530183e+00
-1.531958195819582258e+00 -4.605162819479293290e+00
-1.531353135313531677e+00 -4.603671023125802009e+00
-1.530748074807481096e+00 -4.602179316774055451e+00
-1.530143014301430515e+00 -4.600687700424055393e+00
-1.529537953795379934e+00 -4.599196174075800059e+00
-1.528932893289329353e+00 -4.597704737729290336e+00
-1.528327832783278772e+00 -4.596213391384525337e+00
-1.527722772277228191e+00 -4.594722135041506839e+00
-1.527117711771177166e+00 -4.593230968700233063e+00
-1.526512651265126586e+00 -4.591739892360703124e+00
-1.525907590759076005e+00 -4.590248906022921460e+00
-1.525302530253025424e+00 -4.588758009686883632e+00
-1.524697469746974843e+00 -4.587267203352592304e+00
-1.524092409240924262e+00 -4.585776487020044812e+00
-1.523487348734873681e+00 -4.584285860689243819e+00
-1.522882288228823100e+00 -4.582795324360187550e+00
-1.522277227722772519e+00 -4.581304878032877781e+00
-1.521672167216721938e+00 -4.579814521707311847e+00
-1.521067106710671357e+00 -4.578324255383492414e+00
-1.520462046204620776e+00 -4.576834079061418592e+00
-1.519856985698570195e+00 -4.575343992741089494e+00
-1.519251925192519614e+00 -4.573853996422506007e+00
-1.518646864686469034e+00 -4.572364090105668133e+00
-1.518041804180418453e+00 -4.570874273790574982e+00
-1.517436743674367872e+00 -4.569384547477228331e+00
-1.516831683168317291e+00 -4.567894911165625516e+00
-1.516226622662266710e+00 -4.566405364855770088e+00
-1.515621562156215685e+00 -4.564915908547657608e+00
-1.515016501650165104e+00 -4.563426542241291628e+00
-1.514411441144114523e+00 -4.561937265936672148e+00
-1.513806380638063942e+00 -4.560448079633797391e+00
-1.513201320132013361e+00 -4.558958983332667358e+00
-1.512596259625962780e+00 -4.557469977033283826e+00
-1.511991199119912199e+00 -4.555981060735645016e+00
-1.511386138613861618e+00 -4.554492234439752707e+00
-1.510781078107811037e+00 -4.553003498145603345e+00
-1.510176017601760456e+00 -4.551514851853202259e+00
-1.509570957095709876e+00 -4.550026295562545009e+00
-1.508965896589659295e+00 -4.548537829273633371e+00
-1.508360836083608714e+00 -4.547049452986467344e+00
-1.507755775577558133e+00 -4.545561166701046929e+00
-1.507150715071507552e+00 -4.544072970417370350e+00
-1.506545654565456971e+00 -4.542584864135440270e+00
-1.505940594059406390e+00 -4.541096847855255803e+00
-1.505335533553355809e+00 -4.539608921576816947e+00
-1.504730473047304784e+00 -4.538121085300121926e+00
-1.504125412541254203e+00 -4.536633339025172518e+00
-1.503520352035203622e+00 -4.535145682751970497e+00
-1.502915291529153041e+00 -4.533658116480513200e+00
-1.502310231023102460e+00 -4.532170640210800627e+00
-1.501705170517051879e+00 -4.530683253942833666e+00
-1.501100110011001298e+00 -4.529195957676612316e+00
-1.500495049504950718e+00 -4.527708751412136579e+00
-1.499889988998900137e+00 -4.526221635412968958e+00
-1.499284928492849556e+00 -4.524734620023919796e+00
-1.498679867986798975e+00 -4.523247710582126047e+00
-1.498074807480748394e+00 -4.521760907087586823e+00
-1.497469746974697813e+00 -4.520274209540299459e+00
-1.496864686468647232e+00 -4.518787617940266621e+00
-1.496259625962596651e+00 -4.517301132287487420e+00
-1.495654565456546070e+00 -4.515814752581964520e+00
-1.495049504950495489e+00 -4.514328478823690816e+00
-1.494444444444444908e+00 -4.512842311012673413e+00
-1.493839383938394327e+00 -4.511356249148909647e+00
-1.493234323432343302e+00 -4.509870293232398630e+00
-1.492629262926292721e+00 -4.508384443263143027e+00
-1.492024202420242140e+00 -4.506898699241140172e+00
-1.491419141914191560e+00 -4.505413061166390953e+00
-1.490814081408140979e+00 -4.503927529038894484e+00
-1.490209020902090398e+00 -4.502442102858654316e+00
-1.489603960396039817e+00 -4.500956782625666897e+00
-1.488998899889989236e+00 -4.499471568339933114e+00
-1.488393839383938655e+00 -4.497986460001452080e+00
-1.487788778877888074e+00 -4.496501457610226460e+00
-1.487183718371837493e+00 -4.495016561166252700e+00
-1.486578657865786912e+00 -4.493531770669533465e+00
-1.485973597359736331e+00 -4.492047086120068755e+00
-1.485368536853685750e+00 -4.490562507517857682e+00
-1.484763476347635169e+00 -4.489078034862900246e+00
-1.484158415841584588e+00 -4.487593668155195559e+00
-1.483553355335534008e+00 -4.486109407394746285e+00
-1.482948294829483427e+00 -4.484625252581549759e+00
-1.482343234323432402e+00 -4.483141203715605094e+00
-1.481738173817381821e+00 -4.481657260796916731e+00
-1.481133113311331240e+00 -4.480173423825482004e+00
-1.480528052805280659e+00 -4.478689692801300026e+00
-1.479922992299230078e+00 -4.477206067724373462e+00
-1.479317931793179497e+00 -4.475722548594698758e+00
-1.478712871287128916e+00 -4.474239135412279467e+00
-1.478107810781078335e+00 -4.472755828177112924e+00
-1.477502750275027754e+00 -4.471272626889200019e+00
-1.476897689768977173e+00 -4.469789531548540751e+00
-1.476292629262926592e+00 -4.468306542155136007e+00
-1.475687568756876011e+00 -4.466823658708984013e+00
-1.475082508250825430e+00 -4.465340881210087431e+00
-1.474477447744774850e+00 -4.463858209658443599e+00
-1.473872387238724269e+00 -4.462375644054052515e+00
-1.473267326732673688e+00 -4.460893184396916844e+00
-1.472662266226623107e+00 -4.459410830687033922e+00
-1.472057205720572526e+00 -4.457928582924405525e+00
-1.471452145214521945e+00 -4.456446441109029877e+00
-1.470847084708470920e+00 -4.454964405240907865e+00
-1.470242024202420339e+00 -4.453482475320040379e+00
-1.469636963696369758e+00 -4.452000651346426530e+00
-1.469031903190319177e+00 -4.450518933320067205e+00
-1.468426842684268596e+00 -4.449037321240959741e+00
-1.467821782178218015e+00 -4.447555815109107691e+00
-1.467216721672167434e+00 -4.446074414924508389e+00
-1.466611661166116853e+00 -4.444593120687163612e+00
-1.466006600660066272e+00 -4.443111932397072472e+00
-1.465401540154015692e+00 -4.441630850054235857e+00
-1.464796479647965111e+00 -4.440149873658651103e+00
-1.464191419141914530e+00 -4.438669003210320874e+00
-1.463586358635863949e+00 -4.437188238709245169e+00
-1.462981298129813368e+00 -4.435707580155422214e+00
-1.462376237623762787e+00 -4.434227027548852895e+00
-1.461771177117712206e+00 -4.432746580889538990e+00
-1.461166116611661625e+00 -4.431266240177476057e+00
-1.460561056105611044e+00 -4.429786005412669425e+00
-1.459955995599560019e+00 -4.428305876595114654e+00
-1.459350935093509438e+00 -4.426825853724814408e+00
-1.458745874587458857e+00 -4.425345936801767799e+00
-1.458140814081408276e+00 -4.423866125825975715e+00
-1.457535753575357695e+00 -4.422386420797437268e+00
-1.456930693069307114e+00 -4.420906821716151569e+00
-1.456325632563256534e+00 -4.419427328582120396e+00
-1.455720572057205953e+00 -4.417947941395343747e+00
-1.455115511551155372e+00 -4.416468660155819848e+00
-1.454510451045104791e+00 -4.414989484863548697e+00
-1.453905390539054210e+00 -4.413510415518533847e+00
-1.453300330033003629e+00 -4.412031452120770858e+00
-1.452695269526953048e+00 -4.410552594670261506e+00
-1.452090209020902467e+00 -4.409073843167006679e+00
-1.451485148514851886e+00 -4.407595197611005489e+00
-1.450880088008801305e+00 -4.406116658002257935e+00
-1.450275027502750724e+00 -4.404638224340764907e+00
-1.449669966996700143e+00 -4.403159896626523739e+00
-1.449064906490649118e+00 -4.401681674859537097e+00
-1.448459845984598537e+00 -4.400203559039804979e+00
-1.447854785478547957e+00 -4.398725549167325610e+00
-1.447249724972497376e+00 -4.397247645242100766e+00
-1.446644664466446795e+00 -4.395769847264129560e+00
-1.446039603960396214e+00 -4.394292155233411989e+00
-1.445434543454345633e+00 -4.392814569149948944e+00
-1.444829482948295052e+00 -4.391337089013737760e+00
-1.444224422442244471e+00 -4.389859714824781989e+00
-1.443619361936193890e+00 -4.388382446583079854e+00
-1.443014301430143309e+00 -4.386905284288631357e+00
-1.442409240924092728e+00 -4.385428227941435608e+00
-1.441804180418042147e+00 -4.383951277541495273e+00
-1.441199119911991566e+00 -4.382474433088806798e+00
-1.440594059405940985e+00 -4.380997694583372848e+00
-1.439988998899890404e+00 -4.379521062025193423e+00
-1.439383938393839824e+00 -4.378044535414267635e+00
-1.438778877887789243e+00 -4.376568114750594596e+00
-1.438173817381738662e+00 -4.375091800034176082e+00
-1.437568756875687637e+00 -4.373615591265010316e+00
-1.436963696369637056e+00 -4.372139488443099076e+00
-1.436358635863586475e+00 -4.370663491568441472e+00
-1.435753575357535894e+00 -4.369187600641037506e+00
-1.435148514851485313e+00 -4.367711815660888064e+00
-1.434543454345434732e+00 -4.366236136627991371e+00
-1.433938393839384151e+00 -4.364760563542350091e+00
-1.433333333333333570e+00 -4.363285096403960672e+00
-1.432728272827282989e+00 -4.361809735212825778e+00
-1.432123212321232408e+00 -4.360334479968944521e+00
-1.431518151815181827e+00 -4.358859330672317789e+00
-1.430913091309131246e+00 -4.357384287322942917e+00
-1.430308030803080666e+00 -4.355909349920822571e+00
-1.429702970297030085e+00 -4.354434518465957638e+00
-1.429097909790979504e+00 -4.352959792958344565e+00
-1.428492849284928923e+00 -4.351485173397986905e+00
-1.427887788778878342e+00 -4.350010659784881994e+00
-1.427282728272827761e+00 -4.348536252119029832e+00
-1.426677667766776736e+00 -4.347061950400432195e+00
-1.426072607260726155e+00 -4.345587754629088195e+00
-1.425467546754675574e+00 -4.344113664804997832e+00
-1.424862486248624993e+00 -4.342639680928161994e+00
-1.424257425742574412e+00 -4.341165802998579792e+00
-1.423652365236523831e+00 -4.339692031016250340e+00
-1.423047304730473250e+00 -4.338218364981176300e+00
-1.422442244224422669e+00 -4.336744804893355010e+00
-1.421837183718372088e+00 -4.335271350752786468e+00
-1.421232123212321508e+00 -4.333798002559473339e+00
-1.420627062706270927e+00 -4.332324760313413847e+00
-1.420022002200220346e+00 -4.330851624014607104e+00
-1.419416941694169765e+00 -4.329378593663055774e+00
-1.418811881188119184e+00 -4.327905669258757193e+00
-1.418206820682068603e+00 -4.326432850801711361e+00
-1.417601760176018022e+00 -4.324960138291920941e+00
-1.416996699669967441e+00 -4.323487531729383271e+00
-1.416391639163916860e+00 -4.322015031114100125e+00
-1.415786578657866279e+00 -4.320542636446069729e+00
-1.415181518151815254e+00 -4.319070347725292969e+00
-1.414576457645764673e+00 -4.317598164951770734e+00
-1.413971397139714092e+00 -4.316126088125501248e+00
-1.413366336633663511e+00 -4.314654117246487175e+00
-1.412761276127612931e+00 -4.313182252314725851e+00
-1.412156215621562350e+00 -4.311710493330218164e+00
-1.411551155115511769e+00 -4.310238840292965001e+00
-1.410946094609461188e+00 -4.308767293202964588e+00
-1.410341034103410607e+00 -4.307295852060219588e+00
-1.409735973597360026e+00 -4.305824516864726448e+00
-1.409130913091309445e+00 -4.304353287616487833e+00
-1.408525852585258864e+00 -4.302882164315502855e+00
-1.407920792079208283e+00 -4.301411146961772403e+00
-1.407315731573157702e+00 -4.299940235555295587e+00
-1.406710671067107121e+00 -4.298469430096070631e+00
-1.406105610561056540e+00 -4.296998730584101978e+00
-1.405500550055005959e+00 -4.295528137019386072e+00
-1.404895489548955378e+00 -4.294057649401923804e+00
-1.404290429042904353e+00 -4.292587267731713396e+00
-1.403685368536853773e+00 -4.291116992008759290e+00
-1.403080308030803192e+00 -4.289646822233057932e+00
-1.402475247524752611e+00 -4.288176758404610212e+00
-1.401870187018702030e+00 -4.286706800523417016e+00
-1.401265126512651449e+00 -4.285236948589477457e+00
-1.400660066006600868e+00 -4.283767202602791535e+00
-1.400055005500550287e+00 -4.282297562563359250e+00
-1.399449944994499706e+00 -4.280828028471179714e+00
-1.398844884488449125e+00 -4.279358600326255591e+00
-1.398239823982398544e+00 -4.277889278128584216e+00
-1.397634763476347963e+00 -4.276420061878166479e+00
-1.397029702970297382e+00 -4.274950951575003266e+00
-1.396424642464246801e+00 -4.273481947219093691e+00
-1.395819581958196220e+00 -4.272013048810437752e+00
-1.395214521452145640e+00 -4.270544256349035450e+00
-1.394609460946095059e+00 -4.269075569834885897e+00
-1.394004400440044478e+00 -4.267606989267991757e+00
-1.393399339933993897e+00 -4.266138514648350366e+00
-1.392794279427942872e+00 -4.264670145975962612e+00
-1.392189218921892291e+00 -4.263201883250828494e+00
-1.391584158415841710e+00 -4.261733726472948902e+00
-1.390979097909791129e+00 -4.260265675642322947e+00
-1.390374037403740548e+00 -4.258797730758951516e+00
-1.389768976897689967e+00 -4.257329891822831947e+00
-1.389163916391639386e+00 -4.255862158833966902e+00
-1.388558855885588805e+00 -4.254394531792356382e+00
-1.387953795379538224e+00 -4.252927010697999499e+00
-1.387348734873487643e+00 -4.251459595550896253e+00
-1.386743674367437063e+00 -4.249992286351045756e+00
-1.386138613861386482e+00 -4.248525083098449784e+00
-1.385533553355335901e+00 -4.247057985793107449e+00
-1.384928492849285320e+00 -4.245590994435018750e+00
-1.384323432343234739e+00 -4.244124109024184577e+00
-1.383718371837184158e+00 -4.242657329560603152e+00
-1.383113311331133577e+00 -4.241190656044276253e+00
-1.382508250825082996e+00 -4.239724088475202990e+00
-1.381903190319031971e+00 -4.238257626853382476e+00
-1.381298129812981390e+00 -4.236791271178815599e+00
-1.380693069306930809e+00 -4.235325021451503247e+00
-1.380088008800880228e+00 -4.233858877671445420e+00
-1.379482948294829647e+00 -4.232392839838640342e+00
-1.378877887788779066e+00 -4.230926907953088900e+00
-1.378272827282728485e+00 -4.229461082014791984e+00
-1.377667766776677905e+00 -4.227995362023748704e+00
-1.377062706270627324e+00 -4.226529747979959062e+00
-1.376457645764576743e+00 -4.225064239883423056e+00
-1.375852585258526162e+00 -4.223598837734140687e+00
-1.375247524752475581e+00 -4.222133541532111956e+00
-1.374642464246425000e+00 -4.220668351277336861e+00
-1.374037403740374419e+00 -4.219203266969817179e+00
-1.373432343234323838e+00 -4.217738288609549357e+00
-1.372827282728273257e+00 -4.216273416196536061e+00
-1.372222222222222676e+00 -4.214808649730776402e+00
-1.371617161716172095e+00 -4.213343989212270380e+00
-1.371012101210121514e+00 -4.211879434641017994e+00
-1.370407040704070489e+00 -4.210414986017018357e+00
-1.369801980198019908e+00 -4.208950643340274134e+00
-1.369196919691969327e+00 -4.207486406610783547e+00
-1.368591859185918747e+00 -4.206022275828545709e+00
-1.367986798679868166e+00 -4.204558250993563284e+00
-1.367381738173817585e+00 -4.203094332105832720e+00
-1.366776677667767004e+00 -4.201630519165356681e+00
-1.366171617161716423e+00 -4.200166812172134279e+00
-1.365566556655665842e+00 -4.198703211126166401e+00
-1.364961496149615261e+00 -4.197239716027452161e+00
-1.364356435643564680e+00 -4.195776326875990669e+00
-1.363751375137514099e+00 -4.194313043671783703e+00
-1.363146314631463518e+00 -4.192849866414830373e+00
-1.362541254125412937e+00 -4.191386795105129792e+00
-1.361936193619362356e+00 -4.189923829742684624e+00
-1.361331133113311775e+00 -4.188460970327492205e+00
-1.360726072607261194e+00 -4.186998216859553423e+00
-1.360121012101210614e+00 -4.185535569338869166e+00
-1.359515951595159589e+00 -4.184073027765437658e+00
-1.358910891089109008e+00 -4.182610592139260675e+00
-1.358305830583058427e+00 -4.181148262460337328e+00
-1.357700770077007846e+00 -4.179686038728667619e+00
-1.357095709570957265e+00 -4.178223920944251546e+00
-1.356490649064906684e+00 -4.176761909107089110e+00
-1.355885588558856103e+00 -4.175300003217181199e+00
-1.355280528052805522e+00 -4.173838203274526926e+00
-1.354675467546754941e+00 -4.172376509279126289e+00
-1.354070407040704360e+00 -4.170914921230979289e+00
-1.353465346534653779e+00 -4.169453439130085037e+00
-1.352860286028603198e+00 -4.167992062976445311e+00
-1.352255225522552617e+00 -4.166530792770059222e+00
-1.351650165016502037e+00 -4.165069628510926769e+00
-1.351045104510451456e+00 -4.163608570199048842e+00
-1.350440044004400875e+00 -4.162147617834424551e+00
-1.349834983498350294e+00 -4.160686771417053009e+00
-1.349229922992299713e+00 -4.159226030946935992e+00
-1.348624862486248688e+00 -4.157765396424071724e+00
-1.348019801980198107e+00 -4.156304867848461981e+00
-1.347414741474147526e+00 -4.154844445220105875e+00
-1.346809680968096945e+00 -4.153384128539004294e+00
-1.346204620462046364e+00 -4.151923917805156350e+00
-1.345599559955995783e+00 -4.150463813018562043e+00
-1.344994499449945202e+00 -4.149003814179220484e+00
-1.344389438943894621e+00 -4.147543921287133450e+00
-1.343784378437844040e+00 -4.146084134342300942e+00
-1.343179317931793459e+00 -4.144624453344721182e+00
-1.342574257425742879e+00 -4.143164878294395059e+00
-1.341969196919692298e+00 -4.141705409191322573e+00
-1.341364136413641717e+00 -4.140246046035504612e+00
-1.340759075907591136e+00 -4.138786788826939400e+00
-1.340154015401540555e+00 -4.137327637565629601e+00
-1.339548954895489974e+00 -4.135868592251571663e+00
-1.338943894389439393e+00 -4.134409652884768249e+00
-1.338338833883388812e+00 -4.132950819465218473e+00
-1.337733773377338231e+00 -4.131492091992923221e+00
-1.337128712871287206e+00 -4.130033470467879830e+00
-1.336523652365236625e+00 -4.128574954890091853e+00
-1.335918591859186044e+00 -4.127116545259556624e+00
-1.335313531353135463e+00 -4.125658241576276808e+00
-1.334708470847084882e+00 -4.124200043840248853e+00
-1.334103410341034301e+00 -4.122741952051476311e+00
-1.333498349834983721e+00 -4.121283966209956517e+00
-1.332893289328933140e+00 -4.119826086315690361e+00
-1.332288228822882559e+00 -4.118368312368678730e+00
-1.331683168316831978e+00 -4.116910644368919847e+00
-1.331078107810781397e+00 -4.115453082316415490e+00
-1.330473047304730816e+00 -4.113995626211164769e+00
-1.329867986798680235e+00 -4.112538276053167685e+00
-1.329262926292629654e+00 -4.111081031842424238e+00
-1.328657865786579073e+00 -4.109623893578934428e+00
-1.328052805280528492e+00 -4.108166861262700031e+00
-1.327447744774477911e+00 -4.106709934893717495e+00
-1.326842684268427330e+00 -4.105253114471989484e+00
-1.326237623762376305e+00 -4.103796399997514222e+00
-1.325632563256325724e+00 -4.102339791470292596e+00
-1.325027502750275143e+00 -4.100883288890325495e+00
-1.324422442244224563e+00 -4.099426892257612920e+00
-1.323817381738173982e+00 -4.097970601572153093e+00
-1.323212321232123401e+00 -4.096514416833947791e+00
-1.322607260726072820e+00 -4.095058338042995238e+00
-1.322002200220022239e+00 -4.093602365199296322e+00
-1.321397139713971658e+00 -4.092146498302852820e+00
-1.320792079207921077e+00 -4.090690737353661177e+00
-1.320187018701870496e+00 -4.089235082351724948e+00
-1.319581958195819915e+00 -4.087779533297041468e+00
-1.318976897689769334e+00 -4.086324090189612512e+00
-1.318371837183718753e+00 -4.084868753029436306e+00
-1.317766776677668172e+00 -4.083413521816513736e+00
-1.317161716171617591e+00 -4.081958396550845691e+00
-1.316556655665567011e+00 -4.080503377232431284e+00
-1.315951595159516430e+00 -4.079048463861270513e+00
-1.315346534653465849e+00 -4.077593656437363379e+00
-1.314741474147414824e+00 -4.076138954960709881e+00
-1.314136413641364243e+00 -4.074684359431310021e+00
-1.313531353135313662e+00 -4.073229869849164686e+00
-1.312926292629263081e+00 -4.071775486214272988e+00
-1.312321232123212500e+00 -4.070321208526634926e+00
-1.311716171617161919e+00 -4.068867036786250502e+00
-1.311111111111111338e+00 -4.067412970993119714e+00
-1.310506050605060757e+00 -4.065959011147242563e+00
-1.309900990099010176e+00 -4.064505157248619938e+00
-1.309295929592959595e+00 -4.063051409297250061e+00
-1.308690869086909014e+00 -4.061597767293134709e+00
-1.308085808580858433e+00 -4.060144231236272105e+00
-1.307480748074807853e+00 -4.058690801126664027e+00
-1.306875687568757272e+00 -4.057237476964309586e+00
-1.306270627062706691e+00 -4.055784258749209670e+00
-1.305665566556656110e+00 -4.054331146481361614e+00
-1.305060506050605529e+00 -4.052878140160768972e+00
-1.304455445544554948e+00 -4.051425239787429078e+00
-1.303850385038503923e+00 -4.049972445361341933e+00
-1.303245324532453342e+00 -4.048519756882511089e+00
-1.302640264026402761e+00 -4.047067174350932106e+00
-1.302035203520352180e+00 -4.045614697766608536e+00
-1.301430143014301599e+00 -4.044162327129537715e+00
-1.300825082508251018e+00 -4.042710062439720531e+00
-1.300220022002200437e+00 -4.041257903697156983e+00
-1.299614961496149856e+00 -4.039805857136314238e+00
-1.299009900990099275e+00 -4.038353945277607160e+00
-1.298404840484048695e+00 -4.036902170156781544e+00
-1.297799779977998114e+00 -4.035450531773836502e+00
-1.297194719471947533e+00 -4.033999030128774699e+00
-1.296589658965896952e+00 -4.032547665221591693e+00
-1.295984598459846371e+00 -4.031096437052291037e+00
-1.295379537953795790e+00 -4.029645345620870067e+00
-1.294774477447745209e+00 -4.028194390927332336e+00
-1.294169416941694628e+00 -4.026743572971674290e+00
-1.293564356435644047e+00 -4.025292891753896818e+00
-1.292959295929593466e+00 -4.023842347274000808e+00
-1.292354235423542441e+00 -4.022391939531985372e+00
-1.291749174917491860e+00 -4.020941668527852286e+00
-1.291144114411441279e+00 -4.019491534261597998e+00
-1.290539053905390698e+00 -4.018041536733226948e+00
-1.289933993399340117e+00 -4.016591675942736472e+00
-1.289328932893289537e+00 -4.015141951890128347e+00
-1.288723872387238956e+00 -4.013692364575398130e+00
-1.288118811881188375e+00 -4.012242913998551153e+00
-1.287513751375137794e+00 -4.010793600159585637e+00
-1.286908690869087213e+00 -4.009344423058498919e+00
-1.286303630363036632e+00 -4.007895382695294551e+00
-1.285698569856986051e+00 -4.006446479069971645e+00
-1.285093509350935470e+00 -4.004997712182530201e+00
-1.284488448844884889e+00 -4.003549082032967554e+00
-1.283883388338834308e+00 -4.002100588621289035e+00
-1.283278327832783727e+00 -4.000652231947489312e+00
-1.282673267326733146e+00 -3.999204012011571940e+00
-1.282068206820682565e+00 -3.997755928813534698e+00
-1.281463146314631540e+00 -3.996307982353378030e+00
-1.280858085808580960e+00 -3.994860172631103712e+00
-1.280253025302530379e+00 -3.993412499646709968e+00
-1.279647964796479798e+00 -3.991964963400196797e+00
-1.279042904290429217e+00 -3.990517563891565533e+00
-1.278437843784378636e+00 -3.989070301120815287e+00
-1.277832783278328055e+00 -3.987623175087946059e+00
-1.277227722772277474e+00 -3.986176185792957405e+00
-1.276622662266226893e+00 -3.984729333235850657e+00
-1.276017601760176312e+00 -3.983282617416623594e+00
-1.275412541254125731e+00 -3.981836038335278438e+00
-1.274807480748075150e+00 -3.980389595991814300e+00
-1.274202420242024569e+00 -3.978943290386231624e+00
-1.273597359735973988e+00 -3.977497121518529521e+00
-1.272992299229923407e+00 -3.976051089388707993e+00
-1.272387238723872827e+00 -3.974605193996767927e+00
-1.271782178217822246e+00 -3.973159435342709322e+00
-1.271177117711771665e+00 -3.971713813426532180e+00
-1.270572057205721084e+00 -3.970268328248235168e+00
-1.269966996699670059e+00 -3.968822979807818729e+00
-1.269361936193619478e+00 -3.967377768105283309e+00
-1.268756875687568897e+00 -3.965932693140630683e+00
-1.268151815181518316e+00 -3.964487754913858186e+00
-1.267546754675467735e+00 -3.963042953424966708e+00
-1.266941694169417154e+00 -3.961598288673955803e+00
-1.266336633663366573e+00 -3.960153760660827249e+00
-1.265731573157315992e+00 -3.958709369385578380e+00
-1.265126512651265411e+00 -3.957265114848211862e+00
-1.264521452145214830e+00 -3.955820997048725474e+00
-1.263916391639164249e+00 -3.954377015987120547e+00
-1.263311331133113669e+00 -3.952933171663395751e+00
-1.262706270627063088e+00 -3.951489464077553748e+00
-1.262101210121012507e+00 -3.950045893229590988e+00
-1.261496149614961926e+00 -3.948602459119510133e+00
-1.260891089108911345e+00 -3.947159161747310296e+00
-1.260286028602860764e+00 -3.945716001112991922e+00
-1.259680968096810183e+00 -3.944272977216554565e+00
-1.259075907590759158e+00 -3.942830090057996451e+00
-1.258470847084708577e+00 -3.941387339637321130e+00
-1.257865786578657996e+00 -3.939944725954526383e+00
-1.257260726072607415e+00 -3.938502249009613099e+00
-1.256655665566556834e+00 -3.937059908802580832e+00
-1.256050605060506253e+00 -3.935617705333430028e+00
-1.255445544554455672e+00 -3.934175638602158909e+00
-1.254840484048405091e+00 -3.932733708608770140e+00
-1.254235423542354511e+00 -3.931291915353261945e+00
-1.253630363036303930e+00 -3.929850258835634769e+00
-1.253025302530253349e+00 -3.928408739055888610e+00
-1.252420242024202768e+00 -3.926967356014024357e+00
-1.251815181518152187e+00 -3.925526109710040235e+00
-1.251210121012101606e+00 -3.924085000143937574e+00
-1.250605060506051025e+00 -3.922644027315715931e+00
-1.250000000000000444e+00 -3.921203191225374862e+00
-1.249394939493949863e+00 -3.919762491872914811e+00
-1.248789878987899282e+00 -3.918321929258336223e+00
-1.248184818481848701e+00 -3.916881503381639096e+00
-1.247579757975797676e+00 -3.915441214242821655e+00
-1.246974697469747095e+00 -3.914001061841885676e+00
-1.246369636963696514e+00 -3.912561046178832047e+00
-1.245764576457645934e+00 -3.911121167253658104e+00
-1.245159515951595353e+00 -3.909681425066366067e+00
-1.244554455445544772e+00 -3.908241819616954604e+00
-1.243949394939494191e+00 -3.906802350905424603e+00
-1.243344334433443610e+00 -3.905363018931775621e+00
-1.242739273927393029e+00 -3.903923823696007211e+00
-1.242134213421342448e+00 -3.902484765198120709e+00
-1.241529152915291867e+00 -3.901045843438114780e+00
-1.240924092409241286e+00 -3.899607058415989869e+00
-1.240319031903190705e+00 -3.898168410131745532e+00
-1.239713971397140124e+00 -3.896729898585382657e+00
-1.239108910891089543e+00 -3.895291523776901244e+00
-1.238503850385038962e+00 -3.893853285706300404e+00
-1.237898789878988381e+00 -3.892415184373580583e+00
-1.237293729372937801e+00 -3.890977219778742668e+00
-1.236688668866886776e+00 -3.889539391921783995e+00
-1.236083608360836195e+00 -3.888101700802707672e+00
-1.235478547854785614e+00 -3.886664146421511479e+00
-1.234873487348735033e+00 -3.885226728778198080e+00
-1.234268426842684452e+00 -3.883789447872764367e+00
-1.233663366336633871e+00 -3.882352303705212559e+00
-1.233058305830583290e+00 -3.880915296275541770e+00
-1.232453245324532709e+00 -3.879478425583751555e+00
-1.231848184818482128e+00 -3.878041691629842358e+00
-1.231243124312431547e+00 -3.876605094413814623e+00
-1.230638063806380966e+00 -3.875168633935667906e+00
-1.230033003300330385e+00 -3.873732310195401762e+00
-1.229427942794279804e+00 -3.872296123193017081e+00
-1.228822882288229223e+00 -3.870860072928512974e+00
-1.228217821782178643e+00 -3.869424159401890773e+00
-1.227612761276128062e+00 -3.867988382613148701e+00
-1.227007700770077481e+00 -3.866552742562288536e+00
-1.226402640264026900e+00 -3.865117239249308945e+00
-1.225797579757975875e+00 -3.863681872674209927e+00
-1.225192519251925294e+00 -3.862246642836992816e+00
-1.224587458745874713e+00 -3.860811549737655834e+00
-1.223982398239824132e+00 -3.859376593376200315e+00
-1.223377337733773551e+00 -3.857941773752626702e+00
-1.222772277227722970e+00 -3.856507090866933662e+00
-1.222167216721672389e+00 -3.855072544719121641e+00
-1.221562156215621808e+00 -3.853638135309190638e+00
-1.220957095709571227e+00 -3.852203862637140652e+00
-1.220352035203520646e+00 -3.850769726702971241e+00
-1.219746974697470066e+00 -3.849335727506683735e+00
-1.219141914191419485e+00 -3.847901865048277248e+00
-1.218536853685368904e+00 -3.846468139327750890e+00
-1.217931793179318323e+00 -3.845034550345106439e+00
-1.217326732673267742e+00 -3.843601098100343005e+00
-1.216721672167217161e+00 -3.842167782593461034e+00
-1.216116611661166580e+00 -3.840734603824458748e+00
-1.215511551155115999e+00 -3.839301561793337925e+00
-1.214906490649065418e+00 -3.837868656500099007e+00
-1.214301430143014393e+00 -3.836435887944740220e+00
-1.213696369636963812e+00 -3.835003256127262006e+00
-1.213091309130913231e+00 -3.833570761047666586e+00
-1.212486248624862650e+00 -3.832138402705950853e+00
-1.211881188118812069e+00 -3.830706181102117469e+00
-1.211276127612761488e+00 -3.829274096236164215e+00
-1.210671067106710908e+00 -3.827842148108091980e+00
-1.210066006600660327e+00 -3.826410336717901206e+00
-1.209460946094609746e+00 -3.824978662065591006e+00
-1.208855885588559165e+00 -3.823547124151162713e+00
-1.208250825082508584e+00 -3.822115722974614549e+00
-1.207645764576458003e+00 -3.820684458535948735e+00
-1.207040704070407422e+00 -3.819253330835162608e+00
-1.206435643564356841e+00 -3.817822339872257942e+00
-1.205830583058306260e+00 -3.816391485647235182e+00
-1.205225522552255679e+00 -3.814960768160092108e+00
-1.204620462046205098e+00 -3.813530187410831385e+00
-1.204015401540154517e+00 -3.812099743399450791e+00
-1.203410341034103492e+00 -3.810669436125950327e+00
-1.202805280528052911e+00 -3.809239265590331769e+00
-1.202200220022002330e+00 -3.807809231792595561e+00
-1.201595159515951750e+00 -3.806379334732739039e+00
-1.200990099009901169e+00 -3.804949574410764424e+00
-1.200385038503850588e+00 -3.803519950826669938e+00
-1.199779977997800007e+00 -3.802090463980457358e+00
-1.199174917491749426e+00 -3.800661113872125796e+00
-1.198569856985698845e+00 -3.799231900501674364e+00
-1.197964796479648264e+00 -3.797802823869104838e+00
-1.197359735973597683e+00 -3.796373883974415886e+00
-1.196754675467547102e+00 -3.794945080817608396e+00
-1.196149614961496521e+00 -3.793516414398681924e+00
-1.195544554455445940e+00 -3.792087884717636026e+00
-1.194939493949395359e+00 -3.790659491774472034e+00
-1.194334433443344778e+00 -3.789231235569188616e+00
-1.193729372937294197e+00 -3.787803116101786216e+00
-1.193124312431243617e+00 -3.786375133372264390e+00
-1.192519251925193036e+00 -3.784947287380624470e+00
-1.191914191419142011e+00 -3.783519578126864680e+00
-1.191309130913091430e+00 -3.782092005610986352e+00
-1.190704070407040849e+00 -3.780664569832989486e+00
-1.190099009900990268e+00 -3.779237270792873193e+00
-1.189493949394939687e+00 -3.777810108490637919e+00
-1.188888888888889106e+00 -3.776383082926284107e+00
-1.188283828382838525e+00 -3.774956194099811313e+00
-1.187678767876787944e+00 -3.773529442011219537e+00
-1.187073707370737363e+00 -3.772102826660509223e+00
-1.186468646864686782e+00 -3.770676348047679483e+00
-1.185863586358636201e+00 -3.769250006172731204e+00
-1.185258525852585620e+00 -3.767823801035663500e+00
-1.184653465346535040e+00 -3.766397732636477258e+00
-1.184048404840484459e+00 -3.764971800975171590e+00
-1.183443344334433878e+00 -3.763546006051747383e+00
-1.182838283828383297e+00 -3.762120347866203307e+00
-1.182233223322332716e+00 -3.760694826418541581e+00
-1.181628162816282135e+00 -3.759269441708760873e+00
-1.181023102310231110e+00 -3.757844193736858962e+00
-1.180418041804180529e+00 -3.756419082502840290e+00
-1.179812981298129948e+00 -3.754994108006702636e+00
-1.179207920792079367e+00 -3.753569270248445555e+00
-1.178602860286028786e+00 -3.752144569228069049e+00
-1.177997799779978205e+00 -3.750720004945574448e+00
-1.177392739273927624e+00 -3.749295577400961310e+00
-1.176787678767877043e+00 -3.747871286594228302e+00
-1.176182618261826462e+00 -3.746447132525376755e+00
-1.175577557755775882e+00 -3.745023115194405783e+00
-1.174972497249725301e+00 -3.743599234601316272e+00
-1.174367436743674720e+00 -3.742175490746108224e+00
-1.173762376237624139e+00 -3.740751883628780750e+00
-1.173157315731573558e+00 -3.739328413249334737e+00
-1.172552255225522977e+00 -3.737905079607768410e+00
-1.171947194719472396e+00 -3.736481882704084878e+00
-1.171342134213421815e+00 -3.735058822538281920e+00
-1.170737073707371234e+00 -3.733635899110359535e+00
-1.170132013201320653e+00 -3.732213112420318613e+00
-1.169526952695269628e+00 -3.730790462468157376e+00
-1.168921892189219047e+00 -3.729367949253878489e+00
-1.168316831683168466e+00 -3.727945572777480621e+00
-1.167711771177117885e+00 -3.726523333038963770e+00
-1.167106710671067304e+00 -3.725101230038327937e+00
-1.166501650165016724e+00 -3.723679263775573567e+00
-1.165896589658966143e+00 -3.722257434250699770e+00
-1.165291529152915562e+00 -3.720835741463707436e+00
-1.164686468646864981e+00 -3.719414185414595675e+00
-1.164081408140814400e+00 -3.717992766103364932e+00
-1.163476347634763819e+00 -3.716571483530015207e+00
-1.162871287128713238e+00 -3.715150337694547389e+00
-1.162266226622662657e+00 -3.713729328596959700e+00
-1.161661166116612076e+00 -3.712308456237253473e+00
-1.161056105610561495e+00 -3.710887720615429153e+00
-1.160451045104510914e+00 -3.709467121731484518e+00
-1.159845984598460333e+00 -3.708046659585420901e+00
-1.159240924092409752e+00 -3.706626334177239190e+00
-1.158635863586358727e+00 -3.705206145506936721e+00
-1.158030803080308146e+00 -3.703786093574517935e+00
-1.157425742574257566e+00 -3.702366178379978390e+00
-1.156820682068206985e+00 -3.700946399923321195e+00
-1.156215621562156404e+00 -3.699526758204544130e+00
-1.155610561056105823e+00 -3.698107253223647639e+00
-1.155005500550055242e+00 -3.696687884980633498e+00
-1.154400440044004661e+00 -3.695268653475499931e+00
-1.153795379537954080e+00 -3.693849558708247827e+00
-1.153190319031903499e+00 -3.692430600678876740e+00
-1.152585258525852918e+00 -3.691011779387385783e+00
-1.151980198019802337e+00 -3.689593094833777176e+00
-1.151375137513751756e+00 -3.688174547018048699e+00
-1.150770077007701175e+00 -3.686756135940201240e+00
-1.150165016501650594e+00 -3.685337861600234799e+00
-1.149559955995600014e+00 -3.683919723998149820e+00
-1.148954895489549433e+00 -3.682501723133946303e+00
-1.148349834983498852e+00 -3.681083859007623360e+00
-1.147744774477448271e+00 -3.679666131619180991e+00
-1.147139713971397246e+00 -3.678248540968619196e+00
-1.146534653465346665e+00 -3.676831087055939307e+00
-1.145929592959296084e+00 -3.675413769881140880e+00
-1.145324532453245503e+00 -3.673996589444222582e+00
-1.144719471947194922e+00 -3.672579545745185747e+00
-1.144114411441144341e+00 -3.671162638784030818e+00
-1.143509350935093760e+00 -3.669745868560756463e+00
-1.142904290429043179e+00 -3.668329235075362682e+00
-1.142299229922992598e+00 -3.666912738327850363e+00
-1.141694169416942017e+00 -3.665496378318218618e+00
-1.141089108910891436e+00 -3.664080155046468779e+00
-1.140484048404840856e+00 -3.662664068512599513e+00
-1.139878987898790275e+00 -3.661248118716611266e+00
-1.139273927392739694e+00 -3.659832305658504481e+00
-1.138668866886689113e+00 -3.658416629338278270e+00
-1.138063806380638532e+00 -3.657001089755933521e+00
-1.137458745874587951e+00 -3.655585686911469345e+00
-1.136853685368537370e+00 -3.654170420804886632e+00
-1.136248624862486345e+00 -3.652755291436183605e+00
-1.135643564356435764e+00 -3.651340298805362927e+00
-1.135038503850385183e+00 -3.649925442912422824e+00
-1.134433443344334602e+00 -3.648510723757364183e+00
-1.133828382838284021e+00 -3.647096141340187003e+00
-1.133223322332233440e+00 -3.645681695660890398e+00
-1.132618261826182859e+00 -3.644267386719474366e+00
-1.132013201320132278e+00 -3.642853214515940685e+00
-1.131408140814081698e+00 -3.641439179050287578e+00
-1.130803080308031117e+00 -3.640025280322515044e+00
-1.130198019801980536e+00 -3.638611518332623973e+00
-1.129592959295929955e+00 -3.637197893080613476e+00
-1.128987898789879374e+00 -3.635784404566484440e+00
-1.128382838283828793e+00 -3.634371052790235979e+00
-1.127777777777778212e+00 -3.632957837751869423e+00
-1.127172717271727631e+00 -3.631544759451383442e+00
-1.126567656765677050e+00 -3.630131817888779366e+00
-1.125962596259626469e+00 -3.628719013064054533e+00
-1.125357535753575444e+00 -3.627306344977211161e+00
-1.124752475247524863e+00 -3.625893813628248807e+00
-1.124147414741474282e+00 -3.624481419017168360e+00
-1.123542354235423701e+00 -3.623069161143968486e+00
-1.122937293729373120e+00 -3.621657040008650519e+00
-1.122332233223322540e+00 -3.620245055611213125e+00
-1.121727172717271959e+00 -3.618833207951656750e+00
-1.121122112211221378e+00 -3.617421497029981392e+00
-1.120517051705170797e+00 -3.616009922846186164e+00
-1.119911991199120216e+00 -3.614598485400273287e+00
-1.119306930693069635e+00 -3.613187184692240983e+00
-1.118701870187019054e+00 -3.611776020722090141e+00
-1.118096809680968473e+00 -3.610364993489820318e+00
-1.117491749174917892e+00 -3.608954102995431068e+00
-1.116886688668867311e+00 -3.607543349238923724e+00
-1.116281628162816730e+00 -3.606132732220296955e+00
-1.115676567656766149e+00 -3.604722251939550759e+00
-1.115071507150715568e+00 -3.603311908396685581e+00
-1.114466446644664988e+00 -3.601901701591701865e+00
-1.113861386138613963e+00 -3.600491631524598724e+00
-1.113256325632563382e+00 -3.599081698195377044e+00
-1.112651265126512801e+00 -3.597671901604036382e+00
-1.112046204620462220e+00 -3.596262241750577182e+00
-1.111441144114411639e+00 -3.594852718634998556e+00
-1.110836083608361058e+00 -3.593443332257301392e+00
-1.110231023102310477e+00 -3.592034082617485247e+00
-1.109625962596259896e+00 -3.590624969715549675e+00
-1.109020902090209315e+00 -3.589215993551495565e+00
-1.108415841584158734e+00 -3.587807154125322917e+00
-1.107810781078108153e+00 -3.586398451437030843e+00
-1.107205720572057572e+00 -3.584989885486619787e+00
-1.106600660066006991e+00 -3.583581456274089305e+00
-1.105995599559956410e+00 -3.582173163799440285e+00
-1.105390539053905830e+00 -3.580765008062672727e+00
-1.104785478547855249e+00 -3.579356989063786187e+00
-1.104180418041804668e+00 -3.577949106802780221e+00
-1.103575357535754087e+00 -3.576541361279655717e+00
-1.102970297029703062e+00 -3.575133752494410899e+00
-1.102365236523652481e+00 -3.573726280447048431e+00
-1.101760176017601900e+00 -3.572318945137566981e+00
-1.101155115511551319e+00 -3.570911746565966549e+00
-1.100550055005500738e+00 -3.569504684732246691e+00
-1.099944994499450157e+00 -3.568097759804175872e+00
-1.099339933993399576e+00 -3.566690995436923028e+00
-1.098734873487348995e+00 -3.565284408407205952e+00
-1.098129812981298414e+00 -3.563877998715023310e+00
-1.097524752475247833e+00 -3.562471766360375991e+00
-1.096919691969197252e+00 -3.561065711343262663e+00
-1.096314631463146672e+00 -3.559659833663685546e+00
-1.095709570957096091e+00 -3.558254133321643309e+00
-1.095104510451045510e+00 -3.556848610317134618e+00
-1.094499449944994929e+00 -3.555443264650162583e+00
-1.093894389438944348e+00 -3.554038096320725426e+00
-1.093289328932893767e+00 -3.552633105328822705e+00
-1.092684268426843186e+00 -3.551228291674454862e+00
-1.092079207920792605e+00 -3.549823655357622787e+00
-1.091474147414741580e+00 -3.548419196378324258e+00
-1.090869086908690999e+00 -3.547014914736562385e+00
-1.090264026402640418e+00 -3.545610810432334947e+00
-1.089658965896589837e+00 -3.544206883465642388e+00
-1.089053905390539256e+00 -3.542803133836484264e+00
-1.088448844884488675e+00 -3.541399561544861907e+00
-1.087843784378438095e+00 -3.539996166590775317e+00
-1.087238723872387514e+00 -3.538592948974222718e+00
-1.086633663366336933e+00 -3.537189908695205443e+00
-1.086028602860286352e+00 -3.535787045753723046e+00
-1.085423542354235771e+00 -3.534384360149775972e+00
-1.084818481848185190e+00 -3.532981851883362889e+00
-1.084213421342134609e+00 -3.531579520954486018e+00
-1.083608360836084028e+00 -3.530177367363144025e+00
-1.083003300330033447e+00 -3.528775391109336468e+00
-1.082398239823982866e+00 -3.527373592193064233e+00
-1.081793179317932285e+00 -3.525971970614326878e+00
-1.081188118811881704e+00 -3.524570526373125290e+00
-1.080583058305830679e+00 -3.523169259469456804e+00
-1.079977997799780098e+00 -3.521768169903325418e+00
-1.079372937293729517e+00 -3.520367257674728023e+00
-1.078767876787678937e+00 -3.518966522783665507e+00
-1.078162816281628356e+00 -3.517565965230138758e+00
-1.077557755775577775e+00 -3.516165585014145556e+00
-1.076952695269527194e+00 -3.514765382135689453e+00
-1.076347634763476613e+00 -3.513365356594767341e+00
-1.075742574257426032e+00 -3.511965508391380109e+00
-1.075137513751375451e+00 -3.510565837525527755e+00
-1.074532453245324870e+00 -3.509166343997211168e+00
-1.073927392739274289e+00 -3.507767027806429017e+00
-1.073322332233223708e+00 -3.506367888953182632e+00
-1.072717271727173127e+00 -3.504968927437470683e+00
-1.072112211221122546e+00 -3.503570143259293168e+00
-1.071507150715071965e+00 -3.502171536418650977e+00
-1.070902090209021384e+00 -3.500773106915544997e+00
-1.070297029702970804e+00 -3.499374854749973007e+00
-1.069691969196920223e+00 -3.497976779921935897e+00
-1.069086908690869198e+00 -3.496578882431433666e+00
-1.068481848184818617e+00 -3.495181162278466314e+00
-1.067876787678768036e+00 -3.493783619463033840e+00
-1.067271727172717455e+00 -3.492386253985137134e+00
-1.066666666666666874e+00 -3.490989065844775308e+00
-1.066061606160616293e+00 -3.489592055041949248e+00
-1.065456545654565712e+00 -3.488195221576656735e+00
-1.064851485148515131e+00 -3.486798565448900433e+00
-1.064246424642464550e+00 -3.485402086658678567e+00
-1.063641364136413969e+00 -3.484005785205991579e+00
-1.063036303630363388e+00 -3.482609661090839914e+00
-1.062431243124312807e+00 -3.481213714313223129e+00
-1.061826182618262226e+00 -3.479817944873142554e+00
-1.061221122112211646e+00 -3.478422352770595083e+00
-1.060616061606161065e+00 -3.477026938005582934e+00
-1.060011001100110484e+00 -3.475631700578106997e+00
-1.059405940594059903e+00 -3.474236640488165051e+00
-1.058800880088009322e+00 -3.472841757735758872e+00
-1.058195819581958297e+00 -3.471447052320885795e+00
-1.057590759075907716e+00 -3.470052524243549819e+00
-1.056985698569857135e+00 -3.468658173503747832e+00
-1.056380638063806554e+00 -3.467264000101482058e+00
-1.055775577557755973e+00 -3.465870004036749830e+00
-1.055170517051705392e+00 -3.464476185309553813e+00
-1.054565456545654811e+00 -3.463082543919892231e+00
-1.053960396039604230e+00 -3.461689079867765528e+00
-1.053355335533553649e+00 -3.460295793153173705e+00
-1.052750275027503069e+00 -3.458902683776117204e+00
-1.052145214521452488e+00 -3.457509751736596026e+00
-1.051540154015401907e+00 -3.456116997034609728e+00
-1.050935093509351326e+00 -3.454724419670158309e+00
-1.050330033003300745e+00 -3.453332019643242656e+00
-1.049724972497250164e+00 -3.451939796953860107e+00
-1.049119911991199583e+00 -3.450547751602014213e+00
-1.048514851485149002e+00 -3.449155883587702753e+00
-1.047909790979098421e+00 -3.447764192910926617e+00
-1.047304730473047840e+00 -3.446372679571685804e+00
-1.046699669966996815e+00 -3.444981343569978094e+00
-1.046094609460946234e+00 -3.443590184905806151e+00
-1.045489548954895653e+00 -3.442199203579170863e+00
-1.044884488448845072e+00 -3.440808399590070010e+00
-1.044279427942794491e+00 -3.439417772938502704e+00
-1.043674367436743911e+00 -3.438027323624472054e+00
-1.043069306930693330e+00 -3.436637051647976282e+00
-1.042464246424642749e+00 -3.435246957009014057e+00
-1.041859185918592168e+00 -3.433857039707588488e+00
-1.041254125412541587e+00 -3.432467299743696909e+00
-1.040649064906491006e+00 -3.431077737117340654e+00
-1.040044004400440425e+00 -3.429688351828519721e+00
-1.039438943894389844e+00 -3.428299143877234112e+00
-1.038833883388339263e+00 -3.426910113263482938e+00
-1.038228822882288682e+00 -3.425521259987266642e+00
-1.037623762376238101e+00 -3.424132584048585670e+00
-1.037018701870187520e+00 -3.422744085447439577e+00
-1.036413641364136939e+00 -3.421355764183828363e+00
-1.035808580858085914e+00 -3.419967620257752028e+00
-1.035203520352035333e+00 -3.418579653669210572e+00
-1.034598459845984753e+00 -3.417191864418205327e+00
-1.033993399339934172e+00 -3.415804252504733185e+00
-1.033388338833883591e+00 -3.414416817928797254e+00
-1.032783278327833010e+00 -3.413029560690397091e+00
-1.032178217821782429e+00 -3.411642480789530918e+00
-1.031573157315731848e+00 -3.410255578226200068e+00
-1.030968096809681267e+00 -3.408868853000403654e+00
-1.030363036303630686e+00 -3.407482305112143894e+00
-1.029757975797580105e+00 -3.406095934561417238e+00
-1.029152915291529524e+00 -3.404709741348226792e+00
-1.028547854785478943e+00 -3.403323725472571670e+00
-1.027942794279428362e+00 -3.401937886934449651e+00
-1.027337733773377781e+00 -3.400552225733864287e+00
-1.026732673267327201e+00 -3.399166741870813357e+00
-1.026127612761276620e+00 -3.397781435345297751e+00
-1.025522552255226039e+00 -3.396396306157317024e+00
-1.024917491749175458e+00 -3.395011354306871176e+00
-1.024312431243124433e+00 -3.393626579793959763e+00
-1.023707370737073852e+00 -3.392241982618583673e+00
-1.023102310231023271e+00 -3.390857562780743351e+00
-1.022497249724972690e+00 -3.389473320280437907e+00
-1.021892189218922109e+00 -3.388089255117666898e+00
-1.021287128712871528e+00 -3.386705367292431212e+00
-1.020682068206820947e+00 -3.385321656804730850e+00
-1.020077007700770366e+00 -3.383938123654564478e+00
-1.019471947194719785e+00 -3.382554767841934318e+00
-1.018866886688669204e+00 -3.381171589366839036e+00
-1.018261826182618623e+00 -3.379788588229278190e+00
-1.017656765676568043e+00 -3.378405764429253111e+00
-1.017051705170517462e+00 -3.377023117966762022e+00
-1.016446644664466881e+00 -3.375640648841806701e+00
-1.015841584158416300e+00 -3.374258357054386259e+00
-1.015236523652365719e+00 -3.372876242604501584e+00
-1.014631463146315138e+00 -3.371494305492150456e+00
-1.014026402640264557e+00 -3.370112545717335095e+00
-1.013421342134213532e+00 -3.368730963280054169e+00
-1.012816281628162951e+00 -3.367349558180308122e+00
-1.012211221122112370e+00 -3.365968330418098287e+00
-1.011606160616061789e+00 -3.364587279993423330e+00
-1.011001100110011208e+00 -3.363206406906281920e+00
-1.010396039603960627e+00 -3.361825711156676277e+00
-1.009790979097910046e+00 -3.360445192744606402e+00
-1.009185918591859465e+00 -3.359064851670071405e+00
-1.008580858085808885e+00 -3.357684687933071288e+00
-1.007975797579758304e+00 -3.356304701533606050e+00
-1.007370737073707723e+00 -3.354924892471675246e+00
-1.006765676567657142e+00 -3.353545260747280654e+00
-1.006160616061606561e+00 -3.352165806360420497e+00
-1.005555555555555980e+00 -3.350786529311095219e+00
-1.004950495049505399e+00 -3.349407429599304376e+00
-1.004345434543454818e+00 -3.348028507225049299e+00
-1.003740374037404237e+00 -3.346649762188329102e+00
-1.003135313531353656e+00 -3.345271194489143785e+00
-1.002530253025302631e+00 -3.343892804127492902e+00
-1.001925192519252050e+00 -3.342514591103377786e+00
-1.001320132013201469e+00 -3.341136555416797993e+00
-1.000715071507150888e+00 -3.339758697067752635e+00
-1.000110011001100307e+00 -3.338381016056242157e+00
-9.995049504950497266e-01 -3.337003512382267001e+00
-9.988998899889991456e-01 -3.335626186045827168e+00
-9.982948294829485647e-01 -3.334249037046922215e+00
-9.976897689768979838e-01 -3.332872065385551696e+00
-9.970847084708474029e-01 -3.331495271061717389e+00
-9.964796479647968219e-01 -3.330118654075417517e+00
-9.958745874587462410e-01 -3.328742214426652524e+00
-9.952695269526956601e-01 -3.327365952115422409e+00
-9.946644664466450791e-01 -3.325989867141728507e+00
-9.940594059405944982e-01 -3.324613959505567706e+00
-9.934543454345439173e-01 -3.323238229206942673e+00
-9.928492849284933364e-01 -3.321862676245852519e+00
-9.922442244224427554e-01 -3.320487300622298132e+00
-9.916391639163921745e-01 -3.319112102336277736e+00
-9.910341034103411495e-01 -3.317737081387792664e+00
-9.904290429042905686e-01 -3.316362237776842470e+00
-9.898239823982399876e-01 -3.314987571503428043e+00
-9.892189218921894067e-01 -3.313613082567548052e+00
-9.886138613861388258e-01 -3.312238770969202939e+00
-9.880088008800882449e-01 -3.310864636708393594e+00
-9.874037403740376639e-01 -3.309490679785118683e+00
-9.867986798679870830e-01 -3.308116900199378652e+00
-9.861936193619365021e-01 -3.306743297951173943e+00
-9.855885588558859212e-01 -3.305369873040504558e+00
-9.849834983498353402e-01 -3.303996625467369608e+00
-9.843784378437847593e-01 -3.302623555231770425e+00
-9.837733773377341784e-01 -3.301250662333705677e+00
-9.831683168316835975e-01 -3.299877946773175807e+00
-9.825632563256330165e-01 -3.298505408550180817e+00
-9.819581958195824356e-01 -3.297133047664721595e+00
-9.813531353135318547e-01 -3.295760864116797251e+00
-9.807480748074812738e-01 -3.294388857906407342e+00
-9.801430143014302487e-01 -3.293017029033551424e+00
-9.795379537953796678e-01 -3.291645377498232605e+00
-9.789328932893290869e-01 -3.290273903300447778e+00
-9.783278327832785060e-01 -3.288902606440198273e+00
-9.777227722772279250e-01 -3.287531486917484091e+00
-9.771177117711773441e-01 -3.286160544732304789e+00
-9.765126512651267632e-01 -3.284789779884660366e+00
-9.759075907590761823e-01 -3.283419192374550377e+00
-9.753025302530256013e-01 -3.282048782201975712e+00
-9.746974697469750204e-01 -3.280678549366936814e+00
-9.740924092409244395e-01 -3.279308493869431906e+00
-9.734873487348738585e-01 -3.277938615709462766e+00
-9.728822882288232776e-01 -3.276568914887028505e+00
-9.722772277227726967e-01 -3.275199391402129123e+00
-9.716721672167221158e-01 -3.273830045254765064e+00
-9.710671067106715348e-01 -3.272460876444935440e+00
-9.704620462046209539e-01 -3.271091884972641139e+00
-9.698569856985703730e-01 -3.269723070837881718e+00
-9.692519251925197921e-01 -3.268354434040657619e+00
-9.686468646864687670e-01 -3.266985974580967067e+00
-9.680418041804181861e-01 -3.265617692458812726e+00
-9.674367436743676052e-01 -3.264249587674194153e+00
-9.668316831683170243e-01 -3.262881660227109570e+00
-9.662266226622664433e-01 -3.261513910117560311e+00
-9.656215621562158624e-01 -3.260146337345546375e+00
-9.650165016501652815e-01 -3.258778941911066873e+00
-9.644114411441147006e-01 -3.257411723814123139e+00
-9.638063806380641196e-01 -3.256044683054713840e+00
-9.632013201320135387e-01 -3.254677819632839864e+00
-9.625962596259629578e-01 -3.253311133548500322e+00
-9.619911991199123769e-01 -3.251944624801696548e+00
-9.613861386138617959e-01 -3.250578293392427653e+00
-9.607810781078112150e-01 -3.249212139320693193e+00
-9.601760176017606341e-01 -3.247846162586494501e+00
-9.595709570957100532e-01 -3.246480363189830243e+00
-9.589658965896594722e-01 -3.245114741130701752e+00
-9.583608360836088913e-01 -3.243749296409107252e+00
-9.577557755775578663e-01 -3.242384029025047631e+00
-9.571507150715072854e-01 -3.241018938978523778e+00
-9.565456545654567044e-01 -3.239654026269535247e+00
-9.559405940594061235e-01 -3.238289290898080708e+00
-9.553355335533555426e-01 -3.236924732864161491e+00
-9.547304730473049617e-01 -3.235560352167778042e+00
-9.541254125412543807e-01 -3.234196148808928584e+00
-9.535203520352037998e-01 -3.232832122787614892e+00
-9.529152915291532189e-01 -3.231468274103836524e+00
-9.523102310231026379e-01 -3.230104602757592147e+00
-9.517051705170520570e-01 -3.228741108748883537e+00
-9.511001100110014761e-01 -3.227377792077709806e+00
-9.504950495049508952e-01 -3.226014652744070954e+00
-9.498899889989003142e-01 -3.224651691491120076e+00
-9.492849284928497333e-01 -3.223288937487604144e+00
-9.486798679867991524e-01 -3.221926405782365777e+00
-9.480748074807485715e-01 -3.220564096375406304e+00
-9.474697469746979905e-01 -3.219202009266724396e+00
-9.468646864686474096e-01 -3.217840144456320939e+00
-9.462596259625963846e-01 -3.216478501944195934e+00
-9.456545654565458037e-01 -3.215117081730349824e+00
-9.450495049504952227e-01 -3.213755883814781278e+00
-9.444444444444446418e-01 -3.212394908197491628e+00
-9.438393839383940609e-01 -3.211034154878480429e+00
-9.432343234323434800e-01 -3.209673623857747238e+00
-9.426292629262928990e-01 -3.208313315135292498e+00
-9.420242024202423181e-01 -3.206953228711115766e+00
-9.414191419141917372e-01 -3.205593364585218374e+00
-9.408140814081411563e-01 -3.204233722757599434e+00
-9.402090209020905753e-01 -3.202874303228257613e+00
-9.396039603960399944e-01 -3.201515105997194244e+00
-9.389988998899894135e-01 -3.200156131064409770e+00
-9.383938393839388326e-01 -3.198797378429903748e+00
-9.377887788778882516e-01 -3.197438848093675734e+00
-9.371837183718376707e-01 -3.196080540055726615e+00
-9.365786578657870898e-01 -3.194722454316054616e+00
-9.359735973597365088e-01 -3.193364590874662401e+00
-9.353685368536854838e-01 -3.192006949731547305e+00
-9.347634763476349029e-01 -3.190649530886711105e+00
-9.341584158415843220e-01 -3.189292334340153356e+00
-9.335533553355337411e-01 -3.187935360091874504e+00
-9.329482948294831601e-01 -3.186578608141873215e+00
-9.323432343234325792e-01 -3.185222078490149933e+00
-9.317381738173819983e-01 -3.183865771136705547e+00
-9.311331133113314173e-01 -3.182509686081539613e+00
-9.305280528052808364e-01 -3.181153823324652130e+00
-9.299229922992302555e-01 -3.179798182866042655e+00
-9.293179317931796746e-01 -3.178442764705711632e+00
-9.287128712871290936e-01 -3.177087568843659504e+00
-9.281078107810785127e-01 -3.175732595279884496e+00
-9.275027502750279318e-01 -3.174377844014388828e+00
-9.268976897689773509e-01 -3.173023315047171611e+00
-9.262926292629267699e-01 -3.171669008378231958e+00
-9.256875687568761890e-01 -3.170314924007572088e+00
-9.250825082508256081e-01 -3.168961061935188894e+00
-9.244774477447750272e-01 -3.167607422161084596e+00
-9.238723872387240021e-01 -3.166254004685257861e+00
-9.232673267326734212e-01 -3.164900809507710022e+00
-9.226622662266228403e-01 -3.163547836628441079e+00
-9.220572057205722594e-01 -3.162195086047450143e+00
-9.214521452145216784e-01 -3.160842557764737659e+00
-9.208470847084710975e-01 -3.159490251780304071e+00
-9.202420242024205166e-01 -3.158138168094148046e+00
-9.196369636963699357e-01 -3.156786306706270473e+00
-9.190319031903193547e-01 -3.155434667616672240e+00
-9.184268426842687738e-01 -3.154083250825350682e+00
-9.178217821782181929e-01 -3.152732056332308908e+00
-9.172167216721676120e-01 -3.151381084137544253e+00
-9.166116611661170310e-01 -3.150030334241058938e+00
-9.160066006600664501e-01 -3.148679806642852075e+00
-9.154015401540158692e-01 -3.147329501342921887e+00
-9.147964796479652883e-01 -3.145979418341272371e+00
-9.141914191419147073e-01 -3.144629557637899531e+00
-9.135863586358641264e-01 -3.143279919232805586e+00
-9.129812981298131014e-01 -3.141930503125989649e+00
-9.123762376237625205e-01 -3.140581309317452163e+00
-9.117711771177119395e-01 -3.139232337807193574e+00
-9.111661166116613586e-01 -3.137883588595212991e+00
-9.105610561056107777e-01 -3.136535061681510861e+00
-9.099559955995601968e-01 -3.135186757066087182e+00
-9.093509350935096158e-01 -3.133838674748941955e+00
-9.087458745874590349e-01 -3.132490814730074735e+00
-9.081408140814084540e-01 -3.131143177009485523e+00
-9.075357535753578730e-01 -3.129795761587175651e+00
-9.069306930693072921e-01 -3.128448568463143786e+00
-9.063256325632567112e-01 -3.127101597637389929e+00
-9.057205720572061303e-01 -3.125754849109914080e+00
-9.051155115511555493e-01 -3.124408322880717126e+00
-9.045104510451049684e-01 -3.123062018949798624e+00
-9.039053905390543875e-01 -3.121715937317158129e+00
-9.033003300330038066e-01 -3.120370077982796087e+00
-9.026952695269532256e-01 -3.119024440946712495e+00
-9.020902090209022006e-01 -3.117679026208906912e+00
-9.014851485148516197e-01 -3.116333833769379780e+00
-9.008800880088010388e-01 -3.114988863628131099e+00
-9.002750275027504578e-01 -3.113644115785160427e+00
-8.996699669966998769e-01 -3.112299590240468650e+00
-8.990649064906492960e-01 -3.110955286994055324e+00
-8.984598459845987151e-01 -3.109611206045920007e+00
-8.978547854785481341e-01 -3.108267347396063585e+00
-8.972497249724975532e-01 -3.106923711044484726e+00
-8.966446644664469723e-01 -3.105580296991184763e+00
-8.960396039603963914e-01 -3.104237105236163252e+00
-8.954345434543458104e-01 -3.102894135779419749e+00
-8.948294829482952295e-01 -3.101551388620954697e+00
-8.942244224422446486e-01 -3.100208863760767652e+00
-8.936193619361940677e-01 -3.098866561198859060e+00
-8.930143014301434867e-01 -3.097524480935228919e+00
-8.924092409240929058e-01 -3.096182622969877674e+00
-8.918041804180423249e-01 -3.094840987302804436e+00
-8.911991199119917439e-01 -3.093499573934010094e+00
-8.905940594059407189e-01 -3.092158382863491539e+00
-8.899889988998901380e-01 -3.090817414091253212e+00
-8.893839383938395571e-01 -3.089476667617294225e+00
-8.887788778877889762e-01 -3.088136143441611914e+00
-8.881738173817383952e-01 -3.086795841564208942e+00
-8.875687568756878143e-01 -3.085455761985083978e+00
-8.869636963696372334e-01 -3.084115904704237021e+00
-8.863586358635866524e-01 -3.082776269721668960e+00
-8.857535753575360715e-01 -3.081436857037379351e+00
-8.851485148514854906e-01 -3.080097666651368193e+00
-8.845434543454349097e-01 -3.078758698563634599e+00
-8.839383938393843287e-01 -3.077419952774179901e+00
-8.833333333333337478e-01 -3.076081429283003210e+00
-8.827282728272831669e-01 -3.074743128090104971e+00
-8.821232123212325860e-01 -3.073405049195485628e+00
-8.815181518151820050e-01 -3.072067192599144292e+00
-8.809130913091314241e-01 -3.070729558301080964e+00
-8.803080308030808432e-01 -3.069392146301296975e+00
-8.797029702970298182e-01 -3.068054956599789218e+00
-8.790979097909792372e-01 -3.066717989196560801e+00
-8.784928492849286563e-01 -3.065381244091611279e+00
-8.778877887788780754e-01 -3.064044721284939765e+00
-8.772827282728274945e-01 -3.062708420776546703e+00
-8.766776677667769135e-01 -3.061372342566432092e+00
-8.760726072607263326e-01 -3.060036486654595933e+00
-8.754675467546757517e-01 -3.058700853041038670e+00
-8.748624862486251708e-01 -3.057365441725758970e+00
-8.742574257425745898e-01 -3.056030252708757722e+00
-8.736523652365240089e-01 -3.054695285990034481e+00
-8.730473047304734280e-01 -3.053360541569590136e+00
-8.724422442244228471e-01 -3.052026019447423799e+00
-8.718371837183722661e-01 -3.050691719623536358e+00
-8.712321232123216852e-01 -3.049357642097926480e+00
-8.706270627062711043e-01 -3.048023786870595497e+00
-8.700220022002205233e-01 -3.046690153941542967e+00
-8.694169416941699424e-01 -3.045356743310768444e+00
-8.688118811881193615e-01 -3.044023554978271928e+00
-8.682068206820683365e-01 -3.042690588944052976e+00
-8.676017601760177556e-01 -3.041357845208113808e+00
-8.669966996699671746e-01 -3.040025323770453092e+00
-8.663916391639165937e-01 -3.038693024631069939e+00
-8.657865786578660128e-01 -3.037360947789965682e+00
-8.651815181518154318e-01 -3.036029093247140320e+00
-8.645764576457648509e-01 -3.034697461002592078e+00
-8.639713971397142700e-01 -3.033366051056322732e+00
-8.633663366336636891e-01 -3.032034863408331837e+00
-8.627612761276131081e-01 -3.030703898058619394e+00
-8.621562156215625272e-01 -3.029373155007185403e+00
-8.615511551155119463e-01 -3.028042634254028975e+00
-8.609460946094613654e-01 -3.026712335799151887e+00
-8.603410341034107844e-01 -3.025382259642552363e+00
-8.597359735973602035e-01 -3.024052405784232178e+00
-8.591309130913096226e-01 -3.022722774224189557e+00
-8.585258525852590417e-01 -3.021393364962425387e+00
-8.579207920792084607e-01 -3.020064177998939670e+00
-8.573157315731574357e-01 -3.018735213333731515e+00
-8.567106710671068548e-01 -3.017406470966801812e+00
-8.561056105610562739e-01 -3.016077950898151450e+00
-8.555005500550056929e-01 -3.014749653127778650e+00
-8.548954895489551120e-01 -3.013421577655684747e+00
-8.542904290429045311e-01 -3.012093724481869295e+00
-8.536853685368539502e-01 -3.010766093606331406e+00
-8.530803080308033692e-01 -3.009438685029072857e+00
-8.524752475247527883e-01 -3.008111498750092316e+00
-8.518701870187022074e-01 -3.006784534769389783e+00
-8.512651265126516265e-01 -3.005457793086966145e+00
-8.506600660066010455e-01 -3.004131273702820515e+00
-8.500550055005504646e-01 -3.002804976616952892e+00
-8.494499449944998837e-01 -3.001478925513690665e+00
-8.488448844884493028e-01 -3.000153153787937566e+00
-8.482398239823987218e-01 -2.998827661676534806e+00
-8.476347634763481409e-01 -2.997502449179482831e+00
-8.470297029702975600e-01 -2.996177516296782084e+00
-8.464246424642469790e-01 -2.994852863028431678e+00
-8.458195819581959540e-01 -2.993528489374432056e+00
-8.452145214521453731e-01 -2.992204395334783662e+00
-8.446094609460947922e-01 -2.990880580909486053e+00
-8.440044004400442113e-01 -2.989557046098539672e+00
-8.433993399339936303e-01 -2.988233790901944964e+00
-8.427942794279430494e-01 -2.986910815319700152e+00
-8.421892189218924685e-01 -2.985588119351806569e+00
-8.415841584158418875e-01 -2.984265702998264214e+00
-8.409790979097913066e-01 -2.982943566259072643e+00
-8.403740374037407257e-01 -2.981621709134232301e+00
-8.397689768976901448e-01 -2.980300131623741855e+00
-8.391639163916395638e-01 -2.978978833727603082e+00
-8.385588558855889829e-01 -2.977657815445815093e+00
-8.379537953795384020e-01 -2.976337076778377888e+00
-8.373487348734878211e-01 -2.975016617725291468e+00
-8.367436743674372401e-01 -2.973696438286557164e+00
-8.361386138613866592e-01 -2.972376538462172313e+00
-8.355335533553360783e-01 -2.971056918252139134e+00
-8.349284928492850533e-01 -2.969737577656455407e+00
-8.343234323432344723e-01 -2.968418516675123797e+00
-8.337183718371838914e-01 -2.967099735308143416e+00
-8.331133113311333105e-01 -2.965781233555514262e+00
-8.325082508250827296e-01 -2.964463011417235450e+00
-8.319031903190321486e-01 -2.963145068893306977e+00
-8.312981298129815677e-01 -2.961827405983730621e+00
-8.306930693069309868e-01 -2.960510022688504606e+00
-8.300880088008804059e-01 -2.959192919007629818e+00
-8.294829482948298249e-01 -2.957876094941105372e+00
-8.288778877887792440e-01 -2.956559550488932153e+00
-8.282728272827286631e-01 -2.955243285651110163e+00
-8.276677667766780822e-01 -2.953927300427638514e+00
-8.270627062706275012e-01 -2.952611594818518537e+00
-8.264576457645769203e-01 -2.951296168823748900e+00
-8.258525852585263394e-01 -2.949981022443330492e+00
-8.252475247524757584e-01 -2.948666155677262868e+00
-8.246424642464251775e-01 -2.947351568525546472e+00
-8.240374037403745966e-01 -2.946037260988180417e+00
-8.234323432343235716e-01 -2.944723233065165147e+00
-8.228272827282729907e-01 -2.943409484756501104e+00
-8.222222222222224097e-01 -2.942096016062187402e+00
-8.216171617161718288e-01 -2.940782826982225817e+00
-8.210121012101212479e-01 -2.939469917516614572e+00
-8.204070407040706669e-01 -2.938157287665354556e+00
-8.198019801980200860e-01 -2.936844937428445768e+00
-8.191969196919695051e-01 -2.935532866805886876e+00
-8.185918591859189242e-01 -2.934221075797680101e+00
-8.179867986798683432e-01 -2.932909564403823222e+00
-8.173817381738177623e-01 -2.931598332624317571e+00
-8.167766776677671814e-01 -2.930287380459163149e+00
-8.161716171617166005e-01 -2.928976707908359511e+00
-8.155665566556660195e-01 -2.927666314971906658e+00
-8.149614961496154386e-01 -2.926356201649805033e+00
-8.143564356435648577e-01 -2.925046367942053749e+00
-8.137513751375142768e-01 -2.923736813848654137e+00
-8.131463146314636958e-01 -2.922427539369604865e+00
-8.125412541254126708e-01 -2.921118544504906378e+00
-8.119361936193620899e-01 -2.919809829254558675e+00
-8.113311331133115090e-01 -2.918501393618562645e+00
-8.107260726072609280e-01 -2.917193237596917843e+00
-8.101210121012103471e-01 -2.915885361189622937e+00
-8.095159515951597662e-01 -2.914577764396679260e+00
-8.089108910891091853e-01 -2.913270447218087256e+00
-8.083058305830586043e-01 -2.911963409653845147e+00
-8.077007700770080234e-01 -2.910656651703953823e+00
-8.070957095709574425e-01 -2.909350173368414172e+00
-8.064906490649068616e-01 -2.908043974647225749e+00
-8.058855885588562806e-01 -2.906738055540387666e+00
-8.052805280528056997e-01 -2.905432416047901256e+00
-8.046754675467551188e-01 -2.904127056169764742e+00
-8.040704070407045378e-01 -2.902821975905979457e+00
-8.034653465346539569e-01 -2.901517175256545844e+00
-8.028602860286033760e-01 -2.900212654221462127e+00
-8.022552255225527951e-01 -2.898908412800729195e+00
-8.016501650165022141e-01 -2.897604450994348380e+00
-8.010451045104511891e-01 -2.896300768802317016e+00
-8.004400440044006082e-01 -2.894997366224637325e+00
-7.998349834983500273e-01 -2.893694243261309307e+00
-7.992299229922994463e-01 -2.892391399912331629e+00
-7.986248624862488654e-01 -2.891088836177704291e+00
-7.980198019801982845e-01 -2.889786552057428626e+00
-7.974147414741477036e-01 -2.888484547551504189e+00
-7.968096809680971226e-01 -2.887182822659930093e+00
-7.962046204620465417e-01 -2.885881377382707225e+00
-7.955995599559959608e-01 -2.884580211719835141e+00
-7.949944994499453799e-01 -2.883279325671313398e+00
-7.943894389438947989e-01 -2.881978719237142883e+00
-7.937843784378442180e-01 -2.880678392417323597e+00
-7.931793179317936371e-01 -2.879378345211855539e+00
-7.925742574257430562e-01 -2.878078577620737821e+00
-7.919691969196924752e-01 -2.876779089643970888e+00
-7.913641364136418943e-01 -2.875479881281555627e+00
-7.907590759075913134e-01 -2.874180952533491151e+00
-7.901540154015402884e-01 -2.872882303399776127e+00
-7.895489548954897074e-01 -2.871583933880413220e+00
-7.889438943894391265e-01 -2.870285843975401541e+00
-7.883388338833885456e-01 -2.868988033684740202e+00
-7.877337733773379647e-01 -2.867690503008430092e+00
-7.871287128712873837e-01 -2.866393251946470766e+00
-7.865236523652368028e-01 -2.865096280498862669e+00
-7.859185918591862219e-01 -2.863799588665605800e+00
-7.853135313531356410e-01 -2.862503176446699271e+00
-7.847084708470850600e-01 -2.861207043842143527e+00
-7.841034103410344791e-01 -2.859911190851939011e+00
-7.834983498349838982e-01 -2.858615617476085724e+00
-7.828932893289333173e-01 -2.857320323714582333e+00
-7.822882288228827363e-01 -2.856025309567431503e+00
-7.816831683168321554e-01 -2.854730575034630569e+00
-7.810781078107815745e-01 -2.853436120116180863e+00
-7.804730473047309935e-01 -2.852141944812081054e+00
-7.798679867986804126e-01 -2.850848049122332917e+00
-7.792629262926293876e-01 -2.849554433046935120e+00
-7.786578657865788067e-01 -2.848261096585888552e+00
-7.780528052805282258e-01 -2.846968039739193657e+00
-7.774477447744776448e-01 -2.845675262506849990e+00
-7.768426842684270639e-01 -2.844382764888856219e+00
-7.762376237623764830e-01 -2.843090546885213676e+00
-7.756325632563259020e-01 -2.841798608495921918e+00
-7.750275027502753211e-01 -2.840506949720981389e+00
-7.744224422442247402e-01 -2.839215570560392088e+00
-7.738173817381741593e-01 -2.837924471014153127e+00
-7.732123212321235783e-01 -2.836633651082265839e+00
-7.726072607260729974e-01 -2.835343110764728891e+00
-7.720022002200224165e-01 -2.834052850061542728e+00
-7.713971397139718356e-01 -2.832762868972707793e+00
-7.707920792079212546e-01 -2.831473167498223198e+00
-7.701870187018706737e-01 -2.830183745638090276e+00
-7.695819581958200928e-01 -2.828894603392307694e+00
-7.689768976897695119e-01 -2.827605740760876341e+00
-7.683718371837189309e-01 -2.826317157743795772e+00
-7.677667766776679059e-01 -2.825028854341065543e+00
-7.671617161716173250e-01 -2.823740830552686987e+00
-7.665566556655667441e-01 -2.822453086378659215e+00
-7.659515951595161631e-01 -2.821165621818982228e+00
-7.653465346534655822e-01 -2.819878436873656469e+00
-7.647414741474150013e-01 -2.818591531542681938e+00
-7.641364136413644204e-01 -2.817304905826057748e+00
-7.635313531353138394e-01 -2.816018559723784787e+00
-7.629262926292632585e-01 -2.814732493235863053e+00
-7.623212321232126776e-01 -2.813446706362291660e+00
-7.617161716171620967e-01 -2.812161199103071496e+00
-7.611111111111115157e-01 -2.810875971458202116e+00
-7.605060506050609348e-01 -2.809591023427683965e+00
-7.599009900990103539e-01 -2.808306355011517041e+00
-7.592959295929597729e-01 -2.807021966209700015e+00
-7.586908690869091920e-01 -2.805737857022234660e+00
-7.580858085808586111e-01 -2.804454027449120090e+00
-7.574807480748080302e-01 -2.803170477490356305e+00
-7.568756875687570052e-01 -2.801887207145942860e+00
-7.562706270627064242e-01 -2.800604216415880643e+00
-7.556655665566558433e-01 -2.799321505300169655e+00
-7.550605060506052624e-01 -2.798039073798809007e+00
-7.544554455445546814e-01 -2.796756921911800031e+00
-7.538503850385041005e-01 -2.795475049639142284e+00
-7.532453245324535196e-01 -2.794193456980835322e+00
-7.526402640264029387e-01 -2.792912143936878699e+00
-7.520352035203523577e-01 -2.791631110507273306e+00
-7.514301430143017768e-01 -2.790350356692019140e+00
-7.508250825082511959e-01 -2.789069882491115315e+00
-7.502200220022006150e-01 -2.787789687904562719e+00
-7.496149614961500340e-01 -2.786509784640912368e+00
-7.490099009900994531e-01 -2.785230214994317333e+00
-7.484048404840488722e-01 -2.783950982787977591e+00
-7.477997799779982913e-01 -2.782672088021894030e+00
-7.471947194719477103e-01 -2.781393530696066652e+00
-7.465896589658971294e-01 -2.780115310810494567e+00
-7.459845984598465485e-01 -2.778837428365178663e+00
-7.453795379537955235e-01 -2.777559883360117166e+00
-7.447744774477449425e-01 -2.776282675795312738e+00
-7.441694169416943616e-01 -2.775005805670764047e+00
-7.435643564356437807e-01 -2.773729272986471983e+00
-7.429592959295931998e-01 -2.772453077742435656e+00
-7.423542354235426188e-01 -2.771177219938654179e+00
-7.417491749174920379e-01 -2.769901699575128884e+00
-7.411441144114414570e-01 -2.768626516651859326e+00
-7.405390539053908761e-01 -2.767351671168845506e+00
-7.399339933993402951e-01 -2.766077163126087868e+00
-7.393289328932897142e-01 -2.764802992523585967e+00
-7.387238723872391333e-01 -2.763529159361340248e+00
-7.381188118811885523e-01 -2.762255663639349823e+00
-7.375137513751379714e-01 -2.760982505357615135e+00
-7.369086908690873905e-01 -2.759709684516137074e+00
-7.363036303630368096e-01 -2.758437201114913861e+00
-7.356985698569862286e-01 -2.757165055153947275e+00
-7.350935093509356477e-01 -2.755893246633235982e+00
-7.344884488448846227e-01 -2.754621775552779539e+00
-7.338833883388340418e-01 -2.753350641912580166e+00
-7.332783278327834608e-01 -2.752079845712636974e+00
-7.326732673267328799e-01 -2.750809386952949076e+00
-7.320682068206822990e-01 -2.749539265633517360e+00
-7.314631463146317181e-01 -2.748269481754341381e+00
-7.308580858085811371e-01 -2.747000035315421140e+00
-7.302530253025305562e-01 -2.745730926316756637e+00
-7.296479647964799753e-01 -2.744462154758348316e+00
-7.290429042904293944e-01 -2.743193720640195288e+00
-7.284378437843788134e-01 -2.741925623962298442e+00
-7.278327832783282325e-01 -2.740657864724657333e+00
-7.272277227722776516e-01 -2.739390442927271963e+00
-7.266226622662270707e-01 -2.738123358570142329e+00
-7.260176017601764897e-01 -2.736856611653268434e+00
-7.254125412541259088e-01 -2.735590202176650720e+00
-7.248074807480753279e-01 -2.734324130140288744e+00
-7.242024202420247470e-01 -2.733058395544182506e+00
-7.235973597359741660e-01 -2.731792998388332450e+00
-7.229922992299231410e-01 -2.730527938672736354e+00
-7.223872387238725601e-01 -2.729263216397397773e+00
-7.217821782178219792e-01 -2.727998831562315374e+00
-7.211771177117713982e-01 -2.726734784167487824e+00
-7.205720572057208173e-01 -2.725471074212916900e+00
-7.199669966996702364e-01 -2.724207701698602158e+00
-7.193619361936196555e-01 -2.722944666624542709e+00
-7.187568756875690745e-01 -2.721681968990738554e+00
-7.181518151815184936e-01 -2.720419608797190580e+00
-7.175467546754679127e-01 -2.719157586043898789e+00
-7.169416941694173318e-01 -2.717895900730862735e+00
-7.163366336633667508e-01 -2.716634552858081975e+00
-7.157315731573161699e-01 -2.715373542425557840e+00
-7.151265126512655890e-01 -2.714112869433288999e+00
-7.145214521452150080e-01 -2.712852533881275896e+00
-7.139163916391644271e-01 -2.711592535769518975e+00
-7.133113311331138462e-01 -2.710332875098017791e+00
-7.127062706270632653e-01 -2.709073551866772789e+00
-7.121012101210122403e-01 -2.707814566075782192e+00
-7.114961496149616593e-01 -2.706555917725048221e+00
-7.108910891089110784e-01 -2.705297606814570432e+00
-7.102860286028604975e-01 -2.704039633344348381e+00
-7.096809680968099165e-01 -2.702781997314382068e+00
-7.090759075907593356e-01 -2.701524698724671492e+00
-7.084708470847087547e-01 -2.700267737575217097e+00
-7.078657865786581738e-01 -2.699011113866018441e+00
-7.072607260726075928e-01 -2.697754827597075078e+00
-7.066556655665570119e-01 -2.696498878768388341e+00
-7.060506050605064310e-01 -2.695243267379956897e+00
-7.054455445544558501e-01 -2.693987993431782080e+00
-7.048404840484052691e-01 -2.692733056923863000e+00
-7.042354235423546882e-01 -2.691478457856198769e+00
-7.036303630363041073e-01 -2.690224196228790721e+00
-7.030253025302535264e-01 -2.688970272041638854e+00
-7.024202420242029454e-01 -2.687716685294742280e+00
-7.018151815181523645e-01 -2.686463435988101889e+00
-7.012101210121017836e-01 -2.685210524121716791e+00
-7.006050605060507586e-01 -2.683957949695586986e+00
-7.000000000000001776e-01 -2.682705712709714252e+00
-6.993949394939495967e-01 -2.681453813164097255e+00
-6.987898789878990158e-01 -2.680202251058735552e+00
-6.981848184818484349e-01 -2.678951026393630475e+00
-6.975797579757978539e-01 -2.677700139168780691e+00
-6.969746974697472730e-01 -2.676449589384186645e+00
-6.963696369636966921e-01 -2.675199377039849225e+00
-6.957645764576461112e-01 -2.673949502135767098e+00
-6.951595159515955302e-01 -2.672699964671941153e+00
-6.945544554455449493e-01 -2.671450764648370502e+00
-6.939493949394943684e-01 -2.670201902065055588e+00
-6.933443344334437874e-01 -2.668953376921996412e+00
-6.927392739273932065e-01 -2.667705189219193418e+00
-6.921342134213426256e-01 -2.666457338956646161e+00
-6.915291529152920447e-01 -2.665209826134354643e+00
-6.909240924092414637e-01 -2.663962650752319306e+00
-6.903190319031908828e-01 -2.662715812810539706e+00
-6.897139713971398578e-01 -2.661469312309014956e+00
-6.891089108910892769e-01 -2.660223149247747276e+00
-6.885038503850386959e-01 -2.658977323626735334e+00
-6.878987898789881150e-01 -2.657731835445978685e+00
-6.872937293729375341e-01 -2.656486684705477774e+00
-6.866886688668869532e-01 -2.655241871405233489e+00
-6.860836083608363722e-01 -2.653997395545244942e+00
-6.854785478547857913e-01 -2.652753257125511688e+00
-6.848734873487352104e-01 -2.651509456146034172e+00
-6.842684268426846295e-01 -2.650265992606812837e+00
-6.836633663366340485e-01 -2.649022866507847684e+00
-6.830583058305834676e-01 -2.647780077849137381e+00
-6.824532453245328867e-01 -2.646537626630683704e+00
-6.818481848184823058e-01 -2.645295512852485764e+00
-6.812431243124317248e-01 -2.644053736514543562e+00
-6.806380638063811439e-01 -2.642812297616857098e+00
-6.800330033003305630e-01 -2.641571196159426371e+00
-6.794279427942799821e-01 -2.640330432142251382e+00
-6.788228822882294011e-01 -2.639090005565332575e+00
-6.782178217821783761e-01 -2.637849916428669061e+00
-6.776127612761277952e-01 -2.636610164732261730e+00
-6.770077007700772143e-01 -2.635370750476110135e+00
-6.764026402640266333e-01 -2.634131673660214723e+00
-6.757975797579760524e-01 -2.632892934284575048e+00
-6.751925192519254715e-01 -2.631654532349190667e+00
-6.745874587458748906e-01 -2.630416467854062912e+00
-6.739823982398243096e-01 -2.629178740799190450e+00
-6.733773377337737287e-01 -2.627941351184573726e+00
-6.727722772277231478e-01 -2.626704299010213184e+00
-6.721672167216725668e-01 -2.625467584276108823e+00
-6.715621562156219859e-01 -2.624231206982259756e+00
-6.709570957095714050e-01 -2.622995167128666427e+00
-6.703520352035208241e-01 -2.621759464715329280e+00
-6.697469746974702431e-01 -2.620524099742247870e+00
-6.691419141914196622e-01 -2.619289072209422198e+00
-6.685368536853690813e-01 -2.618054382116852707e+00
-6.679317931793185004e-01 -2.616820029464538067e+00
-6.673267326732674753e-01 -2.615586014252479607e+00
-6.667216721672168944e-01 -2.614352336480677330e+00
-6.661166116611663135e-01 -2.613118996149130790e+00
-6.655115511551157326e-01 -2.611885993257839989e+00
-6.649064906490651516e-01 -2.610653327806805368e+00
-6.643014301430145707e-01 -2.609420999796026042e+00
-6.636963696369639898e-01 -2.608189009225503341e+00
-6.630913091309134089e-01 -2.606957356095235490e+00
-6.624862486248628279e-01 -2.605726040405224264e+00
-6.618811881188122470e-01 -2.604495062155468332e+00
-6.612761276127616661e-01 -2.603264421345969026e+00
-6.606710671067110852e-01 -2.602034117976725014e+00
-6.600660066006605042e-01 -2.600804152047736739e+00
-6.594609460946099233e-01 -2.599574523559003758e+00
-6.588558855885593424e-01 -2.598345232510527403e+00
-6.582508250825087615e-01 -2.597116278902306785e+00
-6.576457645764581805e-01 -2.595887662734342349e+00
-6.570407040704075996e-01 -2.594659384006633207e+00
-6.564356435643565746e-01 -2.593431442719179358e+00
-6.558305830583059937e-01 -2.592203838871981247e+00
-6.552255225522554127e-01 -2.590976572465039318e+00
-6.546204620462048318e-01 -2.589749643498354015e+00
-6.540154015401542509e-01 -2.588523051971924005e+00
-6.534103410341036700e-01 -2.587296797885749733e+00
-6.528052805280530890e-01 -2.586070881239831643e+00
-6.522002200220025081e-01 -2.584845302034169290e+00
-6.515951595159519272e-01 -2.583620060268763119e+00
-6.509900990099013462e-01 -2.582395155943612242e+00
-6.503850385038507653e-01 -2.581170589058717102e+00
-6.497799779978001844e-01 -2.579946365394098606e+00
-6.491749174917496035e-01 -2.578722548891224875e+00
-6.485698569856990225e-01 -2.577499157251408324e+00
-6.479647964796484416e-01 -2.576276190474647620e+00
-6.473597359735978607e-01 -2.575053648560943209e+00
-6.467546754675472798e-01 -2.573831531510295978e+00
-6.461496149614966988e-01 -2.572609839322705483e+00
-6.455445544554461179e-01 -2.571388571998171280e+00
-6.449394939493950929e-01 -2.570167729536692924e+00
-6.443344334433445120e-01 -2.568947311938271749e+00
-6.437293729372939310e-01 -2.567727319202907310e+00
-6.431243124312433501e-01 -2.566507751330599163e+00
-6.425192519251927692e-01 -2.565288608321347752e+00
-6.419141914191421883e-01 -2.564069890175152633e+00
-6.413091309130916073e-01 -2.562851596892014694e+00
-6.407040704070410264e-01 -2.561633728471932603e+00
-6.400990099009904455e-01 -2.560416284914908136e+00
-6.394939493949398646e-01 -2.559199266220939073e+00
-6.388888888888892836e-01 -2.557982672390026746e+00
-6.382838283828387027e-01 -2.556766503422171155e+00
-6.376787678767881218e-01 -2.555550759317372744e+00
-6.370737073707375409e-01 -2.554335440075630181e+00
-6.364686468646869599e-01 -2.553120545696943910e+00
-6.358635863586363790e-01 -2.551906076181314820e+00
-6.352585258525857981e-01 -2.550692031528742021e+00
-6.346534653465352172e-01 -2.549478411739225958e+00
-6.340484048404841921e-01 -2.548265216812765743e+00
-6.334433443344336112e-01 -2.547052446749362709e+00
-6.328382838283830303e-01 -2.545840101549016410e+00
-6.322332233223324494e-01 -2.544628181211726403e+00
-6.316281628162818684e-01 -2.543416685737493133e+00
-6.310231023102312875e-01 -2.542205615126316598e+00
-6.304180418041807066e-01 -2.540994969378196355e+00
-6.298129812981301257e-01 -2.539784748493131961e+00
-6.292079207920795447e-01 -2.538574952471124746e+00
-6.286028602860289638e-01 -2.537365581312174267e+00
-6.279977997799783829e-01 -2.536156635016280525e+00
-6.273927392739278019e-01 -2.534948113583443075e+00
-6.267876787678772210e-01 -2.533740017013662360e+00
-6.261826182618266401e-01 -2.532532345306937493e+00
-6.255775577557760592e-01 -2.531325098463269807e+00
-6.249724972497254782e-01 -2.530118276482658413e+00
-6.243674367436748973e-01 -2.528911879365104198e+00
-6.237623762376243164e-01 -2.527705907110605832e+00
-6.231573157315737355e-01 -2.526500359719164202e+00
-6.225522552255227104e-01 -2.525295237190778419e+00
-6.219471947194721295e-01 -2.524090539525449817e+00
-6.213421342134215486e-01 -2.522886266723177506e+00
-6.207370737073709677e-01 -2.521682418783962376e+00
-6.201320132013203867e-01 -2.520478995707803982e+00
-6.195269526952698058e-01 -2.519275997494701436e+00
-6.189218921892192249e-01 -2.518073424144656070e+00
-6.183168316831686440e-01 -2.516871275657666995e+00
-6.177117711771180630e-01 -2.515669552033734657e+00
-6.171067106710674821e-01 -2.514468253272858611e+00
-6.165016501650169012e-01 -2.513267379375038857e+00
-6.158965896589663203e-01 -2.512066930340275839e+00
-6.152915291529157393e-01 -2.510866906168569557e+00
-6.146864686468651584e-01 -2.509667306859920011e+00
-6.140814081408145775e-01 -2.508468132414327201e+00
-6.134763476347639966e-01 -2.507269382831789795e+00
-6.128712871287134156e-01 -2.506071058112310013e+00
-6.122662266226628347e-01 -2.504873158255886967e+00
-6.116611661166118097e-01 -2.503675683262518881e+00
-6.110561056105612288e-01 -2.502478633132208419e+00
-6.104510451045106478e-01 -2.501282007864954249e+00
-6.098459845984600669e-01 -2.500085807460756815e+00
-6.092409240924094860e-01 -2.498890031919616117e+00
-6.086358635863589051e-01 -2.497694681241531711e+00
-6.080308030803083241e-01 -2.496499755426504041e+00
-6.074257425742577432e-01 -2.495305254474533108e+00
-6.068206820682071623e-01 -2.494111178385618466e+00
-6.062156215621565813e-01 -2.492917527159760560e+00
-6.056105610561060004e-01 -2.491724300796958946e+00
-6.050055005500554195e-01 -2.490531499297214513e+00
-6.044004400440048386e-01 -2.489339122660525927e+00
-6.037953795379542576e-01 -2.488147170886894521e+00
-6.031903190319036767e-01 -2.486955643976319408e+00
-6.025852585258530958e-01 -2.485764541928800586e+00
-6.019801980198025149e-01 -2.484573864744338501e+00
-6.013751375137519339e-01 -2.483383612422933151e+00
-6.007700770077013530e-01 -2.482193784964583649e+00
-6.001650165016503280e-01 -2.481004382369290440e+00
-5.995599559955997471e-01 -2.479815404637054410e+00
-5.989548954895491661e-01 -2.478626851767875561e+00
-5.983498349834985852e-01 -2.477438723761753447e+00
-5.977447744774480043e-01 -2.476251020618686738e+00
-5.971397139713974234e-01 -2.475063742338677208e+00
-5.965346534653468424e-01 -2.473876888921724415e+00
-5.959295929592962615e-01 -2.472690460367827914e+00
-5.953245324532456806e-01 -2.471504456676988148e+00
-5.947194719471950997e-01 -2.470318877849204231e+00
-5.941144114411445187e-01 -2.469133723884477494e+00
-5.935093509350939378e-01 -2.467948994782807048e+00
-5.929042904290433569e-01 -2.466764690544193339e+00
-5.922992299229927760e-01 -2.465580811168636366e+00
-5.916941694169421950e-01 -2.464397356656135685e+00
-5.910891089108916141e-01 -2.463214327006691740e+00
-5.904840484048410332e-01 -2.462031722220304086e+00
-5.898789878987904522e-01 -2.460849542296973169e+00
-5.892739273927394272e-01 -2.459667787236697656e+00
-5.886688668866888463e-01 -2.458486457039479767e+00
-5.880638063806382654e-01 -2.457305551705318614e+00
-5.874587458745876845e-01 -2.456125071234214197e+00
-5.868536853685371035e-01 -2.454945015626165628e+00
-5.862486248624865226e-01 -2.453765384881174683e+00
-5.856435643564359417e-01 -2.452586178999239586e+00
-5.850385038503853607e-01 -2.451407397980361225e+00
-5.844334433443347798e-01 -2.450229041824539156e+00
-5.838283828382841989e-01 -2.449051110531773823e+00
-5.832233223322336180e-01 -2.447873604102064782e+00
-5.826182618261830370e-01 -2.446696522535413365e+00
-5.820132013201324561e-01 -2.445519865831817352e+00
-5.814081408140818752e-01 -2.444343633991278075e+00
-5.808030803080312943e-01 -2.443167827013795534e+00
-5.801980198019807133e-01 -2.441992444899369286e+00
-5.795929592959301324e-01 -2.440817487647999773e+00
-5.789878987898795515e-01 -2.439642955259686552e+00
-5.783828382838289706e-01 -2.438468847734430511e+00
-5.777777777777779455e-01 -2.437295165072229874e+00
-5.771727172717273646e-01 -2.436121907273086418e+00
-5.765676567656767837e-01 -2.434949074337000141e+00
-5.759625962596262028e-01 -2.433776666263969712e+00
-5.753575357535756218e-01 -2.432604683053996464e+00
-5.747524752475250409e-01 -2.431433124707079507e+00
-5.741474147414744600e-01 -2.430261991223219287e+00
-5.735423542354238791e-01 -2.429091282602415358e+00
-5.729372937293732981e-01 -2.427920998844668166e+00
-5.723322332233227172e-01 -2.426751139949976821e+00
-5.717271727172721363e-01 -2.425581705918342657e+00
-5.711221122112215554e-01 -2.424412696749765228e+00
-5.705170517051709744e-01 -2.423244112444244092e+00
-5.699119911991203935e-01 -2.422075953001780135e+00
-5.693069306930698126e-01 -2.420908218422371583e+00
-5.687018701870192317e-01 -2.419740908706020210e+00
-5.680968096809686507e-01 -2.418574023852725130e+00
-5.674917491749180698e-01 -2.417407563862486786e+00
-5.668866886688670448e-01 -2.416241528735304289e+00
-5.662816281628164639e-01 -2.415075918471178973e+00
-5.656765676567658829e-01 -2.413910733070110393e+00
-5.650715071507153020e-01 -2.412745972532098548e+00
-5.644664466446647211e-01 -2.411581636857142552e+00
-5.638613861386141402e-01 -2.410417726045244180e+00
-5.632563256325635592e-01 -2.409254240096401212e+00
-5.626512651265129783e-01 -2.408091179010615424e+00
-5.620462046204623974e-01 -2.406928542787885927e+00
-5.614411441144118164e-01 -2.405766331428213167e+00
-5.608360836083612355e-01 -2.404604544931597143e+00
-5.602310231023106546e-01 -2.403443183298037411e+00
-5.596259625962600737e-01 -2.402282246527534859e+00
-5.590209020902094927e-01 -2.401121734620088155e+00
-5.584158415841589118e-01 -2.399961647575698187e+00
-5.578107810781083309e-01 -2.398801985394364955e+00
-5.572057205720577500e-01 -2.397642748076087571e+00
-5.566006600660071690e-01 -2.396483935620867811e+00
-5.559955995599561440e-01 -2.395325548028703011e+00
-5.553905390539055631e-01 -2.394167585299595835e+00
-5.547854785478549822e-01 -2.393010047433545395e+00
-5.541804180418044012e-01 -2.391852934430551691e+00
-5.535753575357538203e-01 -2.390696246290613836e+00
-5.529702970297032394e-01 -2.389539983013733160e+00
-5.523652365236526585e-01 -2.388384144599908332e+00
-5.517601760176020775e-01 -2.387228731049141128e+00
-5.511551155115514966e-01 -2.386073742361429773e+00
-5.505500550055009157e-01 -2.384919178536774709e+00
-5.499449944994503348e-01 -2.383765040079920183e+00
-5.493399339933997538e-01 -2.382611398159735216e+00
-5.487348734873491729e-01 -2.381458303250594266e+00
-5.481298129812985920e-01 -2.380305755352497332e+00
-5.475247524752480111e-01 -2.379153754465445303e+00
-5.469196919691974301e-01 -2.378002300589437734e+00
-5.463146314631468492e-01 -2.376851393724474626e+00
-5.457095709570962683e-01 -2.375701033870555534e+00
-5.451045104510456873e-01 -2.374551221027680903e+00
-5.444994499449946623e-01 -2.373401955195849400e+00
-5.438943894389440814e-01 -2.372253236375063690e+00
-5.432893289328935005e-01 -2.371105064565322440e+00
-5.426842684268429196e-01 -2.369957439766624763e+00
-5.420792079207923386e-01 -2.368810361978972434e+00
-5.414741474147417577e-01 -2.367663831202363678e+00
-5.408690869086911768e-01 -2.366517847436799382e+00
-5.402640264026405958e-01 -2.365372410682279991e+00
-5.396589658965900149e-01 -2.364227520938804172e+00
-5.390539053905394340e-01 -2.363083178206373258e+00
-5.384488448844888531e-01 -2.361939382484986805e+00
-5.378437843784382721e-01 -2.360796133774644368e+00
-5.372387238723876912e-01 -2.359653432075346391e+00
-5.366336633663371103e-01 -2.358511277387092431e+00
-5.360286028602865294e-01 -2.357369669709883375e+00
-5.354235423542359484e-01 -2.356228609043718780e+00
-5.348184818481853675e-01 -2.355088095388598202e+00
-5.342134213421347866e-01 -2.353948128744521640e+00
-5.336083608360837616e-01 -2.352808709111489538e+00
-5.330033003300331806e-01 -2.351669836489501897e+00
-5.323982398239825997e-01 -2.350531510878559160e+00
-5.317931793179320188e-01 -2.349393732278659996e+00
-5.311881188118814379e-01 -2.348256500689805737e+00
-5.305830583058308569e-01 -2.347119816111995494e+00
-5.299779977997802760e-01 -2.345983678545230156e+00
-5.293729372937296951e-01 -2.344848087989508389e+00
-5.287678767876791142e-01 -2.343713044444831084e+00
-5.281628162816285332e-01 -2.342578547911199127e+00
-5.275577557755779523e-01 -2.341444598388610743e+00
-5.269526952695273714e-01 -2.340311195877067263e+00
-5.263476347634767905e-01 -2.339178340376567800e+00
-5.257425742574262095e-01 -2.338046031887112797e+00
-5.251375137513756286e-01 -2.336914270408702254e+00
-5.245324532453250477e-01 -2.335783055941335284e+00
-5.239273927392744667e-01 -2.334652388485013219e+00
-5.233223322332238858e-01 -2.333522268039735170e+00
-5.227172717271733049e-01 -2.332392694605502026e+00
-5.221122112211222799e-01 -2.331263668182312010e+00
-5.215071507150716990e-01 -2.330135188770168231e+00
-5.209020902090211180e-01 -2.329007256369067136e+00
-5.202970297029705371e-01 -2.327879870979011834e+00
-5.196919691969199562e-01 -2.326753032600000104e+00
-5.190869086908693752e-01 -2.325626741232033279e+00
-5.184818481848187943e-01 -2.324500996875110026e+00
-5.178767876787682134e-01 -2.323375799529231678e+00
-5.172717271727176325e-01 -2.322251149194397790e+00
-5.166666666666670515e-01 -2.321127045870607919e+00
-5.160616061606164706e-01 -2.320003489557862508e+00
-5.154565456545658897e-01 -2.318880480256161558e+00
-5.148514851485153088e-01 -2.317758017965505069e+00
-5.142464246424647278e-01 -2.316636102685892595e+00
-5.136413641364141469e-01 -2.315514734417325027e+00
-5.130363036303635660e-01 -2.314393913159801031e+00
-5.124312431243129851e-01 -2.313273638913321939e+00
-5.118261826182624041e-01 -2.312153911677886864e+00
-5.112211221122113791e-01 -2.311034731453496249e+00
-5.106160616061607982e-01 -2.309916098240149207e+00
-5.100110011001102173e-01 -2.308798012037847514e+00
-5.094059405940596363e-01 -2.307680472846590281e+00
-5.088008800880090554e-01 -2.306563480666377508e+00
-5.081958195819584745e-01 -2.305447035497208752e+00
-5.075907590759078936e-01 -2.304331137339084457e+00
-5.069856985698573126e-01 -2.303215786192004622e+00
-5.063806380638067317e-01 -2.302100982055968359e+00
-5.057755775577561508e-01 -2.300986724930977445e+00
-5.051705170517055699e-01 -2.299873014817030548e+00
-5.045654565456549889e-01 -2.298759851714127667e+00
-5.039603960396044080e-01 -2.297647235622269690e+00
-5.033553355335538271e-01 -2.296535166541455730e+00
-5.027502750275032462e-01 -2.295423644471686231e+00
-5.021452145214526652e-01 -2.294312669412961192e+00
-5.015401540154020843e-01 -2.293202241365280614e+00
-5.009350935093515034e-01 -2.292092360328644052e+00
-5.003300330033009224e-01 -2.290983026303052394e+00
-4.997249724972498974e-01 -2.289874239288503865e+00
-4.991199119911993165e-01 -2.288765999285000241e+00
-4.985148514851487356e-01 -2.287658306292541965e+00
-4.979097909790981547e-01 -2.286551160311127262e+00
-4.973047304730475737e-01 -2.285444561340757019e+00
-4.966996699669969928e-01 -2.284338509381431237e+00
-4.960946094609464119e-01 -2.283233004433149027e+00
-4.954895489548958309e-01 -2.282128046495912166e+00
-4.948844884488452500e-01 -2.281023635569719321e+00
-4.942794279427946691e-01 -2.279919771654570937e+00
-4.936743674367440882e-01 -2.278816454750467013e+00
-4.930693069306935072e-01 -2.277713684857407106e+00
-4.924642464246429263e-01 -2.276611461975391659e+00
-4.918591859185923454e-01 -2.275509786104420673e+00
-4.912541254125417645e-01 -2.274408657244494592e+00
-4.906490649064911835e-01 -2.273308075395612082e+00
-4.900440044004406026e-01 -2.272208040557774034e+00
-4.894389438943900217e-01 -2.271108552730980445e+00
-4.888338833883389967e-01 -2.270009611915230874e+00
-4.882288228822884157e-01 -2.268911218110526207e+00
-4.876237623762378348e-01 -2.267813371316865112e+00
-4.870187018701872539e-01 -2.266716071534248922e+00
-4.864136413641366730e-01 -2.265619318762677636e+00
-4.858085808580860920e-01 -2.264523113002149923e+00
-4.852035203520355111e-01 -2.263427454252667115e+00
-4.845984598459849302e-01 -2.262332342514228323e+00
-4.839933993399343493e-01 -2.261237777786834435e+00
-4.833883388338837683e-01 -2.260143760070484120e+00
-4.827832783278331874e-01 -2.259050289365178710e+00
-4.821782178217826065e-01 -2.257957365670917760e+00
-4.815731573157320256e-01 -2.256864988987700826e+00
-4.809680968096814446e-01 -2.255773159315528353e+00
-4.803630363036308637e-01 -2.254681876654399897e+00
-4.797579757975802828e-01 -2.253591141004315901e+00
-4.791529152915297018e-01 -2.252500952365276810e+00
-4.785478547854791209e-01 -2.251411310737281735e+00
-4.779427942794285400e-01 -2.250322216120331120e+00
-4.773377337733775150e-01 -2.249233668514424078e+00
-4.767326732673269341e-01 -2.248145667919561941e+00
-4.761276127612763531e-01 -2.247058214335744264e+00
-4.755225522552257722e-01 -2.245971307762971048e+00
-4.749174917491751913e-01 -2.244884948201242292e+00
-4.743124312431246103e-01 -2.243799135650557552e+00
-4.737073707370740294e-01 -2.242713870110917274e+00
-4.731023102310234485e-01 -2.241629151582321455e+00
-4.724972497249728676e-01 -2.240544980064770098e+00
-4.718921892189222866e-01 -2.239461355558263200e+00
-4.712871287128717057e-01 -2.238378278062799875e+00
-4.706820682068211248e-01 -2.237295747578381455e+00
-4.700770077007705439e-01 -2.236213764105007495e+00
-4.694719471947199629e-01 -2.235132327642677552e+00
-4.688668866886693820e-01 -2.234051438191392513e+00
-4.682618261826188011e-01 -2.232971095751151491e+00
-4.676567656765682202e-01 -2.231891300321955374e+00
-4.670517051705176392e-01 -2.230812051903802828e+00
-4.664466446644666142e-01 -2.229733350496693856e+00
-4.658415841584160333e-01 -2.228655196100630675e+00
-4.652365236523654524e-01 -2.227577588715611512e+00
-4.646314631463148714e-01 -2.226500528341636809e+00
-4.640264026402642905e-01 -2.225424014978706566e+00
-4.634213421342137096e-01 -2.224348048626820340e+00
-4.628162816281631287e-01 -2.223272629285978130e+00
-4.622112211221125477e-01 -2.222197756956181269e+00
-4.616061606160619668e-01 -2.221123431637428425e+00
-4.610011001100113859e-01 -2.220049653329719597e+00
-4.603960396039608050e-01 -2.218976422033055229e+00
-4.597909790979102240e-01 -2.217903737747435322e+00
-4.591859185918596431e-01 -2.216831600472859876e+00
-4.585808580858090622e-01 -2.215760010209328890e+00
-4.579757975797584812e-01 -2.214688966956841920e+00
-4.573707370737079003e-01 -2.213618470715399411e+00
-4.567656765676573194e-01 -2.212548521485001363e+00
-4.561606160616067385e-01 -2.211479119265647775e+00
-4.555555555555561575e-01 -2.210410264057338203e+00
-4.549504950495051325e-01 -2.209341955860072648e+00
-4.543454345434545516e-01 -2.208274194673851554e+00
-4.537403740374039707e-01 -2.207206980498675364e+00
-4.531353135313533897e-01 -2.206140313334543634e+00
-4.525302530253028088e-01 -2.205074193181455477e+00
-4.519251925192522279e-01 -2.204008620039412669e+00
-4.513201320132016470e-01 -2.202943593908413877e+00
-4.507150715071510660e-01 -2.201879114788459546e+00
-4.501100110011004851e-01 -2.200815182679549231e+00
-4.495049504950499042e-01 -2.199751824533862088e+00
-4.488998899889993233e-01 -2.198689092592038818e+00
-4.482948294829487423e-01 -2.197626988185052976e+00
-4.476897689768981614e-01 -2.196565511312902785e+00
-4.470847084708475805e-01 -2.195504661975590022e+00
-4.464796479647969996e-01 -2.194444440173113353e+00
-4.458745874587464186e-01 -2.193384845905473224e+00
-4.452695269526958377e-01 -2.192325879172669190e+00
-4.446644664466452568e-01 -2.191267539974702139e+00
-4.440594059405942318e-01 -2.190209828311571183e+00
-4.434543454345436508e-01 -2.189152744183276766e+00
-4.428492849284930699e-01 -2.188096287589818889e+00
-4.422442244224424890e-01 -2.187040458531197551e+00
-4.416391639163919081e-01 -2.185985257007413196e+00
-4.410341034103413271e-01 -2.184930683018465380e+00
-4.404290429042907462e-01 -2.183876736564353216e+00
-4.398239823982401653e-01 -2.182823417645078035e+00
-4.392189218921895844e-01 -2.181770726260639393e+00
-4.386138613861390034e-01 -2.180718662411037734e+00
-4.380088008800884225e-01 -2.179667226096272170e+00
-4.374037403740378416e-01 -2.178616417316342702e+00
-4.367986798679872606e-01 -2.177566236071250216e+00
-4.361936193619366797e-01 -2.176516682360994270e+00
-4.355885588558860988e-01 -2.175467756185574419e+00
-4.349834983498355179e-01 -2.174419457544991552e+00
-4.343784378437849369e-01 -2.173371786439245223e+00
-4.337733773377343560e-01 -2.172324742868334990e+00
-4.331683168316833310e-01 -2.171278326832260408e+00
-4.325632563256327501e-01 -2.170232538331023697e+00
-4.319581958195821692e-01 -2.169187377364623082e+00
-4.313531353135315882e-01 -2.168142843933059449e+00
-4.307480748074810073e-01 -2.167098938036331468e+00
-4.301430143014304264e-01 -2.166055659674440026e+00
-4.295379537953798454e-01 -2.165013008847385567e+00
-4.289328932893292645e-01 -2.163970985555167648e+00
-4.283278327832786836e-01 -2.162929589797785823e+00
-4.277227722772281027e-01 -2.161888821575240982e+00
-4.271177117711775217e-01 -2.160848680887533124e+00
-4.265126512651269408e-01 -2.159809167734660917e+00
-4.259075907590763599e-01 -2.158770282116625250e+00
-4.253025302530257790e-01 -2.157732024033426566e+00
-4.246974697469751980e-01 -2.156694393485063532e+00
-4.240924092409246171e-01 -2.155657390471537926e+00
-4.234873487348740362e-01 -2.154621014992847972e+00
-4.228822882288234553e-01 -2.153585267048995000e+00
-4.222772277227728743e-01 -2.152550146639979456e+00
-4.216721672167218493e-01 -2.151515653765798675e+00
-4.210671067106712684e-01 -2.150481788426454433e+00
-4.204620462046206875e-01 -2.149448550621947618e+00
-4.198569856985701065e-01 -2.148415940352277786e+00
-4.192519251925195256e-01 -2.147383957617443606e+00
-4.186468646864689447e-01 -2.146352602417445965e+00
-4.180418041804183638e-01 -2.145321874752285307e+00
-4.174367436743677828e-01 -2.144291774621960744e+00
-4.168316831683172019e-01 -2.143262302026472721e+00
-4.162266226622666210e-01 -2.142233456965822125e+00
-4.156215621562160401e-01 -2.141205239440006292e+00
-4.150165016501654591e-01 -2.140177649449028330e+00
-4.144114411441148782e-01 -2.139150686992886019e+00
-4.138063806380642973e-01 -2.138124352071581136e+00
-4.132013201320137163e-01 -2.137098644685111903e+00
-4.125962596259631354e-01 -2.136073564833479654e+00
-4.119911991199125545e-01 -2.135049112516683945e+00
-4.113861386138619736e-01 -2.134025287734724330e+00
-4.107810781078109486e-01 -2.133002090487601254e+00
-4.101760176017603676e-01 -2.131979520775314274e+00
-4.095709570957097867e-01 -2.130957578597864277e+00
-4.089658965896592058e-01 -2.129936263955251263e+00
-4.083608360836086248e-01 -2.128915576847474345e+00
-4.077557755775580439e-01 -2.127895517274534409e+00
-4.071507150715074630e-01 -2.126876085236430125e+00
-4.065456545654568821e-01 -2.125857280733163268e+00
-4.059405940594063011e-01 -2.124839103764732062e+00
-4.053355335533557202e-01 -2.123821554331138284e+00
-4.047304730473051393e-01 -2.122804632432379712e+00
-4.041254125412545584e-01 -2.121788338068458568e+00
-4.035203520352039774e-01 -2.120772671239373963e+00
-4.029152915291533965e-01 -2.119757631945125897e+00
-4.023102310231028156e-01 -2.118743220185713483e+00
-4.017051705170522347e-01 -2.117729435961138940e+00
-4.011001100110016537e-01 -2.116716279271399603e+00
-4.004950495049510728e-01 -2.115703750116497694e+00
-3.998899889989004919e-01 -2.114691848496431881e+00
-3.992849284928494669e-01 -2.113680574411202162e+00
-3.986798679867988859e-01 -2.112669927860808983e+00
-3.980748074807483050e-01 -2.111659908845252787e+00
-3.974697469746977241e-01 -2.110650517364533130e+00
-3.968646864686471432e-01 -2.109641753418650012e+00
-3.962596259625965622e-01 -2.108633617007603434e+00
-3.956545654565459813e-01 -2.107626108131393394e+00
-3.950495049504954004e-01 -2.106619226790019450e+00
-3.944444444444448195e-01 -2.105612972983482045e+00
-3.938393839383942385e-01 -2.104607346711781624e+00
-3.932343234323436576e-01 -2.103602347974917741e+00
-3.926292629262930767e-01 -2.102597976772889510e+00
-3.920242024202424957e-01 -2.101594233105698262e+00
-3.914191419141919148e-01 -2.100591116973343553e+00
-3.908140814081413339e-01 -2.099588628375825827e+00
-3.902090209020907530e-01 -2.098586767313143753e+00
-3.896039603960401720e-01 -2.097585533785298662e+00
-3.889988998899895911e-01 -2.096584927792290109e+00
-3.883938393839385661e-01 -2.095584949334117209e+00
-3.877887788778879852e-01 -2.094585598410781735e+00
-3.871837183718374042e-01 -2.093586875022282356e+00
-3.865786578657868233e-01 -2.092588779168619961e+00
-3.859735973597362424e-01 -2.091591310849793217e+00
-3.853685368536856615e-01 -2.090594470065803900e+00
-3.847634763476350805e-01 -2.089598256816650679e+00
-3.841584158415844996e-01 -2.088602671102334440e+00
-3.835533553355339187e-01 -2.087607712922854297e+00
-3.829482948294833378e-01 -2.086613382278210693e+00
-3.823432343234327568e-01 -2.085619679168403628e+00
-3.817381738173821759e-01 -2.084626603593433103e+00
-3.811331133113315950e-01 -2.083634155553299117e+00
-3.805280528052810141e-01 -2.082642335048001225e+00
-3.799229922992304331e-01 -2.081651142077540761e+00
-3.793179317931798522e-01 -2.080660576641915505e+00
-3.787128712871292713e-01 -2.079670638741127231e+00
-3.781078107810786904e-01 -2.078681328375175941e+00
-3.775027502750281094e-01 -2.077692645544060746e+00
-3.768976897689770844e-01 -2.076704590247781645e+00
-3.762926292629265035e-01 -2.075717162486339973e+00
-3.756875687568759226e-01 -2.074730362259733951e+00
-3.750825082508253416e-01 -2.073744189567965357e+00
-3.744774477447747607e-01 -2.072758644411032858e+00
-3.738723872387241798e-01 -2.071773726788936454e+00
-3.732673267326735989e-01 -2.070789436701677033e+00
-3.726622662266230179e-01 -2.069805774149254152e+00
-3.720572057205724370e-01 -2.068822739131667809e+00
-3.714521452145218561e-01 -2.067840331648917562e+00
-3.708470847084712751e-01 -2.066858551701003854e+00
-3.702420242024206942e-01 -2.065877399287927130e+00
-3.696369636963701133e-01 -2.064896874409686500e+00
-3.690319031903195324e-01 -2.063916977066282854e+00
-3.684268426842689514e-01 -2.062937707257714859e+00
-3.678217821782183705e-01 -2.061959064983984291e+00
-3.672167216721677896e-01 -2.060981050245089818e+00
-3.666116611661172087e-01 -2.060003663041031885e+00
-3.660066006600661837e-01 -2.059026903371809603e+00
-3.654015401540156027e-01 -2.058050771237424748e+00
-3.647964796479650218e-01 -2.057075266637875988e+00
-3.641914191419144409e-01 -2.056100389573164211e+00
-3.635863586358638599e-01 -2.055126140043288530e+00
-3.629812981298132790e-01 -2.054152518048249831e+00
-3.623762376237626981e-01 -2.053179523588047672e+00
-3.617711771177121172e-01 -2.052207156662681609e+00
-3.611661166116615362e-01 -2.051235417272152084e+00
-3.605610561056109553e-01 -2.050264305416459543e+00
-3.599559955995603744e-01 -2.049293821095602652e+00
-3.593509350935097935e-01 -2.048323964309583189e+00
-3.587458745874592125e-01 -2.047354735058399822e+00
-3.581408140814086316e-01 -2.046386133342052993e+00
-3.575357535753580507e-01 -2.045418159160542260e+00
-3.569306930693074698e-01 -2.044450812513868510e+00
-3.563256325632568888e-01 -2.043484093402031299e+00
-3.557205720572063079e-01 -2.042518001825030183e+00
-3.551155115511557270e-01 -2.041552537782866050e+00
-3.545104510451047020e-01 -2.040587701275537125e+00
-3.539053905390541210e-01 -2.039623492303046071e+00
-3.533003300330035401e-01 -2.038659910865391112e+00
-3.526952695269529592e-01 -2.037696956962572692e+00
-3.520902090209023783e-01 -2.036734630594591255e+00
-3.514851485148517973e-01 -2.035772931761445914e+00
-3.508800880088012164e-01 -2.034811860463136668e+00
-3.502750275027506355e-01 -2.033851416699664849e+00
-3.496699669967000546e-01 -2.032891612713487284e+00
-3.490649064906494736e-01 -2.031932510056964070e+00
-3.484598459845988927e-01 -2.030974117231802545e+00
-3.478547854785483118e-01 -2.030016434238002709e+00
-3.472497249724977308e-01 -2.029059461075564563e+00
-3.466446644664471499e-01 -2.028103197744488106e+00
-3.460396039603965690e-01 -2.027147644244773339e+00
-3.454345434543459881e-01 -2.026192800576419817e+00
-3.448294829482954071e-01 -2.025238666739427984e+00
-3.442244224422448262e-01 -2.024285242733797396e+00
-3.436193619361938012e-01 -2.023332528559528498e+00
-3.430143014301432203e-01 -2.022380524216621289e+00
-3.424092409240926393e-01 -2.021429229705076214e+00
-3.418041804180420584e-01 -2.020478645024892383e+00
-3.411991199119914775e-01 -2.019528770176070243e+00
-3.405940594059408966e-01 -2.018579605158609347e+00
-3.399889988998903156e-01 -2.017631149972510141e+00
-3.393839383938397347e-01 -2.016683404617773512e+00
-3.387788778877891538e-01 -2.015736369094397684e+00
-3.381738173817385729e-01 -2.014790043402383546e+00
-3.375687568756879919e-01 -2.013844427541731097e+00
-3.369636963696374110e-01 -2.012899521512439893e+00
-3.363586358635868301e-01 -2.011955325314510379e+00
-3.357535753575362492e-01 -2.011011838947942998e+00
-3.351485148514856682e-01 -2.010069062412736862e+00
-3.345434543454350873e-01 -2.009126995708892416e+00
-3.339383938393845064e-01 -2.008185638836409215e+00
-3.333333333333339255e-01 -2.007244991795288147e+00
-3.327282728272829004e-01 -2.006305054585527436e+00
-3.321232123212323195e-01 -2.005365827207129747e+00
-3.315181518151817386e-01 -2.004427309660093304e+00
-3.309130913091311577e-01 -2.003489501944418105e+00
-3.303080308030805767e-01 -2.002552404060105040e+00
-3.297029702970299958e-01 -2.001616016007153220e+00
-3.290979097909794149e-01 -2.000680337785563534e+00
-3.284928492849288340e-01 -1.999745369395335093e+00
-3.278877887788782530e-01 -1.998811110836467897e+00
-3.272827282728276721e-01 -1.997877562108962834e+00
-3.266776677667770912e-01 -1.996944723212819239e+00
-3.260726072607265102e-01 -1.996012594148037333e+00
-3.254675467546759293e-01 -1.995081174914616895e+00
-3.248624862486253484e-01 -1.994150465512558146e+00
-3.242574257425747675e-01 -1.993220465941860864e+00
-3.236523652365241865e-01 -1.992291176202525049e+00
-3.230473047304736056e-01 -1.991362596294551146e+00
-3.224422442244230247e-01 -1.990434726217938710e+00
-3.218371837183724438e-01 -1.989507565972687742e+00
-3.212321232123214187e-01 -1.988581115558798018e+00
-3.206270627062708378e-01 -1.987655374976270650e+00
-3.200220022002202569e-01 -1.986730344225104528e+00
-3.194169416941696760e-01 -1.985806023305299872e+00
-3.188118811881190950e-01 -1.984882412216857350e+00
-3.182068206820685141e-01 -1.983959510959775852e+00
-3.176017601760179332e-01 -1.983037319534056708e+00
-3.169966996699673523e-01 -1.982115837939698810e+00
-3.163916391639167713e-01 -1.981195066176702380e+00
-3.157865786578661904e-01 -1.980275004245068082e+00
-3.151815181518156095e-01 -1.979355652144794808e+00
-3.145764576457650286e-01 -1.978437009875883223e+00
-3.139713971397144476e-01 -1.977519077438333328e+00
-3.133663366336638667e-01 -1.976601854832144900e+00
-3.127612761276132858e-01 -1.975685342057318383e+00
-3.121562156215627049e-01 -1.974769539113853334e+00
-3.115511551155121239e-01 -1.973854446001749974e+00
-3.109460946094615430e-01 -1.972940062721007859e+00
-3.103410341034105180e-01 -1.972026389271626989e+00
-3.097359735973599371e-01 -1.971113425653608475e+00
-3.091309130913093561e-01 -1.970201171866951206e+00
-3.085258525852587752e-01 -1.969289627911655849e+00
-3.079207920792081943e-01 -1.968378793787721959e+00
-3.073157315731576134e-01 -1.967468669495149758e+00
-3.067106710671070324e-01 -1.966559255033939024e+00
-3.061056105610564515e-01 -1.965650550404089980e+00
-3.055005500550058706e-01 -1.964742555605602403e+00
-3.048954895489552896e-01 -1.963835270638476960e+00
-3.042904290429047087e-01 -1.962928695502712761e+00
-3.036853685368541278e-01 -1.962022830198310253e+00
-3.030803080308035469e-01 -1.961117674725268989e+00
-3.024752475247529659e-01 -1.960213229083589637e+00
-3.018701870187023850e-01 -1.959309493273271530e+00
-3.012651265126518041e-01 -1.958406467294315778e+00
-3.006600660066012232e-01 -1.957504151146721050e+00
-3.000550055005506422e-01 -1.956602544830488011e+00
-2.994499449945000613e-01 -1.955701648345616661e+00
-2.988448844884490363e-01 -1.954801461692106557e+00
-2.982398239823984554e-01 -1.953901984869958364e+00
-2.976347634763478744e-01 -1.953003217879171416e+00
-2.970297029702972935e-01 -1.952105160719746602e+00
-2.964246424642467126e-01 -1.951207813391683032e+00
-2.958195819581961317e-01 -1.950311175894981597e+00
-2.952145214521455507e-01 -1.949415248229641406e+00
-2.946094609460949698e-01 -1.948520030395663127e+00
-2.940044004400443889e-01 -1.947625522393045872e+00
-2.933993399339938080e-01 -1.946731724221790527e+00
-2.927942794279432270e-01 -1.945838635881897316e+00
-2.921892189218926461e-01 -1.944946257373364684e+00
-2.915841584158420652e-01 -1.944054588696194408e+00
-2.909790979097914843e-01 -1.943163629850385599e+00
-2.903740374037409033e-01 -1.942273380835938257e+00
-2.897689768976903224e-01 -1.941383841652852604e+00
-2.891639163916397415e-01 -1.940495012301128863e+00
-2.885588558855891606e-01 -1.939606892780765923e+00
-2.879537953795381355e-01 -1.938719483091764673e+00
-2.873487348734875546e-01 -1.937832783234125333e+00
-2.867436743674369737e-01 -1.936946793207847684e+00
-2.861386138613863928e-01 -1.936061513012931945e+00
-2.855335533553358118e-01 -1.935176942649377452e+00
-2.849284928492852309e-01 -1.934293082117184648e+00
-2.843234323432346500e-01 -1.933409931416353533e+00
-2.837183718371840691e-01 -1.932527490546883886e+00
-2.831133113311334881e-01 -1.931645759508775484e+00
-2.825082508250829072e-01 -1.930764738302029659e+00
-2.819031903190323263e-01 -1.929884426926644636e+00
-2.812981298129817453e-01 -1.929004825382621524e+00
-2.806930693069311644e-01 -1.928125933669959879e+00
-2.800880088008805835e-01 -1.927247751788659702e+00
-2.794829482948300026e-01 -1.926370279738721436e+00
-2.788778877887794216e-01 -1.925493517520144859e+00
-2.782728272827288407e-01 -1.924617465132929972e+00
-2.776677667766782598e-01 -1.923742122577076108e+00
-2.770627062706276789e-01 -1.922867489852583933e+00
-2.764576457645766538e-01 -1.921993566959453004e+00
-2.758525852585260729e-01 -1.921120353897684430e+00
-2.752475247524754920e-01 -1.920247850667277545e+00
-2.746424642464249111e-01 -1.919376057268231905e+00
-2.740374037403743301e-01 -1.918504973700547733e+00
-2.734323432343237492e-01 -1.917634599964225917e+00
-2.728272827282731683e-01 -1.916764936059264901e+00
-2.722222222222225874e-01 -1.915895981985666019e+00
-2.716171617161720064e-01 -1.915027737743428382e+00
-2.710121012101214255e-01 -1.914160203332552657e+00
-2.704070407040708446e-01 -1.913293378753038176e+00
-2.698019801980202637e-01 -1.912427264004885608e+00
-2.691969196919696827e-01 -1.911561859088094728e+00
-2.685918591859191018e-01 -1.910697164002665094e+00
-2.679867986798685209e-01 -1.909833178748597149e+00
-2.673817381738179400e-01 -1.908969903325890893e+00
-2.667766776677673590e-01 -1.908107337734546327e+00
-2.661716171617167781e-01 -1.907245481974563450e+00
-2.655665566556657531e-01 -1.906384336045941374e+00
-2.649614961496151722e-01 -1.905523899948681432e+00
-2.643564356435645912e-01 -1.904664173682783179e+00
-2.637513751375140103e-01 -1.903805157248246616e+00
-2.631463146314634294e-01 -1.902946850645071741e+00
-2.625412541254128485e-01 -1.902089253873258112e+00
-2.619361936193622675e-01 -1.901232366932806617e+00
-2.613311331133116866e-01 -1.900376189823716366e+00
-2.607260726072611057e-01 -1.899520722545987805e+00
-2.601210121012105247e-01 -1.898665965099620934e+00
-2.595159515951599438e-01 -1.897811917484615307e+00
-2.589108910891093629e-01 -1.896958579700971592e+00
-2.583058305830587820e-01 -1.896105951748689789e+00
-2.577007700770082010e-01 -1.895254033627769230e+00
-2.570957095709576201e-01 -1.894402825338210139e+00
-2.564906490649070392e-01 -1.893552326880012737e+00
-2.558855885588564583e-01 -1.892702538253176803e+00
-2.552805280528058773e-01 -1.891853459457702780e+00
-2.546754675467552964e-01 -1.891005090493590224e+00
-2.540704070407042714e-01 -1.890157431360838469e+00
-2.534653465346536905e-01 -1.889310482059449292e+00
-2.528602860286031095e-01 -1.888464242589421804e+00
-2.522552255225525286e-01 -1.887618712950755562e+00
-2.516501650165019477e-01 -1.886773893143451009e+00
-2.510451045104513668e-01 -1.885929783167508145e+00
-2.504400440044007858e-01 -1.885086383022926970e+00
-2.498349834983502049e-01 -1.884243689583486425e+00
-2.492299229922996240e-01 -1.883401644145694220e+00
-2.486248624862490431e-01 -1.882560224478643907e+00
-2.480198019801984621e-01 -1.881719430582334596e+00
-2.474147414741478812e-01 -1.880879262456766732e+00
-2.468096809680973003e-01 -1.880039720101940315e+00
-2.462046204620467194e-01 -1.879200803517855123e+00
-2.455995599559961384e-01 -1.878362512704511156e+00
-2.449944994499455575e-01 -1.877524847661908636e+00
-2.443894389438949766e-01 -1.876687808390047785e+00
-2.437843784378443956e-01 -1.875851394888928159e+00
-2.431793179317933706e-01 -1.875015607158548647e+00
-2.425742574257427897e-01 -1.874180445198911693e+00
-2.419691969196922088e-01 -1.873345909010015742e+00
-2.413641364136416279e-01 -1.872511998591861682e+00
-2.407590759075910469e-01 -1.871678713944448624e+00
-2.401540154015404660e-01 -1.870846055067777014e+00
-2.395489548954898851e-01 -1.870014021961846629e+00
-2.389438943894393041e-01 -1.869182614626657690e+00
-2.383388338833887232e-01 -1.868351833062209977e+00
-2.377337733773381423e-01 -1.867521677268503932e+00
-2.371287128712875614e-01 -1.866692147245538669e+00
-2.365236523652369804e-01 -1.865863242993315296e+00
-2.359185918591863995e-01 -1.865034964511833371e+00
-2.353135313531358186e-01 -1.864207311801092448e+00
-2.347084708470852377e-01 -1.863380284861092973e+00
-2.341034103410346567e-01 -1.862553883691834722e+00
-2.334983498349840758e-01 -1.861728108293317918e+00
-2.328932893289334949e-01 -1.860902958665542561e+00
-2.322882288228829140e-01 -1.860078434808508208e+00
-2.316831683168318889e-01 -1.859254536722215301e+00
-2.310781078107813080e-01 -1.858431264406663841e+00
-2.304730473047307271e-01 -1.857608617861853606e+00
-2.298679867986801462e-01 -1.856786597087785040e+00
-2.292629262926295652e-01 -1.855965202084457477e+00
-2.286578657865789843e-01 -1.855144432851871583e+00
-2.280528052805284034e-01 -1.854324289390026914e+00
-2.274477447744778225e-01 -1.853504771698923692e+00
-2.268426842684272415e-01 -1.852685879778561695e+00
-2.262376237623766606e-01 -1.851867613628941145e+00
-2.256325632563260797e-01 -1.851049973250061820e+00
-2.250275027502754988e-01 -1.850232958641923942e+00
-2.244224422442249178e-01 -1.849416569804527510e+00
-2.238173817381743369e-01 -1.848600806737872304e+00
-2.232123212321237560e-01 -1.847785669441958545e+00
-2.226072607260731751e-01 -1.846971157916785788e+00
-2.220022002200225941e-01 -1.846157272162354701e+00
-2.213971397139720132e-01 -1.845344012178664617e+00
-2.207920792079209882e-01 -1.844531377965715757e+00
-2.201870187018704073e-01 -1.843719369523508567e+00
-2.195819581958198263e-01 -1.842907986852042823e+00
-2.189768976897692454e-01 -1.842097229951318527e+00
-2.183718371837186645e-01 -1.841287098821335233e+00
-2.177667766776680836e-01 -1.840477593462093608e+00
-2.171617161716175026e-01 -1.839668713873593431e+00
-2.165566556655669217e-01 -1.838860460055834478e+00
-2.159515951595163408e-01 -1.838052832008816750e+00
-2.153465346534657598e-01 -1.837245829732540470e+00
-2.147414741474151789e-01 -1.836439453227005858e+00
-2.141364136413645980e-01 -1.835633702492211805e+00
-2.135313531353140171e-01 -1.834828577528159865e+00
-2.129262926292634361e-01 -1.834024078334848928e+00
-2.123212321232128552e-01 -1.833220204912279439e+00
-2.117161716171622743e-01 -1.832416957260450951e+00
-2.111111111111116934e-01 -1.831614335379363911e+00
-2.105060506050611124e-01 -1.830812339269018540e+00
-2.099009900990100874e-01 -1.830010968929414172e+00
-2.092959295929595065e-01 -1.829210224360551029e+00
-2.086908690869089256e-01 -1.828410105562429555e+00
-2.080858085808583446e-01 -1.827610612535049750e+00
-2.074807480748077637e-01 -1.826811745278410948e+00
-2.068756875687571828e-01 -1.826013503792513371e+00
-2.062706270627066019e-01 -1.825215888077357462e+00
-2.056655665566560209e-01 -1.824418898132942335e+00
-2.050605060506054400e-01 -1.823622533959269099e+00
-2.044554455445548591e-01 -1.822826795556337309e+00
-2.038503850385042782e-01 -1.822031682924146523e+00
-2.032453245324536972e-01 -1.821237196062697183e+00
-2.026402640264031163e-01 -1.820443334971989291e+00
-2.020352035203525354e-01 -1.819650099652022623e+00
-2.014301430143019545e-01 -1.818857490102797181e+00
-2.008250825082513735e-01 -1.818065506324313629e+00
-2.002200220022007926e-01 -1.817274148316570859e+00
-1.996149614961502117e-01 -1.816483416079569757e+00
-1.990099009900996307e-01 -1.815693309613310102e+00
-1.984048404840486057e-01 -1.814903828917791007e+00
-1.977997799779980248e-01 -1.814114973993013580e+00
-1.971947194719474439e-01 -1.813326744838977822e+00
-1.965896589658968630e-01 -1.812539141455683289e+00
-1.959845984598462820e-01 -1.811752163843130203e+00
-1.953795379537957011e-01 -1.810965812001318342e+00
-1.947744774477451202e-01 -1.810180085930248151e+00
-1.941694169416945392e-01 -1.809394985629919184e+00
-1.935643564356439583e-01 -1.808610511100330998e+00
-1.929592959295933774e-01 -1.807826662341484703e+00
-1.923542354235427965e-01 -1.807043439353379632e+00
-1.917491749174922155e-01 -1.806260842136016231e+00
-1.911441144114416346e-01 -1.805478870689393833e+00
-1.905390539053910537e-01 -1.804697525013512882e+00
-1.899339933993404728e-01 -1.803916805108373378e+00
-1.893289328932898918e-01 -1.803136710973974655e+00
-1.887238723872393109e-01 -1.802357242610317822e+00
-1.881188118811887300e-01 -1.801578400017402659e+00
-1.875137513751377050e-01 -1.800800183195227611e+00
-1.869086908690871240e-01 -1.800022592143794897e+00
-1.863036303630365431e-01 -1.799245626863103409e+00
-1.856985698569859622e-01 -1.798469287353153145e+00
-1.850935093509353813e-01 -1.797693573613944551e+00
-1.844884488448848003e-01 -1.796918485645476959e+00
-1.838833883388342194e-01 -1.796144023447751037e+00
-1.832783278327836385e-01 -1.795370187020765895e+00
-1.826732673267330576e-01 -1.794596976364522867e+00
-1.820682068206824766e-01 -1.793824391479020619e+00
-1.814631463146318957e-01 -1.793052432364259818e+00
-1.808580858085813148e-01 -1.792281099020240465e+00
-1.802530253025307339e-01 -1.791510391446962558e+00
-1.796479647964801529e-01 -1.790740309644425876e+00
-1.790429042904295720e-01 -1.789970853612630641e+00
-1.784378437843789911e-01 -1.789202023351576631e+00
-1.778327832783284101e-01 -1.788433818861264069e+00
-1.772277227722778292e-01 -1.787666240141692509e+00
-1.766226622662272483e-01 -1.786899287192862840e+00
-1.760176017601762233e-01 -1.786132960014773285e+00
-1.754125412541256424e-01 -1.785367258607426066e+00
-1.748074807480750614e-01 -1.784602182970820072e+00
-1.742024202420244805e-01 -1.783837733104955747e+00
-1.735973597359738996e-01 -1.783073909009832203e+00
-1.729922992299233186e-01 -1.782310710685450772e+00
-1.723872387238727377e-01 -1.781548138131810122e+00
-1.717821782178221568e-01 -1.780786191348911141e+00
-1.711771177117715759e-01 -1.780024870336753384e+00
-1.705720572057209949e-01 -1.779264175095336853e+00
-1.699669966996704140e-01 -1.778504105624661769e+00
-1.693619361936198331e-01 -1.777744661924728353e+00
-1.687568756875692522e-01 -1.776985843995535719e+00
-1.681518151815186712e-01 -1.776227651837084531e+00
-1.675467546754680903e-01 -1.775470085449374569e+00
-1.669416941694175094e-01 -1.774713144832406497e+00
-1.663366336633669285e-01 -1.773956829986179873e+00
-1.657315731573163475e-01 -1.773201140910694251e+00
-1.651265126512653225e-01 -1.772446077605949410e+00
-1.645214521452147416e-01 -1.771691640071946239e+00
-1.639163916391641607e-01 -1.770937828308685180e+00
-1.633113311331135797e-01 -1.770184642316164458e+00
-1.627062706270629988e-01 -1.769432082094386072e+00
-1.621012101210124179e-01 -1.768680147643348244e+00
-1.614961496149618370e-01 -1.767928838963052307e+00
-1.608910891089112560e-01 -1.767178156053497373e+00
-1.602860286028606751e-01 -1.766428098914683664e+00
-1.596809680968100942e-01 -1.765678667546611624e+00
-1.590759075907595133e-01 -1.764929861949280809e+00
-1.584708470847089323e-01 -1.764181682122691441e+00
-1.578657865786583514e-01 -1.763434128066843520e+00
-1.572607260726077705e-01 -1.762687199781736602e+00
-1.566556655665571895e-01 -1.761940897267371131e+00
-1.560506050605066086e-01 -1.761195220523747329e+00
-1.554455445544560277e-01 -1.760450169550864308e+00
-1.548404840484054468e-01 -1.759705744348723400e+00
-1.542354235423548658e-01 -1.758961944917322828e+00
-1.536303630363038408e-01 -1.758218771256663926e+00
-1.530253025302532599e-01 -1.757476223366746471e+00
-1.524202420242026790e-01 -1.756734301247570684e+00
-1.518151815181520981e-01 -1.755993004899135901e+00
-1.512101210121015171e-01 -1.755252334321443008e+00
-1.506050605060509362e-01 -1.754512289514490897e+00
-1.500000000000003553e-01 -1.753772870478280455e+00
-1.493949394939497743e-01 -1.753033926368446682e+00
-1.487898789878991934e-01 -1.752295306340625469e+00
-1.481848184818486125e-01 -1.751557010394816150e+00
-1.475797579757980316e-01 -1.750819038531019167e+00
-1.469746974697474506e-01 -1.750081390749234744e+00
-1.463696369636968697e-01 -1.749344067049462215e+00
-1.457645764576462888e-01 -1.748607067431702244e+00
-1.451595159515957079e-01 -1.747870391895954389e+00
-1.445544554455451269e-01 -1.747134040442218872e+00
-1.439493949394945460e-01 -1.746398013070495914e+00
-1.433443344334439651e-01 -1.745662309780784627e+00
-1.427392739273929401e-01 -1.744926930573085011e+00
-1.421342134213423591e-01 -1.744191875447398621e+00
-1.415291529152917782e-01 -1.743457144403724568e+00
-1.409240924092411973e-01 -1.742722737442062408e+00
-1.403190319031906164e-01 -1.741988654562413030e+00
-1.397139713971400354e-01 -1.741254895764775545e+00
-1.391089108910894545e-01 -1.740521461049150842e+00
-1.385038503850388736e-01 -1.739788350415537810e+00
-1.378987898789882927e-01 -1.739055563863937337e+00
-1.372937293729377117e-01 -1.738323101394348980e+00
-1.366886688668871308e-01 -1.737590963006772959e+00
-1.360836083608365499e-01 -1.736859148701209277e+00
-1.354785478547859690e-01 -1.736127658477658153e+00
-1.348734873487353880e-01 -1.735396492336118923e+00
-1.342684268426848071e-01 -1.734665650276591808e+00
-1.336633663366342262e-01 -1.733935132299077253e+00
-1.330583058305836452e-01 -1.733204938403575035e+00
-1.324532453245330643e-01 -1.732475068590084932e+00
-1.318481848184824834e-01 -1.731745522858607167e+00
-1.312431243124314584e-01 -1.731016301209140629e+00
-1.306380638063808775e-01 -1.730287403641687316e+00
-1.300330033003302965e-01 -1.729558830156246785e+00
-1.294279427942797156e-01 -1.728830580752817925e+00
-1.288228822882291347e-01 -1.728102655431401402e+00
-1.282178217821785537e-01 -1.727375054191997661e+00
-1.276127612761279728e-01 -1.726647777034605369e+00
-1.270077007700773919e-01 -1.725920823959225636e+00
-1.264026402640268110e-01 -1.725194194965858685e+00
-1.257975797579762300e-01 -1.724467890054503405e+00
-1.251925192519256491e-01 -1.723741909225160907e+00
-1.245874587458750682e-01 -1.723016252477830079e+00
-1.239823982398244873e-01 -1.722290919812512033e+00
-1.233773377337739063e-01 -1.721565911229206103e+00
-1.227722772277233254e-01 -1.720841226727912288e+00
-1.221672167216727445e-01 -1.720116866308630810e+00
-1.215621562156221636e-01 -1.719392829971361669e+00
-1.209570957095715826e-01 -1.718669117716104644e+00
-1.203520352035205576e-01 -1.717945729542859290e+00
-1.197469746974699767e-01 -1.717222665451627384e+00
-1.191419141914193958e-01 -1.716499925442407148e+00
-1.185368536853688148e-01 -1.715777509515199473e+00
-1.179317931793182339e-01 -1.715055417670003912e+00
-1.173267326732676530e-01 -1.714333649906820911e+00
-1.167216721672170721e-01 -1.713612206225649803e+00
-1.161166116611664911e-01 -1.712891086626491033e+00
-1.155115511551159102e-01 -1.712170291109344600e+00
-1.149064906490653293e-01 -1.711449819674210504e+00
-1.143014301430147484e-01 -1.710729672321088524e+00
-1.136963696369641674e-01 -1.710009849049979103e+00
-1.130913091309135865e-01 -1.709290349860881575e+00
-1.124862486248630056e-01 -1.708571174753796384e+00
-1.118811881188124246e-01 -1.707852323728723976e+00
-1.112761276127618437e-01 -1.707133796785663460e+00
-1.106710671067112628e-01 -1.706415593924615282e+00
-1.100660066006606819e-01 -1.705697715145579219e+00
-1.094609460946096569e-01 -1.704980160448555049e+00
-1.088558855885590759e-01 -1.704262929833543438e+00
-1.082508250825084950e-01 -1.703546023300544610e+00
-1.076457645764579141e-01 -1.702829440849557674e+00
-1.070407040704073331e-01 -1.702113182480582854e+00
-1.064356435643567522e-01 -1.701397248193620815e+00
-1.058305830583061713e-01 -1.700681637988670447e+00
-1.052255225522555904e-01 -1.699966351865732861e+00
-1.046204620462050094e-01 -1.699251389824807168e+00
-1.040154015401544285e-01 -1.698536751865893812e+00
-1.034103410341038476e-01 -1.697822437988993016e+00
-1.028052805280532667e-01 -1.697108448194104113e+00
-1.022002200220026857e-01 -1.696394782481227770e+00
-1.015951595159521048e-01 -1.695681440850363542e+00
-1.009900990099015239e-01 -1.694968423301511651e+00
-1.003850385038509430e-01 -1.694255729834672319e+00
-9.977997799780036203e-02 -1.693543360449845325e+00
-9.917491749174978111e-02 -1.692831315147030224e+00
-9.856985698569920018e-02 -1.692119593926227683e+00
-9.796479647964817516e-02 -1.691408196787436147e+00
-9.735973597359759424e-02 -1.690697123730658058e+00
-9.675467546754701331e-02 -1.689986374755892085e+00
-9.614961496149643239e-02 -1.689275949863138448e+00
-9.554455445544585146e-02 -1.688565849052396928e+00
-9.493949394939527053e-02 -1.687856072323667966e+00
-9.433443344334468961e-02 -1.687146619676950898e+00
-9.372937293729410868e-02 -1.686437491112246612e+00
-9.312431243124352775e-02 -1.685728686629554218e+00
-9.251925192519294683e-02 -1.685020206228874162e+00
-9.191419141914236590e-02 -1.684312049910206444e+00
-9.130913091309178498e-02 -1.683604217673551062e+00
-9.070407040704120405e-02 -1.682896709518907574e+00
-9.009900990099062312e-02 -1.682189525446276646e+00
-8.949394939494004220e-02 -1.681482665455657832e+00
-8.888888888888946127e-02 -1.680776129547051356e+00
-8.828382838283888034e-02 -1.680069917720457440e+00
-8.767876787678829942e-02 -1.679364029975875638e+00
-8.707370737073727440e-02 -1.678658466313305286e+00
-8.646864686468669348e-02 -1.677953226732748160e+00
-8.586358635863611255e-02 -1.677248311234203149e+00
-8.525852585258553162e-02 -1.676543719817670475e+00
-8.465346534653495070e-02 -1.675839452483149916e+00
-8.404840484048436977e-02 -1.675135509230641473e+00
-8.344334433443378884e-02 -1.674431890060145811e+00
-8.283828382838320792e-02 -1.673728594971661821e+00
-8.223322332233262699e-02 -1.673025623965190833e+00
-8.162816281628204607e-02 -1.672322977040731518e+00
-8.102310231023146514e-02 -1.671620654198284761e+00
-8.041804180418088421e-02 -1.670918655437849898e+00
-7.981298129813030329e-02 -1.670216980759428038e+00
-7.920792079207972236e-02 -1.669515630163017628e+00
-7.860286028602914143e-02 -1.668814603648620221e+00
-7.799779977997856051e-02 -1.668113901216234485e+00
-7.739273927392797958e-02 -1.667413522865861308e+00
-7.678767876787739866e-02 -1.666713468597500469e+00
-7.618261826182681773e-02 -1.666013738411151746e+00
-7.557755775577579271e-02 -1.665314332306814915e+00
-7.497249724972521179e-02 -1.664615250284490866e+00
-7.436743674367463086e-02 -1.663916492344178932e+00
-7.376237623762404993e-02 -1.663218058485879336e+00
-7.315731573157346901e-02 -1.662519948709592077e+00
-7.255225522552288808e-02 -1.661822163015316933e+00
-7.194719471947230716e-02 -1.661124701403054127e+00
-7.134213421342172623e-02 -1.660427563872804102e+00
-7.073707370737114530e-02 -1.659730750424565748e+00
-7.013201320132056438e-02 -1.659034261058339732e+00
-6.952695269526998345e-02 -1.658338095774126053e+00
-6.892189218921940252e-02 -1.657642254571924711e+00
-6.831683168316882160e-02 -1.656946737451735485e+00
-6.771177117711824067e-02 -1.656251544413558818e+00
-6.710671067106765975e-02 -1.655556675457394045e+00
-6.650165016501707882e-02 -1.654862130583242052e+00
-6.589658965896649789e-02 -1.654167909791101732e+00
-6.529152915291591697e-02 -1.653474013080974192e+00
-6.468646864686489195e-02 -1.652780440452858102e+00
-6.408140814081431103e-02 -1.652087191906755015e+00
-6.347634763476373010e-02 -1.651394267442664265e+00
-6.287128712871314917e-02 -1.650701667060585631e+00
-6.226622662266256825e-02 -1.650009390760518890e+00
-6.166116611661198732e-02 -1.649317438542464931e+00
-6.105610561056140639e-02 -1.648625810406423309e+00
-6.045104510451082547e-02 -1.647934506352393580e+00
-5.984598459846024454e-02 -1.647243526380376188e+00
-5.924092409240966361e-02 -1.646552870490371356e+00
-5.863586358635908269e-02 -1.645862538682378418e+00
-5.803080308030850176e-02 -1.645172530956398038e+00
-5.742574257425792084e-02 -1.644482847312429774e+00
-5.682068206820733991e-02 -1.643793487750473847e+00
-5.621562156215675898e-02 -1.643104452270530480e+00
-5.561056105610617806e-02 -1.642415740872599006e+00
-5.500550055005559713e-02 -1.641727353556679869e+00
-5.440044004400501620e-02 -1.641039290322773070e+00
-5.379537953795443528e-02 -1.640351551170878164e+00
-5.319031903190341026e-02 -1.639664136100995595e+00
-5.258525852585282934e-02 -1.638977045113125586e+00
-5.198019801980224841e-02 -1.638290278207267914e+00
-5.137513751375166748e-02 -1.637603835383422357e+00
-5.077007700770108656e-02 -1.636917716641589138e+00
-5.016501650165050563e-02 -1.636231921981768256e+00
-4.955995599559992471e-02 -1.635546325113262922e+00
-4.895489548954934378e-02 -1.634860592549701064e+00
-4.834983498349876285e-02 -1.634174706531453358e+00
-4.774477447744818193e-02 -1.633488667058520249e+00
-4.713971397139760100e-02 -1.632802474130901516e+00
-4.653465346534702007e-02 -1.632116127748597156e+00
-4.592959295929643915e-02 -1.631429627911607172e+00
-4.532453245324585822e-02 -1.630742974619932006e+00
-4.471947194719527729e-02 -1.630056167873570994e+00
-4.411441144114469637e-02 -1.629369207672524134e+00
-4.350935093509411544e-02 -1.628682094016791870e+00
-4.290429042904353452e-02 -1.627994826906373760e+00
-4.229922992299250950e-02 -1.627307406341269802e+00
-4.169416941694192857e-02 -1.626619832321480441e+00
-4.108910891089134765e-02 -1.625932104847005899e+00
-4.048404840484076672e-02 -1.625244223917845288e+00
-3.987898789879018580e-02 -1.624556189533999273e+00
-3.927392739273960487e-02 -1.623868001695467633e+00
-3.866886688668902394e-02 -1.623179660402250590e+00
-3.806380638063844302e-02 -1.622491165654347922e+00
-3.745874587458786209e-02 -1.621802517451759629e+00
-3.685368536853728116e-02 -1.621113715794485710e+00
-3.624862486248670024e-02 -1.620424760682526388e+00
-3.564356435643611931e-02 -1.619735652115880997e+00
-3.503850385038553839e-02 -1.619046390094550425e+00
-3.443344334433495746e-02 -1.618356974618534005e+00
-3.382838283828437653e-02 -1.617667405687832183e+00
-3.322332233223379561e-02 -1.616977683302444513e+00
-3.261826182618321468e-02 -1.616287807462371218e+00
-3.201320132013263375e-02 -1.615597778167612519e+00
-3.140814081408205283e-02 -1.614907595418167974e+00
-3.080308030803102781e-02 -1.614217259214037581e+00
-3.019801980198044689e-02 -1.613526769555222451e+00
-2.959295929592986596e-02 -1.612836126441721474e+00
-2.898789878987928503e-02 -1.612145329873534427e+00
-2.838283828382870411e-02 -1.611454379850662200e+00
-2.777777777777812318e-02 -1.610763276373104569e+00
-2.717271727172754225e-02 -1.610072019440860647e+00
-2.656765676567696133e-02 -1.609380609053931765e+00
-2.596259625962638040e-02 -1.608689045212317037e+00
-2.535753575357579948e-02 -1.607997327916016905e+00
-2.475247524752521855e-02 -1.607305457165030704e+00
-2.414741474147463762e-02 -1.606613432959359100e+00
-2.354235423542405670e-02 -1.605921255299002093e+00
-2.293729372937347577e-02 -1.605228924183959238e+00
-2.233223322332289484e-02 -1.604536439614231202e+00
-2.172717271727231392e-02 -1.603843801589817097e+00
-2.112211221122173299e-02 -1.603151010110717367e+00
-2.051705170517115207e-02 -1.602458065176932456e+00
-1.991199119912012705e-02 -1.601764966788460809e+00
-1.930693069306954612e-02 -1.601071714945304647e+00
-1.870187018701896520e-02 -1.600378309647462638e+00
-1.809680968096838427e-02 -1.599684750894935226e+00
-1.749174917491780334e-02 -1.598991038687722410e+00
-1.688668866886722242e-02 -1.598297173025823525e+00
-1.628162816281664149e-02 -1.597603153909239238e+00
-1.567656765676606057e-02 -1.596908981337969324e+00
-1.507150715071547964e-02 -1.596214655312013564e+00
-1.446644664466489871e-02 -1.595520175831372400e+00
-1.386138613861431779e-02 -1.594825542896045834e+00
-1.325632563256373686e-02 -1.594130756506033642e+00
-1.265126512651315593e-02 -1.593435816661335380e+00
-1.204620462046257501e-02 -1.592740723361952160e+00
-1.144114411441199408e-02 -1.592045476607882870e+00
-1.083608360836141316e-02 -1.591350076399128177e+00
-1.023102310231083223e-02 -1.590654522735687859e+00
-9.625962596260251303e-03 -1.589958815617561916e+00
-9.020902090209670376e-03 -1.589262955044750569e+00
-8.415841584158645361e-03 -1.588566941017252709e+00
-7.810781078108064435e-03 -1.587870773535069890e+00
-7.205720572057483508e-03 -1.587174452598201668e+00
-6.600660066006902582e-03 -1.586477978206647599e+00
-5.995599559956321656e-03 -1.585781350360408126e+00
-5.390539053905740730e-03 -1.585084569059482806e+00
-4.785478547855159803e-03 -1.584387634303872305e+00
-4.180418041804578877e-03 -1.583690546093575957e+00
-3.575357535753997951e-03 -1.582993304428593984e+00
-2.970297029703417024e-03 -1.582295909308926607e+00
-2.365236523652836098e-03 -1.581598360734573383e+00
-1.760176017602255172e-03 -1.580900658705534756e+00
-1.155115511551674246e-03 -1.580202803221810504e+00
-5.500550055010933193e-04 -1.579504794283400182e+00
5.500550054993169624e-05 -1.578806631890304235e+00
6.600660066000685333e-04 -1.578108316042523551e+00
1.265126512651093549e-03 -1.577409846740056576e+00
1.870187018701230386e-03 -1.576711223982904642e+00
2.475247524752255401e-03 -1.576012447771066194e+00
3.080308030802392238e-03 -1.575313518104543231e+00
3.685368536853417254e-03 -1.574614434983333311e+00
4.290429042903554091e-03 -1.573915198407439098e+00
4.895489548954579107e-03 -1.573215808376858371e+00
5.500550055004715944e-03 -1.572516264891592908e+00
6.105610561055740959e-03 -1.571816567951640931e+00
6.710671067105877796e-03 -1.571116717557003994e+00
7.315731573156902812e-03 -1.570416713707680989e+00
7.920792079207927827e-03 -1.569716556403672136e+00
8.525852585258064664e-03 -1.569016245644978991e+00
9.130913091309089680e-03 -1.568315781431598666e+00
9.735973597359226517e-03 -1.567615163763534047e+00
1.034103410341025153e-02 -1.566914392640782694e+00
1.094609460946038837e-02 -1.566213468063347047e+00
1.155115511551141338e-02 -1.565512390031224665e+00
1.215621562156155022e-02 -1.564811158544417546e+00
1.276127612761257524e-02 -1.564109773602923692e+00
1.336633663366271207e-02 -1.563408235206745767e+00
1.397139713971373709e-02 -1.562706543355880662e+00
1.457645764576387393e-02 -1.562004698050331486e+00
1.518151815181489894e-02 -1.561302699290095131e+00
1.578657865786503578e-02 -1.560600547075174704e+00
1.639163916391606080e-02 -1.559898241405567543e+00
1.699669966996619763e-02 -1.559195782281275644e+00
1.760176017601722265e-02 -1.558493169702297232e+00
1.820682068206735948e-02 -1.557790403668634305e+00
1.881188118811838450e-02 -1.557087484180284420e+00
1.941694169416940952e-02 -1.556384411237249354e+00
2.002200220021954635e-02 -1.555681184839529330e+00
2.062706270627057137e-02 -1.554977804987122791e+00
2.123212321232070821e-02 -1.554274271680031738e+00
2.183718371837173322e-02 -1.553570584918254172e+00
2.244224422442187006e-02 -1.552866744701792090e+00
2.304730473047289507e-02 -1.552162751030643495e+00
2.365236523652303191e-02 -1.551458603904809719e+00
2.425742574257405693e-02 -1.550754303324289651e+00
2.486248624862419376e-02 -1.550049849289084847e+00
2.546754675467521878e-02 -1.549345241799194195e+00
2.607260726072535562e-02 -1.548640480854618140e+00
2.667766776677638063e-02 -1.547935566455355572e+00
2.728272827282651747e-02 -1.547230498601408932e+00
2.788778877887754248e-02 -1.546525277292774891e+00
2.849284928492767932e-02 -1.545819902529456558e+00
2.909790979097870434e-02 -1.545114374311451932e+00
2.970297029702884117e-02 -1.544408692638762570e+00
3.030803080307986619e-02 -1.543702857511386473e+00
3.091309130913089120e-02 -1.542996868929324972e+00
3.151815181518102804e-02 -1.542290726892578956e+00
3.212321232123205306e-02 -1.541584431401145983e+00
3.272827282728218989e-02 -1.540877982455028272e+00
3.333333333333321491e-02 -1.540171380054224270e+00
3.393839383938335175e-02 -1.539464624198735532e+00
3.454345434543437676e-02 -1.538757714888560280e+00
3.514851485148451360e-02 -1.538050652123700734e+00
3.575357535753553861e-02 -1.537343435904154010e+00
3.635863586358567545e-02 -1.536636066229923214e+00
3.696369636963670047e-02 -1.535928543101005461e+00
3.756875687568683730e-02 -1.535220866517403415e+00
3.817381738173786232e-02 -1.534513036479114412e+00
3.877887788778799916e-02 -1.533805052986140893e+00
3.938393839383902417e-02 -1.533096916038480639e+00
3.998899889988916101e-02 -1.532388625636136315e+00
4.059405940594018602e-02 -1.531680181779105032e+00
4.119911991199032286e-02 -1.530971584467389235e+00
4.180418041804134788e-02 -1.530262833700986480e+00
4.240924092409237289e-02 -1.529553929479898544e+00
4.301430143014250973e-02 -1.528844871804126093e+00
4.361936193619353475e-02 -1.528135660673666685e+00
4.422442244224367158e-02 -1.527426296088522761e+00
4.482948294829469660e-02 -1.526716778048692547e+00
4.543454345434483344e-02 -1.526007106554177373e+00
4.603960396039585845e-02 -1.525297281604975907e+00
4.664466446644599529e-02 -1.524587303201089483e+00
4.724972497249702030e-02 -1.523877171342516768e+00
4.785478547854715714e-02 -1.523166886029259537e+00
4.845984598459818216e-02 -1.522456447261315127e+00
4.906490649064831899e-02 -1.521745855038686646e+00
4.966996699669934401e-02 -1.521035109361371429e+00
5.027502750274948085e-02 -1.520324184723436556e+00
5.088008800880050586e-02 -1.519612896461908891e+00
5.148514851485064270e-02 -1.518901207848244006e+00
5.209020902090166771e-02 -1.518189118882440125e+00
5.269526952695269273e-02 -1.517476629564498136e+00
5.330033003300282957e-02 -1.516763739894418705e+00
5.390539053905385458e-02 -1.516050449872200279e+00
5.451045104510399142e-02 -1.515336759497844632e+00
5.511551155115501643e-02 -1.514622668771349767e+00
5.572057205720515327e-02 -1.513908177692717683e+00
5.632563256325617829e-02 -1.513193286261946824e+00
5.693069306930631512e-02 -1.512477994479038523e+00
5.753575357535734014e-02 -1.511762302343990561e+00
5.814081408140747698e-02 -1.511046209856806044e+00
5.874587458745850199e-02 -1.510329717017482087e+00
5.935093509350863883e-02 -1.509612823826021133e+00
5.995599559955966384e-02 -1.508895530282420516e+00
6.056105610560980068e-02 -1.508177836386683346e+00
6.116611661166082570e-02 -1.507459742138806513e+00
6.177117711771096253e-02 -1.506741247538792683e+00
6.237623762376198755e-02 -1.506022352586639856e+00
6.298129812981212439e-02 -1.505303057282349366e+00
6.358635863586314940e-02 -1.504583361625920102e+00
6.419141914191417442e-02 -1.503863265617352729e+00
6.479647964796431125e-02 -1.503142769256647915e+00
6.540154015401533627e-02 -1.502421872543803882e+00
6.600660066006547311e-02 -1.501700575478823074e+00
6.661166116611649812e-02 -1.500978878061702604e+00
6.721672167216663496e-02 -1.500256780292445136e+00
6.782178217821765998e-02 -1.499534282171048449e+00
6.842684268426779681e-02 -1.498811383697514765e+00
6.903190319031882183e-02 -1.498088084871841641e+00
6.963696369636895867e-02 -1.497364385694031519e+00
7.024202420241998368e-02 -1.496640286164082179e+00
7.084708470847012052e-02 -1.495915786281995619e+00
7.145214521452114553e-02 -1.495190886047769840e+00
7.205720572057128237e-02 -1.494465585461407064e+00
7.266226622662230739e-02 -1.493739884522905070e+00
7.326732673267244422e-02 -1.493013783232265856e+00
7.387238723872346924e-02 -1.492287281589486980e+00
7.447744774477360608e-02 -1.491560379594571550e+00
7.508250825082463109e-02 -1.490833077247516680e+00
7.568756875687565611e-02 -1.490105374548323480e+00
7.629262926292579294e-02 -1.489377271496993282e+00
7.689768976897681796e-02 -1.488648768093523866e+00
7.750275027502695480e-02 -1.487919864337917675e+00
7.810781078107797981e-02 -1.487190560230171821e+00
7.871287128712811665e-02 -1.486460855770288969e+00
7.931793179317914166e-02 -1.485730750958266677e+00
7.992299229922927850e-02 -1.485000245794107387e+00
8.052805280528030352e-02 -1.484269340277808880e+00
8.113311331133044035e-02 -1.483538034409373374e+00
8.173817381738146537e-02 -1.482806328188798650e+00
8.234323432343160221e-02 -1.482074221616086485e+00
8.294829482948262722e-02 -1.481341714691235323e+00
8.355335533553276406e-02 -1.480608807414246941e+00
8.415841584158378907e-02 -1.479875499785119564e+00
8.476347634763392591e-02 -1.479141791803854744e+00
8.536853685368495093e-02 -1.478407683470450484e+00
8.597359735973597594e-02 -1.477673174784908561e+00
8.657865786578611278e-02 -1.476938265747229195e+00
8.718371837183713779e-02 -1.476202956357410834e+00
8.778877887788727463e-02 -1.475467246615455252e+00
8.839383938393829965e-02 -1.474731136521360231e+00
8.899889988998843648e-02 -1.473994626075128211e+00
8.960396039603946150e-02 -1.473257715276756752e+00
9.020902090208959834e-02 -1.472520404126248517e+00
9.081408140814062335e-02 -1.471782692623601285e+00
9.141914191419076019e-02 -1.471044580768816390e+00
9.202420242024178521e-02 -1.470306068561892276e+00
9.262926292629192204e-02 -1.469567156002831165e+00
9.323432343234294706e-02 -1.468827843091631058e+00
9.383938393839308389e-02 -1.468088129828293287e+00
9.444444444444410891e-02 -1.467348016212816963e+00
9.504950495049424575e-02 -1.466607502245203198e+00
9.565456545654527076e-02 -1.465866587925449993e+00
9.625962596259540760e-02 -1.465125273253559568e+00
9.686468646864643262e-02 -1.464383558229530369e+00
9.746974697469745763e-02 -1.463641442853362840e+00
9.807480748074759447e-02 -1.462898927125058535e+00
9.867986798679861948e-02 -1.462156011044614345e+00
9.928492849284875632e-02 -1.461412694612033381e+00
9.988998899889978134e-02 -1.460668977827312975e+00
1.004950495049499182e-01 -1.459924860690455573e+00
1.011001100110009432e-01 -1.459180343201458507e+00
1.017051705170510800e-01 -1.458435425360324889e+00
1.023102310231021050e-01 -1.457690107167051607e+00
1.029152915291522419e-01 -1.456944388621641773e+00
1.035203520352032669e-01 -1.456198269724092276e+00
1.041254125412534037e-01 -1.455451750474405781e+00
1.047304730473044287e-01 -1.454704830872579846e+00
1.053355335533545656e-01 -1.453957510918617135e+00
1.059405940594055906e-01 -1.453209790612514984e+00
1.065456545654557274e-01 -1.452461669954275836e+00
1.071507150715067525e-01 -1.451713148943897469e+00
1.077557755775568893e-01 -1.450964227581381438e+00
1.083608360836079143e-01 -1.450214905866726633e+00
1.089658965896589393e-01 -1.449465183799933499e+00
1.095709570957090762e-01 -1.448715061381003144e+00
1.101760176017601012e-01 -1.447964538609933793e+00
1.107810781078102380e-01 -1.447213615486727445e+00
1.113861386138612630e-01 -1.446462292011381434e+00
1.119911991199113999e-01 -1.445710568183898648e+00
1.125962596259624249e-01 -1.444958444004276421e+00
1.132013201320125617e-01 -1.444205919472516975e+00
1.138063806380635867e-01 -1.443452994588618754e+00
1.144114411441137236e-01 -1.442699669352582870e+00
1.150165016501647486e-01 -1.441945943764408211e+00
1.156215621562148854e-01 -1.441191817824096111e+00
1.162266226622659104e-01 -1.440437291531644792e+00
1.168316831683160473e-01 -1.439682364887056476e+00
1.174367436743670723e-01 -1.438927037890328720e+00
1.180418041804172091e-01 -1.438171310541464187e+00
1.186468646864682341e-01 -1.437415182840460215e+00
1.192519251925183710e-01 -1.436658654787319023e+00
1.198569856985693960e-01 -1.435901726382038834e+00
1.204620462046204210e-01 -1.435144397624620316e+00
1.210671067106705578e-01 -1.434386668515064800e+00
1.216721672167215829e-01 -1.433628539053369844e+00
1.222772277227717197e-01 -1.432870009239537890e+00
1.228822882288227447e-01 -1.432111079073566495e+00
1.234873487348728816e-01 -1.431351748555458325e+00
1.240924092409239066e-01 -1.430592017685210715e+00
1.246974697469740434e-01 -1.429831886462825885e+00
1.253025302530250684e-01 -1.429071354888302059e+00
1.259075907590752053e-01 -1.428310422961640791e+00
1.265126512651262303e-01 -1.427549090682840305e+00
1.271177117711763671e-01 -1.426787358051902821e+00
1.277227722772273921e-01 -1.426025225068826341e+00
1.283278327832775290e-01 -1.425262691733612197e+00
1.289328932893285540e-01 -1.424499758046259057e+00
1.295379537953786908e-01 -1.423736424006768697e+00
1.301430143014297158e-01 -1.422972689615139341e+00
1.307480748074807408e-01 -1.422208554871371877e+00
1.313531353135308777e-01 -1.421444019775467416e+00
1.319581958195819027e-01 -1.420679084327423292e+00
1.325632563256320395e-01 -1.419913748527242392e+00
1.331683168316830645e-01 -1.419148012374921830e+00
1.337733773377332014e-01 -1.418381875870464492e+00
1.343784378437842264e-01 -1.417615339013867715e+00
1.349834983498343632e-01 -1.416848401805133939e+00
1.355885588558853883e-01 -1.416081064244260723e+00
1.361936193619355251e-01 -1.415313326331250732e+00
1.367986798679865501e-01 -1.414545188066101300e+00
1.374037403740366869e-01 -1.413776649448814871e+00
1.380088008800877120e-01 -1.413007710479388779e+00
1.386138613861378488e-01 -1.412238371157825689e+00
1.392189218921888738e-01 -1.411468631484123826e+00
1.398239823982390106e-01 -1.410698491458284742e+00
1.404290429042900357e-01 -1.409927951080305997e+00
1.410341034103401725e-01 -1.409157010350190475e+00
1.416391639163911975e-01 -1.408385669267935292e+00
1.422442244224422225e-01 -1.407613927833542222e+00
1.428492849284923594e-01 -1.406841786047012377e+00
1.434543454345433844e-01 -1.406069243908342647e+00
1.440594059405935212e-01 -1.405296301417536142e+00
1.446644664466445462e-01 -1.404522958574589975e+00
1.452695269526946831e-01 -1.403749215379507032e+00
1.458745874587457081e-01 -1.402975071832285092e+00
1.464796479647958449e-01 -1.402200527932925933e+00
1.470847084708468699e-01 -1.401425583681427334e+00
1.476897689768970068e-01 -1.400650239077791515e+00
1.482948294829480318e-01 -1.399874494122016699e+00
1.488998899889981686e-01 -1.399098348814104664e+00
1.495049504950491936e-01 -1.398321803154053633e+00
1.501100110010993305e-01 -1.397544864847416912e+00
1.507150715071503555e-01 -1.396767836337085011e+00
1.513201320132004923e-01 -1.395990873660477360e+00
1.519251925192515174e-01 -1.395213976817590851e+00
1.525302530253016542e-01 -1.394437145808428147e+00
1.531353135313526792e-01 -1.393660380632987028e+00
1.537403740374037042e-01 -1.392883681291268605e+00
1.543454345434538411e-01 -1.392107047783274210e+00
1.549504950495048661e-01 -1.391330480109000955e+00
1.555555555555550029e-01 -1.390553978268451507e+00
1.561606160616060279e-01 -1.389777542261623866e+00
1.567656765676561648e-01 -1.389001172088520253e+00
1.573707370737071898e-01 -1.388224867749137559e+00
1.579757975797573266e-01 -1.387448629243478671e+00
1.585808580858083516e-01 -1.386672456571541368e+00
1.591859185918584885e-01 -1.385896349733328092e+00
1.597909790979095135e-01 -1.385120308728835958e+00
1.603960396039596503e-01 -1.384344333558067852e+00
1.610011001100106753e-01 -1.383568424221021109e+00
1.616061606160608122e-01 -1.382792580717698172e+00
1.622112211221118372e-01 -1.382016803048096820e+00
1.628162816281619740e-01 -1.381241091212219496e+00
1.634213421342129990e-01 -1.380465445210063313e+00
1.640264026402631359e-01 -1.379689865041631158e+00
1.646314631463141609e-01 -1.378914350706920366e+00
1.652365236523651859e-01 -1.378138902205932048e+00
1.658415841584153227e-01 -1.377363519538667758e+00
1.664466446644663478e-01 -1.376588202705125052e+00
1.670517051705164846e-01 -1.375812951705305931e+00
1.676567656765675096e-01 -1.375037766539208395e+00
1.682618261826176465e-01 -1.374262647206834664e+00
1.688668866886686715e-01 -1.373487593708182741e+00
1.694719471947188083e-01 -1.372712606043254402e+00
1.700770077007698333e-01 -1.371937684212047426e+00
1.706820682068199702e-01 -1.371162828214564033e+00
1.712871287128709952e-01 -1.370388038050802670e+00
1.718921892189211320e-01 -1.369613313720764669e+00
1.724972497249721570e-01 -1.368838655224448253e+00
1.731023102310222939e-01 -1.368064062561855643e+00
1.737073707370733189e-01 -1.367289535732984618e+00
1.743124312431234557e-01 -1.366515074737837399e+00
1.749174917491744807e-01 -1.365740679576411543e+00
1.755225522552255057e-01 -1.364966350248708604e+00
1.761276127612756426e-01 -1.364192086754729027e+00
1.767326732673266676e-01 -1.363417889094471258e+00
1.773377337733768044e-01 -1.362643757267937294e+00
1.779427942794278295e-01 -1.361869691275124916e+00
1.785478547854779663e-01 -1.361095691116035900e+00
1.791529152915289913e-01 -1.360321756790668690e+00
1.797579757975791281e-01 -1.359547888299025065e+00
1.803630363036301532e-01 -1.358774085641103246e+00
1.809680968096802900e-01 -1.358000348816905234e+00
1.815731573157313150e-01 -1.357226677826428807e+00
1.821782178217814518e-01 -1.356453072669675963e+00
1.827832783278324769e-01 -1.355679533346644705e+00
1.833883388338826137e-01 -1.354906059857337031e+00
1.839933993399336387e-01 -1.354132652201751164e+00
1.845984598459837756e-01 -1.353359310379888880e+00
1.852035203520348006e-01 -1.352586034391747960e+00
1.858085808580849374e-01 -1.351812824237330846e+00
1.864136413641359624e-01 -1.351039679916635539e+00
1.870187018701869874e-01 -1.350266601429662705e+00
1.876237623762371243e-01 -1.349493588776413677e+00
1.882288228822881493e-01 -1.348720641956886235e+00
1.888338833883382861e-01 -1.347947760971082376e+00
1.894389438943893111e-01 -1.347174945819000325e+00
1.900440044004394480e-01 -1.346402196500641857e+00
1.906490649064904730e-01 -1.345629513016004974e+00
1.912541254125406098e-01 -1.344856895365091676e+00
1.918591859185916348e-01 -1.344084343547900406e+00
1.924642464246417717e-01 -1.343311857564432277e+00
1.930693069306927967e-01 -1.342539437414685954e+00
1.936743674367429335e-01 -1.341767083098663216e+00
1.942794279427939586e-01 -1.340994794616362507e+00
1.948844884488440954e-01 -1.340222571967785159e+00
1.954895489548951204e-01 -1.339450415152929397e+00
1.960946094609452572e-01 -1.338678324171797662e+00
1.966996699669962823e-01 -1.337906299024387291e+00
1.973047304730464191e-01 -1.337134339710700504e+00
1.979097909790974441e-01 -1.336362446230735079e+00
1.985148514851484691e-01 -1.335590618584492795e+00
1.991199119911986060e-01 -1.334818856771974094e+00
1.997249724972496310e-01 -1.334047160793176756e+00
2.003300330032997678e-01 -1.333275530648103224e+00
2.009350935093507928e-01 -1.332503966336751278e+00
2.015401540154009297e-01 -1.331732467859123359e+00
2.021452145214519547e-01 -1.330961035215216803e+00
2.027502750275020915e-01 -1.330189668405034054e+00
2.033553355335531165e-01 -1.329418367428572445e+00
2.039603960396032534e-01 -1.328647132285834864e+00
2.045654565456542784e-01 -1.327875962976818869e+00
2.051705170517044152e-01 -1.327104859501526679e+00
2.057755775577554402e-01 -1.326333821859956075e+00
2.063806380638055771e-01 -1.325562850052109054e+00
2.069856985698566021e-01 -1.324791944077983397e+00
2.075907590759067389e-01 -1.324021103937581767e+00
2.081958195819577639e-01 -1.323250329630901723e+00
2.088008800880087890e-01 -1.322479621157944152e+00
2.094059405940589258e-01 -1.321708978518710609e+00
2.100110011001099508e-01 -1.320938401713198429e+00
2.106160616061600876e-01 -1.320167890741410055e+00
2.112211221122111127e-01 -1.319397445603343044e+00
2.118261826182612495e-01 -1.318627066298999839e+00
2.124312431243122745e-01 -1.317856752828378220e+00
2.130363036303624114e-01 -1.317086505191480628e+00
2.136413641364134364e-01 -1.316316323388304177e+00
2.142464246424635732e-01 -1.315546207418851754e+00
2.148514851485145982e-01 -1.314776157283120472e+00
2.154565456545647351e-01 -1.314006172981113441e+00
2.160616061606157601e-01 -1.313236254512827550e+00
2.166666666666658969e-01 -1.312466401878265909e+00
2.172717271727169219e-01 -1.311696615077425410e+00
2.178767876787670588e-01 -1.310926894110308716e+00
2.184818481848180838e-01 -1.310157238976913607e+00
2.190869086908682206e-01 -1.309387649677242083e+00
2.196919691969192456e-01 -1.308618126211292365e+00
2.202970297029702706e-01 -1.307848668579064899e+00
2.209020902090204075e-01 -1.307079276780561461e+00
2.215071507150714325e-01 -1.306309950815779608e+00
2.221122112211215693e-01 -1.305540690684721561e+00
2.227172717271725944e-01 -1.304771496387385099e+00
2.233223322332227312e-01 -1.304002367923772221e+00
2.239273927392737562e-01 -1.303233305293880928e+00
2.245324532453238930e-01 -1.302464308497713219e+00
2.251375137513749181e-01 -1.301695377535267539e+00
2.257425742574250549e-01 -1.300926512406545221e+00
2.263476347634760799e-01 -1.300157713111544489e+00
2.269526952695262167e-01 -1.299388979650267339e+00
2.275577557755772418e-01 -1.298620312022712220e+00
2.281628162816273786e-01 -1.297851710228880462e+00
2.287678767876784036e-01 -1.297083174268770289e+00
2.293729372937285405e-01 -1.296314704142384144e+00
2.299779977997795655e-01 -1.295546299849718919e+00
2.305830583058297023e-01 -1.294777961390777943e+00
2.311881188118807273e-01 -1.294009688765558330e+00
2.317931793179317523e-01 -1.293241481974061413e+00
2.323982398239818892e-01 -1.292473341016288302e+00
2.330033003300329142e-01 -1.291705265892236776e+00
2.336083608360830510e-01 -1.290937256601909056e+00
2.342134213421340760e-01 -1.290169313145302699e+00
2.348184818481842129e-01 -1.289401435522420369e+00
2.354235423542352379e-01 -1.288633623733259181e+00
2.360286028602853747e-01 -1.287865877777822021e+00
2.366336633663363997e-01 -1.287098197656106446e+00
2.372387238723865366e-01 -1.286330583368114233e+00
2.378437843784375616e-01 -1.285563034913844049e+00
2.384488448844876984e-01 -1.284795552293297227e+00
2.390539053905387235e-01 -1.284028135506472434e+00
2.396589658965888603e-01 -1.283260784553371003e+00
2.402640264026398853e-01 -1.282493499433991158e+00
2.408690869086900221e-01 -1.281726280148334896e+00
2.414741474147410472e-01 -1.280959126696400441e+00
2.420792079207911840e-01 -1.280192039078189792e+00
2.426842684268422090e-01 -1.279425017293700506e+00
2.432893289328932340e-01 -1.278658061342933916e+00
2.438943894389433709e-01 -1.277891171225890687e+00
2.444994499449943959e-01 -1.277124346942569710e+00
2.451045104510445327e-01 -1.276357588492972095e+00
2.457095709570955577e-01 -1.275590895877096287e+00
2.463146314631456946e-01 -1.274824269094943840e+00
2.469196919691967196e-01 -1.274057708146513201e+00
2.475247524752468564e-01 -1.273291213031806368e+00
2.481298129812978814e-01 -1.272524783750820898e+00
2.487348734873480183e-01 -1.271758420303559234e+00
2.493399339933990433e-01 -1.270992122690019155e+00
2.499449944994491801e-01 -1.270225890910202882e+00
2.505500550055002051e-01 -1.269460159686206291e+00
2.511551155115503420e-01 -1.268695541976190944e+00
2.517601760176013670e-01 -1.267932042127374981e+00
2.523652365236515038e-01 -1.267169660139760845e+00
2.529702970297025288e-01 -1.266408396013346538e+00
2.535753575357535539e-01 -1.265648249748132947e+00
2.541804180418036907e-01 -1.264889221344121406e+00
2.547854785478547157e-01 -1.264131310801309471e+00
2.553905390539048526e-01 -1.263374518119698919e+00
2.559955995599558776e-01 -1.262618843299288640e+00
2.566006600660060144e-01 -1.261864286340079744e+00
2.572057205720570394e-01 -1.261110847242071120e+00
2.578107810781071763e-01 -1.260358526005263657e+00
2.584158415841582013e-01 -1.259607322629656467e+00
2.590209020902083381e-01 -1.258857237115250882e+00
2.596259625962593631e-01 -1.258108269462044904e+00
2.602310231023095000e-01 -1.257360419670041196e+00
2.608360836083605250e-01 -1.256613687739236651e+00
2.614411441144106618e-01 -1.255868073669634155e+00
2.620462046204616868e-01 -1.255123577461231266e+00
2.626512651265118237e-01 -1.254380199114030425e+00
2.632563256325628487e-01 -1.253637938628029191e+00
2.638613861386129855e-01 -1.252896796003229785e+00
2.644664466446640105e-01 -1.252156771239629984e+00
2.650715071507150356e-01 -1.251417864337230901e+00
2.656765676567651724e-01 -1.250680075296033866e+00
2.662816281628161974e-01 -1.249943404116036438e+00
2.668866886688663342e-01 -1.249207850797240615e+00
2.674917491749173593e-01 -1.248473415339644843e+00
2.680968096809674961e-01 -1.247740097743250676e+00
2.687018701870185211e-01 -1.247007898008056337e+00
2.693069306930686579e-01 -1.246276816134064047e+00
2.699119911991196830e-01 -1.245546852121270920e+00
2.705170517051698198e-01 -1.244818005969680064e+00
2.711221122112208448e-01 -1.244090277679288814e+00
2.717271727172709817e-01 -1.243363667250099391e+00
2.723322332233220067e-01 -1.242638174682109575e+00
2.729372937293721435e-01 -1.241913799975321586e+00
2.735423542354231685e-01 -1.241190543129733426e+00
2.741474147414733054e-01 -1.240468404145347092e+00
2.747524752475243304e-01 -1.239747383022160365e+00
2.753575357535744672e-01 -1.239027479760175465e+00
2.759625962596254922e-01 -1.238308694359390394e+00
2.765676567656765172e-01 -1.237591026819806039e+00
2.771727172717266541e-01 -1.236874477141423512e+00
2.777777777777776791e-01 -1.236159045324240591e+00
2.783828382838278159e-01 -1.235444731368259497e+00
2.789878987898788409e-01 -1.234731535273478453e+00
2.795929592959289778e-01 -1.234019457039899015e+00
2.801980198019800028e-01 -1.233308496667518739e+00
2.808030803080301396e-01 -1.232598654156341178e+00
2.814081408140811646e-01 -1.231889929506362780e+00
2.820132013201313015e-01 -1.231182322717586208e+00
2.826182618261823265e-01 -1.230475833790009688e+00
2.832233223322324633e-01 -1.229770462723634772e+00
2.838283828382834884e-01 -1.229066209518459685e+00
2.844334433443336252e-01 -1.228363074174486202e+00
2.850385038503846502e-01 -1.227661056691712549e+00
2.856435643564347870e-01 -1.226960157070140500e+00
2.862486248624858121e-01 -1.226260375309768502e+00
2.868536853685368371e-01 -1.225561711410597221e+00
2.874587458745869739e-01 -1.224864165372627767e+00
2.880638063806379989e-01 -1.224167737195857919e+00
2.886688668866881358e-01 -1.223472426880289898e+00
2.892739273927391608e-01 -1.222778234425921484e+00
2.898789878987892976e-01 -1.222085159832755119e+00
2.904840484048403226e-01 -1.221393203100788361e+00
2.910891089108904595e-01 -1.220702364230023651e+00
2.916941694169414845e-01 -1.220012643220458326e+00
2.922992299229916213e-01 -1.219324040072094828e+00
2.929042904290426463e-01 -1.218636554784931159e+00
2.935093509350927832e-01 -1.217950187358969538e+00
2.941144114411438082e-01 -1.217264937794207080e+00
2.947194719471939450e-01 -1.216580806090646893e+00
2.953245324532449700e-01 -1.215897792248286313e+00
2.959295929592951069e-01 -1.215215896267127560e+00
2.965346534653461319e-01 -1.214535118147168635e+00
2.971397139713962687e-01 -1.213855457888411316e+00
2.977447744774472937e-01 -1.213176915490853824e+00
2.983498349834983188e-01 -1.212499490954497272e+00
2.989548954895484556e-01 -1.211823184279342103e+00
2.995599559955994806e-01 -1.211147995465386984e+00
3.001650165016496175e-01 -1.210473924512633470e+00
3.007700770077006425e-01 -1.209800971421079785e+00
3.013751375137507793e-01 -1.209129136190727927e+00
3.019801980198018043e-01 -1.208458418821575897e+00
3.025852585258519412e-01 -1.207788819313625472e+00
3.031903190319029662e-01 -1.207120337666874876e+00
3.037953795379531030e-01 -1.206452973881326107e+00
3.044004400440041280e-01 -1.205786727956976945e+00
3.050055005500542649e-01 -1.205121599893829387e+00
3.056105610561052899e-01 -1.204457589691881880e+00
3.062156215621554267e-01 -1.203794697351136200e+00
3.068206820682064517e-01 -1.203132922871590127e+00
3.074257425742565886e-01 -1.202472266253245881e+00
3.080308030803076136e-01 -1.201812727496101685e+00
3.086358635863577504e-01 -1.201154306600158872e+00
3.092409240924087754e-01 -1.200497003565415888e+00
3.098459845984598005e-01 -1.199840818391873620e+00
3.104510451045099373e-01 -1.199185751079533402e+00
3.110561056105609623e-01 -1.198531801628392790e+00
3.116611661166110991e-01 -1.197878970038454005e+00
3.122662266226621242e-01 -1.197227256309714827e+00
3.128712871287122610e-01 -1.196576660442177475e+00
3.134763476347632860e-01 -1.195927182435839953e+00
3.140814081408134228e-01 -1.195278822290704035e+00
3.146864686468644479e-01 -1.194631580006768168e+00
3.152915291529145847e-01 -1.193985455584033684e+00
3.158965896589656097e-01 -1.193340449022499472e+00
3.165016501650157466e-01 -1.192696560322166643e+00
3.171067106710667716e-01 -1.192053789483033643e+00
3.177117711771169084e-01 -1.191412136505102470e+00
3.183168316831679334e-01 -1.190771601388370904e+00
3.189218921892180703e-01 -1.190132184132841164e+00
3.195269526952690953e-01 -1.189493884738511476e+00
3.201320132013192321e-01 -1.188856703205383392e+00
3.207370737073702571e-01 -1.188220639533455136e+00
3.213421342134212821e-01 -1.187585693722727598e+00
3.219471947194714190e-01 -1.186951865773201664e+00
3.225522552255224440e-01 -1.186319155684875781e+00
3.231573157315725808e-01 -1.185687563457751503e+00
3.237623762376236058e-01 -1.185057089091826832e+00
3.243674367436737427e-01 -1.184427732587104209e+00
3.249724972497247677e-01 -1.183799493943581194e+00
3.255775577557749045e-01 -1.183172373161260005e+00
3.261826182618259296e-01 -1.182546370240138423e+00
3.267876787678760664e-01 -1.181921485180218667e+00
3.273927392739270914e-01 -1.181297717981498963e+00
3.279977997799772282e-01 -1.180675068643980863e+00
3.286028602860282533e-01 -1.180053537167662370e+00
3.292079207920783901e-01 -1.179433123552545704e+00
3.298129812981294151e-01 -1.178813827798629088e+00
3.304180418041795519e-01 -1.178195649905913633e+00
3.310231023102305770e-01 -1.177578589874398451e+00
3.316281628162816020e-01 -1.176962647704083764e+00
3.322332233223317388e-01 -1.176347823394970904e+00
3.328382838283827638e-01 -1.175734116947058316e+00
3.334433443344329007e-01 -1.175121528360346890e+00
3.340484048404839257e-01 -1.174510057634835514e+00
3.346534653465340625e-01 -1.173899704770525743e+00
3.352585258525850875e-01 -1.173290469767415800e+00
3.358635863586352244e-01 -1.172682352625507463e+00
3.364686468646862494e-01 -1.172075353344799176e+00
3.370737073707363862e-01 -1.171469471925292494e+00
3.376787678767874112e-01 -1.170864708366985640e+00
3.382838283828375481e-01 -1.170261062669880392e+00
3.388888888888885731e-01 -1.169658534833975416e+00
3.394939493949387099e-01 -1.169057124859271823e+00
3.400990099009897349e-01 -1.168456832745768059e+00
3.407040704070398718e-01 -1.167857658493466122e+00
3.413091309130908968e-01 -1.167259602102363791e+00
3.419141914191410336e-01 -1.166662663572463288e+00
3.425192519251920586e-01 -1.166066842903762613e+00
3.431243124312430837e-01 -1.165472140096262654e+00
3.437293729372932205e-01 -1.164878555149964523e+00
3.443344334433442455e-01 -1.164286088064865998e+00
3.449394939493943824e-01 -1.163694738840969300e+00
3.455445544554454074e-01 -1.163104507478272431e+00
3.461496149614955442e-01 -1.162515393976777167e+00
3.467546754675465692e-01 -1.161927398336481954e+00
3.473597359735967061e-01 -1.161340520557388345e+00
3.479647964796477311e-01 -1.160754760639494565e+00
3.485698569856978679e-01 -1.160170118582802390e+00
3.491749174917488929e-01 -1.159586594387310043e+00
3.497799779977990298e-01 -1.159004188053019524e+00
3.503850385038500548e-01 -1.158423093397276782e+00
3.509900990099001916e-01 -1.157844010535809876e+00
3.515951595159512166e-01 -1.157267002755913987e+00
3.522002200220013535e-01 -1.156692070057590893e+00
3.528052805280523785e-01 -1.156119212440839261e+00
3.534103410341025153e-01 -1.155548429905660646e+00
3.540154015401535403e-01 -1.154979722452053048e+00
3.546204620462045654e-01 -1.154413090080017579e+00
3.552255225522547022e-01 -1.153848532789554904e+00
3.558305830583057272e-01 -1.153286050580663691e+00
3.564356435643558640e-01 -1.152725643453345494e+00
3.570407040704068891e-01 -1.152167311407598538e+00
3.576457645764570259e-01 -1.151611054443424154e+00
3.582508250825080509e-01 -1.151056872560821231e+00
3.588558855885581877e-01 -1.150504765759791548e+00
3.594609460946092128e-01 -1.149954734040332882e+00
3.600660066006593496e-01 -1.149406777402446789e+00
3.606710671067103746e-01 -1.148860895846132157e+00
3.612761276127605115e-01 -1.148317089371390765e+00
3.618811881188115365e-01 -1.147775357978220168e+00
3.624862486248616733e-01 -1.147235701666622809e+00
3.630913091309126983e-01 -1.146698120436596691e+00
3.636963696369628352e-01 -1.146162614288143589e+00
3.643014301430138602e-01 -1.145629183221261282e+00
3.649064906490639970e-01 -1.145097827235952215e+00
3.655115511551150220e-01 -1.144568546332214609e+00
3.661166116611660470e-01 -1.144041340510048910e+00
3.667216721672161839e-01 -1.143516209769456005e+00
3.673267326732672089e-01 -1.142993154110434340e+00
3.679317931793173457e-01 -1.142472173532985691e+00
3.685368536853683707e-01 -1.141953268037108282e+00
3.691419141914185076e-01 -1.141436437622803890e+00
3.697469746974695326e-01 -1.140921682290070738e+00
3.703520352035196694e-01 -1.140409002038910824e+00
3.709570957095706945e-01 -1.139898396869321484e+00
3.715621562156208313e-01 -1.139389866781305383e+00
3.721672167216718563e-01 -1.138883411774860743e+00
3.727722772277219931e-01 -1.138379031849988898e+00
3.733773377337730182e-01 -1.137876727006688071e+00
3.739823982398231550e-01 -1.137376497244960261e+00
3.745874587458741800e-01 -1.136878342564803690e+00
3.751925192519243168e-01 -1.136382262966220136e+00
3.757975797579753419e-01 -1.135888258449208044e+00
3.764026402640263669e-01 -1.135396329013767858e+00
3.770077007700765037e-01 -1.134906474659900466e+00
3.776127612761275287e-01 -1.134418695387604537e+00
3.782178217821776656e-01 -1.133932991196881179e+00
3.788228822882286906e-01 -1.133449362087729506e+00
3.794279427942788274e-01 -1.132967808060150627e+00
3.800330033003298524e-01 -1.132488329114142767e+00
3.806380638063799893e-01 -1.132010925249707922e+00
3.812431243124310143e-01 -1.131535596466844318e+00
3.818481848184811511e-01 -1.131062342765553730e+00
3.824532453245321761e-01 -1.130591164145834604e+00
3.830583058305823130e-01 -1.130122060607688272e+00
3.836633663366333380e-01 -1.129655032151112959e+00
3.842684268426834748e-01 -1.129190078776110662e+00
3.848734873487344998e-01 -1.128727200482679827e+00
3.854785478547846367e-01 -1.128266397270821786e+00
3.860836083608356617e-01 -1.127807669140534763e+00
3.866886688668857985e-01 -1.127351016091820757e+00
3.872937293729368236e-01 -1.126896438124678212e+00
3.878987898789878486e-01 -1.126443935239107796e+00
3.885038503850379854e-01 -1.125993507435110397e+00
3.891089108910890104e-01 -1.125545154712684015e+00
3.897139713971391473e-01 -1.125098877071830428e+00
3.903190319031901723e-01 -1.124654674512548302e+00
3.909240924092403091e-01 -1.124212547034838972e+00
3.915291529152913341e-01 -1.123772494638701103e+00
3.921342134213414710e-01 -1.123334517324136028e+00
3.927392739273924960e-01 -1.122898615091142194e+00
3.933443344334426328e-01 -1.122464787939721154e+00
3.939493949394936578e-01 -1.122033035869871576e+00
3.945544554455437947e-01 -1.121603358881594792e+00
3.951595159515948197e-01 -1.121175756974889470e+00
3.957645764576449565e-01 -1.120750230149756943e+00
3.963696369636959815e-01 -1.120326778406195878e+00
3.969746974697461184e-01 -1.119905401744207163e+00
3.975797579757971434e-01 -1.119486100163790132e+00
3.981848184818472802e-01 -1.119068873664945674e+00
3.987898789878983052e-01 -1.118653722247673121e+00
3.993949394939493303e-01 -1.118240645911972253e+00
3.999999999999994671e-01 -1.117829644657844179e+00
4.006050605060504921e-01 -1.117420718485287789e+00
4.012101210121006289e-01 -1.117013867394303750e+00
4.018151815181516540e-01 -1.116609091384891617e+00
4.024202420242017908e-01 -1.116206390457051612e+00
4.030253025302528158e-01 -1.115805764610783735e+00
4.036303630363029527e-01 -1.115407213846087986e+00
4.042354235423539777e-01 -1.115010738162963921e+00
4.048404840484041145e-01 -1.114616337561412651e+00
4.054455445544551395e-01 -1.114224012041432843e+00
4.060506050605052764e-01 -1.113833761603025385e+00
4.066556655665563014e-01 -1.113445586246189833e+00
4.072607260726064382e-01 -1.113059485970926854e+00
4.078657865786574632e-01 -1.112675460777235559e+00
4.084708470847076001e-01 -1.112293510665116392e+00
4.090759075907586251e-01 -1.111913635634569353e+00
4.096809680968096501e-01 -1.111535835685593998e+00
4.102860286028597869e-01 -1.111160110818191438e+00
4.108910891089108119e-01 -1.110786461032360561e+00
4.114961496149609488e-01 -1.110414886328102035e+00
4.121012101210119738e-01 -1.110045386705415194e+00
4.127062706270621106e-01 -1.109677962164300924e+00
4.133113311331131356e-01 -1.109312612704758338e+00
4.139163916391632725e-01 -1.108949338326788325e+00
4.145214521452142975e-01 -1.108588139030389996e+00
4.151265126512644343e-01 -1.108229014815564017e+00
4.157315731573154594e-01 -1.107871965682309723e+00
4.163366336633655962e-01 -1.107516991630628000e+00
4.169416941694166212e-01 -1.107164092660517962e+00
4.175467546754667580e-01 -1.106813268771980274e+00
4.181518151815177831e-01 -1.106464519965014492e+00
4.187568756875679199e-01 -1.106117846239621061e+00
4.193619361936189449e-01 -1.105773247595799313e+00
4.199669966996690817e-01 -1.105430724033550138e+00
4.205720572057201068e-01 -1.105090275552872647e+00
4.211771177117711318e-01 -1.104751902153767062e+00
4.217821782178212686e-01 -1.104415603836234272e+00
4.223872387238722936e-01 -1.104081380600272944e+00
4.229922992299224305e-01 -1.103749232445884187e+00
4.235973597359734555e-01 -1.103419159373066893e+00
4.242024202420235923e-01 -1.103091161381822394e+00
4.248074807480746173e-01 -1.102765238472149356e+00
4.254125412541247542e-01 -1.102441390644049113e+00
4.260176017601757792e-01 -1.102119617897520332e+00
4.266226622662259160e-01 -1.101799920232563901e+00
4.272277227722769410e-01 -1.101482297649179376e+00
4.278327832783270779e-01 -1.101166750147367424e+00
4.284378437843781029e-01 -1.100853277727127155e+00
4.290429042904282397e-01 -1.100541880388459237e+00
4.296479647964792647e-01 -1.100232558131363003e+00
4.302530253025294016e-01 -1.099925310955839342e+00
4.308580858085804266e-01 -1.099620138861887142e+00
4.314631463146305634e-01 -1.099317041849507737e+00
4.320682068206815885e-01 -1.099016019918699794e+00
4.326732673267326135e-01 -1.098717073069463979e+00
4.332783278327827503e-01 -1.098420201301800736e+00
4.338833883388337753e-01 -1.098125404615709177e+00
4.344884488448839122e-01 -1.097832683011190191e+00
4.350935093509349372e-01 -1.097542036488242889e+00
4.356985698569850740e-01 -1.097253465046867937e+00
4.363036303630360990e-01 -1.096966968687064670e+00
4.369086908690862359e-01 -1.096682547408833974e+00
4.375137513751372609e-01 -1.096400201212174741e+00
4.381188118811873977e-01 -1.096119930097088302e+00
4.387238723872384227e-01 -1.095841734063573325e+00
4.393289328932885596e-01 -1.095565613111631142e+00
4.399339933993395846e-01 -1.095291567241260422e+00
4.405390539053897214e-01 -1.095019596452462052e+00
4.411441144114407464e-01 -1.094749700745235588e+00
4.417491749174908833e-01 -1.094481880119581696e+00
4.423542354235419083e-01 -1.094216134575499266e+00
4.429592959295920451e-01 -1.093952464112989187e+00
4.435643564356430701e-01 -1.093690868732051236e+00
4.441694169416940952e-01 -1.093431348432685191e+00
4.447744774477442320e-01 -1.093173903214891496e+00
4.453795379537952570e-01 -1.092918533078669707e+00
4.459845984598453938e-01 -1.092665238024020269e+00
4.465896589658964189e-01 -1.092414018050942515e+00
4.471947194719465557e-01 -1.092164873159437111e+00
4.477997799779975807e-01 -1.091917803349503835e+00
4.484048404840477176e-01 -1.091672808621142909e+00
4.490099009900987426e-01 -1.091429888974353446e+00
4.496149614961488794e-01 -1.091189044409136333e+00
4.502200220021999044e-01 -1.090950315977436080e+00
4.508250825082500413e-01 -1.090714157816392804e+00
4.514301430143010663e-01 -1.090480695647586762e+00
4.520352035203512031e-01 -1.090249929471018175e+00
4.526402640264022281e-01 -1.090021859286687267e+00
4.532453245324523650e-01 -1.089796485094594258e+00
4.538503850385033900e-01 -1.089573806894738039e+00
4.544554455445544150e-01 -1.089353824687119499e+00
4.550605060506045518e-01 -1.089136538471739302e+00
4.556655665566555768e-01 -1.088921948248596117e+00
4.562706270627057137e-01 -1.088710054017690387e+00
4.568756875687567387e-01 -1.088500855779022336e+00
4.574807480748068755e-01 -1.088294353532592185e+00
4.580858085808579006e-01 -1.088090547278399267e+00
4.586908690869080374e-01 -1.087889437016444250e+00
4.592959295929590624e-01 -1.087691022746726244e+00
4.599009900990091992e-01 -1.087495304469246360e+00
4.605060506050602243e-01 -1.087302282184003488e+00
4.611111111111103611e-01 -1.087111955890998960e+00
4.617161716171613861e-01 -1.086924325590231222e+00
4.623212321232115229e-01 -1.086739391281701606e+00
4.629262926292625480e-01 -1.086557152965409001e+00
4.635313531353126848e-01 -1.086377610641354741e+00
4.641364136413637098e-01 -1.086200764309537270e+00
4.647414741474138467e-01 -1.086026613969957921e+00
4.653465346534648717e-01 -1.085855159622615806e+00
4.659515951595158967e-01 -1.085686401267511370e+00
4.665566556655660335e-01 -1.085520338904644611e+00
4.671617161716170585e-01 -1.085356972534015085e+00
4.677667766776671954e-01 -1.085196302155623682e+00
4.683718371837182204e-01 -1.085038327769469069e+00
4.689768976897683572e-01 -1.084883049375552577e+00
4.695819581958193822e-01 -1.084730466973873542e+00
4.701870187018695191e-01 -1.084580580564432184e+00
4.707920792079205441e-01 -1.084433390147228282e+00
4.713971397139706809e-01 -1.084288895722262058e+00
4.720022002200217059e-01 -1.084147097289533290e+00
4.726072607260718428e-01 -1.084007994849041978e+00
4.732123212321228678e-01 -1.083871588400788344e+00
4.738173817381730046e-01 -1.083737877944772610e+00
4.744224422442240297e-01 -1.083606863480993887e+00
4.750275027502741665e-01 -1.083478545009453065e+00
4.756325632563251915e-01 -1.083352922530149698e+00
4.762376237623753283e-01 -1.083229996043084009e+00
4.768426842684263534e-01 -1.083109765548255776e+00
4.774477447744773784e-01 -1.082992231045664777e+00
4.780528052805275152e-01 -1.082877392535312122e+00
4.786578657865785402e-01 -1.082765250017196479e+00
4.792629262926286771e-01 -1.082655803491318514e+00
4.798679867986797021e-01 -1.082549052957678004e+00
4.804730473047298389e-01 -1.082444998416275395e+00
4.810781078107808639e-01 -1.082343639867110241e+00
4.816831683168310008e-01 -1.082244977310182543e+00
4.822882288228820258e-01 -1.082149010745492301e+00
4.828932893289321626e-01 -1.082055740173039959e+00
4.834983498349831876e-01 -1.081965165592824629e+00
4.841034103410333245e-01 -1.081877287004847421e+00
4.847084708470843495e-01 -1.081792104409107447e+00
4.853135313531344863e-01 -1.081709617805605372e+00
4.859185918591855113e-01 -1.081629827194340532e+00
4.865236523652356482e-01 -1.081552732575313369e+00
4.871287128712866732e-01 -1.081478333948523884e+00
4.877337733773368100e-01 -1.081406631313971856e+00
4.883388338833878350e-01 -1.081337624671657505e+00
4.889438943894388601e-01 -1.081271314021580832e+00
4.895489548954889969e-01 -1.081207699363741392e+00
4.901540154015400219e-01 -1.081146780698139409e+00
4.907590759075901587e-01 -1.081088558024775326e+00
4.913641364136411838e-01 -1.081033031343648698e+00
4.919691969196913206e-01 -1.080980200654759749e+00
4.925742574257423456e-01 -1.080930065958108255e+00
4.931793179317924825e-01 -1.080882627253694661e+00
4.937843784378435075e-01 -1.080837884541518301e+00
4.943894389438936443e-01 -1.080795837821579619e+00
4.949944994499446693e-01 -1.080756487093878171e+00
4.955995599559948062e-01 -1.080719832358414623e+00
4.962046204620458312e-01 -1.080685873615188530e+00
4.968096809680959680e-01 -1.080654610864200116e+00
4.974147414741469930e-01 -1.080626044105449379e+00
4.980198019801971299e-01 -1.080600173338936099e+00
4.986248624862481549e-01 -1.080576998564660052e+00
4.992299229922991799e-01 -1.080556519782621905e+00
4.998349834983493167e-01 -1.080538736992821436e+00
5.004400440044003417e-01 -1.080523650195258201e+00
5.010451045104504786e-01 -1.080511259389932643e+00
5.016501650165015036e-01 -1.080501564576844764e+00
5.022552255225516404e-01 -1.080494565755994341e+00
5.028602860286026655e-01 -1.080490262927381595e+00
5.034653465346528023e-01 -1.080488656091006305e+00
5.040704070407038273e-01 -1.080489745246868694e+00
5.046754675467539641e-01 -1.080493530394968538e+00
5.052805280528049892e-01 -1.080500011535306060e+00
5.058855885588551260e-01 -1.080509188667881038e+00
5.064906490649061510e-01 -1.080521061792693693e+00
5.070957095709562878e-01 -1.080535630909743805e+00
5.077007700770073129e-01 -1.080552896019031595e+00
5.083058305830574497e-01 -1.080572857120556840e+00
5.089108910891084747e-01 -1.080595514214319763e+00
5.095159515951586116e-01 -1.080620867300320365e+00
5.101210121012096366e-01 -1.080648916378558200e+00
5.107260726072606616e-01 -1.080679661449033713e+00
5.113311331133107984e-01 -1.080713102511746904e+00
5.119361936193618234e-01 -1.080749239566697772e+00
5.125412541254119603e-01 -1.080788072613885875e+00
5.131463146314629853e-01 -1.080829601653311878e+00
5.137513751375131221e-01 -1.080873826684975114e+00
5.143564356435641471e-01 -1.080920747708876251e+00
5.149614961496142840e-01 -1.080970364725014621e+00
5.155665566556653090e-01 -1.081022677733390891e+00
5.161716171617154458e-01 -1.081077686734004395e+00
5.167766776677664708e-01 -1.081135391726855799e+00
5.173817381738166077e-01 -1.081195792711944659e+00
5.179867986798676327e-01 -1.081258889689270974e+00
5.185918591859177695e-01 -1.081324682658834968e+00
5.191969196919687946e-01 -1.081393171620636418e+00
5.198019801980189314e-01 -1.081464356574675545e+00
5.204070407040699564e-01 -1.081538237520952350e+00
5.210121012101200932e-01 -1.081614814459466611e+00
5.216171617161711183e-01 -1.081694087390218328e+00
5.222222222222221433e-01 -1.081776056313207723e+00
5.228272827282722801e-01 -1.081860721228434574e+00
5.234323432343233051e-01 -1.081948082135899103e+00
5.240374037403734420e-01 -1.082038139035601088e+00
5.246424642464244670e-01 -1.082130891927540972e+00
5.252475247524746038e-01 -1.082226340811717868e+00
5.258525852585256288e-01 -1.082324485688132665e+00
5.264576457645757657e-01 -1.082425326556785139e+00
5.270627062706267907e-01 -1.082528863417675069e+00
5.276677667766769275e-01 -1.082635096270802455e+00
5.282728272827279525e-01 -1.082744025116167741e+00
5.288778877887780894e-01 -1.082855649953770261e+00
5.294829482948291144e-01 -1.082969970783610458e+00
5.300880088008792512e-01 -1.083086987605688112e+00
5.306930693069302762e-01 -1.083206700420003443e+00
5.312981298129804131e-01 -1.083329109226556231e+00
5.319031903190314381e-01 -1.083454214025346918e+00
5.325082508250824631e-01 -1.083582014816374839e+00
5.331133113311325999e-01 -1.083712511599640216e+00
5.337183718371836250e-01 -1.083845704375143715e+00
5.343234323432337618e-01 -1.083981593142884226e+00
5.349284928492847868e-01 -1.084120177902862636e+00
5.355335533553349237e-01 -1.084261458655078281e+00
5.361386138613859487e-01 -1.084405435399531825e+00
5.367436743674360855e-01 -1.084552108136222826e+00
5.373487348734871105e-01 -1.084701476865151726e+00
5.379537953795372474e-01 -1.084853541586317416e+00
5.385588558855882724e-01 -1.085008302299721228e+00
5.391639163916384092e-01 -1.085165759005362274e+00
5.397689768976894342e-01 -1.085325911703241442e+00
5.403740374037395711e-01 -1.085488760393357399e+00
5.409790979097905961e-01 -1.085654305075711701e+00
5.415841584158407329e-01 -1.085822545750303236e+00
5.421892189218917579e-01 -1.085993482417132228e+00
5.427942794279418948e-01 -1.086167115076198897e+00
5.433993399339929198e-01 -1.086343443727503244e+00
5.440044004400439448e-01 -1.086522468371045491e+00
5.446094609460940816e-01 -1.086704189006824528e+00
5.452145214521451067e-01 -1.086888605634841687e+00
5.458195819581952435e-01 -1.087075718255095858e+00
5.464246424642462685e-01 -1.087265526867588150e+00
5.470297029702964053e-01 -1.087458031472317899e+00
5.476347634763474304e-01 -1.087653232069285103e+00
5.482398239823975672e-01 -1.087851128658489763e+00
5.488448844884485922e-01 -1.088051721239932323e+00
5.494499449944987290e-01 -1.088255009813611895e+00
5.500550055005497541e-01 -1.088460995577653190e+00
5.506600660065998909e-01 -1.088669847467507612e+00
5.512651265126509159e-01 -1.088881685295552959e+00
5.518701870187010528e-01 -1.089096509061788343e+00
5.524752475247520778e-01 -1.089314318766214429e+00
5.530803080308022146e-01 -1.089535114408830996e+00
5.536853685368532396e-01 -1.089758895989638043e+00
5.542904290429033765e-01 -1.089985663508635572e+00
5.548954895489544015e-01 -1.090215416965823580e+00
5.555005500550054265e-01 -1.090448156361202292e+00
5.561056105610555633e-01 -1.090683881694771262e+00
5.567106710671065883e-01 -1.090922592966531157e+00
5.573157315731567252e-01 -1.091164290176481089e+00
5.579207920792077502e-01 -1.091408973324621723e+00
5.585258525852578870e-01 -1.091656642410952616e+00
5.591309130913089120e-01 -1.091907297435474655e+00
5.597359735973590489e-01 -1.092160938398186509e+00
5.603410341034100739e-01 -1.092417565299089510e+00
5.609460946094602107e-01 -1.092677178138182326e+00
5.615511551155112357e-01 -1.092939776915466288e+00
5.621562156215613726e-01 -1.093205361630940509e+00
5.627612761276123976e-01 -1.093473932284605210e+00
5.633663366336625344e-01 -1.093745488876460170e+00
5.639713971397135595e-01 -1.094020031406506277e+00
5.645764576457636963e-01 -1.094297559874742198e+00
5.651815181518147213e-01 -1.094578074281169044e+00
5.657865786578648581e-01 -1.094861574625786149e+00
5.663916391639158832e-01 -1.095148060908594179e+00
5.669966996699669082e-01 -1.095437533129592689e+00
5.676017601760170450e-01 -1.095729991288781235e+00
5.682068206820680700e-01 -1.096025435386160929e+00
5.688118811881182069e-01 -1.096323865421730437e+00
5.694169416941692319e-01 -1.096625281395491092e+00
5.700220022002193687e-01 -1.096929683307441561e+00
5.706270627062703937e-01 -1.097237071157583177e+00
5.712321232123205306e-01 -1.097547444945914830e+00
5.718371837183715556e-01 -1.097860804672437407e+00
5.724422442244216924e-01 -1.098177150337150243e+00
5.730473047304727174e-01 -1.098496481940053782e+00
5.736523652365228543e-01 -1.098818799481147135e+00
5.742574257425738793e-01 -1.099144102960432079e+00
5.748624862486240161e-01 -1.099472392377906615e+00
5.754675467546750411e-01 -1.099803667733572299e+00
5.760726072607251780e-01 -1.100137929027428019e+00
5.766776677667762030e-01 -1.100475176259474663e+00
5.772827282728272280e-01 -1.100815409429712011e+00
5.778877887788773648e-01 -1.101158628538139173e+00
5.784928492849283899e-01 -1.101504833584757481e+00
5.790979097909785267e-01 -1.101854024569565604e+00
5.797029702970295517e-01 -1.102206201492564874e+00
5.803080308030796886e-01 -1.102561364353753959e+00
5.809130913091307136e-01 -1.102919513153134412e+00
5.815181518151808504e-01 -1.103280647890704680e+00
5.821232123212318754e-01 -1.103644768566465872e+00
5.827282728272820123e-01 -1.104011875180417324e+00
5.833333333333330373e-01 -1.104381967732559700e+00
5.839383938393831741e-01 -1.104755046222891890e+00
5.845434543454341991e-01 -1.105131110651415227e+00
5.851485148514843360e-01 -1.105510161018128601e+00
5.857535753575353610e-01 -1.105892197323032899e+00
5.863586358635854978e-01 -1.106277219566127235e+00
5.869636963696365228e-01 -1.106665227747412716e+00
5.875687568756866597e-01 -1.107056221866888013e+00
5.881738173817376847e-01 -1.107450201924554234e+00
5.887788778877887097e-01 -1.107847167920411380e+00
5.893839383938388465e-01 -1.108247119854458340e+00
5.899889988998898716e-01 -1.108650057726696225e+00
5.905940594059400084e-01 -1.109055981537123925e+00
5.911991199119910334e-01 -1.109464891285742993e+00
5.918041804180411702e-01 -1.109876786972552098e+00
5.924092409240921953e-01 -1.110291668597551906e+00
5.930143014301423321e-01 -1.110709536160741973e+00
5.936193619361933571e-01 -1.111130389662122964e+00
5.942244224422434939e-01 -1.111554229101693769e+00
5.948294829482945190e-01 -1.111981054479455944e+00
5.954345434543446558e-01 -1.112410865795407933e+00
5.960396039603956808e-01 -1.112843663049551068e+00
5.966446644664458177e-01 -1.113279446241884019e+00
5.972497249724968427e-01 -1.113718215372408116e+00
5.978547854785469795e-01 -1.114159970441122249e+00
5.984598459845980045e-01 -1.114604711448027308e+00
5.990649064906481414e-01 -1.115052438393122403e+00
5.996699669966991664e-01 -1.115503151276408422e+00
6.002750275027501914e-01 -1.115956850097885145e+00
6.008800880088003282e-01 -1.116413534857551682e+00
6.014851485148513532e-01 -1.116873205555409365e+00
6.020902090209014901e-01 -1.117335862191457085e+00
6.026952695269525151e-01 -1.117801504765695730e+00
6.033003300330026519e-01 -1.118270133278124190e+00
6.039053905390536769e-01 -1.118741747728743796e+00
6.045104510451038138e-01 -1.119216348117553439e+00
6.051155115511548388e-01 -1.119693934444554229e+00
6.057205720572049756e-01 -1.120174506709744833e+00
6.063256325632560007e-01 -1.120658064913126806e+00
6.069306930693061375e-01 -1.121144609054698149e+00
6.075357535753571625e-01 -1.121634139134461083e+00
6.081408140814072993e-01 -1.122126655152413610e+00
6.087458745874583244e-01 -1.122622157108557506e+00
6.093509350935084612e-01 -1.123120645002891216e+00
6.099559955995594862e-01 -1.123622118835416073e+00
6.105610561056096230e-01 -1.124126578606130744e+00
6.111661166116606481e-01 -1.124634024315036562e+00
6.117711771177116731e-01 -1.125144455962133083e+00
6.123762376237618099e-01 -1.125657873547419197e+00
6.129812981298128349e-01 -1.126174277070896901e+00
6.135863586358629718e-01 -1.126693666532563753e+00
6.141914191419139968e-01 -1.127216041932422419e+00
6.147964796479641336e-01 -1.127741403270470677e+00
6.154015401540151586e-01 -1.128269750546710082e+00
6.160066006600652955e-01 -1.128801083761139301e+00
6.166116611661163205e-01 -1.129335402913759889e+00
6.172167216721664573e-01 -1.129872708004570070e+00
6.178217821782174823e-01 -1.130412999033571619e+00
6.184268426842676192e-01 -1.130956276000762983e+00
6.190319031903186442e-01 -1.131502538906145494e+00
6.196369636963687810e-01 -1.132051787749717597e+00
6.202420242024198060e-01 -1.132604022531481291e+00
6.208470847084699429e-01 -1.133159243251434800e+00
6.214521452145209679e-01 -1.133717449909579233e+00
6.220572057205719929e-01 -1.134278642505914370e+00
6.226622662266221298e-01 -1.134842821040439320e+00
6.232673267326731548e-01 -1.135409985513155418e+00
6.238723872387232916e-01 -1.135980135924061107e+00
6.244774477447743166e-01 -1.136553272273158166e+00
6.250825082508244535e-01 -1.137129394560445039e+00
6.256875687568754785e-01 -1.137708502785923281e+00
6.262926292629256153e-01 -1.138290596949591116e+00
6.268976897689766403e-01 -1.138875677051450541e+00
6.275027502750267772e-01 -1.139463743091499115e+00
6.281078107810778022e-01 -1.140054795069739502e+00
6.287128712871279390e-01 -1.140648832986169481e+00
6.293179317931789640e-01 -1.141245856840790829e+00
6.299229922992291009e-01 -1.141845866633601547e+00
6.305280528052801259e-01 -1.142448862364604079e+00
6.311331133113302627e-01 -1.143054844033795980e+00
6.317381738173812877e-01 -1.143663811641179251e+00
6.323432343234314246e-01 -1.144275765186752114e+00
6.329482948294824496e-01 -1.144890704670516568e+00
6.335533553355334746e-01 -1.145508630092471503e+00
6.341584158415836114e-01 -1.146129541452615808e+00
6.347634763476346365e-01 -1.146753438750951926e+00
6.353685368536847733e-01 -1.147380321987477192e+00
6.359735973597357983e-01 -1.148010191162194049e+00
6.365786578657859351e-01 -1.148643046275100499e+00
6.371837183718369602e-01 -1.149278887326198095e+00
6.377887788778870970e-01 -1.149917714315485728e+00
6.383938393839381220e-01 -1.150559527242964730e+00
6.389988998899882588e-01 -1.151204326108633325e+00
6.396039603960392839e-01 -1.151852110912493510e+00
6.402090209020894207e-01 -1.152502881654542843e+00
6.408140814081404457e-01 -1.153156638334783990e+00
6.414191419141905826e-01 -1.153813380953214285e+00
6.420242024202416076e-01 -1.154473109509836615e+00
6.426292629262917444e-01 -1.155135824004648093e+00
6.432343234323427694e-01 -1.155801524437651384e+00
6.438393839383929063e-01 -1.156470210808844046e+00
6.444444444444439313e-01 -1.157141883118228076e+00
6.450495049504949563e-01 -1.157816541365802809e+00
6.456545654565450931e-01 -1.158494185551566691e+00
6.462596259625961181e-01 -1.159174815675522385e+00
6.468646864686462550e-01 -1.159858431737667672e+00
6.474697469746972800e-01 -1.160545033738004328e+00
6.480748074807474168e-01 -1.161234621676530354e+00
6.486798679867984418e-01 -1.161927195553248193e+00
6.492849284928485787e-01 -1.162622755368154959e+00
6.498899889988996037e-01 -1.163321301121253981e+00
6.504950495049497405e-01 -1.164022852188806301e+00
6.511001100110007656e-01 -1.164727446127278077e+00
6.517051705170509024e-01 -1.165435083893519241e+00
6.523102310231019274e-01 -1.166145765487532238e+00
6.529152915291520642e-01 -1.166859490909314845e+00
6.535203520352030893e-01 -1.167576260158869061e+00
6.541254125412532261e-01 -1.168296073236192667e+00
6.547304730473042511e-01 -1.169018930141288104e+00
6.553355335533552761e-01 -1.169744830874154262e+00
6.559405940594054130e-01 -1.170473775434789809e+00
6.565456545654564380e-01 -1.171205763823197410e+00
6.571507150715065748e-01 -1.171940796039374177e+00
6.577557755775575998e-01 -1.172678872083322998e+00
6.583608360836077367e-01 -1.173419991955040986e+00
6.589658965896587617e-01 -1.174164155654530806e+00
6.595709570957088985e-01 -1.174911363181790236e+00
6.601760176017599235e-01 -1.175661614536821054e+00
6.607810781078100604e-01 -1.176414909719621926e+00
6.613861386138610854e-01 -1.177171248730194186e+00
6.619911991199112222e-01 -1.177930631568536057e+00
6.625962596259622472e-01 -1.178693058234649538e+00
6.632013201320123841e-01 -1.179458528728532629e+00
6.638063806380634091e-01 -1.180227043050187774e+00
6.644114411441135459e-01 -1.180998601199611864e+00
6.650165016501645709e-01 -1.181773203176808007e+00
6.656215621562147078e-01 -1.182550848981773761e+00
6.662266226622657328e-01 -1.183331538614510903e+00
6.668316831683167578e-01 -1.184115272075018988e+00
6.674367436743668947e-01 -1.184902049363296461e+00
6.680418041804179197e-01 -1.185691870479345766e+00
6.686468646864680565e-01 -1.186484735423164460e+00
6.692519251925190815e-01 -1.187280644194755208e+00
6.698569856985692184e-01 -1.188079596794115123e+00
6.704620462046202434e-01 -1.188881593221246868e+00
6.710671067106703802e-01 -1.189686633476147781e+00
6.716721672167214052e-01 -1.190494717558820970e+00
6.722772277227715421e-01 -1.191305845469263325e+00
6.728822882288225671e-01 -1.192120017207477733e+00
6.734873487348727039e-01 -1.192937232773461309e+00
6.740924092409237289e-01 -1.193757492167216716e+00
6.746974697469738658e-01 -1.194580795388741956e+00
6.753025302530248908e-01 -1.195407142438038584e+00
6.759075907590750276e-01 -1.196236533315104600e+00
6.765126512651260526e-01 -1.197068968019942892e+00
6.771177117711761895e-01 -1.197904446552550128e+00
6.777227722772272145e-01 -1.198742968912929419e+00
6.783278327832782395e-01 -1.199584535101079430e+00
6.789328932893283763e-01 -1.200429145116998608e+00
6.795379537953794014e-01 -1.201276798960689618e+00
6.801430143014295382e-01 -1.202127496632150239e+00
6.807480748074805632e-01 -1.202981238131382469e+00
6.813531353135307000e-01 -1.203838023458384754e+00
6.819581958195817251e-01 -1.204697852613158426e+00
6.825632563256318619e-01 -1.205560725595701266e+00
6.831683168316828869e-01 -1.206426642406016159e+00
6.837733773377330238e-01 -1.207295603044100440e+00
6.843784378437840488e-01 -1.208167607509956332e+00
6.849834983498341856e-01 -1.209042655803582278e+00
6.855885588558852106e-01 -1.209920747924979612e+00
6.861936193619353475e-01 -1.210801883874146334e+00
6.867986798679863725e-01 -1.211686063651085110e+00
6.874037403740365093e-01 -1.212573287255793275e+00
6.880088008800875343e-01 -1.213463554688273049e+00
6.886138613861376712e-01 -1.214356865948522213e+00
6.892189218921886962e-01 -1.215253221036543207e+00
6.898239823982397212e-01 -1.216152619952334923e+00
6.904290429042898580e-01 -1.217055062695896250e+00
6.910341034103408830e-01 -1.217960549267229409e+00
6.916391639163910199e-01 -1.218869079666331734e+00
6.922442244224420449e-01 -1.219780653893206113e+00
6.928492849284921817e-01 -1.220695271947849658e+00
6.934543454345432067e-01 -1.221612933830265035e+00
6.940594059405933436e-01 -1.222533639540450245e+00
6.946644664466443686e-01 -1.223457389078406843e+00
6.952695269526945054e-01 -1.224384182444133051e+00
6.958745874587455305e-01 -1.225314019637631091e+00
6.964796479647956673e-01 -1.226246900658898298e+00
6.970847084708466923e-01 -1.227182825507938002e+00
6.976897689768968291e-01 -1.228121794184746429e+00
6.982948294829478542e-01 -1.229063806689326910e+00
6.988998899889979910e-01 -1.230008863021677001e+00
6.995049504950490160e-01 -1.230956963181798924e+00
7.001100110011000410e-01 -1.231908107169691347e+00
7.007150715071501779e-01 -1.232862294985352936e+00
7.013201320132012029e-01 -1.233819526628786578e+00
7.019251925192513397e-01 -1.234779802099989610e+00
7.025302530253023647e-01 -1.235743121398964472e+00
7.031353135313525016e-01 -1.236709484525708724e+00
7.037403740374035266e-01 -1.237678891480225030e+00
7.043454345434536634e-01 -1.238651342262510280e+00
7.049504950495046884e-01 -1.239626836872567583e+00
7.055555555555548253e-01 -1.240605375310394276e+00
7.061606160616058503e-01 -1.241586957575993022e+00
7.067656765676559871e-01 -1.242571583669360935e+00
7.073707370737070121e-01 -1.243559253590501346e+00
7.079757975797571490e-01 -1.244549967339410257e+00
7.085808580858081740e-01 -1.245543724916091444e+00
7.091859185918583108e-01 -1.246540526320542019e+00
7.097909790979093358e-01 -1.247540371552764427e+00
7.103960396039594727e-01 -1.248543260612756223e+00
7.110011001100104977e-01 -1.249549193500519628e+00
7.116061606160615227e-01 -1.250558170216054421e+00
7.122112211221116596e-01 -1.251570190759357937e+00
7.128162816281626846e-01 -1.252585255130433284e+00
7.134213421342128214e-01 -1.253603363329278242e+00
7.140264026402638464e-01 -1.254624515355895031e+00
7.146314631463139833e-01 -1.255648711210281210e+00
7.152365236523650083e-01 -1.256675950892439220e+00
7.158415841584151451e-01 -1.257706234402366618e+00
7.164466446644661701e-01 -1.258739561740065849e+00
7.170517051705163070e-01 -1.259775932905534468e+00
7.176567656765673320e-01 -1.260815347898775141e+00
7.182618261826174688e-01 -1.261857806719784980e+00
7.188668866886684938e-01 -1.262903309368566429e+00
7.194719471947186307e-01 -1.263951855845117489e+00
7.200770077007696557e-01 -1.265003446149440602e+00
7.206820682068197925e-01 -1.266058080281532883e+00
7.212871287128708175e-01 -1.267115758241397439e+00
7.218921892189209544e-01 -1.268176480029030939e+00
7.224972497249719794e-01 -1.269240245644436493e+00
7.231023102310230044e-01 -1.270307055087612991e+00
7.237073707370731412e-01 -1.271376908358558211e+00
7.243124312431241663e-01 -1.272449805457275929e+00
7.249174917491743031e-01 -1.273525746383762369e+00
7.255225522552253281e-01 -1.274604731138021085e+00
7.261276127612754649e-01 -1.275686759720048968e+00
7.267326732673264900e-01 -1.276771832129849127e+00
7.273377337733766268e-01 -1.277859948367418230e+00
7.279427942794276518e-01 -1.278951108432759387e+00
7.285478547854777887e-01 -1.280045312325869933e+00
7.291529152915288137e-01 -1.281142560046752310e+00
7.297579757975789505e-01 -1.282242851595404076e+00
7.303630363036299755e-01 -1.283346186971827896e+00
7.309680968096801124e-01 -1.284452566176020438e+00
7.315731573157311374e-01 -1.285561989207985700e+00
7.321782178217812742e-01 -1.286674456067719685e+00
7.327832783278322992e-01 -1.287789966755226168e+00
7.333883388338833242e-01 -1.288908521270502927e+00
7.339933993399334611e-01 -1.290030119613549076e+00
7.345984598459844861e-01 -1.291154761784367277e+00
7.352035203520346229e-01 -1.292282447782954424e+00
7.358085808580856479e-01 -1.293413177609313625e+00
7.364136413641357848e-01 -1.294546951263442214e+00
7.370187018701868098e-01 -1.295683768745343079e+00
7.376237623762369466e-01 -1.296823630055012666e+00
7.382288228822879717e-01 -1.297966535192454751e+00
7.388338833883381085e-01 -1.299112484157665559e+00
7.394389438943891335e-01 -1.300261476950648865e+00
7.400440044004392703e-01 -1.301413513571401115e+00
7.406490649064902954e-01 -1.302568594019925419e+00
7.412541254125404322e-01 -1.303726718296218889e+00
7.418591859185914572e-01 -1.304887886400284636e+00
7.424642464246415940e-01 -1.306052098332119105e+00
7.430693069306926191e-01 -1.307219354091726071e+00
7.436743674367427559e-01 -1.308389653679102205e+00
7.442794279427937809e-01 -1.309562997094250170e+00
7.448844884488448059e-01 -1.310739384337169078e+00
7.454895489548949428e-01 -1.311918815407856931e+00
7.460946094609459678e-01 -1.313101290306316837e+00
7.466996699669961046e-01 -1.314286809032545911e+00
7.473047304730471296e-01 -1.315475371586547260e+00
7.479097909790972665e-01 -1.316666977968317553e+00
7.485148514851482915e-01 -1.317861628177860345e+00
7.491199119911984283e-01 -1.319059322215171637e+00
7.497249724972494533e-01 -1.320260060080255649e+00
7.503300330032995902e-01 -1.321463829398303647e+00
7.509350935093506152e-01 -1.322670567951551801e+00
7.515401540154007520e-01 -1.323880267146382961e+00
7.521452145214517770e-01 -1.325092926982799568e+00
7.527502750275019139e-01 -1.326308547460798737e+00
7.533553355335529389e-01 -1.327527128580383575e+00
7.539603960396030757e-01 -1.328748670341550975e+00
7.545654565456541008e-01 -1.329973172744304488e+00
7.551705170517042376e-01 -1.331200635788640341e+00
7.557755775577552626e-01 -1.332431059474562085e+00
7.563806380638062876e-01 -1.333664443802068167e+00
7.569856985698564245e-01 -1.334900788771156588e+00
7.575907590759074495e-01 -1.336140094381830457e+00
7.581958195819575863e-01 -1.337382360634087330e+00
7.588008800880086113e-01 -1.338627587527930096e+00
7.594059405940587482e-01 -1.339875775063354979e+00
7.600110011001097732e-01 -1.341126923240365976e+00
7.606160616061599100e-01 -1.342381032058959089e+00
7.612211221122109350e-01 -1.343638101519138761e+00
7.618261826182610719e-01 -1.344898131620900328e+00
7.624312431243120969e-01 -1.346161122364247786e+00
7.630363036303622337e-01 -1.347427073749178028e+00
7.636413641364132587e-01 -1.348695985775693940e+00
7.642464246424633956e-01 -1.349967858443792190e+00
7.648514851485144206e-01 -1.351242691753476555e+00
7.654565456545645574e-01 -1.352520485704743258e+00
7.660616061606155824e-01 -1.353801240297596076e+00
7.666666666666657193e-01 -1.355084955532031010e+00
7.672717271727167443e-01 -1.356371631408052059e+00
7.678767876787677693e-01 -1.357661267925657445e+00
7.684818481848179061e-01 -1.358953865084844725e+00
7.690869086908689312e-01 -1.360249422885618120e+00
7.696919691969190680e-01 -1.361547941327974298e+00
7.702970297029700930e-01 -1.362849420411915924e+00
7.709020902090202298e-01 -1.364153860137440333e+00
7.715071507150712549e-01 -1.365461260504550633e+00
7.721122112211213917e-01 -1.366771621513243051e+00
7.727172717271724167e-01 -1.368084943163521805e+00
7.733223322332225536e-01 -1.369401225455382454e+00
7.739273927392735786e-01 -1.370720468388829660e+00
7.745324532453237154e-01 -1.372042671963858984e+00
7.751375137513747404e-01 -1.373367836180474200e+00
7.757425742574248773e-01 -1.374695961038671754e+00
7.763476347634759023e-01 -1.376027046538455423e+00
7.769526952695260391e-01 -1.377361092679821430e+00
7.775577557755770641e-01 -1.378698099462773330e+00
7.781628162816280891e-01 -1.380038066887309567e+00
7.787678767876782260e-01 -1.381380994953427921e+00
7.793729372937292510e-01 -1.382726883661132389e+00
7.799779977997793878e-01 -1.384075733010419196e+00
7.805830583058304128e-01 -1.385427543001291895e+00
7.811881188118805497e-01 -1.386782313633747155e+00
7.817931793179315747e-01 -1.388140044907788084e+00
7.823982398239817115e-01 -1.389500736823411797e+00
7.830033003300327366e-01 -1.390864389380621402e+00
7.836083608360828734e-01 -1.392231002579412902e+00
7.842134213421338984e-01 -1.393600576419790960e+00
7.848184818481840352e-01 -1.394973110901750912e+00
7.854235423542350603e-01 -1.396348606025297201e+00
7.860286028602851971e-01 -1.397727061790425829e+00
7.866336633663362221e-01 -1.399108478197140126e+00
7.872387238723863589e-01 -1.400492855245436985e+00
7.878437843784373840e-01 -1.401880192935320180e+00
7.884488448844875208e-01 -1.403270491266785047e+00
7.890539053905385458e-01 -1.404663750239836251e+00
7.896589658965895708e-01 -1.406059969854471792e+00
7.902640264026397077e-01 -1.407459150110689450e+00
7.908690869086907327e-01 -1.408861291008493444e+00
7.914741474147408695e-01 -1.410266392547879333e+00
7.920792079207918945e-01 -1.411674454728851558e+00
7.926842684268420314e-01 -1.413085477551405678e+00
7.932893289328930564e-01 -1.414499461015545911e+00
7.938943894389431932e-01 -1.415916405121268706e+00
7.944994499449942182e-01 -1.417336309868577837e+00
7.951045104510443551e-01 -1.418759175257468641e+00
7.957095709570953801e-01 -1.420185001287945781e+00
7.963146314631455169e-01 -1.421613787960005038e+00
7.969196919691965419e-01 -1.423045535273650630e+00
7.975247524752466788e-01 -1.424480243228878340e+00
7.981298129812977038e-01 -1.425917911825692164e+00
7.987348734873478406e-01 -1.427358541064088104e+00
7.993399339933988657e-01 -1.428802130944070381e+00
7.999449944994490025e-01 -1.430248681465634775e+00
8.005500550055000275e-01 -1.431698192628785282e+00
8.011551155115510525e-01 -1.433150664433520127e+00
8.017601760176011894e-01 -1.434606096879836645e+00
8.023652365236522144e-01 -1.436064489967739943e+00
8.029702970297023512e-01 -1.437525843697225136e+00
8.035753575357533762e-01 -1.438990158068296665e+00
8.041804180418035131e-01 -1.440457433080949867e+00
8.047854785478545381e-01 -1.441927668735189849e+00
8.053905390539046749e-01 -1.443400865031011726e+00
8.059955995599556999e-01 -1.444877021968419939e+00
8.066006600660058368e-01 -1.446356139547410269e+00
8.072057205720568618e-01 -1.447838217767986713e+00
8.078107810781069986e-01 -1.449323256630144829e+00
8.084158415841580236e-01 -1.450811256133889948e+00
8.090209020902081605e-01 -1.452302216279216740e+00
8.096259625962591855e-01 -1.453796137066130090e+00
8.102310231023093223e-01 -1.455293018494625112e+00
8.108360836083603473e-01 -1.456792860564706693e+00
8.114411441144104842e-01 -1.458295663276369947e+00
8.120462046204615092e-01 -1.459801426629619980e+00
8.126512651265125342e-01 -1.461310150624454351e+00
8.132563256325626710e-01 -1.462821835260870174e+00
8.138613861386136961e-01 -1.464336480538872554e+00
8.144664466446638329e-01 -1.465854086458457051e+00
8.150715071507148579e-01 -1.467374653019627662e+00
8.156765676567649948e-01 -1.468898180222380390e+00
8.162816281628160198e-01 -1.470424668066719454e+00
8.168866886688661566e-01 -1.471954116552640635e+00
8.174917491749171816e-01 -1.473486525680148151e+00
8.180968096809673185e-01 -1.475021895449237341e+00
8.187018701870183435e-01 -1.476560225859913311e+00
8.193069306930684803e-01 -1.478101516912170954e+00
8.199119911991195053e-01 -1.479645768606014933e+00
8.205170517051696422e-01 -1.481192980941441029e+00
8.211221122112206672e-01 -1.482743153918453460e+00
8.217271727172708040e-01 -1.484296287537048009e+00
8.223322332233218290e-01 -1.485852381797228450e+00
8.229372937293728540e-01 -1.487411436698993450e+00
8.235423542354229909e-01 -1.488973452242340567e+00
8.241474147414740159e-01 -1.490538428427273798e+00
8.247524752475241527e-01 -1.492106365253788924e+00
8.253575357535751778e-01 -1.493677262721890830e+00
8.259625962596253146e-01 -1.495251120831574410e+00
8.265676567656763396e-01 -1.496827939582844547e+00
8.271727172717264764e-01 -1.498407718975696579e+00
8.277777777777775015e-01 -1.499990459010134947e+00
8.283828382838276383e-01 -1.501576159686154988e+00
8.289878987898786633e-01 -1.503164821003761809e+00
8.295929592959288001e-01 -1.504756442962950524e+00
8.301980198019798252e-01 -1.506351025563725354e+00
8.308030803080299620e-01 -1.507948568806082523e+00
8.314081408140809870e-01 -1.509549072690025806e+00
8.320132013201311239e-01 -1.511152537215550984e+00
8.326182618261821489e-01 -1.512758962382662942e+00
8.332233223322322857e-01 -1.514368348191356350e+00
8.338283828382833107e-01 -1.515980694641636539e+00
8.344334433443343357e-01 -1.517596001733500843e+00
8.350385038503844726e-01 -1.519214269466946821e+00
8.356435643564354976e-01 -1.520835497841979578e+00
8.362486248624856344e-01 -1.522459686858594008e+00
8.368536853685366594e-01 -1.524086836516795218e+00
8.374587458745867963e-01 -1.525716946816577879e+00
8.380638063806378213e-01 -1.527350017757947320e+00
8.386688668866879581e-01 -1.528986049340898212e+00
8.392739273927389831e-01 -1.530625041565436106e+00
8.398789878987891200e-01 -1.532266994431555451e+00
8.404840484048401450e-01 -1.533911907939261354e+00
8.410891089108902818e-01 -1.535559782088549152e+00
8.416941694169413068e-01 -1.537210616879423508e+00
8.422992299229914437e-01 -1.538864412311879537e+00
8.429042904290424687e-01 -1.540521168385922568e+00
8.435093509350926055e-01 -1.542180885101546828e+00
8.441144114411436306e-01 -1.543843562458758090e+00
8.447194719471937674e-01 -1.545509200457551024e+00
8.453245324532447924e-01 -1.547177799097930517e+00
8.459295929592958174e-01 -1.548849358379893904e+00
8.465346534653459543e-01 -1.550523878303439407e+00
8.471397139713969793e-01 -1.552201358868571024e+00
8.477447744774471161e-01 -1.553881800075284758e+00
8.483498349834981411e-01 -1.555565201923585050e+00
8.489548954895482780e-01 -1.557251564413467237e+00
8.495599559955993030e-01 -1.558940887544935761e+00
8.501650165016494398e-01 -1.560633166701793417e+00
8.507700770077004648e-01 -1.562328315202198725e+00
8.513751375137506017e-01 -1.564026300219885757e+00
8.519801980198016267e-01 -1.565727121754859841e+00
8.525852585258517635e-01 -1.567430779807115204e+00
8.531903190319027885e-01 -1.569137274376658064e+00
8.537953795379529254e-01 -1.570846605463482426e+00
8.544004400440039504e-01 -1.572558773067593618e+00
8.550055005500540872e-01 -1.574273777188986756e+00
8.556105610561051122e-01 -1.575991617827666724e+00
8.562156215621561373e-01 -1.577712294983631081e+00
8.568206820682062741e-01 -1.579435808656877160e+00
8.574257425742572991e-01 -1.581162158847410293e+00
8.580308030803074359e-01 -1.582891345555224705e+00
8.586358635863584610e-01 -1.584623368780326613e+00
8.592409240924085978e-01 -1.586358228522710023e+00
8.598459845984596228e-01 -1.588095924782380264e+00
8.604510451045097597e-01 -1.589836457559332006e+00
8.610561056105607847e-01 -1.591579826853571022e+00
8.616611661166109215e-01 -1.593326032665091763e+00
8.622662266226619465e-01 -1.595075074993899555e+00
8.628712871287120834e-01 -1.596826953839988628e+00
8.634763476347631084e-01 -1.598581669203364974e+00
8.640814081408132452e-01 -1.600339221084022823e+00
8.646864686468642702e-01 -1.602099609481968168e+00
8.652915291529144071e-01 -1.603862834397194792e+00
8.658965896589654321e-01 -1.605628895829708025e+00
8.665016501650155689e-01 -1.607397793779503425e+00
8.671067106710665939e-01 -1.609169528246585656e+00
8.677117711771176189e-01 -1.610944099230952498e+00
8.683168316831677558e-01 -1.612721506732600174e+00
8.689218921892187808e-01 -1.614501750751535569e+00
8.695269526952689176e-01 -1.616284831287752688e+00
8.701320132013199427e-01 -1.618070748341256637e+00
8.707370737073700795e-01 -1.619859501912042310e+00
8.713421342134211045e-01 -1.621651092000115035e+00
8.719471947194712413e-01 -1.623445518605469040e+00
8.725522552255222664e-01 -1.625242781728110320e+00
8.731573157315724032e-01 -1.627042881368033100e+00
8.737623762376234282e-01 -1.628845817525243378e+00
8.743674367436735650e-01 -1.630651590199734713e+00
8.749724972497245901e-01 -1.632460199391513100e+00
8.755775577557747269e-01 -1.634271645100573433e+00
8.761826182618257519e-01 -1.636085927326920597e+00
8.767876787678758888e-01 -1.637903046070549484e+00
8.773927392739269138e-01 -1.639723001331465646e+00
8.779977997799770506e-01 -1.641545793109662865e+00
8.786028602860280756e-01 -1.643371421405147581e+00
8.792079207920791006e-01 -1.645199886217916241e+00
8.798129812981292375e-01 -1.647031187547967290e+00
8.804180418041802625e-01 -1.648865325395304282e+00
8.810231023102303993e-01 -1.650702299759923664e+00
8.816281628162814243e-01 -1.652542110641829876e+00
8.822332233223315612e-01 -1.654384758041017589e+00
8.828382838283825862e-01 -1.656230241957492577e+00
8.834433443344327230e-01 -1.658078562391248845e+00
8.840484048404837480e-01 -1.659929719342292387e+00
8.846534653465338849e-01 -1.661783712810617653e+00
8.852585258525849099e-01 -1.663640542796229971e+00
8.858635863586350467e-01 -1.665500209299123568e+00
8.864686468646860718e-01 -1.667362712319304441e+00
8.870737073707362086e-01 -1.669228051856767037e+00
8.876787678767872336e-01 -1.671096227911516241e+00
8.882838283828373704e-01 -1.672967240483547613e+00
8.888888888888883955e-01 -1.674841089572865815e+00
8.894939493949385323e-01 -1.676717775179465519e+00
8.900990099009895573e-01 -1.678597297303352498e+00
8.907040704070405823e-01 -1.680479655944523421e+00
8.913091309130907192e-01 -1.682364851102976511e+00
8.919141914191417442e-01 -1.684252882778716209e+00
8.925192519251918810e-01 -1.686143750971737409e+00
8.931243124312429060e-01 -1.688037455682046106e+00
8.937293729372930429e-01 -1.689933996909635860e+00
8.943344334433440679e-01 -1.691833374654513111e+00
8.949394939493942047e-01 -1.693735588916672086e+00
8.955445544554452297e-01 -1.695640639696117669e+00
8.961496149614953666e-01 -1.697548526992844975e+00
8.967546754675463916e-01 -1.699459250806859556e+00
8.973597359735965284e-01 -1.701372811138155416e+00
8.979647964796475534e-01 -1.703289207986738329e+00
8.985698569856976903e-01 -1.705208441352603410e+00
8.991749174917487153e-01 -1.707130511235755099e+00
8.997799779977988521e-01 -1.709055417636188512e+00
9.003850385038498771e-01 -1.710983160553908755e+00
9.009900990099009022e-01 -1.712913739988913608e+00
9.015951595159510390e-01 -1.714847155941200185e+00
9.022002200220020640e-01 -1.716783408410773815e+00
9.028052805280522009e-01 -1.718722497397628501e+00
9.034103410341032259e-01 -1.720664422901770685e+00
9.040154015401533627e-01 -1.722609184923194370e+00
9.046204620462043877e-01 -1.724556783461904885e+00
9.052255225522545246e-01 -1.726507218517897124e+00
9.058305830583055496e-01 -1.728460490091176638e+00
9.064356435643556864e-01 -1.730416598181737875e+00
9.070407040704067114e-01 -1.732375542789585499e+00
9.076457645764568483e-01 -1.734337323914715290e+00
9.082508250825078733e-01 -1.736301941557131912e+00
9.088558855885580101e-01 -1.738269395716830257e+00
9.094609460946090351e-01 -1.740239686393815877e+00
9.100660066006591720e-01 -1.742212813588082554e+00
9.106710671067101970e-01 -1.744188777299637172e+00
9.112761276127603338e-01 -1.746167577528472403e+00
9.118811881188113588e-01 -1.748149214274595353e+00
9.124862486248623838e-01 -1.750133687538002469e+00
9.130913091309125207e-01 -1.752120997318690643e+00
9.136963696369635457e-01 -1.754111143616666535e+00
9.143014301430136825e-01 -1.756104126431923707e+00
9.149064906490647076e-01 -1.758099945764468153e+00
9.155115511551148444e-01 -1.760098601614294100e+00
9.161166116611658694e-01 -1.762100093981407101e+00
9.167216721672160062e-01 -1.764104422865801602e+00
9.173267326732670313e-01 -1.766111588267483379e+00
9.179317931793171681e-01 -1.768121590186446213e+00
9.185368536853681931e-01 -1.770134428622696987e+00
9.191419141914183299e-01 -1.772150103576228819e+00
9.197469746974693550e-01 -1.774168615047047926e+00
9.203520352035194918e-01 -1.776189963035148311e+00
9.209570957095705168e-01 -1.778214147540535972e+00
9.215621562156206537e-01 -1.780241168563205134e+00
9.221672167216716787e-01 -1.782271026103161127e+00
9.227722772277218155e-01 -1.784303720160399287e+00
9.233773377337728405e-01 -1.786339250734923834e+00
9.239823982398238655e-01 -1.788377617826733434e+00
9.245874587458740024e-01 -1.790418821435824537e+00
9.251925192519250274e-01 -1.792462861562202470e+00
9.257975797579751642e-01 -1.794509738205861682e+00
9.264026402640261892e-01 -1.796559451366808613e+00
9.270077007700763261e-01 -1.798612001045036601e+00
9.276127612761273511e-01 -1.800667387240552308e+00
9.282178217821774879e-01 -1.802725609953348629e+00
9.288228822882285129e-01 -1.804786669183432890e+00
9.294279427942786498e-01 -1.806850564930798209e+00
9.300330033003296748e-01 -1.808917297195450580e+00
9.306380638063798116e-01 -1.810986865977384674e+00
9.312431243124308367e-01 -1.813059271276606488e+00
9.318481848184809735e-01 -1.815134513093108914e+00
9.324532453245319985e-01 -1.817212591426899060e+00
9.330583058305821353e-01 -1.819293506277970263e+00
9.336633663366331604e-01 -1.821377257646328962e+00
9.342684268426832972e-01 -1.823463845531969163e+00
9.348734873487343222e-01 -1.825553269934896417e+00
9.354785478547853472e-01 -1.827645530855108280e+00
9.360836083608354841e-01 -1.829740628292601201e+00
9.366886688668865091e-01 -1.831838562247381175e+00
9.372937293729366459e-01 -1.833939332719443094e+00
9.378987898789876709e-01 -1.836042939708791844e+00
9.385038503850378078e-01 -1.838149383215422095e+00
9.391089108910888328e-01 -1.840258663239339842e+00
9.397139713971389696e-01 -1.842370779780538648e+00
9.403190319031899946e-01 -1.844485732839025394e+00
9.409240924092401315e-01 -1.846603522414793197e+00
9.415291529152911565e-01 -1.848724148507848053e+00
9.421342134213412933e-01 -1.850847611118184188e+00
9.427392739273923183e-01 -1.852973910245808042e+00
9.433443344334424552e-01 -1.855103045890712732e+00
9.439493949394934802e-01 -1.857235018052904918e+00
9.445544554455436170e-01 -1.859369826732378161e+00
9.451595159515946420e-01 -1.861507471929139568e+00
9.457645764576456671e-01 -1.863647953643185140e+00
9.463696369636958039e-01 -1.865791271874511548e+00
9.469746974697468289e-01 -1.867937426623125230e+00
9.475797579757969658e-01 -1.870086417889020414e+00
9.481848184818479908e-01 -1.872238245672203316e+00
9.487898789878981276e-01 -1.874392909972667054e+00
9.493949394939491526e-01 -1.876550410790418510e+00
9.499999999999992895e-01 -1.878710748125451246e+00
9.506050605060503145e-01 -1.880873794914058150e+00
9.512101210121004513e-01 -1.883039424092521674e+00
9.518151815181514763e-01 -1.885207635660847147e+00
9.524202420242016132e-01 -1.887378429619028797e+00
9.530253025302526382e-01 -1.889551805967073062e+00
9.536303630363027750e-01 -1.891727764704972836e+00
9.542354235423538000e-01 -1.893906305832734560e+00
9.548404840484039369e-01 -1.896087429350352904e+00
9.554455445544549619e-01 -1.898271135257833642e+00
9.560506050605050987e-01 -1.900457423555169667e+00
9.566556655665561237e-01 -1.902646294242368308e+00
9.572607260726071488e-01 -1.904837747319426233e+00
9.578657865786572856e-01 -1.907031782786339891e+00
9.584708470847083106e-01 -1.909228400643116164e+00
9.590759075907584474e-01 -1.911427600889748613e+00
9.596809680968094725e-01 -1.913629383526242567e+00
9.602860286028596093e-01 -1.915833748552592919e+00
9.608910891089106343e-01 -1.918040695968805442e+00
9.614961496149607711e-01 -1.920250225774874142e+00
9.621012101210117962e-01 -1.922462337970805013e+00
9.627062706270619330e-01 -1.924677032556591616e+00
9.633113311331129580e-01 -1.926894309532241056e+00
9.639163916391630949e-01 -1.929114168897745785e+00
9.645214521452141199e-01 -1.931336610653113350e+00
9.651265126512642567e-01 -1.933561634798336648e+00
9.657315731573152817e-01 -1.935789241333422561e+00
9.663366336633654186e-01 -1.938019430258363762e+00
9.669416941694164436e-01 -1.940252201573167579e+00
9.675467546754665804e-01 -1.942487555277827571e+00
9.681518151815176054e-01 -1.944725491372349957e+00
9.687568756875686304e-01 -1.946966009856731183e+00
9.693619361936187673e-01 -1.949209110730968586e+00
9.699669966996697923e-01 -1.951454793995067938e+00
9.705720572057199291e-01 -1.953703059649023688e+00
9.711771177117709541e-01 -1.955953907692841831e+00
9.717821782178210910e-01 -1.958207338126515040e+00
9.723872387238721160e-01 -1.960463350950051531e+00
9.729922992299222528e-01 -1.962721946163443310e+00
9.735973597359732779e-01 -1.964983123766697481e+00
9.742024202420234147e-01 -1.967246883759807830e+00
9.748074807480744397e-01 -1.969513226142780571e+00
9.754125412541245765e-01 -1.971782150915609266e+00
9.760176017601756016e-01 -1.974053658078300133e+00
9.766226622662257384e-01 -1.976327747630846732e+00
9.772277227722767634e-01 -1.978604419573255946e+00
9.778327832783269002e-01 -1.980883673905521114e+00
9.784378437843779253e-01 -1.983165510627648453e+00
9.790429042904289503e-01 -1.985449929739635300e+00
9.796479647964790871e-01 -1.987736931241477656e+00
9.802530253025301121e-01 -1.990026515133181961e+00
9.808580858085802490e-01 -1.992318681414742887e+00
9.814631463146312740e-01 -1.994613430086166206e+00
9.820682068206814108e-01 -1.996910761147444813e+00
9.826732673267324358e-01 -1.999210674598586479e+00
9.832783278327825727e-01 -2.001513170439583433e+00
9.838833883388335977e-01 -2.003818248670443225e+00
9.844884488448837345e-01 -2.006125909291158749e+00
9.850935093509347595e-01 -2.008436152301736666e+00
9.856985698569848964e-01 -2.010748977702170315e+00
9.863036303630359214e-01 -2.013064385492466801e+00
9.869086908690860582e-01 -2.015382375672618576e+00
9.875137513751370832e-01 -2.017702948242632743e+00
9.881188118811872201e-01 -2.020026103202503087e+00
9.887238723872382451e-01 -2.022351840552235824e+00
9.893289328932883819e-01 -2.024680160291824293e+00
9.899339933993394069e-01 -2.027011062421275156e+00
9.905390539053904320e-01 -2.029344546940585303e+00
9.911441144114405688e-01 -2.031680613849751182e+00
9.917491749174915938e-01 -2.034019263148779455e+00
9.923542354235417307e-01 -2.036360494837663460e+00
9.929592959295927557e-01 -2.038704308916410302e+00
9.935643564356428925e-01 -2.041050705385012876e+00
9.941694169416939175e-01 -2.043399684243477399e+00
9.947744774477440544e-01 -2.045751245491797654e+00
9.953795379537950794e-01 -2.048105389129981191e+00
9.959845984598452162e-01 -2.050462115158020460e+00
9.965896589658962412e-01 -2.052821423575921678e+00
9.971947194719463781e-01 -2.055183314383678628e+00
9.977997799779974031e-01 -2.057547787581298415e+00
9.984048404840475399e-01 -2.059914843168773935e+00
9.990099009900985649e-01 -2.062284481146111403e+00
9.996149614961487018e-01 -2.064656701513305048e+00
1.000220022002199727e+00 -2.067031504270361530e+00
1.000825082508249864e+00 -2.069408889417273745e+00
1.001430143014300889e+00 -2.071788856954047908e+00
1.002035203520351914e+00 -2.074171406880681801e+00
1.002640264026402050e+00 -2.076556539197170537e+00
1.003245324532453076e+00 -2.078944253903522998e+00
1.003850385038503212e+00 -2.081334550999729860e+00
1.004455445544554237e+00 -2.083727430485800003e+00
1.005060506050604374e+00 -2.086122892361726322e+00
1.005665566556655399e+00 -2.088520936627514590e+00
1.006270627062705536e+00 -2.090921563283159035e+00
1.006875687568756561e+00 -2.093324772328665428e+00
1.007480748074806698e+00 -2.095730563764027554e+00
1.008085808580857723e+00 -2.098138937589252517e+00
1.008690869086907860e+00 -2.100549893804333212e+00
1.009295929592958885e+00 -2.102963432409276301e+00
1.009900990099009022e+00 -2.105379553404075121e+00
1.010506050605060047e+00 -2.107798256788736779e+00
1.011111111111110183e+00 -2.110219542563253281e+00
1.011716171617161208e+00 -2.112643410727633508e+00
1.012321232123211345e+00 -2.115069861281868580e+00
1.012926292629262370e+00 -2.117498894225966932e+00
1.013531353135313395e+00 -2.119930509559924126e+00
1.014136413641363532e+00 -2.122364707283736607e+00
1.014741474147414557e+00 -2.124801487397411925e+00
1.015346534653464694e+00 -2.127240849900942976e+00
1.015951595159515719e+00 -2.129682794794336420e+00
1.016556655665565856e+00 -2.132127322077586040e+00
1.017161716171616881e+00 -2.134574431750697610e+00
1.017766776677667018e+00 -2.137024123813665355e+00
1.018371837183718043e+00 -2.139476398266495494e+00
1.018976897689768180e+00 -2.141931255109180920e+00
1.019581958195819205e+00 -2.144388694341730073e+00
1.020187018701869341e+00 -2.146848715964133625e+00
1.020792079207920366e+00 -2.149311319976400458e+00
1.021397139713970503e+00 -2.151776506378522580e+00
1.022002200220021528e+00 -2.154244275170507539e+00
1.022607260726071665e+00 -2.156714626352347786e+00
1.023212321232122690e+00 -2.159187559924051314e+00
1.023817381738173715e+00 -2.161663075885613683e+00
1.024422442244223852e+00 -2.164141174237031340e+00
1.025027502750274877e+00 -2.166621854978312278e+00
1.025632563256325014e+00 -2.169105118109448505e+00
1.026237623762376039e+00 -2.171590963630447568e+00
1.026842684268426176e+00 -2.174079391541301476e+00
1.027447744774477201e+00 -2.176570401842019109e+00
1.028052805280527338e+00 -2.179063994532592030e+00
1.028657865786578363e+00 -2.181560169613027345e+00
1.029262926292628499e+00 -2.184058927083317947e+00
1.029867986798679524e+00 -2.186560266943471831e+00
1.030473047304729661e+00 -2.189064189193481003e+00
1.031078107810780686e+00 -2.191570693833353012e+00
1.031683168316830823e+00 -2.194079780863080309e+00
1.032288228822881848e+00 -2.196591450282670888e+00
1.032893289328931985e+00 -2.199105702092116310e+00
1.033498349834983010e+00 -2.201622536291424570e+00
1.034103410341033147e+00 -2.204141952880588562e+00
1.034708470847084172e+00 -2.206663951859615391e+00
1.035313531353135197e+00 -2.209188533228501061e+00
1.035918591859185334e+00 -2.211715696987242907e+00
1.036523652365236359e+00 -2.214245443135846703e+00
1.037128712871286496e+00 -2.216777771674306230e+00
1.037733773377337521e+00 -2.219312682602629039e+00
1.038338833883387657e+00 -2.221850175920806691e+00
1.038943894389438682e+00 -2.224390251628847182e+00
1.039548954895488819e+00 -2.226932909726743404e+00
1.040154015401539844e+00 -2.229478150214502463e+00
1.040759075907589981e+00 -2.232025973092116811e+00
1.041364136413641006e+00 -2.234576378359593996e+00
1.041969196919691143e+00 -2.237129366016926468e+00
1.042574257425742168e+00 -2.239684936064122667e+00
1.043179317931792305e+00 -2.242243088501173265e+00
1.043784378437843330e+00 -2.244803823328086700e+00
1.044389438943893467e+00 -2.247367140544855868e+00
1.044994499449944492e+00 -2.249933040151487873e+00
1.045599559955994629e+00 -2.252501522147975166e+00
1.046204620462045654e+00 -2.255072586534325296e+00
1.046809680968096679e+00 -2.257646233310535155e+00
1.047414741474146815e+00 -2.260222462476599414e+00
1.048019801980197840e+00 -2.262801274032527843e+00
1.048624862486247977e+00 -2.265382667978310671e+00
1.049229922992299002e+00 -2.267966644313956337e+00
1.049834983498349139e+00 -2.270553203039457735e+00
1.050440044004400164e+00 -2.273142344154821970e+00
1.051045104510450301e+00 -2.275734067660041493e+00
1.051650165016501326e+00 -2.278328373555123854e+00
1.052255225522551463e+00 -2.280925261840061946e+00
1.052860286028602488e+00 -2.283524732514862876e+00
1.053465346534652625e+00 -2.286126785579518650e+00
1.054070407040703650e+00 -2.288731421034037261e+00
1.054675467546753787e+00 -2.291338638878412048e+00
1.055280528052804812e+00 -2.293948439112649229e+00
1.055885588558854948e+00 -2.296560821736741254e+00
1.056490649064905973e+00 -2.299175786750697448e+00
1.057095709570956110e+00 -2.301793334154508042e+00
1.057700770077007135e+00 -2.304413463948181917e+00
1.058305830583058160e+00 -2.307036176131714633e+00
1.058910891089108297e+00 -2.309661470705103081e+00
1.059515951595159322e+00 -2.312289347668354367e+00
1.060121012101209459e+00 -2.314919807021460940e+00
1.060726072607260484e+00 -2.317552848764430351e+00
1.061331133113310621e+00 -2.320188472897255050e+00
1.061936193619361646e+00 -2.322826679419942142e+00
1.062541254125411783e+00 -2.325467468332485410e+00
1.063146314631462808e+00 -2.328110839634891516e+00
1.063751375137512944e+00 -2.330756793327152465e+00
1.064356435643563970e+00 -2.333405329409276696e+00
1.064961496149614106e+00 -2.336056447881256659e+00
1.065566556655665131e+00 -2.338710148743099460e+00
1.066171617161715268e+00 -2.341366431994796660e+00
1.066776677667766293e+00 -2.344025297636357585e+00
1.067381738173816430e+00 -2.346686745667773355e+00
1.067986798679867455e+00 -2.349350776089052850e+00
1.068591859185918480e+00 -2.352017388900190742e+00
1.069196919691968617e+00 -2.354686584101184366e+00
1.069801980198019642e+00 -2.357358361692040383e+00
1.070407040704069779e+00 -2.360032721672752132e+00
1.071012101210120804e+00 -2.362709664043326718e+00
1.071617161716170941e+00 -2.365389188803757037e+00
1.072222222222221966e+00 -2.368071295954049749e+00
1.072827282728272102e+00 -2.370755985494198192e+00
1.073432343234323127e+00 -2.373443257424209030e+00
1.074037403740373264e+00 -2.376133111744075599e+00
1.074642464246424289e+00 -2.378825548453805006e+00
1.075247524752474426e+00 -2.381520536576231084e+00
1.075852585258525451e+00 -2.384217801523709213e+00
1.076457645764575588e+00 -2.386917278664875131e+00
1.077062706270626613e+00 -2.389618967999737276e+00
1.077667766776676750e+00 -2.392322869528287654e+00
1.078272827282727775e+00 -2.395028983250534704e+00
1.078877887788777912e+00 -2.397737309166469988e+00
1.079482948294828937e+00 -2.400447847276101498e+00
1.080088008800879962e+00 -2.403160597579424795e+00
1.080693069306930099e+00 -2.405875560076436770e+00
1.081298129812981124e+00 -2.408592734767144972e+00
1.081903190319031260e+00 -2.411312121651541407e+00
1.082508250825082285e+00 -2.414033720729633625e+00
1.083113311331132422e+00 -2.416757532001414521e+00
1.083718371837183447e+00 -2.419483555466891200e+00
1.084323432343233584e+00 -2.422211791126056113e+00
1.084928492849284609e+00 -2.424942238978917697e+00
1.085533553355334746e+00 -2.427674899025467514e+00
1.086138613861385771e+00 -2.430409771265713115e+00
1.086743674367435908e+00 -2.433146855699648281e+00
1.087348734873486933e+00 -2.435886152327278342e+00
1.087953795379537070e+00 -2.438627661148596637e+00
1.088558855885588095e+00 -2.441371382163612047e+00
1.089163916391638232e+00 -2.444117315372315247e+00
1.089768976897689257e+00 -2.446865460774714229e+00
1.090374037403739393e+00 -2.449615818370801890e+00
1.090979097909790418e+00 -2.452368388160585333e+00
1.091584158415841443e+00 -2.455123170144061895e+00
1.092189218921891580e+00 -2.457880164321225802e+00
1.092794279427942605e+00 -2.460639370692086825e+00
1.093399339933992742e+00 -2.463400789256635637e+00
1.094004400440043767e+00 -2.466164420014880676e+00
1.094609460946093904e+00 -2.468930262966813949e+00
1.095214521452144929e+00 -2.471698318112443005e+00
1.095819581958195066e+00 -2.474468585451760738e+00
1.096424642464246091e+00 -2.477241064984775143e+00
1.097029702970296228e+00 -2.480015756711476893e+00
1.097634763476347253e+00 -2.482792660631875759e+00
1.098239823982397390e+00 -2.485571776745962413e+00
1.098844884488448415e+00 -2.488353105053744851e+00
1.099449944994498551e+00 -2.491136645555216855e+00
1.100055005500549576e+00 -2.493922398250384198e+00
1.100660066006599713e+00 -2.496710363139239774e+00
1.101265126512650738e+00 -2.499500540221791578e+00
1.101870187018701763e+00 -2.502292929498035612e+00
1.102475247524751900e+00 -2.505087530967967879e+00
1.103080308030802925e+00 -2.507884344631596818e+00
1.103685368536853062e+00 -2.510683370488913546e+00
1.104290429042904087e+00 -2.513484608539926946e+00
1.104895489548954224e+00 -2.516288058784628134e+00
1.105500550055005249e+00 -2.519093721223025550e+00
1.106105610561055386e+00 -2.521901595855111200e+00
1.106710671067106411e+00 -2.524711682680893521e+00
1.107315731573156548e+00 -2.527523981700363631e+00
1.107920792079207573e+00 -2.530338492913529969e+00
1.108525852585257709e+00 -2.533155216320385428e+00
1.109130913091308734e+00 -2.535974151920936226e+00
1.109735973597358871e+00 -2.538795299715175258e+00
1.110341034103409896e+00 -2.541618659703110961e+00
1.110946094609460033e+00 -2.544444231884734897e+00
1.111551155115511058e+00 -2.547272016260054617e+00
1.112156215621561195e+00 -2.550102012829062570e+00
1.112761276127612220e+00 -2.552934221591767194e+00
1.113366336633663245e+00 -2.555768642548164049e+00
1.113971397139713382e+00 -2.558605275698248693e+00
1.114576457645764407e+00 -2.561444121042029565e+00
1.115181518151814544e+00 -2.564285178579499114e+00
1.115786578657865569e+00 -2.567128448310664890e+00
1.116391639163915706e+00 -2.569973930235518456e+00
1.116996699669966731e+00 -2.572821624354068692e+00
1.117601760176016867e+00 -2.575671530666306719e+00
1.118206820682067892e+00 -2.578523649172241861e+00
1.118811881188118029e+00 -2.581377979871864792e+00
1.119416941694169054e+00 -2.584234522765183506e+00
1.120022002200219191e+00 -2.587093277852190898e+00
1.120627062706270216e+00 -2.589954245132894517e+00
1.121232123212320353e+00 -2.592817424607286370e+00
1.121837183718371378e+00 -2.595682816275374449e+00
1.122442244224421515e+00 -2.598550420137150319e+00
1.123047304730472540e+00 -2.601420236192622859e+00
1.123652365236522677e+00 -2.604292264441783633e+00
1.124257425742573702e+00 -2.607166504884640634e+00
1.124862486248624727e+00 -2.610042957521190310e+00
1.125467546754674864e+00 -2.612921622351427331e+00
1.126072607260725889e+00 -2.615802499375361467e+00
1.126677667766776025e+00 -2.618685588592983393e+00
1.127282728272827050e+00 -2.621570890004301546e+00
1.127887788778877187e+00 -2.624458403609307933e+00
1.128492849284928212e+00 -2.627348129408010546e+00
1.129097909790978349e+00 -2.630240067400401394e+00
1.129702970297029374e+00 -2.633134217586488468e+00
1.130308030803079511e+00 -2.636030579966263776e+00
1.130913091309130536e+00 -2.638929154539735311e+00
1.131518151815180673e+00 -2.641829941306895080e+00
1.132123212321231698e+00 -2.644732940267751520e+00
1.132728272827281835e+00 -2.647638151422295749e+00
1.133333333333332860e+00 -2.650545574770536206e+00
1.133938393839382996e+00 -2.653455210312464896e+00
1.134543454345434021e+00 -2.656367058048090257e+00
1.135148514851484158e+00 -2.659281117977402964e+00
1.135753575357535183e+00 -2.662197390100412786e+00
1.136358635863586208e+00 -2.665115874417114838e+00
1.136963696369636345e+00 -2.668036570927504680e+00
1.137568756875687370e+00 -2.670959479631590749e+00
1.138173817381737507e+00 -2.673884600529365052e+00
1.138778877887788532e+00 -2.676811933620836026e+00
1.139383938393838669e+00 -2.679741478905995233e+00
1.139988998899889694e+00 -2.682673236384850224e+00
1.140594059405939831e+00 -2.685607206057393448e+00
1.141199119911990856e+00 -2.688543387923633343e+00
1.141804180418040993e+00 -2.691481781983561472e+00
1.142409240924092018e+00 -2.694422388237185384e+00
1.143014301430142154e+00 -2.697365206684497085e+00
1.143619361936193179e+00 -2.700310237325505902e+00
1.144224422442243316e+00 -2.703257480160202952e+00
1.144829482948294341e+00 -2.706206935188595786e+00
1.145434543454344478e+00 -2.709158602410677297e+00
1.146039603960395503e+00 -2.712112481826455035e+00
1.146644664466446528e+00 -2.715068573435925003e+00
1.147249724972496665e+00 -2.718026877239082761e+00
1.147854785478547690e+00 -2.720987393235937191e+00
1.148459845984597827e+00 -2.723950121426479853e+00
1.149064906490648852e+00 -2.726915061810718743e+00
1.149669966996698989e+00 -2.729882214388645423e+00
1.150275027502750014e+00 -2.732851579160268773e+00
1.150880088008800151e+00 -2.735823156125579914e+00
1.151485148514851176e+00 -2.738796945284587725e+00
1.152090209020901312e+00 -2.741772946637283326e+00
1.152695269526952337e+00 -2.744751160183676042e+00
1.153300330033002474e+00 -2.747731585923756548e+00
1.153905390539053499e+00 -2.750714223857532836e+00
1.154510451045103636e+00 -2.753699073984998247e+00
1.155115511551154661e+00 -2.756686136306158996e+00
1.155720572057204798e+00 -2.759675410821008867e+00
1.156325632563255823e+00 -2.762666897529553633e+00
1.156930693069305960e+00 -2.765660596431787965e+00
1.157535753575356985e+00 -2.768656507527718524e+00
1.158140814081408010e+00 -2.771654630817340870e+00
1.158745874587458147e+00 -2.774654966300651004e+00
1.159350935093509172e+00 -2.777657513977658255e+00
1.159955995599559309e+00 -2.780662273848352850e+00
1.160561056105610334e+00 -2.783669245912744117e+00
1.161166116611660470e+00 -2.786678430170823617e+00
1.161771177117711495e+00 -2.789689826622599789e+00
1.162376237623761632e+00 -2.792703435268063306e+00
1.162981298129812657e+00 -2.795719256107223494e+00
1.163586358635862794e+00 -2.798737289140071915e+00
1.164191419141913819e+00 -2.801757534366617008e+00
1.164796479647963956e+00 -2.804779991786849891e+00
1.165401540154014981e+00 -2.807804661400779445e+00
1.166006600660065118e+00 -2.810831543208396344e+00
1.166611661166116143e+00 -2.813860637209710802e+00
1.167216721672166280e+00 -2.816891943404712606e+00
1.167821782178217305e+00 -2.819925461793410637e+00
1.168426842684267442e+00 -2.822961192375796458e+00
1.169031903190318467e+00 -2.825999135151879393e+00
1.169636963696369492e+00 -2.829039290121654560e+00
1.170242024202419628e+00 -2.832081657285117515e+00
1.170847084708470653e+00 -2.835126236642277142e+00
1.171452145214520790e+00 -2.838173028193124559e+00
1.172057205720571815e+00 -2.841222031937668202e+00
1.172662266226621952e+00 -2.844273247875899635e+00
1.173267326732672977e+00 -2.847326676007828627e+00
1.173872387238723114e+00 -2.850382316333444965e+00
1.174477447744774139e+00 -2.853440168852758418e+00
1.175082508250824276e+00 -2.856500233565758773e+00
1.175687568756875301e+00 -2.859562510472456243e+00
1.176292629262925438e+00 -2.862626999572841946e+00
1.176897689768976463e+00 -2.865693700866923876e+00
1.177502750275026600e+00 -2.868762614354693596e+00
1.178107810781077625e+00 -2.871833740036159544e+00
1.178712871287127761e+00 -2.874907077911313724e+00
1.179317931793178786e+00 -2.877982627980165020e+00
1.179922992299228923e+00 -2.881060390242703662e+00
1.180528052805279948e+00 -2.884140364698938974e+00
1.181133113311330973e+00 -2.887222551348866517e+00
1.181738173817381110e+00 -2.890306950192481406e+00
1.182343234323432135e+00 -2.893393561229793853e+00
1.182948294829482272e+00 -2.896482384460794091e+00
1.183553355335533297e+00 -2.899573419885490555e+00
1.184158415841583434e+00 -2.902666667503875253e+00
1.184763476347634459e+00 -2.905762127315956178e+00
1.185368536853684596e+00 -2.908859799321724893e+00
1.185973597359735621e+00 -2.911959683521191167e+00
1.186578657865785758e+00 -2.915061779914343898e+00
1.187183718371836783e+00 -2.918166088501193745e+00
1.187788778877886919e+00 -2.921272609281731381e+00
1.188393839383937944e+00 -2.924381342255966132e+00
1.188998899889988081e+00 -2.927492287423888229e+00
1.189603960396039106e+00 -2.930605444785506997e+00
1.190209020902089243e+00 -2.933720814340813998e+00
1.190814081408140268e+00 -2.936838396089816783e+00
1.191419141914191293e+00 -2.939958190032513130e+00
1.192024202420241430e+00 -2.943080196168896379e+00
1.192629262926292455e+00 -2.946204414498977187e+00
1.193234323432342592e+00 -2.949330845022744896e+00
1.193839383938393617e+00 -2.952459487740209276e+00
1.194444444444443754e+00 -2.955590342651361446e+00
1.195049504950494779e+00 -2.958723409756211176e+00
1.195654565456544915e+00 -2.961858689054747806e+00
1.196259625962595941e+00 -2.964996180546981108e+00
1.196864686468646077e+00 -2.968135884232902200e+00
1.197469746974697102e+00 -2.971277800112520850e+00
1.198074807480747239e+00 -2.974421928185826403e+00
1.198679867986798264e+00 -2.977568268452829514e+00
1.199284928492848401e+00 -2.980716820913519527e+00
1.199889988998899426e+00 -2.983867585567906655e+00
1.200495049504949563e+00 -2.987020562415981573e+00
1.201100110011000588e+00 -2.990175751457752717e+00
1.201705170517050725e+00 -2.993333152693212540e+00
1.202310231023101750e+00 -2.996492766122368145e+00
1.202915291529152775e+00 -2.999654591745215981e+00
1.203520352035202912e+00 -3.002818629561752051e+00
1.204125412541253937e+00 -3.005984879571985235e+00
1.204730473047304073e+00 -3.009153341775905321e+00
1.205335533553355098e+00 -3.012324016173522967e+00
1.205940594059405235e+00 -3.015496902764827958e+00
1.206545654565456260e+00 -3.018672001549829620e+00
1.207150715071506397e+00 -3.021849312528519071e+00
1.207755775577557422e+00 -3.025028835700904750e+00
1.208360836083607559e+00 -3.028210571066979107e+00
1.208965896589658584e+00 -3.031394518626749690e+00
1.209570957095708721e+00 -3.034580678380207619e+00
1.210176017601759746e+00 -3.037769050327362663e+00
1.210781078107809883e+00 -3.040959634468205941e+00
1.211386138613860908e+00 -3.044152430802745890e+00
1.211991199119911045e+00 -3.047347439330972740e+00
1.212596259625962070e+00 -3.050544660052896262e+00
1.213201320132012206e+00 -3.053744092968508461e+00
1.213806380638063231e+00 -3.056945738077817332e+00
1.214411441144114256e+00 -3.060149595380817544e+00
1.215016501650164393e+00 -3.063355664877506435e+00
1.215621562156215418e+00 -3.066563946567891996e+00
1.216226622662265555e+00 -3.069774440451965347e+00
1.216831683168316580e+00 -3.072987146529734481e+00
1.217436743674366717e+00 -3.076202064801192293e+00
1.218041804180417742e+00 -3.079419195266345888e+00
1.218646864686467879e+00 -3.082638537925187716e+00
1.219251925192518904e+00 -3.085860092777726660e+00
1.219856985698569041e+00 -3.089083859823952949e+00
1.220462046204620066e+00 -3.092309839063876353e+00
1.221067106710670203e+00 -3.095538030497486659e+00
1.221672167216721228e+00 -3.098768434124794524e+00
1.222277227722771364e+00 -3.102001049945790179e+00
1.222882288228822389e+00 -3.105235877960482505e+00
1.223487348734872526e+00 -3.108472918168862176e+00
1.224092409240923551e+00 -3.111712170570938962e+00
1.224697469746974576e+00 -3.114953635166707535e+00
1.225302530253024713e+00 -3.118197270599264659e+00
1.225907590759075738e+00 -3.121442828727225560e+00
1.226512651265125875e+00 -3.124690268193680787e+00
1.227117711771176900e+00 -3.127939588998638776e+00
1.227722772277227037e+00 -3.131190791142091978e+00
1.228327832783278062e+00 -3.134443874624049275e+00
1.228932893289328199e+00 -3.137698839444500454e+00
1.229537953795379224e+00 -3.140955685603456171e+00
1.230143014301429361e+00 -3.144214413100905769e+00
1.230748074807480386e+00 -3.147475021936859463e+00
1.231353135313530522e+00 -3.150737512111307481e+00
1.231958195819581547e+00 -3.154001883624260039e+00
1.232563256325631684e+00 -3.157268136475706477e+00
1.233168316831682709e+00 -3.160536270665656566e+00
1.233773377337732846e+00 -3.163806286194100981e+00
1.234378437843783871e+00 -3.167078183061049934e+00
1.234983498349834008e+00 -3.170351961266492768e+00
1.235588558855885033e+00 -3.173627620810440142e+00
1.236193619361936058e+00 -3.176905161692886281e+00
1.236798679867986195e+00 -3.180184583913827634e+00
1.237403740374037220e+00 -3.183465887473271305e+00
1.238008800880087357e+00 -3.186749072371211078e+00
1.238613861386138382e+00 -3.190034138607654057e+00
1.239218921892188519e+00 -3.193321086182590918e+00
1.239823982398239544e+00 -3.196609915096032317e+00
1.240429042904289680e+00 -3.199900625347968042e+00
1.241034103410340705e+00 -3.203193216938407861e+00
1.241639163916390842e+00 -3.206487689867342006e+00
1.242244224422441867e+00 -3.209784044134779801e+00
1.242849284928492004e+00 -3.213082279740711922e+00
1.243454345434543029e+00 -3.216382396685147693e+00
1.244059405940593166e+00 -3.219684394968078678e+00
1.244664466446644191e+00 -3.222988274589513313e+00
1.245269526952694328e+00 -3.226294035549442274e+00
1.245874587458745353e+00 -3.229601677847875330e+00
1.246479647964795490e+00 -3.232911201484802266e+00
1.247084708470846515e+00 -3.236222606460233742e+00
1.247689768976897540e+00 -3.239535892774164871e+00
1.248294829482947677e+00 -3.242851060426589438e+00
1.248899889988998702e+00 -3.246168109417518544e+00
1.249504950495048838e+00 -3.249487039746941530e+00
1.250110011001099863e+00 -3.252807851414868612e+00
1.250715071507150000e+00 -3.256130544421290018e+00
1.251320132013201025e+00 -3.259455118766215964e+00
1.251925192519251162e+00 -3.262781574449635791e+00
1.252530253025302187e+00 -3.266109911471560157e+00
1.253135313531352324e+00 -3.269440129831978403e+00
1.253740374037403349e+00 -3.272772229530900301e+00
1.254345434543453486e+00 -3.276106210568316524e+00
1.254950495049504511e+00 -3.279442072944237285e+00
1.255555555555554648e+00 -3.282779816658651928e+00
1.256160616061605673e+00 -3.286119441711570666e+00
1.256765676567655809e+00 -3.289460948102984172e+00
1.257370737073706835e+00 -3.292804335832901330e+00
1.257975797579756971e+00 -3.296149604901312813e+00
1.258580858085807996e+00 -3.299496755308228391e+00
1.259185918591859021e+00 -3.302845787053642734e+00
1.259790979097909158e+00 -3.306196700137552291e+00
1.260396039603960183e+00 -3.309549494559965499e+00
1.261001100110010320e+00 -3.312904170320872588e+00
1.261606160616061345e+00 -3.316260727420284660e+00
1.262211221122111482e+00 -3.319619165858190168e+00
1.262816281628162507e+00 -3.322979485634599772e+00
1.263421342134212644e+00 -3.326341686749503701e+00
1.264026402640263669e+00 -3.329705769202912169e+00
1.264631463146313806e+00 -3.333071732994814074e+00
1.265236523652364831e+00 -3.336439578125220962e+00
1.265841584158414967e+00 -3.339809304594121286e+00
1.266446644664465992e+00 -3.343180912401526594e+00
1.267051705170516129e+00 -3.346554401547425783e+00
1.267656765676567154e+00 -3.349929772031828179e+00
1.268261826182617291e+00 -3.353307023854725788e+00
1.268866886688668316e+00 -3.356686157016127492e+00
1.269471947194719341e+00 -3.360067171516027962e+00
1.270077007700769478e+00 -3.363450067354423645e+00
1.270682068206820503e+00 -3.366834844531321647e+00
1.271287128712870640e+00 -3.370221503046714862e+00
1.271892189218921665e+00 -3.373610042900613060e+00
1.272497249724971802e+00 -3.377000464093004251e+00
1.273102310231022827e+00 -3.380392766623899981e+00
1.273707370737072964e+00 -3.383786950493290036e+00
1.274312431243123989e+00 -3.387183015701183741e+00
1.274917491749174125e+00 -3.390580962247572216e+00
1.275522552255225150e+00 -3.393980790132463898e+00
1.276127612761275287e+00 -3.397382499355850349e+00
1.276732673267326312e+00 -3.400786089917741339e+00
1.277337733773376449e+00 -3.404191561818126210e+00
1.277942794279427474e+00 -3.407598915057016065e+00
1.278547854785477611e+00 -3.411008149634398912e+00
1.279152915291528636e+00 -3.414419265550286298e+00
1.279757975797578773e+00 -3.417832262804668009e+00
1.280363036303629798e+00 -3.421247141397553371e+00
1.280968096809680823e+00 -3.424663901328938387e+00
1.281573157315730960e+00 -3.428082542598818172e+00
1.282178217821781985e+00 -3.431503065207201608e+00
1.282783278327832122e+00 -3.434925469154078925e+00
1.283388338833883147e+00 -3.438349754439460337e+00
1.283993399339933283e+00 -3.441775921063335630e+00
1.284598459845984308e+00 -3.445203969025715907e+00
1.285203520352034445e+00 -3.448633898326589176e+00
1.285808580858085470e+00 -3.452065708965968316e+00
1.286413641364135607e+00 -3.455499400943840449e+00
1.287018701870186632e+00 -3.458934974260217565e+00
1.287623762376236769e+00 -3.462372428915088562e+00
1.288228822882287794e+00 -3.465811764908463211e+00
1.288833883388337931e+00 -3.469252982240332184e+00
1.289438943894388956e+00 -3.472696080910705696e+00
1.290044004400439093e+00 -3.476141060919572645e+00
1.290649064906490118e+00 -3.479587922266944133e+00
1.291254125412540255e+00 -3.483036664952809947e+00
1.291859185918591280e+00 -3.486487288977180299e+00
1.292464246424642305e+00 -3.489939794340049417e+00
1.293069306930692441e+00 -3.493394181041412860e+00
1.293674367436743466e+00 -3.496850449081279955e+00
1.294279427942793603e+00 -3.500308598459642262e+00
1.294884488448844628e+00 -3.503768629176508220e+00
1.295489548954894765e+00 -3.507230541231868060e+00
1.296094609460945790e+00 -3.510694334625731994e+00
1.296699669966995927e+00 -3.514160009358090253e+00
1.297304730473046952e+00 -3.517627565428953496e+00
1.297909790979097089e+00 -3.521097002838310175e+00
1.298514851485148114e+00 -3.524568321586170505e+00
1.299119911991198251e+00 -3.528041521672525160e+00
1.299724972497249276e+00 -3.531516603097385243e+00
1.300330033003299413e+00 -3.534993565860737430e+00
1.300935093509350438e+00 -3.538472409962595044e+00
1.301540154015400574e+00 -3.541953135402947428e+00
1.302145214521451599e+00 -3.545435742181803462e+00
1.302750275027502624e+00 -3.548920230299158263e+00
1.303355335533552761e+00 -3.552406599755006944e+00
1.303960396039603786e+00 -3.555894850549360164e+00
1.304565456545653923e+00 -3.559384982682208154e+00
1.305170517051704948e+00 -3.562876996153560238e+00
1.305775577557755085e+00 -3.566370890963406204e+00
1.306380638063806110e+00 -3.569866667111755820e+00
1.306985698569856247e+00 -3.573364324598600206e+00
1.307590759075907272e+00 -3.576863863423948686e+00
1.308195819581957409e+00 -3.580365283587791048e+00
1.308800880088008434e+00 -3.583868585090138392e+00
1.309405940594058571e+00 -3.587373767930977841e+00
1.310011001100109596e+00 -3.590880832110323606e+00
1.310616061606159732e+00 -3.594389777628163252e+00
1.311221122112210757e+00 -3.597900604484506548e+00
1.311826182618260894e+00 -3.601413312679343726e+00
1.312431243124311919e+00 -3.604927902212685442e+00
1.313036303630362056e+00 -3.608444373084521040e+00
1.313641364136413081e+00 -3.611962725294862064e+00
1.314246424642464106e+00 -3.615482958843700967e+00
1.314851485148514243e+00 -3.619005073731035083e+00
1.315456545654565268e+00 -3.622529069956871517e+00
1.316061606160615405e+00 -3.626054947521203609e+00
1.316666666666666430e+00 -3.629582706424039795e+00
1.317271727172716567e+00 -3.633112346665369419e+00
1.317876787678767592e+00 -3.636643868245204025e+00
1.318481848184817729e+00 -3.640177271163532957e+00
1.319086908690868754e+00 -3.643712555420365096e+00
1.319691969196918890e+00 -3.647249721015692003e+00
1.320297029702969915e+00 -3.650788767949523450e+00
1.320902090209020052e+00 -3.654329696221847890e+00
1.321507150715071077e+00 -3.657872505832678200e+00
1.322112211221121214e+00 -3.661417196782000172e+00
1.322717271727172239e+00 -3.664963769069828459e+00
1.323322332233222376e+00 -3.668512222696150182e+00
1.323927392739273401e+00 -3.672062557660976445e+00
1.324532453245323538e+00 -3.675614773964296145e+00
1.325137513751374563e+00 -3.679168871606120383e+00
1.325742574257425588e+00 -3.682724850586444720e+00
1.326347634763475725e+00 -3.686282710905262050e+00
1.326952695269526750e+00 -3.689842452562583919e+00
1.327557755775576886e+00 -3.693404075558400113e+00
1.328162816281627912e+00 -3.696967579892719069e+00
1.328767876787678048e+00 -3.700532965565534127e+00
1.329372937293729073e+00 -3.704100232576852392e+00
1.329977997799779210e+00 -3.707669380926665426e+00
1.330583058305830235e+00 -3.711240410614982554e+00
1.331188118811880372e+00 -3.714813321641793564e+00
1.331793179317931397e+00 -3.718388114007108669e+00
1.332398239823981534e+00 -3.721964787710917655e+00
1.333003300330032559e+00 -3.725543342753232068e+00
1.333608360836082696e+00 -3.729123779134039030e+00
1.334213421342133721e+00 -3.732706096853351418e+00
1.334818481848183858e+00 -3.736290295911156356e+00
1.335423542354234883e+00 -3.739876376307467165e+00
1.336028602860285019e+00 -3.743464338042271855e+00
1.336633663366336044e+00 -3.747054181115579752e+00
1.337238723872387069e+00 -3.750645905527387303e+00
1.337843784378437206e+00 -3.754239511277689179e+00
1.338448844884488231e+00 -3.757834998366496038e+00
1.339053905390538368e+00 -3.761432366793795445e+00
1.339658965896589393e+00 -3.765031616559599836e+00
1.340264026402639530e+00 -3.768632747663898108e+00
1.340869086908690555e+00 -3.772235760106702251e+00
1.341474147414740692e+00 -3.775840653887998499e+00
1.342079207920791717e+00 -3.779447429007799286e+00
1.342684268426841854e+00 -3.783056085466094398e+00
1.343289328932892879e+00 -3.786666623262894937e+00
1.343894389438943016e+00 -3.790279042398188025e+00
1.344499449944994041e+00 -3.793893342871985652e+00
1.345104510451044177e+00 -3.797509524684277160e+00
1.345709570957095202e+00 -3.801127587835073651e+00
1.346314631463145339e+00 -3.804747532324363579e+00
1.346919691969196364e+00 -3.808369358152157602e+00
1.347524752475247389e+00 -3.811993065318451723e+00
1.348129812981297526e+00 -3.815618653823239281e+00
1.348734873487348551e+00 -3.819246123666531378e+00
1.349339933993398688e+00 -3.822875474848317801e+00
1.349944994499449713e+00 -3.826506707368608318e+00
1.350550055005499850e+00 -3.830139821227392272e+00
1.351155115511550875e+00 -3.833774816424681653e+00
1.351760176017601012e+00 -3.837411692960463583e+00
1.352365236523652037e+00 -3.841050450834750940e+00
1.352970297029702174e+00 -3.844691090047531734e+00
1.353575357535753199e+00 -3.848333610598817511e+00
1.354180418041803335e+00 -3.851978012488595837e+00
1.354785478547854360e+00 -3.855624295716880034e+00
1.355390539053904497e+00 -3.859272460283658113e+00
1.355995599559955522e+00 -3.862922506188939842e+00
1.356600660066005659e+00 -3.866574433432716340e+00
1.357205720572056684e+00 -3.870228242014996489e+00
1.357810781078106821e+00 -3.873883931935770519e+00
1.358415841584157846e+00 -3.877541503195049089e+00
1.359020902090208871e+00 -3.881200955792827312e+00
1.359625962596259008e+00 -3.884862289729099416e+00
1.360231023102310033e+00 -3.888525505003875615e+00
1.360836083608360170e+00 -3.892190601617145695e+00
1.361441144114411195e+00 -3.895857579568920759e+00
1.362046204620461332e+00 -3.899526438859189259e+00
1.362651265126512357e+00 -3.903197179487961854e+00
1.363256325632562493e+00 -3.906869801455228775e+00
1.363861386138613518e+00 -3.910544304761000234e+00
1.364466446644663655e+00 -3.914220689405265574e+00
1.365071507150714680e+00 -3.917898955388035453e+00
1.365676567656764817e+00 -3.921579102709298326e+00
1.366281628162815842e+00 -3.925261131369066625e+00
1.366886688668865979e+00 -3.928945041367328361e+00
1.367491749174917004e+00 -3.932630832704094637e+00
1.368096809680967141e+00 -3.936318505379354349e+00
1.368701870187018166e+00 -3.940008059393119488e+00
1.369306930693068303e+00 -3.943699494745378065e+00
1.369911991199119328e+00 -3.947392811436141180e+00
1.370517051705170353e+00 -3.951088009465403950e+00
1.371122112211220490e+00 -3.954785088833159712e+00
1.371727172717271515e+00 -3.958484049539420457e+00
1.372332233223321651e+00 -3.962184891584174196e+00
1.372937293729372676e+00 -3.965887614967433361e+00
1.373542354235422813e+00 -3.969592219689186408e+00
1.374147414741473838e+00 -3.973298705749443549e+00
1.374752475247523975e+00 -3.977007073148194571e+00
1.375357535753575000e+00 -3.980717266613060357e+00
1.375962596259625137e+00 -3.984429051318138182e+00
1.376567656765676162e+00 -3.988142400771939933e+00
1.377172717271726299e+00 -3.991857314974453619e+00
1.377777777777777324e+00 -3.995573793925689898e+00
1.378382838283827461e+00 -3.999291837625638113e+00
1.378987898789878486e+00 -4.003011446074308921e+00
1.379592959295928623e+00 -4.006732619271692108e+00
1.380198019801979648e+00 -4.010455357217798777e+00
1.380803080308029784e+00 -4.014179659912616494e+00
1.381408140814080809e+00 -4.017905527356157691e+00
1.382013201320131834e+00 -4.021632959548416153e+00
1.382618261826181971e+00 -4.025361956489386550e+00
1.383223322332232996e+00 -4.029092518179080429e+00
1.383828382838283133e+00 -4.032824644617485355e+00
1.384433443344334158e+00 -4.036558335804614650e+00
1.385038503850384295e+00 -4.040293591740454993e+00
1.385643564356435320e+00 -4.044030412425017929e+00
1.386248624862485457e+00 -4.047768797858292800e+00
1.386853685368536482e+00 -4.051508748040292041e+00
1.387458745874586619e+00 -4.055250262971002329e+00
1.388063806380637644e+00 -4.058993342650435210e+00
1.388668866886687780e+00 -4.062737987078580026e+00
1.389273927392738806e+00 -4.066484196255448325e+00
1.389878987898788942e+00 -4.070231970181029446e+00
1.390484048404839967e+00 -4.073981308855332273e+00
1.391089108910890104e+00 -4.077732212278347923e+00
1.391694169416941129e+00 -4.081484680450086167e+00
1.392299229922992154e+00 -4.085238713370541674e+00
1.392904290429042291e+00 -4.088994311039709117e+00
1.393509350935093316e+00 -4.092751473457600042e+00
1.394114411441143453e+00 -4.096510200624202902e+00
1.394719471947194478e+00 -4.100270492539527467e+00
1.395324532453244615e+00 -4.104032349203565744e+00
1.395929592959295640e+00 -4.107795770616324837e+00
1.396534653465345777e+00 -4.111560756777797643e+00
1.397139713971396802e+00 -4.115327307687993930e+00
1.397744774477446938e+00 -4.119095423346900375e+00
1.398349834983497963e+00 -4.122865103754530303e+00
1.398954895489548100e+00 -4.126636348910873053e+00
1.399559955995599125e+00 -4.130409158815938397e+00
1.400165016501649262e+00 -4.134183533469716565e+00
1.400770077007700287e+00 -4.137959472872216438e+00
1.401375137513750424e+00 -4.141736977023427357e+00
1.401980198019801449e+00 -4.145516045923364423e+00
1.402585258525851586e+00 -4.149296679572010760e+00
1.403190319031902611e+00 -4.153078877969380578e+00
1.403795379537953636e+00 -4.156862641115468548e+00
1.404400440044003773e+00 -4.160647969010267566e+00
1.405005500550054798e+00 -4.164434861653790954e+00
1.405610561056104935e+00 -4.168223319046025388e+00
1.406215621562155960e+00 -4.172013341186982416e+00
1.406820682068206096e+00 -4.175804928076652267e+00
1.407425742574257121e+00 -4.179598079715044712e+00
1.408030803080307258e+00 -4.183392796102148203e+00
1.408635863586358283e+00 -4.187189077237975177e+00
1.409240924092408420e+00 -4.190986923122514085e+00
1.409845984598459445e+00 -4.194786333755776475e+00
1.410451045104509582e+00 -4.198587309137751689e+00
1.411056105610560607e+00 -4.202389849268449495e+00
1.411661166116610744e+00 -4.206193954147858349e+00
1.412266226622661769e+00 -4.209999623775990685e+00
1.412871287128711906e+00 -4.213806858152835844e+00
1.413476347634762931e+00 -4.217615657278401819e+00
1.414081408140813068e+00 -4.221426021152681507e+00
1.414686468646864093e+00 -4.225237949775682900e+00
1.415291529152915118e+00 -4.229051443147402445e+00
1.415896589658965254e+00 -4.232866501267833925e+00
1.416501650165016279e+00 -4.236683124136988887e+00
1.417106710671066416e+00 -4.240501311754854896e+00
1.417711771177117441e+00 -4.244321064121444387e+00
1.418316831683167578e+00 -4.248142381236745813e+00
1.418921892189218603e+00 -4.251965263100770720e+00
1.419526952695268740e+00 -4.255789709713507563e+00
1.420132013201319765e+00 -4.259615721074966110e+00
1.420737073707369902e+00 -4.263443297185137482e+00
1.421342134213420927e+00 -4.267272438044032334e+00
1.421947194719471064e+00 -4.271103143651638234e+00
1.422552255225522089e+00 -4.274935414007966727e+00
1.423157315731572226e+00 -4.278769249113008044e+00
1.423762376237623251e+00 -4.282604648966772842e+00
1.424367436743673387e+00 -4.286441613569248688e+00
1.424972497249724412e+00 -4.290280142920448014e+00
1.425577557755775437e+00 -4.294120237020364605e+00
1.426182618261825574e+00 -4.297961895868993132e+00
1.426787678767876599e+00 -4.301805119466344252e+00
1.427392739273926736e+00 -4.305649907812407307e+00
1.427997799779977761e+00 -4.309496260907194731e+00
1.428602860286027898e+00 -4.313344178750692315e+00
1.429207920792078923e+00 -4.317193661342914268e+00
1.429812981298129060e+00 -4.321044708683848157e+00
1.430418041804180085e+00 -4.324897320773503751e+00
1.431023102310230222e+00 -4.328751497611873056e+00
1.431628162816281247e+00 -4.332607239198964066e+00
1.432233223322331384e+00 -4.336464545534766124e+00
1.432838283828382409e+00 -4.340323416619293440e+00
1.433443344334432545e+00 -4.344183852452531802e+00
1.434048404840483570e+00 -4.348045853034491870e+00
1.434653465346533707e+00 -4.351909418365165649e+00
1.435258525852584732e+00 -4.355774548444562022e+00
1.435863586358634869e+00 -4.359641243272669442e+00
1.436468646864685894e+00 -4.363509502849501231e+00
1.437073707370736919e+00 -4.367379327175049397e+00
1.437678767876787056e+00 -4.371250716249310386e+00
1.438283828382838081e+00 -4.375123670072293969e+00
1.438888888888888218e+00 -4.378998188643989486e+00
1.439493949394939243e+00 -4.382874271964407598e+00
1.440099009900989380e+00 -4.386751920033538532e+00
1.440704070407040405e+00 -4.390631132851391172e+00
1.441309130913090542e+00 -4.394511910417956635e+00
1.441914191419141567e+00 -4.398394252733245580e+00
1.442519251925191703e+00 -4.402278159797244683e+00
1.443124312431242728e+00 -4.406163631609969045e+00
1.443729372937292865e+00 -4.410050668171403565e+00
1.444334433443343890e+00 -4.413939269481561567e+00
1.444939493949394027e+00 -4.417829435540432392e+00
1.445544554455445052e+00 -4.421721166348024923e+00
1.446149614961495189e+00 -4.425614461904331165e+00
1.446754675467546214e+00 -4.429509322209359112e+00
1.447359735973596351e+00 -4.433405747263098107e+00
1.447964796479647376e+00 -4.437303737065561471e+00
1.448569856985698401e+00 -4.441203291616742987e+00
1.449174917491748538e+00 -4.445104410916634663e+00
1.449779977997799563e+00 -4.449007094965250708e+00
1.450385038503849700e+00 -4.452911343762578689e+00
1.450990099009900725e+00 -4.456817157308628374e+00
1.451595159515950861e+00 -4.460724535603390883e+00
1.452200220022001886e+00 -4.464633478646875986e+00
1.452805280528052023e+00 -4.468543986439073024e+00
1.453410341034103048e+00 -4.472456058979993543e+00
1.454015401540153185e+00 -4.476369696269625109e+00
1.454620462046204210e+00 -4.480284898307980157e+00
1.455225522552254347e+00 -4.484201665095048028e+00
1.455830583058305372e+00 -4.488119996630838493e+00
1.456435643564355509e+00 -4.492039892915340005e+00
1.457040704070406534e+00 -4.495961353948566774e+00
1.457645764576456671e+00 -4.499884379730502815e+00
1.458250825082507696e+00 -4.503808970261163225e+00
1.458855885588557832e+00 -4.507735125540534682e+00
1.459460946094608857e+00 -4.511662845568629621e+00
1.460066006600659883e+00 -4.515592130345442712e+00
1.460671067106710019e+00 -4.519522979870966850e+00
1.461276127612761044e+00 -4.523455394145214470e+00
1.461881188118811181e+00 -4.527389373168174025e+00
1.462486248624862206e+00 -4.531324916939856173e+00
1.463091309130912343e+00 -4.535262025460250257e+00
1.463696369636963368e+00 -4.539200698729368710e+00
1.464301430143013505e+00 -4.543140936747197323e+00
1.464906490649064530e+00 -4.547082739513749416e+00
1.465511551155114667e+00 -4.551026107029012557e+00
1.466116611661165692e+00 -4.554971039293000956e+00
1.466721672167215829e+00 -4.558917536305699514e+00
1.467326732673266854e+00 -4.562865598067122441e+00
1.467931793179316990e+00 -4.566815224577256416e+00
1.468536853685368015e+00 -4.570766415836114760e+00
1.469141914191418152e+00 -4.574719171843683263e+00
1.469746974697469177e+00 -4.578673492599975248e+00
1.470352035203520202e+00 -4.582629378104983608e+00
1.470957095709570339e+00 -4.586586828358705681e+00
1.471562156215621364e+00 -4.590545843361150347e+00
1.472167216721671501e+00 -4.594506423112306948e+00
1.472772277227722526e+00 -4.598468567612186142e+00
1.473377337733772663e+00 -4.602432276860777272e+00
1.473982398239823688e+00 -4.606397550858090995e+00
1.474587458745873825e+00 -4.610364389604117541e+00
1.475192519251924850e+00 -4.614332793098867569e+00
1.475797579757974987e+00 -4.618302761342328644e+00
1.476402640264026012e+00 -4.622274294334512312e+00
1.477007700770076148e+00 -4.626247392075408804e+00
1.477612761276127173e+00 -4.630222054565028778e+00
1.478217821782177310e+00 -4.634198281803360686e+00
1.478822882288228335e+00 -4.638176073790414300e+00
1.479427942794278472e+00 -4.642155430526179849e+00
1.480033003300329497e+00 -4.646136352010668880e+00
1.480638063806379634e+00 -4.650118838243869845e+00
1.481243124312430659e+00 -4.654102889225793405e+00
1.481848184818481684e+00 -4.658088504956435116e+00
1.482453245324531821e+00 -4.662075685435787875e+00
1.483058305830582846e+00 -4.666064430663865892e+00
1.483663366336632983e+00 -4.670054740640653179e+00
1.484268426842684008e+00 -4.674046615366165724e+00
1.484873487348734145e+00 -4.678040054840388429e+00
1.485478547854785170e+00 -4.682035059063334614e+00
1.486083608360835306e+00 -4.686031628034992735e+00
1.486688668866886331e+00 -4.690029761755374338e+00
1.487293729372936468e+00 -4.694029460224467876e+00
1.487898789878987493e+00 -4.698030723442283119e+00
1.488503850385037630e+00 -4.702033551408812073e+00
1.489108910891088655e+00 -4.706037944124062733e+00
1.489713971397138792e+00 -4.710043901588025328e+00
1.490319031903189817e+00 -4.714051423800711405e+00
1.490924092409239954e+00 -4.718060510762110304e+00
1.491529152915290979e+00 -4.722071162472230910e+00
1.492134213421341116e+00 -4.726083378931063450e+00
1.492739273927392141e+00 -4.730097160138620360e+00
1.493344334433443166e+00 -4.734112506094894535e+00
1.493949394939493303e+00 -4.738129416799879756e+00
1.494554455445544328e+00 -4.742147892253587571e+00
1.495159515951594464e+00 -4.746167932456008209e+00
1.495764576457645489e+00 -4.750189537407152329e+00
1.496369636963695626e+00 -4.754212707107006608e+00
1.496974697469746651e+00 -4.758237441555585256e+00
1.497579757975796788e+00 -4.762263740752874952e+00
1.498184818481847813e+00 -4.766291604698888129e+00
1.498789878987897950e+00 -4.770321033393612353e+00
1.499394939493948975e+00 -4.774352026837061835e+00
1.499999999999999112e+00 -4.778384585029222364e+00
1.500605060506050137e+00 -4.782418707970105487e+00
1.501210121012100274e+00 -4.786454395659700545e+00
1.501815181518151299e+00 -4.790491648098019084e+00
1.502420242024201436e+00 -4.794530465285048670e+00
1.503025302530252461e+00 -4.798570847220801738e+00
1.503630363036302597e+00 -4.802612793905266741e+00
1.504235423542353622e+00 -4.806656305338454338e+00
1.504840484048404647e+00 -4.810701381520360087e+00
1.505445544554454784e+00 -4.814748022450976883e+00
1.506050605060505809e+00 -4.818796228130317161e+00
1.506655665566555946e+00 -4.822845998558369374e+00
1.507260726072606971e+00 -4.826897333735145068e+00
1.507865786578657108e+00 -4.830950233660631810e+00
1.508470847084708133e+00 -4.835004698334842033e+00
1.509075907590758270e+00 -4.839060727757765079e+00
1.509680968096809295e+00 -4.843118321929409831e+00
1.510286028602859432e+00 -4.847177480849767406e+00
1.510891089108910457e+00 -4.851238204518847574e+00
1.511496149614960594e+00 -4.855300492936638790e+00
1.512101210121011619e+00 -4.859364346103154375e+00
1.512706270627061755e+00 -4.863429764018381896e+00
1.513311331133112780e+00 -4.867496746682331121e+00
1.513916391639162917e+00 -4.871565294094993170e+00
1.514521452145213942e+00 -4.875635406256378701e+00
1.515126512651264967e+00 -4.879707083166481496e+00
1.515731573157315104e+00 -4.883780324825295338e+00
1.516336633663366129e+00 -4.887855131232833550e+00
1.516941694169416266e+00 -4.891931502389082809e+00
1.517546754675467291e+00 -4.896009438294055549e+00
1.518151815181517428e+00 -4.900088938947739337e+00
1.518756875687568453e+00 -4.904170004350147494e+00
1.519361936193618590e+00 -4.908252634501264922e+00
1.519966996699669615e+00 -4.912336829401107607e+00
1.520572057205719751e+00 -4.916422589049661340e+00
1.521177117711770777e+00 -4.920509913446939443e+00
1.521782178217820913e+00 -4.924598802592928593e+00
1.522387238723871938e+00 -4.928689256487640336e+00
1.522992299229922075e+00 -4.932781275131064014e+00
1.523597359735973100e+00 -4.936874858523211174e+00
1.524202420242023237e+00 -4.940970006664070269e+00
1.524807480748074262e+00 -4.945066719553652845e+00
1.525412541254124399e+00 -4.949164967381609159e+00
1.526017601760175424e+00 -4.953264658199620030e+00
1.526622662266226449e+00 -4.957365785515652767e+00
1.527227722772276586e+00 -4.961468349329698491e+00
1.527832783278327611e+00 -4.965572349641770522e+00
1.528437843784377748e+00 -4.969677786451858204e+00
1.529042904290428773e+00 -4.973784659759971305e+00
1.529647964796478909e+00 -4.977892969566099168e+00
1.530253025302529934e+00 -4.982002715870253340e+00
1.530858085808580071e+00 -4.986113898672421385e+00
1.531463146314631096e+00 -4.990226517972616627e+00
1.532068206820681233e+00 -4.994340573770825742e+00
1.532673267326732258e+00 -4.998456066067062054e+00
1.533278327832782395e+00 -5.002572994861311351e+00
1.533883388338833420e+00 -5.006691360153587844e+00
1.534488448844883557e+00 -5.010811161943878211e+00
1.535093509350934582e+00 -5.014932400232194887e+00
1.535698569856984719e+00 -5.019055075018525436e+00
1.536303630363035744e+00 -5.023179186302883181e+00
1.536908690869085881e+00 -5.027304734085255689e+00
1.537513751375136906e+00 -5.031431718365654504e+00
1.538118811881187931e+00 -5.035560139144072522e+00
1.538723872387238067e+00 -5.039689996420505302e+00
1.539328932893289092e+00 -5.043821290194965279e+00
1.539933993399339229e+00 -5.047954020467439129e+00
1.540539053905390254e+00 -5.052088187237939287e+00
1.541144114411440391e+00 -5.056223790506453319e+00
1.541749174917491416e+00 -5.060360830272993660e+00
1.542354235423541553e+00 -5.064499306537549650e+00
1.542959295929592578e+00 -5.068639219300131948e+00
1.543564356435642715e+00 -5.072780568560728121e+00
1.544169416941693740e+00 -5.076923354319348825e+00
1.544774477447743877e+00 -5.081067576575986067e+00
1.545379537953794902e+00 -5.085213235330649617e+00
1.545984598459845039e+00 -5.089360330583326153e+00
1.546589658965896064e+00 -5.093508862334030773e+00
1.547194719471946200e+00 -5.097658830582749268e+00
1.547799779977997225e+00 -5.101810235329493182e+00
1.548404840484048250e+00 -5.105963076574258075e+00
1.549009900990098387e+00 -5.110117354317037730e+00
1.549614961496149412e+00 -5.114273068557843693e+00
1.550220022002199549e+00 -5.118430219296662642e+00
1.550825082508250574e+00 -5.122588806533508787e+00
1.551430143014300711e+00 -5.126748830268369694e+00
1.552035203520351736e+00 -5.130910290501257798e+00
1.552640264026401873e+00 -5.135073187232158887e+00
1.553245324532452898e+00 -5.139237520461087172e+00
1.553850385038503035e+00 -5.143403290188027555e+00
1.554455445544554060e+00 -5.147570496412996910e+00
1.555060506050604197e+00 -5.151739139135979251e+00
1.555665566556655222e+00 -5.155909218356987900e+00
1.556270627062705358e+00 -5.160080734076012199e+00
1.556875687568756383e+00 -5.164253686293062806e+00
1.557480748074806520e+00 -5.168428075008125511e+00
1.558085808580857545e+00 -5.172603900221217188e+00
1.558690869086907682e+00 -5.176781161932321851e+00
1.559295929592958707e+00 -5.180959860141454598e+00
1.559900990099009732e+00 -5.185139994848605660e+00
1.560506050605059869e+00 -5.189321566053772372e+00
1.561111111111110894e+00 -5.193504573756964504e+00
1.561716171617161031e+00 -5.197689017958171398e+00
1.562321232123212056e+00 -5.201874898657404600e+00
1.562926292629262193e+00 -5.206062215854651676e+00
1.563531353135313218e+00 -5.210250969549924172e+00
1.564136413641363355e+00 -5.214441159743214094e+00
1.564741474147414380e+00 -5.218632786434528548e+00
1.565346534653464516e+00 -5.222825849623857764e+00
1.565951595159515541e+00 -5.227020349311212399e+00
1.566556655665565678e+00 -5.231216285496581797e+00
1.567161716171616703e+00 -5.235413658179979279e+00
1.567766776677666840e+00 -5.239612467361387971e+00
1.568371837183717865e+00 -5.243812713040825635e+00
1.568976897689768002e+00 -5.248014395218276285e+00
1.569581958195819027e+00 -5.252217513893754131e+00
1.570187018701869164e+00 -5.256422069067246738e+00
1.570792079207920189e+00 -5.260628060738764766e+00
1.571397139713971214e+00 -5.264835488908303773e+00
1.572002200220021351e+00 -5.269044353575855766e+00
1.572607260726072376e+00 -5.273254654741434955e+00
1.573212321232122513e+00 -5.277466392405028905e+00
1.573817381738173538e+00 -5.281679566566650053e+00
1.574422442244223674e+00 -5.285894177226284185e+00
1.575027502750274699e+00 -5.290110224383944626e+00
1.575632563256324836e+00 -5.294327708039619829e+00
1.576237623762375861e+00 -5.298546628193320451e+00
1.576842684268425998e+00 -5.302766984845036724e+00
1.577447744774477023e+00 -5.306988777994778417e+00
1.578052805280527160e+00 -5.311212007642535760e+00
1.578657865786578185e+00 -5.315436673788317634e+00
1.579262926292628322e+00 -5.319662776432115159e+00
1.579867986798679347e+00 -5.323890315573938992e+00
1.580473047304729484e+00 -5.328119291213777586e+00
1.581078107810780509e+00 -5.332349703351641601e+00
1.581683168316830645e+00 -5.336581551987521266e+00
1.582288228822881671e+00 -5.340814837121425462e+00
1.582893289328932696e+00 -5.345049558753351526e+00
1.583498349834982832e+00 -5.349285716883291464e+00
1.584103410341033857e+00 -5.353523311511256821e+00
1.584708470847083994e+00 -5.357762342637236941e+00
1.585313531353135019e+00 -5.362002810261244257e+00
1.585918591859185156e+00 -5.366244714383265446e+00
1.586523652365236181e+00 -5.370488055003313832e+00
1.587128712871286318e+00 -5.374732832121375203e+00
1.587733773377337343e+00 -5.378979045737464659e+00
1.588338833883387480e+00 -5.383226695851566213e+00
1.588943894389438505e+00 -5.387475782463696738e+00
1.589548954895488642e+00 -5.391726305573838474e+00
1.590154015401539667e+00 -5.395978265182009181e+00
1.590759075907589803e+00 -5.400231661288192875e+00
1.591364136413640828e+00 -5.404486493892402876e+00
1.591969196919690965e+00 -5.408742762994628528e+00
1.592574257425741990e+00 -5.413000468594879599e+00
1.593179317931793015e+00 -5.417259610693151650e+00
1.593784378437843152e+00 -5.421520189289436686e+00
1.594389438943894177e+00 -5.425782204383748919e+00
1.594994499449944314e+00 -5.430045655976075025e+00
1.595599559955995339e+00 -5.434310544066429216e+00
1.596204620462045476e+00 -5.438576868654796392e+00
1.596809680968096501e+00 -5.442844629741189877e+00
1.597414741474146638e+00 -5.447113827325598123e+00
1.598019801980197663e+00 -5.451384461408032678e+00
1.598624862486247800e+00 -5.455656531988481106e+00
1.599229922992298825e+00 -5.459930039066956731e+00
1.599834983498348961e+00 -5.464204982643446229e+00
1.600440044004399986e+00 -5.468481362717962924e+00
1.601045104510450123e+00 -5.472759179290492604e+00
1.601650165016501148e+00 -5.477038432361048592e+00
1.602255225522551285e+00 -5.481319121929620231e+00
1.602860286028602310e+00 -5.485601247996217289e+00
1.603465346534652447e+00 -5.489884810560829109e+00
1.604070407040703472e+00 -5.494169809623469014e+00
1.604675467546754497e+00 -5.498456245184126345e+00
1.605280528052804634e+00 -5.502744117242798438e+00
1.605885588558855659e+00 -5.507033425799497728e+00
1.606490649064905796e+00 -5.511324170854210891e+00
1.607095709570956821e+00 -5.515616352406952139e+00
1.607700770077006958e+00 -5.519909970457705484e+00
1.608305830583057983e+00 -5.524205025006486025e+00
1.608910891089108119e+00 -5.528501516053281328e+00
1.609515951595159144e+00 -5.532799443598102940e+00
1.610121012101209281e+00 -5.537098807640938425e+00
1.610726072607260306e+00 -5.541399608181800218e+00
1.611331133113310443e+00 -5.545701845220676773e+00
1.611936193619361468e+00 -5.550005518757579637e+00
1.612541254125411605e+00 -5.554310628792496374e+00
1.613146314631462630e+00 -5.558617175325440307e+00
1.613751375137512767e+00 -5.562925158356398114e+00
1.614356435643563792e+00 -5.567234577885382230e+00
1.614961496149613929e+00 -5.571545433912379330e+00
1.615566556655664954e+00 -5.575857726437405404e+00
1.616171617161715979e+00 -5.580171455460450680e+00
1.616776677667766116e+00 -5.584486620981510718e+00
1.617381738173817141e+00 -5.588803223000596176e+00
1.617986798679867277e+00 -5.593121261517698173e+00
1.618591859185918302e+00 -5.597440736532824701e+00
1.619196919691968439e+00 -5.601761648045965103e+00
1.619801980198019464e+00 -5.606083996057131813e+00
1.620407040704069601e+00 -5.610407780566314173e+00
1.621012101210120626e+00 -5.614733001573522841e+00
1.621617161716170763e+00 -5.619059659078743607e+00
1.622222222222221788e+00 -5.623387753081994234e+00
1.622827282728271925e+00 -5.627717283583257846e+00
1.623432343234322950e+00 -5.632048250582546878e+00
1.624037403740373087e+00 -5.636380654079850672e+00
1.624642464246424112e+00 -5.640714494075179886e+00
1.625247524752474249e+00 -5.645049770568525638e+00
1.625852585258525274e+00 -5.649386483559896810e+00
1.626457645764575410e+00 -5.653724633049282744e+00
1.627062706270626435e+00 -5.658064219036694098e+00
1.627667766776677460e+00 -5.662405241522128208e+00
1.628272827282727597e+00 -5.666747700505573526e+00
1.628877887788778622e+00 -5.671091595987046929e+00
1.629482948294828759e+00 -5.675436927966532430e+00
1.630088008800879784e+00 -5.679783696444046903e+00
1.630693069306929921e+00 -5.684131901419575250e+00
1.631298129812980946e+00 -5.688481542893129017e+00
1.631903190319031083e+00 -5.692832620864697546e+00
1.632508250825082108e+00 -5.697185135334292383e+00
1.633113311331132245e+00 -5.701539086301901982e+00
1.633718371837183270e+00 -5.705894473767538777e+00
1.634323432343233407e+00 -5.710251297731187670e+00
1.634928492849284432e+00 -5.714609558192865535e+00
1.635533553355334568e+00 -5.718969255152555498e+00
1.636138613861385593e+00 -5.723330388610273545e+00
1.636743674367435730e+00 -5.727692958566003689e+00
1.637348734873486755e+00 -5.732056965019761918e+00
1.637953795379537780e+00 -5.736422407971541126e+00
1.638558855885587917e+00 -5.740789287421333320e+00
1.639163916391638942e+00 -5.745157603369152710e+00
1.639768976897689079e+00 -5.749527355814985086e+00
1.640374037403740104e+00 -5.753898544758846434e+00
1.640979097909790241e+00 -5.758271170200718991e+00
1.641584158415841266e+00 -5.762645232140620521e+00
1.642189218921891403e+00 -5.767020730578535037e+00
1.642794279427942428e+00 -5.771397665514475861e+00
1.643399339933992565e+00 -5.775776036948431447e+00
1.644004400440043590e+00 -5.780155844880415117e+00
1.644609460946093726e+00 -5.784537089310409996e+00
1.645214521452144751e+00 -5.788919770238432960e+00
1.645819581958194888e+00 -5.793303887664469798e+00
1.646424642464245913e+00 -5.797689441588532944e+00
1.647029702970296050e+00 -5.802076432010610851e+00
1.647634763476347075e+00 -5.806464858930715067e+00
1.648239823982397212e+00 -5.810854722348834045e+00
1.648844884488448237e+00 -5.815246022264977555e+00
1.649449944994499262e+00 -5.819638758679143820e+00
1.650055005500549399e+00 -5.824032931591322182e+00
1.650660066006600424e+00 -5.828428541001528629e+00
1.651265126512650561e+00 -5.832825586909748949e+00
1.651870187018701586e+00 -5.837224069315995578e+00
1.652475247524751722e+00 -5.841623988220256081e+00
1.653080308030802748e+00 -5.846025343622544668e+00
1.653685368536852884e+00 -5.850428135522846240e+00
1.654290429042903909e+00 -5.854832363921174121e+00
1.654895489548954046e+00 -5.859238028817515875e+00
1.655500550055005071e+00 -5.863645130211884826e+00
1.656105610561055208e+00 -5.868053668104268539e+00
1.656710671067106233e+00 -5.872463642494677671e+00
1.657315731573156370e+00 -5.876875053383100678e+00
1.657920792079207395e+00 -5.881287900769551769e+00
1.658525852585257532e+00 -5.885702184654014957e+00
1.659130913091308557e+00 -5.890117905036506230e+00
1.659735973597358694e+00 -5.894535061917013152e+00
1.660341034103409719e+00 -5.898953655295544607e+00
1.660946094609460744e+00 -5.903373685172097041e+00
1.661551155115510880e+00 -5.907795151546662460e+00
1.662156215621561905e+00 -5.912218054419255964e+00
1.662761276127612042e+00 -5.916642393789862453e+00
1.663366336633663067e+00 -5.921068169658495250e+00
1.663971397139713204e+00 -5.925495382025143698e+00
1.664576457645764229e+00 -5.929924030889818454e+00
1.665181518151814366e+00 -5.934354116252506195e+00
1.665786578657865391e+00 -5.938785638113220244e+00
1.666391639163915528e+00 -5.943218596471949944e+00
1.666996699669966553e+00 -5.947652991328705951e+00
1.667601760176016690e+00 -5.952088822683476721e+00
1.668206820682067715e+00 -5.956526090536273799e+00
1.668811881188117852e+00 -5.960964794887084750e+00
1.669416941694168877e+00 -5.965404935735920233e+00
1.670022002200219013e+00 -5.969846513082772255e+00
1.670627062706270038e+00 -5.974289526927649696e+00
1.671232123212321063e+00 -5.978733977270548117e+00
1.671837183718371200e+00 -5.983179864111461299e+00
1.672442244224422225e+00 -5.987627187450399902e+00
1.673047304730472362e+00 -5.992075947287352378e+00
1.673652365236523387e+00 -5.996526143622331162e+00
1.674257425742573524e+00 -6.000977776455325596e+00
1.674862486248624549e+00 -6.005430845786346339e+00
1.675467546754674686e+00 -6.009885325066126605e+00
1.676072607260725711e+00 -6.014341154214362106e+00
1.676677667766775848e+00 -6.018798330934389540e+00
1.677282728272826873e+00 -6.023256855226222228e+00
1.677887788778877010e+00 -6.027716727089849513e+00
1.678492849284928035e+00 -6.032177946525282053e+00
1.679097909790978171e+00 -6.036640513532507413e+00
1.679702970297029196e+00 -6.041104428111538027e+00
1.680308030803079333e+00 -6.045569690262362350e+00
1.680913091309130358e+00 -6.050036299984992816e+00
1.681518151815180495e+00 -6.054504257279416102e+00
1.682123212321231520e+00 -6.058973562145645531e+00
1.682728272827282545e+00 -6.063444214583673109e+00
1.683333333333332682e+00 -6.067916214593496171e+00
1.683938393839383707e+00 -6.072389562175123601e+00
1.684543454345433844e+00 -6.076864257328544738e+00
1.685148514851484869e+00 -6.081340300053770243e+00
1.685753575357535006e+00 -6.085817690350790343e+00
1.686358635863586031e+00 -6.090296428219614810e+00
1.686963696369636168e+00 -6.094776513660233874e+00
1.687568756875687193e+00 -6.099257946672657305e+00
1.688173817381737329e+00 -6.103740727256874443e+00
1.688778877887788354e+00 -6.108224855412898613e+00
1.689383938393838491e+00 -6.112710331140713826e+00
1.689988998899889516e+00 -6.117197154440336071e+00
1.690594059405939653e+00 -6.121685325311752024e+00
1.691199119911990678e+00 -6.126174843754972343e+00
1.691804180418040815e+00 -6.130665709769986371e+00
1.692409240924091840e+00 -6.135157923356805654e+00
1.693014301430141977e+00 -6.139651484515418645e+00
1.693619361936193002e+00 -6.144146393245837778e+00
1.694224422442244027e+00 -6.148642649548055061e+00
1.694829482948294164e+00 -6.153140253422066941e+00
1.695434543454345189e+00 -6.157639204867883187e+00
1.696039603960395326e+00 -6.162139503885494030e+00
1.696644664466446351e+00 -6.166641150474910127e+00
1.697249724972496487e+00 -6.171144144636118156e+00
1.697854785478547512e+00 -6.175648486369133217e+00
1.698459845984597649e+00 -6.180154175673940209e+00
1.699064906490648674e+00 -6.184661212550555121e+00
1.699669966996698811e+00 -6.189169596998961076e+00
1.700275027502749836e+00 -6.193679329019174951e+00
1.700880088008799973e+00 -6.198190408611180757e+00
1.701485148514850998e+00 -6.202702835774990930e+00
1.702090209020901135e+00 -6.207216610510596588e+00
1.702695269526952160e+00 -6.211731732818006613e+00
1.703300330033002297e+00 -6.216248202697210345e+00
1.703905390539053322e+00 -6.220766020148219333e+00
1.704510451045103459e+00 -6.225285185171022029e+00
1.705115511551154484e+00 -6.229805697765629979e+00
1.705720572057205509e+00 -6.234327557932036967e+00
1.706325632563255645e+00 -6.238850765670237664e+00
1.706930693069306670e+00 -6.243375320980245391e+00
1.707535753575356807e+00 -6.247901223862044162e+00
1.708140814081407832e+00 -6.252428474315650853e+00
1.708745874587457969e+00 -6.256957072341048587e+00
1.709350935093508994e+00 -6.261487017938253352e+00
1.709955995599559131e+00 -6.266018311107250938e+00
1.710561056105610156e+00 -6.270550951848054666e+00
1.711166116611660293e+00 -6.275084940160650326e+00
1.711771177117711318e+00 -6.279620276045053018e+00
1.712376237623761455e+00 -6.284156959501246753e+00
1.712981298129812480e+00 -6.288694990529249296e+00
1.713586358635862616e+00 -6.293234369129043770e+00
1.714191419141913642e+00 -6.297775095300642612e+00
1.714796479647963778e+00 -6.302317169044035161e+00
1.715401540154014803e+00 -6.306860590359234742e+00
1.716006600660065828e+00 -6.311405359246233360e+00
1.716611661166115965e+00 -6.315951475705023910e+00
1.717216721672166990e+00 -6.320498939735621491e+00
1.717821782178217127e+00 -6.325047751338011892e+00
1.718426842684268152e+00 -6.329597910512207548e+00
1.719031903190318289e+00 -6.334149417258196912e+00
1.719636963696369314e+00 -6.338702271575991531e+00
1.720242024202419451e+00 -6.343256473465579859e+00
1.720847084708470476e+00 -6.347812022926974329e+00
1.721452145214520613e+00 -6.352368919960161620e+00
1.722057205720571638e+00 -6.356927164565155053e+00
1.722662266226621774e+00 -6.361486756741941306e+00
1.723267326732672799e+00 -6.366047696490531926e+00
1.723872387238722936e+00 -6.370609983810915367e+00
1.724477447744773961e+00 -6.375173618703107614e+00
1.725082508250824098e+00 -6.379738601167091794e+00
1.725687568756875123e+00 -6.384304931202880340e+00
1.726292629262925260e+00 -6.388872608810462594e+00
1.726897689768976285e+00 -6.393441633989851880e+00
1.727502750275027310e+00 -6.398012006741040203e+00
1.728107810781077447e+00 -6.402583727064019570e+00
1.728712871287128472e+00 -6.407156794958806856e+00
1.729317931793178609e+00 -6.411731210425386962e+00
1.729922992299229634e+00 -6.416306973463772323e+00
1.730528052805279771e+00 -6.420884084073952280e+00
1.731133113311330796e+00 -6.425462542255936604e+00
1.731738173817380932e+00 -6.430042348009713749e+00
1.732343234323431957e+00 -6.434623501335297036e+00
1.732948294829482094e+00 -6.439206002232673143e+00
1.733553355335533119e+00 -6.443789850701857169e+00
1.734158415841583256e+00 -6.448375046742832239e+00
1.734763476347634281e+00 -6.452961590355613453e+00
1.735368536853684418e+00 -6.457549481540185710e+00
1.735973597359735443e+00 -6.462138720296566774e+00
1.736578657865785580e+00 -6.466729306624740659e+00
1.737183718371836605e+00 -6.471321240524718910e+00
1.737788778877886742e+00 -6.475914521996491757e+00
1.738393839383937767e+00 -6.480509151040068971e+00
1.738998899889988792e+00 -6.485105127655447887e+00
1.739603960396038929e+00 -6.489702451842619624e+00
1.740209020902089954e+00 -6.494301123601594838e+00
1.740814081408140090e+00 -6.498901142932363761e+00
1.741419141914191115e+00 -6.503502509834938827e+00
1.742024202420241252e+00 -6.508105224309307602e+00
1.742629262926292277e+00 -6.512709286355480742e+00
1.743234323432342414e+00 -6.517314695973448480e+00
1.743839383938393439e+00 -6.521921453163219695e+00
1.744444444444443576e+00 -6.526529557924786396e+00
1.745049504950494601e+00 -6.531139010258159239e+00
1.745654565456544738e+00 -6.535749810163324902e+00
1.746259625962595763e+00 -6.540361957640295820e+00
1.746864686468645900e+00 -6.544975452689056894e+00
1.747469746974696925e+00 -6.549590295309629440e+00
1.748074807480747062e+00 -6.554206485501991253e+00
1.748679867986798087e+00 -6.558824023266160097e+00
1.749284928492849112e+00 -6.563442908602127979e+00
1.749889988998899248e+00 -6.568063141509890457e+00
1.750495049504950273e+00 -6.572684721989457302e+00
1.751100110011000410e+00 -6.577307650040816966e+00
1.751705170517051435e+00 -6.581931925663982774e+00
1.752310231023101572e+00 -6.586557548858941402e+00
1.752915291529152597e+00 -6.591184519625705285e+00
1.753520352035202734e+00 -6.595812837964263764e+00
1.754125412541253759e+00 -6.600442503874628386e+00
1.754730473047303896e+00 -6.605073517356784052e+00
1.755335533553354921e+00 -6.609705878410747637e+00
1.755940594059405058e+00 -6.614339587036502266e+00
1.756545654565456083e+00 -6.618974643234064814e+00
1.757150715071506220e+00 -6.623611047003419294e+00
1.757755775577557245e+00 -6.628248798344579029e+00
1.758360836083607381e+00 -6.632887897257531584e+00
1.758965896589658406e+00 -6.637528343742292058e+00
1.759570957095708543e+00 -6.642170137798842688e+00
1.760176017601759568e+00 -6.646813279427203014e+00
1.760781078107810593e+00 -6.651457768627361489e+00
1.761386138613860730e+00 -6.656103605399311007e+00
1.761991199119911755e+00 -6.660750789743067557e+00
1.762596259625961892e+00 -6.665399321658615150e+00
1.763201320132012917e+00 -6.670049201145971551e+00
1.763806380638063054e+00 -6.674700428205120772e+00
1.764411441144114079e+00 -6.679353002836075248e+00
1.765016501650164216e+00 -6.684006925038821656e+00
1.765621562156215241e+00 -6.688662194813375983e+00
1.766226622662265378e+00 -6.693318812159722242e+00
1.766831683168316403e+00 -6.697976777077874644e+00
1.767436743674366539e+00 -6.702636089567818090e+00
1.768041804180417564e+00 -6.707296749629569454e+00
1.768646864686467701e+00 -6.711958757263113640e+00
1.769251925192518726e+00 -6.716622112468463968e+00
1.769856985698568863e+00 -6.721286815245607116e+00
1.770462046204619888e+00 -6.725952865594557295e+00
1.771067106710670025e+00 -6.730620263515297630e+00
1.771672167216721050e+00 -6.735289009007845884e+00
1.772277227722772075e+00 -6.739959102072193176e+00
1.772882288228822212e+00 -6.744630542708333287e+00
1.773487348734873237e+00 -6.749303330916279542e+00
1.774092409240923374e+00 -6.753977466696017729e+00
1.774697469746974399e+00 -6.758652950047562946e+00
1.775302530253024536e+00 -6.763329780970900984e+00
1.775907590759075561e+00 -6.768007959466045165e+00
1.776512651265125697e+00 -6.772687485532983054e+00
1.777117711771176722e+00 -6.777368359171724421e+00
1.777722772277226859e+00 -6.782050580382261273e+00
1.778327832783277884e+00 -6.786734149164603380e+00
1.778932893289328021e+00 -6.791419065518737419e+00
1.779537953795379046e+00 -6.796105329444677601e+00
1.780143014301429183e+00 -6.800792940942411491e+00
1.780748074807480208e+00 -6.805481900011951524e+00
1.781353135313530345e+00 -6.810172206653282601e+00
1.781958195819581370e+00 -6.814863860866421597e+00
1.782563256325631507e+00 -6.819556862651353413e+00
1.783168316831682532e+00 -6.824251212008089595e+00
1.783773377337733557e+00 -6.828946908936627480e+00
1.784378437843783693e+00 -6.833643953436956409e+00
1.784983498349834719e+00 -6.838342345509094145e+00
1.785588558855884855e+00 -6.843042085153022036e+00
1.786193619361935880e+00 -6.847743172368756071e+00
1.786798679867986017e+00 -6.852445607156283813e+00
1.787403740374037042e+00 -6.857149389515617699e+00
1.788008800880087179e+00 -6.861854519446743517e+00
1.788613861386138204e+00 -6.866560996949675477e+00
1.789218921892188341e+00 -6.871268822024401146e+00
1.789823982398239366e+00 -6.875977994670932958e+00
1.790429042904289503e+00 -6.880688514889256702e+00
1.791034103410340528e+00 -6.885400382679387477e+00
1.791639163916390665e+00 -6.890113598041310183e+00
1.792244224422441690e+00 -6.894828160975039921e+00
1.792849284928491826e+00 -6.899544071480561591e+00
1.793454345434542851e+00 -6.904261329557888516e+00
1.794059405940593876e+00 -6.908979935207016254e+00
1.794664466446644013e+00 -6.913699888427936813e+00
1.795269526952695038e+00 -6.918421189220664402e+00
1.795874587458745175e+00 -6.923143837585183036e+00
1.796479647964796200e+00 -6.927867833521508700e+00
1.797084708470846337e+00 -6.932593177029627185e+00
1.797689768976897362e+00 -6.937319868109549148e+00
1.798294829482947499e+00 -6.942047906761267484e+00
1.798899889988998524e+00 -6.946777292984790186e+00
1.799504950495048661e+00 -6.951508026780105709e+00
1.800110011001099686e+00 -6.956240108147229151e+00
1.800715071507149823e+00 -6.960973537086142748e+00
1.801320132013200848e+00 -6.965708313596864265e+00
1.801925192519250984e+00 -6.970444437679378602e+00
1.802530253025302009e+00 -6.975181909333697305e+00
1.803135313531352146e+00 -6.979920728559810605e+00
1.803740374037403171e+00 -6.984660895357729160e+00
1.804345434543453308e+00 -6.989402409727441423e+00
1.804950495049504333e+00 -6.994145271668957164e+00
1.805555555555555358e+00 -6.998889481182274608e+00
1.806160616061605495e+00 -7.003635038267383983e+00
1.806765676567656520e+00 -7.008381942924301278e+00
1.807370737073706657e+00 -7.013130195153010504e+00
1.807975797579757682e+00 -7.017879794953524097e+00
1.808580858085807819e+00 -7.022630742325832287e+00
1.809185918591858844e+00 -7.027383037269946620e+00
1.809790979097908981e+00 -7.032136679785853772e+00
1.810396039603960006e+00 -7.036891669873565291e+00
1.811001100110010142e+00 -7.041648007533071407e+00
1.811606160616061167e+00 -7.046405692764382778e+00
1.812211221122111304e+00 -7.051164725567486968e+00
1.812816281628162329e+00 -7.055925105942398190e+00
1.813421342134212466e+00 -7.060686833889100456e+00
1.814026402640263491e+00 -7.065449909407609752e+00
1.814631463146313628e+00 -7.070214332497911869e+00
1.815236523652364653e+00 -7.074980103160020128e+00
1.815841584158414790e+00 -7.079747221393922096e+00
1.816446644664465815e+00 -7.084515687199628431e+00
1.817051705170516840e+00 -7.089285500577136467e+00
1.817656765676566977e+00 -7.094056661526434659e+00
1.818261826182618002e+00 -7.098829170047541659e+00
1.818866886688668139e+00 -7.103603026140438814e+00
1.819471947194719164e+00 -7.108378229805142112e+00
1.820077007700769300e+00 -7.113154781041640007e+00
1.820682068206820325e+00 -7.117932679849942268e+00
1.821287128712870462e+00 -7.122711926230037349e+00
1.821892189218921487e+00 -7.127492520181942126e+00
1.822497249724971624e+00 -7.132274461705636170e+00
1.823102310231022649e+00 -7.137057750801137246e+00
1.823707370737072786e+00 -7.141842387468431141e+00
1.824312431243123811e+00 -7.146628371707532068e+00
1.824917491749173948e+00 -7.151415703518424039e+00
1.825522552255224973e+00 -7.156204382022193222e+00
1.826127612761275110e+00 -7.160994405762866499e+00
1.826732673267326135e+00 -7.165785774718544054e+00
1.827337733773376272e+00 -7.170578488889213453e+00
1.827942794279427297e+00 -7.175372548274890683e+00
1.828547854785478322e+00 -7.180167952875565973e+00
1.829152915291528458e+00 -7.184964702691232219e+00
1.829757975797579483e+00 -7.189762797721905407e+00
1.830363036303629620e+00 -7.194562237967568663e+00
1.830968096809680645e+00 -7.199363023428239750e+00
1.831573157315730782e+00 -7.204165154103901791e+00
1.832178217821781807e+00 -7.208968629994569888e+00
1.832783278327831944e+00 -7.213773451100229828e+00
1.833388338833882969e+00 -7.218579617420895822e+00
1.833993399339933106e+00 -7.223387128956553660e+00
1.834598459845984131e+00 -7.228195985707216664e+00
1.835203520352034268e+00 -7.233006187672871512e+00
1.835808580858085293e+00 -7.237817734853534191e+00
1.836413641364135430e+00 -7.242630627249186048e+00
1.837018701870186455e+00 -7.247444864859843960e+00
1.837623762376236591e+00 -7.252260447685496381e+00
1.838228822882287616e+00 -7.257077375726153079e+00
1.838833883388338641e+00 -7.261895648981808726e+00
1.839438943894388778e+00 -7.266715267452453553e+00
1.840044004400439803e+00 -7.271536231138107986e+00
1.840649064906489940e+00 -7.276358540038754263e+00
1.841254125412540965e+00 -7.281182194154403930e+00
1.841859185918591102e+00 -7.286007193485046329e+00
1.842464246424642127e+00 -7.290833538030695671e+00
1.843069306930692264e+00 -7.295661227791336856e+00
1.843674367436743289e+00 -7.300490262766983207e+00
1.844279427942793426e+00 -7.305320642957621402e+00
1.844884488448844451e+00 -7.310152368363265651e+00
1.845489548954894587e+00 -7.314985438983901744e+00
1.846094609460945613e+00 -7.319819854819543004e+00
1.846699669966995749e+00 -7.324655615870175218e+00
1.847304730473046774e+00 -7.329492722135817040e+00
1.847909790979096911e+00 -7.334331173616447153e+00
1.848514851485147936e+00 -7.339170970312083320e+00
1.849119911991198073e+00 -7.344012112222713107e+00
1.849724972497249098e+00 -7.348854599348348060e+00
1.850330033003300123e+00 -7.353698431688981962e+00
1.850935093509350260e+00 -7.358543609244607708e+00
1.851540154015401285e+00 -7.363390132015237732e+00
1.852145214521451422e+00 -7.368238000000861376e+00
1.852750275027502447e+00 -7.373087213201491963e+00
1.853355335533552584e+00 -7.377937771617112617e+00
1.853960396039603609e+00 -7.382789675247738437e+00
1.854565456545653745e+00 -7.387642924093356989e+00
1.855170517051704770e+00 -7.392497518153983371e+00
1.855775577557754907e+00 -7.397353457429598933e+00
1.856380638063805932e+00 -7.402210741920220549e+00
1.856985698569856069e+00 -7.407069371625836673e+00
1.857590759075907094e+00 -7.411929346546457076e+00
1.858195819581957231e+00 -7.416790666682066657e+00
1.858800880088008256e+00 -7.421653332032684069e+00
1.859405940594058393e+00 -7.426517342598295102e+00
1.860011001100109418e+00 -7.431382698378911300e+00
1.860616061606159555e+00 -7.436249399374517566e+00
1.861221122112210580e+00 -7.441117445585128998e+00
1.861826182618261605e+00 -7.445986837010741155e+00
1.862431243124311742e+00 -7.450857573651345156e+00
1.863036303630362767e+00 -7.455729655506955211e+00
1.863641364136412903e+00 -7.460603082577556222e+00
1.864246424642463928e+00 -7.465477854863163287e+00
1.864851485148514065e+00 -7.470353972363762196e+00
1.865456545654565090e+00 -7.475231435079368048e+00
1.866061606160615227e+00 -7.480110243009965743e+00
1.866666666666666252e+00 -7.484990396155568604e+00
1.867271727172716389e+00 -7.489871894516162421e+00
1.867876787678767414e+00 -7.494754738091762292e+00
1.868481848184817551e+00 -7.499638926882354895e+00
1.869086908690868576e+00 -7.504524460887954440e+00
1.869691969196918713e+00 -7.509411340108543165e+00
1.870297029702969738e+00 -7.514299564544138832e+00
1.870902090209019875e+00 -7.519189134194727231e+00
1.871507150715070900e+00 -7.524080049060321684e+00
1.872112211221121925e+00 -7.528972309140914199e+00
1.872717271727172061e+00 -7.533865914436498556e+00
1.873322332233223086e+00 -7.538760864947088969e+00
1.873927392739273223e+00 -7.543657160672670337e+00
1.874532453245324248e+00 -7.548554801613260423e+00
1.875137513751374385e+00 -7.553453787768838801e+00
1.875742574257425410e+00 -7.558354119139423233e+00
1.876347634763475547e+00 -7.563255795725002173e+00
1.876952695269526572e+00 -7.568158817525582727e+00
1.877557755775576709e+00 -7.573063184541158677e+00
1.878162816281627734e+00 -7.577968896771741569e+00
1.878767876787677871e+00 -7.582875954217314529e+00
1.879372937293728896e+00 -7.587784356877892655e+00
1.879977997799779033e+00 -7.592694104753462625e+00
1.880583058305830058e+00 -7.597605197844038649e+00
1.881188118811880194e+00 -7.602517636149608293e+00
1.881793179317931219e+00 -7.607431419670180439e+00
1.882398239823981356e+00 -7.612346548405747981e+00
1.883003300330032381e+00 -7.617263022356319802e+00
1.883608360836083406e+00 -7.622180841521889683e+00
1.884213421342133543e+00 -7.627100005902453184e+00
1.884818481848184568e+00 -7.632020515498020963e+00
1.885423542354234705e+00 -7.636942370308581474e+00
1.886028602860285730e+00 -7.641865570334147151e+00
1.886633663366335867e+00 -7.646790115574706448e+00
1.887238723872386892e+00 -7.651716006030270911e+00
1.887843784378437029e+00 -7.656643241700826330e+00
1.888448844884488054e+00 -7.661571822586386915e+00
1.889053905390538191e+00 -7.666501748686941120e+00
1.889658965896589216e+00 -7.671433020002499603e+00
1.890264026402639352e+00 -7.676365636533052594e+00
1.890869086908690377e+00 -7.681299598278608087e+00
1.891474147414740514e+00 -7.686234905239155424e+00
1.892079207920791539e+00 -7.691171557414711479e+00
1.892684268426841676e+00 -7.696109554805257602e+00
1.893289328932892701e+00 -7.701048897410810667e+00
1.893894389438942838e+00 -7.705989585231353800e+00
1.894499449944993863e+00 -7.710931618266903875e+00
1.895104510451044888e+00 -7.715874996517454676e+00
1.895709570957095025e+00 -7.720819719982994656e+00
1.896314631463146050e+00 -7.725765788663540690e+00
1.896919691969196187e+00 -7.730713202559078567e+00
1.897524752475247212e+00 -7.735661961669624276e+00
1.898129812981297349e+00 -7.740612065995160052e+00
1.898734873487348374e+00 -7.745563515535702770e+00
1.899339933993398510e+00 -7.750516310291236444e+00
1.899944994499449535e+00 -7.755470450261776172e+00
1.900550055005499672e+00 -7.760425935447308632e+00
1.901155115511550697e+00 -7.765382765847845370e+00
1.901760176017600834e+00 -7.770340941463373952e+00
1.902365236523651859e+00 -7.775300462293911252e+00
1.902970297029701996e+00 -7.780261328339436844e+00
1.903575357535753021e+00 -7.785223539599969378e+00
1.904180418041803158e+00 -7.790187096075495532e+00
1.904785478547854183e+00 -7.795151997766025076e+00
1.905390539053904320e+00 -7.800118244671546464e+00
1.905995599559955345e+00 -7.805085836792075682e+00
1.906600660066006370e+00 -7.810054774127602961e+00
1.907205720572056507e+00 -7.815025056678121196e+00
1.907810781078107532e+00 -7.819996684443647261e+00
1.908415841584157668e+00 -7.824969657424164282e+00
1.909020902090208693e+00 -7.829943975619687357e+00
1.909625962596258830e+00 -7.834919639030199612e+00
1.910231023102309855e+00 -7.839896647655720585e+00
1.910836083608359992e+00 -7.844875001496233402e+00
1.911441144114411017e+00 -7.849854700551752273e+00
1.912046204620461154e+00 -7.854835744822260324e+00
1.912651265126512179e+00 -7.859818134307777981e+00
1.913256325632562316e+00 -7.864801869008283930e+00
1.913861386138613341e+00 -7.869786948923798597e+00
1.914466446644663478e+00 -7.874773374054303332e+00
1.915071507150714503e+00 -7.879761144399815009e+00
1.915676567656764639e+00 -7.884750259960317642e+00
1.916281628162815664e+00 -7.889740720735828106e+00
1.916886688668866690e+00 -7.894732526726335742e+00
1.917491749174916826e+00 -7.899725677931833445e+00
1.918096809680967851e+00 -7.904720174352338979e+00
1.918701870187017988e+00 -7.909716015987836357e+00
1.919306930693069013e+00 -7.914713202838338901e+00
1.919911991199119150e+00 -7.919711734903834177e+00
1.920517051705170175e+00 -7.924711612184335507e+00
1.921122112211220312e+00 -7.929712834679827793e+00
1.921727172717271337e+00 -7.934715402390326133e+00
1.922332233223321474e+00 -7.939719315315816317e+00
1.922937293729372499e+00 -7.944724573456312555e+00
1.923542354235422636e+00 -7.949731176811802413e+00
1.924147414741473661e+00 -7.954739125382294773e+00
1.924752475247523797e+00 -7.959748419167781641e+00
1.925357535753574822e+00 -7.964759058168273675e+00
1.925962596259624959e+00 -7.969771042383756665e+00
1.926567656765675984e+00 -7.974784371814245709e+00
1.927172717271726121e+00 -7.979799046459726597e+00
1.927777777777777146e+00 -7.984815066320214427e+00
1.928382838283828171e+00 -7.989832431395701207e+00
1.928987898789878308e+00 -7.994851141686177165e+00
1.929592959295929333e+00 -7.999871197191660954e+00
1.930198019801979470e+00 -8.004892597912137475e+00
1.930803080308030495e+00 -8.009915343847620051e+00
1.931408140814080632e+00 -8.014939434998090917e+00
1.932013201320131657e+00 -8.019964871363571390e+00
1.932618261826181794e+00 -8.024991652944041931e+00
1.933223322332232819e+00 -8.030019779739520303e+00
1.933828382838282955e+00 -8.035049251749988741e+00
1.934433443344333980e+00 -8.040080068975463234e+00
1.935038503850384117e+00 -8.045112231415929571e+00
1.935643564356435142e+00 -8.050145739071400186e+00
1.936248624862485279e+00 -8.055180591941864421e+00
1.936853685368536304e+00 -8.060216790027334710e+00
1.937458745874586441e+00 -8.065254333327796843e+00
1.938063806380637466e+00 -8.070293221843265030e+00
1.938668866886687603e+00 -8.075333455573723285e+00
1.939273927392738628e+00 -8.080375034519189370e+00
1.939878987898789653e+00 -8.085417958679654404e+00
1.940484048404839790e+00 -8.090462228055109506e+00
1.941089108910890815e+00 -8.095507842645570662e+00
1.941694169416940952e+00 -8.100554802451025438e+00
1.942299229922991977e+00 -8.105603107471484492e+00
1.942904290429042113e+00 -8.110652757706935390e+00
1.943509350935093138e+00 -8.115703753157394118e+00
1.944114411441143275e+00 -8.120756093822841137e+00
1.944719471947194300e+00 -8.125809779703297764e+00
1.945324532453244437e+00 -8.130864810798744458e+00
1.945929592959295462e+00 -8.135921187109197206e+00
1.946534653465345599e+00 -8.140978908634641797e+00
1.947139713971396624e+00 -8.146037975375092444e+00
1.947744774477446761e+00 -8.151098387330534933e+00
1.948349834983497786e+00 -8.156160144500981701e+00
1.948954895489547923e+00 -8.161223246886422089e+00
1.949559955995598948e+00 -8.166287694486868531e+00
1.950165016501649085e+00 -8.171353487302306817e+00
1.950770077007700110e+00 -8.176420625332749381e+00
1.951375137513751135e+00 -8.181489108578192671e+00
1.951980198019801271e+00 -8.186558937038626027e+00
1.952585258525852296e+00 -8.191630110714068991e+00
1.953190319031902433e+00 -8.196702629604498469e+00
1.953795379537953458e+00 -8.201776493709937554e+00
1.954400440044003595e+00 -8.206851703030366707e+00
1.955005500550054620e+00 -8.211928257565803690e+00
1.955610561056104757e+00 -8.217006157316228965e+00
1.956215621562155782e+00 -8.222085402281662070e+00
1.956820682068205919e+00 -8.227165992462087019e+00
1.957425742574256944e+00 -8.232247927857518022e+00
1.958030803080307081e+00 -8.237331208467942645e+00
1.958635863586358106e+00 -8.242415834293369770e+00
1.959240924092408243e+00 -8.247501805333792291e+00
1.959845984598459268e+00 -8.252589121589217314e+00
1.960451045104509404e+00 -8.257677783059635956e+00
1.961056105610560429e+00 -8.262767789745058877e+00
1.961661166116611454e+00 -8.267859141645482524e+00
1.962266226622661591e+00 -8.272951838760898013e+00
1.962871287128712616e+00 -8.278045881091317781e+00
1.963476347634762753e+00 -8.283141268636731169e+00
1.964081408140813778e+00 -8.288238001397148835e+00
1.964686468646863915e+00 -8.293336079372558345e+00
1.965291529152914940e+00 -8.298435502562975685e+00
1.965896589658965077e+00 -8.303536270968383093e+00
1.966501650165016102e+00 -8.308638384588798331e+00
1.967106710671066239e+00 -8.313741843424201861e+00
1.967711771177117264e+00 -8.318846647474614997e+00
1.968316831683167401e+00 -8.323952796740019977e+00
1.968921892189218426e+00 -8.329060291220429235e+00
1.969526952695268562e+00 -8.334169130915828561e+00
1.970132013201319587e+00 -8.339279315826235717e+00
1.970737073707369724e+00 -8.344390845951632940e+00
1.971342134213420749e+00 -8.349503721292037994e+00
1.971947194719470886e+00 -8.354617941847434892e+00
1.972552255225521911e+00 -8.359733507617836068e+00
1.973157315731572936e+00 -8.364850418603237969e+00
1.973762376237623073e+00 -8.369968674803631714e+00
1.974367436743674098e+00 -8.375088276219031513e+00
1.974972497249724235e+00 -8.380209222849421380e+00
1.975577557755775260e+00 -8.385331514694819077e+00
1.976182618261825397e+00 -8.390455151755206842e+00
1.976787678767876422e+00 -8.395580134030602437e+00
1.977392739273926558e+00 -8.400706461520986323e+00
1.977997799779977584e+00 -8.405834134226378040e+00
1.978602860286027720e+00 -8.410963152146761601e+00
1.979207920792078745e+00 -8.416093515282152993e+00
1.979812981298128882e+00 -8.421225223632532675e+00
1.980418041804179907e+00 -8.426358277197921964e+00
1.981023102310230044e+00 -8.431492675978299545e+00
1.981628162816281069e+00 -8.436628419973686732e+00
1.982233223322331206e+00 -8.441765509184062211e+00
1.982838283828382231e+00 -8.446903943609447296e+00
1.983443344334432368e+00 -8.452043723249822449e+00
1.984048404840483393e+00 -8.457184848105201880e+00
1.984653465346534418e+00 -8.462327318175582036e+00
1.985258525852584555e+00 -8.467471133460952259e+00
1.985863586358635580e+00 -8.472616293961328537e+00
1.986468646864685716e+00 -8.477762799676698435e+00
1.987073707370736741e+00 -8.482910650607072611e+00
1.987678767876786878e+00 -8.488059846752440407e+00
1.988283828382837903e+00 -8.493210388112812481e+00
1.988888888888888040e+00 -8.498362274688176399e+00
1.989493949394939065e+00 -8.503515506478546371e+00
1.990099009900989202e+00 -8.508670083483909963e+00
1.990704070407040227e+00 -8.513826005704276056e+00
1.991309130913090364e+00 -8.518983273139637546e+00
1.991914191419141389e+00 -8.524141885790003315e+00
1.992519251925191526e+00 -8.529301843655360926e+00
1.993124312431242551e+00 -8.534463146735724592e+00
1.993729372937292688e+00 -8.539625795031078326e+00
1.994334433443343713e+00 -8.544789788541439890e+00
1.994939493949394738e+00 -8.549955127266800403e+00
1.995544554455444874e+00 -8.555121811207150984e+00
1.996149614961495899e+00 -8.560289840362511171e+00
1.996754675467546036e+00 -8.565459214732857873e+00
1.997359735973597061e+00 -8.570629934318214183e+00
1.997964796479647198e+00 -8.575801999118562335e+00
1.998569856985698223e+00 -8.580975409133914766e+00
1.999174917491748360e+00 -8.586150164364259041e+00
1.999779977997799385e+00 -8.591326264809611146e+00
2.000385038503849522e+00 -8.596503710469953319e+00
2.000990099009900547e+00 -8.601682501345301546e+00
2.001595159515950684e+00 -8.606862637435641616e+00
2.002200220022001709e+00 -8.612044118740989518e+00
2.002805280528051846e+00 -8.617226945261325710e+00
2.003410341034102871e+00 -8.622411116996669733e+00
2.004015401540153007e+00 -8.627596633947005600e+00
2.004620462046204032e+00 -8.632783496112347521e+00
2.005225522552254169e+00 -8.637971703492681286e+00
2.005830583058305194e+00 -8.643161256088019329e+00
2.006435643564356219e+00 -8.648352153898358097e+00
2.007040704070406356e+00 -8.653544396923688709e+00
2.007645764576457381e+00 -8.658737985164023598e+00
2.008250825082507518e+00 -8.663932918619352108e+00
2.008855885588558543e+00 -8.669129197289686672e+00
2.009460946094608680e+00 -8.674326821175011304e+00
2.010066006600659705e+00 -8.679525790275341990e+00
2.010671067106709842e+00 -8.684726104590666296e+00
2.011276127612760867e+00 -8.689927764120994880e+00
2.011881188118811004e+00 -8.695130768866317084e+00
2.012486248624862029e+00 -8.700335118826643566e+00
2.013091309130912165e+00 -8.705540814001960115e+00
2.013696369636963190e+00 -8.710747854392284495e+00
2.014301430143013327e+00 -8.715956239997600719e+00
2.014906490649064352e+00 -8.721165970817924773e+00
2.015511551155114489e+00 -8.726377046853238895e+00
2.016116611661165514e+00 -8.731589468103559071e+00
2.016721672167215651e+00 -8.736803234568871090e+00
2.017326732673266676e+00 -8.742018346249187388e+00
2.017931793179317701e+00 -8.747234803144504411e+00
2.018536853685367838e+00 -8.752452605254813278e+00
2.019141914191418863e+00 -8.757671752580126423e+00
2.019746974697469000e+00 -8.762892245120431411e+00
2.020352035203520025e+00 -8.768114082875744231e+00
2.020957095709570162e+00 -8.773337265846047117e+00
2.021562156215621187e+00 -8.778561794031357834e+00
2.022167216721671323e+00 -8.783787667431658619e+00
2.022772277227722348e+00 -8.789014886046965458e+00
2.023377337733772485e+00 -8.794243449877264140e+00
2.023982398239823510e+00 -8.799473358922570654e+00
2.024587458745873647e+00 -8.804704613182867234e+00
2.025192519251924672e+00 -8.809937212658169869e+00
2.025797579757974809e+00 -8.815171157348462572e+00
2.026402640264025834e+00 -8.820406447253766657e+00
2.027007700770075971e+00 -8.825643082374057258e+00
2.027612761276126996e+00 -8.830881062709355689e+00
2.028217821782177133e+00 -8.836120388259645964e+00
2.028822882288228158e+00 -8.841361059024942293e+00
2.029427942794279183e+00 -8.846603075005235794e+00
2.030033003300329320e+00 -8.851846436200522916e+00
2.030638063806380345e+00 -8.857091142610816092e+00
2.031243124312430481e+00 -8.862337194236099336e+00
2.031848184818481506e+00 -8.867584591076390410e+00
2.032453245324531643e+00 -8.872833333131671552e+00
2.033058305830582668e+00 -8.878083420401958747e+00
2.033663366336632805e+00 -8.883334852887237787e+00
2.034268426842683830e+00 -8.888587630587522881e+00
2.034873487348733967e+00 -8.893841753502801595e+00
2.035478547854784992e+00 -8.899097221633084587e+00
2.036083608360835129e+00 -8.904354034978357646e+00
2.036688668866886154e+00 -8.909612193538640312e+00
2.037293729372936291e+00 -8.914871697313914822e+00
2.037898789878987316e+00 -8.920132546304191834e+00
2.038503850385037452e+00 -8.925394740509460689e+00
2.039108910891088478e+00 -8.930658279929739152e+00
2.039713971397139503e+00 -8.935923164565014787e+00
2.040319031903189639e+00 -8.941189394415280489e+00
2.040924092409240664e+00 -8.946456969480554022e+00
2.041529152915290801e+00 -8.951725889760819399e+00
2.042134213421341826e+00 -8.956996155256089054e+00
2.042739273927391963e+00 -8.962267765966352329e+00
2.043344334433442988e+00 -8.967540721891619881e+00
2.043949394939493125e+00 -8.972815023031881054e+00
2.044554455445544150e+00 -8.978090669387148282e+00
2.045159515951594287e+00 -8.983367660957405576e+00
2.045764576457645312e+00 -8.988645997742667149e+00
2.046369636963695449e+00 -8.993925679742924117e+00
2.046974697469746474e+00 -8.999206706958185364e+00
2.047579757975796610e+00 -9.004489079388438455e+00
2.048184818481847635e+00 -9.009772797033697600e+00
2.048789878987897772e+00 -9.015057859893946812e+00
2.049394939493948797e+00 -9.020344267969207408e+00
2.049999999999999822e+00 -9.025632021259461624e+00
