-4.000000000000000000e+00 -1.219514405044845873e+01
-3.999394939493949419e+00 -1.219351008452254170e+01
-3.998789878987898838e+00 -1.219187608367452746e+01
-3.998184818481848257e+00 -1.219024204793503152e+01
-3.997579757975797676e+00 -1.218860797733467649e+01
-3.996974697469747095e+00 -1.218697387190408499e+01
-3.996369636963696514e+00 -1.218533973167387785e+01
-3.995764576457645934e+00 -1.218370555667467414e+01
-3.995159515951595353e+00 -1.218207134693710181e+01
-3.994554455445544772e+00 -1.218043710249177281e+01
-3.993949394939493747e+00 -1.217880282336932041e+01
-3.993344334433443166e+00 -1.217716850960035302e+01
-3.992739273927392585e+00 -1.217553416121550391e+01
-3.992134213421342004e+00 -1.217389977824538150e+01
-3.991529152915291423e+00 -1.217226536072062082e+01
-3.990924092409240842e+00 -1.217063090867183739e+01
-3.990319031903190261e+00 -1.216899642212964849e+01
-3.989713971397139680e+00 -1.216736190112467675e+01
-3.989108910891089099e+00 -1.216572734568755010e+01
-3.988503850385038518e+00 -1.216409275584888583e+01
-3.987898789878987937e+00 -1.216245813163930656e+01
-3.987293729372937356e+00 -1.216082347308942424e+01
-3.986688668866886776e+00 -1.215918878022987748e+01
-3.986083608360836195e+00 -1.215755405309127291e+01
-3.985478547854785614e+00 -1.215591929170423846e+01
-3.984873487348735033e+00 -1.215428449609939321e+01
-3.984268426842684452e+00 -1.215264966630736154e+01
-3.983663366336633871e+00 -1.215101480235876430e+01
-3.983058305830582846e+00 -1.214937990428421877e+01
-3.982453245324532265e+00 -1.214774497211434934e+01
-3.981848184818481684e+00 -1.214611000587977685e+01
-3.981243124312431103e+00 -1.214447500561112747e+01
-3.980638063806380522e+00 -1.214283997133901138e+01
-3.980033003300329941e+00 -1.214120490309405653e+01
-3.979427942794279360e+00 -1.213956980090688731e+01
-3.978822882288228779e+00 -1.213793466480812810e+01
-3.978217821782178198e+00 -1.213629949482838377e+01
-3.977612761276127618e+00 -1.213466429099828936e+01
-3.977007700770077037e+00 -1.213302905334846926e+01
-3.976402640264026456e+00 -1.213139378190953188e+01
-3.975797579757975875e+00 -1.212975847671210516e+01
-3.975192519251925294e+00 -1.212812313778681350e+01
-3.974587458745874713e+00 -1.212648776516427240e+01
-3.973982398239824132e+00 -1.212485235887510981e+01
-3.973377337733773551e+00 -1.212321691894994480e+01
-3.972772277227722970e+00 -1.212158144541939109e+01
-3.972167216721672389e+00 -1.211994593831408196e+01
-3.971562156215621364e+00 -1.211831039766463114e+01
-3.970957095709570783e+00 -1.211667482350165947e+01
-3.970352035203520202e+00 -1.211503921585579135e+01
-3.969746974697469621e+00 -1.211340357475765117e+01
-3.969141914191419040e+00 -1.211176790023785621e+01
-3.968536853685368460e+00 -1.211013219232702554e+01
-3.967931793179317879e+00 -1.210849645105578531e+01
-3.967326732673267298e+00 -1.210686067645475639e+01
-3.966721672167216717e+00 -1.210522486855455604e+01
-3.966116611661166136e+00 -1.210358902738581044e+01
-3.965511551155115555e+00 -1.210195315297914043e+01
-3.964906490649064974e+00 -1.210031724536516506e+01
-3.964301430143014393e+00 -1.209868130457449809e+01
-3.963696369636963812e+00 -1.209704533063777987e+01
-3.963091309130913231e+00 -1.209540932358561527e+01
-3.962486248624862650e+00 -1.209377328344863578e+01
-3.961881188118812069e+00 -1.209213721025745336e+01
-3.961276127612761488e+00 -1.209050110404269773e+01
-3.960671067106710463e+00 -1.208886496483498796e+01
-3.960066006600659883e+00 -1.208722879266494132e+01
-3.959460946094609302e+00 -1.208559258756318577e+01
-3.958855885588558721e+00 -1.208395634956033504e+01
-3.958250825082508140e+00 -1.208232007868701707e+01
-3.957645764576457559e+00 -1.208068377497385271e+01
-3.957040704070406978e+00 -1.207904743845145923e+01
-3.956435643564356397e+00 -1.207741106915045926e+01
-3.955830583058305816e+00 -1.207577466710147540e+01
-3.955225522552255235e+00 -1.207413823233513206e+01
-3.954620462046204654e+00 -1.207250176488204296e+01
-3.954015401540154073e+00 -1.207086526477283961e+01
-3.953410341034103492e+00 -1.206922873203812863e+01
-3.952805280528052911e+00 -1.206759216670854862e+01
-3.952200220022002330e+00 -1.206595556881470799e+01
-3.951595159515951750e+00 -1.206431893838723290e+01
-3.950990099009901169e+00 -1.206268227545674421e+01
-3.950385038503850588e+00 -1.206104558005386806e+01
-3.949779977997799563e+00 -1.205940885220921821e+01
-3.949174917491748982e+00 -1.205777209195342081e+01
-3.948569856985698401e+00 -1.205613529931709138e+01
-3.947964796479647820e+00 -1.205449847433085786e+01
-3.947359735973597239e+00 -1.205286161702533931e+01
-3.946754675467546658e+00 -1.205122472743115480e+01
-3.946149614961496077e+00 -1.204958780557893405e+01
-3.945544554455445496e+00 -1.204795085149928724e+01
-3.944939493949394915e+00 -1.204631386522284231e+01
-3.944334433443344334e+00 -1.204467684678022188e+01
-3.943729372937293753e+00 -1.204303979620203968e+01
-3.943124312431243172e+00 -1.204140271351892544e+01
-3.942519251925192592e+00 -1.203976559876149466e+01
-3.941914191419142011e+00 -1.203812845196036996e+01
-3.941309130913091430e+00 -1.203649127314617928e+01
-3.940704070407040849e+00 -1.203485406234953281e+01
-3.940099009900990268e+00 -1.203321681960106027e+01
-3.939493949394939687e+00 -1.203157954493138071e+01
-3.938888888888889106e+00 -1.202994223837111498e+01
-3.938283828382838081e+00 -1.202830489995088215e+01
-3.937678767876787500e+00 -1.202666752970130837e+01
-3.937073707370736919e+00 -1.202503012765301271e+01
-3.936468646864686338e+00 -1.202339269383661602e+01
-3.935863586358635757e+00 -1.202175522828273913e+01
-3.935258525852585176e+00 -1.202011773102200465e+01
-3.934653465346534595e+00 -1.201848020208503520e+01
-3.934048404840484014e+00 -1.201684264150244985e+01
-3.933443344334433434e+00 -1.201520504930487476e+01
-3.932838283828382853e+00 -1.201356742552292189e+01
-3.932233223322332272e+00 -1.201192977018721741e+01
-3.931628162816281691e+00 -1.201029208332838749e+01
-3.931023102310231110e+00 -1.200865436497704763e+01
-3.930418041804180529e+00 -1.200701661516382046e+01
-3.929812981298129948e+00 -1.200537883391932859e+01
-3.929207920792079367e+00 -1.200374102127419285e+01
-3.928602860286028786e+00 -1.200210317725903053e+01
-3.927997799779978205e+00 -1.200046530190446958e+01
-3.927392739273927624e+00 -1.199882739524113084e+01
-3.926787678767876599e+00 -1.199718945729963337e+01
-3.926182618261826018e+00 -1.199555148811058913e+01
-3.925577557755775437e+00 -1.199391348770463672e+01
-3.924972497249724857e+00 -1.199227545611239165e+01
-3.924367436743674276e+00 -1.199063739336447121e+01
-3.923762376237623695e+00 -1.198899929949149623e+01
-3.923157315731573114e+00 -1.198736117452409289e+01
-3.922552255225522533e+00 -1.198572301849288024e+01
-3.921947194719471952e+00 -1.198408483142848269e+01
-3.921342134213421371e+00 -1.198244661336151395e+01
-3.920737073707370790e+00 -1.198080836432260377e+01
-3.920132013201320209e+00 -1.197917008434236763e+01
-3.919526952695269628e+00 -1.197753177345142994e+01
-3.918921892189219047e+00 -1.197589343168041154e+01
-3.918316831683168466e+00 -1.197425505905993148e+01
-3.917711771177117885e+00 -1.197261665562061594e+01
-3.917106710671067304e+00 -1.197097822139308043e+01
-3.916501650165016724e+00 -1.196933975640795289e+01
-3.915896589658965699e+00 -1.196770126069585061e+01
-3.915291529152915118e+00 -1.196606273428739442e+01
-3.914686468646864537e+00 -1.196442417721320339e+01
-3.914081408140813956e+00 -1.196278558950390725e+01
-3.913476347634763375e+00 -1.196114697119012149e+01
-3.912871287128712794e+00 -1.195950832230246696e+01
-3.912266226622662213e+00 -1.195786964287156806e+01
-3.911661166116611632e+00 -1.195623093292804384e+01
-3.911056105610561051e+00 -1.195459219250251515e+01
-3.910451045104510470e+00 -1.195295342162560637e+01
-3.909845984598459889e+00 -1.195131462032793657e+01
-3.909240924092409308e+00 -1.194967578864012836e+01
-3.908635863586358727e+00 -1.194803692659279903e+01
-3.908030803080308146e+00 -1.194639803421657653e+01
-3.907425742574257566e+00 -1.194475911154207814e+01
-3.906820682068206985e+00 -1.194312015859992648e+01
-3.906215621562156404e+00 -1.194148117542074061e+01
-3.905610561056105823e+00 -1.193984216203514492e+01
-3.905005500550054798e+00 -1.193820311847376026e+01
-3.904400440044004217e+00 -1.193656404476720567e+01
-3.903795379537953636e+00 -1.193492494094610734e+01
-3.903190319031903055e+00 -1.193328580704108255e+01
-3.902585258525852474e+00 -1.193164664308275036e+01
-3.901980198019801893e+00 -1.193000744910173871e+01
-3.901375137513751312e+00 -1.192836822512866668e+01
-3.900770077007700731e+00 -1.192672897119415154e+01
-3.900165016501650150e+00 -1.192508968732881947e+01
-3.899559955995599569e+00 -1.192345037356328774e+01
-3.898954895489548989e+00 -1.192181102992817898e+01
-3.898349834983498408e+00 -1.192017165645412113e+01
-3.897744774477447827e+00 -1.191853225317172615e+01
-3.897139713971397246e+00 -1.191689282011162021e+01
-3.896534653465346665e+00 -1.191525335730442414e+01
-3.895929592959296084e+00 -1.191361386478076057e+01
-3.895324532453245503e+00 -1.191197434257124321e+01
-3.894719471947194922e+00 -1.191033479070650714e+01
-3.894114411441144341e+00 -1.190869520921716251e+01
-3.893509350935093316e+00 -1.190705559813383196e+01
-3.892904290429042735e+00 -1.190541595748714165e+01
-3.892299229922992154e+00 -1.190377628730770887e+01
-3.891694169416941573e+00 -1.190213658762615623e+01
-3.891089108910890992e+00 -1.190049685847310812e+01
-3.890484048404840411e+00 -1.189885709987918005e+01
-3.889878987898789831e+00 -1.189721731187499998e+01
-3.889273927392739250e+00 -1.189557749449117985e+01
-3.888668866886688669e+00 -1.189393764775835471e+01
-3.888063806380638088e+00 -1.189229777170713298e+01
-3.887458745874587507e+00 -1.189065786636814082e+01
-3.886853685368536926e+00 -1.188901793177200261e+01
-3.886248624862486345e+00 -1.188737796794933566e+01
-3.885643564356435764e+00 -1.188573797493076434e+01
-3.885038503850385183e+00 -1.188409795274690772e+01
-3.884433443344334602e+00 -1.188245790142838487e+01
-3.883828382838284021e+00 -1.188081782100582195e+01
-3.883223322332233440e+00 -1.187917771150984336e+01
-3.882618261826182859e+00 -1.187753757297105928e+01
-3.882013201320131834e+00 -1.187589740542009764e+01
-3.881408140814081253e+00 -1.187425720888757930e+01
-3.880803080308030673e+00 -1.187261698340413041e+01
-3.880198019801980092e+00 -1.187097672900036471e+01
-3.879592959295929511e+00 -1.186933644570690838e+01
-3.878987898789878930e+00 -1.186769613355438047e+01
-3.878382838283828349e+00 -1.186605579257340182e+01
-3.877777777777777768e+00 -1.186441542279459682e+01
-3.877172717271727187e+00 -1.186277502424858099e+01
-3.876567656765676606e+00 -1.186113459696598227e+01
-3.875962596259626025e+00 -1.185949414097742149e+01
-3.875357535753575444e+00 -1.185785365631351773e+01
-3.874752475247524863e+00 -1.185621314300489004e+01
-3.874147414741474282e+00 -1.185457260108216282e+01
-3.873542354235423701e+00 -1.185293203057595512e+01
-3.872937293729373120e+00 -1.185129143151689490e+01
-3.872332233223322540e+00 -1.184965080393559411e+01
-3.871727172717271515e+00 -1.184801014786268070e+01
-3.871122112211220934e+00 -1.184636946332877372e+01
-3.870517051705170353e+00 -1.184472875036449580e+01
-3.869911991199119772e+00 -1.184308800900046599e+01
-3.869306930693069191e+00 -1.184144723926730691e+01
-3.868701870187018610e+00 -1.183980644119564118e+01
-3.868096809680968029e+00 -1.183816561481608787e+01
-3.867491749174917448e+00 -1.183652476015927313e+01
-3.866886688668866867e+00 -1.183488387725581248e+01
-3.866281628162816286e+00 -1.183324296613632498e+01
-3.865676567656765705e+00 -1.183160202683144391e+01
-3.865071507150715124e+00 -1.182996105937177767e+01
-3.864466446644664543e+00 -1.182832006378795775e+01
-3.863861386138613963e+00 -1.182667904011059612e+01
-3.863256325632563382e+00 -1.182503798837032072e+01
-3.862651265126512801e+00 -1.182339690859775239e+01
-3.862046204620462220e+00 -1.182175580082351196e+01
-3.861441144114411639e+00 -1.182011466507821851e+01
-3.860836083608361058e+00 -1.181847350139249642e+01
-3.860231023102310033e+00 -1.181683230979696120e+01
-3.859625962596259452e+00 -1.181519109032224257e+01
-3.859020902090208871e+00 -1.181354984299895960e+01
-3.858415841584158290e+00 -1.181190856785772958e+01
-3.857810781078107709e+00 -1.181026726492917511e+01
-3.857205720572057128e+00 -1.180862593424392060e+01
-3.856600660066006547e+00 -1.180698457583258509e+01
-3.855995599559955966e+00 -1.180534318972579300e+01
-3.855390539053905385e+00 -1.180370177595415804e+01
-3.854785478547854805e+00 -1.180206033454830994e+01
-3.854180418041804224e+00 -1.180041886553886599e+01
-3.853575357535753643e+00 -1.179877736895644880e+01
-3.852970297029703062e+00 -1.179713584483167921e+01
-3.852365236523652481e+00 -1.179549429319517984e+01
-3.851760176017601900e+00 -1.179385271407756974e+01
-3.851155115511551319e+00 -1.179221110750947155e+01
-3.850550055005500738e+00 -1.179056947352150431e+01
-3.849944994499450157e+00 -1.178892781214429597e+01
-3.849339933993399576e+00 -1.178728612340846027e+01
-3.848734873487348551e+00 -1.178564440734461982e+01
-3.848129812981297970e+00 -1.178400266398340079e+01
-3.847524752475247389e+00 -1.178236089335542225e+01
-3.846919691969196808e+00 -1.178071909549130325e+01
-3.846314631463146227e+00 -1.177907727042166641e+01
-3.845709570957095647e+00 -1.177743541817713968e+01
-3.845104510451045066e+00 -1.177579353878833324e+01
-3.844499449944994485e+00 -1.177415163228587502e+01
-3.843894389438943904e+00 -1.177250969870038411e+01
-3.843289328932893323e+00 -1.177086773806247955e+01
-3.842684268426842742e+00 -1.176922575040279106e+01
-3.842079207920792161e+00 -1.176758373575193417e+01
-3.841474147414741580e+00 -1.176594169414052793e+01
-3.840869086908690999e+00 -1.176429962559919673e+01
-3.840264026402640418e+00 -1.176265753015856497e+01
-3.839658965896589837e+00 -1.176101540784924993e+01
-3.839053905390539256e+00 -1.175937325870187244e+01
-3.838448844884488231e+00 -1.175773108274705869e+01
-3.837843784378438095e+00 -1.175608888001542240e+01
-3.837238723872387069e+00 -1.175444665053758975e+01
-3.836633663366336489e+00 -1.175280439434418156e+01
-3.836028602860285908e+00 -1.175116211146582401e+01
-3.835423542354235327e+00 -1.174951980193312906e+01
-3.834818481848184746e+00 -1.174787746577672287e+01
-3.834213421342134165e+00 -1.174623510302722984e+01
-3.833608360836083584e+00 -1.174459271371526548e+01
-3.833003300330033003e+00 -1.174295029787145239e+01
-3.832398239823982422e+00 -1.174130785552641498e+01
-3.831793179317931841e+00 -1.173966538671077231e+01
-3.831188118811881260e+00 -1.173802289145514877e+01
-3.830583058305830679e+00 -1.173638036979016341e+01
-3.829977997799780098e+00 -1.173473782174643532e+01
-3.829372937293729517e+00 -1.173309524735458709e+01
-3.828767876787678937e+00 -1.173145264664524490e+01
-3.828162816281628356e+00 -1.172981001964902603e+01
-3.827557755775577775e+00 -1.172816736639654778e+01
-3.826952695269526750e+00 -1.172652468691843985e+01
-3.826347634763476169e+00 -1.172488198124531777e+01
-3.825742574257425588e+00 -1.172323924940780415e+01
-3.825137513751375007e+00 -1.172159649143652160e+01
-3.824532453245324426e+00 -1.171995370736209274e+01
-3.823927392739273845e+00 -1.171831089721513663e+01
-3.823322332233223264e+00 -1.171666806102627412e+01
-3.822717271727172683e+00 -1.171502519882612425e+01
-3.822112211221122102e+00 -1.171338231064531676e+01
-3.821507150715071521e+00 -1.171173939651446538e+01
-3.820902090209020940e+00 -1.171009645646419628e+01
-3.820297029702970359e+00 -1.170845349052512496e+01
-3.819691969196919779e+00 -1.170681049872787938e+01
-3.819086908690869198e+00 -1.170516748110307326e+01
-3.818481848184818617e+00 -1.170352443768133988e+01
-3.817876787678768036e+00 -1.170188136849328764e+01
-3.817271727172717455e+00 -1.170023827356954449e+01
-3.816666666666666874e+00 -1.169859515294073304e+01
-3.816061606160616293e+00 -1.169695200663746881e+01
-3.815456545654565268e+00 -1.169530883469037796e+01
-3.814851485148514687e+00 -1.169366563713008134e+01
-3.814246424642464106e+00 -1.169202241398719977e+01
-3.813641364136413525e+00 -1.169037916529235410e+01
-3.813036303630362944e+00 -1.168873589107616695e+01
-3.812431243124312363e+00 -1.168709259136925738e+01
-3.811826182618261782e+00 -1.168544926620224977e+01
-3.811221122112211201e+00 -1.168380591560576676e+01
-3.810616061606160621e+00 -1.168216253961042561e+01
-3.810011001100110040e+00 -1.168051913824684718e+01
-3.809405940594059459e+00 -1.167887571154565052e+01
-3.808800880088008878e+00 -1.167723225953746713e+01
-3.808195819581958297e+00 -1.167558878225290897e+01
-3.807590759075907716e+00 -1.167394527972260398e+01
-3.806985698569857135e+00 -1.167230175197716946e+01
-3.806380638063806554e+00 -1.167065819904722446e+01
-3.805775577557755973e+00 -1.166901462096339692e+01
-3.805170517051705392e+00 -1.166737101775630414e+01
-3.804565456545654811e+00 -1.166572738945656518e+01
-3.803960396039603786e+00 -1.166408373609480797e+01
-3.803355335533553205e+00 -1.166244005770165160e+01
-3.802750275027502624e+00 -1.166079635430771155e+01
-3.802145214521452043e+00 -1.165915262594361579e+01
-3.801540154015401463e+00 -1.165750887263998337e+01
-3.800935093509350882e+00 -1.165586509442743690e+01
-3.800330033003300301e+00 -1.165422129133659723e+01
-3.799724972497249720e+00 -1.165257746339808342e+01
-3.799119911991199139e+00 -1.165093361064251809e+01
-3.798514851485148558e+00 -1.164928973310052562e+01
-3.797909790979097977e+00 -1.164764583080272331e+01
-3.797304730473047396e+00 -1.164600190377973554e+01
-3.796699669966996815e+00 -1.164435795206218138e+01
-3.796094609460946234e+00 -1.164271397568068522e+01
-3.795489548954895653e+00 -1.164106997466586257e+01
-3.794884488448845072e+00 -1.163942594904834138e+01
-3.794279427942794491e+00 -1.163778189885873893e+01
-3.793674367436743466e+00 -1.163613782412767428e+01
-3.793069306930692886e+00 -1.163449372488577893e+01
-3.792464246424642305e+00 -1.163284960116366307e+01
-3.791859185918591724e+00 -1.163120545299195641e+01
-3.791254125412541143e+00 -1.162956128040127268e+01
-3.790649064906490562e+00 -1.162791708342223984e+01
-3.790044004400439981e+00 -1.162627286208547517e+01
-3.789438943894389400e+00 -1.162462861642160128e+01
-3.788833883388338819e+00 -1.162298434646123901e+01
-3.788228822882288238e+00 -1.162134005223501454e+01
-3.787623762376237657e+00 -1.161969573377353804e+01
-3.787018701870187076e+00 -1.161805139110743923e+01
-3.786413641364136495e+00 -1.161640702426734428e+01
-3.785808580858085914e+00 -1.161476263328386693e+01
-3.785203520352035333e+00 -1.161311821818762802e+01
-3.784598459845984753e+00 -1.161147377900924837e+01
-3.783993399339934172e+00 -1.160982931577935418e+01
-3.783388338833883591e+00 -1.160818482852856270e+01
-3.782783278327833010e+00 -1.160654031728750368e+01
-3.782178217821781985e+00 -1.160489578208678196e+01
-3.781573157315731404e+00 -1.160325122295703615e+01
-3.780968096809680823e+00 -1.160160663992887997e+01
-3.780363036303630242e+00 -1.159996203303293250e+01
-3.779757975797579661e+00 -1.159831740229981989e+01
-3.779152915291529080e+00 -1.159667274776015944e+01
-3.778547854785478499e+00 -1.159502806944457731e+01
-3.777942794279427918e+00 -1.159338336738368724e+01
-3.777337733773377337e+00 -1.159173864160811718e+01
-3.776732673267326756e+00 -1.159009389214848795e+01
-3.776127612761276175e+00 -1.158844911903542041e+01
-3.775522552255225595e+00 -1.158680432229953006e+01
-3.774917491749175014e+00 -1.158515950197145017e+01
-3.774312431243124433e+00 -1.158351465808179270e+01
-3.773707370737073852e+00 -1.158186979066118028e+01
-3.773102310231023271e+00 -1.158022489974023550e+01
-3.772497249724972690e+00 -1.157857998534958099e+01
-3.771892189218922109e+00 -1.157693504751983582e+01
-3.771287128712871528e+00 -1.157529008628162437e+01
-3.770682068206820503e+00 -1.157364510166556215e+01
-3.770077007700769922e+00 -1.157200009370228067e+01
-3.769471947194719341e+00 -1.157035506242239009e+01
-3.768866886688668760e+00 -1.156871000785652015e+01
-3.768261826182618179e+00 -1.156706493003528458e+01
-3.767656765676567598e+00 -1.156541982898931131e+01
-3.767051705170517018e+00 -1.156377470474921765e+01
-3.766446644664466437e+00 -1.156212955734563330e+01
-3.765841584158415856e+00 -1.156048438680916490e+01
-3.765236523652365275e+00 -1.155883919317045105e+01
-3.764631463146314694e+00 -1.155719397646009483e+01
-3.764026402640264113e+00 -1.155554873670872951e+01
-3.763421342134213532e+00 -1.155390347394697415e+01
-3.762816281628162951e+00 -1.155225818820544958e+01
-3.762211221122112370e+00 -1.155061287951477667e+01
-3.761606160616061789e+00 -1.154896754790558155e+01
-3.761001100110011208e+00 -1.154732219340847621e+01
-3.760396039603960627e+00 -1.154567681605408858e+01
-3.759790979097910046e+00 -1.154403141587304127e+01
-3.759185918591859021e+00 -1.154238599289594980e+01
-3.758580858085808440e+00 -1.154074054715344033e+01
-3.757975797579757860e+00 -1.153909507867613371e+01
-3.757370737073707279e+00 -1.153744958749464722e+01
-3.756765676567656698e+00 -1.153580407363960703e+01
-3.756160616061606117e+00 -1.153415853714163042e+01
-3.755555555555555536e+00 -1.153251297803134712e+01
-3.754950495049504955e+00 -1.153086739633936730e+01
-3.754345434543454374e+00 -1.152922179209631892e+01
-3.753740374037403793e+00 -1.152757616533282103e+01
-3.753135313531353212e+00 -1.152593051607949803e+01
-3.752530253025302631e+00 -1.152428484436696721e+01
-3.751925192519252050e+00 -1.152263915022585117e+01
-3.751320132013201469e+00 -1.152099343368677609e+01
-3.750715071507150888e+00 -1.151934769478035392e+01
-3.750110011001100307e+00 -1.151770193353721439e+01
-3.749504950495049727e+00 -1.151605614998797300e+01
-3.748899889988998702e+00 -1.151441034416325770e+01
-3.748294829482948565e+00 -1.151276451609368401e+01
-3.747689768976897540e+00 -1.151111866580987453e+01
-3.747084708470846959e+00 -1.150947279334245366e+01
-3.746479647964796378e+00 -1.150782689872203690e+01
-3.745874587458745797e+00 -1.150618098197925221e+01
-3.745269526952695216e+00 -1.150453504314471687e+01
-3.744664466446644635e+00 -1.150288908224905349e+01
-3.744059405940594054e+00 -1.150124309932288469e+01
-3.743454345434543473e+00 -1.149959709439682776e+01
-3.742849284928492892e+00 -1.149795106750150886e+01
-3.742244224422442311e+00 -1.149630501866754706e+01
-3.741639163916391730e+00 -1.149465894792556320e+01
-3.741034103410341149e+00 -1.149301285530617989e+01
-3.740429042904290569e+00 -1.149136674084001797e+01
-3.739823982398239988e+00 -1.148972060455770006e+01
-3.739218921892189407e+00 -1.148807444648984522e+01
-3.738613861386138826e+00 -1.148642826666707251e+01
-3.738008800880088245e+00 -1.148478206512000988e+01
-3.737403740374037220e+00 -1.148313584187927638e+01
-3.736798679867986639e+00 -1.148148959697548932e+01
-3.736193619361936058e+00 -1.147984333043927485e+01
-3.735588558855885477e+00 -1.147819704230125026e+01
-3.734983498349834896e+00 -1.147655073259204173e+01
-3.734378437843784315e+00 -1.147490440134227185e+01
-3.733773377337733734e+00 -1.147325804858255260e+01
-3.733168316831683153e+00 -1.147161167434351370e+01
-3.732563256325632572e+00 -1.146996527865577242e+01
-3.731958195819581992e+00 -1.146831886154995139e+01
-3.731353135313531411e+00 -1.146667242305667500e+01
-3.730748074807480830e+00 -1.146502596320655698e+01
-3.730143014301430249e+00 -1.146337948203023061e+01
-3.729537953795379668e+00 -1.146173297955830606e+01
-3.728932893289329087e+00 -1.146008645582140595e+01
-3.728327832783278506e+00 -1.145843991085015823e+01
-3.727722772277227925e+00 -1.145679334467518196e+01
-3.727117711771176900e+00 -1.145514675732708909e+01
-3.726512651265126763e+00 -1.145350014883651824e+01
-3.725907590759075738e+00 -1.145185351923407602e+01
-3.725302530253025157e+00 -1.145020686855039216e+01
-3.724697469746974576e+00 -1.144856019681608217e+01
-3.724092409240923995e+00 -1.144691350406177577e+01
-3.723487348734873414e+00 -1.144526679031808492e+01
-3.722882288228822834e+00 -1.144362005561563400e+01
-3.722277227722772253e+00 -1.144197329998504387e+01
-3.721672167216721672e+00 -1.144032652345694423e+01
-3.721067106710671091e+00 -1.143867972606194527e+01
-3.720462046204620510e+00 -1.143703290783067317e+01
-3.719856985698569929e+00 -1.143538606879374875e+01
-3.719251925192519348e+00 -1.143373920898179286e+01
-3.718646864686468767e+00 -1.143209232842542988e+01
-3.718041804180418186e+00 -1.143044542715527534e+01
-3.717436743674367605e+00 -1.142879850520195539e+01
-3.716831683168317024e+00 -1.142715156259608911e+01
-3.716226622662266443e+00 -1.142550459936830087e+01
-3.715621562156215418e+00 -1.142385761554920975e+01
-3.715016501650165281e+00 -1.142221061116943304e+01
-3.714411441144114256e+00 -1.142056358625959867e+01
-3.713806380638063676e+00 -1.141891654085032748e+01
-3.713201320132013095e+00 -1.141726947497224032e+01
-3.712596259625962514e+00 -1.141562238865595269e+01
-3.711991199119911933e+00 -1.141397528193209432e+01
-3.711386138613861352e+00 -1.141232815483127716e+01
-3.710781078107810771e+00 -1.141068100738413449e+01
-3.710176017601760190e+00 -1.140903383962128181e+01
-3.709570957095709609e+00 -1.140738665157333642e+01
-3.708965896589659028e+00 -1.140573944327092448e+01
-3.708360836083608447e+00 -1.140409221474466506e+01
-3.707755775577557866e+00 -1.140244496602518431e+01
-3.707150715071507285e+00 -1.140079769714309776e+01
-3.706545654565456704e+00 -1.139915040812902802e+01
-3.705940594059406124e+00 -1.139750309901359593e+01
-3.705335533553355543e+00 -1.139585576982742765e+01
-3.704730473047304962e+00 -1.139420842060113870e+01
-3.704125412541253937e+00 -1.139256105136535524e+01
-3.703520352035203800e+00 -1.139091366215069456e+01
-3.702915291529152775e+00 -1.138926625298777751e+01
-3.702310231023102194e+00 -1.138761882390723201e+01
-3.701705170517051613e+00 -1.138597137493967182e+01
-3.701100110011001032e+00 -1.138432390611572487e+01
-3.700495049504950451e+00 -1.138267641746601022e+01
-3.699889988998899870e+00 -1.138102890902114339e+01
-3.699284928492849289e+00 -1.137938138081175410e+01
-3.698679867986798708e+00 -1.137773383286845963e+01
-3.698074807480748127e+00 -1.137608626522188082e+01
-3.697469746974697546e+00 -1.137443867790264385e+01
-3.696864686468646966e+00 -1.137279107094136243e+01
-3.696259625962596385e+00 -1.137114344436865920e+01
-3.695654565456545804e+00 -1.136949579821516565e+01
-3.695049504950495223e+00 -1.136784813251149373e+01
-3.694444444444444642e+00 -1.136620044728826606e+01
-3.693839383938394061e+00 -1.136455274257610171e+01
-3.693234323432343480e+00 -1.136290501840562861e+01
-3.692629262926292455e+00 -1.136125727480746228e+01
-3.692024202420241874e+00 -1.135960951181222711e+01
-3.691419141914191293e+00 -1.135796172945054572e+01
-3.690814081408140712e+00 -1.135631392775303539e+01
-3.690209020902090131e+00 -1.135466610675032051e+01
-3.689603960396039550e+00 -1.135301826647302370e+01
-3.688998899889988969e+00 -1.135137040695176402e+01
-3.688393839383938388e+00 -1.134972252821715877e+01
-3.687788778877887808e+00 -1.134807463029983587e+01
-3.687183718371837227e+00 -1.134642671323041441e+01
-3.686578657865786646e+00 -1.134477877703951343e+01
-3.685973597359736065e+00 -1.134313082175776266e+01
-3.685368536853685484e+00 -1.134148284741576873e+01
-3.684763476347634903e+00 -1.133983485404416847e+01
-3.684158415841584322e+00 -1.133818684167357382e+01
-3.683553355335533741e+00 -1.133653881033460920e+01
-3.682948294829483160e+00 -1.133489076005789897e+01
-3.682343234323432135e+00 -1.133324269087405334e+01
-3.681738173817381998e+00 -1.133159460281370556e+01
-3.681133113311330973e+00 -1.132994649590747116e+01
-3.680528052805280392e+00 -1.132829837018597630e+01
-3.679922992299229811e+00 -1.132665022567983826e+01
-3.679317931793179230e+00 -1.132500206241967966e+01
-3.678712871287128650e+00 -1.132335388043611779e+01
-3.678107810781078069e+00 -1.132170567975978237e+01
-3.677502750275027488e+00 -1.132005746042128891e+01
-3.676897689768976907e+00 -1.131840922245125824e+01
-3.676292629262926326e+00 -1.131676096588031832e+01
-3.675687568756875745e+00 -1.131511269073908110e+01
-3.675082508250825164e+00 -1.131346439705817275e+01
-3.674477447744774583e+00 -1.131181608486821411e+01
-3.673872387238724002e+00 -1.131016775419982956e+01
-3.673267326732673421e+00 -1.130851940508363285e+01
-3.672662266226622840e+00 -1.130687103755025547e+01
-3.672057205720572259e+00 -1.130522265163031470e+01
-3.671452145214521678e+00 -1.130357424735442606e+01
-3.670847084708470653e+00 -1.130192582475321394e+01
-3.670242024202420517e+00 -1.130027738385730807e+01
-3.669636963696369492e+00 -1.129862892469731861e+01
-3.669031903190318911e+00 -1.129698044730387174e+01
-3.668426842684268330e+00 -1.129533195170758830e+01
-3.667821782178217749e+00 -1.129368343793909091e+01
-3.667216721672167168e+00 -1.129203490602900217e+01
-3.666611661166116587e+00 -1.129038635600793761e+01
-3.666006600660066006e+00 -1.128873778790652693e+01
-3.665401540154015425e+00 -1.128708920175538211e+01
-3.664796479647964844e+00 -1.128544059758512752e+01
-3.664191419141914263e+00 -1.128379197542639290e+01
-3.663586358635863682e+00 -1.128214333530978841e+01
-3.662981298129813101e+00 -1.128049467726594024e+01
-3.662376237623762520e+00 -1.127884600132546922e+01
-3.661771177117711940e+00 -1.127719730751899796e+01
-3.661166116611661359e+00 -1.127554859587714375e+01
-3.660561056105610778e+00 -1.127389986643053632e+01
-3.659955995599560197e+00 -1.127225111920978762e+01
-3.659350935093509172e+00 -1.127060235424552026e+01
-3.658745874587458591e+00 -1.126895357156836752e+01
-3.658140814081408010e+00 -1.126730477120893426e+01
-3.657535753575357429e+00 -1.126565595319784840e+01
-3.656930693069306848e+00 -1.126400711756573614e+01
-3.656325632563256267e+00 -1.126235826434321297e+01
-3.655720572057205686e+00 -1.126070939356090506e+01
-3.655115511551155105e+00 -1.125906050524942792e+01
-3.654510451045104524e+00 -1.125741159943940417e+01
-3.653905390539053943e+00 -1.125576267616145820e+01
-3.653300330033003362e+00 -1.125411373544621441e+01
-3.652695269526952782e+00 -1.125246477732428296e+01
-3.652090209020902201e+00 -1.125081580182629715e+01
-3.651485148514851620e+00 -1.124916680898286891e+01
-3.650880088008801039e+00 -1.124751779882462621e+01
-3.650275027502750458e+00 -1.124586877138218810e+01
-3.649669966996699877e+00 -1.124421972668617542e+01
-3.649064906490649296e+00 -1.124257066476721256e+01
-3.648459845984598715e+00 -1.124092158565591504e+01
-3.647854785478547690e+00 -1.123927248938290901e+01
-3.647249724972497109e+00 -1.123762337597881356e+01
-3.646644664466446528e+00 -1.123597424547425128e+01
-3.646039603960395947e+00 -1.123432509789984124e+01
-3.645434543454345366e+00 -1.123267593328621139e+01
-3.644829482948294785e+00 -1.123102675166397724e+01
-3.644224422442244204e+00 -1.122937755306375784e+01
-3.643619361936193624e+00 -1.122772833751618116e+01
-3.643014301430143043e+00 -1.122607910505186446e+01
-3.642409240924092462e+00 -1.122442985570142859e+01
-3.641804180418041881e+00 -1.122278058949549973e+01
-3.641199119911991300e+00 -1.122113130646469159e+01
-3.640594059405940719e+00 -1.121948200663963213e+01
-3.639988998899890138e+00 -1.121783269005094041e+01
-3.639383938393839557e+00 -1.121618335672923905e+01
-3.638778877887788976e+00 -1.121453400670514533e+01
-3.638173817381738395e+00 -1.121288464000928542e+01
-3.637568756875687370e+00 -1.121123525667227838e+01
-3.636963696369637233e+00 -1.120958585672474861e+01
-3.636358635863586208e+00 -1.120793644019730984e+01
-3.635753575357535627e+00 -1.120628700712059000e+01
-3.635148514851485047e+00 -1.120463755752520996e+01
-3.634543454345434466e+00 -1.120298809144178875e+01
-3.633938393839383885e+00 -1.120133860890094901e+01
-3.633333333333333304e+00 -1.119968910993331512e+01
-3.632728272827282723e+00 -1.119803959456950260e+01
-3.632123212321232142e+00 -1.119639006284013583e+01
-3.631518151815181561e+00 -1.119474051477583387e+01
-3.630913091309130980e+00 -1.119309095040722468e+01
-3.630308030803080399e+00 -1.119144136976492199e+01
-3.629702970297029818e+00 -1.118979177287955196e+01
-3.629097909790979237e+00 -1.118814215978173188e+01
-3.628492849284928656e+00 -1.118649253050208792e+01
-3.627887788778878075e+00 -1.118484288507123914e+01
-3.627282728272827494e+00 -1.118319322351980460e+01
-3.626677667766776914e+00 -1.118154354587840693e+01
-3.626072607260725889e+00 -1.117989385217766873e+01
-3.625467546754675752e+00 -1.117824414244821618e+01
-3.624862486248624727e+00 -1.117659441672065945e+01
-3.624257425742574146e+00 -1.117494467502562472e+01
-3.623652365236523565e+00 -1.117329491739374348e+01
-3.623047304730472984e+00 -1.117164514385562235e+01
-3.622442244224422403e+00 -1.116999535444188929e+01
-3.621837183718371822e+00 -1.116834554918316336e+01
-3.621232123212321241e+00 -1.116669572811006717e+01
-3.620627062706270660e+00 -1.116504589125322688e+01
-3.620022002200220079e+00 -1.116339603864325447e+01
-3.619416941694169498e+00 -1.116174617031077965e+01
-3.618811881188118917e+00 -1.116009628628641615e+01
-3.618206820682068336e+00 -1.115844638660079369e+01
-3.617601760176017756e+00 -1.115679647128452956e+01
-3.616996699669967175e+00 -1.115514654036824282e+01
-3.616391639163916594e+00 -1.115349659388255610e+01
-3.615786578657866013e+00 -1.115184663185809377e+01
-3.615181518151815432e+00 -1.115019665432547846e+01
-3.614576457645764407e+00 -1.114854666131532213e+01
-3.613971397139713826e+00 -1.114689665285825271e+01
-3.613366336633663245e+00 -1.114524662898489282e+01
-3.612761276127612664e+00 -1.114359658972586331e+01
-3.612156215621562083e+00 -1.114194653511178146e+01
-3.611551155115511502e+00 -1.114029646517327521e+01
-3.610946094609460921e+00 -1.113864637994096185e+01
-3.610341034103410340e+00 -1.113699627944545867e+01
-3.609735973597359759e+00 -1.113534616371739361e+01
-3.609130913091309178e+00 -1.113369603278738573e+01
-3.608525852585258598e+00 -1.113204588668605943e+01
-3.607920792079208017e+00 -1.113039572544403200e+01
-3.607315731573157436e+00 -1.112874554909192426e+01
-3.606710671067106855e+00 -1.112709535766035707e+01
-3.606105610561056274e+00 -1.112544515117996191e+01
-3.605500550055005693e+00 -1.112379492968134187e+01
-3.604895489548955112e+00 -1.112214469319513555e+01
-3.604290429042904087e+00 -1.112049444175195489e+01
-3.603685368536853950e+00 -1.111884417538242609e+01
-3.603080308030802925e+00 -1.111719389411716641e+01
-3.602475247524752344e+00 -1.111554359798679847e+01
-3.601870187018701763e+00 -1.111389328702194668e+01
-3.601265126512651182e+00 -1.111224296125322830e+01
-3.600660066006600601e+00 -1.111059262071126774e+01
-3.600055005500550021e+00 -1.110894226542668584e+01
-3.599449944994499440e+00 -1.110729189543009809e+01
-3.598844884488448859e+00 -1.110564151075213424e+01
-3.598239823982398278e+00 -1.110399111142341155e+01
-3.597634763476347697e+00 -1.110234069747455266e+01
-3.597029702970297116e+00 -1.110069026893617661e+01
-3.596424642464246535e+00 -1.109903982583891313e+01
-3.595819581958195954e+00 -1.109738936821337063e+01
-3.595214521452145373e+00 -1.109573889609017705e+01
-3.594609460946094792e+00 -1.109408840949995323e+01
-3.594004400440044211e+00 -1.109243790847332534e+01
-3.593399339933993630e+00 -1.109078739304090533e+01
-3.592794279427942605e+00 -1.108913686323331760e+01
-3.592189218921892468e+00 -1.108748631908119187e+01
-3.591584158415841443e+00 -1.108583576061514009e+01
-3.590979097909790863e+00 -1.108418518786578844e+01
-3.590374037403740282e+00 -1.108253460086375597e+01
-3.589768976897689701e+00 -1.108088399963966175e+01
-3.589163916391639120e+00 -1.107923338422413018e+01
-3.588558855885588539e+00 -1.107758275464778208e+01
-3.587953795379537958e+00 -1.107593211094124186e+01
-3.587348734873487377e+00 -1.107428145313512502e+01
-3.586743674367436796e+00 -1.107263078126005951e+01
-3.586138613861386215e+00 -1.107098009534666083e+01
-3.585533553355335634e+00 -1.106932939542555339e+01
-3.584928492849285053e+00 -1.106767868152735623e+01
-3.584323432343234472e+00 -1.106602795368269554e+01
-3.583718371837183891e+00 -1.106437721192218682e+01
-3.583113311331133310e+00 -1.106272645627645623e+01
-3.582508250825082730e+00 -1.106107568677611930e+01
-3.581903190319032149e+00 -1.105942490345180040e+01
-3.581298129812981124e+00 -1.105777410633412572e+01
-3.580693069306930987e+00 -1.105612329545371075e+01
-3.580088008800879962e+00 -1.105447247084117812e+01
-3.579482948294829381e+00 -1.105282163252715222e+01
-3.578877887788778800e+00 -1.105117078054224855e+01
-3.578272827282728219e+00 -1.104951991491709506e+01
-3.577667766776677638e+00 -1.104786903568230905e+01
-3.577062706270627057e+00 -1.104621814286851134e+01
-3.576457645764576476e+00 -1.104456723650632277e+01
-3.575852585258525895e+00 -1.104291631662637130e+01
-3.575247524752475314e+00 -1.104126538325926532e+01
-3.574642464246424733e+00 -1.103961443643564522e+01
-3.574037403740374153e+00 -1.103796347618611584e+01
-3.573432343234323572e+00 -1.103631250254130336e+01
-3.572827282728272991e+00 -1.103466151553183039e+01
-3.572222222222222410e+00 -1.103301051518831599e+01
-3.571617161716171829e+00 -1.103135950154138989e+01
-3.571012101210121248e+00 -1.102970847462166226e+01
-3.570407040704070667e+00 -1.102805743445976105e+01
-3.569801980198019642e+00 -1.102640638108630355e+01
-3.569196919691969061e+00 -1.102475531453191770e+01
-3.568591859185918480e+00 -1.102310423482721546e+01
-3.567986798679867899e+00 -1.102145314200283011e+01
-3.567381738173817318e+00 -1.101980203608936826e+01
-3.566776677667766737e+00 -1.101815091711746319e+01
-3.566171617161716156e+00 -1.101649978511773398e+01
-3.565566556655665575e+00 -1.101484864012079434e+01
-3.564961496149614995e+00 -1.101319748215727934e+01
-3.564356435643564414e+00 -1.101154631125779737e+01
-3.563751375137513833e+00 -1.100989512745297461e+01
-3.563146314631463252e+00 -1.100824393077343544e+01
-3.562541254125412671e+00 -1.100659272124979715e+01
-3.561936193619362090e+00 -1.100494149891268414e+01
-3.561331133113311509e+00 -1.100329026379271369e+01
-3.560726072607260928e+00 -1.100163901592051197e+01
-3.560121012101210347e+00 -1.099998775532669626e+01
-3.559515951595159322e+00 -1.099833648204189274e+01
-3.558910891089109185e+00 -1.099668519609671691e+01
-3.558305830583058160e+00 -1.099503389752179494e+01
-3.557700770077007579e+00 -1.099338258634774412e+01
-3.557095709570956998e+00 -1.099173126260518529e+01
-3.556490649064906417e+00 -1.099007992632474995e+01
-3.555885588558855837e+00 -1.098842857753704649e+01
-3.555280528052805256e+00 -1.098677721627270465e+01
-3.554675467546754675e+00 -1.098512584256233993e+01
-3.554070407040704094e+00 -1.098347445643658205e+01
-3.553465346534653513e+00 -1.098182305792603763e+01
-3.552860286028602932e+00 -1.098017164706134707e+01
-3.552255225522552351e+00 -1.097852022387311699e+01
-3.551650165016501770e+00 -1.097686878839197178e+01
-3.551045104510451189e+00 -1.097521734064853760e+01
-3.550440044004400608e+00 -1.097356588067343530e+01
-3.549834983498350027e+00 -1.097191440849728039e+01
-3.549229922992299446e+00 -1.097026292415069904e+01
-3.548624862486248865e+00 -1.096861142766431385e+01
-3.548019801980197840e+00 -1.096695991906873857e+01
-3.547414741474147704e+00 -1.096530839839460647e+01
-3.546809680968096679e+00 -1.096365686567252418e+01
-3.546204620462046098e+00 -1.096200532093312674e+01
-3.545599559955995517e+00 -1.096035376420702789e+01
-3.544994499449944936e+00 -1.095870219552485025e+01
-3.544389438943894355e+00 -1.095705061491721999e+01
-3.543784378437843774e+00 -1.095539902241474906e+01
-3.543179317931793193e+00 -1.095374741804806717e+01
-3.542574257425742612e+00 -1.095209580184778986e+01
-3.541969196919692031e+00 -1.095044417384454505e+01
-3.541364136413641450e+00 -1.094879253406894648e+01
-3.540759075907590869e+00 -1.094714088255162210e+01
-3.540154015401540288e+00 -1.094548921932319097e+01
-3.539548954895489707e+00 -1.094383754441427214e+01
-3.538943894389439127e+00 -1.094218585785549180e+01
-3.538338833883388546e+00 -1.094053415967746190e+01
-3.537733773377337965e+00 -1.093888244991081926e+01
-3.537128712871287384e+00 -1.093723072858616696e+01
-3.536523652365236359e+00 -1.093557899573414005e+01
-3.535918591859185778e+00 -1.093392725138535759e+01
-3.535313531353135197e+00 -1.093227549557043687e+01
-3.534708470847084616e+00 -1.093062372832000229e+01
-3.534103410341034035e+00 -1.092897194966467111e+01
-3.533498349834983454e+00 -1.092732015963507131e+01
-3.532893289328932873e+00 -1.092566835826181659e+01
-3.532288228822882292e+00 -1.092401654557553670e+01
-3.531683168316831711e+00 -1.092236472160684535e+01
-3.531078107810781130e+00 -1.092071288638637050e+01
-3.530473047304730549e+00 -1.091906103994472765e+01
-3.529867986798679969e+00 -1.091740918231254120e+01
-3.529262926292629388e+00 -1.091575731352043199e+01
-3.528657865786578807e+00 -1.091410543359902441e+01
-3.528052805280528226e+00 -1.091245354257893041e+01
-3.527447744774477645e+00 -1.091080164049078682e+01
-3.526842684268427064e+00 -1.090914972736519850e+01
-3.526237623762376039e+00 -1.090749780323279516e+01
-3.525632563256325902e+00 -1.090584586812420298e+01
-3.525027502750274877e+00 -1.090419392207002858e+01
-3.524422442244224296e+00 -1.090254196510090878e+01
-3.523817381738173715e+00 -1.090088999724746088e+01
-3.523212321232123134e+00 -1.089923801854030216e+01
-3.522607260726072553e+00 -1.089758602901005347e+01
-3.522002200220021972e+00 -1.089593402868733563e+01
-3.521397139713971391e+00 -1.089428201760278014e+01
-3.520792079207920811e+00 -1.089262999578699542e+01
-3.520187018701870230e+00 -1.089097796327061118e+01
-3.519581958195819649e+00 -1.088932592008424827e+01
-3.518976897689769068e+00 -1.088767386625852218e+01
-3.518371837183718487e+00 -1.088602180182405732e+01
-3.517766776677667906e+00 -1.088436972681147807e+01
-3.517161716171617325e+00 -1.088271764125140528e+01
-3.516556655665566744e+00 -1.088106554517445268e+01
-3.515951595159516163e+00 -1.087941343861125354e+01
-3.515346534653465582e+00 -1.087776132159241982e+01
-3.514741474147414557e+00 -1.087610919414857413e+01
-3.514136413641364420e+00 -1.087445705631034620e+01
-3.513531353135313395e+00 -1.087280490810834443e+01
-3.512926292629262814e+00 -1.087115274957320210e+01
-3.512321232123212233e+00 -1.086950058073553294e+01
-3.511716171617161653e+00 -1.086784840162596133e+01
-3.511111111111111072e+00 -1.086619621227510457e+01
-3.510506050605060491e+00 -1.086454401271359416e+01
-3.509900990099009910e+00 -1.086289180297204027e+01
-3.509295929592959329e+00 -1.086123958308106552e+01
-3.508690869086908748e+00 -1.085958735307130141e+01
-3.508085808580858167e+00 -1.085793511297335812e+01
-3.507480748074807586e+00 -1.085628286281786536e+01
-3.506875687568757005e+00 -1.085463060263543689e+01
-3.506270627062706424e+00 -1.085297833245669707e+01
-3.505665566556655843e+00 -1.085132605231227210e+01
-3.505060506050605262e+00 -1.084967376223277213e+01
-3.504455445544554681e+00 -1.084802146224883046e+01
-3.503850385038504101e+00 -1.084636915239106258e+01
-3.503245324532453076e+00 -1.084471683269009112e+01
-3.502640264026402939e+00 -1.084306450317653514e+01
-3.502035203520351914e+00 -1.084141216388101725e+01
-3.501430143014301333e+00 -1.083975981483416362e+01
-3.500825082508250752e+00 -1.083810745606658799e+01
-3.500220022002200171e+00 -1.083645508760891296e+01
-3.499614961496149590e+00 -1.083480270949177005e+01
-3.499009900990099009e+00 -1.083315032174576586e+01
-3.498404840484048428e+00 -1.083149792440153192e+01
-3.497799779977997847e+00 -1.082984551748968549e+01
-3.497194719471947266e+00 -1.082819310104084742e+01
-3.496589658965896685e+00 -1.082654067508564211e+01
-3.495984598459846104e+00 -1.082488823965468683e+01
-3.495379537953795523e+00 -1.082323579477860775e+01
-3.494774477447744943e+00 -1.082158334048802040e+01
-3.494169416941694362e+00 -1.081993087681355448e+01
-3.493564356435643781e+00 -1.081827840378582550e+01
-3.492959295929592756e+00 -1.081662592143545076e+01
-3.492354235423542619e+00 -1.081497342979306175e+01
-3.491749174917491594e+00 -1.081332092888927221e+01
-3.491144114411441457e+00 -1.081166841875470652e+01
-3.490539053905390432e+00 -1.081001589941998375e+01
-3.489933993399339851e+00 -1.080836337091573185e+01
-3.489328932893289270e+00 -1.080671083327256099e+01
-3.488723872387238689e+00 -1.080505828652110445e+01
-3.488118811881188108e+00 -1.080340573069197596e+01
-3.487513751375137527e+00 -1.080175316581579281e+01
-3.486908690869086946e+00 -1.080010059192319183e+01
-3.486303630363036365e+00 -1.079844800904478141e+01
-3.485698569856985785e+00 -1.079679541721118596e+01
-3.485093509350935204e+00 -1.079514281645302809e+01
-3.484488448844884623e+00 -1.079349020680092863e+01
-3.483883388338834042e+00 -1.079183758828550843e+01
-3.483278327832783461e+00 -1.079018496093738833e+01
-3.482673267326732880e+00 -1.078853232478719271e+01
-3.482068206820682299e+00 -1.078687967986554064e+01
-3.481463146314631274e+00 -1.078522702620304941e+01
-3.480858085808581137e+00 -1.078357436383035228e+01
-3.480253025302530112e+00 -1.078192169277805768e+01
-3.479647964796479975e+00 -1.078026901307679175e+01
-3.479042904290428950e+00 -1.077861632475717713e+01
-3.478437843784378369e+00 -1.077696362784983464e+01
-3.477832783278327788e+00 -1.077531092238538690e+01
-3.477227722772277207e+00 -1.077365820839445298e+01
-3.476622662266226627e+00 -1.077200548590765550e+01
-3.476017601760176046e+00 -1.077035275495561351e+01
-3.475412541254125465e+00 -1.076870001556895318e+01
-3.474807480748074884e+00 -1.076704726777829002e+01
-3.474202420242024303e+00 -1.076539451161425198e+01
-3.473597359735973722e+00 -1.076374174710745280e+01
-3.472992299229923141e+00 -1.076208897428851863e+01
-3.472387238723872560e+00 -1.076043619318807387e+01
-3.471782178217821979e+00 -1.075878340383673404e+01
-3.471177117711771398e+00 -1.075713060626512174e+01
-3.470572057205720817e+00 -1.075547780050385605e+01
-3.469966996699669792e+00 -1.075382498658356312e+01
-3.469361936193619655e+00 -1.075217216453486557e+01
-3.468756875687568630e+00 -1.075051933438837892e+01
-3.468151815181518050e+00 -1.074886649617472933e+01
-3.467546754675467469e+00 -1.074721364992453587e+01
-3.466941694169416888e+00 -1.074556079566841760e+01
-3.466336633663366307e+00 -1.074390793343699890e+01
-3.465731573157315726e+00 -1.074225506326090418e+01
-3.465126512651265145e+00 -1.074060218517075072e+01
-3.464521452145214564e+00 -1.073894929919715757e+01
-3.463916391639163983e+00 -1.073729640537075092e+01
-3.463311331133113402e+00 -1.073564350372215337e+01
-3.462706270627062821e+00 -1.073399059428197866e+01
-3.462101210121012240e+00 -1.073233767708085473e+01
-3.461496149614961659e+00 -1.073068475214940065e+01
-3.460891089108911078e+00 -1.072903181951823726e+01
-3.460286028602860497e+00 -1.072737887921798894e+01
-3.459680968096809472e+00 -1.072572593127927121e+01
-3.459075907590759336e+00 -1.072407297573271201e+01
-3.458470847084708311e+00 -1.072242001260892685e+01
-3.457865786578658174e+00 -1.072076704193854368e+01
-3.457260726072607149e+00 -1.071911406375217624e+01
-3.456655665566556568e+00 -1.071746107808045068e+01
-3.456050605060505987e+00 -1.071580808495398962e+01
-3.455445544554455406e+00 -1.071415508440340858e+01
-3.454840484048404825e+00 -1.071250207645933905e+01
-3.454235423542354244e+00 -1.071084906115238944e+01
-3.453630363036303663e+00 -1.070919603851319302e+01
-3.453025302530253082e+00 -1.070754300857236530e+01
-3.452420242024202501e+00 -1.070588997136052356e+01
-3.451815181518151920e+00 -1.070423692690829931e+01
-3.451210121012101339e+00 -1.070258387524630450e+01
-3.450605060506050759e+00 -1.070093081640516530e+01
-3.450000000000000178e+00 -1.069927775041550255e+01
-3.449394939493949597e+00 -1.069762467730793531e+01
-3.448789878987899016e+00 -1.069597159711308976e+01
-3.448184818481847991e+00 -1.069431850986158139e+01
-3.447579757975797854e+00 -1.069266541558403638e+01
-3.446974697469746829e+00 -1.069101231431107024e+01
-3.446369636963696692e+00 -1.068935920607331447e+01
-3.445764576457645667e+00 -1.068770609090138102e+01
-3.445159515951595086e+00 -1.068605296882589428e+01
-3.444554455445544505e+00 -1.068439983987747688e+01
-3.443949394939493924e+00 -1.068274670408675142e+01
-3.443344334433443343e+00 -1.068109356148433164e+01
-3.442739273927392762e+00 -1.067944041210084904e+01
-3.442134213421342182e+00 -1.067778725596691736e+01
-3.441529152915291601e+00 -1.067613409311316275e+01
-3.440924092409241020e+00 -1.067448092357020606e+01
-3.440319031903190439e+00 -1.067282774736866102e+01
-3.439713971397139858e+00 -1.067117456453915914e+01
-3.439108910891089277e+00 -1.066952137511231946e+01
-3.438503850385038696e+00 -1.066786817911875751e+01
-3.437898789878988115e+00 -1.066621497658910300e+01
-3.437293729372937534e+00 -1.066456176755396967e+01
-3.436688668866886509e+00 -1.066290855204398369e+01
-3.436083608360836372e+00 -1.066125533008976589e+01
-3.435478547854785347e+00 -1.065960210172193712e+01
-3.434873487348735210e+00 -1.065794886697111643e+01
-3.434268426842684185e+00 -1.065629562586792822e+01
-3.433663366336633604e+00 -1.065464237844299511e+01
-3.433058305830583024e+00 -1.065298912472693438e+01
-3.432453245324532443e+00 -1.065133586475036687e+01
-3.431848184818481862e+00 -1.064968259854392052e+01
-3.431243124312431281e+00 -1.064802932613821085e+01
-3.430638063806380700e+00 -1.064637604756385869e+01
-3.430033003300330119e+00 -1.064472276285149199e+01
-3.429427942794279538e+00 -1.064306947203172271e+01
-3.428822882288228957e+00 -1.064141617513518234e+01
-3.428217821782178376e+00 -1.063976287219248285e+01
-3.427612761276127795e+00 -1.063810956323424861e+01
-3.427007700770077214e+00 -1.063645624829110758e+01
-3.426402640264026189e+00 -1.063480292739366995e+01
-3.425797579757976052e+00 -1.063314960057256542e+01
-3.425192519251925027e+00 -1.063149626785841662e+01
-3.424587458745874891e+00 -1.062984292928183727e+01
-3.423982398239823866e+00 -1.062818958487345000e+01
-3.423377337733773285e+00 -1.062653623466388275e+01
-3.422772277227722704e+00 -1.062488287868375458e+01
-3.422167216721672123e+00 -1.062322951696368278e+01
-3.421562156215621542e+00 -1.062157614953428997e+01
-3.420957095709570961e+00 -1.061992277642620053e+01
-3.420352035203520380e+00 -1.061826939767002997e+01
-3.419746974697469799e+00 -1.061661601329640980e+01
-3.419141914191419218e+00 -1.061496262333595375e+01
-3.418536853685368637e+00 -1.061330922781928088e+01
-3.417931793179318056e+00 -1.061165582677701913e+01
-3.417326732673267475e+00 -1.061000242023978579e+01
-3.416721672167216894e+00 -1.060834900823820703e+01
-3.416116611661166313e+00 -1.060669559080289481e+01
-3.415511551155115733e+00 -1.060504216796448063e+01
-3.414906490649064708e+00 -1.060338873975358176e+01
-3.414301430143014571e+00 -1.060173530620081372e+01
-3.413696369636963546e+00 -1.060008186733680979e+01
-3.413091309130913409e+00 -1.059842842319218370e+01
-3.412486248624862384e+00 -1.059677497379755806e+01
-3.411881188118811803e+00 -1.059512151918355194e+01
-3.411276127612761222e+00 -1.059346805938078973e+01
-3.410671067106710641e+00 -1.059181459441989759e+01
-3.410066006600660060e+00 -1.059016112433148393e+01
-3.409460946094609479e+00 -1.058850764914618203e+01
-3.408855885588558898e+00 -1.058685416889460917e+01
-3.408250825082508317e+00 -1.058520068360738442e+01
-3.407645764576457736e+00 -1.058354719331513216e+01
-3.407040704070407156e+00 -1.058189369804847502e+01
-3.406435643564356575e+00 -1.058024019783802672e+01
-3.405830583058305994e+00 -1.057858669271441698e+01
-3.405225522552255413e+00 -1.057693318270826488e+01
-3.404620462046204832e+00 -1.057527966785019125e+01
-3.404015401540154251e+00 -1.057362614817081337e+01
-3.403410341034103226e+00 -1.057197262370076096e+01
-3.402805280528053089e+00 -1.057031909447065132e+01
-3.402200220022002064e+00 -1.056866556051109995e+01
-3.401595159515951927e+00 -1.056701202185274013e+01
-3.400990099009900902e+00 -1.056535847852618382e+01
-3.400385038503850321e+00 -1.056370493056205717e+01
-3.399779977997799740e+00 -1.056205137799097571e+01
-3.399174917491749159e+00 -1.056039782084356915e+01
-3.398569856985698578e+00 -1.055874425915045123e+01
-3.397964796479647998e+00 -1.055709069294224989e+01
-3.397359735973597417e+00 -1.055543712224958242e+01
-3.396754675467546836e+00 -1.055378354710306965e+01
-3.396149614961496255e+00 -1.055212996753333243e+01
-3.395544554455445674e+00 -1.055047638357099693e+01
-3.394939493949395093e+00 -1.054882279524668043e+01
-3.394334433443344512e+00 -1.054716920259100732e+01
-3.393729372937293931e+00 -1.054551560563459489e+01
-3.393124312431243350e+00 -1.054386200440806753e+01
-3.392519251925192769e+00 -1.054220839894204609e+01
-3.391914191419141744e+00 -1.054055478926715139e+01
-3.391309130913091607e+00 -1.053890117541400429e+01
-3.390704070407040582e+00 -1.053724755741322738e+01
-3.390099009900990001e+00 -1.053559393529543975e+01
-3.389493949394939420e+00 -1.053394030909126933e+01
-3.388888888888888840e+00 -1.053228667883132630e+01
-3.388283828382838259e+00 -1.053063304454624216e+01
-3.387678767876787678e+00 -1.052897940626663775e+01
-3.387073707370737097e+00 -1.052732576402312681e+01
-3.386468646864686516e+00 -1.052567211784633372e+01
-3.385863586358635935e+00 -1.052401846776688643e+01
-3.385258525852585354e+00 -1.052236481381539512e+01
-3.384653465346534773e+00 -1.052071115602249129e+01
-3.384048404840484192e+00 -1.051905749441879223e+01
-3.383443344334433611e+00 -1.051740382903491522e+01
-3.382838283828383030e+00 -1.051575015990148998e+01
-3.382233223322332449e+00 -1.051409648704913202e+01
-3.381628162816281424e+00 -1.051244281050846219e+01
-3.381023102310231288e+00 -1.051078913031010842e+01
-3.380418041804180262e+00 -1.050913544648468267e+01
-3.379812981298130126e+00 -1.050748175906281645e+01
-3.379207920792079101e+00 -1.050582806807511993e+01
-3.378602860286028520e+00 -1.050417437355222283e+01
-3.377997799779977939e+00 -1.050252067552474422e+01
-3.377392739273927358e+00 -1.050086697402330493e+01
-3.376787678767876777e+00 -1.049921326907852759e+01
-3.376182618261826196e+00 -1.049755956072103302e+01
-3.375577557755775615e+00 -1.049590584898144385e+01
-3.374972497249725034e+00 -1.049425213389037381e+01
-3.374367436743674453e+00 -1.049259841547845440e+01
-3.373762376237623872e+00 -1.049094469377630112e+01
-3.373157315731573291e+00 -1.048929096881454015e+01
-3.372552255225522710e+00 -1.048763724062378522e+01
-3.371947194719472130e+00 -1.048598350923466604e+01
-3.371342134213421549e+00 -1.048432977467779814e+01
-3.370737073707370968e+00 -1.048267603698380768e+01
-3.370132013201319943e+00 -1.048102229618331016e+01
-3.369526952695269806e+00 -1.047936855230693176e+01
-3.368921892189218781e+00 -1.047771480538529332e+01
-3.368316831683168644e+00 -1.047606105544901389e+01
-3.367711771177117619e+00 -1.047440730252871433e+01
-3.367106710671067038e+00 -1.047275354665501901e+01
-3.366501650165016457e+00 -1.047109978785854878e+01
-3.365896589658965876e+00 -1.046944602616992448e+01
-3.365291529152915295e+00 -1.046779226161976339e+01
-3.364686468646864714e+00 -1.046613849423869347e+01
-3.364081408140814133e+00 -1.046448472405733376e+01
-3.363476347634763552e+00 -1.046283095110630512e+01
-3.362871287128712972e+00 -1.046117717541622660e+01
-3.362266226622662391e+00 -1.045952339701772438e+01
-3.361661166116611810e+00 -1.045786961594141395e+01
-3.361056105610561229e+00 -1.045621583221792328e+01
-3.360451045104510648e+00 -1.045456204587786786e+01
-3.359845984598460067e+00 -1.045290825695187209e+01
-3.359240924092409486e+00 -1.045125446547056036e+01
-3.358635863586358461e+00 -1.044960067146454818e+01
-3.358030803080308324e+00 -1.044794687496445995e+01
-3.357425742574257299e+00 -1.044629307600091650e+01
-3.356820682068207162e+00 -1.044463927460454045e+01
-3.356215621562156137e+00 -1.044298547080594552e+01
-3.355610561056105556e+00 -1.044133166463576501e+01
-3.355005500550054975e+00 -1.043967785612461263e+01
-3.354400440044004394e+00 -1.043802404530311456e+01
-3.353795379537953814e+00 -1.043637023220188809e+01
-3.353190319031903233e+00 -1.043471641685155404e+01
-3.352585258525852652e+00 -1.043306259928273505e+01
-3.351980198019802071e+00 -1.043140877952605372e+01
-3.351375137513751490e+00 -1.042975495761213622e+01
-3.350770077007700909e+00 -1.042810113357159096e+01
-3.350165016501650328e+00 -1.042644730743505121e+01
-3.349559955995599747e+00 -1.042479347923313249e+01
-3.348954895489549166e+00 -1.042313964899645740e+01
-3.348349834983498585e+00 -1.042148581675564678e+01
-3.347744774477448004e+00 -1.041983198254132326e+01
-3.347139713971396979e+00 -1.041817814638410766e+01
-3.346534653465346842e+00 -1.041652430831462439e+01
-3.345929592959295817e+00 -1.041487046836348540e+01
-3.345324532453245236e+00 -1.041321662656132219e+01
-3.344719471947194656e+00 -1.041156278293875204e+01
-3.344114411441144075e+00 -1.040990893752639579e+01
-3.343509350935093494e+00 -1.040825509035487784e+01
-3.342904290429042913e+00 -1.040660124145481547e+01
-3.342299229922992332e+00 -1.040494739085683129e+01
-3.341694169416941751e+00 -1.040329353859154793e+01
-3.341089108910891170e+00 -1.040163968468958622e+01
-3.340484048404840589e+00 -1.039998582918156700e+01
-3.339878987898790008e+00 -1.039833197209811289e+01
-3.339273927392739427e+00 -1.039667811346984294e+01
-3.338668866886688846e+00 -1.039502425332738156e+01
-3.338063806380638265e+00 -1.039337039170134958e+01
-3.337458745874587684e+00 -1.039171652862236783e+01
-3.336853685368536659e+00 -1.039006266412104829e+01
-3.336248624862486523e+00 -1.038840879822803132e+01
-3.335643564356435498e+00 -1.038675493097392355e+01
-3.335038503850385361e+00 -1.038510106238935116e+01
-3.334433443344334336e+00 -1.038344719250493675e+01
-3.333828382838283755e+00 -1.038179332135130117e+01
-3.333223322332233174e+00 -1.038013944895906171e+01
-3.332618261826182593e+00 -1.037848557535884453e+01
-3.332013201320132012e+00 -1.037683170058127402e+01
-3.331408140814081431e+00 -1.037517782465696037e+01
-3.330803080308030850e+00 -1.037352394761653152e+01
-3.330198019801980269e+00 -1.037187006949061008e+01
-3.329592959295929688e+00 -1.037021619030981689e+01
-3.328987898789879107e+00 -1.036856231010477281e+01
-3.328382838283828526e+00 -1.036690842890609687e+01
-3.327777777777777946e+00 -1.036525454674441349e+01
-3.327172717271727365e+00 -1.036360066365034527e+01
-3.326567656765676784e+00 -1.036194677965450950e+01
-3.325962596259626203e+00 -1.036029289478752879e+01
-3.325357535753575178e+00 -1.035863900908002044e+01
-3.324752475247525041e+00 -1.035698512256261949e+01
-3.324147414741474016e+00 -1.035533123526593435e+01
-3.323542354235423879e+00 -1.035367734722058763e+01
-3.322937293729372854e+00 -1.035202345845720728e+01
-3.322332233223322273e+00 -1.035036956900641059e+01
-3.321727172717271692e+00 -1.034871567889881661e+01
-3.321122112211221111e+00 -1.034706178816505151e+01
-3.320517051705170530e+00 -1.034540789683573259e+01
-3.319911991199119949e+00 -1.034375400494148245e+01
-3.319306930693069368e+00 -1.034210011251292549e+01
-3.318701870187018788e+00 -1.034044621958067900e+01
-3.318096809680968207e+00 -1.033879232617536381e+01
-3.317491749174917626e+00 -1.033713843232760787e+01
-3.316886688668867045e+00 -1.033548453806802314e+01
-3.316281628162816464e+00 -1.033383064342723756e+01
-3.315676567656765883e+00 -1.033217674843587375e+01
-3.315071507150715302e+00 -1.033052285312454721e+01
-3.314466446644664721e+00 -1.032886895752388234e+01
-3.313861386138613696e+00 -1.032721506166449643e+01
-3.313256325632563559e+00 -1.032556116557702275e+01
-3.312651265126512534e+00 -1.032390726929206792e+01
-3.312046204620462397e+00 -1.032225337284026523e+01
-3.311441144114411372e+00 -1.032059947625222840e+01
-3.310836083608360791e+00 -1.031894557955858183e+01
-3.310231023102310211e+00 -1.031729168278994813e+01
-3.309625962596259630e+00 -1.031563778597694458e+01
-3.309020902090209049e+00 -1.031398388915019382e+01
-3.308415841584158468e+00 -1.031232999234031844e+01
-3.307810781078107887e+00 -1.031067609557794285e+01
-3.307205720572057306e+00 -1.030902219889368254e+01
-3.306600660066006725e+00 -1.030736830231816192e+01
-3.305995599559956144e+00 -1.030571440588200183e+01
-3.305390539053905563e+00 -1.030406050961582665e+01
-3.304785478547854982e+00 -1.030240661355025011e+01
-3.304180418041804401e+00 -1.030075271771589840e+01
-3.303575357535753376e+00 -1.029909882214339589e+01
-3.302970297029703239e+00 -1.029744492686336166e+01
-3.302365236523652214e+00 -1.029579103190641298e+01
-3.301760176017602078e+00 -1.029413713730317426e+01
-3.301155115511551053e+00 -1.029248324308426987e+01
-3.300550055005500472e+00 -1.029082934928031712e+01
-3.299944994499449891e+00 -1.028917545592193861e+01
-3.299339933993399310e+00 -1.028752156303975340e+01
-3.298734873487348729e+00 -1.028586767066438945e+01
-3.298129812981298148e+00 -1.028421377882645871e+01
-3.297524752475247567e+00 -1.028255988755659089e+01
-3.296919691969196986e+00 -1.028090599688540507e+01
-3.296314631463146405e+00 -1.027925210684351853e+01
-3.295709570957095824e+00 -1.027759821746156277e+01
-3.295104510451045243e+00 -1.027594432877014441e+01
-3.294499449944994662e+00 -1.027429044079989673e+01
-3.293894389438944081e+00 -1.027263655358143346e+01
-3.293289328932893500e+00 -1.027098266714538610e+01
-3.292684268426842920e+00 -1.026932878152236128e+01
-3.292079207920791895e+00 -1.026767489674299227e+01
-3.291474147414741758e+00 -1.026602101283789814e+01
-3.290869086908690733e+00 -1.026436712983769439e+01
-3.290264026402640596e+00 -1.026271324777301253e+01
-3.289658965896589571e+00 -1.026105936667446450e+01
-3.289053905390538990e+00 -1.025940548657267470e+01
-3.288448844884488409e+00 -1.025775160749826576e+01
-3.287843784378437828e+00 -1.025609772948185849e+01
-3.287238723872387247e+00 -1.025444385255407553e+01
-3.286633663366336666e+00 -1.025278997674553416e+01
-3.286028602860286085e+00 -1.025113610208686232e+01
-3.285423542354235504e+00 -1.024948222860867553e+01
-3.284818481848184923e+00 -1.024782835634159639e+01
-3.284213421342134342e+00 -1.024617448531624575e+01
-3.283608360836083762e+00 -1.024452061556324978e+01
-3.283003300330033181e+00 -1.024286674711322398e+01
-3.282398239823982600e+00 -1.024121287999678920e+01
-3.281793179317932019e+00 -1.023955901424457693e+01
-3.281188118811881438e+00 -1.023790514988719558e+01
-3.280583058305830413e+00 -1.023625128695527131e+01
-3.279977997799780276e+00 -1.023459742547943208e+01
-3.279372937293729251e+00 -1.023294356549028628e+01
-3.278767876787679114e+00 -1.023128970701846896e+01
-3.278162816281628089e+00 -1.022963585009458853e+01
-3.277557755775577508e+00 -1.022798199474928005e+01
-3.276952695269526927e+00 -1.022632814101315191e+01
-3.276347634763476346e+00 -1.022467428891683383e+01
-3.275742574257425765e+00 -1.022302043849094488e+01
-3.275137513751375185e+00 -1.022136658976610413e+01
-3.274532453245324604e+00 -1.021971274277293595e+01
-3.273927392739274023e+00 -1.021805889754206120e+01
-3.273322332233223442e+00 -1.021640505410410071e+01
-3.272717271727172861e+00 -1.021475121248967710e+01
-3.272112211221122280e+00 -1.021309737272940943e+01
-3.271507150715071699e+00 -1.021144353485391676e+01
-3.270902090209021118e+00 -1.020978969889382881e+01
-3.270297029702970537e+00 -1.020813586487975932e+01
-3.269691969196919956e+00 -1.020648203284233269e+01
-3.269086908690868931e+00 -1.020482820281216796e+01
-3.268481848184818794e+00 -1.020317437481989487e+01
-3.267876787678767769e+00 -1.020152054889612359e+01
-3.267271727172717188e+00 -1.019986672507147674e+01
-3.266666666666666607e+00 -1.019821290337658581e+01
-3.266061606160616027e+00 -1.019655908384206100e+01
-3.265456545654565446e+00 -1.019490526649853024e+01
-3.264851485148514865e+00 -1.019325145137661259e+01
-3.264246424642464284e+00 -1.019159763850692890e+01
-3.263641364136413703e+00 -1.018994382792010178e+01
-3.263036303630363122e+00 -1.018829001964675207e+01
-3.262431243124312541e+00 -1.018663621371750239e+01
-3.261826182618261960e+00 -1.018498241016297179e+01
-3.261221122112211379e+00 -1.018332860901378467e+01
-3.260616061606160798e+00 -1.018167481030056010e+01
-3.260011001100110217e+00 -1.018002101405391713e+01
-3.259405940594059636e+00 -1.017836722030447838e+01
-3.258800880088008611e+00 -1.017671342908287180e+01
-3.258195819581958474e+00 -1.017505964041971289e+01
-3.257590759075907449e+00 -1.017340585434561895e+01
-3.256985698569857313e+00 -1.017175207089121969e+01
-3.256380638063806288e+00 -1.017009829008713240e+01
-3.255775577557755707e+00 -1.016844451196397792e+01
-3.255170517051705126e+00 -1.016679073655237886e+01
-3.254565456545654545e+00 -1.016513696388295784e+01
-3.253960396039603964e+00 -1.016348319398633393e+01
-3.253355335533553383e+00 -1.016182942689312796e+01
-3.252750275027502802e+00 -1.016017566263396610e+01
-3.252145214521452221e+00 -1.015852190123946563e+01
-3.251540154015401640e+00 -1.015686814274024563e+01
-3.250935093509351059e+00 -1.015521438716693226e+01
-3.250330033003300478e+00 -1.015356063455014457e+01
-3.249724972497249897e+00 -1.015190688492050519e+01
-3.249119911991199317e+00 -1.015025313830863318e+01
-3.248514851485148736e+00 -1.014859939474515116e+01
-3.247909790979098155e+00 -1.014694565426068174e+01
-3.247304730473047130e+00 -1.014529191688584397e+01
-3.246699669966996993e+00 -1.014363818265126405e+01
-3.246094609460945968e+00 -1.014198445158755568e+01
-3.245489548954895831e+00 -1.014033072372534683e+01
-3.244884488448844806e+00 -1.013867699909525300e+01
-3.244279427942794225e+00 -1.013702327772790035e+01
-3.243674367436743644e+00 -1.013536955965390973e+01
-3.243069306930693063e+00 -1.013371584490390198e+01
-3.242464246424642482e+00 -1.013206213350849794e+01
-3.241859185918591901e+00 -1.013040842549831844e+01
-3.241254125412541320e+00 -1.012875472090398787e+01
-3.240649064906490739e+00 -1.012710101975612353e+01
-3.240044004400440159e+00 -1.012544732208534626e+01
-3.239438943894389578e+00 -1.012379362792228221e+01
-3.238833883388338997e+00 -1.012213993729755046e+01
-3.238228822882288416e+00 -1.012048625024177007e+01
-3.237623762376237835e+00 -1.011883256678556720e+01
-3.237018701870187254e+00 -1.011717888695955914e+01
-3.236413641364136673e+00 -1.011552521079436318e+01
-3.235808580858085648e+00 -1.011387153832061436e+01
-3.235203520352035511e+00 -1.011221786956892288e+01
-3.234598459845984486e+00 -1.011056420456990956e+01
-3.233993399339934349e+00 -1.010891054335420591e+01
-3.233388338833883324e+00 -1.010725688595242211e+01
-3.232783278327832743e+00 -1.010560323239518432e+01
-3.232178217821782162e+00 -1.010394958271311339e+01
-3.231573157315731581e+00 -1.010229593693683015e+01
-3.230968096809681001e+00 -1.010064229509695899e+01
-3.230363036303630420e+00 -1.009898865722412076e+01
-3.229757975797579839e+00 -1.009733502334892918e+01
-3.229152915291529258e+00 -1.009568139350201399e+01
-3.228547854785478677e+00 -1.009402776771399424e+01
-3.227942794279428096e+00 -1.009237414601549432e+01
-3.227337733773377515e+00 -1.009072052843712797e+01
-3.226732673267326934e+00 -1.008906691500951958e+01
-3.226127612761276353e+00 -1.008741330576329709e+01
-3.225522552255225328e+00 -1.008575970072906891e+01
-3.224917491749175191e+00 -1.008410609993747364e+01
-3.224312431243124166e+00 -1.008245250341911969e+01
-3.223707370737074029e+00 -1.008079891120462790e+01
-3.223102310231023004e+00 -1.007914532332462620e+01
-3.222497249724972423e+00 -1.007749173980973545e+01
-3.221892189218921843e+00 -1.007583816069057292e+01
-3.221287128712871262e+00 -1.007418458599775946e+01
-3.220682068206820681e+00 -1.007253101576192122e+01
-3.220077007700770100e+00 -1.007087745001367729e+01
-3.219471947194719519e+00 -1.006922388878365027e+01
-3.218866886688668938e+00 -1.006757033210245744e+01
-3.218261826182618357e+00 -1.006591678000072676e+01
-3.217656765676567776e+00 -1.006426323250907551e+01
-3.217051705170517195e+00 -1.006260968965812275e+01
-3.216446644664466614e+00 -1.006095615147849465e+01
-3.215841584158416033e+00 -1.005930261800080672e+01
-3.215236523652365452e+00 -1.005764908925568868e+01
-3.214631463146314871e+00 -1.005599556527375249e+01
-3.214026402640263846e+00 -1.005434204608562787e+01
-3.213421342134213710e+00 -1.005268853172193033e+01
-3.212816281628162685e+00 -1.005103502221328426e+01
-3.212211221122112548e+00 -1.004938151759031228e+01
-3.211606160616061523e+00 -1.004772801788363168e+01
-3.211001100110010942e+00 -1.004607452312386684e+01
-3.210396039603960361e+00 -1.004442103334163683e+01
-3.209790979097909780e+00 -1.004276754856756426e+01
-3.209185918591859199e+00 -1.004111406883227176e+01
-3.208580858085808618e+00 -1.003946059416637837e+01
-3.207975797579758037e+00 -1.003780712460050673e+01
-3.207370737073707456e+00 -1.003615366016527766e+01
-3.206765676567656875e+00 -1.003450020089131556e+01
-3.206160616061606294e+00 -1.003284674680923771e+01
-3.205555555555555713e+00 -1.003119329794966674e+01
-3.204950495049505133e+00 -1.002953985434322171e+01
-3.204345434543454552e+00 -1.002788641602053055e+01
-3.203740374037403971e+00 -1.002623298301220700e+01
-3.203135313531353390e+00 -1.002457955534887724e+01
-3.202530253025302365e+00 -1.002292613306116031e+01
-3.201925192519252228e+00 -1.002127271617968063e+01
-3.201320132013201203e+00 -1.001961930473505369e+01
-3.200715071507151066e+00 -1.001796589875790922e+01
-3.200110011001100041e+00 -1.001631249827886272e+01
-3.199504950495049460e+00 -1.001465910332853682e+01
-3.198899889988998879e+00 -1.001300571393755234e+01
-3.198294829482948298e+00 -1.001135233013653192e+01
-3.197689768976897717e+00 -1.000969895195609638e+01
-3.197084708470847136e+00 -1.000804557942686479e+01
-3.196479647964796555e+00 -1.000639221257946510e+01
-3.195874587458745975e+00 -1.000473885144451280e+01
-3.195269526952695394e+00 -1.000308549605262876e+01
-3.194664466446644813e+00 -1.000143214643443912e+01
-3.194059405940594232e+00 -9.999778802620557627e+00
-3.193454345434543651e+00 -9.998125464641612226e+00
-3.192849284928493070e+00 -9.996472132528225529e+00
-3.192244224422442489e+00 -9.994818806311011272e+00
-3.191639163916391908e+00 -9.993165486020595623e+00
-3.191034103410340883e+00 -9.991512171687606525e+00
-3.190429042904290746e+00 -9.989858863342654161e+00
-3.189823982398239721e+00 -9.988205561016362921e+00
-3.189218921892189140e+00 -9.986552264739357199e+00
-3.188613861386138559e+00 -9.984898974542256056e+00
-3.188008800880087978e+00 -9.983245690455680332e+00
-3.187403740374037397e+00 -9.981592412510254420e+00
-3.186798679867986817e+00 -9.979939140736597381e+00
-3.186193619361936236e+00 -9.978285875165331831e+00
-3.185588558855885655e+00 -9.976632615827076833e+00
-3.184983498349835074e+00 -9.974979362752458556e+00
-3.184378437843784493e+00 -9.973326115972090733e+00
-3.183773377337733912e+00 -9.971672875516603085e+00
-3.183168316831683331e+00 -9.970019641416607570e+00
-3.182563256325632750e+00 -9.968366413702733908e+00
-3.181958195819582169e+00 -9.966713192405599386e+00
-3.181353135313531588e+00 -9.965059977555830173e+00
-3.180748074807480563e+00 -9.963406769184038225e+00
-3.180143014301430426e+00 -9.961753567320856817e+00
-3.179537953795379401e+00 -9.960100371996897906e+00
-3.178932893289329265e+00 -9.958447183242785883e+00
-3.178327832783278240e+00 -9.956794001089139812e+00
-3.177722772277227659e+00 -9.955140825566587637e+00
-3.177117711771177078e+00 -9.953487656705746645e+00
-3.176512651265126497e+00 -9.951834494537234121e+00
-3.175907590759075916e+00 -9.950181339091678012e+00
-3.175302530253025335e+00 -9.948528190399697380e+00
-3.174697469746974754e+00 -9.946875048491913063e+00
-3.174092409240924173e+00 -9.945221913398947677e+00
-3.173487348734873592e+00 -9.943568785151420286e+00
-3.172882288228823011e+00 -9.941915663779953505e+00
-3.172277227722772430e+00 -9.940262549315166396e+00
-3.171672167216721849e+00 -9.938609441787688681e+00
-3.171067106710671268e+00 -9.936956341228132317e+00
-3.170462046204620687e+00 -9.935303247667119919e+00
-3.169856985698570107e+00 -9.933650161135277656e+00
-3.169251925192519082e+00 -9.931997081663224591e+00
-3.168646864686468945e+00 -9.930344009281579787e+00
-3.168041804180417920e+00 -9.928690944020967635e+00
-3.167436743674367783e+00 -9.927037885912008974e+00
-3.166831683168316758e+00 -9.925384834985322868e+00
-3.166226622662266177e+00 -9.923731791271535485e+00
-3.165621562156215596e+00 -9.922078754801264111e+00
-3.165016501650165015e+00 -9.920425725605131362e+00
-3.164411441144114434e+00 -9.918772703713756300e+00
-3.163806380638063853e+00 -9.917119689157765094e+00
-3.163201320132013272e+00 -9.915466681967773255e+00
-3.162596259625962691e+00 -9.913813682174406949e+00
-3.161991199119912110e+00 -9.912160689808287017e+00
-3.161386138613861529e+00 -9.910507704900032522e+00
-3.160781078107810949e+00 -9.908854727480266078e+00
-3.160176017601760368e+00 -9.907201757579606749e+00
-3.159570957095709787e+00 -9.905548795228682479e+00
-3.158965896589659206e+00 -9.903895840458107003e+00
-3.158360836083608625e+00 -9.902242893298508264e+00
-3.157755775577557600e+00 -9.900589953780501773e+00
-3.157150715071507463e+00 -9.898937021934711922e+00
-3.156545654565456438e+00 -9.897284097791757773e+00
-3.155940594059406301e+00 -9.895631181382263719e+00
-3.155335533553355276e+00 -9.893978272736848822e+00
-3.154730473047304695e+00 -9.892325371886139251e+00
-3.154125412541254114e+00 -9.890672478860748740e+00
-3.153520352035203533e+00 -9.889019593691303456e+00
-3.152915291529152952e+00 -9.887366716408426015e+00
-3.152310231023102371e+00 -9.885713847042733704e+00
-3.151705170517051791e+00 -9.884060985624849138e+00
-3.151100110011001210e+00 -9.882408132185396710e+00
-3.150495049504950629e+00 -9.880755286754991928e+00
-3.149889988998900048e+00 -9.879102449364262739e+00
-3.149284928492849467e+00 -9.877449620043826428e+00
-3.148679867986798886e+00 -9.875796798824307388e+00
-3.148074807480748305e+00 -9.874143985736322904e+00
-3.147469746974697724e+00 -9.872491180810497369e+00
-3.146864686468647143e+00 -9.870838384077448069e+00
-3.146259625962596118e+00 -9.869185595567801172e+00
-3.145654565456545981e+00 -9.867532815312177519e+00
-3.145049504950494956e+00 -9.865880043341194394e+00
-3.144444444444444375e+00 -9.864227279685479743e+00
-3.143839383938393794e+00 -9.862574524375650853e+00
-3.143234323432343214e+00 -9.860921777442326785e+00
-3.142629262926292633e+00 -9.859269038916133709e+00
-3.142024202420242052e+00 -9.857616308827688911e+00
-3.141419141914191471e+00 -9.855963587207620336e+00
-3.140814081408140890e+00 -9.854310874086539940e+00
-3.140209020902090309e+00 -9.852658169495075668e+00
-3.139603960396039728e+00 -9.851005473463848361e+00
-3.138998899889989147e+00 -9.849352786023475304e+00
-3.138393839383938566e+00 -9.847700107204582665e+00
-3.137788778877887985e+00 -9.846047437037787731e+00
-3.137183718371837404e+00 -9.844394775553716670e+00
-3.136578657865786823e+00 -9.842742122782988545e+00
-3.135973597359735798e+00 -9.841089478756217090e+00
-3.135368536853685661e+00 -9.839436843504039132e+00
-3.134763476347634636e+00 -9.837784217057064851e+00
-3.134158415841584500e+00 -9.836131599445920415e+00
-3.133553355335533475e+00 -9.834478990701221335e+00
-3.132948294829482894e+00 -9.832826390853595555e+00
-3.132343234323432313e+00 -9.831173799933663915e+00
-3.131738173817381732e+00 -9.829521217972041924e+00
-3.131133113311331151e+00 -9.827868644999355752e+00
-3.130528052805280570e+00 -9.826216081046228012e+00
-3.129922992299229989e+00 -9.824563526143274217e+00
-3.129317931793179408e+00 -9.822910980321120533e+00
-3.128712871287128827e+00 -9.821258443610387801e+00
-3.128107810781078246e+00 -9.819605916041695082e+00
-3.127502750275027665e+00 -9.817953397645666769e+00
-3.126897689768977084e+00 -9.816300888452923701e+00
-3.126292629262926503e+00 -9.814648388494083164e+00
-3.125687568756875923e+00 -9.812995897799773104e+00
-3.125082508250825342e+00 -9.811343416400609030e+00
-3.124477447744774317e+00 -9.809690944327215334e+00
-3.123872387238724180e+00 -9.808038481610214632e+00
-3.123267326732673155e+00 -9.806386028280224210e+00
-3.122662266226623018e+00 -9.804733584367870236e+00
-3.122057205720571993e+00 -9.803081149903766445e+00
-3.121452145214521412e+00 -9.801428724918544333e+00
-3.120847084708470831e+00 -9.799776309442819411e+00
-3.120242024202420250e+00 -9.798123903507212518e+00
-3.119636963696369669e+00 -9.796471507142346269e+00
-3.119031903190319088e+00 -9.794819120378841504e+00
-3.118426842684268507e+00 -9.793166743247322614e+00
-3.117821782178217926e+00 -9.791514375778403334e+00
-3.117216721672167346e+00 -9.789862018002718713e+00
-3.116611661166116765e+00 -9.788209669950875380e+00
-3.116006600660066184e+00 -9.786557331653501279e+00
-3.115401540154015603e+00 -9.784905003141219026e+00
-3.114796479647965022e+00 -9.783252684444647684e+00
-3.114191419141914441e+00 -9.781600375594409869e+00
-3.113586358635863860e+00 -9.779948076621126418e+00
-3.112981298129812835e+00 -9.778295787555418173e+00
-3.112376237623762698e+00 -9.776643508427909524e+00
-3.111771177117711673e+00 -9.774991239269214205e+00
-3.111166116611661536e+00 -9.773338980109961938e+00
-3.110561056105610511e+00 -9.771686730980770008e+00
-3.109955995599559930e+00 -9.770034491912259256e+00
-3.109350935093509349e+00 -9.768382262935055849e+00
-3.108745874587458768e+00 -9.766730044079775297e+00
-3.108140814081408188e+00 -9.765077835377041993e+00
-3.107535753575357607e+00 -9.763425636857476775e+00
-3.106930693069307026e+00 -9.761773448551700483e+00
-3.106325632563256445e+00 -9.760121270490337508e+00
-3.105720572057205864e+00 -9.758469102704005138e+00
-3.105115511551155283e+00 -9.756816945223320658e+00
-3.104510451045104702e+00 -9.755164798078915567e+00
-3.103905390539054121e+00 -9.753512661301410702e+00
-3.103300330033003540e+00 -9.751860534921416246e+00
-3.102695269526952515e+00 -9.750208418969563695e+00
-3.102090209020902378e+00 -9.748556313476473889e+00
-3.101485148514851353e+00 -9.746904218472760562e+00
-3.100880088008801216e+00 -9.745252133989055210e+00
-3.100275027502750191e+00 -9.743600060055969792e+00
-3.099669966996699610e+00 -9.741947996704132251e+00
-3.099064906490649030e+00 -9.740295943964161651e+00
-3.098459845984598449e+00 -9.738643901866680608e+00
-3.097854785478547868e+00 -9.736991870442306407e+00
-3.097249724972497287e+00 -9.735339849721666994e+00
-3.096644664466446706e+00 -9.733687839735379654e+00
-3.096039603960396125e+00 -9.732035840514061675e+00
-3.095434543454345544e+00 -9.730383852088344554e+00
-3.094829482948294963e+00 -9.728731874488840248e+00
-3.094224422442244382e+00 -9.727079907746174925e+00
-3.093619361936193801e+00 -9.725427951890971201e+00
-3.093014301430143220e+00 -9.723776006953846363e+00
-3.092409240924092639e+00 -9.722124072965423025e+00
-3.091804180418042058e+00 -9.720472149956323804e+00
-3.091199119911991033e+00 -9.718820237957167762e+00
-3.090594059405940897e+00 -9.717168336998581069e+00
-3.089988998899889872e+00 -9.715516447111179232e+00
-3.089383938393839735e+00 -9.713864568325586646e+00
-3.088778877887788710e+00 -9.712212700672424148e+00
-3.088173817381738129e+00 -9.710560844182316131e+00
-3.087568756875687548e+00 -9.708908998885878106e+00
-3.086963696369636967e+00 -9.707257164813738015e+00
-3.086358635863586386e+00 -9.705605341996509594e+00
-3.085753575357535805e+00 -9.703953530464819011e+00
-3.085148514851485224e+00 -9.702301730249288880e+00
-3.084543454345434643e+00 -9.700649941380536490e+00
-3.083938393839384062e+00 -9.698998163889184454e+00
-3.083333333333333481e+00 -9.697346397805857166e+00
-3.082728272827282900e+00 -9.695694643161175463e+00
-3.082123212321232320e+00 -9.694042899985756634e+00
-3.081518151815181739e+00 -9.692391168310221516e+00
-3.080913091309131158e+00 -9.690739448165198056e+00
-3.080308030803080577e+00 -9.689087739581301761e+00
-3.079702970297029552e+00 -9.687436042589158802e+00
-3.079097909790979415e+00 -9.685784357219390017e+00
-3.078492849284928390e+00 -9.684132683502609140e+00
-3.077887788778878253e+00 -9.682481021469444116e+00
-3.077282728272827228e+00 -9.680829371150517559e+00
-3.076677667766776647e+00 -9.679177732576448534e+00
-3.076072607260726066e+00 -9.677526105777856102e+00
-3.075467546754675485e+00 -9.675874490785364657e+00
-3.074862486248624904e+00 -9.674222887629596812e+00
-3.074257425742574323e+00 -9.672571296341169855e+00
-3.073652365236523742e+00 -9.670919716950709955e+00
-3.073047304730473162e+00 -9.669268149488830844e+00
-3.072442244224422581e+00 -9.667616593986162243e+00
-3.071837183718372000e+00 -9.665965050473321440e+00
-3.071232123212321419e+00 -9.664313518980931050e+00
-3.070627062706270838e+00 -9.662661999539610136e+00
-3.070022002200220257e+00 -9.661010492179986642e+00
-3.069416941694169676e+00 -9.659358996932670749e+00
-3.068811881188119095e+00 -9.657707513828293955e+00
-3.068206820682068070e+00 -9.656056042897468217e+00
-3.067601760176017933e+00 -9.654404584170828585e+00
-3.066996699669966908e+00 -9.652753137678981687e+00
-3.066391639163916327e+00 -9.651101703452559022e+00
-3.065786578657865746e+00 -9.649450281522177875e+00
-3.065181518151815165e+00 -9.647798871918460861e+00
-3.064576457645764584e+00 -9.646147474672027045e+00
-3.063971397139714004e+00 -9.644496089813502593e+00
-3.063366336633663423e+00 -9.642844717373503016e+00
-3.062761276127612842e+00 -9.641193357382652707e+00
-3.062156215621562261e+00 -9.639542009871570727e+00
-3.061551155115511680e+00 -9.637890674870885022e+00
-3.060946094609461099e+00 -9.636239352411209325e+00
-3.060341034103410518e+00 -9.634588042523166251e+00
-3.059735973597359937e+00 -9.632936745237381970e+00
-3.059130913091309356e+00 -9.631285460584473768e+00
-3.058525852585258775e+00 -9.629634188595064259e+00
-3.057920792079207750e+00 -9.627982929299772508e+00
-3.057315731573157613e+00 -9.626331682729226458e+00
-3.056710671067106588e+00 -9.624680448914036290e+00
-3.056105610561056452e+00 -9.623029227884838832e+00
-3.055500550055005426e+00 -9.621378019672237158e+00
-3.054895489548954846e+00 -9.619726824306868096e+00
-3.054290429042904265e+00 -9.618075641819347155e+00
-3.053685368536853684e+00 -9.616424472240293397e+00
-3.053080308030803103e+00 -9.614773315600331216e+00
-3.052475247524752522e+00 -9.613122171930077897e+00
-3.051870187018701941e+00 -9.611471041260163162e+00
-3.051265126512651360e+00 -9.609819923621200743e+00
-3.050660066006600779e+00 -9.608168819043815034e+00
-3.050055005500550198e+00 -9.606517727558626873e+00
-3.049449944994499617e+00 -9.604866649196257100e+00
-3.048844884488449036e+00 -9.603215583987328330e+00
-3.048239823982398455e+00 -9.601564531962461402e+00
-3.047634763476347874e+00 -9.599913493152277155e+00
-3.047029702970297294e+00 -9.598262467587396429e+00
-3.046424642464246269e+00 -9.596611455298441840e+00
-3.045819581958196132e+00 -9.594960456316034225e+00
-3.045214521452145107e+00 -9.593309470670796202e+00
-3.044609460946094970e+00 -9.591658498393346832e+00
-3.044004400440043945e+00 -9.590007539514308732e+00
-3.043399339933993364e+00 -9.588356594064304517e+00
-3.042794279427942783e+00 -9.586705662073951473e+00
-3.042189218921892202e+00 -9.585054743573875768e+00
-3.041584158415841621e+00 -9.583403838594696467e+00
-3.040979097909791040e+00 -9.581752947167036183e+00
-3.040374037403740459e+00 -9.580102069321512204e+00
-3.039768976897689878e+00 -9.578451205088752474e+00
-3.039163916391639297e+00 -9.576800354499370727e+00
-3.038558855885588716e+00 -9.575149517583998460e+00
-3.037953795379538136e+00 -9.573498694373245854e+00
-3.037348734873487555e+00 -9.571847884897740855e+00
-3.036743674367436974e+00 -9.570197089188104300e+00
-3.036138613861386393e+00 -9.568546307274955254e+00
-3.035533553355335812e+00 -9.566895539188918107e+00
-3.034928492849284787e+00 -9.565244784960608371e+00
-3.034323432343234650e+00 -9.563594044620659318e+00
-3.033718371837183625e+00 -9.561943318199677577e+00
-3.033113311331133488e+00 -9.560292605728298199e+00
-3.032508250825082463e+00 -9.558641907237129587e+00
-3.031903190319031882e+00 -9.556991222756801463e+00
-3.031298129812981301e+00 -9.555340552317934666e+00
-3.030693069306930720e+00 -9.553689895951148259e+00
-3.030088008800880139e+00 -9.552039253687063081e+00
-3.029482948294829558e+00 -9.550388625556301747e+00
-3.028877887788778978e+00 -9.548738011589486874e+00
-3.028272827282728397e+00 -9.547087411817241076e+00
-3.027667766776677816e+00 -9.545436826270178088e+00
-3.027062706270627235e+00 -9.543786254978929406e+00
-3.026457645764576654e+00 -9.542135697974108766e+00
-3.025852585258526073e+00 -9.540485155286342334e+00
-3.025247524752475492e+00 -9.538834626946247397e+00
-3.024642464246424911e+00 -9.537184112984446571e+00
-3.024037403740374330e+00 -9.535533613431560696e+00
-3.023432343234323305e+00 -9.533883128318215938e+00
-3.022827282728273168e+00 -9.532232657675029586e+00
-3.022222222222222143e+00 -9.530582201532620701e+00
-3.021617161716171562e+00 -9.528931759921617228e+00
-3.021012101210120981e+00 -9.527281332872634678e+00
-3.020407040704070400e+00 -9.525630920416297442e+00
-3.019801980198019820e+00 -9.523980522583222807e+00
-3.019196919691969239e+00 -9.522330139404038718e+00
-3.018591859185918658e+00 -9.520679770909364237e+00
-3.017986798679868077e+00 -9.519029417129814874e+00
-3.017381738173817496e+00 -9.517379078096020351e+00
-3.016776677667766915e+00 -9.515728753838599729e+00
-3.016171617161716334e+00 -9.514078444388170297e+00
-3.015566556655665753e+00 -9.512428149775356445e+00
-3.014961496149615172e+00 -9.510777870030779013e+00
-3.014356435643564591e+00 -9.509127605185058840e+00
-3.013751375137514010e+00 -9.507477355268822095e+00
-3.013146314631462985e+00 -9.505827120312678957e+00
-3.012541254125412848e+00 -9.504176900347262702e+00
-3.011936193619361823e+00 -9.502526695403190615e+00
-3.011331133113311687e+00 -9.500876505511083536e+00
-3.010726072607260662e+00 -9.499226330701560528e+00
-3.010121012101210081e+00 -9.497576171005244206e+00
-3.009515951595159500e+00 -9.495926026452758961e+00
-3.008910891089108919e+00 -9.494275897074722081e+00
-3.008305830583058338e+00 -9.492625782901759735e+00
-3.007700770077007757e+00 -9.490975683964489207e+00
-3.007095709570957176e+00 -9.489325600293531338e+00
-3.006490649064906595e+00 -9.487675531919512295e+00
-3.005885588558856014e+00 -9.486025478873047589e+00
-3.005280528052805433e+00 -9.484375441184761613e+00
-3.004675467546754852e+00 -9.482725418885278756e+00
-3.004070407040704271e+00 -9.481075412005214531e+00
-3.003465346534653690e+00 -9.479425420575191552e+00
-3.002860286028603110e+00 -9.477775444625835988e+00
-3.002255225522552529e+00 -9.476125484187759795e+00
-3.001650165016501504e+00 -9.474475539291596249e+00
-3.001045104510451367e+00 -9.472825609967959082e+00
-3.000440044004400342e+00 -9.471175696247470910e+00
-2.999834983498350205e+00 -9.469525798160752572e+00
-2.999229922992299180e+00 -9.467875915738426684e+00
-2.998624862486249043e+00 -9.466226049011115862e+00
-2.998019801980198018e+00 -9.464576198009439167e+00
-2.997414741474147437e+00 -9.462926362764017441e+00
-2.996809680968096856e+00 -9.461276543305473297e+00
-2.996204620462046275e+00 -9.459626739664429351e+00
-2.995599559955995694e+00 -9.457976951871506444e+00
-2.994994499449945113e+00 -9.456327179957323636e+00
-2.994389438943894532e+00 -9.454677423952503545e+00
-2.993784378437843952e+00 -9.453027683887670563e+00
-2.993179317931793371e+00 -9.451377959793441974e+00
-2.992574257425742790e+00 -9.449728251700436843e+00
-2.991969196919692209e+00 -9.448078559639284890e+00
-2.991364136413641184e+00 -9.446428883640599850e+00
-2.990759075907591047e+00 -9.444779223735007889e+00
-2.990154015401540022e+00 -9.443129579953126296e+00
-2.989548954895489885e+00 -9.441479952325581237e+00
-2.988943894389438860e+00 -9.439830340882990001e+00
-2.988338833883388723e+00 -9.438180745655976978e+00
-2.987733773377337698e+00 -9.436531166675159454e+00
-2.987128712871287561e+00 -9.434881603971165376e+00
-2.986523652365236536e+00 -9.433232057574608476e+00
-2.985918591859185955e+00 -9.431582527516113146e+00
-2.985313531353135375e+00 -9.429933013826303778e+00
-2.984708470847084794e+00 -9.428283516535797659e+00
-2.984103410341034213e+00 -9.426634035675219181e+00
-2.983498349834983632e+00 -9.424984571275187406e+00
-2.982893289328933051e+00 -9.423335123366323174e+00
-2.982288228822882470e+00 -9.421685691979249100e+00
-2.981683168316831889e+00 -9.420036277144593129e+00
-2.981078107810780864e+00 -9.418386878892961889e+00
-2.980473047304730727e+00 -9.416737497254988654e+00
-2.979867986798679702e+00 -9.415088132261290710e+00
-2.979262926292629565e+00 -9.413438783942488897e+00
-2.978657865786578540e+00 -9.411789452329209382e+00
-2.978052805280528403e+00 -9.410140137452065900e+00
-2.977447744774477378e+00 -9.408490839341688172e+00
-2.976842684268427242e+00 -9.406841558028688155e+00
-2.976237623762376217e+00 -9.405192293543690241e+00
-2.975632563256325636e+00 -9.403543045917322374e+00
-2.975027502750275055e+00 -9.401893815180200065e+00
-2.974422442244224474e+00 -9.400244601362944152e+00
-2.973817381738173893e+00 -9.398595404496180805e+00
-2.973212321232123312e+00 -9.396946224610525533e+00
-2.972607260726072731e+00 -9.395297061736604505e+00
-2.972002200220022150e+00 -9.393647915905033230e+00
-2.971397139713971569e+00 -9.391998787146443206e+00
-2.970792079207920988e+00 -9.390349675491442838e+00
-2.970187018701870407e+00 -9.388700580970663623e+00
-2.969581958195819382e+00 -9.387051503614721071e+00
-2.968976897689769245e+00 -9.385402443454241350e+00
-2.968371837183718220e+00 -9.383753400519841747e+00
-2.967766776677668084e+00 -9.382104374842148431e+00
-2.967161716171617059e+00 -9.380455366451775134e+00
-2.966556655665566922e+00 -9.378806375379348026e+00
-2.965951595159515897e+00 -9.377157401655489721e+00
-2.965346534653465760e+00 -9.375508445310819283e+00
-2.964741474147414735e+00 -9.373859506375957551e+00
-2.964136413641364154e+00 -9.372210584881528916e+00
-2.963531353135313573e+00 -9.370561680858152442e+00
-2.962926292629262992e+00 -9.368912794336448968e+00
-2.962321232123212411e+00 -9.367263925347042886e+00
-2.961716171617161830e+00 -9.365615073920549705e+00
-2.961111111111111249e+00 -9.363966240087599147e+00
-2.960506050605060668e+00 -9.362317423878806721e+00
-2.959900990099010087e+00 -9.360668625324793268e+00
-2.959295929592959506e+00 -9.359019844456181403e+00
-2.958690869086908926e+00 -9.357371081303593741e+00
-2.958085808580857901e+00 -9.355722335897651121e+00
-2.957480748074807764e+00 -9.354073608268976159e+00
-2.956875687568756739e+00 -9.352424898448187918e+00
-2.956270627062706602e+00 -9.350776206465909013e+00
-2.955665566556655577e+00 -9.349127532352758507e+00
-2.955060506050605440e+00 -9.347478876139362569e+00
-2.954455445544554415e+00 -9.345830237856336709e+00
-2.953850385038504278e+00 -9.344181617534310647e+00
-2.953245324532453253e+00 -9.342533015203894564e+00
-2.952640264026402672e+00 -9.340884430895716406e+00
-2.952035203520352091e+00 -9.339235864640398788e+00
-2.951430143014301510e+00 -9.337587316468560772e+00
-2.950825082508250929e+00 -9.335938786410821422e+00
-2.950220022002200349e+00 -9.334290274497810458e+00
-2.949614961496149768e+00 -9.332641780760138062e+00
-2.949009900990099187e+00 -9.330993305228430401e+00
-2.948404840484048606e+00 -9.329344847933313645e+00
-2.947799779977997581e+00 -9.327696408905399750e+00
-2.947194719471947444e+00 -9.326047988175321990e+00
-2.946589658965896419e+00 -9.324399585773686994e+00
-2.945984598459846282e+00 -9.322751201731129811e+00
-2.945379537953795257e+00 -9.321102836078264176e+00
-2.944774477447745120e+00 -9.319454488845716256e+00
-2.944169416941694095e+00 -9.317806160064101562e+00
-2.943564356435643958e+00 -9.316157849764044485e+00
-2.942959295929592933e+00 -9.314509557976167642e+00
-2.942354235423542796e+00 -9.312861284731090095e+00
-2.941749174917491771e+00 -9.311213030059434459e+00
-2.941144114411441191e+00 -9.309564793991819798e+00
-2.940539053905390610e+00 -9.307916576558874056e+00
-2.939933993399340029e+00 -9.306268377791209190e+00
-2.939328932893289448e+00 -9.304620197719454922e+00
-2.938723872387238867e+00 -9.302972036374228537e+00
-2.938118811881188286e+00 -9.301323893786152652e+00
-2.937513751375137705e+00 -9.299675769985848106e+00
-2.936908690869087124e+00 -9.298027665003933961e+00
-2.936303630363036099e+00 -9.296379578871032834e+00
-2.935698569856985962e+00 -9.294731511617772668e+00
-2.935093509350934937e+00 -9.293083463274765421e+00
-2.934488448844884800e+00 -9.291435433872635485e+00
-2.933883388338833775e+00 -9.289787423442007253e+00
-2.933278327832783638e+00 -9.288139432013496233e+00
-2.932673267326732613e+00 -9.286491459617726818e+00
-2.932068206820682477e+00 -9.284843506285326953e+00
-2.931463146314631452e+00 -9.283195572046908595e+00
-2.930858085808580871e+00 -9.281547656933096135e+00
-2.930253025302530290e+00 -9.279899760974512191e+00
-2.929647964796479709e+00 -9.278251884201777600e+00
-2.929042904290429128e+00 -9.276604026645509649e+00
-2.928437843784378547e+00 -9.274956188336339835e+00
-2.927832783278327966e+00 -9.273308369304876564e+00
-2.927227722772277385e+00 -9.271660569581753109e+00
-2.926622662266226804e+00 -9.270012789197583203e+00
-2.926017601760176223e+00 -9.268365028182989462e+00
-2.925412541254125642e+00 -9.266717286568592726e+00
-2.924807480748074617e+00 -9.265069564385017387e+00
-2.924202420242024481e+00 -9.263421861662886059e+00
-2.923597359735973455e+00 -9.261774178432814253e+00
-2.922992299229923319e+00 -9.260126514725428137e+00
-2.922387238723872294e+00 -9.258478870571344999e+00
-2.921782178217822157e+00 -9.256831246001189228e+00
-2.921177117711771132e+00 -9.255183641045581666e+00
-2.920572057205720995e+00 -9.253536055735148480e+00
-2.919966996699669970e+00 -9.251888490100499851e+00
-2.919361936193619389e+00 -9.250240944172263724e+00
-2.918756875687568808e+00 -9.248593417981064491e+00
-2.918151815181518227e+00 -9.246945911557517661e+00
-2.917546754675467646e+00 -9.245298424932249404e+00
-2.916941694169417065e+00 -9.243650958135875229e+00
-2.916336633663366484e+00 -9.242003511199024857e+00
-2.915731573157315903e+00 -9.240356084152310245e+00
-2.915126512651265323e+00 -9.238708677026359339e+00
-2.914521452145214742e+00 -9.237061289851791201e+00
-2.913916391639164161e+00 -9.235413922659226671e+00
-2.913311331133113136e+00 -9.233766575479286587e+00
-2.912706270627062999e+00 -9.232119248342597118e+00
-2.912101210121011974e+00 -9.230471941279773773e+00
-2.911496149614961837e+00 -9.228824654321440946e+00
-2.910891089108910812e+00 -9.227177387498219474e+00
-2.910286028602860675e+00 -9.225530140840731974e+00
-2.909680968096809650e+00 -9.223882914379597509e+00
-2.909075907590759513e+00 -9.222235708145440469e+00
-2.908470847084708488e+00 -9.220588522168872814e+00
-2.907865786578657907e+00 -9.218941356480531368e+00
-2.907260726072607326e+00 -9.217294211111024538e+00
-2.906655665566556745e+00 -9.215647086090980267e+00
-2.906050605060506165e+00 -9.213999981451019394e+00
-2.905445544554455584e+00 -9.212352897221757431e+00
-2.904840484048405003e+00 -9.210705833433824097e+00
-2.904235423542354422e+00 -9.209058790117838456e+00
-2.903630363036303841e+00 -9.207411767304419570e+00
-2.903025302530252816e+00 -9.205764765024186502e+00
-2.902420242024202679e+00 -9.204117783307765421e+00
-2.901815181518151654e+00 -9.202470822185775390e+00
-2.901210121012101517e+00 -9.200823881688840800e+00
-2.900605060506050492e+00 -9.199176961847578937e+00
-2.900000000000000355e+00 -9.197530062692612418e+00
-2.899394939493949330e+00 -9.195883184254563858e+00
-2.898789878987899193e+00 -9.194236326564055872e+00
-2.898184818481848168e+00 -9.192589489651705748e+00
-2.897579757975797587e+00 -9.190942673548136099e+00
-2.896974697469747007e+00 -9.189295878283967767e+00
-2.896369636963696426e+00 -9.187649103889826918e+00
-2.895764576457645845e+00 -9.186002350396327287e+00
-2.895159515951595264e+00 -9.184355617834096819e+00
-2.894554455445544683e+00 -9.182708906233754576e+00
-2.893949394939494102e+00 -9.181062215625923173e+00
-2.893344334433443521e+00 -9.179415546041221674e+00
-2.892739273927392940e+00 -9.177768897510272694e+00
-2.892134213421342359e+00 -9.176122270063695296e+00
-2.891529152915291334e+00 -9.174475663732112096e+00
-2.890924092409241197e+00 -9.172829078546149262e+00
-2.890319031903190172e+00 -9.171182514536418751e+00
-2.889713971397140035e+00 -9.169535971733552060e+00
-2.889108910891089010e+00 -9.167889450168161147e+00
-2.888503850385038874e+00 -9.166242949870879286e+00
-2.887898789878987849e+00 -9.164596470872313105e+00
-2.887293729372937712e+00 -9.162950013203094102e+00
-2.886688668866886687e+00 -9.161303576893837786e+00
-2.886083608360836106e+00 -9.159657161975173878e+00
-2.885478547854785525e+00 -9.158010768477714336e+00
-2.884873487348734944e+00 -9.156364396432088881e+00
-2.884268426842684363e+00 -9.154718045868911247e+00
-2.883663366336633782e+00 -9.153071716818809378e+00
-2.883058305830583201e+00 -9.151425409312398784e+00
-2.882453245324532620e+00 -9.149779123380302082e+00
-2.881848184818482039e+00 -9.148132859053147214e+00
-2.881243124312431458e+00 -9.146486616361544364e+00
-2.880638063806380877e+00 -9.144840395336125027e+00
-2.880033003300329852e+00 -9.143194196007504715e+00
-2.879427942794279716e+00 -9.141548018406307818e+00
-2.878822882288228691e+00 -9.139901862563153401e+00
-2.878217821782178554e+00 -9.138255728508664077e+00
-2.877612761276127529e+00 -9.136609616273460688e+00
-2.877007700770077392e+00 -9.134963525888165847e+00
-2.876402640264026367e+00 -9.133317457383400395e+00
-2.875797579757976230e+00 -9.131671410789785170e+00
-2.875192519251925205e+00 -9.130025386137939236e+00
-2.874587458745874624e+00 -9.128379383458488761e+00
-2.873982398239824043e+00 -9.126733402782051030e+00
-2.873377337733773462e+00 -9.125087444139250437e+00
-2.872772277227722881e+00 -9.123441507560706043e+00
-2.872167216721672300e+00 -9.121795593077042241e+00
-2.871562156215621719e+00 -9.120149700718876318e+00
-2.870957095709571139e+00 -9.118503830516832664e+00
-2.870352035203520558e+00 -9.116857982501530344e+00
-2.869746974697469977e+00 -9.115212156703595525e+00
-2.869141914191419396e+00 -9.113566353153641941e+00
-2.868536853685368371e+00 -9.111920571882295761e+00
-2.867931793179318234e+00 -9.110274812920177823e+00
-2.867326732673267209e+00 -9.108629076297908966e+00
-2.866721672167217072e+00 -9.106983362046113584e+00
-2.866116611661166047e+00 -9.105337670195407185e+00
-2.865511551155115910e+00 -9.103692000776417714e+00
-2.864906490649064885e+00 -9.102046353819760682e+00
-2.864301430143014748e+00 -9.100400729356060481e+00
-2.863696369636963723e+00 -9.098755127415937949e+00
-2.863091309130913142e+00 -9.097109548030013926e+00
-2.862486248624862561e+00 -9.095463991228911027e+00
-2.861881188118811981e+00 -9.093818457043250092e+00
-2.861276127612761400e+00 -9.092172945503650183e+00
-2.860671067106710819e+00 -9.090527456640735693e+00
-2.860066006600660238e+00 -9.088881990485131013e+00
-2.859460946094609657e+00 -9.087236547067446324e+00
-2.858855885588559076e+00 -9.085591126418314900e+00
-2.858250825082508051e+00 -9.083945728568350475e+00
-2.857645764576457914e+00 -9.082300353548179217e+00
-2.857040704070406889e+00 -9.080655001388421965e+00
-2.856435643564356752e+00 -9.079009672119697782e+00
-2.855830583058305727e+00 -9.077364365772627508e+00
-2.855225522552255590e+00 -9.075719082377833757e+00
-2.854620462046204565e+00 -9.074073821965939146e+00
-2.854015401540154429e+00 -9.072428584567566290e+00
-2.853410341034103404e+00 -9.070783370213330699e+00
-2.852805280528052823e+00 -9.069138178933856764e+00
-2.852200220022002242e+00 -9.067493010759768879e+00
-2.851595159515951661e+00 -9.065847865721684329e+00
-2.850990099009901080e+00 -9.064202743850227506e+00
-2.850385038503850499e+00 -9.062557645176017473e+00
-2.849779977997799918e+00 -9.060912569729675070e+00
-2.849174917491749337e+00 -9.059267517541828241e+00
-2.848569856985698756e+00 -9.057622488643088943e+00
-2.847964796479648175e+00 -9.055977483064083344e+00
-2.847359735973597594e+00 -9.054332500835432285e+00
-2.846754675467546569e+00 -9.052687541987753050e+00
-2.846149614961496432e+00 -9.051042606551677139e+00
-2.845544554455445407e+00 -9.049397694557814731e+00
-2.844939493949395271e+00 -9.047752806036797324e+00
-2.844334433443344246e+00 -9.046107941019238652e+00
-2.843729372937294109e+00 -9.044463099535763106e+00
-2.843124312431243084e+00 -9.042818281616989751e+00
-2.842519251925192947e+00 -9.041173487293544753e+00
-2.841914191419141922e+00 -9.039528716596041846e+00
-2.841309130913091341e+00 -9.037883969555110752e+00
-2.840704070407040760e+00 -9.036239246201368758e+00
-2.840099009900990179e+00 -9.034594546565436701e+00
-2.839493949394939598e+00 -9.032949870677938975e+00
-2.838888888888889017e+00 -9.031305218569491089e+00
-2.838283828382838436e+00 -9.029660590270719212e+00
-2.837678767876787855e+00 -9.028015985812245958e+00
-2.837073707370737274e+00 -9.026371405224688615e+00
-2.836468646864686693e+00 -9.024726848538671575e+00
-2.835863586358636113e+00 -9.023082315784812124e+00
-2.835258525852585088e+00 -9.021437806993736430e+00
-2.834653465346534951e+00 -9.019793322196065333e+00
-2.834048404840483926e+00 -9.018148861422416118e+00
-2.833443344334433789e+00 -9.016504424703414955e+00
-2.832838283828382764e+00 -9.014860012069679129e+00
-2.832233223322332627e+00 -9.013215623551831257e+00
-2.831628162816281602e+00 -9.011571259180492177e+00
-2.831023102310231465e+00 -9.009926918986288058e+00
-2.830418041804180440e+00 -9.008282602999832633e+00
-2.829812981298129859e+00 -9.006638311251755624e+00
-2.829207920792079278e+00 -9.004994043772670764e+00
-2.828602860286028697e+00 -9.003349800593205998e+00
-2.827997799779978116e+00 -9.001705581743973283e+00
-2.827392739273927535e+00 -9.000061387255605894e+00
-2.826787678767876955e+00 -8.998417217158717563e+00
-2.826182618261826374e+00 -8.996773071483932682e+00
-2.825577557755775793e+00 -8.995128950261868539e+00
-2.824972497249724768e+00 -8.993484853523149525e+00
-2.824367436743674631e+00 -8.991840781298398255e+00
-2.823762376237623606e+00 -8.990196733618232017e+00
-2.823157315731573469e+00 -8.988552710513278754e+00
-2.822552255225522444e+00 -8.986908712014152201e+00
-2.821947194719472307e+00 -8.985264738151480302e+00
-2.821342134213421282e+00 -8.983620788955880343e+00
-2.820737073707371145e+00 -8.981976864457978493e+00
-2.820132013201320120e+00 -8.980332964688386710e+00
-2.819526952695269983e+00 -8.978689089677734714e+00
-2.818921892189218958e+00 -8.977045239456639791e+00
-2.818316831683168378e+00 -8.975401414055722782e+00
-2.817711771177117797e+00 -8.973757613505611630e+00
-2.817106710671067216e+00 -8.972113837836923622e+00
-2.816501650165016635e+00 -8.970470087080276045e+00
-2.815896589658966054e+00 -8.968826361266296843e+00
-2.815291529152915473e+00 -8.967182660425601526e+00
-2.814686468646864892e+00 -8.965538984588816263e+00
-2.814081408140814311e+00 -8.963895333786558339e+00
-2.813476347634763286e+00 -8.962251708049453924e+00
-2.812871287128713149e+00 -8.960608107408120304e+00
-2.812266226622662124e+00 -8.958964531893180094e+00
-2.811661166116611987e+00 -8.957320981535255910e+00
-2.811056105610560962e+00 -8.955677456364965039e+00
-2.810451045104510825e+00 -8.954033956412935424e+00
-2.809845984598459800e+00 -8.952390481709782577e+00
-2.809240924092409664e+00 -8.950747032286130889e+00
-2.808635863586358639e+00 -8.949103608172599422e+00
-2.808030803080308058e+00 -8.947460209399812570e+00
-2.807425742574257477e+00 -8.945816835998391170e+00
-2.806820682068206896e+00 -8.944173487998956062e+00
-2.806215621562156315e+00 -8.942530165432126310e+00
-2.805610561056105734e+00 -8.940886868328526305e+00
-2.805005500550055153e+00 -8.939243596718775109e+00
-2.804400440044004572e+00 -8.937600350633493562e+00
-2.803795379537953991e+00 -8.935957130103307833e+00
-2.803190319031903410e+00 -8.934313935158833431e+00
-2.802585258525852829e+00 -8.932670765830694748e+00
-2.801980198019801804e+00 -8.931027622149514400e+00
-2.801375137513751667e+00 -8.929384504145913226e+00
-2.800770077007700642e+00 -8.927741411850508513e+00
-2.800165016501650506e+00 -8.926098345293928205e+00
-2.799559955995599481e+00 -8.924455304506786035e+00
-2.798954895489549344e+00 -8.922812289519711726e+00
-2.798349834983498319e+00 -8.921169300363315458e+00
-2.797744774477448182e+00 -8.919526337068232280e+00
-2.797139713971397157e+00 -8.917883399665075927e+00
-2.796534653465346576e+00 -8.916240488184465462e+00
-2.795929592959295995e+00 -8.914597602657028830e+00
-2.795324532453245414e+00 -8.912954743113377987e+00
-2.794719471947194833e+00 -8.911311909584146207e+00
-2.794114411441144252e+00 -8.909669102099947224e+00
-2.793509350935093671e+00 -8.908026320691403654e+00
-2.792904290429043090e+00 -8.906383565389138113e+00
-2.792299229922992510e+00 -8.904740836223767886e+00
-2.791694169416941929e+00 -8.903098133225922695e+00
-2.791089108910891348e+00 -8.901455456426216273e+00
-2.790484048404840323e+00 -8.899812805855271236e+00
-2.789878987898790186e+00 -8.898170181543710200e+00
-2.789273927392739161e+00 -8.896527583522159333e+00
-2.788668866886689024e+00 -8.894885011821230592e+00
-2.788063806380637999e+00 -8.893242466471550145e+00
-2.787458745874587862e+00 -8.891599947503742385e+00
-2.786853685368536837e+00 -8.889957454948421045e+00
-2.786248624862486700e+00 -8.888314988836215846e+00
-2.785643564356435675e+00 -8.886672549197740523e+00
-2.785038503850385094e+00 -8.885030136063623019e+00
-2.784433443344334513e+00 -8.883387749464478844e+00
-2.783828382838283932e+00 -8.881745389430937720e+00
-2.783223322332233352e+00 -8.880103055993608052e+00
-2.782618261826182771e+00 -8.878460749183126666e+00
-2.782013201320132190e+00 -8.876818469030101966e+00
-2.781408140814081609e+00 -8.875176215565160120e+00
-2.780803080308031028e+00 -8.873533988818925522e+00
-2.780198019801980003e+00 -8.871891788822013680e+00
-2.779592959295929866e+00 -8.870249615605054316e+00
-2.778987898789878841e+00 -8.868607469198655835e+00
-2.778382838283828704e+00 -8.866965349633455062e+00
-2.777777777777777679e+00 -8.865323256940058627e+00
-2.777172717271727542e+00 -8.863681191149101579e+00
-2.776567656765676517e+00 -8.862039152291192323e+00
-2.775962596259626380e+00 -8.860397140396964133e+00
-2.775357535753575355e+00 -8.858755155497028966e+00
-2.774752475247524774e+00 -8.857113197622011214e+00
-2.774147414741474194e+00 -8.855471266802535268e+00
-2.773542354235423613e+00 -8.853829363069220193e+00
-2.772937293729373032e+00 -8.852187486452685050e+00
-2.772332233223322451e+00 -8.850545636983556008e+00
-2.771727172717271870e+00 -8.848903814692452130e+00
-2.771122112211221289e+00 -8.847262019609990702e+00
-2.770517051705170708e+00 -8.845620251766799669e+00
-2.769911991199120127e+00 -8.843978511193496317e+00
-2.769306930693069546e+00 -8.842336797920705038e+00
-2.768701870187018521e+00 -8.840695111979046672e+00
-2.768096809680968384e+00 -8.839053453399140281e+00
-2.767491749174917359e+00 -8.837411822211606705e+00
-2.766886688668867222e+00 -8.835770218447072111e+00
-2.766281628162816197e+00 -8.834128642136152010e+00
-2.765676567656766061e+00 -8.832487093309470794e+00
-2.765071507150715036e+00 -8.830845571997649301e+00
-2.764466446644664899e+00 -8.829204078231310149e+00
-2.763861386138613874e+00 -8.827562612041072398e+00
-2.763256325632563293e+00 -8.825921173457558666e+00
-2.762651265126512712e+00 -8.824279762511391567e+00
-2.762046204620462131e+00 -8.822638379233191941e+00
-2.761441144114411550e+00 -8.820997023653577074e+00
-2.760836083608360969e+00 -8.819355695803176687e+00
-2.760231023102310388e+00 -8.817714395712604514e+00
-2.759625962596259807e+00 -8.816073123412481394e+00
-2.759020902090209226e+00 -8.814431878933437048e+00
-2.758415841584158645e+00 -8.812790662306085210e+00
-2.757810781078108064e+00 -8.811149473561050272e+00
-2.757205720572057039e+00 -8.809508312728949520e+00
-2.756600660066006903e+00 -8.807867179840410898e+00
-2.755995599559955878e+00 -8.806226074926055247e+00
-2.755390539053905741e+00 -8.804584998016499853e+00
-2.754785478547854716e+00 -8.802943949142363778e+00
-2.754180418041804579e+00 -8.801302928334278519e+00
-2.753575357535753554e+00 -8.799661935622852482e+00
-2.752970297029703417e+00 -8.798020971038718940e+00
-2.752365236523652392e+00 -8.796380034612488075e+00
-2.751760176017601811e+00 -8.794739126374791383e+00
-2.751155115511551230e+00 -8.793098246356247927e+00
-2.750550055005500649e+00 -8.791457394587473217e+00
-2.749944994499450068e+00 -8.789816571099095199e+00
-2.749339933993399487e+00 -8.788175775921729382e+00
-2.748734873487348906e+00 -8.786535009086003711e+00
-2.748129812981298326e+00 -8.784894270622533696e+00
-2.747524752475247745e+00 -8.783253560561943729e+00
-2.746919691969197164e+00 -8.781612878934854649e+00
-2.746314631463146583e+00 -8.779972225771887295e+00
-2.745709570957095558e+00 -8.778331601103666060e+00
-2.745104510451045421e+00 -8.776691004960808229e+00
-2.744499449944994396e+00 -8.775050437373936418e+00
-2.743894389438944259e+00 -8.773409898373673244e+00
-2.743289328932893234e+00 -8.771769387990635991e+00
-2.742684268426843097e+00 -8.770128906255452605e+00
-2.742079207920792072e+00 -8.768488453198738597e+00
-2.741474147414741935e+00 -8.766848028851120134e+00
-2.740869086908690910e+00 -8.765207633243212726e+00
-2.740264026402640329e+00 -8.763567266405646095e+00
-2.739658965896589748e+00 -8.761926928369032197e+00
-2.739053905390539168e+00 -8.760286619163998978e+00
-2.738448844884488587e+00 -8.758646338821165500e+00
-2.737843784378438006e+00 -8.757006087371154379e+00
-2.737238723872387425e+00 -8.755365864844584678e+00
-2.736633663366336844e+00 -8.753725671272079012e+00
-2.736028602860286263e+00 -8.752085506684258220e+00
-2.735423542354235238e+00 -8.750445371111744919e+00
-2.734818481848185101e+00 -8.748805264585158170e+00
-2.734213421342134076e+00 -8.747165187135122366e+00
-2.733608360836083939e+00 -8.745525138792260123e+00
-2.733003300330032914e+00 -8.743885119587186949e+00
-2.732398239823982777e+00 -8.742245129550527238e+00
-2.731793179317931752e+00 -8.740605168712903605e+00
-2.731188118811881615e+00 -8.738965237104935113e+00
-2.730583058305830590e+00 -8.737325334757244377e+00
-2.729977997799780010e+00 -8.735685461700454013e+00
-2.729372937293729429e+00 -8.734045617965183084e+00
-2.728767876787678848e+00 -8.732405803582052428e+00
-2.728162816281628267e+00 -8.730766018581689991e+00
-2.727557755775577686e+00 -8.729126262994705954e+00
-2.726952695269527105e+00 -8.727486536851730037e+00
-2.726347634763476524e+00 -8.725846840183383080e+00
-2.725742574257425943e+00 -8.724207173020282369e+00
-2.725137513751375362e+00 -8.722567535393052296e+00
-2.724532453245324781e+00 -8.720927927332313701e+00
-2.723927392739273756e+00 -8.719288348868687422e+00
-2.723322332233223619e+00 -8.717648800032796075e+00
-2.722717271727172594e+00 -8.716009280855258723e+00
-2.722112211221122458e+00 -8.714369791366699758e+00
-2.721507150715071433e+00 -8.712730331597738243e+00
-2.720902090209021296e+00 -8.711090901578996792e+00
-2.720297029702970271e+00 -8.709451501341096247e+00
-2.719691969196920134e+00 -8.707812130914659221e+00
-2.719086908690869109e+00 -8.706172790330301225e+00
-2.718481848184818528e+00 -8.704533479618651981e+00
-2.717876787678767947e+00 -8.702894198810328774e+00
-2.717271727172717366e+00 -8.701254947935950668e+00
-2.716666666666666785e+00 -8.699615727026143830e+00
-2.716061606160616204e+00 -8.697976536111527324e+00
-2.715456545654565623e+00 -8.696337375222721988e+00
-2.714851485148515042e+00 -8.694698244390350439e+00
-2.714246424642464461e+00 -8.693059143645031739e+00
-2.713641364136413880e+00 -8.691420073017388503e+00
-2.713036303630363300e+00 -8.689781032538046901e+00
-2.712431243124312275e+00 -8.688142022237618889e+00
-2.711826182618262138e+00 -8.686503042146734188e+00
-2.711221122112211113e+00 -8.684864092296008309e+00
-2.710616061606160976e+00 -8.683225172716069196e+00
-2.710011001100109951e+00 -8.681586283437528806e+00
-2.709405940594059814e+00 -8.679947424491016861e+00
-2.708800880088008789e+00 -8.678308595907152423e+00
-2.708195819581958652e+00 -8.676669797716556332e+00
-2.707590759075907627e+00 -8.675031029949847650e+00
-2.706985698569857046e+00 -8.673392292637650769e+00
-2.706380638063806465e+00 -8.671753585810584752e+00
-2.705775577557755884e+00 -8.670114909499272215e+00
-2.705170517051705303e+00 -8.668476263734337550e+00
-2.704565456545654722e+00 -8.666837648546396267e+00
-2.703960396039604142e+00 -8.665199063966074533e+00
-2.703355335533553561e+00 -8.663560510023991412e+00
-2.702750275027502980e+00 -8.661921986750769520e+00
-2.702145214521451955e+00 -8.660283494177027919e+00
-2.701540154015401818e+00 -8.658645032333387448e+00
-2.700935093509350793e+00 -8.657006601250476052e+00
-2.700330033003300656e+00 -8.655368200958907465e+00
-2.699724972497249631e+00 -8.653729831489306079e+00
-2.699119911991199494e+00 -8.652091492872298062e+00
-2.698514851485148469e+00 -8.650453185138491818e+00
-2.697909790979098332e+00 -8.648814908318524175e+00
-2.697304730473047307e+00 -8.647176662443005313e+00
-2.696699669966997170e+00 -8.645538447542563176e+00
-2.696094609460946145e+00 -8.643900263647813276e+00
-2.695489548954895564e+00 -8.642262110789381779e+00
-2.694884488448844984e+00 -8.640623988997887750e+00
-2.694279427942794403e+00 -8.638985898303953803e+00
-2.693674367436743822e+00 -8.637347838738200778e+00
-2.693069306930693241e+00 -8.635709810331249514e+00
-2.692464246424642660e+00 -8.634071813113722627e+00
-2.691859185918592079e+00 -8.632433847116242731e+00
-2.691254125412541498e+00 -8.630795912369425338e+00
-2.690649064906490473e+00 -8.629158008903896615e+00
-2.690044004400440336e+00 -8.627520136750279178e+00
-2.689438943894389311e+00 -8.625882295939188538e+00
-2.688833883388339174e+00 -8.624244486501254414e+00
-2.688228822882288149e+00 -8.622606708467085213e+00
-2.687623762376238012e+00 -8.620968961867319535e+00
-2.687018701870186987e+00 -8.619331246732565788e+00
-2.686413641364136851e+00 -8.617693563093450138e+00
-2.685808580858085826e+00 -8.616055910980589871e+00
-2.685203520352035245e+00 -8.614418290424612934e+00
-2.684598459845984664e+00 -8.612780701456134835e+00
-2.683993399339934083e+00 -8.611143144105783520e+00
-2.683388338833883502e+00 -8.609505618404172722e+00
-2.682783278327832921e+00 -8.607868124381932162e+00
-2.682178217821782340e+00 -8.606230662069672022e+00
-2.681573157315731759e+00 -8.604593231498023798e+00
-2.680968096809681178e+00 -8.602955832697604777e+00
-2.680363036303630597e+00 -8.601318465699034022e+00
-2.679757975797580016e+00 -8.599681130532937701e+00
-2.679152915291528991e+00 -8.598043827229933100e+00
-2.678547854785478854e+00 -8.596406555820644613e+00
-2.677942794279427829e+00 -8.594769316335694853e+00
-2.677337733773377693e+00 -8.593132108805701108e+00
-2.676732673267326668e+00 -8.591494933261285993e+00
-2.676127612761276531e+00 -8.589857789733072124e+00
-2.675522552255225506e+00 -8.588220678251678564e+00
-2.674917491749175369e+00 -8.586583598847729704e+00
-2.674312431243124344e+00 -8.584946551551844607e+00
-2.673707370737073763e+00 -8.583309536394645889e+00
-2.673102310231023182e+00 -8.581672553406752613e+00
-2.672497249724972601e+00 -8.580035602618787394e+00
-2.671892189218922020e+00 -8.578398684061376400e+00
-2.671287128712871439e+00 -8.576761797765133366e+00
-2.670682068206820858e+00 -8.575124943760686236e+00
-2.670077007700770277e+00 -8.573488122078648743e+00
-2.669471947194719696e+00 -8.571851332749648833e+00
-2.668866886688669116e+00 -8.570214575804307344e+00
-2.668261826182618535e+00 -8.568577851273243340e+00
-2.667656765676567510e+00 -8.566941159187075883e+00
-2.667051705170517373e+00 -8.565304499576431141e+00
-2.666446644664466348e+00 -8.563667872471929954e+00
-2.665841584158416211e+00 -8.562031277904191384e+00
-2.665236523652365186e+00 -8.560394715903836271e+00
-2.664631463146315049e+00 -8.558758186501490783e+00
-2.664026402640264024e+00 -8.557121689727770431e+00
-2.663421342134213887e+00 -8.555485225613299605e+00
-2.662816281628162862e+00 -8.553848794188699145e+00
-2.662211221122112281e+00 -8.552212395484591667e+00
-2.661606160616061700e+00 -8.550576029531594457e+00
-2.661001100110011119e+00 -8.548939696360333684e+00
-2.660396039603960538e+00 -8.547303396001430187e+00
-2.659790979097909958e+00 -8.545667128485501252e+00
-2.659185918591859377e+00 -8.544030893843173047e+00
-2.658580858085808796e+00 -8.542394692105064635e+00
-2.657975797579758215e+00 -8.540758523301798633e+00
-2.657370737073707190e+00 -8.539122387463990549e+00
-2.656765676567657053e+00 -8.537486284622273658e+00
-2.656160616061606028e+00 -8.535850214807256364e+00
-2.655555555555555891e+00 -8.534214178049568389e+00
-2.654950495049504866e+00 -8.532578174379827018e+00
-2.654345434543454729e+00 -8.530942203828658421e+00
-2.653740374037403704e+00 -8.529306266426676331e+00
-2.653135313531353567e+00 -8.527670362204508692e+00
-2.652530253025302542e+00 -8.526034491192772791e+00
-2.651925192519251961e+00 -8.524398653422096572e+00
-2.651320132013201381e+00 -8.522762848923093770e+00
-2.650715071507150800e+00 -8.521127077726385224e+00
-2.650110011001100219e+00 -8.519491339862600654e+00
-2.649504950495049638e+00 -8.517855635362353794e+00
-2.648899889988999057e+00 -8.516219964256272590e+00
-2.648294829482948476e+00 -8.514584326574970774e+00
-2.647689768976897895e+00 -8.512948722349074515e+00
-2.647084708470847314e+00 -8.511313151609202876e+00
-2.646479647964796733e+00 -8.509677614385983802e+00
-2.645874587458745708e+00 -8.508042110710025696e+00
-2.645269526952695571e+00 -8.506406640611963610e+00
-2.644664466446644546e+00 -8.504771204122405948e+00
-2.644059405940594409e+00 -8.503135801271989536e+00
-2.643454345434543384e+00 -8.501500432091321002e+00
-2.642849284928493248e+00 -8.499865096611031845e+00
-2.642244224422442223e+00 -8.498229794861737574e+00
-2.641639163916392086e+00 -8.496594526874060804e+00
-2.641034103410341061e+00 -8.494959292678624152e+00
-2.640429042904290480e+00 -8.493324092306048456e+00
-2.639823982398239899e+00 -8.491688925786956332e+00
-2.639218921892189318e+00 -8.490053793151966843e+00
-2.638613861386138737e+00 -8.488418694431700828e+00
-2.638008800880088156e+00 -8.486783629656784456e+00
-2.637403740374037575e+00 -8.485148598857833235e+00
-2.636798679867986994e+00 -8.483513602065471559e+00
-2.636193619361936413e+00 -8.481878639310320267e+00
-2.635588558855885832e+00 -8.480243710623001974e+00
-2.634983498349835251e+00 -8.478608816034133966e+00
-2.634378437843784226e+00 -8.476973955574344188e+00
-2.633773377337734090e+00 -8.475339129274248151e+00
-2.633168316831683065e+00 -8.473704337164468470e+00
-2.632563256325632928e+00 -8.472069579275629536e+00
-2.631958195819581903e+00 -8.470434855638350413e+00
-2.631353135313531766e+00 -8.468800166283251940e+00
-2.630748074807480741e+00 -8.467165511240954956e+00
-2.630143014301430604e+00 -8.465530890542082076e+00
-2.629537953795379579e+00 -8.463896304217257693e+00
-2.628932893289328998e+00 -8.462261752297097317e+00
-2.628327832783278417e+00 -8.460627234812225339e+00
-2.627722772277227836e+00 -8.458992751793264375e+00
-2.627117711771177255e+00 -8.457358303270833488e+00
-2.626512651265126674e+00 -8.455723889275555294e+00
-2.625907590759076093e+00 -8.454089509838050631e+00
-2.625302530253025513e+00 -8.452455164988940339e+00
-2.624697469746974932e+00 -8.450820854758847034e+00
-2.624092409240924351e+00 -8.449186579178391554e+00
-2.623487348734873770e+00 -8.447552338278194739e+00
-2.622882288228822745e+00 -8.445918132088877428e+00
-2.622277227722772608e+00 -8.444283960641064013e+00
-2.621672167216721583e+00 -8.442649823965371780e+00
-2.621067106710671446e+00 -8.441015722092426898e+00
-2.620462046204620421e+00 -8.439381655052844877e+00
-2.619856985698570284e+00 -8.437747622877251885e+00
-2.619251925192519259e+00 -8.436113625596266985e+00
-2.618646864686469122e+00 -8.434479663240511016e+00
-2.618041804180418097e+00 -8.432845735840606594e+00
-2.617436743674367516e+00 -8.431211843427176333e+00
-2.616831683168316935e+00 -8.429577986030837522e+00
-2.616226622662266355e+00 -8.427944163682218104e+00
-2.615621562156215774e+00 -8.426310376411931813e+00
-2.615016501650165193e+00 -8.424676624250606594e+00
-2.614411441144114612e+00 -8.423042907228859733e+00
-2.613806380638064031e+00 -8.421409225377313845e+00
-2.613201320132013450e+00 -8.419775578726589771e+00
-2.612596259625962425e+00 -8.418141967307306572e+00
-2.611991199119912288e+00 -8.416508391150093971e+00
-2.611386138613861263e+00 -8.414874850285563923e+00
-2.610781078107811126e+00 -8.413241344744344374e+00
-2.610176017601760101e+00 -8.411607874557052611e+00
-2.609570957095709964e+00 -8.409974439754313025e+00
-2.608965896589658939e+00 -8.408341040366739350e+00
-2.608360836083608802e+00 -8.406707676424964859e+00
-2.607755775577557777e+00 -8.405074347959603287e+00
-2.607150715071507197e+00 -8.403441055001275473e+00
-2.606545654565456616e+00 -8.401807797580607584e+00
-2.605940594059406035e+00 -8.400174575728218684e+00
-2.605335533553355454e+00 -8.398541389474727836e+00
-2.604730473047304873e+00 -8.396908238850759432e+00
-2.604125412541254292e+00 -8.395275123886932533e+00
-2.603520352035203711e+00 -8.393642044613869757e+00
-2.602915291529153130e+00 -8.392009001062195495e+00
-2.602310231023102549e+00 -8.390375993262523480e+00
-2.601705170517051968e+00 -8.388743021245483433e+00
-2.601100110011000943e+00 -8.387110085041689089e+00
-2.600495049504950806e+00 -8.385477184681770169e+00
-2.599889988998899781e+00 -8.383844320196340405e+00
-2.599284928492849644e+00 -8.382211491616025967e+00
-2.598679867986798619e+00 -8.380578698971444140e+00
-2.598074807480748483e+00 -8.378945942293221094e+00
-2.597469746974697458e+00 -8.377313221611974114e+00
-2.596864686468647321e+00 -8.375680536958329370e+00
-2.596259625962596296e+00 -8.374047888362902370e+00
-2.595654565456545715e+00 -8.372415275856313954e+00
-2.595049504950495134e+00 -8.370782699469195620e+00
-2.594444444444444553e+00 -8.369150159232159325e+00
-2.593839383938393972e+00 -8.367517655175825908e+00
-2.593234323432343391e+00 -8.365885187330823314e+00
-2.592629262926292810e+00 -8.364252755727768829e+00
-2.592024202420242229e+00 -8.362620360397283292e+00
-2.591419141914191648e+00 -8.360988001369989320e+00
-2.590814081408141067e+00 -8.359355678676509527e+00
-2.590209020902090487e+00 -8.357723392347461200e+00
-2.589603960396039462e+00 -8.356091142413468731e+00
-2.588998899889989325e+00 -8.354458928905152959e+00
-2.588393839383938300e+00 -8.352826751853138276e+00
-2.587788778877888163e+00 -8.351194611288041969e+00
-2.587183718371837138e+00 -8.349562507240484877e+00
-2.586578657865787001e+00 -8.347930439741089614e+00
-2.585973597359735976e+00 -8.346298408820480574e+00
-2.585368536853685839e+00 -8.344666414509276819e+00
-2.584763476347634814e+00 -8.343034456838097412e+00
-2.584158415841584233e+00 -8.341402535837566745e+00
-2.583553355335533652e+00 -8.339770651538303881e+00
-2.582948294829483071e+00 -8.338138803970933211e+00
-2.582343234323432490e+00 -8.336506993166072021e+00
-2.581738173817381909e+00 -8.334875219154346482e+00
-2.581133113311331329e+00 -8.333243481966373878e+00
-2.580528052805280748e+00 -8.331611781632780378e+00
-2.579922992299230167e+00 -8.329980118184179716e+00
-2.579317931793179142e+00 -8.328348491651199836e+00
-2.578712871287129005e+00 -8.326716902064459802e+00
-2.578107810781077980e+00 -8.325085349454578676e+00
-2.577502750275027843e+00 -8.323453833852184403e+00
-2.576897689768976818e+00 -8.321822355287892492e+00
-2.576292629262926681e+00 -8.320190913792327336e+00
-2.575687568756875656e+00 -8.318559509396106222e+00
-2.575082508250825519e+00 -8.316928142129857093e+00
-2.574477447744774494e+00 -8.315296812024193684e+00
-2.573872387238724357e+00 -8.313665519109742164e+00
-2.573267326732673332e+00 -8.312034263417121593e+00
-2.572662266226622751e+00 -8.310403044976958142e+00
-2.572057205720572171e+00 -8.308771863819869097e+00
-2.571452145214521590e+00 -8.307140719976475296e+00
-2.570847084708471009e+00 -8.305509613477399355e+00
-2.570242024202420428e+00 -8.303878544353262114e+00
-2.569636963696369847e+00 -8.302247512634686188e+00
-2.569031903190319266e+00 -8.300616518352294193e+00
-2.568426842684268685e+00 -8.298985561536701638e+00
-2.567821782178217660e+00 -8.297354642218532916e+00
-2.567216721672167523e+00 -8.295723760428412419e+00
-2.566611661166116498e+00 -8.294092916196959209e+00
-2.566006600660066361e+00 -8.292462109554795902e+00
-2.565401540154015336e+00 -8.290831340532538007e+00
-2.564796479647965199e+00 -8.289200609160817024e+00
-2.564191419141914174e+00 -8.287569915470246684e+00
-2.563586358635864038e+00 -8.285939259491449604e+00
-2.562981298129813013e+00 -8.284308641255048400e+00
-2.562376237623762432e+00 -8.282678060791662134e+00
-2.561771177117711851e+00 -8.281047518131916974e+00
-2.561166116611661270e+00 -8.279417013306430206e+00
-2.560561056105610689e+00 -8.277786546345824448e+00
-2.559955995599560108e+00 -8.276156117280718760e+00
-2.559350935093509527e+00 -8.274525726141742865e+00
-2.558745874587458946e+00 -8.272895372959505167e+00
-2.558140814081408365e+00 -8.271265057764638939e+00
-2.557535753575357784e+00 -8.269634780587757916e+00
-2.556930693069307203e+00 -8.268004541459486489e+00
-2.556325632563256178e+00 -8.266374340410445498e+00
-2.555720572057206041e+00 -8.264744177471257558e+00
-2.555115511551155016e+00 -8.263114052672539955e+00
-2.554510451045104880e+00 -8.261483966044920635e+00
-2.553905390539053855e+00 -8.259853917619013330e+00
-2.553300330033003718e+00 -8.258223907425445987e+00
-2.552695269526952693e+00 -8.256593935494835890e+00
-2.552090209020902556e+00 -8.254964001857807432e+00
-2.551485148514851531e+00 -8.253334106544977899e+00
-2.550880088008800950e+00 -8.251704249586973461e+00
-2.550275027502750369e+00 -8.250074431014411402e+00
-2.549669966996699788e+00 -8.248444650857916116e+00
-2.549064906490649207e+00 -8.246814909148106665e+00
-2.548459845984598626e+00 -8.245185205915605664e+00
-2.547854785478548045e+00 -8.243555541191035729e+00
-2.547249724972497464e+00 -8.241925915005015923e+00
-2.546644664466446883e+00 -8.240296327388167086e+00
-2.546039603960396303e+00 -8.238666778371111832e+00
-2.545434543454345722e+00 -8.237037267984472777e+00
-2.544829482948294697e+00 -8.235407796258870761e+00
-2.544224422442244560e+00 -8.233778363224926622e+00
-2.543619361936193535e+00 -8.232148968913259424e+00
-2.543014301430143398e+00 -8.230519613354493558e+00
-2.542409240924092373e+00 -8.228890296579249863e+00
-2.541804180418042236e+00 -8.227261018618150956e+00
-2.541199119911991211e+00 -8.225631779501810570e+00
-2.540594059405941074e+00 -8.224002579260863754e+00
-2.539988998899890049e+00 -8.222373417925918915e+00
-2.539383938393839468e+00 -8.220744295527605772e+00
-2.538778877887788887e+00 -8.219115212096541612e+00
-2.538173817381738306e+00 -8.217486167663350827e+00
-2.537568756875687725e+00 -8.215857162258648927e+00
-2.536963696369637145e+00 -8.214228195913062081e+00
-2.536358635863586564e+00 -8.212599268657212903e+00
-2.535753575357535983e+00 -8.210970380521720458e+00
-2.535148514851485402e+00 -8.209341531537203807e+00
-2.534543454345434377e+00 -8.207712721734287342e+00
-2.533938393839384240e+00 -8.206083951143593680e+00
-2.533333333333333215e+00 -8.204455219795740106e+00
-2.532728272827283078e+00 -8.202826527721352790e+00
-2.532123212321232053e+00 -8.201197874951049016e+00
-2.531518151815181916e+00 -8.199569261515451402e+00
-2.530913091309130891e+00 -8.197940687445180785e+00
-2.530308030803080754e+00 -8.196312152770861559e+00
-2.529702970297029729e+00 -8.194683657523111009e+00
-2.529097909790979148e+00 -8.193055201732551751e+00
-2.528492849284928567e+00 -8.191426785429806401e+00
-2.527887788778877987e+00 -8.189798408645497574e+00
-2.527282728272827406e+00 -8.188170071410244333e+00
-2.526677667766776825e+00 -8.186541773754665741e+00
-2.526072607260726244e+00 -8.184913515709387966e+00
-2.525467546754675663e+00 -8.183285297305030070e+00
-2.524862486248625082e+00 -8.181657118572212894e+00
-2.524257425742574501e+00 -8.180028979541555501e+00
-2.523652365236523920e+00 -8.178400880243685833e+00
-2.523047304730472895e+00 -8.176772820709219403e+00
-2.522442244224422758e+00 -8.175144800968784153e+00
-2.521837183718371733e+00 -8.173516821052993819e+00
-2.521232123212321596e+00 -8.171888880992474569e+00
-2.520627062706270571e+00 -8.170260980817845464e+00
-2.520022002200220435e+00 -8.168633120559729122e+00
-2.519416941694169410e+00 -8.167005300248744604e+00
-2.518811881188119273e+00 -8.165377519915518079e+00
-2.518206820682068248e+00 -8.163749779590665057e+00
-2.517601760176017667e+00 -8.162122079304811706e+00
-2.516996699669967086e+00 -8.160494419088577089e+00
-2.516391639163916505e+00 -8.158866798972582046e+00
-2.515786578657865924e+00 -8.157239218987449192e+00
-2.515181518151815343e+00 -8.155611679163801142e+00
-2.514576457645764762e+00 -8.153984179532255183e+00
-2.513971397139714181e+00 -8.152356720123435707e+00
-2.513366336633663600e+00 -8.150729300967965330e+00
-2.512761276127613019e+00 -8.149101922096463113e+00
-2.512156215621562438e+00 -8.147474583539549897e+00
-2.511551155115511413e+00 -8.145847285327848297e+00
-2.510946094609461277e+00 -8.144220027491979153e+00
-2.510341034103410252e+00 -8.142592810062563302e+00
-2.509735973597360115e+00 -8.140965633070225138e+00
-2.509130913091309090e+00 -8.139338496545583723e+00
-2.508525852585258953e+00 -8.137711400519261673e+00
-2.507920792079207928e+00 -8.136084345021874498e+00
-2.507315731573157791e+00 -8.134457330084053694e+00
-2.506710671067106766e+00 -8.132830355736409444e+00
-2.506105610561056185e+00 -8.131203422009573245e+00
-2.505500550055005604e+00 -8.129576528934160606e+00
-2.504895489548955023e+00 -8.127949676540794144e+00
-2.504290429042904442e+00 -8.126322864860096473e+00
-2.503685368536853861e+00 -8.124696093922688434e+00
-2.503080308030803280e+00 -8.123069363759190864e+00
-2.502475247524752699e+00 -8.121442674400221051e+00
-2.501870187018702119e+00 -8.119816025876408716e+00
-2.501265126512651094e+00 -8.118189418218369369e+00
-2.500660066006600957e+00 -8.116562851456727401e+00
-2.500055005500549932e+00 -8.114936325622101876e+00
-2.499449944994499795e+00 -8.113309840745115409e+00
-2.498844884488448770e+00 -8.111683396856385286e+00
-2.498239823982398633e+00 -8.110056993986541229e+00
-2.497634763476347608e+00 -8.108430632166198748e+00
-2.497029702970297471e+00 -8.106804311425980458e+00
-2.496424642464246446e+00 -8.105178031796507199e+00
-2.495819581958196309e+00 -8.103551793308399809e+00
-2.495214521452145284e+00 -8.101925595992282680e+00
-2.494609460946094703e+00 -8.100299439878773100e+00
-2.494004400440044122e+00 -8.098673324998497236e+00
-2.493399339933993542e+00 -8.097047251382070598e+00
-2.492794279427942961e+00 -8.095421219060119356e+00
-2.492189218921892380e+00 -8.093795228063262570e+00
-2.491584158415841799e+00 -8.092169278422122858e+00
-2.490979097909791218e+00 -8.090543370167321058e+00
-2.490374037403740637e+00 -8.088917503329476233e+00
-2.489768976897689612e+00 -8.087291677939212775e+00
-2.489163916391639475e+00 -8.085665894027153300e+00
-2.488558855885588450e+00 -8.084040151623916870e+00
-2.487953795379538313e+00 -8.082414450760120772e+00
-2.487348734873487288e+00 -8.080788791466394727e+00
-2.486743674367437151e+00 -8.079163173773356021e+00
-2.486138613861386126e+00 -8.077537597711621942e+00
-2.485533553355335989e+00 -8.075912063311822209e+00
-2.484928492849284964e+00 -8.074286570604572333e+00
-2.484323432343234384e+00 -8.072661119620494929e+00
-2.483718371837183803e+00 -8.071035710390214390e+00
-2.483113311331133222e+00 -8.069410342944348002e+00
-2.482508250825082641e+00 -8.067785017313516605e+00
-2.481903190319032060e+00 -8.066159733528346365e+00
-2.481298129812981479e+00 -8.064534491619452794e+00
-2.480693069306930898e+00 -8.062909291617460283e+00
-2.480088008800880317e+00 -8.061284133552989672e+00
-2.479482948294829736e+00 -8.059659017456665353e+00
-2.478877887788779155e+00 -8.058033943359104612e+00
-2.478272827282728130e+00 -8.056408911290930064e+00
-2.477667766776677993e+00 -8.054783921282764325e+00
-2.477062706270626968e+00 -8.053158973365226458e+00
-2.476457645764576831e+00 -8.051534067568942632e+00
-2.475852585258525806e+00 -8.049909203924526579e+00
-2.475247524752475670e+00 -8.048284382462606246e+00
-2.474642464246424645e+00 -8.046659603213797141e+00
-2.474037403740374508e+00 -8.045034866208725433e+00
-2.473432343234323483e+00 -8.043410171478011961e+00
-2.472827282728272902e+00 -8.041785519052277564e+00
-2.472222222222222321e+00 -8.040160908962143083e+00
-2.471617161716171740e+00 -8.038536341238227578e+00
-2.471012101210121159e+00 -8.036911815911157220e+00
-2.470407040704070578e+00 -8.035287333011551070e+00
-2.469801980198019997e+00 -8.033662892570028191e+00
-2.469196919691969416e+00 -8.032038494617214752e+00
-2.468591859185918835e+00 -8.030414139183729816e+00
-2.467986798679868254e+00 -8.028789826300192445e+00
-2.467381738173817673e+00 -8.027165555997227031e+00
-2.466776677667766648e+00 -8.025541328305452637e+00
-2.466171617161716512e+00 -8.023917143255493656e+00
-2.465566556655665487e+00 -8.022293000877969149e+00
-2.464961496149615350e+00 -8.020668901203503509e+00
-2.464356435643564325e+00 -8.019044844262710470e+00
-2.463751375137514188e+00 -8.017420830086219752e+00
-2.463146314631463163e+00 -8.015796858704648642e+00
-2.462541254125413026e+00 -8.014172930148621532e+00
-2.461936193619362001e+00 -8.012549044448755708e+00
-2.461331133113311420e+00 -8.010925201635675563e+00
-2.460726072607260839e+00 -8.009301401739998383e+00
-2.460121012101210258e+00 -8.007677644792352112e+00
-2.459515951595159677e+00 -8.006053930823352260e+00
-2.458910891089109096e+00 -8.004430259863624997e+00
-2.458305830583058516e+00 -8.002806631943787607e+00
-2.457700770077007935e+00 -8.001183047094460932e+00
-2.457095709570957354e+00 -7.999559505346272026e+00
-2.456490649064906329e+00 -7.997936006729835512e+00
-2.455885588558856192e+00 -7.996312551275780223e+00
-2.455280528052805167e+00 -7.994689139014717227e+00
-2.454675467546755030e+00 -7.993065769977278912e+00
-2.454070407040704005e+00 -7.991442444194078121e+00
-2.453465346534653868e+00 -7.989819161695742800e+00
-2.452860286028602843e+00 -7.988195922512887570e+00
-2.452255225522552706e+00 -7.986572726676142153e+00
-2.451650165016501681e+00 -7.984949574216116730e+00
-2.451045104510451100e+00 -7.983326465163444574e+00
-2.450440044004400519e+00 -7.981703399548741196e+00
-2.449834983498349938e+00 -7.980080377402624769e+00
-2.449229922992299358e+00 -7.978457398755723240e+00
-2.448624862486248777e+00 -7.976834463638653006e+00
-2.448019801980198196e+00 -7.975211572082039346e+00
-2.447414741474147615e+00 -7.973588724116501325e+00
-2.446809680968097034e+00 -7.971965919772658893e+00
-2.446204620462046453e+00 -7.970343159081138218e+00
-2.445599559955995872e+00 -7.968720442072553922e+00
-2.444994499449944847e+00 -7.967097768777532174e+00
-2.444389438943894710e+00 -7.965475139226694701e+00
-2.443784378437843685e+00 -7.963852553450658789e+00
-2.443179317931793548e+00 -7.962230011480053271e+00
-2.442574257425742523e+00 -7.960607513345489217e+00
-2.441969196919692386e+00 -7.958985059077597235e+00
-2.441364136413641361e+00 -7.957362648706991948e+00
-2.440759075907591225e+00 -7.955740282264301300e+00
-2.440154015401540200e+00 -7.954117959780137248e+00
-2.439548954895489619e+00 -7.952495681285131290e+00
-2.438943894389439038e+00 -7.950873446809900713e+00
-2.438338833883388457e+00 -7.949251256385064579e+00
-2.437733773377337876e+00 -7.947629110041244616e+00
-2.437128712871287295e+00 -7.946007007809067879e+00
-2.436523652365236714e+00 -7.944384949719149880e+00
-2.435918591859186133e+00 -7.942762935802113233e+00
-2.435313531353135552e+00 -7.941140966088579667e+00
-2.434708470847084971e+00 -7.939519040609173572e+00
-2.434103410341034390e+00 -7.937897159394510460e+00
-2.433498349834983365e+00 -7.936275322475215610e+00
-2.432893289328933228e+00 -7.934653529881909861e+00
-2.432288228822882203e+00 -7.933031781645211389e+00
-2.431683168316832067e+00 -7.931410077795750801e+00
-2.431078107810781042e+00 -7.929788418364134728e+00
-2.430473047304730905e+00 -7.928166803380998218e+00
-2.429867986798679880e+00 -7.926545232876955005e+00
-2.429262926292629743e+00 -7.924923706882631258e+00
-2.428657865786578718e+00 -7.923302225428644263e+00
-2.428052805280528137e+00 -7.921680788545616636e+00
-2.427447744774477556e+00 -7.920059396264169216e+00
-2.426842684268426975e+00 -7.918438048614927283e+00
-2.426237623762376394e+00 -7.916816745628503682e+00
-2.425632563256325813e+00 -7.915195487335529023e+00
-2.425027502750275232e+00 -7.913574273766619704e+00
-2.424422442244224651e+00 -7.911953104952399229e+00
-2.423817381738174070e+00 -7.910331980923485773e+00
-2.423212321232123490e+00 -7.908710901710506391e+00
-2.422607260726072909e+00 -7.907089867344074818e+00
-2.422002200220021884e+00 -7.905468877854818111e+00
-2.421397139713971747e+00 -7.903847933273358883e+00
-2.420792079207920722e+00 -7.902227033630311759e+00
-2.420187018701870585e+00 -7.900606178956303793e+00
-2.419581958195819560e+00 -7.898985369281952273e+00
-2.418976897689769423e+00 -7.897364604637883367e+00
-2.418371837183718398e+00 -7.895743885054715250e+00
-2.417766776677668261e+00 -7.894123210563070536e+00
-2.417161716171617236e+00 -7.892502581193570066e+00
-2.416556655665566655e+00 -7.890881996976833790e+00
-2.415951595159516074e+00 -7.889261457943485212e+00
-2.415346534653465493e+00 -7.887640964124142506e+00
-2.414741474147414912e+00 -7.886020515549433618e+00
-2.414136413641364332e+00 -7.884400112249972281e+00
-2.413531353135313751e+00 -7.882779754256386440e+00
-2.412926292629263170e+00 -7.881159441599289828e+00
-2.412321232123212589e+00 -7.879539174309312166e+00
-2.411716171617161564e+00 -7.877918952417070741e+00
-2.411111111111111427e+00 -7.876298775953187281e+00
-2.410506050605060402e+00 -7.874678644948279960e+00
-2.409900990099010265e+00 -7.873058559432976722e+00
-2.409295929592959240e+00 -7.871438519437892190e+00
-2.408690869086909103e+00 -7.869818524993653419e+00
-2.408085808580858078e+00 -7.868198576130876809e+00
-2.407480748074807941e+00 -7.866578672880189416e+00
-2.406875687568756916e+00 -7.864958815272206749e+00
-2.406270627062706335e+00 -7.863339003337552313e+00
-2.405665566556655754e+00 -7.861719237106850500e+00
-2.405060506050605174e+00 -7.860099516610717707e+00
-2.404455445544554593e+00 -7.858479841879779215e+00
-2.403850385038504012e+00 -7.856860212944654975e+00
-2.403245324532453431e+00 -7.855240629835964938e+00
-2.402640264026402850e+00 -7.853621092584333496e+00
-2.402035203520352269e+00 -7.852001601220380600e+00
-2.401430143014301688e+00 -7.850382155774725312e+00
-2.400825082508251107e+00 -7.848762756277992025e+00
-2.400220022002200082e+00 -7.847143402760801578e+00
-2.399614961496149945e+00 -7.845524095253775698e+00
-2.399009900990098920e+00 -7.843904833787530784e+00
-2.398404840484048783e+00 -7.842285618392695667e+00
-2.397799779977997758e+00 -7.840666449099888524e+00
-2.397194719471947622e+00 -7.839047325939730193e+00
-2.396589658965896596e+00 -7.837428248942840625e+00
-2.395984598459846460e+00 -7.835809218139847765e+00
-2.395379537953795435e+00 -7.834190233561361794e+00
-2.394774477447744854e+00 -7.832571295238012432e+00
-2.394169416941694273e+00 -7.830952403200421408e+00
-2.393564356435643692e+00 -7.829333557479205119e+00
-2.392959295929593111e+00 -7.827714758104990622e+00
-2.392354235423542530e+00 -7.826096005108391651e+00
-2.391749174917491949e+00 -7.824477298520038815e+00
-2.391144114411441368e+00 -7.822858638370546736e+00
-2.390539053905390787e+00 -7.821240024690538917e+00
-2.389933993399340206e+00 -7.819621457510636198e+00
-2.389328932893289625e+00 -7.818002936861462970e+00
-2.388723872387238600e+00 -7.816384462773634745e+00
-2.388118811881188464e+00 -7.814766035277775913e+00
-2.387513751375137439e+00 -7.813147654404509090e+00
-2.386908690869087302e+00 -7.811529320184456004e+00
-2.386303630363036277e+00 -7.809911032648234830e+00
-2.385698569856986140e+00 -7.808292791826469070e+00
-2.385093509350935115e+00 -7.806674597749781341e+00
-2.384488448844884978e+00 -7.805056450448789818e+00
-2.383883388338833953e+00 -7.803438349954117115e+00
-2.383278327832783372e+00 -7.801820296296384960e+00
-2.382673267326732791e+00 -7.800202289506215969e+00
-2.382068206820682210e+00 -7.798584329614231869e+00
-2.381463146314631629e+00 -7.796966416651047282e+00
-2.380858085808581048e+00 -7.795348550647293706e+00
-2.380253025302530467e+00 -7.793730731633583986e+00
-2.379647964796479886e+00 -7.792112959640545178e+00
-2.379042904290429306e+00 -7.790495234698796345e+00
-2.378437843784378281e+00 -7.788877556838955662e+00
-2.377832783278328144e+00 -7.787259926091653739e+00
-2.377227722772277119e+00 -7.785642342487501644e+00
-2.376622662266226982e+00 -7.784024806057127321e+00
-2.376017601760175957e+00 -7.782407316831147170e+00
-2.375412541254125820e+00 -7.780789874840188247e+00
-2.374807480748074795e+00 -7.779172480114866062e+00
-2.374202420242024658e+00 -7.777555132685807671e+00
-2.373597359735973633e+00 -7.775937832583629472e+00
-2.372992299229923496e+00 -7.774320579838958523e+00
-2.372387238723872471e+00 -7.772703374482409444e+00
-2.371782178217821890e+00 -7.771086216544605740e+00
-2.371177117711771309e+00 -7.769469106056171803e+00
-2.370572057205720728e+00 -7.767852043047727584e+00
-2.369966996699670148e+00 -7.766235027549893033e+00
-2.369361936193619567e+00 -7.764618059593289878e+00
-2.368756875687568986e+00 -7.763001139208539847e+00
-2.368151815181518405e+00 -7.761384266426266443e+00
-2.367546754675467824e+00 -7.759767441277089617e+00
-2.366941694169416799e+00 -7.758150663791624879e+00
-2.366336633663366662e+00 -7.756533934000505504e+00
-2.365731573157315637e+00 -7.754917251934339895e+00
-2.365126512651265500e+00 -7.753300617623762214e+00
-2.364521452145214475e+00 -7.751684031099381755e+00
-2.363916391639164338e+00 -7.750067492391829127e+00
-2.363311331133113313e+00 -7.748451001531719839e+00
-2.362706270627063176e+00 -7.746834558549679173e+00
-2.362101210121012151e+00 -7.745218163476325302e+00
-2.361496149614961571e+00 -7.743601816342280841e+00
-2.360891089108910990e+00 -7.741985517178169296e+00
-2.360286028602860409e+00 -7.740369266014608840e+00
-2.359680968096809828e+00 -7.738753062882222089e+00
-2.359075907590759247e+00 -7.737136907811629882e+00
-2.358470847084708666e+00 -7.735520800833455723e+00
-2.357865786578658085e+00 -7.733904741978319564e+00
-2.357260726072607504e+00 -7.732288731276841354e+00
-2.356655665566556923e+00 -7.730672768759644597e+00
-2.356050605060506342e+00 -7.729056854457350134e+00
-2.355445544554455317e+00 -7.727440988400574362e+00
-2.354840484048405180e+00 -7.725825170619950555e+00
-2.354235423542354155e+00 -7.724209401146086229e+00
-2.353630363036304018e+00 -7.722593680009612882e+00
-2.353025302530252993e+00 -7.720978007241146024e+00
-2.352420242024202857e+00 -7.719362382871312711e+00
-2.351815181518151832e+00 -7.717746806930725789e+00
-2.351210121012101695e+00 -7.716131279450017644e+00
-2.350605060506050670e+00 -7.714515800459801120e+00
-2.350000000000000089e+00 -7.712900369990697946e+00
-2.349394939493949508e+00 -7.711284988073334290e+00
-2.348789878987898927e+00 -7.709669654738327438e+00
-2.348184818481848346e+00 -7.708054370016302670e+00
-2.347579757975797765e+00 -7.706439133937876385e+00
-2.346974697469747184e+00 -7.704823946533673862e+00
-2.346369636963696603e+00 -7.703208807834312388e+00
-2.345764576457646022e+00 -7.701593717870419908e+00
-2.345159515951595441e+00 -7.699978676672611044e+00
-2.344554455445544860e+00 -7.698363684271513740e+00
-2.343949394939493835e+00 -7.696748740697739954e+00
-2.343344334433443699e+00 -7.695133845981921183e+00
-2.342739273927392674e+00 -7.693519000154672050e+00
-2.342134213421342537e+00 -7.691904203246618721e+00
-2.341529152915291512e+00 -7.690289455288375819e+00
-2.340924092409241375e+00 -7.688674756310573066e+00
-2.340319031903190350e+00 -7.687060106343825971e+00
-2.339713971397140213e+00 -7.685445505418758039e+00
-2.339108910891089188e+00 -7.683830953565988331e+00
-2.338503850385038607e+00 -7.682216450816142128e+00
-2.337898789878988026e+00 -7.680601997199837605e+00
-2.337293729372937445e+00 -7.678987592747700930e+00
-2.336688668866886864e+00 -7.677373237490344948e+00
-2.336083608360836283e+00 -7.675758931458398493e+00
-2.335478547854785702e+00 -7.674144674682480627e+00
-2.334873487348735122e+00 -7.672530467193210413e+00
-2.334268426842684541e+00 -7.670916309021211354e+00
-2.333663366336633516e+00 -7.669302200197104291e+00
-2.333058305830583379e+00 -7.667688140751514503e+00
-2.332453245324532354e+00 -7.666074130715054835e+00
-2.331848184818482217e+00 -7.664460170118356785e+00
-2.331243124312431192e+00 -7.662846258992033199e+00
-2.330638063806381055e+00 -7.661232397366712021e+00
-2.330033003300330030e+00 -7.659618585273008762e+00
-2.329427942794279893e+00 -7.658004822741546924e+00
-2.328822882288228868e+00 -7.656391109802949124e+00
-2.328217821782178287e+00 -7.654777446487837089e+00
-2.327612761276127706e+00 -7.653163832826828106e+00
-2.327007700770077125e+00 -7.651550268850549230e+00
-2.326402640264026545e+00 -7.649936754589618637e+00
-2.325797579757975964e+00 -7.648323290074658942e+00
-2.325192519251925383e+00 -7.646709875336288320e+00
-2.324587458745874802e+00 -7.645096510405131163e+00
-2.323982398239824221e+00 -7.643483195311810974e+00
-2.323377337733773640e+00 -7.641869930086943263e+00
-2.322772277227723059e+00 -7.640256714761153312e+00
-2.322167216721672034e+00 -7.638643549365061958e+00
-2.321562156215621897e+00 -7.637030433929290929e+00
-2.320957095709570872e+00 -7.635417368484459288e+00
-2.320352035203520735e+00 -7.633804353061190540e+00
-2.319746974697469710e+00 -7.632191387690105522e+00
-2.319141914191419573e+00 -7.630578472401826851e+00
-2.318536853685368548e+00 -7.628965607226972701e+00
-2.317931793179318412e+00 -7.627352792196167464e+00
-2.317326732673267387e+00 -7.625740027340031091e+00
-2.316721672167216806e+00 -7.624127312689185310e+00
-2.316116611661166225e+00 -7.622514648274251847e+00
-2.315511551155115644e+00 -7.620902034125853319e+00
-2.314906490649065063e+00 -7.619289470274607012e+00
-2.314301430143014482e+00 -7.617676956751137318e+00
-2.313696369636963901e+00 -7.616064493586065076e+00
-2.313091309130913320e+00 -7.614452080810012014e+00
-2.312486248624862739e+00 -7.612839718453598969e+00
-2.311881188118812158e+00 -7.611227406547445895e+00
-2.311276127612761577e+00 -7.609615145122179847e+00
-2.310671067106710552e+00 -7.608002934208412782e+00
-2.310066006600660415e+00 -7.606390773836774422e+00
-2.309460946094609390e+00 -7.604778664037880276e+00
-2.308855885588559254e+00 -7.603166604842359177e+00
-2.308250825082508229e+00 -7.601554596280823084e+00
-2.307645764576458092e+00 -7.599942638383900828e+00
-2.307040704070407067e+00 -7.598330731182207920e+00
-2.306435643564356930e+00 -7.596718874706372304e+00
-2.305830583058305905e+00 -7.595107068987008603e+00
-2.305225522552255324e+00 -7.593495314054742096e+00
-2.304620462046204743e+00 -7.591883609940195399e+00
-2.304015401540154162e+00 -7.590271956673987575e+00
-2.303410341034103581e+00 -7.588660354286740350e+00
-2.302805280528053000e+00 -7.587048802809074566e+00
-2.302200220022002419e+00 -7.585437302271611948e+00
-2.301595159515951838e+00 -7.583825852704973336e+00
-2.300990099009901257e+00 -7.582214454139781346e+00
-2.300385038503850677e+00 -7.580603106606656816e+00
-2.299779977997800096e+00 -7.578991810136220586e+00
-2.299174917491749071e+00 -7.577380564759096160e+00
-2.298569856985698934e+00 -7.575769370505900824e+00
-2.297964796479647909e+00 -7.574158227407258082e+00
-2.297359735973597772e+00 -7.572547135493794102e+00
-2.296754675467546747e+00 -7.570936094796119065e+00
-2.296149614961496610e+00 -7.569325105344865356e+00
-2.295544554455445585e+00 -7.567714167170647599e+00
-2.294939493949395448e+00 -7.566103280304092848e+00
-2.294334433443344423e+00 -7.564492444775815727e+00
-2.293729372937293842e+00 -7.562881660616444179e+00
-2.293124312431243261e+00 -7.561270927856592827e+00
-2.292519251925192680e+00 -7.559660246526889615e+00
-2.291914191419142099e+00 -7.558049616657951830e+00
-2.291309130913091519e+00 -7.556439038280402087e+00
-2.290704070407040938e+00 -7.554828511424859450e+00
-2.290099009900990357e+00 -7.553218036121950085e+00
-2.289493949394939776e+00 -7.551607612402292169e+00
-2.288888888888888751e+00 -7.549997240296505652e+00
-2.288283828382838614e+00 -7.548386919835215814e+00
-2.287678767876787589e+00 -7.546776651049040829e+00
-2.287073707370737452e+00 -7.545166433968606867e+00
-2.286468646864686427e+00 -7.543556268624525885e+00
-2.285863586358636290e+00 -7.541946155047429379e+00
-2.285258525852585265e+00 -7.540336093267931084e+00
-2.284653465346535128e+00 -7.538726083316659832e+00
-2.284048404840484103e+00 -7.537116125224228469e+00
-2.283443344334433522e+00 -7.535506219021264940e+00
-2.282838283828382941e+00 -7.533896364738387419e+00
-2.282233223322332361e+00 -7.532286562406219410e+00
-2.281628162816281780e+00 -7.530676812055380864e+00
-2.281023102310231199e+00 -7.529067113716492621e+00
-2.280418041804180618e+00 -7.527457467420177295e+00
-2.279812981298130037e+00 -7.525847873197054838e+00
-2.279207920792079456e+00 -7.524238331077747866e+00
-2.278602860286028875e+00 -7.522628841092878105e+00
-2.277997799779978294e+00 -7.521019403273065507e+00
-2.277392739273927269e+00 -7.519410017648930022e+00
-2.276787678767877132e+00 -7.517800684251100485e+00
-2.276182618261826107e+00 -7.516191403110189739e+00
-2.275577557755775970e+00 -7.514582174256823066e+00
-2.274972497249724945e+00 -7.512972997721620416e+00
-2.274367436743674808e+00 -7.511363873535204405e+00
-2.273762376237623783e+00 -7.509754801728194096e+00
-2.273157315731573647e+00 -7.508145782331215656e+00
-2.272552255225522622e+00 -7.506536815374883709e+00
-2.271947194719472041e+00 -7.504927900889823533e+00
-2.271342134213421460e+00 -7.503319038906657745e+00
-2.270737073707370879e+00 -7.501710229456008072e+00
-2.270132013201320298e+00 -7.500101472568490912e+00
-2.269526952695269717e+00 -7.498492768274732434e+00
-2.268921892189219136e+00 -7.496884116605351700e+00
-2.268316831683168555e+00 -7.495275517590968661e+00
-2.267711771177117974e+00 -7.493666971262210375e+00
-2.267106710671067393e+00 -7.492058477649690573e+00
-2.266501650165016812e+00 -7.490450036784039867e+00
-2.265896589658965787e+00 -7.488841648695869324e+00
-2.265291529152915651e+00 -7.487233313415806890e+00
-2.264686468646864625e+00 -7.485625030974471628e+00
-2.264081408140814489e+00 -7.484016801402487040e+00
-2.263476347634763464e+00 -7.482408624730472191e+00
-2.262871287128713327e+00 -7.480800500989050583e+00
-2.262266226622662302e+00 -7.479192430208841280e+00
-2.261661166116612165e+00 -7.477584412420467785e+00
-2.261056105610561140e+00 -7.475976447654545609e+00
-2.260451045104510559e+00 -7.474368535941705360e+00
-2.259845984598459978e+00 -7.472760677312563438e+00
-2.259240924092409397e+00 -7.471152871797741568e+00
-2.258635863586358816e+00 -7.469545119427859703e+00
-2.258030803080308235e+00 -7.467937420233541346e+00
-2.257425742574257654e+00 -7.466329774245408224e+00
-2.256820682068207073e+00 -7.464722181494079400e+00
-2.256215621562156493e+00 -7.463114642010177491e+00
-2.255610561056105468e+00 -7.461507155824325999e+00
-2.255005500550055331e+00 -7.459899722967142210e+00
-2.254400440044004306e+00 -7.458292343469250518e+00
-2.253795379537954169e+00 -7.456685017361270873e+00
-2.253190319031903144e+00 -7.455077744673823226e+00
-2.252585258525853007e+00 -7.453470525437533745e+00
-2.251980198019801982e+00 -7.451863359683018828e+00
-2.251375137513751845e+00 -7.450256247440903756e+00
-2.250770077007700820e+00 -7.448649188741804927e+00
-2.250165016501650683e+00 -7.447042183616350286e+00
-2.249559955995599658e+00 -7.445435232095153566e+00
-2.248954895489549077e+00 -7.443828334208843600e+00
-2.248349834983498496e+00 -7.442221489988035898e+00
-2.247744774477447915e+00 -7.440614699463355741e+00
-2.247139713971397335e+00 -7.439007962665422191e+00
-2.246534653465346754e+00 -7.437401279624857864e+00
-2.245929592959296173e+00 -7.435794650372284487e+00
-2.245324532453245592e+00 -7.434188074938320234e+00
-2.244719471947195011e+00 -7.432581553353593051e+00
-2.244114411441143986e+00 -7.430975085648714007e+00
-2.243509350935093849e+00 -7.429368671854316375e+00
-2.242904290429042824e+00 -7.427762312001012113e+00
-2.242299229922992687e+00 -7.426156006119428277e+00
-2.241694169416941662e+00 -7.424549754240182153e+00
-2.241089108910891525e+00 -7.422943556393898135e+00
-2.240484048404840500e+00 -7.421337412611197948e+00
-2.239878987898790363e+00 -7.419731322922699768e+00
-2.239273927392739338e+00 -7.418125287359026210e+00
-2.238668866886688757e+00 -7.416519305950799001e+00
-2.238063806380638177e+00 -7.414913378728641646e+00
-2.237458745874587596e+00 -7.413307505723173207e+00
-2.236853685368537015e+00 -7.411701686965013636e+00
-2.236248624862486434e+00 -7.410095922484786435e+00
-2.235643564356435853e+00 -7.408490212313112444e+00
-2.235038503850385272e+00 -7.406884556480616055e+00
-2.234433443344334691e+00 -7.405278955017911890e+00
-2.233828382838284110e+00 -7.403673407955628782e+00
-2.233223322332233529e+00 -7.402067915324380465e+00
-2.232618261826182504e+00 -7.400462477154794882e+00
-2.232013201320132367e+00 -7.398857093477491098e+00
-2.231408140814081342e+00 -7.397251764323088175e+00
-2.230803080308031205e+00 -7.395646489722211392e+00
-2.230198019801980180e+00 -7.394041269705477148e+00
-2.229592959295930044e+00 -7.392436104303515165e+00
-2.228987898789879019e+00 -7.390830993546936512e+00
-2.228382838283828882e+00 -7.389225937466372685e+00
-2.227777777777777857e+00 -7.387620936092433865e+00
-2.227172717271727276e+00 -7.386015989455751551e+00
-2.226567656765676695e+00 -7.384411097586943029e+00
-2.225962596259626114e+00 -7.382806260516629138e+00
-2.225357535753575533e+00 -7.381201478275428940e+00
-2.224752475247524952e+00 -7.379596750893970381e+00
-2.224147414741474371e+00 -7.377992078402867193e+00
-2.223542354235423790e+00 -7.376387460832747323e+00
-2.222937293729373209e+00 -7.374782898214229832e+00
-2.222332233223322628e+00 -7.373178390577933783e+00
-2.221727172717272047e+00 -7.371573937954484457e+00
-2.221122112211221022e+00 -7.369969540374500916e+00
-2.220517051705170886e+00 -7.368365197868604000e+00
-2.219911991199119861e+00 -7.366760910467414547e+00
-2.219306930693069724e+00 -7.365156678201558726e+00
-2.218701870187018699e+00 -7.363552501101650272e+00
-2.218096809680968562e+00 -7.361948379198317127e+00
-2.217491749174917537e+00 -7.360344312522178356e+00
-2.216886688668867400e+00 -7.358740301103855685e+00
-2.216281628162816375e+00 -7.357136344973968178e+00
-2.215676567656765794e+00 -7.355532444163140227e+00
-2.215071507150715213e+00 -7.353928598701991781e+00
-2.214466446644664632e+00 -7.352324808621141905e+00
-2.213861386138614051e+00 -7.350721073951217654e+00
-2.213256325632563470e+00 -7.349117394722838092e+00
-2.212651265126512889e+00 -7.347513770966621394e+00
-2.212046204620462309e+00 -7.345910202713191950e+00
-2.211441144114411728e+00 -7.344306689993170600e+00
-2.210836083608360703e+00 -7.342703232837175520e+00
-2.210231023102310566e+00 -7.341099831275836429e+00
-2.209625962596259541e+00 -7.339496485339763510e+00
-2.209020902090209404e+00 -7.337893195059589146e+00
-2.208415841584158379e+00 -7.336289960465924409e+00
-2.207810781078108242e+00 -7.334686781589401683e+00
-2.207205720572057217e+00 -7.333083658460630261e+00
-2.206600660066007080e+00 -7.331480591110244305e+00
-2.205995599559956055e+00 -7.329877579568851331e+00
-2.205390539053905474e+00 -7.328274623867086390e+00
-2.204785478547854893e+00 -7.326671724035557887e+00
-2.204180418041804312e+00 -7.325068880104899094e+00
-2.203575357535753731e+00 -7.323466092105724634e+00
-2.202970297029703151e+00 -7.321863360068656235e+00
-2.202365236523652570e+00 -7.320260684024315623e+00
-2.201760176017601989e+00 -7.318658064003324526e+00
-2.201155115511551408e+00 -7.317055500036306448e+00
-2.200550055005500827e+00 -7.315452992153880452e+00
-2.199944994499450246e+00 -7.313850540386668264e+00
-2.199339933993399221e+00 -7.312248144765289837e+00
-2.198734873487349084e+00 -7.310645805320367785e+00
-2.198129812981298059e+00 -7.309043522082522948e+00
-2.197524752475247922e+00 -7.307441295082380606e+00
-2.196919691969196897e+00 -7.305839124350557157e+00
-2.196314631463146760e+00 -7.304237009917676104e+00
-2.195709570957095735e+00 -7.302634951814356512e+00
-2.195104510451045599e+00 -7.301032950071224548e+00
-2.194499449944994574e+00 -7.299431004718897498e+00
-2.193894389438943993e+00 -7.297829115787997090e+00
-2.193289328932893412e+00 -7.296227283309145051e+00
-2.192684268426842831e+00 -7.294625507312963109e+00
-2.192079207920792250e+00 -7.293023787830074767e+00
-2.191474147414741669e+00 -7.291422124891099088e+00
-2.190869086908691088e+00 -7.289820518526656912e+00
-2.190264026402640507e+00 -7.288218968767369965e+00
-2.189658965896589926e+00 -7.286617475643860864e+00
-2.189053905390539345e+00 -7.285016039186749559e+00
-2.188448844884488764e+00 -7.283414659426656890e+00
-2.187843784378437739e+00 -7.281813336394205471e+00
-2.187238723872387602e+00 -7.280212070120018808e+00
-2.186633663366336577e+00 -7.278610860634712409e+00
-2.186028602860286441e+00 -7.277009707968915109e+00
-2.185423542354235416e+00 -7.275408612153241528e+00
-2.184818481848185279e+00 -7.273807573218318723e+00
-2.184213421342134254e+00 -7.272206591194761316e+00
-2.183608360836084117e+00 -7.270605666113198140e+00
-2.183003300330033092e+00 -7.269004798004244705e+00
-2.182398239823982511e+00 -7.267403986898524515e+00
-2.181793179317931930e+00 -7.265803232826658409e+00
-2.181188118811881349e+00 -7.264202535819269890e+00
-2.180583058305830768e+00 -7.262601895906979799e+00
-2.179977997799780187e+00 -7.261001313120406309e+00
-2.179372937293729606e+00 -7.259400787490175588e+00
-2.178767876787679025e+00 -7.257800319046903148e+00
-2.178162816281628444e+00 -7.256199907821217820e+00
-2.177557755775577863e+00 -7.254599553843730675e+00
-2.176952695269527283e+00 -7.252999257145075873e+00
-2.176347634763476258e+00 -7.251399017755863596e+00
-2.175742574257426121e+00 -7.249798835706722677e+00
-2.175137513751375096e+00 -7.248198711028267738e+00
-2.174532453245324959e+00 -7.246598643751125834e+00
-2.173927392739273934e+00 -7.244998633905915142e+00
-2.173322332233223797e+00 -7.243398681523260052e+00
-2.172717271727172772e+00 -7.241798786633779628e+00
-2.172112211221122635e+00 -7.240198949268096484e+00
-2.171507150715071610e+00 -7.238599169456829685e+00
-2.170902090209021029e+00 -7.236999447230603622e+00
-2.170297029702970448e+00 -7.235399782620037357e+00
-2.169691969196919867e+00 -7.233800175655751730e+00
-2.169086908690869286e+00 -7.232200626368372909e+00
-2.168481848184818706e+00 -7.230601134788515516e+00
-2.167876787678768125e+00 -7.229001700946806608e+00
-2.167271727172717544e+00 -7.227402324873864359e+00
-2.166666666666666963e+00 -7.225803006600309608e+00
-2.166061606160615938e+00 -7.224203746156764083e+00
-2.165456545654565801e+00 -7.222604543573853952e+00
-2.164851485148514776e+00 -7.221005398882192949e+00
-2.164246424642464639e+00 -7.219406312112409907e+00
-2.163641364136413614e+00 -7.217807283295118559e+00
-2.163036303630363477e+00 -7.216208312460949514e+00
-2.162431243124312452e+00 -7.214609399640513843e+00
-2.161826182618262315e+00 -7.213010544864439488e+00
-2.161221122112211290e+00 -7.211411748163346402e+00
-2.160616061606160709e+00 -7.209813009567856312e+00
-2.160011001100110128e+00 -7.208214329108589169e+00
-2.159405940594059548e+00 -7.206615706816166700e+00
-2.158800880088008967e+00 -7.205017142721212409e+00
-2.158195819581958386e+00 -7.203418636854344470e+00
-2.157590759075907805e+00 -7.201820189246186388e+00
-2.156985698569857224e+00 -7.200221799927359889e+00
-2.156380638063806643e+00 -7.198623468928484925e+00
-2.155775577557756062e+00 -7.197025196280183224e+00
-2.155170517051705481e+00 -7.195426982013075623e+00
-2.154565456545654456e+00 -7.193828826157782963e+00
-2.153960396039604319e+00 -7.192230728744931412e+00
-2.153355335533553294e+00 -7.190632689805132927e+00
-2.152750275027503157e+00 -7.189034709369020781e+00
-2.152145214521452132e+00 -7.187436787467206933e+00
-2.151540154015401995e+00 -7.185838924130316663e+00
-2.150935093509350970e+00 -7.184241119388971697e+00
-2.150330033003300834e+00 -7.182643373273790210e+00
-2.149724972497249809e+00 -7.181045685815397484e+00
-2.149119911991199228e+00 -7.179448057044413467e+00
-2.148514851485148647e+00 -7.177850486991456336e+00
-2.147909790979098066e+00 -7.176252975687154034e+00
-2.147304730473047485e+00 -7.174655523162120296e+00
-2.146699669966996904e+00 -7.173058129446983955e+00
-2.146094609460946323e+00 -7.171460794572360520e+00
-2.145489548954895742e+00 -7.169863518568876160e+00
-2.144884488448845161e+00 -7.168266301467145496e+00
-2.144279427942794580e+00 -7.166669143297797362e+00
-2.143674367436743999e+00 -7.165072044091448156e+00
-2.143069306930692974e+00 -7.163475003878721381e+00
-2.142464246424642837e+00 -7.161878022690238765e+00
-2.141859185918591812e+00 -7.160281100556619371e+00
-2.141254125412541676e+00 -7.158684237508489367e+00
-2.140649064906490651e+00 -7.157087433576462487e+00
-2.140044004400440514e+00 -7.155490688791167564e+00
-2.139438943894389489e+00 -7.153894003183220995e+00
-2.138833883388339352e+00 -7.152297376783248950e+00
-2.138228822882288327e+00 -7.150700809621866050e+00
-2.137623762376237746e+00 -7.149104301729699351e+00
-2.137018701870187165e+00 -7.147507853137367029e+00
-2.136413641364136584e+00 -7.145911463875492586e+00
-2.135808580858086003e+00 -7.144315133974696863e+00
-2.135203520352035422e+00 -7.142718863465599810e+00
-2.134598459845984841e+00 -7.141122652378825819e+00
-2.133993399339934260e+00 -7.139526500744993953e+00
-2.133388338833883680e+00 -7.137930408594724163e+00
-2.132783278327832654e+00 -7.136334375958639065e+00
-2.132178217821782518e+00 -7.134738402867363050e+00
-2.131573157315731493e+00 -7.133142489351512516e+00
-2.130968096809681356e+00 -7.131546635441714521e+00
-2.130363036303630331e+00 -7.129950841168583686e+00
-2.129757975797580194e+00 -7.128355106562747068e+00
-2.129152915291529169e+00 -7.126759431654822841e+00
-2.128547854785479032e+00 -7.125163816475435397e+00
-2.127942794279428007e+00 -7.123568261055201134e+00
-2.127337733773377870e+00 -7.121972765424746221e+00
-2.126732673267326845e+00 -7.120377329614688833e+00
-2.126127612761276264e+00 -7.118781953655651584e+00
-2.125522552255225683e+00 -7.117186637578255315e+00
-2.124917491749175102e+00 -7.115591381413123528e+00
-2.124312431243124522e+00 -7.113996185190877064e+00
-2.123707370737073941e+00 -7.112401048942134985e+00
-2.123102310231023360e+00 -7.110805972697519906e+00
-2.122497249724972779e+00 -7.109210956487651778e+00
-2.121892189218922198e+00 -7.107616000343154994e+00
-2.121287128712871173e+00 -7.106021104294648616e+00
-2.120682068206821036e+00 -7.104426268372755260e+00
-2.120077007700770011e+00 -7.102831492608094877e+00
-2.119471947194719874e+00 -7.101236777031292746e+00
-2.118866886688668849e+00 -7.099642121672960826e+00
-2.118261826182618712e+00 -7.098047526563734166e+00
-2.117656765676567687e+00 -7.096452991734222948e+00
-2.117051705170517550e+00 -7.094858517215052451e+00
-2.116446644664466525e+00 -7.093264103036843515e+00
-2.115841584158415944e+00 -7.091669749230218756e+00
-2.115236523652365364e+00 -7.090075455825799011e+00
-2.114631463146314783e+00 -7.088481222854204233e+00
-2.114026402640264202e+00 -7.086887050346058814e+00
-2.113421342134213621e+00 -7.085292938331980928e+00
-2.112816281628163040e+00 -7.083698886842593190e+00
-2.112211221122112459e+00 -7.082104895908517328e+00
-2.111606160616061878e+00 -7.080510965560376846e+00
-2.111001100110011297e+00 -7.078917095828785477e+00
-2.110396039603960716e+00 -7.077323286744373831e+00
-2.109790979097909691e+00 -7.075729538337755642e+00
-2.109185918591859554e+00 -7.074135850639558853e+00
-2.108580858085808529e+00 -7.072542223680401641e+00
-2.107975797579758392e+00 -7.070948657490905731e+00
-2.107370737073707367e+00 -7.069355152101690187e+00
-2.106765676567657231e+00 -7.067761707543381178e+00
-2.106160616061606206e+00 -7.066168323846595101e+00
-2.105555555555556069e+00 -7.064575001041955460e+00
-2.104950495049505044e+00 -7.062981739160084871e+00
-2.104345434543454463e+00 -7.061388538231603285e+00
-2.103740374037403882e+00 -7.059795398287132429e+00
-2.103135313531353301e+00 -7.058202319357294030e+00
-2.102530253025302720e+00 -7.056609301472707152e+00
-2.101925192519252139e+00 -7.055016344663997074e+00
-2.101320132013201558e+00 -7.053423448961781084e+00
-2.100715071507150977e+00 -7.051830614396687125e+00
-2.100110011001100396e+00 -7.050237840999327155e+00
-2.099504950495049815e+00 -7.048645128800329118e+00
-2.098899889988999234e+00 -7.047052477830312966e+00
-2.098294829482948209e+00 -7.045459888119898650e+00
-2.097689768976898073e+00 -7.043867359699710562e+00
-2.097084708470847048e+00 -7.042274892600365099e+00
-2.096479647964796911e+00 -7.040682486852490207e+00
-2.095874587458745886e+00 -7.039090142486699619e+00
-2.095269526952695749e+00 -7.037497859533623057e+00
-2.094664466446644724e+00 -7.035905638023873365e+00
-2.094059405940594587e+00 -7.034313477988080265e+00
-2.093454345434543562e+00 -7.032721379456857491e+00
-2.092849284928492981e+00 -7.031129342460833875e+00
-2.092244224422442400e+00 -7.029537367030623152e+00
-2.091639163916391819e+00 -7.027945453196851489e+00
-2.091034103410341238e+00 -7.026353600990139725e+00
-2.090429042904290657e+00 -7.024761810441108700e+00
-2.089823982398240076e+00 -7.023170081580379254e+00
-2.089218921892189496e+00 -7.021578414438573112e+00
-2.088613861386138915e+00 -7.019986809046311116e+00
-2.088008800880087890e+00 -7.018395265434214991e+00
-2.087403740374037753e+00 -7.016803783632909131e+00
-2.086798679867986728e+00 -7.015212363673009044e+00
-2.086193619361936591e+00 -7.013621005585140900e+00
-2.085588558855885566e+00 -7.012029709399923760e+00
-2.084983498349835429e+00 -7.010438475147980242e+00
-2.084378437843784404e+00 -7.008847302859928519e+00
-2.083773377337734267e+00 -7.007256192566396535e+00
-2.083168316831683242e+00 -7.005665144297996250e+00
-2.082563256325632661e+00 -7.004074158085360047e+00
-2.081958195819582080e+00 -7.002483233959100772e+00
-2.081353135313531499e+00 -7.000892371949842818e+00
-2.080748074807480918e+00 -6.999301572088207912e+00
-2.080143014301430338e+00 -6.997710834404816005e+00
-2.079537953795379757e+00 -6.996120158930290600e+00
-2.078932893289329176e+00 -6.994529545695248984e+00
-2.078327832783278595e+00 -6.992938994730318214e+00
-2.077722772277228014e+00 -6.991348506066115576e+00
-2.077117711771177433e+00 -6.989758079733263685e+00
-2.076512651265126408e+00 -6.988167715762381604e+00
-2.075907590759076271e+00 -6.986577414184095502e+00
-2.075302530253025246e+00 -6.984987175029022666e+00
-2.074697469746975109e+00 -6.983396998327789262e+00
-2.074092409240924084e+00 -6.981806884111009914e+00
-2.073487348734873947e+00 -6.980216832409311678e+00
-2.072882288228822922e+00 -6.978626843253311840e+00
-2.072277227722772786e+00 -6.977036916673635680e+00
-2.071672167216721760e+00 -6.975447052700899597e+00
-2.071067106710671180e+00 -6.973857251365729759e+00
-2.070462046204620599e+00 -6.972267512698744341e+00
-2.069856985698570018e+00 -6.970677836730568622e+00
-2.069251925192519437e+00 -6.969088223491819001e+00
-2.068646864686468856e+00 -6.967498673013118093e+00
-2.068041804180418275e+00 -6.965909185325090291e+00
-2.067436743674367694e+00 -6.964319760458354658e+00
-2.066831683168317113e+00 -6.962730398443533808e+00
-2.066226622662266532e+00 -6.961141099311245029e+00
-2.065621562156215951e+00 -6.959551863092116264e+00
-2.065016501650164926e+00 -6.957962689816762136e+00
-2.064411441144114789e+00 -6.956373579515809702e+00
-2.063806380638063764e+00 -6.954784532219878912e+00
-2.063201320132013628e+00 -6.953195547959589717e+00
-2.062596259625962603e+00 -6.951606626765560293e+00
-2.061991199119912466e+00 -6.950017768668420359e+00
-2.061386138613861441e+00 -6.948428973698782762e+00
-2.060781078107811304e+00 -6.946840241887276335e+00
-2.060176017601760279e+00 -6.945251573264513922e+00
-2.059570957095709698e+00 -6.943662967861124358e+00
-2.058965896589659117e+00 -6.942074425707727592e+00
-2.058360836083608536e+00 -6.940485946834943576e+00
-2.057755775577557955e+00 -6.938897531273392261e+00
-2.057150715071507374e+00 -6.937309179053697150e+00
-2.056545654565456793e+00 -6.935720890206479972e+00
-2.055940594059406212e+00 -6.934132664762360676e+00
-2.055335533553355631e+00 -6.932544502751960991e+00
-2.054730473047304606e+00 -6.930956404205900867e+00
-2.054125412541254470e+00 -6.929368369154806473e+00
-2.053520352035203445e+00 -6.927780397629291542e+00
-2.052915291529153308e+00 -6.926192489659988460e+00
-2.052310231023102283e+00 -6.924604645277503856e+00
-2.051705170517052146e+00 -6.923016864512474555e+00
-2.051100110011001121e+00 -6.921429147395508963e+00
-2.050495049504950984e+00 -6.919841493957239464e+00
-2.049889988998899959e+00 -6.918253904228275353e+00
-2.049284928492849822e+00 -6.916666378239252566e+00
-2.048679867986798797e+00 -6.915078916020777733e+00
-2.048074807480748216e+00 -6.913491517603481462e+00
-2.047469746974697635e+00 -6.911904183017981929e+00
-2.046864686468647054e+00 -6.910316912294900860e+00
-2.046259625962596473e+00 -6.908729705464862647e+00
-2.045654565456545892e+00 -6.907142562558485466e+00
-2.045049504950495312e+00 -6.905555483606388378e+00
-2.044444444444444731e+00 -6.903968468639199330e+00
-2.043839383938394150e+00 -6.902381517687533830e+00
-2.043234323432343125e+00 -6.900794630782014494e+00
-2.042629262926292988e+00 -6.899207807953266602e+00
-2.042024202420241963e+00 -6.897621049231903889e+00
-2.041419141914191826e+00 -6.896034354648557851e+00
-2.040814081408140801e+00 -6.894447724233839558e+00
-2.040209020902090664e+00 -6.892861158018380507e+00
-2.039603960396039639e+00 -6.891274656032789991e+00
-2.038998899889989502e+00 -6.889688218307702172e+00
-2.038393839383938477e+00 -6.888101844873727231e+00
-2.037788778877887896e+00 -6.886515535761494888e+00
-2.037183718371837315e+00 -6.884929291001622431e+00
-2.036578657865786735e+00 -6.883343110624730699e+00
-2.035973597359736154e+00 -6.881756994661444971e+00
-2.035368536853685573e+00 -6.880170943142381645e+00
-2.034763476347634992e+00 -6.878584956098166003e+00
-2.034158415841584411e+00 -6.876999033559417995e+00
-2.033553355335533830e+00 -6.875413175556756684e+00
-2.032948294829483249e+00 -6.873827382120806462e+00
-2.032343234323432668e+00 -6.872241653282189944e+00
-2.031738173817381643e+00 -6.870655989071524417e+00
-2.031133113311331506e+00 -6.869070389519432496e+00
-2.030528052805280481e+00 -6.867484854656536797e+00
-2.029922992299230344e+00 -6.865899384513460824e+00
-2.029317931793179319e+00 -6.864313979120819198e+00
-2.028712871287129182e+00 -6.862728638509241641e+00
-2.028107810781078157e+00 -6.861143362709340110e+00
-2.027502750275028021e+00 -6.859558151751746990e+00
-2.026897689768976996e+00 -6.857973005667072464e+00
-2.026292629262926415e+00 -6.856387924485945362e+00
-2.025687568756875834e+00 -6.854802908238985637e+00
-2.025082508250825253e+00 -6.853217956956811463e+00
-2.024477447744774672e+00 -6.851633070670049008e+00
-2.023872387238724091e+00 -6.850048249409315559e+00
-2.023267326732673510e+00 -6.848463493205236396e+00
-2.022662266226622929e+00 -6.846878802088427918e+00
-2.022057205720572348e+00 -6.845294176089515403e+00
-2.021452145214521767e+00 -6.843709615239118804e+00
-2.020847084708471186e+00 -6.842125119567860736e+00
-2.020242024202420161e+00 -6.840540689106362038e+00
-2.019636963696370024e+00 -6.838956323885241773e+00
-2.019031903190318999e+00 -6.837372023935123444e+00
-2.018426842684268863e+00 -6.835787789286628779e+00
-2.017821782178217838e+00 -6.834203619970376842e+00
-2.017216721672167701e+00 -6.832619516016992023e+00
-2.016611661166116676e+00 -6.831035477457094274e+00
-2.016006600660066539e+00 -6.829451504321304434e+00
-2.015401540154015514e+00 -6.827867596640244230e+00
-2.014796479647964933e+00 -6.826283754444535390e+00
-2.014191419141914352e+00 -6.824699977764798753e+00
-2.013586358635863771e+00 -6.823116266631656046e+00
-2.012981298129813190e+00 -6.821532621075729885e+00
-2.012376237623762609e+00 -6.819949041127639333e+00
-2.011771177117712028e+00 -6.818365526818006117e+00
-2.011166116611661447e+00 -6.816782078177454629e+00
-2.010561056105610866e+00 -6.815198695236601267e+00
-2.009955995599559841e+00 -6.813615378026071312e+00
-2.009350935093509705e+00 -6.812032126576485602e+00
-2.008745874587458680e+00 -6.810448940918460536e+00
-2.008140814081408543e+00 -6.808865821082625835e+00
-2.007535753575357518e+00 -6.807282767099596121e+00
-2.006930693069307381e+00 -6.805699778999997562e+00
-2.006325632563256356e+00 -6.804116856814445669e+00
-2.005720572057206219e+00 -6.802534000573571049e+00
-2.005115511551155194e+00 -6.800951210307984773e+00
-2.004510451045105057e+00 -6.799368486048313898e+00
-2.003905390539054032e+00 -6.797785827825179261e+00
-2.003300330033003451e+00 -6.796203235669200815e+00
-2.002695269526952870e+00 -6.794620709611001175e+00
-2.002090209020902289e+00 -6.793038249681201179e+00
-2.001485148514851709e+00 -6.791455855910422557e+00
-2.000880088008801128e+00 -6.789873528329287034e+00
-2.000275027502750547e+00 -6.788291266968412785e+00
-1.999669966996699966e+00 -6.786709071858428644e+00
-1.999064906490649385e+00 -6.785126943029947455e+00
-1.998459845984598804e+00 -6.783544880513596276e+00
-1.997854785478548223e+00 -6.781962884339992392e+00
-1.997249724972497642e+00 -6.780380954539761085e+00
-1.996644664466447061e+00 -6.778799091143520528e+00
-1.996039603960396036e+00 -6.777217294181891560e+00
-1.995434543454345455e+00 -6.775635563685502127e+00
-1.994829482948294874e+00 -6.774053899684963298e+00
-1.994224422442244293e+00 -6.772472302210906570e+00
-1.993619361936193712e+00 -6.770890771293947452e+00
-1.993014301430143131e+00 -6.769309306964707673e+00
-1.992409240924092551e+00 -6.767727909253808960e+00
-1.991804180418041970e+00 -6.766146578191875705e+00
-1.991199119911991389e+00 -6.764565313809523417e+00
-1.990594059405940808e+00 -6.762984116137380930e+00
-1.989988998899890227e+00 -6.761402985206062866e+00
-1.989383938393839646e+00 -6.759821921046194504e+00
-1.988778877887789065e+00 -6.758240923688395796e+00
-1.988173817381738484e+00 -6.756659993163285804e+00
-1.987568756875687903e+00 -6.755079129501490698e+00
-1.986963696369637322e+00 -6.753498332733629539e+00
-1.986358635863586741e+00 -6.751917602890323167e+00
-1.985753575357536160e+00 -6.750336940002192421e+00
-1.985148514851485579e+00 -6.748756344099859916e+00
-1.984543454345434554e+00 -6.747175815213946493e+00
-1.983938393839383973e+00 -6.745595353375074765e+00
-1.983333333333333393e+00 -6.744014958613863797e+00
-1.982728272827282812e+00 -6.742434630960937980e+00
-1.982123212321232231e+00 -6.740854370446916377e+00
-1.981518151815181650e+00 -6.739274177102421604e+00
-1.980913091309131069e+00 -6.737694050958073611e+00
-1.980308030803080488e+00 -6.736113992044494125e+00
-1.979702970297029907e+00 -6.734534000392304876e+00
-1.979097909790979326e+00 -6.732954076032127588e+00
-1.978492849284928745e+00 -6.731374218994583991e+00
-1.977887788778878164e+00 -6.729794429310294035e+00
-1.977282728272827583e+00 -6.728214707009881224e+00
-1.976677667766777002e+00 -6.726635052123963732e+00
-1.976072607260726421e+00 -6.725055464683165063e+00
-1.975467546754675841e+00 -6.723475944718106057e+00
-1.974862486248625260e+00 -6.721896492259408440e+00
-1.974257425742574679e+00 -6.720317107337693940e+00
-1.973652365236523654e+00 -6.718737789983580733e+00
-1.973047304730473073e+00 -6.717158540227695873e+00
-1.972442244224422492e+00 -6.715579358100655760e+00
-1.971837183718371911e+00 -6.714000243633083898e+00
-1.971232123212321330e+00 -6.712421196855599348e+00
-1.970627062706270749e+00 -6.710842217798829168e+00
-1.970022002200220168e+00 -6.709263306493390644e+00
-1.969416941694169587e+00 -6.707684462969904615e+00
-1.968811881188119006e+00 -6.706105687258991921e+00
-1.968206820682068425e+00 -6.704526979391277841e+00
-1.967601760176017844e+00 -6.702948339397379662e+00
-1.966996699669967263e+00 -6.701369767307922665e+00
-1.966391639163916683e+00 -6.699791263153522358e+00
-1.965786578657866102e+00 -6.698212826964806688e+00
-1.965181518151815521e+00 -6.696634458772392051e+00
-1.964576457645764940e+00 -6.695056158606903729e+00
-1.963971397139714359e+00 -6.693477926498959896e+00
-1.963366336633663778e+00 -6.691899762479184055e+00
-1.962761276127613197e+00 -6.690321666578195270e+00
-1.962156215621562172e+00 -6.688743638826617044e+00
-1.961551155115511591e+00 -6.687165679255070216e+00
-1.960946094609461010e+00 -6.685587787894174738e+00
-1.960341034103410429e+00 -6.684009964774554113e+00
-1.959735973597359848e+00 -6.682432209926828293e+00
-1.959130913091309267e+00 -6.680854523381619003e+00
-1.958525852585258686e+00 -6.679276905169547973e+00
-1.957920792079208105e+00 -6.677699355321237817e+00
-1.957315731573157525e+00 -6.676121873867305823e+00
-1.956710671067106944e+00 -6.674544460838376381e+00
-1.956105610561056363e+00 -6.672967116265072107e+00
-1.955500550055005782e+00 -6.671389840178011177e+00
-1.954895489548955201e+00 -6.669812632607816205e+00
-1.954290429042904620e+00 -6.668235493585109808e+00
-1.953685368536854039e+00 -6.666658423140511935e+00
-1.953080308030803458e+00 -6.665081421304643428e+00
-1.952475247524752877e+00 -6.663504488108127788e+00
-1.951870187018702296e+00 -6.661927623581585856e+00
-1.951265126512651271e+00 -6.660350827755635805e+00
-1.950660066006600690e+00 -6.658774100660902029e+00
-1.950055005500550109e+00 -6.657197442328006254e+00
-1.949449944994499528e+00 -6.655620852787568431e+00
-1.948844884488448947e+00 -6.654044332070210288e+00
-1.948239823982398367e+00 -6.652467880206554440e+00
-1.947634763476347786e+00 -6.650891497227219951e+00
-1.947029702970297205e+00 -6.649315183162831211e+00
-1.946424642464246624e+00 -6.647738938044005508e+00
-1.945819581958196043e+00 -6.646162761901367233e+00
-1.945214521452145462e+00 -6.644586654765537226e+00
-1.944609460946094881e+00 -6.643010616667136325e+00
-1.944004400440044300e+00 -6.641434647636786259e+00
-1.943399339933993719e+00 -6.639858747705108755e+00
-1.942794279427943138e+00 -6.638282916902724651e+00
-1.942189218921892557e+00 -6.636707155260253899e+00
-1.941584158415841976e+00 -6.635131462808320890e+00
-1.940979097909791395e+00 -6.633555839577543800e+00
-1.940374037403740815e+00 -6.631980285598547020e+00
-1.939768976897689789e+00 -6.630404800901947837e+00
-1.939163916391639209e+00 -6.628829385518373307e+00
-1.938558855885588628e+00 -6.627254039478440717e+00
-1.937953795379538047e+00 -6.625678762812773570e+00
-1.937348734873487466e+00 -6.624103555551990041e+00
-1.936743674367436885e+00 -6.622528417726716299e+00
-1.936138613861386304e+00 -6.620953349367568741e+00
-1.935533553355335723e+00 -6.619378350505170872e+00
-1.934928492849285142e+00 -6.617803421170145306e+00
-1.934323432343234561e+00 -6.616228561393113772e+00
-1.933718371837183980e+00 -6.614653771204693555e+00
-1.933113311331133399e+00 -6.613079050635510825e+00
-1.932508250825082818e+00 -6.611504399716181979e+00
-1.931903190319032237e+00 -6.609929818477332297e+00
-1.931298129812981657e+00 -6.608355306949581731e+00
-1.930693069306931076e+00 -6.606780865163553784e+00
-1.930088008800880495e+00 -6.605206493149865743e+00
-1.929482948294829914e+00 -6.603632190939142887e+00
-1.928877887788778889e+00 -6.602057958562003392e+00
-1.928272827282728308e+00 -6.600483796049068985e+00
-1.927667766776677727e+00 -6.598909703430964058e+00
-1.927062706270627146e+00 -6.597335680738306785e+00
-1.926457645764576565e+00 -6.595761728001722446e+00
-1.925852585258525984e+00 -6.594187845251826552e+00
-1.925247524752475403e+00 -6.592614032519245271e+00
-1.924642464246424822e+00 -6.591040289834598553e+00
-1.924037403740374241e+00 -6.589466617228506351e+00
-1.923432343234323660e+00 -6.587893014731593055e+00
-1.922827282728273079e+00 -6.586319482374475953e+00
-1.922222222222222499e+00 -6.584746020187781212e+00
-1.921617161716171918e+00 -6.583172628202127008e+00
-1.921012101210121337e+00 -6.581599306448133291e+00
-1.920407040704070756e+00 -6.580026054956425341e+00
-1.919801980198020175e+00 -6.578452873757622221e+00
-1.919196919691969594e+00 -6.576879762882346547e+00
-1.918591859185919013e+00 -6.575306722361217382e+00
-1.917986798679868432e+00 -6.573733752224858229e+00
-1.917381738173817407e+00 -6.572160852503888151e+00
-1.916776677667766826e+00 -6.570588023228931540e+00
-1.916171617161716245e+00 -6.569015264430609236e+00
-1.915566556655665664e+00 -6.567442576139541188e+00
-1.914961496149615083e+00 -6.565869958386348237e+00
-1.914356435643564502e+00 -6.564297411201655663e+00
-1.913751375137513921e+00 -6.562724934616079864e+00
-1.913146314631463341e+00 -6.561152528660245231e+00
-1.912541254125412760e+00 -6.559580193364771716e+00
-1.911936193619362179e+00 -6.558007928760281047e+00
-1.911331133113311598e+00 -6.556435734877394061e+00
-1.910726072607261017e+00 -6.554863611746735153e+00
-1.910121012101210436e+00 -6.553291559398921606e+00
-1.909515951595159855e+00 -6.551719577864577815e+00
-1.908910891089109274e+00 -6.550147667174321064e+00
-1.908305830583058693e+00 -6.548575827358776635e+00
-1.907700770077008112e+00 -6.547004058448566255e+00
-1.907095709570957531e+00 -6.545432360474308986e+00
-1.906490649064906506e+00 -6.543860733466625668e+00
-1.905885588558855925e+00 -6.542289177456140692e+00
-1.905280528052805344e+00 -6.540717692473472233e+00
-1.904675467546754764e+00 -6.539146278549244684e+00
-1.904070407040704183e+00 -6.537574935714077995e+00
-1.903465346534653602e+00 -6.536003663998593005e+00
-1.902860286028603021e+00 -6.534432463433410554e+00
-1.902255225522552440e+00 -6.532861334049153257e+00
-1.901650165016501859e+00 -6.531290275876443729e+00
-1.901045104510451278e+00 -6.529719288945898370e+00
-1.900440044004400697e+00 -6.528148373288145123e+00
-1.899834983498350116e+00 -6.526577528933800387e+00
-1.899229922992299535e+00 -6.525006755913487666e+00
-1.898624862486248954e+00 -6.523436054257827799e+00
-1.898019801980198373e+00 -6.521865423997444289e+00
-1.897414741474147792e+00 -6.520294865162953535e+00
-1.896809680968097211e+00 -6.518724377784982593e+00
-1.896204620462046631e+00 -6.517153961894146974e+00
-1.895599559955995606e+00 -6.515583617521072846e+00
-1.894994499449945025e+00 -6.514013344696380159e+00
-1.894389438943894444e+00 -6.512443143450690641e+00
-1.893784378437843863e+00 -6.510873013814625132e+00
-1.893179317931793282e+00 -6.509302955818804470e+00
-1.892574257425742701e+00 -6.507732969493849495e+00
-1.891969196919692120e+00 -6.506163054870382823e+00
-1.891364136413641539e+00 -6.504593211979026179e+00
-1.890759075907590958e+00 -6.503023440850397741e+00
-1.890154015401540377e+00 -6.501453741515124563e+00
-1.889548954895489796e+00 -6.499884114003823932e+00
-1.888943894389439215e+00 -6.498314558347118464e+00
-1.888338833883388634e+00 -6.496745074575629886e+00
-1.887733773377338053e+00 -6.495175662719977261e+00
-1.887128712871287473e+00 -6.493606322810783205e+00
-1.886523652365236892e+00 -6.492037054878671221e+00
-1.885918591859186311e+00 -6.490467858954261260e+00
-1.885313531353135730e+00 -6.488898735068172385e+00
-1.884708470847085149e+00 -6.487329683251028101e+00
-1.884103410341034124e+00 -6.485760703533449245e+00
-1.883498349834983543e+00 -6.484191795946057546e+00
-1.882893289328932962e+00 -6.482622960519476507e+00
-1.882288228822882381e+00 -6.481054197284323415e+00
-1.881683168316831800e+00 -6.479485506271221773e+00
-1.881078107810781219e+00 -6.477916887510791533e+00
-1.880473047304730638e+00 -6.476348341033657086e+00
-1.879867986798680057e+00 -6.474779866870439271e+00
-1.879262926292629476e+00 -6.473211465051754487e+00
-1.878657865786578895e+00 -6.471643135608229791e+00
-1.878052805280528315e+00 -6.470074878570484245e+00
-1.877447744774477734e+00 -6.468506693969140464e+00
-1.876842684268427153e+00 -6.466938581834817512e+00
-1.876237623762376572e+00 -6.465370542198138892e+00
-1.875632563256325991e+00 -6.463802575089723668e+00
-1.875027502750275410e+00 -6.462234680540195342e+00
-1.874422442244224829e+00 -6.460666858580173866e+00
-1.873817381738174248e+00 -6.459099109240281855e+00
-1.873212321232123223e+00 -6.457531432551140149e+00
-1.872607260726072642e+00 -6.455963828543369587e+00
-1.872002200220022061e+00 -6.454396297247592784e+00
-1.871397139713971480e+00 -6.452828838694428804e+00
-1.870792079207920899e+00 -6.451261452914503813e+00
-1.870187018701870318e+00 -6.449694139938433324e+00
-1.869581958195819738e+00 -6.448126899796843503e+00
-1.868976897689769157e+00 -6.446559732520350749e+00
-1.868371837183718576e+00 -6.444992638139581231e+00
-1.867766776677667995e+00 -6.443425616685154012e+00
-1.867161716171617414e+00 -6.441858668187689929e+00
-1.866556655665566833e+00 -6.440291792677811600e+00
-1.865951595159516252e+00 -6.438724990186140751e+00
-1.865346534653465671e+00 -6.437158260743296445e+00
-1.864741474147415090e+00 -6.435591604379903075e+00
-1.864136413641364509e+00 -6.434025021126578814e+00
-1.863531353135313928e+00 -6.432458511013947167e+00
-1.862926292629263347e+00 -6.430892074072630749e+00
-1.862321232123212766e+00 -6.429325710333245958e+00
-1.861716171617161741e+00 -6.427759419826418075e+00
-1.861111111111111160e+00 -6.426193202582768826e+00
-1.860506050605060580e+00 -6.424627058632919052e+00
-1.859900990099009999e+00 -6.423060988007488703e+00
-1.859295929592959418e+00 -6.421494990737100395e+00
-1.858690869086908837e+00 -6.419929066852375854e+00
-1.858085808580858256e+00 -6.418363216383935033e+00
-1.857480748074807675e+00 -6.416797439362398769e+00
-1.856875687568757094e+00 -6.415231735818390568e+00
-1.856270627062706513e+00 -6.413666105782531268e+00
-1.855665566556655932e+00 -6.412100549285440820e+00
-1.855060506050605351e+00 -6.410535066357742728e+00
-1.854455445544554770e+00 -6.408969657030056055e+00
-1.853850385038504189e+00 -6.407404321333004305e+00
-1.853245324532453608e+00 -6.405839059297207427e+00
-1.852640264026403027e+00 -6.404273870953288039e+00
-1.852035203520352447e+00 -6.402708756331865203e+00
-1.851430143014301866e+00 -6.401143715463563311e+00
-1.850825082508250841e+00 -6.399578748378999649e+00
-1.850220022002200260e+00 -6.398013855108800385e+00
-1.849614961496149679e+00 -6.396449035683584583e+00
-1.849009900990099098e+00 -6.394884290133973082e+00
-1.848404840484048517e+00 -6.393319618490586720e+00
-1.847799779977997936e+00 -6.391755020784048114e+00
-1.847194719471947355e+00 -6.390190497044979878e+00
-1.846589658965896774e+00 -6.388626047304000188e+00
-1.845984598459846193e+00 -6.387061671591734324e+00
-1.845379537953795612e+00 -6.385497369938800460e+00
-1.844774477447745031e+00 -6.383933142375822101e+00
-1.844169416941694450e+00 -6.382368988933418308e+00
-1.843564356435643870e+00 -6.380804909642211697e+00
-1.842959295929593289e+00 -6.379240904532823109e+00
-1.842354235423542708e+00 -6.377676973635876934e+00
-1.841749174917492127e+00 -6.376113116981986906e+00
-1.841144114411441546e+00 -6.374549334601782746e+00
-1.840539053905390965e+00 -6.372985626525882630e+00
-1.839933993399340384e+00 -6.371421992784907395e+00
-1.839328932893289359e+00 -6.369858433409479659e+00
-1.838723872387238778e+00 -6.368294948430216706e+00
-1.838118811881188197e+00 -6.366731537877746483e+00
-1.837513751375137616e+00 -6.365168201782686275e+00
-1.836908690869087035e+00 -6.363604940175658697e+00
-1.836303630363036454e+00 -6.362041753087283702e+00
-1.835698569856985873e+00 -6.360478640548183904e+00
-1.835093509350935292e+00 -6.358915602588980143e+00
-1.834488448844884712e+00 -6.357352639240293257e+00
-1.833883388338834131e+00 -6.355789750532746751e+00
-1.833278327832783550e+00 -6.354226936496958800e+00
-1.832673267326732969e+00 -6.352664197163555571e+00
-1.832068206820682388e+00 -6.351101532563153462e+00
-1.831463146314631807e+00 -6.349538942726374202e+00
-1.830858085808581226e+00 -6.347976427683842182e+00
-1.830253025302530645e+00 -6.346413987466177353e+00
-1.829647964796480064e+00 -6.344851622104002331e+00
-1.829042904290429483e+00 -6.343289331627936178e+00
-1.828437843784378458e+00 -6.341727116068597958e+00
-1.827832783278327877e+00 -6.340164975456615615e+00
-1.827227722772277296e+00 -6.338602909822606435e+00
-1.826622662266226715e+00 -6.337040919197194810e+00
-1.826017601760176134e+00 -6.335479003610997140e+00
-1.825412541254125554e+00 -6.333917163094638703e+00
-1.824807480748074973e+00 -6.332355397678738562e+00
-1.824202420242024392e+00 -6.330793707393921110e+00
-1.823597359735973811e+00 -6.329232092270804522e+00
-1.822992299229923230e+00 -6.327670552340011412e+00
-1.822387238723872649e+00 -6.326109087632163508e+00
-1.821782178217822068e+00 -6.324547698177880761e+00
-1.821177117711771487e+00 -6.322986384007787564e+00
-1.820572057205720906e+00 -6.321425145152501202e+00
-1.819966996699670325e+00 -6.319863981642646955e+00
-1.819361936193619744e+00 -6.318302893508842111e+00
-1.818756875687569163e+00 -6.316741880781712837e+00
-1.818151815181518582e+00 -6.315180943491876420e+00
-1.817546754675468001e+00 -6.313620081669957251e+00
-1.816941694169416976e+00 -6.312059295346571730e+00
-1.816336633663366396e+00 -6.310498584552348689e+00
-1.815731573157315815e+00 -6.308937949317903637e+00
-1.815126512651265234e+00 -6.307377389673859192e+00
-1.814521452145214653e+00 -6.305816905650839743e+00
-1.813916391639164072e+00 -6.304256497279461691e+00
-1.813311331133113491e+00 -6.302696164590351202e+00
-1.812706270627062910e+00 -6.301135907614124676e+00
-1.812101210121012329e+00 -6.299575726381409169e+00
-1.811496149614961748e+00 -6.298015620922821078e+00
-1.810891089108911167e+00 -6.296455591268985685e+00
-1.810286028602860586e+00 -6.294895637450519388e+00
-1.809680968096810005e+00 -6.293335759498050130e+00
-1.809075907590759424e+00 -6.291775957442192535e+00
-1.808470847084708844e+00 -6.290216231313571882e+00
-1.807865786578658263e+00 -6.288656581142809898e+00
-1.807260726072607682e+00 -6.287097006960526535e+00
-1.806655665566557101e+00 -6.285537508797343520e+00
-1.806050605060506076e+00 -6.283978086683879916e+00
-1.805445544554455495e+00 -6.282418740650761890e+00
-1.804840484048404914e+00 -6.280859470728608507e+00
-1.804235423542354333e+00 -6.279300276948040604e+00
-1.803630363036303752e+00 -6.277741159339679911e+00
-1.803025302530253171e+00 -6.276182117934148152e+00
-1.802420242024202590e+00 -6.274623152762064393e+00
-1.801815181518152009e+00 -6.273064263854053024e+00
-1.801210121012101428e+00 -6.271505451240733997e+00
-1.800605060506050847e+00 -6.269946714952729039e+00
-1.800000000000000266e+00 -6.268388055020659877e+00
-1.799394939493949686e+00 -6.266829471481257130e+00
-1.798789878987899105e+00 -6.265270964395703857e+00
-1.798184818481848524e+00 -6.263712533831291118e+00
-1.797579757975797943e+00 -6.262154179855306424e+00
-1.796974697469747362e+00 -6.260595902535045276e+00
-1.796369636963696781e+00 -6.259037701937796960e+00
-1.795764576457646200e+00 -6.257479578130853426e+00
-1.795159515951595175e+00 -6.255921531181503958e+00
-1.794554455445544594e+00 -6.254363561157043172e+00
-1.793949394939494013e+00 -6.252805668124760352e+00
-1.793344334433443432e+00 -6.251247852151946560e+00
-1.792739273927392851e+00 -6.249690113305896411e+00
-1.792134213421342270e+00 -6.248132451653895636e+00
-1.791529152915291689e+00 -6.246574867263237962e+00
-1.790924092409241108e+00 -6.245017360201219780e+00
-1.790319031903190528e+00 -6.243459930535122382e+00
-1.789713971397139947e+00 -6.241902578332243934e+00
-1.789108910891089366e+00 -6.240345303659874610e+00
-1.788503850385038785e+00 -6.238788106585306359e+00
-1.787898789878988204e+00 -6.237230987175828467e+00
-1.787293729372937623e+00 -6.235673945498731996e+00
-1.786688668866887042e+00 -6.234116981621311560e+00
-1.786083608360836461e+00 -6.232560095610856443e+00
-1.785478547854785880e+00 -6.231003287534655932e+00
-1.784873487348735299e+00 -6.229446557460003753e+00
-1.784268426842684718e+00 -6.227889905454191855e+00
-1.783663366336633693e+00 -6.226333331584507746e+00
-1.783058305830583112e+00 -6.224776835918246931e+00
-1.782453245324532531e+00 -6.223220418522699582e+00
-1.781848184818481950e+00 -6.221664079465156760e+00
-1.781243124312431370e+00 -6.220107818812908640e+00
-1.780638063806380789e+00 -6.218551636633248059e+00
-1.780033003300330208e+00 -6.216995532993466078e+00
-1.779427942794279627e+00 -6.215439507960851984e+00
-1.778822882288229046e+00 -6.213883561602701278e+00
-1.778217821782178465e+00 -6.212327693986302357e+00
-1.777612761276127884e+00 -6.210771905178944507e+00
-1.777007700770077303e+00 -6.209216195247924119e+00
-1.776402640264026722e+00 -6.207660564260526925e+00
-1.775797579757976141e+00 -6.206105012284048428e+00
-1.775192519251925560e+00 -6.204549539385779688e+00
-1.774587458745874979e+00 -6.202994145633009992e+00
-1.773982398239824398e+00 -6.201438831093029513e+00
-1.773377337733773818e+00 -6.199883595833132865e+00
-1.772772277227722793e+00 -6.198328439920607558e+00
-1.772167216721672212e+00 -6.196773363422751757e+00
-1.771562156215621631e+00 -6.195218366406849420e+00
-1.770957095709571050e+00 -6.193663448940197824e+00
-1.770352035203520469e+00 -6.192108611090080927e+00
-1.769746974697469888e+00 -6.190553852923796896e+00
-1.769141914191419307e+00 -6.188999174508635015e+00
-1.768536853685368726e+00 -6.187444575911883682e+00
-1.767931793179318145e+00 -6.185890057200838399e+00
-1.767326732673267564e+00 -6.184335618442787563e+00
-1.766721672167216983e+00 -6.182781259705024013e+00
-1.766116611661166402e+00 -6.181226981054837033e+00
-1.765511551155115821e+00 -6.179672782559521238e+00
-1.764906490649065240e+00 -6.178118664286364137e+00
-1.764301430143014660e+00 -6.176564626302661232e+00
-1.763696369636964079e+00 -6.175010668675700032e+00
-1.763091309130913498e+00 -6.173456791472774263e+00
-1.762486248624862917e+00 -6.171902994761174988e+00
-1.761881188118812336e+00 -6.170349278608191490e+00
-1.761276127612761311e+00 -6.168795643081115720e+00
-1.760671067106710730e+00 -6.167242088247240517e+00
-1.760066006600660149e+00 -6.165688614173856941e+00
-1.759460946094609568e+00 -6.164135220928254277e+00
-1.758855885588558987e+00 -6.162581908577727141e+00
-1.758250825082508406e+00 -6.161028677189563929e+00
-1.757645764576457825e+00 -6.159475526831056591e+00
-1.757040704070407244e+00 -6.157922457569496189e+00
-1.756435643564356663e+00 -6.156369469472177336e+00
-1.755830583058306082e+00 -6.154816562606385766e+00
-1.755225522552255502e+00 -6.153263737039416093e+00
-1.754620462046204921e+00 -6.151710992838558489e+00
-1.754015401540154340e+00 -6.150158330071107571e+00
-1.753410341034103759e+00 -6.148605748804350846e+00
-1.752805280528053178e+00 -6.147053249105579376e+00
-1.752200220022002597e+00 -6.145500831042086887e+00
-1.751595159515952016e+00 -6.143948494681164441e+00
-1.750990099009901435e+00 -6.142396240090098658e+00
-1.750385038503850410e+00 -6.140844067336187706e+00
-1.749779977997799829e+00 -6.139291976486719982e+00
-1.749174917491749248e+00 -6.137739967608984770e+00
-1.748569856985698667e+00 -6.136188040770278462e+00
-1.747964796479648086e+00 -6.134636196037885902e+00
-1.747359735973597505e+00 -6.133084433479101705e+00
-1.746754675467546924e+00 -6.131532753161218707e+00
-1.746149614961496344e+00 -6.129981155151527084e+00
-1.745544554455445763e+00 -6.128429639517316119e+00
-1.744939493949395182e+00 -6.126878206325879539e+00
-1.744334433443344601e+00 -6.125326855644505741e+00
-1.743729372937294020e+00 -6.123775587540491117e+00
-1.743124312431243439e+00 -6.122224402081123174e+00
-1.742519251925192858e+00 -6.120673299333689421e+00
-1.741914191419142277e+00 -6.119122279365490691e+00
-1.741309130913091696e+00 -6.117571342243812715e+00
-1.740704070407041115e+00 -6.116020488035947444e+00
-1.740099009900990534e+00 -6.114469716809182387e+00
-1.739493949394939953e+00 -6.112919028630814822e+00
-1.738888888888888928e+00 -6.111368423568132258e+00
-1.738283828382838347e+00 -6.109817901688429309e+00
-1.737678767876787767e+00 -6.108267463058994373e+00
-1.737073707370737186e+00 -6.106717107747122064e+00
-1.736468646864686605e+00 -6.105166835820097226e+00
-1.735863586358636024e+00 -6.103616647345218027e+00
-1.735258525852585443e+00 -6.102066542389771975e+00
-1.734653465346534862e+00 -6.100516521021053684e+00
-1.734048404840484281e+00 -6.098966583306349776e+00
-1.733443344334433700e+00 -6.097416729312954864e+00
-1.732838283828383119e+00 -6.095866959108160010e+00
-1.732233223322332538e+00 -6.094317272759253612e+00
-1.731628162816281957e+00 -6.092767670333531171e+00
-1.731023102310231376e+00 -6.091218151898281974e+00
-1.730418041804180795e+00 -6.089668717520798857e+00
-1.729812981298130214e+00 -6.088119367268368443e+00
-1.729207920792079634e+00 -6.086570101208285344e+00
-1.728602860286029053e+00 -6.085020919407840623e+00
-1.727997799779978028e+00 -6.083471821934327117e+00
-1.727392739273927447e+00 -6.081922808855035001e+00
-1.726787678767876866e+00 -6.080373880237253559e+00
-1.726182618261826285e+00 -6.078825036148278294e+00
-1.725577557755775704e+00 -6.077276276655396714e+00
-1.724972497249725123e+00 -6.075727601825899882e+00
-1.724367436743674542e+00 -6.074179011727083299e+00
-1.723762376237623961e+00 -6.072630506426233588e+00
-1.723157315731573380e+00 -6.071082085990645361e+00
-1.722552255225522799e+00 -6.069533750487607016e+00
-1.721947194719472218e+00 -6.067985499984413167e+00
-1.721342134213421637e+00 -6.066437334548352212e+00
-1.720737073707371056e+00 -6.064889254246716099e+00
-1.720132013201320476e+00 -6.063341259146797668e+00
-1.719526952695269895e+00 -6.061793349315887980e+00
-1.718921892189219314e+00 -6.060245524821275431e+00
-1.718316831683168733e+00 -6.058697785730255525e+00
-1.717711771177118152e+00 -6.057150132110114882e+00
-1.717106710671067571e+00 -6.055602564028149892e+00
-1.716501650165016546e+00 -6.054055081551647177e+00
-1.715896589658965965e+00 -6.052507684747902239e+00
-1.715291529152915384e+00 -6.050960373684201699e+00
-1.714686468646864803e+00 -6.049413148427841946e+00
-1.714081408140814222e+00 -6.047866009046111380e+00
-1.713476347634763641e+00 -6.046318955606300172e+00
-1.712871287128713060e+00 -6.044771988175702049e+00
-1.712266226622662479e+00 -6.043225106821608072e+00
-1.711661166116611899e+00 -6.041678311611309304e+00
-1.711056105610561318e+00 -6.040131602612095918e+00
-1.710451045104510737e+00 -6.038584979891259863e+00
-1.709845984598460156e+00 -6.037038443516093977e+00
-1.709240924092409575e+00 -6.035491993553886658e+00
-1.708635863586358994e+00 -6.033945630071929855e+00
-1.708030803080308413e+00 -6.032399353137515519e+00
-1.707425742574257832e+00 -6.030853162817936486e+00
-1.706820682068207251e+00 -6.029307059180482931e+00
-1.706215621562156670e+00 -6.027761042292444138e+00
-1.705610561056105645e+00 -6.026215112221113834e+00
-1.705005500550055064e+00 -6.024669269033783081e+00
-1.704400440044004483e+00 -6.023123512797740275e+00
-1.703795379537953902e+00 -6.021577843580282696e+00
-1.703190319031903321e+00 -6.020032261448697852e+00
-1.702585258525852741e+00 -6.018486766470274141e+00
-1.701980198019802160e+00 -6.016941358712307064e+00
-1.701375137513751579e+00 -6.015396038242089460e+00
-1.700770077007700998e+00 -6.013850805126908838e+00
-1.700165016501650417e+00 -6.012305659434055372e+00
-1.699559955995599836e+00 -6.010760601230826339e+00
-1.698954895489549255e+00 -6.009215630584505696e+00
-1.698349834983498674e+00 -6.007670747562390723e+00
-1.697744774477448093e+00 -6.006125952231770704e+00
-1.697139713971397512e+00 -6.004581244659934924e+00
-1.696534653465346931e+00 -6.003036624914176222e+00
-1.695929592959296350e+00 -6.001492093061788324e+00
-1.695324532453245769e+00 -5.999947649170060515e+00
-1.694719471947195188e+00 -5.998403293306279416e+00
-1.694114411441144163e+00 -5.996859025537743193e+00
-1.693509350935093583e+00 -5.995314845931742020e+00
-1.692904290429043002e+00 -5.993770754555565183e+00
-1.692299229922992421e+00 -5.992226751476503743e+00
-1.691694169416941840e+00 -5.990682836761850538e+00
-1.691089108910891259e+00 -5.989139010478897518e+00
-1.690484048404840678e+00 -5.987595272694932191e+00
-1.689878987898790097e+00 -5.986051623477250061e+00
-1.689273927392739516e+00 -5.984508062893139524e+00
-1.688668866886688935e+00 -5.982964591009893418e+00
-1.688063806380638354e+00 -5.981421207894804581e+00
-1.687458745874587773e+00 -5.979877913615161411e+00
-1.686853685368537192e+00 -5.978334708238254969e+00
-1.686248624862486611e+00 -5.976791591831378980e+00
-1.685643564356436030e+00 -5.975248564461823619e+00
-1.685038503850385450e+00 -5.973705626196879948e+00
-1.684433443344334869e+00 -5.972162777103839915e+00
-1.683828382838284288e+00 -5.970620017249993694e+00
-1.683223322332233263e+00 -5.969077346702632347e+00
-1.682618261826182682e+00 -5.967534765529049601e+00
-1.682013201320132101e+00 -5.965992273796534739e+00
-1.681408140814081520e+00 -5.964449871572377937e+00
-1.680803080308030939e+00 -5.962907558923873808e+00
-1.680198019801980358e+00 -5.961365335918312525e+00
-1.679592959295929777e+00 -5.959823202622983374e+00
-1.678987898789879196e+00 -5.958281159105180969e+00
-1.678382838283828615e+00 -5.956739205432192819e+00
-1.677777777777778034e+00 -5.955197341671313538e+00
-1.677172717271727453e+00 -5.953655567889833300e+00
-1.676567656765676873e+00 -5.952113884155042278e+00
-1.675962596259626292e+00 -5.950572290534230646e+00
-1.675357535753575711e+00 -5.949030787094693906e+00
-1.674752475247525130e+00 -5.947489373903721344e+00
-1.674147414741474549e+00 -5.945948051028603132e+00
-1.673542354235423968e+00 -5.944406818536632997e+00
-1.672937293729373387e+00 -5.942865676495098448e+00
-1.672332233223322362e+00 -5.941324624971293211e+00
-1.671727172717271781e+00 -5.939783664032510124e+00
-1.671122112211221200e+00 -5.938242793746036696e+00
-1.670517051705170619e+00 -5.936702014179168430e+00
-1.669911991199120038e+00 -5.935161325399192833e+00
-1.669306930693069457e+00 -5.933620727473404521e+00
-1.668701870187018876e+00 -5.932080220469091891e+00
-1.668096809680968295e+00 -5.930539804453546893e+00
-1.667491749174917715e+00 -5.928999479494063252e+00
-1.666886688668867134e+00 -5.927459245657928477e+00
-1.666281628162816553e+00 -5.925919103012438072e+00
-1.665676567656765972e+00 -5.924379051624878656e+00
-1.665071507150715391e+00 -5.922839091562544844e+00
-1.664466446644664810e+00 -5.921299222892727698e+00
-1.663861386138614229e+00 -5.919759445682717391e+00
-1.663256325632563648e+00 -5.918219759999805873e+00
-1.662651265126513067e+00 -5.916680165911284206e+00
-1.662046204620462486e+00 -5.915140663484444339e+00
-1.661441144114411905e+00 -5.913601252786576445e+00
-1.660836083608360880e+00 -5.912061933884968923e+00
-1.660231023102310299e+00 -5.910522706846921714e+00
-1.659625962596259718e+00 -5.908983571739717000e+00
-1.659020902090209137e+00 -5.907444528630651170e+00
-1.658415841584158557e+00 -5.905905577587017063e+00
-1.657810781078107976e+00 -5.904366718676101300e+00
-1.657205720572057395e+00 -5.902827951965194941e+00
-1.656600660066006814e+00 -5.901289277521593490e+00
-1.655995599559956233e+00 -5.899750695412586232e+00
-1.655390539053905652e+00 -5.898212205705464228e+00
-1.654785478547855071e+00 -5.896673808467518541e+00
-1.654180418041804490e+00 -5.895135503766042007e+00
-1.653575357535753909e+00 -5.893597291668325688e+00
-1.652970297029703328e+00 -5.892059172241657095e+00
-1.652365236523652747e+00 -5.890521145553330840e+00
-1.651760176017602166e+00 -5.888983211670640650e+00
-1.651155115511551585e+00 -5.887445370660873145e+00
-1.650550055005501005e+00 -5.885907622591321164e+00
-1.649944994499449979e+00 -5.884369967529275769e+00
-1.649339933993399399e+00 -5.882832405542029797e+00
-1.648734873487348818e+00 -5.881294936696871645e+00
-1.648129812981298237e+00 -5.879757561061097704e+00
-1.647524752475247656e+00 -5.878220278701996371e+00
-1.646919691969197075e+00 -5.876683089686856043e+00
-1.646314631463146494e+00 -5.875145994082970446e+00
-1.645709570957095913e+00 -5.873608991957632419e+00
-1.645104510451045332e+00 -5.872072083378133023e+00
-1.644499449944994751e+00 -5.870535268411760654e+00
-1.643894389438944170e+00 -5.868998547125809040e+00
-1.643289328932893589e+00 -5.867461919587569241e+00
-1.642684268426843008e+00 -5.865925385864331432e+00
-1.642079207920792427e+00 -5.864388946023386673e+00
-1.641474147414741847e+00 -5.862852600132028691e+00
-1.640869086908691266e+00 -5.861316348257547659e+00
-1.640264026402640685e+00 -5.859780190467233751e+00
-1.639658965896590104e+00 -5.858244126828378917e+00
-1.639053905390539523e+00 -5.856708157408275106e+00
-1.638448844884488498e+00 -5.855172282274210716e+00
-1.637843784378437917e+00 -5.853636501493482136e+00
-1.637238723872387336e+00 -5.852100815133377765e+00
-1.636633663366336755e+00 -5.850565223261187775e+00
-1.636028602860286174e+00 -5.849029725944205893e+00
-1.635423542354235593e+00 -5.847494323249723180e+00
-1.634818481848185012e+00 -5.845959015245028922e+00
-1.634213421342134431e+00 -5.844423801997414181e+00
-1.633608360836083850e+00 -5.842888683574170905e+00
-1.633003300330033269e+00 -5.841353660042595486e+00
-1.632398239823982689e+00 -5.839818731469970992e+00
-1.631793179317932108e+00 -5.838283897923594701e+00
-1.631188118811881527e+00 -5.836749159470755011e+00
-1.630583058305830946e+00 -5.835214516178743871e+00
-1.629977997799780365e+00 -5.833679968114852343e+00
-1.629372937293729784e+00 -5.832145515346373266e+00
-1.628767876787679203e+00 -5.830611157940595923e+00
-1.628162816281628622e+00 -5.829076895964811378e+00
-1.627557755775577597e+00 -5.827542729486311579e+00
-1.626952695269527016e+00 -5.826008658572390253e+00
-1.626347634763476435e+00 -5.824474683290337573e+00
-1.625742574257425854e+00 -5.822940803707440161e+00
-1.625137513751375273e+00 -5.821407019890996182e+00
-1.624532453245324692e+00 -5.819873331908294034e+00
-1.623927392739274111e+00 -5.818339739826623003e+00
-1.623322332233223531e+00 -5.816806243713275926e+00
-1.622717271727172950e+00 -5.815272843635546529e+00
-1.622112211221122369e+00 -5.813739539660722322e+00
-1.621507150715071788e+00 -5.812206331856097030e+00
-1.620902090209021207e+00 -5.810673220288960827e+00
-1.620297029702970626e+00 -5.809140205026605663e+00
-1.619691969196920045e+00 -5.807607286136323488e+00
-1.619086908690869464e+00 -5.806074463685402698e+00
-1.618481848184818883e+00 -5.804541737741136131e+00
-1.617876787678768302e+00 -5.803009108370815738e+00
-1.617271727172717721e+00 -5.801476575641734357e+00
-1.616666666666667140e+00 -5.799944139621179495e+00
-1.616061606160616115e+00 -5.798411800376444880e+00
-1.615456545654565534e+00 -5.796879557974821573e+00
-1.614851485148514953e+00 -5.795347412483601524e+00
-1.614246424642464373e+00 -5.793815363970073129e+00
-1.613641364136413792e+00 -5.792283412501531892e+00
-1.613036303630363211e+00 -5.790751558145267097e+00
-1.612431243124312630e+00 -5.789219800968568030e+00
-1.611826182618262049e+00 -5.787688141038728418e+00
-1.611221122112211468e+00 -5.786156578423040209e+00
-1.610616061606160887e+00 -5.784625113188790912e+00
-1.610011001100110306e+00 -5.783093745403276920e+00
-1.609405940594059725e+00 -5.781562475133785739e+00
-1.608800880088009144e+00 -5.780031302447610209e+00
-1.608195819581958563e+00 -5.778500227412042278e+00
-1.607590759075907982e+00 -5.776969250094369457e+00
-1.606985698569857401e+00 -5.775438370561889023e+00
-1.606380638063806821e+00 -5.773907588881887598e+00
-1.605775577557756240e+00 -5.772376905121657131e+00
-1.605170517051705215e+00 -5.770846319348490461e+00
-1.604565456545654634e+00 -5.769315831629679536e+00
-1.603960396039604053e+00 -5.767785442032512755e+00
-1.603355335533553472e+00 -5.766255150624284731e+00
-1.602750275027502891e+00 -5.764724957472282973e+00
-1.602145214521452310e+00 -5.763194862643802097e+00
-1.601540154015401729e+00 -5.761664866206132274e+00
-1.600935093509351148e+00 -5.760134968226564567e+00
-1.600330033003300567e+00 -5.758605168772390037e+00
-1.599724972497249986e+00 -5.757075467910899746e+00
-1.599119911991199405e+00 -5.755545865709386533e+00
-1.598514851485148824e+00 -5.754016362235141457e+00
-1.597909790979098243e+00 -5.752486957555453806e+00
-1.597304730473047663e+00 -5.750957651737617304e+00
-1.596699669966997082e+00 -5.749428444848921238e+00
-1.596094609460946501e+00 -5.747899336956657557e+00
-1.595489548954895920e+00 -5.746370328128117322e+00
-1.594884488448845339e+00 -5.744841418430594260e+00
-1.594279427942794758e+00 -5.743312607931375879e+00
-1.593674367436743733e+00 -5.741783896697755019e+00
-1.593069306930693152e+00 -5.740255284797024515e+00
-1.592464246424642571e+00 -5.738726772296473655e+00
-1.591859185918591990e+00 -5.737198359263395275e+00
-1.591254125412541409e+00 -5.735670045765078662e+00
-1.590649064906490828e+00 -5.734141831868817540e+00
-1.590044004400440247e+00 -5.732613717641901196e+00
-1.589438943894389666e+00 -5.731085703151622468e+00
-1.588833883388339085e+00 -5.729557788465270640e+00
-1.588228822882288505e+00 -5.728029973650139439e+00
-1.587623762376237924e+00 -5.726502258773519038e+00
-1.587018701870187343e+00 -5.724974643902699611e+00
-1.586413641364136762e+00 -5.723447129104975772e+00
-1.585808580858086181e+00 -5.721919714447634142e+00
-1.585203520352035600e+00 -5.720392399997970223e+00
-1.584598459845985019e+00 -5.718865185823272412e+00
-1.583993399339934438e+00 -5.717338071990834436e+00
-1.583388338833883857e+00 -5.715811058567944691e+00
-1.582783278327832832e+00 -5.714284145621895128e+00
-1.582178217821782251e+00 -5.712757333219979472e+00
-1.581573157315731670e+00 -5.711230621429487009e+00
-1.580968096809681089e+00 -5.709704010317712353e+00
-1.580363036303630508e+00 -5.708177499951941236e+00
-1.579757975797579928e+00 -5.706651090399468274e+00
-1.579152915291529347e+00 -5.705124781727585415e+00
-1.578547854785478766e+00 -5.703598574003581945e+00
-1.577942794279428185e+00 -5.702072467294749814e+00
-1.577337733773377604e+00 -5.700546461668380083e+00
-1.576732673267327023e+00 -5.699020557191765590e+00
-1.576127612761276442e+00 -5.697494753932195621e+00
-1.575522552255225861e+00 -5.695969051956963014e+00
-1.574917491749175280e+00 -5.694443451333356165e+00
-1.574312431243124699e+00 -5.692917952128672354e+00
-1.573707370737074118e+00 -5.691392554410196425e+00
-1.573102310231023537e+00 -5.689867258245224768e+00
-1.572497249724972956e+00 -5.688342063701044893e+00
-1.571892189218921931e+00 -5.686816970844948749e+00
-1.571287128712871350e+00 -5.685291979744227397e+00
-1.570682068206820770e+00 -5.683767090466175453e+00
-1.570077007700770189e+00 -5.682242303078081314e+00
-1.569471947194719608e+00 -5.680717617647236040e+00
-1.568866886688669027e+00 -5.679193034240932469e+00
-1.568261826182618446e+00 -5.677668552926462553e+00
-1.567656765676567865e+00 -5.676144173771115575e+00
-1.567051705170517284e+00 -5.674619896842182598e+00
-1.566446644664466703e+00 -5.673095722206955571e+00
-1.565841584158416122e+00 -5.671571649932726444e+00
-1.565236523652365541e+00 -5.670047680086786279e+00
-1.564631463146314960e+00 -5.668523812736426137e+00
-1.564026402640264379e+00 -5.667000047948937080e+00
-1.563421342134213798e+00 -5.665476385791611946e+00
-1.562816281628163217e+00 -5.663952826331737356e+00
-1.562211221122112637e+00 -5.662429369636612364e+00
-1.561606160616062056e+00 -5.660906015773520927e+00
-1.561001100110011475e+00 -5.659382764809757660e+00
-1.560396039603960450e+00 -5.657859616812614512e+00
-1.559790979097909869e+00 -5.656336571849380768e+00
-1.559185918591859288e+00 -5.654813629987350154e+00
-1.558580858085808707e+00 -5.653290791293811957e+00
-1.557975797579758126e+00 -5.651768055836056348e+00
-1.557370737073707545e+00 -5.650245423681377943e+00
-1.556765676567656964e+00 -5.648722894897068691e+00
-1.556160616061606383e+00 -5.647200469550414326e+00
-1.555555555555555802e+00 -5.645678147708712125e+00
-1.554950495049505221e+00 -5.644155929439249597e+00
-1.554345434543454640e+00 -5.642633814809317805e+00
-1.553740374037404059e+00 -5.641111803886210474e+00
-1.553135313531353479e+00 -5.639589896737217778e+00
-1.552530253025302898e+00 -5.638068093429631666e+00
-1.551925192519252317e+00 -5.636546394030743201e+00
-1.551320132013201736e+00 -5.635024798607841667e+00
-1.550715071507151155e+00 -5.633503307228220791e+00
-1.550110011001100574e+00 -5.631981919959171634e+00
-1.549504950495049549e+00 -5.630460636867984370e+00
-1.548899889988998968e+00 -5.628939458021950060e+00
-1.548294829482948387e+00 -5.627418383488363318e+00
-1.547689768976897806e+00 -5.625897413334511654e+00
-1.547084708470847225e+00 -5.624376547627687017e+00
-1.546479647964796644e+00 -5.622855786435182246e+00
-1.545874587458746063e+00 -5.621335129824286625e+00
-1.545269526952695482e+00 -5.619814577862294769e+00
-1.544664466446644902e+00 -5.618294130616493298e+00
-1.544059405940594321e+00 -5.616773788154176827e+00
-1.543454345434543740e+00 -5.615253550542636418e+00
-1.542849284928493159e+00 -5.613733417849163132e+00
-1.542244224422442578e+00 -5.612213390141047142e+00
-1.541639163916391997e+00 -5.610693467485581287e+00
-1.541034103410341416e+00 -5.609173649950055740e+00
-1.540429042904290835e+00 -5.607653937601761562e+00
-1.539823982398240254e+00 -5.606134330507992480e+00
-1.539218921892189673e+00 -5.604614828736036003e+00
-1.538613861386139092e+00 -5.603095432353185856e+00
-1.538008800880088067e+00 -5.601576141426730437e+00
-1.537403740374037486e+00 -5.600056956023965249e+00
-1.536798679867986905e+00 -5.598537876212182240e+00
-1.536193619361936324e+00 -5.597018902058668033e+00
-1.535588558855885744e+00 -5.595500033630716352e+00
-1.534983498349835163e+00 -5.593981270995619148e+00
-1.534378437843784582e+00 -5.592462614220665706e+00
-1.533773377337734001e+00 -5.590944063373149753e+00
-1.533168316831683420e+00 -5.589425618520360572e+00
-1.532563256325632839e+00 -5.587907279729591004e+00
-1.531958195819582258e+00 -5.586389047068130331e+00
-1.531353135313531677e+00 -5.584870920603271394e+00
-1.530748074807481096e+00 -5.583352900402306140e+00
-1.530143014301430515e+00 -5.581834986532524745e+00
-1.529537953795379934e+00 -5.580317179061218269e+00
-1.528932893289329353e+00 -5.578799478055677774e+00
-1.528327832783278772e+00 -5.577281883583195210e+00
-1.527722772277228191e+00 -5.575764395711061638e+00
-1.527117711771177166e+00 -5.574247014506569009e+00
-1.526512651265126586e+00 -5.572729740037008384e+00
-1.525907590759076005e+00 -5.571212572369671712e+00
-1.525302530253025424e+00 -5.569695511571848279e+00
-1.524697469746974843e+00 -5.568178557710830923e+00
-1.524092409240924262e+00 -5.566661710853908929e+00
-1.523487348734873681e+00 -5.565144971068378688e+00
-1.522882288228823100e+00 -5.563628338421525044e+00
-1.522277227722772519e+00 -5.562111812980644387e+00
-1.521672167216721938e+00 -5.560595394813024228e+00
-1.521067106710671357e+00 -5.559079083985958292e+00
-1.520462046204620776e+00 -5.557562880566737640e+00
-1.519856985698570195e+00 -5.556046784622652446e+00
-1.519251925192519614e+00 -5.554530796220995548e+00
-1.518646864686469034e+00 -5.553014915429055343e+00
-1.518041804180418453e+00 -5.551499142314125557e+00
-1.517436743674367872e+00 -5.549983476943498140e+00
-1.516831683168317291e+00 -5.548467919384462377e+00
-1.516226622662266710e+00 -5.546952469704311106e+00
-1.515621562156215685e+00 -5.545437127970334501e+00
-1.515016501650165104e+00 -5.543921894249822735e+00
-1.514411441144114523e+00 -5.542406768610072199e+00
-1.513806380638063942e+00 -5.540891751118368624e+00
-1.513201320132013361e+00 -5.539376841842006627e+00
-1.512596259625962780e+00 -5.537862040848275491e+00
-1.511991199119912199e+00 -5.536347348204467167e+00
-1.511386138613861618e+00 -5.534832763977872716e+00
-1.510781078107811037e+00 -5.533318288235786753e+00
-1.510176017601760456e+00 -5.531803921045492345e+00
-1.509570957095709876e+00 -5.530289662474290324e+00
-1.508965896589659295e+00 -5.528775512589466423e+00
-1.508360836083608714e+00 -5.527261471458310815e+00
-1.507755775577558133e+00 -5.525747539148120779e+00
-1.507150715071507552e+00 -5.524233715726182936e+00
-1.506545654565456971e+00 -5.522720001259791012e+00
-1.505940594059406390e+00 -5.521206395816232515e+00
-1.505335533553355809e+00 -5.519692899462803837e+00
-1.504730473047304784e+00 -5.518179512266789821e+00
-1.504125412541254203e+00 -5.516666234295487747e+00
-1.503520352035203622e+00 -5.515153065616186900e+00
-1.502915291529153041e+00 -5.513640006296178342e+00
-1.502310231023102460e+00 -5.512127056402754022e+00
-1.501705170517051879e+00 -5.510614216003204113e+00
-1.501100110011001298e+00 -5.509101485164819678e+00
-1.500495049504950718e+00 -5.507588863954895331e+00
-1.499889988998900137e+00 -5.506076352440716803e+00
-1.499284928492849556e+00 -5.504563950689582263e+00
-1.498679867986798975e+00 -5.503051658768776555e+00
-1.498074807480748394e+00 -5.501539476745593404e+00
-1.497469746974697813e+00 -5.500027404687325649e+00
-1.496864686468647232e+00 -5.498515442661261687e+00
-1.496259625962596651e+00 -5.497003590734696132e+00
-1.495654565456546070e+00 -5.495491848974916493e+00
-1.495049504950495489e+00 -5.493980217449218273e+00
-1.494444444444444908e+00 -5.492468696224888980e+00
-1.493839383938394327e+00 -5.490957285369223229e+00
-1.493234323432343302e+00 -5.489445984949506752e+00
-1.492629262926292721e+00 -5.487934795033040380e+00
-1.492024202420242140e+00 -5.486423715687105407e+00
-1.491419141914191560e+00 -5.484912746979000886e+00
-1.490814081408140979e+00 -5.483401888976011662e+00
-1.490209020902090398e+00 -5.481891141745433238e+00
-1.489603960396039817e+00 -5.480380505354555787e+00
-1.488998899889989236e+00 -5.478869979870670370e+00
-1.488393839383938655e+00 -5.477359565361068050e+00
-1.487788778877888074e+00 -5.475849261893042552e+00
-1.487183718371837493e+00 -5.474339069533882274e+00
-1.486578657865786912e+00 -5.472828988350879165e+00
-1.485973597359736331e+00 -5.471319018411324286e+00
-1.485368536853685750e+00 -5.469809159782508701e+00
-1.484763476347635169e+00 -5.468299412531726134e+00
-1.484158415841584588e+00 -5.466789776726265870e+00
-1.483553355335534008e+00 -5.465280252433418973e+00
-1.482948294829483427e+00 -5.463770839720477390e+00
-1.482343234323432402e+00 -5.462261538654731297e+00
-1.481738173817381821e+00 -5.460752349303475306e+00
-1.481133113311331240e+00 -5.459243271733997815e+00
-1.480528052805280659e+00 -5.457734306013589887e+00
-1.479922992299230078e+00 -5.456225452209544358e+00
-1.479317931793179497e+00 -5.454716710389150514e+00
-1.478712871287128916e+00 -5.453208080619702081e+00
-1.478107810781078335e+00 -5.451699562968489232e+00
-1.477502750275027754e+00 -5.450191157502802142e+00
-1.476897689768977173e+00 -5.448682864289933647e+00
-1.476292629262926592e+00 -5.447174683397175698e+00
-1.475687568756876011e+00 -5.445666614891818469e+00
-1.475082508250825430e+00 -5.444158658841152132e+00
-1.474477447744774850e+00 -5.442650815312471302e+00
-1.473872387238724269e+00 -5.441143084373063488e+00
-1.473267326732673688e+00 -5.439635466090221527e+00
-1.472662266226623107e+00 -5.438127960531236482e+00
-1.472057205720572526e+00 -5.436620567763402079e+00
-1.471452145214521945e+00 -5.435113287854004938e+00
-1.470847084708470920e+00 -5.433606120870339673e+00
-1.470242024202420339e+00 -5.432099066879698235e+00
-1.469636963696369758e+00 -5.430592125949369020e+00
-1.469031903190319177e+00 -5.429085298146645755e+00
-1.468426842684268596e+00 -5.427578583538817725e+00
-1.467821782178218015e+00 -5.426071982193178656e+00
-1.467216721672167434e+00 -5.424565494177017833e+00
-1.466611661166116853e+00 -5.423059119557628094e+00
-1.466006600660066272e+00 -5.421552858402298725e+00
-1.465401540154015692e+00 -5.420046710778322563e+00
-1.464796479647965111e+00 -5.418540676752991558e+00
-1.464191419141914530e+00 -5.417034756393595885e+00
-1.463586358635863949e+00 -5.415528949767425715e+00
-1.462981298129813368e+00 -5.414023256941774775e+00
-1.462376237623762787e+00 -5.412517677983930575e+00
-1.461771177117712206e+00 -5.411012212961190393e+00
-1.461166116611661625e+00 -5.409506861940840849e+00
-1.460561056105611044e+00 -5.408001624990173895e+00
-1.459955995599560019e+00 -5.406496502176480590e+00
-1.459350935093509438e+00 -5.404991493567054661e+00
-1.458745874587458857e+00 -5.403486599229186282e+00
-1.458140814081408276e+00 -5.401981819230164739e+00
-1.457535753575357695e+00 -5.400477153637282868e+00
-1.456930693069307114e+00 -5.398972602517835284e+00
-1.456325632563256534e+00 -5.397468165939107720e+00
-1.455720572057205953e+00 -5.395963843968392126e+00
-1.455115511551155372e+00 -5.394459636672982228e+00
-1.454510451045104791e+00 -5.392955544120170863e+00
-1.453905390539054210e+00 -5.391451566377244653e+00
-1.453300330033003629e+00 -5.389947703511497323e+00
-1.452695269526953048e+00 -5.388443955590221712e+00
-1.452090209020902467e+00 -5.386940322680706217e+00
-1.451485148514851886e+00 -5.385436804850243675e+00
-1.450880088008801305e+00 -5.383933402166126037e+00
-1.450275027502750724e+00 -5.382430114695641699e+00
-1.449669966996700143e+00 -5.380926942506085275e+00
-1.449064906490649118e+00 -5.379423885664744276e+00
-1.448459845984598537e+00 -5.377920944238915091e+00
-1.447854785478547957e+00 -5.376418118295887005e+00
-1.447249724972497376e+00 -5.374915407902949305e+00
-1.446644664466446795e+00 -5.373412813127393051e+00
-1.446039603960396214e+00 -5.371910334036513746e+00
-1.445434543454345633e+00 -5.370407970697599787e+00
-1.444829482948295052e+00 -5.368905723177941347e+00
-1.444224422442244471e+00 -5.367403591544832153e+00
-1.443619361936193890e+00 -5.365901575865563267e+00
-1.443014301430143309e+00 -5.364399676207423084e+00
-1.442409240924092728e+00 -5.362897892637707109e+00
-1.441804180418042147e+00 -5.361396225223703738e+00
-1.441199119911991566e+00 -5.359894674032704920e+00
-1.440594059405940985e+00 -5.358393239132001717e+00
-1.439988998899890404e+00 -5.356891920588886080e+00
-1.439383938393839824e+00 -5.355390718470649958e+00
-1.438778877887789243e+00 -5.353889632844583524e+00
-1.438173817381738662e+00 -5.352388663777978728e+00
-1.437568756875687637e+00 -5.350887811338123967e+00
-1.436963696369637056e+00 -5.349387075592314744e+00
-1.436358635863586475e+00 -5.347886456607841232e+00
-1.435753575357535894e+00 -5.346385954451994493e+00
-1.435148514851485313e+00 -5.344885569192062924e+00
-1.434543454345434732e+00 -5.343385300895342027e+00
-1.433938393839384151e+00 -5.341885149629121976e+00
-1.433333333333333570e+00 -5.340385115460692944e+00
-1.432728272827282989e+00 -5.338885198457347769e+00
-1.432123212321232408e+00 -5.337385398686373961e+00
-1.431518151815181827e+00 -5.335885716215067909e+00
-1.430913091309131246e+00 -5.334386151110718899e+00
-1.430308030803080666e+00 -5.332886703440617104e+00
-1.429702970297030085e+00 -5.331387373272054475e+00
-1.429097909790979504e+00 -5.329888160672322961e+00
-1.428492849284928923e+00 -5.328389065708712735e+00
-1.427887788778878342e+00 -5.326890088448518412e+00
-1.427282728272827761e+00 -5.325391228959025725e+00
-1.426677667766776736e+00 -5.323892487307529287e+00
-1.426072607260726155e+00 -5.322393863561319272e+00
-1.425467546754675574e+00 -5.320895357787689406e+00
-1.424862486248624993e+00 -5.319396970053929863e+00
-1.424257425742574412e+00 -5.317898700427330816e+00
-1.423652365236523831e+00 -5.316400548975182438e+00
-1.423047304730473250e+00 -5.314902515764780233e+00
-1.422442244224422669e+00 -5.313404600863410820e+00
-1.421837183718372088e+00 -5.311906804338369703e+00
-1.421232123212321508e+00 -5.310409126256944390e+00
-1.420627062706270927e+00 -5.308911566686428607e+00
-1.420022002200220346e+00 -5.307414125694111640e+00
-1.419416941694169765e+00 -5.305916803347288990e+00
-1.418811881188119184e+00 -5.304419599713248168e+00
-1.418206820682068603e+00 -5.302922514859279346e+00
-1.417601760176018022e+00 -5.301425548852677139e+00
-1.416996699669967441e+00 -5.299928701760730831e+00
-1.416391639163916860e+00 -5.298431973650734150e+00
-1.415786578657866279e+00 -5.296935364589975492e+00
-1.415181518151815254e+00 -5.295438874645745919e+00
-1.414576457645764673e+00 -5.293942503885341822e+00
-1.413971397139714092e+00 -5.292446252376048044e+00
-1.413366336633663511e+00 -5.290950120185160088e+00
-1.412761276127612931e+00 -5.289454107379968129e+00
-1.412156215621562350e+00 -5.287958214027761450e+00
-1.411551155115511769e+00 -5.286462440195833778e+00
-1.410946094609461188e+00 -5.284966785951475288e+00
-1.410341034103410607e+00 -5.283471251361979704e+00
-1.409735973597360026e+00 -5.281975836494633647e+00
-1.409130913091309445e+00 -5.280480541416731732e+00
-1.408525852585258864e+00 -5.278985366195567686e+00
-1.407920792079208283e+00 -5.277490310898424575e+00
-1.407315731573157702e+00 -5.275995375592603231e+00
-1.406710671067107121e+00 -5.274500560345387612e+00
-1.406105610561056540e+00 -5.273005865224074107e+00
-1.405500550055005959e+00 -5.271511290295952001e+00
-1.404895489548955378e+00 -5.270016835628309693e+00
-1.404290429042904353e+00 -5.268522501288442683e+00
-1.403685368536853773e+00 -5.267028287343642035e+00
-1.403080308030803192e+00 -5.265534193861196144e+00
-1.402475247524752611e+00 -5.264040220908398737e+00
-1.401870187018702030e+00 -5.262546368552539988e+00
-1.401265126512651449e+00 -5.261052636860912735e+00
-1.400660066006600868e+00 -5.259559025900807150e+00
-1.400055005500550287e+00 -5.258065535739514296e+00
-1.399449944994499706e+00 -5.256572166444323457e+00
-1.398844884488449125e+00 -5.255078918082530137e+00
-1.398239823982398544e+00 -5.253585790721423621e+00
-1.397634763476347963e+00 -5.252092784428295857e+00
-1.397029702970297382e+00 -5.250599899270437021e+00
-1.396424642464246801e+00 -5.249107135315136397e+00
-1.395819581958196220e+00 -5.247614492629690375e+00
-1.395214521452145640e+00 -5.246121971281388241e+00
-1.394609460946095059e+00 -5.244629571337520169e+00
-1.394004400440044478e+00 -5.243137292865378107e+00
-1.393399339933993897e+00 -5.241645135932251343e+00
-1.392794279427942872e+00 -5.240153100605435377e+00
-1.392189218921892291e+00 -5.238661186952218607e+00
-1.391584158415841710e+00 -5.237169395039892095e+00
-1.390979097909791129e+00 -5.235677724935748678e+00
-1.390374037403740548e+00 -5.234186176707080307e+00
-1.389768976897689967e+00 -5.232694750421176266e+00
-1.389163916391639386e+00 -5.231203446145327618e+00
-1.388558855885588805e+00 -5.229712263946825423e+00
-1.387953795379538224e+00 -5.228221203892966074e+00
-1.387348734873487643e+00 -5.226730266051033524e+00
-1.386743674367437063e+00 -5.225239450488325055e+00
-1.386138613861386482e+00 -5.223748757272125509e+00
-1.385533553355335901e+00 -5.222258186469733054e+00
-1.384928492849285320e+00 -5.220767738148435200e+00
-1.384323432343234739e+00 -5.219277412375524783e+00
-1.383718371837184158e+00 -5.217787209218291089e+00
-1.383113311331133577e+00 -5.216297128744026068e+00
-1.382508250825082996e+00 -5.214807171020023446e+00
-1.381903190319031971e+00 -5.213317336113571621e+00
-1.381298129812981390e+00 -5.211827624091962541e+00
-1.380693069306930809e+00 -5.210338035022489933e+00
-1.380088008800880228e+00 -5.208848568972440418e+00
-1.379482948294829647e+00 -5.207359226009111275e+00
-1.378877887788779066e+00 -5.205870006199786459e+00
-1.378272827282728485e+00 -5.204380909611765027e+00
-1.377667766776677905e+00 -5.202891936312332710e+00
-1.377062706270627324e+00 -5.201403086368784123e+00
-1.376457645764576743e+00 -5.199914359848408552e+00
-1.375852585258526162e+00 -5.198425756818496168e+00
-1.375247524752475581e+00 -5.196937277346339812e+00
-1.374642464246425000e+00 -5.195448921499233208e+00
-1.374037403740374419e+00 -5.193960689344464754e+00
-1.373432343234323838e+00 -5.192472580949325511e+00
-1.372827282728273257e+00 -5.190984596381107430e+00
-1.372222222222222676e+00 -5.189496735707102459e+00
-1.371617161716172095e+00 -5.188008998994602550e+00
-1.371012101210121514e+00 -5.186521386310896098e+00
-1.370407040704070489e+00 -5.185033897723275054e+00
-1.369801980198019908e+00 -5.183546533299034031e+00
-1.369196919691969327e+00 -5.182059293105462316e+00
-1.368591859185918747e+00 -5.180572177209850970e+00
-1.367986798679868166e+00 -5.179085185679489278e+00
-1.367381738173817585e+00 -5.177598318581672743e+00
-1.366776677667767004e+00 -5.176111575983689761e+00
-1.366171617161716423e+00 -5.174624957952833171e+00
-1.365566556655665842e+00 -5.173138464556392258e+00
-1.364961496149615261e+00 -5.171652095861659859e+00
-1.364356435643564680e+00 -5.170165851935928814e+00
-1.363751375137514099e+00 -5.168679732846485742e+00
-1.363146314631463518e+00 -5.167193738660625257e+00
-1.362541254125412937e+00 -5.165707869445639311e+00
-1.361936193619362356e+00 -5.164222125268817187e+00
-1.361331133113311775e+00 -5.162736506197452613e+00
-1.360726072607261194e+00 -5.161251012298833984e+00
-1.360121012101210614e+00 -5.159765643640253252e+00
-1.359515951595159589e+00 -5.158280400289002365e+00
-1.358910891089109008e+00 -5.156795282312374162e+00
-1.358305830583058427e+00 -5.155310289777657040e+00
-1.357700770077007846e+00 -5.153825422752144725e+00
-1.357095709570957265e+00 -5.152340681303127390e+00
-1.356490649064906684e+00 -5.150856065497896097e+00
-1.355885588558856103e+00 -5.149371575403743684e+00
-1.355280528052805522e+00 -5.147887211087957660e+00
-1.354675467546754941e+00 -5.146402972617833527e+00
-1.354070407040704360e+00 -5.144918860060660570e+00
-1.353465346534653779e+00 -5.143434873483731629e+00
-1.352860286028603198e+00 -5.141951012954335098e+00
-1.352255225522552617e+00 -5.140467278539765594e+00
-1.351650165016502037e+00 -5.138983670307311513e+00
-1.351045104510451456e+00 -5.137500188324266581e+00
-1.350440044004400875e+00 -5.136016832657920972e+00
-1.349834983498350294e+00 -5.134533603375565747e+00
-1.349229922992299713e+00 -5.133050500544491079e+00
-1.348624862486248688e+00 -5.131567524231989808e+00
-1.348019801980198107e+00 -5.130084674505353881e+00
-1.347414741474147526e+00 -5.128601951431873474e+00
-1.346809680968096945e+00 -5.127119355078841423e+00
-1.346204620462046364e+00 -5.125636885513547014e+00
-1.345599559955995783e+00 -5.124154542803281309e+00
-1.344994499449945202e+00 -5.122672327015338922e+00
-1.344389438943894621e+00 -5.121190238217007362e+00
-1.343784378437844040e+00 -5.119708276475579467e+00
-1.343179317931793459e+00 -5.118226441858346298e+00
-1.342574257425742879e+00 -5.116744734432599806e+00
-1.341969196919692298e+00 -5.115263154265631051e+00
-1.341364136413641717e+00 -5.113781701424730208e+00
-1.340759075907591136e+00 -5.112300375977189226e+00
-1.340154015401540555e+00 -5.110819177990300943e+00
-1.339548954895489974e+00 -5.109338107531355533e+00
-1.338943894389439393e+00 -5.107857164667643168e+00
-1.338338833883388812e+00 -5.106376349466456688e+00
-1.337733773377338231e+00 -5.104895661995085376e+00
-1.337128712871287206e+00 -5.103415102320821184e+00
-1.336523652365236625e+00 -5.101934670510959613e+00
-1.335918591859186044e+00 -5.100454366632785508e+00
-1.335313531353135463e+00 -5.098974190753595259e+00
-1.334708470847084882e+00 -5.097494142940677264e+00
-1.334103410341034301e+00 -5.096014223261323473e+00
-1.333498349834983721e+00 -5.094534431782825834e+00
-1.332893289328933140e+00 -5.093054768572474522e+00
-1.332288228822882559e+00 -5.091575233697562375e+00
-1.331683168316831978e+00 -5.090095827225379566e+00
-1.331078107810781397e+00 -5.088616549223216268e+00
-1.330473047304730816e+00 -5.087137399758367096e+00
-1.329867986798680235e+00 -5.085658378898120446e+00
-1.329262926292629654e+00 -5.084179486709767382e+00
-1.328657865786579073e+00 -5.082700723260600739e+00
-1.328052805280528492e+00 -5.081222088617913357e+00
-1.327447744774477911e+00 -5.079743582848991856e+00
-1.326842684268427330e+00 -5.078265206021133515e+00
-1.326237623762376305e+00 -5.076786958201623179e+00
-1.325632563256325724e+00 -5.075308839457757237e+00
-1.325027502750275143e+00 -5.073830849856824976e+00
-1.324422442244224563e+00 -5.072352989466118345e+00
-1.323817381738173982e+00 -5.070875258352926629e+00
-1.323212321232123401e+00 -5.069397656584542666e+00
-1.322607260726072820e+00 -5.067920184228259295e+00
-1.322002200220022239e+00 -5.066442841351365800e+00
-1.321397139713971658e+00 -5.064965628021153243e+00
-1.320792079207921077e+00 -5.063488544304913574e+00
-1.320187018701870496e+00 -5.062011590269939632e+00
-1.319581958195819915e+00 -5.060534765983518923e+00
-1.318976897689769334e+00 -5.059058071512946064e+00
-1.318371837183718753e+00 -5.057581506925512116e+00
-1.317766776677668172e+00 -5.056105072288506364e+00
-1.317161716171617591e+00 -5.054628767669222533e+00
-1.316556655665567011e+00 -5.053152593134949910e+00
-1.315951595159516430e+00 -5.051676548752980445e+00
-1.315346534653465849e+00 -5.050200634590604309e+00
-1.314741474147414824e+00 -5.048724850715116119e+00
-1.314136413641364243e+00 -5.047249197193803383e+00
-1.313531353135313662e+00 -5.045773674093960715e+00
-1.312926292629263081e+00 -5.044298281482875623e+00
-1.312321232123212500e+00 -5.042823019427845388e+00
-1.311716171617161919e+00 -5.041347887996154853e+00
-1.311111111111111338e+00 -5.039872887255099521e+00
-1.310506050605060757e+00 -5.038398017271966900e+00
-1.309900990099010176e+00 -5.036923278114052493e+00
-1.309295929592959595e+00 -5.035448669848644698e+00
-1.308690869086909014e+00 -5.033974192543036352e+00
-1.308085808580858433e+00 -5.032499846264517629e+00
-1.307480748074807853e+00 -5.031025631080382254e+00
-1.306875687568757272e+00 -5.029551547057916849e+00
-1.306270627062706691e+00 -5.028077594264416916e+00
-1.305665566556656110e+00 -5.026603772767170852e+00
-1.305060506050605529e+00 -5.025130082633472384e+00
-1.304455445544554948e+00 -5.023656523930612572e+00
-1.303850385038503923e+00 -5.022183096725880702e+00
-1.303245324532453342e+00 -5.020709801086569612e+00
-1.302640264026402761e+00 -5.019236637079972141e+00
-1.302035203520352180e+00 -5.017763604773375796e+00
-1.301430143014301599e+00 -5.016290704234074305e+00
-1.300825082508251018e+00 -5.014817935529359616e+00
-1.300220022002200437e+00 -5.013345298726521015e+00
-1.299614961496149856e+00 -5.011872793892850453e+00
-1.299009900990099275e+00 -5.010400421095640766e+00
-1.298404840484048695e+00 -5.008928180402180352e+00
-1.297799779977998114e+00 -5.007456071879762938e+00
-1.297194719471947533e+00 -5.005984095595678696e+00
-1.296589658965896952e+00 -5.004512251617220464e+00
-1.295984598459846371e+00 -5.003040540011677528e+00
-1.295379537953795790e+00 -5.001568960846340950e+00
-1.294774477447745209e+00 -5.000097514188505343e+00
-1.294169416941694628e+00 -4.998626200105458217e+00
-1.293564356435644047e+00 -4.997155018664492410e+00
-1.292959295929593466e+00 -4.995683969932898982e+00
-1.292354235423542441e+00 -4.994213053977969885e+00
-1.291749174917491860e+00 -4.992742270866996179e+00
-1.291144114411441279e+00 -4.991271620667267150e+00
-1.290539053905390698e+00 -4.989801103446077413e+00
-1.289933993399340117e+00 -4.988330719270717140e+00
-1.289328932893289537e+00 -4.986860468208477393e+00
-1.288723872387238956e+00 -4.985390350326649234e+00
-1.288118811881188375e+00 -4.983920365692523724e+00
-1.287513751375137794e+00 -4.982450514373392814e+00
-1.286908690869087213e+00 -4.980980796436544900e+00
-1.286303630363036632e+00 -4.979511211949278149e+00
-1.285698569856986051e+00 -4.978041760978876518e+00
-1.285093509350935470e+00 -4.976572443592635508e+00
-1.284488448844884889e+00 -4.975103259857845295e+00
-1.283883388338834308e+00 -4.973634209841796050e+00
-1.283278327832783727e+00 -4.972165293611780612e+00
-1.282673267326733146e+00 -4.970696511235090043e+00
-1.282068206820682565e+00 -4.969227862779016291e+00
-1.281463146314631540e+00 -4.967759348310848644e+00
-1.280858085808580960e+00 -4.966290967897879050e+00
-1.280253025302530379e+00 -4.964822721607399458e+00
-1.279647964796479798e+00 -4.963354609506703596e+00
-1.279042904290429217e+00 -4.961886631663076308e+00
-1.278437843784378636e+00 -4.960418788143814872e+00
-1.277832783278328055e+00 -4.958951079016208574e+00
-1.277227722772277474e+00 -4.957483504347548475e+00
-1.276622662266226893e+00 -4.956016064205125637e+00
-1.276017601760176312e+00 -4.954548758656231122e+00
-1.275412541254125731e+00 -4.953081587768158656e+00
-1.274807480748075150e+00 -4.951614551608195747e+00
-1.274202420242024569e+00 -4.950147650243637010e+00
-1.273597359735973988e+00 -4.948680883741771730e+00
-1.272992299229923407e+00 -4.947214252169892745e+00
-1.272387238723872827e+00 -4.945747755595289341e+00
-1.271782178217822246e+00 -4.944281394085254355e+00
-1.271177117711771665e+00 -4.942815167707077961e+00
-1.270572057205721084e+00 -4.941349076528053885e+00
-1.269966996699670059e+00 -4.939883120615468748e+00
-1.269361936193619478e+00 -4.938417300036618940e+00
-1.268756875687568897e+00 -4.936951614858793747e+00
-1.268151815181518316e+00 -4.935486065149283341e+00
-1.267546754675467735e+00 -4.934020650975381450e+00
-1.266941694169417154e+00 -4.932555372404376470e+00
-1.266336633663366573e+00 -4.931090229503561240e+00
-1.265731573157315992e+00 -4.929625222340228596e+00
-1.265126512651265411e+00 -4.928160350981666049e+00
-1.264521452145214830e+00 -4.926695615495169100e+00
-1.263916391639164249e+00 -4.925231015948026148e+00
-1.263311331133113669e+00 -4.923766552407529140e+00
-1.262706270627063088e+00 -4.922302224940970028e+00
-1.262101210121012507e+00 -4.920838033615638984e+00
-1.261496149614961926e+00 -4.919373978498827960e+00
-1.260891089108911345e+00 -4.917910059657829791e+00
-1.260286028602860764e+00 -4.916446277159932876e+00
-1.259680968096810183e+00 -4.914982631072429164e+00
-1.259075907590759158e+00 -4.913519121462611494e+00
-1.258470847084708577e+00 -4.912055748397770927e+00
-1.257865786578657996e+00 -4.910592511945197636e+00
-1.257260726072607415e+00 -4.909129412172183571e+00
-1.256655665566556834e+00 -4.907666449146020682e+00
-1.256050605060506253e+00 -4.906203622933998254e+00
-1.255445544554455672e+00 -4.904740933603410014e+00
-1.254840484048405091e+00 -4.903278381221545246e+00
-1.254235423542354511e+00 -4.901815965855696788e+00
-1.253630363036303930e+00 -4.900353687573154815e+00
-1.253025302530253349e+00 -4.898891546441210387e+00
-1.252420242024202768e+00 -4.897429542527158119e+00
-1.251815181518152187e+00 -4.895967675898281968e+00
-1.251210121012101606e+00 -4.894505946621882764e+00
-1.250605060506051025e+00 -4.893044354765245352e+00
-1.250000000000000444e+00 -4.891582900395662570e+00
-1.249394939493949863e+00 -4.890121583580424591e+00
-1.248789878987899282e+00 -4.888660404386824254e+00
-1.248184818481848701e+00 -4.887199362882153508e+00
-1.247579757975797676e+00 -4.885738459133701639e+00
-1.246974697469747095e+00 -4.884277693208760596e+00
-1.246369636963696514e+00 -4.882817065174624105e+00
-1.245764576457645934e+00 -4.881356575098579675e+00
-1.245159515951595353e+00 -4.879896223047920145e+00
-1.244554455445544772e+00 -4.878436009089938352e+00
-1.243949394939494191e+00 -4.876975933291923582e+00
-1.243344334433443610e+00 -4.875515995721168672e+00
-1.242739273927393029e+00 -4.874056196444962907e+00
-1.242134213421342448e+00 -4.872596535530599127e+00
-1.241529152915291867e+00 -4.871137013045367503e+00
-1.240924092409241286e+00 -4.869677629056561763e+00
-1.240319031903190705e+00 -4.868218383631469415e+00
-1.239713971397140124e+00 -4.866759276837385073e+00
-1.239108910891089543e+00 -4.865300308741598911e+00
-1.238503850385038962e+00 -4.863841479411401103e+00
-1.237898789878988381e+00 -4.862382788914083598e+00
-1.237293729372937801e+00 -4.860924237316940122e+00
-1.236688668866886776e+00 -4.859465824687257296e+00
-1.236083608360836195e+00 -4.858007551092331511e+00
-1.235478547854785614e+00 -4.856549416599449387e+00
-1.234873487348735033e+00 -4.855091421275906427e+00
-1.234268426842684452e+00 -4.853633565188990140e+00
-1.233663366336633871e+00 -4.852175848405995140e+00
-1.233058305830583290e+00 -4.850718270994209824e+00
-1.232453245324532709e+00 -4.849260833020927031e+00
-1.231848184818482128e+00 -4.847803534553438709e+00
-1.231243124312431547e+00 -4.846346375659035033e+00
-1.230638063806380966e+00 -4.844889356405007064e+00
-1.230033003300330385e+00 -4.843432476858647640e+00
-1.229427942794279804e+00 -4.841975737087246934e+00
-1.228822882288229223e+00 -4.840519137158095120e+00
-1.228217821782178643e+00 -4.839062677138485924e+00
-1.227612761276128062e+00 -4.837606357095707743e+00
-1.227007700770077481e+00 -4.836150177097056968e+00
-1.226402640264026900e+00 -4.834694137209817555e+00
-1.225797579757975875e+00 -4.833238237501285894e+00
-1.225192519251925294e+00 -4.831782478038751272e+00
-1.224587458745874713e+00 -4.830326858889508301e+00
-1.223982398239824132e+00 -4.828871380120844492e+00
-1.223377337733773551e+00 -4.827416041800052682e+00
-1.222772277227722970e+00 -4.825960843994423932e+00
-1.222167216721672389e+00 -4.824505786771250193e+00
-1.221562156215621808e+00 -4.823050870197822526e+00
-1.220957095709571227e+00 -4.821596094341429328e+00
-1.220352035203520646e+00 -4.820141459269366990e+00
-1.219746974697470066e+00 -4.818686965048922133e+00
-1.219141914191419485e+00 -4.817232611747390258e+00
-1.218536853685368904e+00 -4.815778399432058876e+00
-1.217931793179318323e+00 -4.814324328170221712e+00
-1.217326732673267742e+00 -4.812870398029168939e+00
-1.216721672167217161e+00 -4.811416609076192508e+00
-1.216116611661166580e+00 -4.809962961378582591e+00
-1.215511551155115999e+00 -4.808509455003632915e+00
-1.214906490649065418e+00 -4.807056090018631878e+00
-1.214301430143014393e+00 -4.805602866490871428e+00
-1.213696369636963812e+00 -4.804149784487645292e+00
-1.213091309130913231e+00 -4.802696844076241867e+00
-1.212486248624862650e+00 -4.801244045323954879e+00
-1.211881188118812069e+00 -4.799791388298073613e+00
-1.211276127612761488e+00 -4.798338873065889132e+00
-1.210671067106710908e+00 -4.796886499694695161e+00
-1.210066006600660327e+00 -4.795434268251781873e+00
-1.209460946094609746e+00 -4.793982178804438554e+00
-1.208855885588559165e+00 -4.792530231419958930e+00
-1.208250825082508584e+00 -4.791078426165632287e+00
-1.207645764576458003e+00 -4.789626763108754126e+00
-1.207040704070407422e+00 -4.788175242316610181e+00
-1.206435643564356841e+00 -4.786723863856496841e+00
-1.205830583058306260e+00 -4.785272627795699840e+00
-1.205225522552255679e+00 -4.783821534201515568e+00
-1.204620462046205098e+00 -4.782370583141232423e+00
-1.204015401540154517e+00 -4.780919774682142354e+00
-1.203410341034103492e+00 -4.779469108891536422e+00
-1.202805280528052911e+00 -4.778018585836708354e+00
-1.202200220022002330e+00 -4.776568205584945659e+00
-1.201595159515951750e+00 -4.775117968203542063e+00
-1.200990099009901169e+00 -4.773667873759788627e+00
-1.200385038503850588e+00 -4.772217922320975525e+00
-1.199779977997800007e+00 -4.770768113954396483e+00
-1.199174917491749426e+00 -4.769318448727339899e+00
-1.198569856985698845e+00 -4.767868926707098609e+00
-1.197964796479648264e+00 -4.766419547960961900e+00
-1.197359735973597683e+00 -4.764970312556226162e+00
-1.196754675467547102e+00 -4.763521220560177127e+00
-1.196149614961496521e+00 -4.762072272040108523e+00
-1.195544554455445940e+00 -4.760623467063312297e+00
-1.194939493949395359e+00 -4.759174805697075961e+00
-1.194334433443344778e+00 -4.757726288008697679e+00
-1.193729372937294197e+00 -4.756277914065461410e+00
-1.193124312431243617e+00 -4.754829683934664430e+00
-1.192519251925193036e+00 -4.753381597683593363e+00
-1.191914191419142011e+00 -4.751933655379541044e+00
-1.191309130913091430e+00 -4.750485857089799424e+00
-1.190704070407040849e+00 -4.749038202881662230e+00
-1.190099009900990268e+00 -4.747590692822416969e+00
-1.189493949394939687e+00 -4.746143326979356480e+00
-1.188888888888889106e+00 -4.744696105419770049e+00
-1.188283828382838525e+00 -4.743249028210953178e+00
-1.187678767876787944e+00 -4.741802095420193375e+00
-1.187073707370737363e+00 -4.740355307114781702e+00
-1.186468646864686782e+00 -4.738908663362013662e+00
-1.185863586358636201e+00 -4.737462164229175876e+00
-1.185258525852585620e+00 -4.736015809783561181e+00
-1.184653465346535040e+00 -4.734569600092462416e+00
-1.184048404840484459e+00 -4.733123535223170641e+00
-1.183443344334433878e+00 -4.731677615242974255e+00
-1.182838283828383297e+00 -4.730231840219169648e+00
-1.182233223322332716e+00 -4.728786210219041664e+00
-1.181628162816282135e+00 -4.727340725309885805e+00
-1.181023102310231110e+00 -4.725895385558992245e+00
-1.180418041804180529e+00 -4.724450191033653823e+00
-1.179812981298129948e+00 -4.723005141801159823e+00
-1.179207920792079367e+00 -4.721560237928803083e+00
-1.178602860286028786e+00 -4.720115479483872889e+00
-1.177997799779978205e+00 -4.718670866533663855e+00
-1.177392739273927624e+00 -4.717226399145464377e+00
-1.176787678767877043e+00 -4.715782077386566407e+00
-1.176182618261826462e+00 -4.714337901324260116e+00
-1.175577557755775882e+00 -4.712893871025839232e+00
-1.174972497249725301e+00 -4.711449986558594816e+00
-1.174367436743674720e+00 -4.710006247989816153e+00
-1.173762376237624139e+00 -4.708562655386795193e+00
-1.173157315731573558e+00 -4.707119208816824774e+00
-1.172552255225522977e+00 -4.705675908347195957e+00
-1.171947194719472396e+00 -4.704232754045198028e+00
-1.171342134213421815e+00 -4.702789745978123825e+00
-1.170737073707371234e+00 -4.701346884213262634e+00
-1.170132013201320653e+00 -4.699904168817908179e+00
-1.169526952695269628e+00 -4.698461599859351523e+00
-1.168921892189219047e+00 -4.697019177404882839e+00
-1.168316831683168466e+00 -4.695576901521794078e+00
-1.167711771177117885e+00 -4.694134772277378076e+00
-1.167106710671067304e+00 -4.692692789738922343e+00
-1.166501650165016724e+00 -4.691250953973721494e+00
-1.165896589658966143e+00 -4.689809265049065701e+00
-1.165291529152915562e+00 -4.688367723032246914e+00
-1.164686468646864981e+00 -4.686926327990554420e+00
-1.164081408140814400e+00 -4.685485079991281943e+00
-1.163476347634763819e+00 -4.684043979101718769e+00
-1.162871287128713238e+00 -4.682603025389157736e+00
-1.162266226622662657e+00 -4.681162218920889906e+00
-1.161661166116612076e+00 -4.679721559764205452e+00
-1.161056105610561495e+00 -4.678281047986395436e+00
-1.160451045104510914e+00 -4.676840683654753583e+00
-1.159845984598460333e+00 -4.675400466836569180e+00
-1.159240924092409752e+00 -4.673960397599134176e+00
-1.158635863586358727e+00 -4.672520476009738744e+00
-1.158030803080308146e+00 -4.671080702135676610e+00
-1.157425742574257566e+00 -4.669641076044237948e+00
-1.156820682068206985e+00 -4.668201597802713820e+00
-1.156215621562156404e+00 -4.666762267478393511e+00
-1.155610561056105823e+00 -4.665323085138571635e+00
-1.155005500550055242e+00 -4.663884050850539253e+00
-1.154400440044004661e+00 -4.662445164681584764e+00
-1.153795379537954080e+00 -4.661006426699002780e+00
-1.153190319031903499e+00 -4.659567836970082588e+00
-1.152585258525852918e+00 -4.658129395562115249e+00
-1.151980198019802337e+00 -4.656691102542392713e+00
-1.151375137513751756e+00 -4.655252957978206929e+00
-1.150770077007701175e+00 -4.653814961936848960e+00
-1.150165016501650594e+00 -4.652377114485608978e+00
-1.149559955995600014e+00 -4.650939415691780709e+00
-1.148954895489549433e+00 -4.649501865622652552e+00
-1.148349834983498852e+00 -4.648064464345517344e+00
-1.147744774477448271e+00 -4.646627211927665257e+00
-1.147139713971397246e+00 -4.645190108436387355e+00
-1.146534653465346665e+00 -4.643753153938977363e+00
-1.145929592959296084e+00 -4.642316348502726342e+00
-1.145324532453245503e+00 -4.640879692194923578e+00
-1.144719471947194922e+00 -4.639443185082861021e+00
-1.144114411441144341e+00 -4.638006827233830620e+00
-1.143509350935093760e+00 -4.636570618715122549e+00
-1.142904290429043179e+00 -4.635134559594030534e+00
-1.142299229922992598e+00 -4.633698649937842973e+00
-1.141694169416942017e+00 -4.632262889813852702e+00
-1.141089108910891436e+00 -4.630827279289349008e+00
-1.140484048404840856e+00 -4.629391818431627392e+00
-1.139878987898790275e+00 -4.627956507307974476e+00
-1.139273927392739694e+00 -4.626521345985684874e+00
-1.138668866886689113e+00 -4.625086334532049648e+00
-1.138063806380638532e+00 -4.623651473014358082e+00
-1.137458745874587951e+00 -4.622216761499901239e+00
-1.136853685368537370e+00 -4.620782200055972844e+00
-1.136248624862486345e+00 -4.619347788749863071e+00
-1.135643564356435764e+00 -4.617913527648862981e+00
-1.135038503850385183e+00 -4.616479416820263637e+00
-1.134433443344334602e+00 -4.615045456331357876e+00
-1.133828382838284021e+00 -4.613611646249434095e+00
-1.133223322332233440e+00 -4.612177986641787797e+00
-1.132618261826182859e+00 -4.610744477575707378e+00
-1.132013201320132278e+00 -4.609311119118484790e+00
-1.131408140814081698e+00 -4.607877911337410204e+00
-1.130803080308031117e+00 -4.606444854299777347e+00
-1.130198019801980536e+00 -4.605011948072874617e+00
-1.129592959295929955e+00 -4.603579192723993962e+00
-1.128987898789879374e+00 -4.602146588320429110e+00
-1.128382838283828793e+00 -4.600714134929469346e+00
-1.127777777777778212e+00 -4.599281832618406618e+00
-1.127172717271727631e+00 -4.597849681454531101e+00
-1.126567656765677050e+00 -4.596417681505135633e+00
-1.125962596259626469e+00 -4.594985832837510387e+00
-1.125357535753575444e+00 -4.593554135518947312e+00
-1.124752475247524863e+00 -4.592122589616737471e+00
-1.124147414741474282e+00 -4.590691195198172814e+00
-1.123542354235423701e+00 -4.589259952330543513e+00
-1.122937293729373120e+00 -4.587828861081140630e+00
-1.122332233223322540e+00 -4.586397921517257004e+00
-1.121727172717271959e+00 -4.584967133706183695e+00
-1.121122112211221378e+00 -4.583536497715209990e+00
-1.120517051705170797e+00 -4.582106013611628725e+00
-1.119911991199120216e+00 -4.580675681462734516e+00
-1.119306930693069635e+00 -4.579245501335811319e+00
-1.118701870187019054e+00 -4.577815473298154636e+00
-1.118096809680968473e+00 -4.576385597417057305e+00
-1.117491749174917892e+00 -4.574955873759807723e+00
-1.116886688668867311e+00 -4.573526302393697840e+00
-1.116281628162816730e+00 -4.572096883386021382e+00
-1.115676567656766149e+00 -4.570667616804064970e+00
-1.115071507150715568e+00 -4.569238502715124106e+00
-1.114466446644664988e+00 -4.567809541186488964e+00
-1.113861386138613963e+00 -4.566380732285448829e+00
-1.113256325632563382e+00 -4.564952076079297427e+00
-1.112651265126512801e+00 -4.563523572635325820e+00
-1.112046204620462220e+00 -4.562095222020823293e+00
-1.111441144114411639e+00 -4.560667024303084460e+00
-1.110836083608361058e+00 -4.559238979549397719e+00
-1.110231023102310477e+00 -4.557811087827055019e+00
-1.109625962596259896e+00 -4.556383349203347422e+00
-1.109020902090209315e+00 -4.554955763745568653e+00
-1.108415841584158734e+00 -4.553528331521007999e+00
-1.107810781078108153e+00 -4.552101052596956521e+00
-1.107205720572057572e+00 -4.550673927040706168e+00
-1.106600660066006991e+00 -4.549246954919546226e+00
-1.105995599559956410e+00 -4.547820136300772198e+00
-1.105390539053905830e+00 -4.546393471251671592e+00
-1.104785478547855249e+00 -4.544966959839536358e+00
-1.104180418041804668e+00 -4.543540602131660222e+00
-1.103575357535754087e+00 -4.542114398195332470e+00
-1.102970297029703062e+00 -4.540688348097842386e+00
-1.102365236523652481e+00 -4.539262451906486362e+00
-1.101760176017601900e+00 -4.537836709688551906e+00
-1.101155115511551319e+00 -4.536411121511331856e+00
-1.100550055005500738e+00 -4.534985687442115498e+00
-1.099944994499450157e+00 -4.533560407548196558e+00
-1.099339933993399576e+00 -4.532135281896865209e+00
-1.098734873487348995e+00 -4.530710310555412512e+00
-1.098129812981298414e+00 -4.529285493591131306e+00
-1.097524752475247833e+00 -4.527860831071310876e+00
-1.096919691969197252e+00 -4.526436323063243172e+00
-1.096314631463146672e+00 -4.525011969634221032e+00
-1.095709570957096091e+00 -4.523587770851533740e+00
-1.095104510451045510e+00 -4.522163726782471471e+00
-1.094499449944994929e+00 -4.520739837494329727e+00
-1.093894389438944348e+00 -4.519316103054396905e+00
-1.093289328932893767e+00 -4.517892523529964066e+00
-1.092684268426843186e+00 -4.516469098988324049e+00
-1.092079207920792605e+00 -4.515045829496766139e+00
-1.091474147414741580e+00 -4.513622715122584061e+00
-1.090869086908690999e+00 -4.512199755933066214e+00
-1.090264026402640418e+00 -4.510776951995508099e+00
-1.089658965896589837e+00 -4.509354303377198114e+00
-1.089053905390539256e+00 -4.507931810145426432e+00
-1.088448844884488675e+00 -4.506509472367485891e+00
-1.087843784378438095e+00 -4.505087290110669329e+00
-1.087238723872387514e+00 -4.503665263442265143e+00
-1.086633663366336933e+00 -4.502243392429566171e+00
-1.086028602860286352e+00 -4.500821677139864363e+00
-1.085423542354235771e+00 -4.499400117640449004e+00
-1.084818481848185190e+00 -4.497978713998612044e+00
-1.084213421342134609e+00 -4.496557466281646320e+00
-1.083608360836084028e+00 -4.495136374556842895e+00
-1.083003300330033447e+00 -4.493715438891491054e+00
-1.082398239823982866e+00 -4.492294659352882746e+00
-1.081793179317932285e+00 -4.490874036008311698e+00
-1.081188118811881704e+00 -4.489453568925066307e+00
-1.080583058305830679e+00 -4.488033258170437634e+00
-1.079977997799780098e+00 -4.486613103811718517e+00
-1.079372937293729517e+00 -4.485193105916201795e+00
-1.078767876787678937e+00 -4.483773264551175863e+00
-1.078162816281628356e+00 -4.482353579783933561e+00
-1.077557755775577775e+00 -4.480934051681765062e+00
-1.076952695269527194e+00 -4.479514680311962316e+00
-1.076347634763476613e+00 -4.478095465741817272e+00
-1.075742574257426032e+00 -4.476676408038620991e+00
-1.075137513751375451e+00 -4.475257507269663648e+00
-1.074532453245324870e+00 -4.473838763502236304e+00
-1.073927392739274289e+00 -4.472420176803632685e+00
-1.073322332233223708e+00 -4.471001747241142077e+00
-1.072717271727173127e+00 -4.469583474882055540e+00
-1.072112211221122546e+00 -4.468165359793665026e+00
-1.071507150715071965e+00 -4.466747402043264259e+00
-1.070902090209021384e+00 -4.465329601698140749e+00
-1.070297029702970804e+00 -4.463911958825587334e+00
-1.069691969196920223e+00 -4.462494473492895075e+00
-1.069086908690869198e+00 -4.461077145767353258e+00
-1.068481848184818617e+00 -4.459659975716258273e+00
-1.067876787678768036e+00 -4.458242963406897630e+00
-1.067271727172717455e+00 -4.456826108906564166e+00
-1.066666666666666874e+00 -4.455409412282547166e+00
-1.066061606160616293e+00 -4.453992873602139468e+00
-1.065456545654565712e+00 -4.452576492932633911e+00
-1.064851485148515131e+00 -4.451160270341319780e+00
-1.064246424642464550e+00 -4.449744205895488136e+00
-1.063641364136413969e+00 -4.448328299662430041e+00
-1.063036303630363388e+00 -4.446912551709437444e+00
-1.062431243124312807e+00 -4.445496962103802296e+00
-1.061826182618262226e+00 -4.444081530912815658e+00
-1.061221122112211646e+00 -4.442666258203768592e+00
-1.060616061606161065e+00 -4.441251144043952159e+00
-1.060011001100110484e+00 -4.439836188500656533e+00
-1.059405940594059903e+00 -4.438421391641175440e+00
-1.058800880088009322e+00 -4.437006753532799053e+00
-1.058195819581958297e+00 -4.435592274242817545e+00
-1.057590759075907716e+00 -4.434177953838524644e+00
-1.056985698569857135e+00 -4.432763792387209634e+00
-1.056380638063806554e+00 -4.431349789956164464e+00
-1.055775577557755973e+00 -4.429935946612681086e+00
-1.055170517051705392e+00 -4.428522262424049671e+00
-1.054565456545654811e+00 -4.427108737457562171e+00
-1.053960396039604230e+00 -4.425695371780508758e+00
-1.053355335533553649e+00 -4.424282165460183158e+00
-1.052750275027503069e+00 -4.422869118563875546e+00
-1.052145214521452488e+00 -4.421456231158874317e+00
-1.051540154015401907e+00 -4.420043503312476751e+00
-1.050935093509351326e+00 -4.418630935091967693e+00
-1.050330033003300745e+00 -4.417218526564644421e+00
-1.049724972497250164e+00 -4.415806277797793555e+00
-1.049119911991199583e+00 -4.414394188858707047e+00
-1.048514851485149002e+00 -4.412982259814679509e+00
-1.047909790979098421e+00 -4.411570490732998451e+00
-1.047304730473047840e+00 -4.410158881680957599e+00
-1.046699669966996815e+00 -4.408747432725845350e+00
-1.046094609460946234e+00 -4.407336143934956318e+00
-1.045489548954895653e+00 -4.405925015375581566e+00
-1.044884488448845072e+00 -4.404514047115010378e+00
-1.044279427942794491e+00 -4.403103239220534704e+00
-1.043674367436743911e+00 -4.401692591759447382e+00
-1.043069306930693330e+00 -4.400282104799038585e+00
-1.042464246424642749e+00 -4.398871778406597599e+00
-1.041859185918592168e+00 -4.397461612649418150e+00
-1.041254125412541587e+00 -4.396051607594792188e+00
-1.040649064906491006e+00 -4.394641763310008997e+00
-1.040044004400440425e+00 -4.393232079862359640e+00
-1.039438943894389844e+00 -4.391822557319138731e+00
-1.038833883388339263e+00 -4.390413195747633779e+00
-1.038228822882288682e+00 -4.389003995215138509e+00
-1.037623762376238101e+00 -4.387594955788943096e+00
-1.037018701870187520e+00 -4.386186077536337713e+00
-1.036413641364136939e+00 -4.384777360524616974e+00
-1.035808580858085914e+00 -4.383368804821068387e+00
-1.035203520352035333e+00 -4.381960410492986568e+00
-1.034598459845984753e+00 -4.380552177607659914e+00
-1.033993399339934172e+00 -4.379144106232383038e+00
-1.033388338833883591e+00 -4.377736196434444338e+00
-1.032783278327833010e+00 -4.376328448281135763e+00
-1.032178217821782429e+00 -4.374920861839749264e+00
-1.031573157315731848e+00 -4.373513437177575902e+00
-1.030968096809681267e+00 -4.372106174361906739e+00
-1.030363036303630686e+00 -4.370699073460032835e+00
-1.029757975797580105e+00 -4.369292134539247030e+00
-1.029152915291529524e+00 -4.367885357666837720e+00
-1.028547854785478943e+00 -4.366478742910100408e+00
-1.027942794279428362e+00 -4.365072290336320826e+00
-1.027337733773377781e+00 -4.363666000012796253e+00
-1.026732673267327201e+00 -4.362259872006813310e+00
-1.026127612761276620e+00 -4.360853906385666612e+00
-1.025522552255226039e+00 -4.359448103216644554e+00
-1.024917491749175458e+00 -4.358042462567039976e+00
-1.024312431243124433e+00 -4.356636984504143939e+00
-1.023707370737073852e+00 -4.355231669095248392e+00
-1.023102310231023271e+00 -4.353826516407643510e+00
-1.022497249724972690e+00 -4.352421526508623018e+00
-1.021892189218922109e+00 -4.351016699465474424e+00
-1.021287128712871528e+00 -4.349612035345491456e+00
-1.020682068206820947e+00 -4.348207534215964287e+00
-1.020077007700770366e+00 -4.346803196144185755e+00
-1.019471947194719785e+00 -4.345399021197446032e+00
-1.018866886688669204e+00 -4.343995009443036182e+00
-1.018261826182618623e+00 -4.342591160948249041e+00
-1.017656765676568043e+00 -4.341187475780373894e+00
-1.017051705170517462e+00 -4.339783954006702693e+00
-1.016446644664466881e+00 -4.338380595694527386e+00
-1.015841584158416300e+00 -4.336977400911139036e+00
-1.015236523652365719e+00 -4.335574369723827814e+00
-1.014631463146315138e+00 -4.334171502199887449e+00
-1.014026402640264557e+00 -4.332768798406606336e+00
-1.013421342134213532e+00 -4.331366258411277315e+00
-1.012816281628162951e+00 -4.329963882281192333e+00
-1.012211221122112370e+00 -4.328561670083642454e+00
-1.011606160616061789e+00 -4.327159621885916074e+00
-1.011001100110011208e+00 -4.325757737755309584e+00
-1.010396039603960627e+00 -4.324356017759109605e+00
-1.009790979097910046e+00 -4.322954461964609862e+00
-1.009185918591859465e+00 -4.321553070439102306e+00
-1.008580858085808885e+00 -4.320151843249877111e+00
-1.007975797579758304e+00 -4.318750780464223560e+00
-1.007370737073707723e+00 -4.317349882149436269e+00
-1.006765676567657142e+00 -4.315949148372805411e+00
-1.006160616061606561e+00 -4.314548579201622047e+00
-1.005555555555555980e+00 -4.313148174703177240e+00
-1.004950495049505399e+00 -4.311747934944762939e+00
-1.004345434543454818e+00 -4.310347859993670205e+00
-1.003740374037404237e+00 -4.308947949917189213e+00
-1.003135313531353656e+00 -4.307548204782612800e+00
-1.002530253025302631e+00 -4.306148624657230251e+00
-1.001925192519252050e+00 -4.304749209608337068e+00
-1.001320132013201469e+00 -4.303349959703220762e+00
-1.000715071507150888e+00 -4.301950875009173281e+00
-1.000110011001100307e+00 -4.300551955593485687e+00
-9.995049504950497266e-01 -4.299153201523451706e+00
-9.988998899889991456e-01 -4.297754612866358848e+00
-9.982948294829485647e-01 -4.296356189689501726e+00
-9.976897689768979838e-01 -4.294957932060170513e+00
-9.970847084708474029e-01 -4.293559840045655385e+00
-9.964796479647968219e-01 -4.292161913713249177e+00
-9.958745874587462410e-01 -4.290764153130242065e+00
-9.952695269526956601e-01 -4.289366558363926885e+00
-9.946644664466450791e-01 -4.287969129481593811e+00
-9.940594059405944982e-01 -4.286571866550533016e+00
-9.934543454345439173e-01 -4.285174769638037340e+00
-9.928492849284933364e-01 -4.283777838811397842e+00
-9.922442244224427554e-01 -4.282381074137906474e+00
-9.916391639163921745e-01 -4.280984475684853408e+00
-9.910341034103411495e-01 -4.279588043519528817e+00
-9.904290429042905686e-01 -4.278191777709226429e+00
-9.898239823982399876e-01 -4.276795678321237304e+00
-9.892189218921894067e-01 -4.275399745422852504e+00
-9.886138613861388258e-01 -4.274003979081361315e+00
-9.880088008800882449e-01 -4.272608379364057463e+00
-9.874037403740376639e-01 -4.271212946338231120e+00
-9.867986798679870830e-01 -4.269817680071174237e+00
-9.861936193619365021e-01 -4.268422580630177876e+00
-9.855885588558859212e-01 -4.267027648082532210e+00
-9.849834983498353402e-01 -4.265632882495530964e+00
-9.843784378437847593e-01 -4.264238283936462537e+00
-9.837733773377341784e-01 -4.262843852472620654e+00
-9.831683168316835975e-01 -4.261449588171295488e+00
-9.825632563256330165e-01 -4.260055491099778102e+00
-9.819581958195824356e-01 -4.258661561325359557e+00
-9.813531353135318547e-01 -4.257267798915332691e+00
-9.807480748074812738e-01 -4.255874203936987676e+00
-9.801430143014302487e-01 -4.254480776457615576e+00
-9.795379537953796678e-01 -4.253087516544507451e+00
-9.789328932893290869e-01 -4.251694424264957028e+00
-9.783278327832785060e-01 -4.250301499686252704e+00
-9.777227722772279250e-01 -4.248908742875687317e+00
-9.771177117711773441e-01 -4.247516153900551927e+00
-9.765126512651267632e-01 -4.246123732828137598e+00
-9.759075907590761823e-01 -4.244731479725735390e+00
-9.753025302530256013e-01 -4.243339394660637254e+00
-9.746974697469750204e-01 -4.241947477700133362e+00
-9.740924092409244395e-01 -4.240555728911516553e+00
-9.734873487348738585e-01 -4.239164148362077889e+00
-9.728822882288232776e-01 -4.237772736119106654e+00
-9.722772277227726967e-01 -4.236381492249896574e+00
-9.716721672167221158e-01 -4.234990416821737824e+00
-9.710671067106715348e-01 -4.233599509901920577e+00
-9.704620462046209539e-01 -4.232208771557739446e+00
-9.698569856985703730e-01 -4.230818201856482830e+00
-9.692519251925197921e-01 -4.229427800865442677e+00
-9.686468646864687670e-01 -4.228037568651910050e+00
-9.680418041804181861e-01 -4.226647505283176898e+00
-9.674367436743676052e-01 -4.225257610826535171e+00
-9.668316831683170243e-01 -4.223867885349274154e+00
-9.662266226622664433e-01 -4.222478328918688462e+00
-9.656215621562158624e-01 -4.221088941602065603e+00
-9.650165016501652815e-01 -4.219699723466698416e+00
-9.644114411441147006e-01 -4.218310674579878849e+00
-9.638063806380641196e-01 -4.216921795008897966e+00
-9.632013201320135387e-01 -4.215533084821046828e+00
-9.625962596259629578e-01 -4.214144544083614718e+00
-9.619911991199123769e-01 -4.212756172863896253e+00
-9.613861386138617959e-01 -4.211367971229181606e+00
-9.607810781078112150e-01 -4.209979939246761838e+00
-9.601760176017606341e-01 -4.208592076983928010e+00
-9.595709570957100532e-01 -4.207204384507972073e+00
-9.589658965896594722e-01 -4.205816861886184199e+00
-9.583608360836088913e-01 -4.204429509185855451e+00
-9.577557755775578663e-01 -4.203042326474278667e+00
-9.571507150715072854e-01 -4.201655313818745796e+00
-9.565456545654567044e-01 -4.200268471286545235e+00
-9.559405940594061235e-01 -4.198881798944970711e+00
-9.553355335533555426e-01 -4.197495296861313285e+00
-9.547304730473049617e-01 -4.196108965102863131e+00
-9.541254125412543807e-01 -4.194722803736911310e+00
-9.535203520352037998e-01 -4.193336812830750659e+00
-9.529152915291532189e-01 -4.191950992451673130e+00
-9.523102310231026379e-01 -4.190565342666966231e+00
-9.517051705170520570e-01 -4.189179863543924576e+00
-9.511001100110014761e-01 -4.187794555149839226e+00
-9.504950495049508952e-01 -4.186409417551999468e+00
-9.498899889989003142e-01 -4.185024450817698138e+00
-9.492849284928497333e-01 -4.183639655014227188e+00
-9.486798679867991524e-01 -4.182255030208876789e+00
-9.480748074807485715e-01 -4.180870576468938005e+00
-9.474697469746979905e-01 -4.179486293861702784e+00
-9.468646864686474096e-01 -4.178102182454462188e+00
-9.462596259625963846e-01 -4.176718242314507279e+00
-9.456545654565458037e-01 -4.175334473509130007e+00
-9.450495049504952227e-01 -4.173950876105620544e+00
-9.444444444444446418e-01 -4.172567450171272618e+00
-9.438393839383940609e-01 -4.171184195773374626e+00
-9.432343234323434800e-01 -4.169801112979219404e+00
-9.426292629262928990e-01 -4.168418201856098904e+00
-9.420242024202423181e-01 -4.167035462471301521e+00
-9.414191419141917372e-01 -4.165652894892121871e+00
-9.408140814081411563e-01 -4.164270499185850127e+00
-9.402090209020905753e-01 -4.162888275419777351e+00
-9.396039603960399944e-01 -4.161506223661193715e+00
-9.389988998899894135e-01 -4.160124343977392058e+00
-9.383938393839388326e-01 -4.158742636435664330e+00
-9.377887788778882516e-01 -4.157361101103299816e+00
-9.371837183718376707e-01 -4.155979738047590466e+00
-9.365786578657870898e-01 -4.154598547335829117e+00
-9.359735973597365088e-01 -4.153217529035304167e+00
-9.353685368536854838e-01 -4.151836683213308454e+00
-9.347634763476349029e-01 -4.150456009937133928e+00
-9.341584158415843220e-01 -4.149075509274071649e+00
-9.335533553355337411e-01 -4.147695181291412680e+00
-9.329482948294831601e-01 -4.146315026056448971e+00
-9.323432343234325792e-01 -4.144935043636469807e+00
-9.317381738173819983e-01 -4.143555234098768025e+00
-9.311331133113314173e-01 -4.142175597510635576e+00
-9.305280528052808364e-01 -4.140796133939360857e+00
-9.299229922992302555e-01 -4.139416843452239370e+00
-9.293179317931796746e-01 -4.138037726116559512e+00
-9.287128712871290936e-01 -4.136658781999612344e+00
-9.281078107810785127e-01 -4.135280011168691594e+00
-9.275027502750279318e-01 -4.133901413691085658e+00
-9.268976897689773509e-01 -4.132522989634088262e+00
-9.262926292629267699e-01 -4.131144739064988691e+00
-9.256875687568761890e-01 -4.129766662051079784e+00
-9.250825082508256081e-01 -4.128388758659651714e+00
-9.244774477447750272e-01 -4.127011028957997318e+00
-9.238723872387240021e-01 -4.125633473013405883e+00
-9.232673267326734212e-01 -4.124256090893169358e+00
-9.226622662266228403e-01 -4.122878882664580580e+00
-9.220572057205722594e-01 -4.121501848394929723e+00
-9.214521452145216784e-01 -4.120124988151507850e+00
-9.208470847084710975e-01 -4.118748302001606021e+00
-9.202420242024205166e-01 -4.117371790012515298e+00
-9.196369636963699357e-01 -4.115995452251530295e+00
-9.190319031903193547e-01 -4.114619288785937634e+00
-9.184268426842687738e-01 -4.113243299683031040e+00
-9.178217821782181929e-01 -4.111867485010100687e+00
-9.172167216721676120e-01 -4.110491844834440300e+00
-9.166116611661170310e-01 -4.109116379223337390e+00
-9.160066006600664501e-01 -4.107741088244086569e+00
-9.154015401540158692e-01 -4.106365971963978900e+00
-9.147964796479652883e-01 -4.104991030450302780e+00
-9.141914191419147073e-01 -4.103616263770351935e+00
-9.135863586358641264e-01 -4.102241671991417427e+00
-9.129812981298131014e-01 -4.100867255180789428e+00
-9.123762376237625205e-01 -4.099493013405760777e+00
-9.117711771177119395e-01 -4.098118946733621648e+00
-9.111661166116613586e-01 -4.096745055231664878e+00
-9.105610561056107777e-01 -4.095371338967179753e+00
-9.099559955995601968e-01 -4.093997798007458222e+00
-9.093509350935096158e-01 -4.092624432419793123e+00
-9.087458745874590349e-01 -4.091251242271472854e+00
-9.081408140814084540e-01 -4.089878227629791141e+00
-9.075357535753578730e-01 -4.088505388562039045e+00
-9.069306930693072921e-01 -4.087132725135505851e+00
-9.063256325632567112e-01 -4.085760237417485286e+00
-9.057205720572061303e-01 -4.084387925475267522e+00
-9.051155115511555493e-01 -4.083015789376142735e+00
-9.045104510451049684e-01 -4.081643829187405537e+00
-9.039053905390543875e-01 -4.080272044976344326e+00
-9.033003300330038066e-01 -4.078900436810251051e+00
-9.026952695269532256e-01 -4.077529004756415887e+00
-9.020902090209022006e-01 -4.076157748882132559e+00
-9.014851485148516197e-01 -4.074786669254691240e+00
-9.008800880088010388e-01 -4.073415765941382993e+00
-9.002750275027504578e-01 -4.072045039009500655e+00
-8.996699669966998769e-01 -4.070674488544590020e+00
-8.990649064906492960e-01 -4.069304114974431563e+00
-8.984598459845987151e-01 -4.067933919030751078e+00
-8.978547854785481341e-01 -4.066563901455836572e+00
-8.972497249724975532e-01 -4.065194062991976942e+00
-8.966446644664469723e-01 -4.063824404381461086e+00
-8.960396039603963914e-01 -4.062454926366578789e+00
-8.954345434543458104e-01 -4.061085629689618060e+00
-8.948294829482952295e-01 -4.059716515092869571e+00
-8.942244224422446486e-01 -4.058347583318621332e+00
-8.936193619361940677e-01 -4.056978835109162240e+00
-8.930143014301434867e-01 -4.055610271206780304e+00
-8.924092409240929058e-01 -4.054241892353765309e+00
-8.918041804180423249e-01 -4.052873699292408816e+00
-8.911991199119917439e-01 -4.051505692764998834e+00
-8.905940594059407189e-01 -4.050137873513821596e+00
-8.899889988998901380e-01 -4.048770242281167775e+00
-8.893839383938395571e-01 -4.047402799809327156e+00
-8.887788778877889762e-01 -4.046035546840590413e+00
-8.881738173817383952e-01 -4.044668484117243779e+00
-8.875687568756878143e-01 -4.043301612381576149e+00
-8.869636963696372334e-01 -4.041934932375878198e+00
-8.863586358635866524e-01 -4.040568444842438822e+00
-8.857535753575360715e-01 -4.039202150523546919e+00
-8.851485148514854906e-01 -4.037836050161490498e+00
-8.845434543454349097e-01 -4.036470144498560231e+00
-8.839383938393843287e-01 -4.035104434277044128e+00
-8.833333333333337478e-01 -4.033738920239231973e+00
-8.827282728272831669e-01 -4.032373603127410888e+00
-8.821232123212325860e-01 -4.031008483683872434e+00
-8.815181518151820050e-01 -4.029643562650904620e+00
-8.809130913091314241e-01 -4.028278840770796343e+00
-8.803080308030808432e-01 -4.026914318785837388e+00
-8.797029702970298182e-01 -4.025549997438314875e+00
-8.790979097909792372e-01 -4.024185877470520367e+00
-8.784928492849286563e-01 -4.022821959624742760e+00
-8.778877887788780754e-01 -4.021458244643270064e+00
-8.772827282728274945e-01 -4.020094733268390286e+00
-8.766776677667769135e-01 -4.018731426242394100e+00
-8.760726072607263326e-01 -4.017368324307571292e+00
-8.754675467546757517e-01 -4.016005428206209871e+00
-8.748624862486251708e-01 -4.014642738680598733e+00
-8.742574257425745898e-01 -4.013280256473025887e+00
-8.736523652365240089e-01 -4.011917982325782894e+00
-8.730473047304734280e-01 -4.010555916981155988e+00
-8.724422442244228471e-01 -4.009194061181436730e+00
-8.718371837183722661e-01 -4.007832415668914905e+00
-8.712321232123216852e-01 -4.006470981185876745e+00
-8.706270627062711043e-01 -4.005109758474611148e+00
-8.700220022002205233e-01 -4.003748748277408787e+00
-8.694169416941699424e-01 -4.002387951336560334e+00
-8.688118811881193615e-01 -4.001027368394352024e+00
-8.682068206820683365e-01 -3.999667000193072308e+00
-8.676017601760177556e-01 -3.998306847475013193e+00
-8.669966996699671746e-01 -3.996946910982462242e+00
-8.663916391639165937e-01 -3.995587191457708354e+00
-8.657865786578660128e-01 -3.994227689643042645e+00
-8.651815181518154318e-01 -3.992868406280750904e+00
-8.645764576457648509e-01 -3.991509342113123360e+00
-8.639713971397142700e-01 -3.990150497882451130e+00
-8.633663366336636891e-01 -3.988791874331020448e+00
-8.627612761276131081e-01 -3.987433472201121543e+00
-8.621562156215625272e-01 -3.986075292235043754e+00
-8.615511551155119463e-01 -3.984717335175076425e+00
-8.609460946094613654e-01 -3.983359601763507563e+00
-8.603410341034107844e-01 -3.982002092742626953e+00
-8.597359735973602035e-01 -3.980644808854721717e+00
-8.591309130913096226e-01 -3.979287750842083859e+00
-8.585258525852590417e-01 -3.977930919447002278e+00
-8.579207920792084607e-01 -3.976574315411764537e+00
-8.573157315731574357e-01 -3.975217939478657758e+00
-8.567106710671068548e-01 -3.973861792389975722e+00
-8.561056105610562739e-01 -3.972505874888005550e+00
-8.555005500550056929e-01 -3.971150187715035251e+00
-8.548954895489551120e-01 -3.969794731613353722e+00
-8.542904290429045311e-01 -3.968439507325252968e+00
-8.536853685368539502e-01 -3.967084515593017890e+00
-8.530803080308033692e-01 -3.965729757158940938e+00
-8.524752475247527883e-01 -3.964375232765310564e+00
-8.518701870187022074e-01 -3.963020943154413445e+00
-8.512651265126516265e-01 -3.961666889068541142e+00
-8.506600660066010455e-01 -3.960313071249982997e+00
-8.500550055005504646e-01 -3.958959490441025242e+00
-8.494499449944998837e-01 -3.957606147383958994e+00
-8.488448844884493028e-01 -3.956253042821072707e+00
-8.482398239823987218e-01 -3.954900177494657942e+00
-8.476347634763481409e-01 -3.953547552146999600e+00
-8.470297029702975600e-01 -3.952195167520389685e+00
-8.464246424642469790e-01 -3.950843024357115763e+00
-8.458195819581959540e-01 -3.949491123399467174e+00
-8.452145214521453731e-01 -3.948139465389734593e+00
-8.446094609460947922e-01 -3.946788051070205139e+00
-8.440044004400442113e-01 -3.945436881183167266e+00
-8.433993399339936303e-01 -3.944085956470912979e+00
-8.427942794279430494e-01 -3.942735277675729844e+00
-8.421892189218924685e-01 -3.941384845539905868e+00
-8.415841584158418875e-01 -3.940034660805731281e+00
-8.409790979097913066e-01 -3.938684724215494537e+00
-8.403740374037407257e-01 -3.937335036511484976e+00
-8.397689768976901448e-01 -3.935985598435992383e+00
-8.391639163916395638e-01 -3.934636410731305212e+00
-8.385588558855889829e-01 -3.933287474139711914e+00
-8.379537953795384020e-01 -3.931938789403502277e+00
-8.373487348734878211e-01 -3.930590357264965196e+00
-8.367436743674372401e-01 -3.929242178466390456e+00
-8.361386138613866592e-01 -3.927894253750064735e+00
-8.355335533553360783e-01 -3.926546583858280037e+00
-8.349284928492850533e-01 -3.925199169533323040e+00
-8.343234323432344723e-01 -3.923852011517484861e+00
-8.337183718371838914e-01 -3.922505110553053065e+00
-8.331133113311333105e-01 -3.921158467382318769e+00
-8.325082508250827296e-01 -3.919812082747568205e+00
-8.319031903190321486e-01 -3.918465957391092935e+00
-8.312981298129815677e-01 -3.917120092055180081e+00
-8.306930693069309868e-01 -3.915774487482118982e+00
-8.300880088008804059e-01 -3.914429144414200756e+00
-8.294829482948298249e-01 -3.913084063593712081e+00
-8.288778877887792440e-01 -3.911739245762942296e+00
-8.282728272827286631e-01 -3.910394691664182520e+00
-8.276677667766780822e-01 -3.909050402039718985e+00
-8.270627062706275012e-01 -3.907706377631843253e+00
-8.264576457645769203e-01 -3.906362619182842888e+00
-8.258525852585263394e-01 -3.905019127435007675e+00
-8.252475247524757584e-01 -3.903675903130625180e+00
-8.246424642464251775e-01 -3.902332947011986963e+00
-8.240374037403745966e-01 -3.900990259821380146e+00
-8.234323432343235716e-01 -3.899647842301093625e+00
-8.228272827282729907e-01 -3.898305695193418963e+00
-8.222222222222224097e-01 -3.896963819240643279e+00
-8.216171617161718288e-01 -3.895622215185055026e+00
-8.210121012101212479e-01 -3.894280883768943546e+00
-8.204070407040706669e-01 -3.892939825734599957e+00
-8.198019801980200860e-01 -3.891599041824310934e+00
-8.191969196919695051e-01 -3.890258532780367595e+00
-8.185918591859189242e-01 -3.888918299345057061e+00
-8.179867986798683432e-01 -3.887578342260670006e+00
-8.173817381738177623e-01 -3.886238662269493549e+00
-8.167766776677671814e-01 -3.884899260113818364e+00
-8.161716171617166005e-01 -3.883560136535933349e+00
-8.155665566556660195e-01 -3.882221292278127400e+00
-8.149614961496154386e-01 -3.880882728082688971e+00
-8.143564356435648577e-01 -3.879544444691907845e+00
-8.137513751375142768e-01 -3.878206442848072921e+00
-8.131463146314636958e-01 -3.876868723293473984e+00
-8.125412541254126708e-01 -3.875531286770398154e+00
-8.119361936193620899e-01 -3.874194134021135216e+00
-8.113311331133115090e-01 -3.872857265787975845e+00
-8.107260726072609280e-01 -3.871520682813207603e+00
-8.101210121012103471e-01 -3.870184385839119834e+00
-8.095159515951597662e-01 -3.868848375608002765e+00
-8.089108910891091853e-01 -3.867512652862142630e+00
-8.083058305830586043e-01 -3.866177218343831878e+00
-8.077007700770080234e-01 -3.864842072795357630e+00
-8.070957095709574425e-01 -3.863507216959008783e+00
-8.064906490649068616e-01 -3.862172651577075122e+00
-8.058855885588562806e-01 -3.860838377391844656e+00
-8.052805280528056997e-01 -3.859504395145609390e+00
-8.046754675467551188e-01 -3.858170705580654669e+00
-8.040704070407045378e-01 -3.856837309439271166e+00
-8.034653465346539569e-01 -3.855504207463748223e+00
-8.028602860286033760e-01 -3.854171400396374736e+00
-8.022552255225527951e-01 -3.852838888979439158e+00
-8.016501650165022141e-01 -3.851506673955232163e+00
-8.010451045104511891e-01 -3.850174756066039539e+00
-8.004400440044006082e-01 -3.848843136054154623e+00
-7.998349834983500273e-01 -3.847511814661863649e+00
-7.992299229922994463e-01 -3.846180792631456846e+00
-7.986248624862488654e-01 -3.844850070705222667e+00
-7.980198019801982845e-01 -3.843519649625450896e+00
-7.974147414741477036e-01 -3.842189530134428210e+00
-7.968096809680971226e-01 -3.840859712974447504e+00
-7.962046204620465417e-01 -3.839530198887795454e+00
-7.955995599559959608e-01 -3.838200988616761844e+00
-7.949944994499453799e-01 -3.836872082903635128e+00
-7.943894389438947989e-01 -3.835543482490705092e+00
-7.937843784378442180e-01 -3.834215188120259743e+00
-7.931793179317936371e-01 -3.832887200534588423e+00
-7.925742574257430562e-01 -3.831559520475981362e+00
-7.919691969196924752e-01 -3.830232148686727456e+00
-7.913641364136418943e-01 -3.828905085909113382e+00
-7.907590759075913134e-01 -3.827578332885431589e+00
-7.901540154015402884e-01 -3.826251890357968310e+00
-7.895489548954897074e-01 -3.824925759069014219e+00
-7.889438943894391265e-01 -3.823599939760858657e+00
-7.883388338833885456e-01 -3.822274433175790076e+00
-7.877337733773379647e-01 -3.820949240056096485e+00
-7.871287128712873837e-01 -3.819624361144068558e+00
-7.865236523652368028e-01 -3.818299797181995636e+00
-7.859185918591862219e-01 -3.816975548912164840e+00
-7.853135313531356410e-01 -3.815651617076867286e+00
-7.847084708470850600e-01 -3.814328002418390096e+00
-7.841034103410344791e-01 -3.813004705679024831e+00
-7.834983498349838982e-01 -3.811681727601057279e+00
-7.828932893289333173e-01 -3.810359068926779003e+00
-7.822882288228827363e-01 -3.809036730398478898e+00
-7.816831683168321554e-01 -3.807714712758444087e+00
-7.810781078107815745e-01 -3.806393016748967018e+00
-7.804730473047309935e-01 -3.805071643112332591e+00
-7.798679867986804126e-01 -3.803750592590834589e+00
-7.792629262926293876e-01 -3.802429865926756136e+00
-7.786578657865788067e-01 -3.801109463862392346e+00
-7.780528052805282258e-01 -3.799789387140028563e+00
-7.774477447744776448e-01 -3.798469636501955460e+00
-7.768426842684270639e-01 -3.797150212690461935e+00
-7.762376237623764830e-01 -3.795831116447835996e+00
-7.756325632563259020e-01 -3.794512348516368316e+00
-7.750275027502753211e-01 -3.793193909638345129e+00
-7.744224422442247402e-01 -3.791875800556059328e+00
-7.738173817381741593e-01 -3.790558022011797146e+00
-7.732123212321235783e-01 -3.789240574747849255e+00
-7.726072607260729974e-01 -3.787923459506503221e+00
-7.720022002200224165e-01 -3.786606677030049717e+00
-7.713971397139718356e-01 -3.785290228060776307e+00
-7.707920792079212546e-01 -3.783974113340974554e+00
-7.701870187018706737e-01 -3.782658333612929358e+00
-7.695819581958200928e-01 -3.781342889618933167e+00
-7.689768976897695119e-01 -3.780027782101273992e+00
-7.683718371837189309e-01 -3.778713011802241617e+00
-7.677667766776679059e-01 -3.777398579464122719e+00
-7.671617161716173250e-01 -3.776084485829209747e+00
-7.665566556655667441e-01 -3.774770731639789378e+00
-7.659515951595161631e-01 -3.773457317638152286e+00
-7.653465346534655822e-01 -3.772144244566586480e+00
-7.647414741474150013e-01 -3.770831513167380411e+00
-7.641364136413644204e-01 -3.769519124182824310e+00
-7.635313531353138394e-01 -3.768207078355207518e+00
-7.629262926292632585e-01 -3.766895376426818487e+00
-7.623212321232126776e-01 -3.765584019139945671e+00
-7.617161716171620967e-01 -3.764273007236878854e+00
-7.611111111111115157e-01 -3.762962341459906490e+00
-7.605060506050609348e-01 -3.761652022551319696e+00
-7.599009900990103539e-01 -3.760342051253404261e+00
-7.592959295929597729e-01 -3.759032428308452189e+00
-7.586908690869091920e-01 -3.757723154458750159e+00
-7.580858085808586111e-01 -3.756414230446589286e+00
-7.574807480748080302e-01 -3.755105657014258469e+00
-7.568756875687570052e-01 -3.753797434904043495e+00
-7.562706270627064242e-01 -3.752489564858238147e+00
-7.556655665566558433e-01 -3.751182047619129101e+00
-7.550605060506052624e-01 -3.749874883929005698e+00
-7.544554455445546814e-01 -3.748568074530156391e+00
-7.538503850385041005e-01 -3.747261620164871410e+00
-7.532453245324535196e-01 -3.745955521575439207e+00
-7.526402640264029387e-01 -3.744649779504148235e+00
-7.520352035203523577e-01 -3.743344394693289612e+00
-7.514301430143017768e-01 -3.742039367885150014e+00
-7.508250825082511959e-01 -3.740734699822019671e+00
-7.502200220022006150e-01 -3.739430391246186147e+00
-7.496149614961500340e-01 -3.738126442899942781e+00
-7.490099009900994531e-01 -3.736822855525572695e+00
-7.484048404840488722e-01 -3.735519629865370117e+00
-7.477997799779982913e-01 -3.734216766661620834e+00
-7.471947194719477103e-01 -3.732914266656615521e+00
-7.465896589658971294e-01 -3.731612130592641741e+00
-7.459845984598465485e-01 -3.730310359211991056e+00
-7.453795379537955235e-01 -3.729008953256949255e+00
-7.447744774477449425e-01 -3.727707913469808343e+00
-7.441694169416943616e-01 -3.726407240592857217e+00
-7.435643564356437807e-01 -3.725106935368383443e+00
-7.429592959295931998e-01 -3.723806998538675472e+00
-7.423542354235426188e-01 -3.722507430846024423e+00
-7.417491749174920379e-01 -3.721208233032717860e+00
-7.411441144114414570e-01 -3.719909405841046013e+00
-7.405390539053908761e-01 -3.718610950013297334e+00
-7.399339933993402951e-01 -3.717312866291761164e+00
-7.393289328932897142e-01 -3.716015155418725957e+00
-7.387238723872391333e-01 -3.714717818136481053e+00
-7.381188118811885523e-01 -3.713420855187315794e+00
-7.375137513751379714e-01 -3.712124267313519077e+00
-7.369086908690873905e-01 -3.710828055257380687e+00
-7.363036303630368096e-01 -3.709532219761187744e+00
-7.356985698569862286e-01 -3.708236761567230921e+00
-7.350935093509356477e-01 -3.706941681417799561e+00
-7.344884488448846227e-01 -3.705646980055181228e+00
-7.338833883388340418e-01 -3.704352658221665706e+00
-7.332783278327834608e-01 -3.703058716659542338e+00
-7.326732673267328799e-01 -3.701765156111100463e+00
-7.320682068206822990e-01 -3.700471977318628536e+00
-7.314631463146317181e-01 -3.699179181024416785e+00
-7.308580858085811371e-01 -3.697886767970751887e+00
-7.302530253025305562e-01 -3.696594738899925847e+00
-7.296479647964799753e-01 -3.695303094554225343e+00
-7.290429042904293944e-01 -3.694011835675939270e+00
-7.284378437843788134e-01 -3.692720963007359636e+00
-7.278327832783282325e-01 -3.691430477290772227e+00
-7.272277227722776516e-01 -3.690140379268468163e+00
-7.266226622662270707e-01 -3.688850669682736338e+00
-7.260176017601764897e-01 -3.687561349275865208e+00
-7.254125412541259088e-01 -3.686272418790143224e+00
-7.248074807480753279e-01 -3.684983878967860171e+00
-7.242024202420247470e-01 -3.683695730551305392e+00
-7.235973597359741660e-01 -3.682407974282767338e+00
-7.229922992299231410e-01 -3.681120610904535795e+00
-7.223872387238725601e-01 -3.679833641158898772e+00
-7.217821782178219792e-01 -3.678547065788146497e+00
-7.211771177117713982e-01 -3.677260885534568313e+00
-7.205720572057208173e-01 -3.675975101140451784e+00
-7.199669966996702364e-01 -3.674689713348086695e+00
-7.193619361936196555e-01 -3.673404722899762831e+00
-7.187568756875690745e-01 -3.672120130537769089e+00
-7.181518151815184936e-01 -3.670835937004392591e+00
-7.175467546754679127e-01 -3.669552143041924452e+00
-7.169416941694173318e-01 -3.668268749392653127e+00
-7.163366336633667508e-01 -3.666985756798867513e+00
-7.157315731573161699e-01 -3.665703166002856950e+00
-7.151265126512655890e-01 -3.664420977746910335e+00
-7.145214521452150080e-01 -3.663139192773316566e+00
-7.139163916391644271e-01 -3.661857811824364983e+00
-7.133113311331138462e-01 -3.660576835642344484e+00
-7.127062706270632653e-01 -3.659296264969544854e+00
-7.121012101210122403e-01 -3.658016100548253657e+00
-7.114961496149616593e-01 -3.656736343120761124e+00
-7.108910891089110784e-01 -3.655456993429357482e+00
-7.102860286028604975e-01 -3.654178052216328521e+00
-7.096809680968099165e-01 -3.652899520223965801e+00
-7.090759075907593356e-01 -3.651621398194559109e+00
-7.084708470847087547e-01 -3.650343686870394233e+00
-7.078657865786581738e-01 -3.649066386993763178e+00
-7.072607260726075928e-01 -3.647789499306953953e+00
-7.066556655665570119e-01 -3.646513024552255899e+00
-7.060506050605064310e-01 -3.645236963471957026e+00
-7.054455445544558501e-01 -3.643961316808348450e+00
-7.048404840484052691e-01 -3.642686085303716403e+00
-7.042354235423546882e-01 -3.641411269700352449e+00
-7.036303630363041073e-01 -3.640136870740545039e+00
-7.030253025302535264e-01 -3.638862889166582182e+00
-7.024202420242029454e-01 -3.637589325720754108e+00
-7.018151815181523645e-01 -3.636316181145349713e+00
-7.012101210121017836e-01 -3.635043456182658339e+00
-7.006050605060507586e-01 -3.633771151574966662e+00
-7.000000000000001776e-01 -3.632499268064567133e+00
-6.993949394939495967e-01 -3.631227806393747315e+00
-6.987898789878990158e-01 -3.629956767304796550e+00
-6.981848184818484349e-01 -3.628686151540002847e+00
-6.975797579757978539e-01 -3.627415959841656434e+00
-6.969746974697472730e-01 -3.626146192952045766e+00
-6.963696369636966921e-01 -3.624876851613460182e+00
-6.957645764576461112e-01 -3.623607936568190357e+00
-6.951595159515955302e-01 -3.622339448558522079e+00
-6.945544554455449493e-01 -3.621071388326746021e+00
-6.939493949394943684e-01 -3.619803756615152412e+00
-6.933443344334437874e-01 -3.618536554166028374e+00
-6.927392739273932065e-01 -3.617269781721664135e+00
-6.921342134213426256e-01 -3.616003440024348148e+00
-6.915291529152920447e-01 -3.614737529816370643e+00
-6.909240924092414637e-01 -3.613472051840018295e+00
-6.903190319031908828e-01 -3.612207006837582224e+00
-6.897139713971398578e-01 -3.610942395551350881e+00
-6.891089108910892769e-01 -3.609678218723613607e+00
-6.885038503850386959e-01 -3.608414477096659301e+00
-6.878987898789881150e-01 -3.607151171412776858e+00
-6.872937293729375341e-01 -3.605888302414256064e+00
-6.866886688668869532e-01 -3.604625870843385815e+00
-6.860836083608363722e-01 -3.603363877442453678e+00
-6.854785478547857913e-01 -3.602102322953749436e+00
-6.848734873487352104e-01 -3.600841208119564207e+00
-6.842684268426846295e-01 -3.599580533682183781e+00
-6.836633663366340485e-01 -3.598320300383900161e+00
-6.830583058305834676e-01 -3.597060508966999137e+00
-6.824532453245328867e-01 -3.595801160173774047e+00
-6.818481848184823058e-01 -3.594542254746510679e+00
-6.812431243124317248e-01 -3.593283793427499262e+00
-6.806380638063811439e-01 -3.592025776959026917e+00
-6.800330033003305630e-01 -3.590768206083386538e+00
-6.794279427942799821e-01 -3.589511081542863913e+00
-6.788228822882294011e-01 -3.588254404079750604e+00
-6.782178217821783761e-01 -3.586998174436332398e+00
-6.776127612761277952e-01 -3.585742393354901303e+00
-6.770077007700772143e-01 -3.584487061577745770e+00
-6.764026402640266333e-01 -3.583232179847154253e+00
-6.757975797579760524e-01 -3.581977748905416536e+00
-6.751925192519254715e-01 -3.580723769494820630e+00
-6.745874587458748906e-01 -3.579470242357655874e+00
-6.739823982398243096e-01 -3.578217168236212942e+00
-6.733773377337737287e-01 -3.576964547872778510e+00
-6.727722772277231478e-01 -3.575712382009642809e+00
-6.721672167216725668e-01 -3.574460671389095623e+00
-6.715621562156219859e-01 -3.573209416753424517e+00
-6.709570957095714050e-01 -3.571958618844919275e+00
-6.703520352035208241e-01 -3.570708278405869240e+00
-6.697469746974702431e-01 -3.569458396178563309e+00
-6.691419141914196622e-01 -3.568208972905290377e+00
-6.685368536853690813e-01 -3.566960009328339343e+00
-6.679317931793185004e-01 -3.565711506189999547e+00
-6.673267326732674753e-01 -3.564463464232559442e+00
-6.667216721672168944e-01 -3.563215884198308814e+00
-6.661166116611663135e-01 -3.561968766829537003e+00
-6.655115511551157326e-01 -3.560722112868532463e+00
-6.649064906490651516e-01 -3.559475923057585867e+00
-6.643014301430145707e-01 -3.558230198138983447e+00
-6.636963696369639898e-01 -3.556984938855015876e+00
-6.630913091309134089e-01 -3.555740145947972497e+00
-6.624862486248628279e-01 -3.554495820160142205e+00
-6.618811881188122470e-01 -3.553251962233813011e+00
-6.612761276127616661e-01 -3.552008572911273809e+00
-6.606710671067110852e-01 -3.550765652934816163e+00
-6.600660066006605042e-01 -3.549523203046727193e+00
-6.594609460946099233e-01 -3.548281223989296240e+00
-6.588558855885593424e-01 -3.547039716504812645e+00
-6.582508250825087615e-01 -3.545798681335564861e+00
-6.576457645764581805e-01 -3.544558119223843562e+00
-6.570407040704075996e-01 -3.543318030911934979e+00
-6.564356435643565746e-01 -3.542078417142130675e+00
-6.558305830583059937e-01 -3.540839278656719102e+00
-6.552255225522554127e-01 -3.539600616197988270e+00
-6.546204620462048318e-01 -3.538362430508229739e+00
-6.540154015401542509e-01 -3.537124722329729742e+00
-6.534103410341036700e-01 -3.535887492404778065e+00
-6.528052805280530890e-01 -3.534650741475666269e+00
-6.522002200220025081e-01 -3.533414470284680142e+00
-6.515951595159519272e-01 -3.532178679574109914e+00
-6.509900990099013462e-01 -3.530943370086244038e+00
-6.503850385038507653e-01 -3.529708542563373630e+00
-6.497799779978001844e-01 -3.528474197747785812e+00
-6.491749174917496035e-01 -3.527240336381770813e+00
-6.485698569856990225e-01 -3.526006959207616198e+00
-6.479647964796484416e-01 -3.524774066967612640e+00
-6.473597359735978607e-01 -3.523541660404048592e+00
-6.467546754675472798e-01 -3.522309740259212951e+00
-6.461496149614966988e-01 -3.521078307275394614e+00
-6.455445544554461179e-01 -3.519847362194882479e+00
-6.449394939493950929e-01 -3.518616905759966329e+00
-6.443344334433445120e-01 -3.517386938712935063e+00
-6.437293729372939310e-01 -3.516157461796078465e+00
-6.431243124312433501e-01 -3.514928475751684545e+00
-6.425192519251927692e-01 -3.513699981322042198e+00
-6.419141914191421883e-01 -3.512471979249441212e+00
-6.413091309130916073e-01 -3.511244470276170038e+00
-6.407040704070410264e-01 -3.510017455144518461e+00
-6.400990099009904455e-01 -3.508790934596774935e+00
-6.394939493949398646e-01 -3.507564909375228357e+00
-6.388888888888892836e-01 -3.506339380222168511e+00
-6.382838283828387027e-01 -3.505114347879884296e+00
-6.376787678767881218e-01 -3.503889813090664607e+00
-6.370737073707375409e-01 -3.502665776596798342e+00
-6.364686468646869599e-01 -3.501442239140574841e+00
-6.358635863586363790e-01 -3.500219201464283003e+00
-6.352585258525857981e-01 -3.498996664310212168e+00
-6.346534653465352172e-01 -3.497774628420651233e+00
-6.340484048404841921e-01 -3.496553094537888207e+00
-6.334433443344336112e-01 -3.495332063404214207e+00
-6.328382838283830303e-01 -3.494111535761916354e+00
-6.322332233223324494e-01 -3.492891512353285322e+00
-6.316281628162818684e-01 -3.491671993920609562e+00
-6.310231023102312875e-01 -3.490452981206177974e+00
-6.304180418041807066e-01 -3.489234474952279452e+00
-6.298129812981301257e-01 -3.488016475901203783e+00
-6.292079207920795447e-01 -3.486798984795239420e+00
-6.286028602860289638e-01 -3.485582002376675703e+00
-6.279977997799783829e-01 -3.484365529387801530e+00
-6.273927392739278019e-01 -3.483149566570906241e+00
-6.267876787678772210e-01 -3.481934114668277402e+00
-6.261826182618266401e-01 -3.480719174422207018e+00
-6.255775577557760592e-01 -3.479504746574981766e+00
-6.249724972497254782e-01 -3.478290831868890987e+00
-6.243674367436748973e-01 -3.477077431046225353e+00
-6.237623762376243164e-01 -3.475864544849271986e+00
-6.231573157315737355e-01 -3.474652174020320672e+00
-6.225522552255227104e-01 -3.473440319301659862e+00
-6.219471947194721295e-01 -3.472228981435579787e+00
-6.213421342134215486e-01 -3.471018161164369786e+00
-6.207370737073709677e-01 -3.469807859230317426e+00
-6.201320132013203867e-01 -3.468598076375712935e+00
-6.195269526952698058e-01 -3.467388813342845655e+00
-6.189218921892192249e-01 -3.466180070874003594e+00
-6.183168316831686440e-01 -3.464971849711474317e+00
-6.177117711771180630e-01 -3.463764150597550273e+00
-6.171067106710674821e-01 -3.462556974274519916e+00
-6.165016501650169012e-01 -3.461350321484670811e+00
-6.158965896589663203e-01 -3.460144192970292298e+00
-6.152915291529157393e-01 -3.458938589473673719e+00
-6.146864686468651584e-01 -3.457733511737103971e+00
-6.140814081408145775e-01 -3.456528960502872394e+00
-6.134763476347639966e-01 -3.455324936513268774e+00
-6.128712871287134156e-01 -3.454121440510581120e+00
-6.122662266226628347e-01 -3.452918473237097885e+00
-6.116611661166118097e-01 -3.451716035435109298e+00
-6.110561056105612288e-01 -3.450514127846904255e+00
-6.104510451045106478e-01 -3.449312751214772543e+00
-6.098459845984600669e-01 -3.448111906281002170e+00
-6.092409240924094860e-01 -3.446911593787882033e+00
-6.086358635863589051e-01 -3.445711814477701473e+00
-6.080308030803083241e-01 -3.444512569092750276e+00
-6.074257425742577432e-01 -3.443313858375316450e+00
-6.068206820682071623e-01 -3.442115683067690224e+00
-6.062156215621565813e-01 -3.440918043912159163e+00
-6.056105610561060004e-01 -3.439720941651014829e+00
-6.050055005500554195e-01 -3.438524377026542123e+00
-6.044004400440048386e-01 -3.437328350781033937e+00
-6.037953795379542576e-01 -3.436132863656778724e+00
-6.031903190319036767e-01 -3.434937916396063606e+00
-6.025852585258530958e-01 -3.433743509741179256e+00
-6.019801980198025149e-01 -3.432549644434414571e+00
-6.013751375137519339e-01 -3.431356321218058447e+00
-6.007700770077013530e-01 -3.430163540834399338e+00
-6.001650165016503280e-01 -3.428971304025726141e+00
-5.995599559955997471e-01 -3.427779611534329973e+00
-5.989548954895491661e-01 -3.426588464102498399e+00
-5.983498349834985852e-01 -3.425397862472521204e+00
-5.977447744774480043e-01 -3.424207807386685953e+00
-5.971397139713974234e-01 -3.423018299587282876e+00
-5.965346534653468424e-01 -3.421829339816600868e+00
-5.959295929592962615e-01 -3.420640928816929716e+00
-5.953245324532456806e-01 -3.419453067330556983e+00
-5.947194719471950997e-01 -3.418265756099772901e+00
-5.941144114411445187e-01 -3.417078995866866808e+00
-5.935093509350939378e-01 -3.415892787374125383e+00
-5.929042904290433569e-01 -3.414707131363840187e+00
-5.922992299229927760e-01 -3.413522028578300560e+00
-5.916941694169421950e-01 -3.412337479759793180e+00
-5.910891089108916141e-01 -3.411153485650608719e+00
-5.904840484048410332e-01 -3.409970046993036519e+00
-5.898789878987904522e-01 -3.408787164529364588e+00
-5.892739273927394272e-01 -3.407604839001881381e+00
-5.886688668866888463e-01 -3.406423071152878013e+00
-5.880638063806382654e-01 -3.405241861724643826e+00
-5.874587458745876845e-01 -3.404061211459465941e+00
-5.868536853685371035e-01 -3.402881121099633699e+00
-5.862486248624865226e-01 -3.401701591387437329e+00
-5.856435643564359417e-01 -3.400522623065163952e+00
-5.850385038503853607e-01 -3.399344216875105129e+00
-5.844334433443347798e-01 -3.398166373559548870e+00
-5.838283828382841989e-01 -3.396989093860783626e+00
-5.832233223322336180e-01 -3.395812378521098740e+00
-5.826182618261830370e-01 -3.394636228282783108e+00
-5.820132013201324561e-01 -3.393460643888126960e+00
-5.814081408140818752e-01 -3.392285626079417860e+00
-5.808030803080312943e-01 -3.391111175598946037e+00
-5.801980198019807133e-01 -3.389937293189000389e+00
-5.795929592959301324e-01 -3.388763979591868925e+00
-5.789878987898795515e-01 -3.387591235549841429e+00
-5.783828382838289706e-01 -3.386419061805207242e+00
-5.777777777777779455e-01 -3.385247459100254375e+00
-5.771727172717273646e-01 -3.384076428177273055e+00
-5.765676567656767837e-01 -3.382905969778553068e+00
-5.759625962596262028e-01 -3.381736084646381535e+00
-5.753575357535756218e-01 -3.380566773523048241e+00
-5.747524752475250409e-01 -3.379398037150843415e+00
-5.741474147414744600e-01 -3.378229876272053733e+00
-5.735423542354238791e-01 -3.377062291628970314e+00
-5.729372937293732981e-01 -3.375895283963882054e+00
-5.723322332233227172e-01 -3.374728854019076074e+00
-5.717271727172721363e-01 -3.373563002536843936e+00
-5.711221122112215554e-01 -3.372397730259473647e+00
-5.705170517051709744e-01 -3.371233037929254106e+00
-5.699119911991203935e-01 -3.370068926288474209e+00
-5.693069306930698126e-01 -3.368905396079424630e+00
-5.687018701870192317e-01 -3.367742448044391157e+00
-5.680968096809686507e-01 -3.366580082925666240e+00
-5.674917491749180698e-01 -3.365418301465537443e+00
-5.668866886688670448e-01 -3.364257104406293220e+00
-5.662816281628164639e-01 -3.363096492490223355e+00
-5.656765676567658829e-01 -3.361936466459618078e+00
-5.650715071507153020e-01 -3.360777027056764510e+00
-5.644664466446647211e-01 -3.359618175023952880e+00
-5.638613861386141402e-01 -3.358459911103471640e+00
-5.632563256325635592e-01 -3.357302236037610577e+00
-5.626512651265129783e-01 -3.356145150568657698e+00
-5.620462046204623974e-01 -3.354988655438903233e+00
-5.614411441144118164e-01 -3.353832751390635192e+00
-5.608360836083612355e-01 -3.352677439166142914e+00
-5.602310231023106546e-01 -3.351522719507716186e+00
-5.596259625962600737e-01 -3.350368593157643460e+00
-5.590209020902094927e-01 -3.349215060858214077e+00
-5.584158415841589118e-01 -3.348062123351716934e+00
-5.578107810781083309e-01 -3.346909781380440485e+00
-5.572057205720577500e-01 -3.345758035686674958e+00
-5.566006600660071690e-01 -3.344606887012708363e+00
-5.559955995599561440e-01 -3.343456336100830484e+00
-5.553905390539055631e-01 -3.342306383693330663e+00
-5.547854785478549822e-01 -3.341157030532497796e+00
-5.541804180418044012e-01 -3.340008277360619449e+00
-5.535753575357538203e-01 -3.338860124919985850e+00
-5.529702970297032394e-01 -3.337712573952886785e+00
-5.523652365236526585e-01 -3.336565625201611152e+00
-5.517601760176020775e-01 -3.335419279408446513e+00
-5.511551155115514966e-01 -3.334273537315683544e+00
-5.505500550055009157e-01 -3.333128399665611141e+00
-5.499449944994503348e-01 -3.331983867200516869e+00
-5.493399339933997538e-01 -3.330839940662690957e+00
-5.487348734873491729e-01 -3.329696620794422746e+00
-5.481298129812985920e-01 -3.328553908338001133e+00
-5.475247524752480111e-01 -3.327411804035714571e+00
-5.469196919691974301e-01 -3.326270308629851957e+00
-5.463146314631468492e-01 -3.325129422862704409e+00
-5.457095709570962683e-01 -3.323989147476558603e+00
-5.451045104510456873e-01 -3.322849483213704325e+00
-5.444994499449946623e-01 -3.321710430816430026e+00
-5.438943894389440814e-01 -3.320571991027025938e+00
-5.432893289328935005e-01 -3.319434164587782288e+00
-5.426842684268429196e-01 -3.318296952240984865e+00
-5.420792079207923386e-01 -3.317160354728924787e+00
-5.414741474147417577e-01 -3.316024372793892727e+00
-5.408690869086911768e-01 -3.314889007178174474e+00
-5.402640264026405958e-01 -3.313754258624060256e+00
-5.396589658965900149e-01 -3.312620127873839859e+00
-5.390539053905394340e-01 -3.311486615669800848e+00
-5.384488448844888531e-01 -3.310353722754233896e+00
-5.378437843784382721e-01 -3.309221449869427456e+00
-5.372387238723876912e-01 -3.308089797757671313e+00
-5.366336633663371103e-01 -3.306958767161253032e+00
-5.360286028602865294e-01 -3.305828358822461954e+00
-5.354235423542359484e-01 -3.304698573483588753e+00
-5.348184818481853675e-01 -3.303569411886920992e+00
-5.342134213421347866e-01 -3.302440874774748014e+00
-5.336083608360837616e-01 -3.301312962889358271e+00
-5.330033003300331806e-01 -3.300185676973041993e+00
-5.323982398239825997e-01 -3.299059017768088520e+00
-5.317931793179320188e-01 -3.297932986016785861e+00
-5.311881188118814379e-01 -3.296807582461423802e+00
-5.305830583058308569e-01 -3.295682807844289908e+00
-5.299779977997802760e-01 -3.294558662907675739e+00
-5.293729372937296951e-01 -3.293435148393868417e+00
-5.287678767876791142e-01 -3.292312265045158171e+00
-5.281628162816285332e-01 -3.291190013603831677e+00
-5.275577557755779523e-01 -3.290068394812181829e+00
-5.269526952695273714e-01 -3.288947409412494860e+00
-5.263476347634767905e-01 -3.287827058147060999e+00
-5.257425742574262095e-01 -3.286707341758168699e+00
-5.251375137513756286e-01 -3.285588260988106857e+00
-5.245324532453250477e-01 -3.284469816579165702e+00
-5.239273927392744667e-01 -3.283352009273632799e+00
-5.233223322332238858e-01 -3.282234839813799265e+00
-5.227172717271733049e-01 -3.281118308941952222e+00
-5.221122112211222799e-01 -3.280002417400380565e+00
-5.215071507150716990e-01 -3.278887165931374970e+00
-5.209020902090211180e-01 -3.277772555277223887e+00
-5.202970297029705371e-01 -3.276658586180215771e+00
-5.196919691969199562e-01 -3.275545259382640406e+00
-5.190869086908693752e-01 -3.274432575626788022e+00
-5.184818481848187943e-01 -3.273320535654944408e+00
-5.178767876787682134e-01 -3.272209140209400680e+00
-5.172717271727176325e-01 -3.271098390032446623e+00
-5.166666666666670515e-01 -3.269988285866369360e+00
-5.160616061606164706e-01 -3.268878828453460006e+00
-5.154565456545658897e-01 -3.267770018536006571e+00
-5.148514851485153088e-01 -3.266661856856297952e+00
-5.142464246424647278e-01 -3.265554344156622157e+00
-5.136413641364141469e-01 -3.264447481179271193e+00
-5.130363036303635660e-01 -3.263341268666532180e+00
-5.124312431243129851e-01 -3.262235707360694015e+00
-5.118261826182624041e-01 -3.261130798004046483e+00
-5.112211221122113791e-01 -3.260026541338876704e+00
-5.106160616061607982e-01 -3.258922938107477130e+00
-5.100110011001102173e-01 -3.257819989052135323e+00
-5.094059405940596363e-01 -3.256717694915139738e+00
-5.088008800880090554e-01 -3.255616056438779715e+00
-5.081958195819584745e-01 -3.254515074365345040e+00
-5.075907590759078936e-01 -3.253414749437123721e+00
-5.069856985698573126e-01 -3.252315082396404655e+00
-5.063806380638067317e-01 -3.251216073985479404e+00
-5.057755775577561508e-01 -3.250117724946634201e+00
-5.051705170517055699e-01 -3.249020036022159275e+00
-5.045654565456549889e-01 -3.247923007954342189e+00
-5.039603960396044080e-01 -3.246826641485475395e+00
-5.033553355335538271e-01 -3.245730937357844237e+00
-5.027502750275032462e-01 -3.244635896313739831e+00
-5.021452145214526652e-01 -3.243541519095451520e+00
-5.015401540154020843e-01 -3.242447806445267311e+00
-5.009350935093515034e-01 -3.241354759105477434e+00
-5.003300330033009224e-01 -3.240262377818368567e+00
-4.997249724972498974e-01 -3.239170663326231825e+00
-4.991199119911993165e-01 -3.238079616371356106e+00
-4.985148514851487356e-01 -3.236989237696030308e+00
-4.979097909790981547e-01 -3.235899528042544215e+00
-4.973047304730475737e-01 -3.234810488153184505e+00
-4.966996699669969928e-01 -3.233722118770243181e+00
-4.960946094609464119e-01 -3.232634420636007366e+00
-4.954895489548958309e-01 -3.231547394492766401e+00
-4.948844884488452500e-01 -3.230461041082810514e+00
-4.942794279427946691e-01 -3.229375361148427714e+00
-4.936743674367440882e-01 -3.228290355431906899e+00
-4.930693069306935072e-01 -3.227206024675537854e+00
-4.924642464246429263e-01 -3.226122369621608588e+00
-4.918591859185923454e-01 -3.225039391012409329e+00
-4.912541254125417645e-01 -3.223957089590229863e+00
-4.906490649064911835e-01 -3.222875466097357311e+00
-4.900440044004406026e-01 -3.221794521276080570e+00
-4.894389438943900217e-01 -3.220714255868690756e+00
-4.888338833883389967e-01 -3.219634670617474548e+00
-4.882288228822884157e-01 -3.218555766264723061e+00
-4.876237623762378348e-01 -3.217477543552723862e+00
-4.870187018701872539e-01 -3.216400003223768067e+00
-4.864136413641366730e-01 -3.215323146020143685e+00
-4.858085808580860920e-01 -3.214246972684138726e+00
-4.852035203520355111e-01 -3.213171483958042529e+00
-4.845984598459849302e-01 -3.212096680584145325e+00
-4.839933993399343493e-01 -3.211022563304736011e+00
-4.833883388338837683e-01 -3.209949132862102594e+00
-4.827832783278331874e-01 -3.208876389998535306e+00
-4.821782178217826065e-01 -3.207804335456322598e+00
-4.815731573157320256e-01 -3.206732969977752923e+00
-4.809680968096814446e-01 -3.205662294305116067e+00
-4.803630363036308637e-01 -3.204592309180701371e+00
-4.797579757975802828e-01 -3.203523015346797287e+00
-4.791529152915297018e-01 -3.202454413545693601e+00
-4.785478547854791209e-01 -3.201386504519678322e+00
-4.779427942794285400e-01 -3.200319289011041679e+00
-4.773377337733775150e-01 -3.199252767762071237e+00
-4.767326732673269341e-01 -3.198186941515057669e+00
-4.761276127612763531e-01 -3.197121811012290316e+00
-4.755225522552257722e-01 -3.196057376996056298e+00
-4.749174917491751913e-01 -3.194993640208645846e+00
-4.743124312431246103e-01 -3.193930601392347413e+00
-4.737073707370740294e-01 -3.192868261289451226e+00
-4.731023102310234485e-01 -3.191806620642245740e+00
-4.724972497249728676e-01 -3.190745680193019851e+00
-4.718921892189222866e-01 -3.189685440684062900e+00
-4.712871287128717057e-01 -3.188625902857663785e+00
-4.706820682068211248e-01 -3.187567067456110514e+00
-4.700770077007705439e-01 -3.186508935221694205e+00
-4.694719471947199629e-01 -3.185451506896702867e+00
-4.688668866886693820e-01 -3.184394783223425396e+00
-4.682618261826188011e-01 -3.183338764944151578e+00
-4.676567656765682202e-01 -3.182283452801168977e+00
-4.670517051705176392e-01 -3.181228847536768711e+00
-4.664466446644666142e-01 -3.180174949893237013e+00
-4.658415841584160333e-01 -3.179121760612866332e+00
-4.652365236523654524e-01 -3.178069280437944233e+00
-4.646314631463148714e-01 -3.177017510110759169e+00
-4.640264026402642905e-01 -3.175966450373601369e+00
-4.634213421342137096e-01 -3.174916101968758397e+00
-4.628162816281631287e-01 -3.173866465638520484e+00
-4.622112211221125477e-01 -3.172817542125176082e+00
-4.616061606160619668e-01 -3.171769332171014977e+00
-4.610011001100113859e-01 -3.170721836518326064e+00
-4.603960396039608050e-01 -3.169675055909398242e+00
-4.597909790979102240e-01 -3.168628991086519520e+00
-4.591859185918596431e-01 -3.167583642791981013e+00
-4.585808580858090622e-01 -3.166539011768070289e+00
-4.579757975797584812e-01 -3.165495098757077574e+00
-4.573707370737079003e-01 -3.164451904501290436e+00
-4.567656765676573194e-01 -3.163409429742998213e+00
-4.561606160616067385e-01 -3.162367675224491581e+00
-4.555555555555561575e-01 -3.161326641688058103e+00
-4.549504950495051325e-01 -3.160286329875986233e+00
-4.543454345434545516e-01 -3.159246740530567088e+00
-4.537403740374039707e-01 -3.158207874394088677e+00
-4.531353135313533897e-01 -3.157169732208839896e+00
-4.525302530253028088e-01 -3.156132314717110088e+00
-4.519251925192522279e-01 -3.155095622661188148e+00
-4.513201320132016470e-01 -3.154059656783363419e+00
-4.507150715071510660e-01 -3.153024417825925685e+00
-4.501100110011004851e-01 -3.151989906531161623e+00
-4.495049504950499042e-01 -3.150956123641361906e+00
-4.488998899889993233e-01 -3.149923069898816319e+00
-4.482948294829487423e-01 -3.148890746045812428e+00
-4.476897689768981614e-01 -3.147859152824640461e+00
-4.470847084708475805e-01 -3.146828290977588871e+00
-4.464796479647969996e-01 -3.145798161246946112e+00
-4.458745874587464186e-01 -3.144768764375002412e+00
-4.452695269526958377e-01 -3.143740101104046669e+00
-4.446644664466452568e-01 -3.142712172176368224e+00
-4.440594059405942318e-01 -3.141684978334253309e+00
-4.434543454345436508e-01 -3.140658520319995706e+00
-4.428492849284930699e-01 -3.139632798875881203e+00
-4.422442244224424890e-01 -3.138607814744199587e+00
-4.416391639163919081e-01 -3.137583568667240197e+00
-4.410341034103413271e-01 -3.136560061387291931e+00
-4.404290429042907462e-01 -3.135537293646643686e+00
-4.398239823982401653e-01 -3.134515266187585247e+00
-4.392189218921895844e-01 -3.133493979752404623e+00
-4.386138613861390034e-01 -3.132473435083391600e+00
-4.380088008800884225e-01 -3.131453632922835073e+00
-4.374037403740378416e-01 -3.130434574013023941e+00
-4.367986798679872606e-01 -3.129416259096247988e+00
-4.361936193619366797e-01 -3.128398688914795667e+00
-4.355885588558860988e-01 -3.127381864210955875e+00
-4.349834983498355179e-01 -3.126365785727017954e+00
-4.343784378437849369e-01 -3.125350454205270800e+00
-4.337733773377343560e-01 -3.124335870388003311e+00
-4.331683168316833310e-01 -3.123322035017504383e+00
-4.325632563256327501e-01 -3.122308948836064690e+00
-4.319581958195821692e-01 -3.121296612585971797e+00
-4.313531353135315882e-01 -3.120285027009515488e+00
-4.307480748074810073e-01 -3.119274192848983329e+00
-4.301430143014304264e-01 -3.118264110846666437e+00
-4.295379537953798454e-01 -3.117254781744852821e+00
-4.289328932893292645e-01 -3.116246206285831377e+00
-4.283278327832786836e-01 -3.115238385211892336e+00
-4.277227722772281027e-01 -3.114231319265322373e+00
-4.271177117711775217e-01 -3.113225009188413939e+00
-4.265126512651269408e-01 -3.112219455723453265e+00
-4.259075907590763599e-01 -3.111214659612730138e+00
-4.253025302530257790e-01 -3.110210621598534786e+00
-4.246974697469751980e-01 -3.109207342423154330e+00
-4.240924092409246171e-01 -3.108204822828879443e+00
-4.234873487348740362e-01 -3.107203063557999023e+00
-4.228822882288234553e-01 -3.106202065352801078e+00
-4.222772277227728743e-01 -3.105201828955575394e+00
-4.216721672167218493e-01 -3.104202355108610867e+00
-4.210671067106712684e-01 -3.103203644554197282e+00
-4.204620462046206875e-01 -3.102205698034623094e+00
-4.198569856985701065e-01 -3.101208516292176309e+00
-4.192519251925195256e-01 -3.100212100069148047e+00
-4.186468646864689447e-01 -3.099216450107826315e+00
-4.180418041804183638e-01 -3.098221567150500899e+00
-4.174367436743677828e-01 -3.097227451939458920e+00
-4.168316831683172019e-01 -3.096234105216991050e+00
-4.162266226622666210e-01 -3.095241527725386632e+00
-4.156215621562160401e-01 -3.094249720206934118e+00
-4.150165016501654591e-01 -3.093258683403922404e+00
-4.144114411441148782e-01 -3.092268418058640389e+00
-4.138063806380642973e-01 -3.091278924913378745e+00
-4.132013201320137163e-01 -3.090290204710423261e+00
-4.125962596259631354e-01 -3.089302258192067274e+00
-4.119911991199125545e-01 -3.088315086100596130e+00
-4.113861386138619736e-01 -3.087328689178301389e+00
-4.107810781078109486e-01 -3.086343068167469728e+00
-4.101760176017603676e-01 -3.085358223810393152e+00
-4.095709570957097867e-01 -3.084374156849358339e+00
-4.089658965896592058e-01 -3.083390868026655074e+00
-4.083608360836086248e-01 -3.082408358084573141e+00
-4.077557755775580439e-01 -3.081426627765400994e+00
-4.071507150715074630e-01 -3.080445677811427529e+00
-4.065456545654568821e-01 -3.079465508964942089e+00
-4.059405940594063011e-01 -3.078486121968233569e+00
-4.053355335533557202e-01 -3.077507517563591311e+00
-4.047304730473051393e-01 -3.076529696493303767e+00
-4.041254125412545584e-01 -3.075552659499660724e+00
-4.035203520352039774e-01 -3.074576407324951965e+00
-4.029152915291533965e-01 -3.073600940711464169e+00
-4.023102310231028156e-01 -3.072626260401488008e+00
-4.017051705170522347e-01 -3.071652367137312378e+00
-4.011001100110016537e-01 -3.070679261661226622e+00
-4.004950495049510728e-01 -3.069706944715519192e+00
-3.998899889989004919e-01 -3.068735417042700586e+00
-3.992849284928494669e-01 -3.067764679445042386e+00
-3.986798679867988859e-01 -3.066794732865157247e+00
-3.980748074807483050e-01 -3.065825578265780393e+00
-3.974697469746977241e-01 -3.064857216609645718e+00
-3.968646864686471432e-01 -3.063889648859488890e+00
-3.962596259625965622e-01 -3.062922875978045578e+00
-3.956545654565459813e-01 -3.061956898928051007e+00
-3.950495049504954004e-01 -3.060991718672238182e+00
-3.944444444444448195e-01 -3.060027336173342771e+00
-3.938393839383942385e-01 -3.059063752394101776e+00
-3.932343234323436576e-01 -3.058100968297247313e+00
-3.926292629262930767e-01 -3.057138984845516383e+00
-3.920242024202424957e-01 -3.056177803001643767e+00
-3.914191419141919148e-01 -3.055217423728363801e+00
-3.908140814081413339e-01 -3.054257847988410379e+00
-3.902090209020907530e-01 -3.053299076744521834e+00
-3.896039603960401720e-01 -3.052341110959430726e+00
-3.889988998899895911e-01 -3.051383951595871835e+00
-3.883938393839385661e-01 -3.050427599616581276e+00
-3.877887788778879852e-01 -3.049472055984293828e+00
-3.871837183718374042e-01 -3.048517321661744273e+00
-3.865786578657868233e-01 -3.047563397611668279e+00
-3.859735973597362424e-01 -3.046610284796799739e+00
-3.853685368536856615e-01 -3.045657984179875211e+00
-3.847634763476350805e-01 -3.044706496723627698e+00
-3.841584158415844996e-01 -3.043755823390792870e+00
-3.835533553355339187e-01 -3.042805965144107283e+00
-3.829482948294833378e-01 -3.041856922946303943e+00
-3.823432343234327568e-01 -3.040908697760118962e+00
-3.817381738173821759e-01 -3.039961290548287121e+00
-3.811331133113315950e-01 -3.039014702273543644e+00
-3.805280528052810141e-01 -3.038068933898621982e+00
-3.799229922992304331e-01 -3.037123986386260466e+00
-3.793179317931798522e-01 -3.036179860699191213e+00
-3.787128712871292713e-01 -3.035236557800149004e+00
-3.781078107810786904e-01 -3.034294078651870841e+00
-3.775027502750281094e-01 -3.033352424217090615e+00
-3.768976897689770844e-01 -3.032411595458543108e+00
-3.762926292629265035e-01 -3.031471593338964432e+00
-3.756875687568759226e-01 -3.030532418821088925e+00
-3.750825082508253416e-01 -3.029594072867651811e+00
-3.744774477447747607e-01 -3.028656556441386982e+00
-3.738723872387241798e-01 -3.027719870505030997e+00
-3.732673267326735989e-01 -3.026784016021318191e+00
-3.726622662266230179e-01 -3.025848993952983346e+00
-3.720572057205724370e-01 -3.024914805262762130e+00
-3.714521452145218561e-01 -3.023981450913389324e+00
-3.708470847084712751e-01 -3.023048931867599265e+00
-3.702420242024206942e-01 -3.022117249088127178e+00
-3.696369636963701133e-01 -3.021186403537708287e+00
-3.690319031903195324e-01 -3.020256396179078262e+00
-3.684268426842689514e-01 -3.019327227974970995e+00
-3.678217821782183705e-01 -3.018398899888123044e+00
-3.672167216721677896e-01 -3.017471412881267856e+00
-3.666116611661172087e-01 -3.016544767917140213e+00
-3.660066006600661837e-01 -3.015618965958476227e+00
-3.654015401540156027e-01 -3.014694007968010236e+00
-3.647964796479650218e-01 -3.013769894908478353e+00
-3.641914191419144409e-01 -3.012846627742614469e+00
-3.635863586358638599e-01 -3.011924207433154699e+00
-3.629812981298132790e-01 -3.011002634942832934e+00
-3.623762376237626981e-01 -3.010081911234383512e+00
-3.617711771177121172e-01 -3.009162037270543433e+00
-3.611661166116615362e-01 -3.008243014014046590e+00
-3.605610561056109553e-01 -3.007324842427628209e+00
-3.599559955995603744e-01 -3.006407523474022181e+00
-3.593509350935097935e-01 -3.005491058115965952e+00
-3.587458745874592125e-01 -3.004575447316192971e+00
-3.581408140814086316e-01 -3.003660692037437574e+00
-3.575357535753580507e-01 -3.002746793242435874e+00
-3.569306930693074698e-01 -3.001833751893923097e+00
-3.563256325632568888e-01 -3.000921568954634022e+00
-3.557205720572063079e-01 -3.000010245387302543e+00
-3.551155115511557270e-01 -2.999099782154665217e+00
-3.545104510451047020e-01 -2.998190180219455048e+00
-3.539053905390541210e-01 -2.997281440544409037e+00
-3.533003300330035401e-01 -2.996373564092261521e+00
-3.526952695269529592e-01 -2.995466551825748169e+00
-3.520902090209023783e-01 -2.994560404707603318e+00
-3.514851485148517973e-01 -2.993655123700561749e+00
-3.508800880088012164e-01 -2.992750709767358241e+00
-3.502750275027506355e-01 -2.991847163870728910e+00
-3.496699669967000546e-01 -2.990944486973407201e+00
-3.490649064906494736e-01 -2.990042680038131007e+00
-3.484598459845988927e-01 -2.989141744027631553e+00
-3.478547854785483118e-01 -2.988241679904645842e+00
-3.472497249724977308e-01 -2.987342488631909543e+00
-3.466446644664471499e-01 -2.986444171172156103e+00
-3.460396039603965690e-01 -2.985546728488121193e+00
-3.454345434543459881e-01 -2.984650161542541369e+00
-3.448294829482954071e-01 -2.983754471298149191e+00
-3.442244224422448262e-01 -2.982859658717679885e+00
-3.436193619361938012e-01 -2.981965724763869119e+00
-3.430143014301432203e-01 -2.981072670399452118e+00
-3.424092409240926393e-01 -2.980180496587164551e+00
-3.418041804180420584e-01 -2.979289204289740312e+00
-3.411991199119914775e-01 -2.978398794469915067e+00
-3.405940594059408966e-01 -2.977509268090423156e+00
-3.399889988998903156e-01 -2.976620626114000689e+00
-3.393839383938397347e-01 -2.975732869503381117e+00
-3.387788778877891538e-01 -2.974845999221300552e+00
-3.381738173817385729e-01 -2.973960016230492887e+00
-3.375687568756879919e-01 -2.973074921493694234e+00
-3.369636963696374110e-01 -2.972190715973640263e+00
-3.363586358635868301e-01 -2.971307400633065310e+00
-3.357535753575362492e-01 -2.970424976434702824e+00
-3.351485148514856682e-01 -2.969543444341289806e+00
-3.345434543454350873e-01 -2.968662805315560149e+00
-3.339383938393845064e-01 -2.967783060320249078e+00
-3.333333333333339255e-01 -2.966904210318092261e+00
-3.327282728272829004e-01 -2.966026256271823591e+00
-3.321232123212323195e-01 -2.965149199144179182e+00
-3.315181518151817386e-01 -2.964273039897893813e+00
-3.309130913091311577e-01 -2.963397779495701823e+00
-3.303080308030805767e-01 -2.962523418900339323e+00
-3.297029702970299958e-01 -2.961649959074539762e+00
-3.290979097909794149e-01 -2.960777400981040142e+00
-3.284928492849288340e-01 -2.959905745582573466e+00
-3.278877887788782530e-01 -2.959034993841876293e+00
-3.272827282728276721e-01 -2.958165146721682515e+00
-3.266776677667770912e-01 -2.957296205184727800e+00
-3.260726072607265102e-01 -2.956428170193746929e+00
-3.254675467546759293e-01 -2.955561042711475128e+00
-3.248624862486253484e-01 -2.954694823700646733e+00
-3.242574257425747675e-01 -2.953829514123997413e+00
-3.236523652365241865e-01 -2.952965114944262393e+00
-3.230473047304736056e-01 -2.952101627124176453e+00
-3.224422442244230247e-01 -2.951239051626474819e+00
-3.218371837183724438e-01 -2.950377389413890494e+00
-3.212321232123214187e-01 -2.949516641449161813e+00
-3.206270627062708378e-01 -2.948656808695020448e+00
-3.200220022002202569e-01 -2.947797892114204288e+00
-3.194169416941696760e-01 -2.946939892669446781e+00
-3.188118811881190950e-01 -2.946082811323482709e+00
-3.182068206820685141e-01 -2.945226649039049072e+00
-3.176017601760179332e-01 -2.944371406778878431e+00
-3.169966996699673523e-01 -2.943517085505706898e+00
-3.163916391639167713e-01 -2.942663686182269256e+00
-3.157865786578661904e-01 -2.941811209771301616e+00
-3.151815181518156095e-01 -2.940959657235536984e+00
-3.145764576457650286e-01 -2.940109029537711471e+00
-3.139713971397144476e-01 -2.939259327640560748e+00
-3.133663366336638667e-01 -2.938410552506818263e+00
-3.127612761276132858e-01 -2.937562705099221017e+00
-3.121562156215627049e-01 -2.936715786380502013e+00
-3.115511551155121239e-01 -2.935869797313396479e+00
-3.109460946094615430e-01 -2.935024738860640969e+00
-3.103410341034105180e-01 -2.934180611984969378e+00
-3.097359735973599371e-01 -2.933337417649117373e+00
-3.091309130913093561e-01 -2.932495156815817516e+00
-3.085258525852587752e-01 -2.931653830447809472e+00
-3.079207920792081943e-01 -2.930813439507824025e+00
-3.073157315731576134e-01 -2.929973984958598621e+00
-3.067106710671070324e-01 -2.929135467762866263e+00
-3.061056105610564515e-01 -2.928297888883364397e+00
-3.055005500550058706e-01 -2.927461249282825584e+00
-3.048954895489552896e-01 -2.926625549923986380e+00
-3.042904290429047087e-01 -2.925790791769582011e+00
-3.036853685368541278e-01 -2.924956975782346369e+00
-3.030803080308035469e-01 -2.924124102925015123e+00
-3.024752475247529659e-01 -2.923292174160323054e+00
-3.018701870187023850e-01 -2.922461190451004942e+00
-3.012651265126518041e-01 -2.921631152759796013e+00
-3.006600660066012232e-01 -2.920802062049432379e+00
-3.000550055005506422e-01 -2.919973919282645713e+00
-2.994499449945000613e-01 -2.919146725422176125e+00
-2.988448844884490363e-01 -2.918320481430753066e+00
-2.982398239823984554e-01 -2.917495188271116646e+00
-2.976347634763478744e-01 -2.916670846905998093e+00
-2.970297029702972935e-01 -2.915847458298134853e+00
-2.964246424642467126e-01 -2.915025023410260374e+00
-2.958195819581961317e-01 -2.914203543205110325e+00
-2.952145214521455507e-01 -2.913383018645419487e+00
-2.946094609460949698e-01 -2.912563450693922196e+00
-2.940044004400443889e-01 -2.911744840313356342e+00
-2.933993399339938080e-01 -2.910927188466453597e+00
-2.927942794279432270e-01 -2.910110496115949630e+00
-2.921892189218926461e-01 -2.909294764224581886e+00
-2.915841584158420652e-01 -2.908479993755082038e+00
-2.909790979097914843e-01 -2.907666185670186643e+00
-2.903740374037409033e-01 -2.906853340932631369e+00
-2.897689768976903224e-01 -2.906041460505149665e+00
-2.891639163916397415e-01 -2.905230545350478089e+00
-2.885588558855891606e-01 -2.904420596431350532e+00
-2.879537953795381355e-01 -2.903611614710502664e+00
-2.873487348734875546e-01 -2.902803601150668822e+00
-2.867436743674369737e-01 -2.901996556714584674e+00
-2.861386138613863928e-01 -2.901190482364984558e+00
-2.855335533553358118e-01 -2.900385379064605029e+00
-2.849284928492852309e-01 -2.899581247776179538e+00
-2.843234323432346500e-01 -2.898778089462443308e+00
-2.837183718371840691e-01 -2.897975905086132009e+00
-2.831133113311334881e-01 -2.897174695609979977e+00
-2.825082508250829072e-01 -2.896374461996721994e+00
-2.819031903190323263e-01 -2.895575205209094616e+00
-2.812981298129817453e-01 -2.894776926209830847e+00
-2.806930693069311644e-01 -2.893979625961666802e+00
-2.800880088008805835e-01 -2.893183305427338148e+00
-2.794829482948300026e-01 -2.892387965569577890e+00
-2.788778877887794216e-01 -2.891593607351122586e+00
-2.782728272827288407e-01 -2.890800231734707015e+00
-2.776677667766782598e-01 -2.890007839683066404e+00
-2.770627062706276789e-01 -2.889216432158935088e+00
-2.764576457645766538e-01 -2.888426010125047405e+00
-2.758525852585260729e-01 -2.887636574544140355e+00
-2.752475247524754920e-01 -2.886848126378947388e+00
-2.746424642464249111e-01 -2.886060666592205060e+00
-2.740374037403743301e-01 -2.885274196146646819e+00
-2.734323432343237492e-01 -2.884488716005008779e+00
-2.728272827282731683e-01 -2.883704227130023945e+00
-2.722222222222225874e-01 -2.882920730484430205e+00
-2.716171617161720064e-01 -2.882138227030961009e+00
-2.710121012101214255e-01 -2.881356717732350692e+00
-2.704070407040708446e-01 -2.880576203551335368e+00
-2.698019801980202637e-01 -2.879796685450650262e+00
-2.691969196919696827e-01 -2.879018164393029267e+00
-2.685918591859191018e-01 -2.878240641341208939e+00
-2.679867986798685209e-01 -2.877464117257922283e+00
-2.673817381738179400e-01 -2.876688593105904967e+00
-2.667766776677673590e-01 -2.875914069847893995e+00
-2.661716171617167781e-01 -2.875140548446621924e+00
-2.655665566556657531e-01 -2.874368029864824425e+00
-2.649614961496151722e-01 -2.873596515065236723e+00
-2.643564356435645912e-01 -2.872826005010594486e+00
-2.637513751375140103e-01 -2.872056500663631606e+00
-2.631463146314634294e-01 -2.871288002987083310e+00
-2.625412541254128485e-01 -2.870520512943684821e+00
-2.619361936193622675e-01 -2.869754031496171809e+00
-2.613311331133116866e-01 -2.868988559607278166e+00
-2.607260726072611057e-01 -2.868224098239739117e+00
-2.601210121012105247e-01 -2.867460648356290775e+00
-2.595159515951599438e-01 -2.866698210919666145e+00
-2.589108910891093629e-01 -2.865936786892601784e+00
-2.583058305830587820e-01 -2.865176377237832916e+00
-2.577007700770082010e-01 -2.864416982918093435e+00
-2.570957095709576201e-01 -2.863658604896119009e+00
-2.564906490649070392e-01 -2.862901244134644418e+00
-2.558855885588564583e-01 -2.862144901596405333e+00
-2.552805280528058773e-01 -2.861389578244135201e+00
-2.546754675467552964e-01 -2.860635275040569692e+00
-2.540704070407042714e-01 -2.859881992948444918e+00
-2.534653465346536905e-01 -2.859129732930495216e+00
-2.528602860286031095e-01 -2.858378495949455367e+00
-2.522552255225525286e-01 -2.857628282968060152e+00
-2.516501650165019477e-01 -2.856879094949044795e+00
-2.510451045104513668e-01 -2.856130932855144966e+00
-2.504400440044007858e-01 -2.855383797649095001e+00
-2.498349834983502049e-01 -2.854637690293630126e+00
-2.492299229922996240e-01 -2.853892611751485120e+00
-2.486248624862490431e-01 -2.853148562985394321e+00
-2.480198019801984621e-01 -2.852405544958094730e+00
-2.474147414741478812e-01 -2.851663558632320239e+00
-2.468096809680973003e-01 -2.850922604970805185e+00
-2.462046204620467194e-01 -2.850182684936284794e+00
-2.455995599559961384e-01 -2.849443799491495621e+00
-2.449944994499455575e-01 -2.848705949599170673e+00
-2.443894389438949766e-01 -2.847969136222046060e+00
-2.437843784378443956e-01 -2.847233360322856566e+00
-2.431793179317933706e-01 -2.846498622864336081e+00
-2.425742574257427897e-01 -2.845764924809222496e+00
-2.419691969196922088e-01 -2.845032267120247926e+00
-2.413641364136416279e-01 -2.844300650760148930e+00
-2.407590759075910469e-01 -2.843570076691659843e+00
-2.401540154015404660e-01 -2.842840545877516778e+00
-2.395489548954898851e-01 -2.842112059280452296e+00
-2.389438943894393041e-01 -2.841384617863204287e+00
-2.383388338833887232e-01 -2.840658222588505311e+00
-2.377337733773381423e-01 -2.839932874419091924e+00
-2.371287128712875614e-01 -2.839208574317699796e+00
-2.365236523652369804e-01 -2.838485323247061487e+00
-2.359185918591863995e-01 -2.837763122169913999e+00
-2.353135313531358186e-01 -2.837041972048991667e+00
-2.347084708470852377e-01 -2.836321873847030162e+00
-2.341034103410346567e-01 -2.835602828526762487e+00
-2.334983498349840758e-01 -2.834884837050926532e+00
-2.328932893289334949e-01 -2.834167900382254413e+00
-2.322882288228829140e-01 -2.833452019483482687e+00
-2.316831683168318889e-01 -2.832737195317346579e+00
-2.310781078107813080e-01 -2.832023428846581314e+00
-2.304730473047307271e-01 -2.831310721033921229e+00
-2.298679867986801462e-01 -2.830599072842100661e+00
-2.292629262926295652e-01 -2.829888485233855722e+00
-2.286578657865789843e-01 -2.829178959171921637e+00
-2.280528052805284034e-01 -2.828470495619032743e+00
-2.274477447744778225e-01 -2.827763095537923377e+00
-2.268426842684272415e-01 -2.827056759891330540e+00
-2.262376237623766606e-01 -2.826351489641986792e+00
-2.256325632563260797e-01 -2.825647285752628690e+00
-2.250275027502754988e-01 -2.824944149185991904e+00
-2.244224422442249178e-01 -2.824242080904809882e+00
-2.238173817381743369e-01 -2.823541081871818292e+00
-2.232123212321237560e-01 -2.822841153049751917e+00
-2.226072607260731751e-01 -2.822142295401346423e+00
-2.220022002200225941e-01 -2.821444509889335261e+00
-2.213971397139720132e-01 -2.820747797476455432e+00
-2.207920792079209882e-01 -2.820052159125439939e+00
-2.201870187018704073e-01 -2.819357595799025784e+00
-2.195819581958198263e-01 -2.818664108459947304e+00
-2.189768976897692454e-01 -2.817971698070939279e+00
-2.183718371837186645e-01 -2.817280365594736491e+00
-2.177667766776680836e-01 -2.816590111994073720e+00
-2.171617161716175026e-01 -2.815900938231686634e+00
-2.165566556655669217e-01 -2.815212845270310460e+00
-2.159515951595163408e-01 -2.814525834072679533e+00
-2.153465346534657598e-01 -2.813839905601529079e+00
-2.147414741474151789e-01 -2.813155060819594766e+00
-2.141364136413645980e-01 -2.812471300689610043e+00
-2.135313531353140171e-01 -2.811788626174310579e+00
-2.129262926292634361e-01 -2.811107038236432931e+00
-2.123212321232128552e-01 -2.810426537838709660e+00
-2.117161716171622743e-01 -2.809747125943877766e+00
-2.111111111111116934e-01 -2.809068803514671586e+00
-2.105060506050611124e-01 -2.808391571513825014e+00
-2.099009900990100874e-01 -2.807715430904074161e+00
-2.092959295929595065e-01 -2.807040382648154697e+00
-2.086908690869089256e-01 -2.806366427708799627e+00
-2.080858085808583446e-01 -2.805693567048746839e+00
-2.074807480748077637e-01 -2.805021801630728007e+00
-2.068756875687571828e-01 -2.804351132417480130e+00
-2.062706270627066019e-01 -2.803681560371738879e+00
-2.056655665566560209e-01 -2.803013086456238145e+00
-2.050605060506054400e-01 -2.802345711633712266e+00
-2.044554455445548591e-01 -2.801679436866897355e+00
-2.038503850385042782e-01 -2.801014263118528635e+00
-2.032453245324536972e-01 -2.800350191351339113e+00
-2.026402640264031163e-01 -2.799687222528066233e+00
-2.020352035203525354e-01 -2.799025357611445219e+00
-2.014301430143019545e-01 -2.798364597564208633e+00
-2.008250825082513735e-01 -2.797704943349093032e+00
-2.002200220022007926e-01 -2.797046395928832752e+00
-1.996149614961502117e-01 -2.796388956266163461e+00
-1.990099009900996307e-01 -2.795732625323819942e+00
-1.984048404840486057e-01 -2.795077404064536530e+00
-1.977997799779980248e-01 -2.794423293451049783e+00
-1.971947194719474439e-01 -2.793770294446093150e+00
-1.965896589658968630e-01 -2.793118408012403187e+00
-1.959845984598462820e-01 -2.792467635112713786e+00
-1.953795379537957011e-01 -2.791817976709760174e+00
-1.947744774477451202e-01 -2.791169433766276686e+00
-1.941694169416945392e-01 -2.790522007244999880e+00
-1.935643564356439583e-01 -2.789875698108663205e+00
-1.929592959295933774e-01 -2.789230507320001884e+00
-1.923542354235427965e-01 -2.788586435841752476e+00
-1.917491749174922155e-01 -2.787943484636648428e+00
-1.911441144114416346e-01 -2.787301654667425410e+00
-1.905390539053910537e-01 -2.786660946896819091e+00
-1.899339933993404728e-01 -2.786021362287562031e+00
-1.893289328932898918e-01 -2.785382901802391231e+00
-1.887238723872393109e-01 -2.784745566404042361e+00
-1.881188118811887300e-01 -2.784109357055248868e+00
-1.875137513751377050e-01 -2.783474274718745978e+00
-1.869086908690871240e-01 -2.782840320357268915e+00
-1.863036303630365431e-01 -2.782207494933552461e+00
-1.856985698569859622e-01 -2.781575799410332284e+00
-1.850935093509353813e-01 -2.780945234750344053e+00
-1.844884488448848003e-01 -2.780315801916320329e+00
-1.838833883388342194e-01 -2.779687501870998556e+00
-1.832783278327836385e-01 -2.779060335577112628e+00
-1.826732673267330576e-01 -2.778434303997397770e+00
-1.820682068206824766e-01 -2.777809408094587873e+00
-1.814631463146318957e-01 -2.777185648831420384e+00
-1.808580858085813148e-01 -2.776563027170627418e+00
-1.802530253025307339e-01 -2.775941544074946865e+00
-1.796479647964801529e-01 -2.775321200507111730e+00
-1.790429042904295720e-01 -2.774701997429857236e+00
-1.784378437843789911e-01 -2.774083935805919943e+00
-1.778327832783284101e-01 -2.773467016598031964e+00
-1.772277227722778292e-01 -2.772851240768931191e+00
-1.766226622662272483e-01 -2.772236609281351960e+00
-1.760176017601762233e-01 -2.771623123098027275e+00
-1.754125412541256424e-01 -2.771010783181695025e+00
-1.748074807480750614e-01 -2.770399590495088216e+00
-1.742024202420244805e-01 -2.769789546000942515e+00
-1.735973597359738996e-01 -2.769180650661993148e+00
-1.729922992299233186e-01 -2.768572905440975340e+00
-1.723872387238727377e-01 -2.767966311300623428e+00
-1.717821782178221568e-01 -2.767360869203671747e+00
-1.711771177117715759e-01 -2.766756580112856856e+00
-1.705720572057209949e-01 -2.766153444990913535e+00
-1.699669966996704140e-01 -2.765551464800575676e+00
-1.693619361936198331e-01 -2.764950640504578949e+00
-1.687568756875692522e-01 -2.764350973065659911e+00
-1.681518151815186712e-01 -2.763752463446550678e+00
-1.675467546754680903e-01 -2.763155112609987363e+00
-1.669416941694175094e-01 -2.762558921518706079e+00
-1.663366336633669285e-01 -2.761963891135440718e+00
-1.657315731573163475e-01 -2.761370022422926507e+00
-1.651265126512653225e-01 -2.760777316343897780e+00
-1.645214521452147416e-01 -2.760185773861091096e+00
-1.639163916391641607e-01 -2.759595395937240792e+00
-1.633113311331135797e-01 -2.759006183535082091e+00
-1.627062706270629988e-01 -2.758418137617348886e+00
-1.621012101210124179e-01 -2.757831259146777292e+00
-1.614961496149618370e-01 -2.757245549086102088e+00
-1.608910891089112560e-01 -2.756661008398058055e+00
-1.602860286028606751e-01 -2.756077638045379974e+00
-1.596809680968100942e-01 -2.755495438990803958e+00
-1.590759075907595133e-01 -2.754914412197064344e+00
-1.584708470847089323e-01 -2.754334558626895024e+00
-1.578657865786583514e-01 -2.753755879243032556e+00
-1.572607260726077705e-01 -2.753178375008211276e+00
-1.566556655665571895e-01 -2.752602046885167297e+00
-1.560506050605066086e-01 -2.752026895836633624e+00
-1.554455445544560277e-01 -2.751452922825346814e+00
-1.548404840484054468e-01 -2.750880128814041647e+00
-1.542354235423548658e-01 -2.750308514765452461e+00
-1.536303630363038408e-01 -2.749738081642314036e+00
-1.530253025302532599e-01 -2.749168830407362485e+00
-1.524202420242026790e-01 -2.748600762023332145e+00
-1.518151815181520981e-01 -2.748033877452958684e+00
-1.512101210121015171e-01 -2.747468177658976884e+00
-1.506050605060509362e-01 -2.746903663604121526e+00
-1.500000000000003553e-01 -2.746340336251127390e+00
-1.493949394939497743e-01 -2.745778196562729701e+00
-1.487898789878991934e-01 -2.745217245501663683e+00
-1.481848184818486125e-01 -2.744657484030663230e+00
-1.475797579757980316e-01 -2.744098913112464455e+00
-1.469746974697474506e-01 -2.743541533709803026e+00
-1.463696369636968697e-01 -2.742985346785414169e+00
-1.457645764576462888e-01 -2.742430353302029111e+00
-1.451595159515957079e-01 -2.741876554222387075e+00
-1.445544554455451269e-01 -2.741323950509221508e+00
-1.439493949394945460e-01 -2.740772543125267191e+00
-1.433443344334439651e-01 -2.740222333033258906e+00
-1.427392739273929401e-01 -2.739673321195933209e+00
-1.421342134213423591e-01 -2.739125508576023549e+00
-1.415291529152917782e-01 -2.738578896136265595e+00
-1.409240924092411973e-01 -2.738033484839394571e+00
-1.403190319031906164e-01 -2.737489275648145259e+00
-1.397139713971400354e-01 -2.736946269525252440e+00
-1.391089108910894545e-01 -2.736404467433450449e+00
-1.385038503850388736e-01 -2.735863870335475845e+00
-1.378987898789882927e-01 -2.735324479194062519e+00
-1.372937293729377117e-01 -2.734786294971945253e+00
-1.366886688668871308e-01 -2.734249318631860604e+00
-1.360836083608365499e-01 -2.733713551136542907e+00
-1.354785478547859690e-01 -2.733178993448726057e+00
-1.348734873487353880e-01 -2.732645646531146166e+00
-1.342684268426848071e-01 -2.732113511346537571e+00
-1.336633663366342262e-01 -2.731582588857636384e+00
-1.330583058305836452e-01 -2.731052880027176055e+00
-1.324532453245330643e-01 -2.730524385817893585e+00
-1.318481848184824834e-01 -2.729997107192521533e+00
-1.312431243124314584e-01 -2.729471045113796457e+00
-1.306380638063808775e-01 -2.728946200544453138e+00
-1.300330033003302965e-01 -2.728422574447227245e+00
-1.294279427942797156e-01 -2.727900167784852670e+00
-1.288228822882291347e-01 -2.727378981520064638e+00
-1.282178217821785537e-01 -2.726859016615599263e+00
-1.276127612761279728e-01 -2.726340274034189992e+00
-1.270077007700773919e-01 -2.725822754738572939e+00
-1.264026402640268110e-01 -2.725306459691481997e+00
-1.257975797579762300e-01 -2.724791389855653723e+00
-1.251925192519256491e-01 -2.724277546193822008e+00
-1.245874587458750682e-01 -2.723764929668721635e+00
-1.239823982398244873e-01 -2.723253541243088716e+00
-1.233773377337739063e-01 -2.722743381879656699e+00
-1.227722772277233254e-01 -2.722234452541162142e+00
-1.221672167216727445e-01 -2.721726754190339381e+00
-1.215621562156221636e-01 -2.721220287789923642e+00
-1.209570957095715826e-01 -2.720715054302649705e+00
-1.203520352035205576e-01 -2.720211054691252350e+00
-1.197469746974699767e-01 -2.719708289918466804e+00
-1.191419141914193958e-01 -2.719206760947028734e+00
-1.185368536853688148e-01 -2.718706468739672477e+00
-1.179317931793182339e-01 -2.718207414259132815e+00
-1.173267326732676530e-01 -2.717709598468145415e+00
-1.167216721672170721e-01 -2.717213022329445060e+00
-1.161166116611664911e-01 -2.716717686805766085e+00
-1.155115511551159102e-01 -2.716223592859844604e+00
-1.149064906490653293e-01 -2.715730741454414954e+00
-1.143014301430147484e-01 -2.715239133552211914e+00
-1.136963696369641674e-01 -2.714748770115971155e+00
-1.130913091309135865e-01 -2.714259652108427456e+00
-1.124862486248630056e-01 -2.713771780492316044e+00
-1.118811881188124246e-01 -2.713285156230371253e+00
-1.112761276127618437e-01 -2.712799780285328310e+00
-1.106710671067112628e-01 -2.712315653619922440e+00
-1.100660066006606819e-01 -2.711832777196889310e+00
-1.094609460946096569e-01 -2.711351151978961926e+00
-1.088558855885590759e-01 -2.710870778928878178e+00
-1.082508250825084950e-01 -2.710391659009369736e+00
-1.076457645764579141e-01 -2.709913793183174935e+00
-1.070407040704073331e-01 -2.709437182413026779e+00
-1.064356435643567522e-01 -2.708961827661659605e+00
-1.058305830583061713e-01 -2.708487729891810858e+00
-1.052255225522555904e-01 -2.708014890066213542e+00
-1.046204620462050094e-01 -2.707543309147604216e+00
-1.040154015401544285e-01 -2.707072988098715882e+00
-1.034103410341038476e-01 -2.706603927882285099e+00
-1.028052805280532667e-01 -2.706136129461046202e+00
-1.022002200220026857e-01 -2.705669593797734862e+00
-1.015951595159521048e-01 -2.705204321855086302e+00
-1.009900990099015239e-01 -2.704740314595833528e+00
-1.003850385038509430e-01 -2.704277572982714428e+00
-9.977997799780036203e-02 -2.703816097978461119e+00
-9.917491749174978111e-02 -2.703355890545811047e+00
-9.856985698569920018e-02 -2.702896951647497215e+00
-9.796479647964817516e-02 -2.702439282246256624e+00
-9.735973597359759424e-02 -2.701982883304822725e+00
-9.675467546754701331e-02 -2.701527755785930740e+00
-9.614961496149643239e-02 -2.701073900652317228e+00
-9.554455445544585146e-02 -2.700621318866713860e+00
-9.493949394939527053e-02 -2.700170011391858971e+00
-9.433443344334468961e-02 -2.699719979190486896e+00
-9.372937293729410868e-02 -2.699271223225331529e+00
-9.312431243124352775e-02 -2.698823744459128093e+00
-9.251925192519294683e-02 -2.698377543854612259e+00
-9.191419141914236590e-02 -2.697932622374518807e+00
-9.130913091309178498e-02 -2.697488980981582962e+00
-9.070407040704120405e-02 -2.697046620638539505e+00
-9.009900990099062312e-02 -2.696605542308122327e+00
-8.949394939494004220e-02 -2.696165746953067988e+00
-8.888888888888946127e-02 -2.695727235536111710e+00
-8.828382838283888034e-02 -2.695290009019986943e+00
-8.767876787678829942e-02 -2.694854068367430244e+00
-8.707370737073727440e-02 -2.694419414541174618e+00
-8.646864686468669348e-02 -2.693986048503957509e+00
-8.586358635863611255e-02 -2.693553971218512366e+00
-8.525852585258553162e-02 -2.693123183647575303e+00
-8.465346534653495070e-02 -2.692693686753878879e+00
-8.404840484048436977e-02 -2.692265481500162760e+00
-8.344334433443378884e-02 -2.691838568849156843e+00
-8.283828382838320792e-02 -2.691412949763598572e+00
-8.223322332233262699e-02 -2.690988625206223617e+00
-8.162816281628204607e-02 -2.690565596139764981e+00
-8.102310231023146514e-02 -2.690143863526960111e+00
-8.041804180418088421e-02 -2.689723428330542010e+00
-7.981298129813030329e-02 -2.689304291513246348e+00
-7.920792079207972236e-02 -2.688886454037807905e+00
-7.860286028602914143e-02 -2.688469916866961906e+00
-7.799779977997856051e-02 -2.688054680963444021e+00
-7.739273927392797958e-02 -2.687640747289989029e+00
-7.678767876787739866e-02 -2.687228116809330825e+00
-7.618261826182681773e-02 -2.686816790484205075e+00
-7.557755775577579271e-02 -2.686406769277347006e+00
-7.497249724972521179e-02 -2.685998054151490955e+00
-7.436743674367463086e-02 -2.685590646069373033e+00
-7.376237623762404993e-02 -2.685184545993728022e+00
-7.315731573157346901e-02 -2.684779754887290260e+00
-7.255225522552288808e-02 -2.684376273712794969e+00
-7.194719471947230716e-02 -2.683974103432977820e+00
-7.134213421342172623e-02 -2.683573245010572705e+00
-7.073707370737114530e-02 -2.683173699408314850e+00
-7.013201320132056438e-02 -2.682775467588940366e+00
-6.952695269526998345e-02 -2.682378550515183147e+00
-6.892189218921940252e-02 -2.681982949149778417e+00
-6.831683168316882160e-02 -2.681588664455461402e+00
-6.771177117711824067e-02 -2.681195697394966881e+00
-6.710671067106765975e-02 -2.680804048931030970e+00
-6.650165016501707882e-02 -2.680413720026387558e+00
-6.589658965896649789e-02 -2.680024711643770985e+00
-6.529152915291591697e-02 -2.679637024745917362e+00
-6.468646864686489195e-02 -2.679250660295561026e+00
-6.408140814081431103e-02 -2.678865619255438091e+00
-6.347634763476373010e-02 -2.678481902588282892e+00
-6.287128712871314917e-02 -2.678099511256829768e+00
-6.226622662266256825e-02 -2.677718446223814830e+00
-6.166116611661198732e-02 -2.677338708451972860e+00
-6.105610561056140639e-02 -2.676960298904038194e+00
-6.045104510451082547e-02 -2.676583218542746501e+00
-5.984598459846024454e-02 -2.676207468330833450e+00
-5.924092409240966361e-02 -2.675833049231032046e+00
-5.863586358635908269e-02 -2.675459962206078401e+00
-5.803080308030850176e-02 -2.675088208218708630e+00
-5.742574257425792084e-02 -2.674717788231655291e+00
-5.682068206820733991e-02 -2.674348703207654943e+00
-5.621562156215675898e-02 -2.673980954109443253e+00
-5.561056105610617806e-02 -2.673614541899754116e+00
-5.500550055005559713e-02 -2.673249467541322311e+00
-5.440044004400501620e-02 -2.672885731996883951e+00
-5.379537953795443528e-02 -2.672523336229172930e+00
-5.319031903190341026e-02 -2.672162281200925360e+00
-5.258525852585282934e-02 -2.671802567874874690e+00
-5.198019801980224841e-02 -2.671444197213757921e+00
-5.137513751375166748e-02 -2.671087170180308501e+00
-5.077007700770108656e-02 -2.670731487737262100e+00
-5.016501650165050563e-02 -2.670377150847353942e+00
-4.955995599559992471e-02 -2.670024160473318808e+00
-4.895489548954934378e-02 -2.669672517577890147e+00
-4.834983498349876285e-02 -2.669322223123805848e+00
-4.774477447744818193e-02 -2.668973278073799804e+00
-4.713971397139760100e-02 -2.668625683390606351e+00
-4.653465346534702007e-02 -2.668279440036960271e+00
-4.592959295929643915e-02 -2.667934548975597231e+00
-4.532453245324585822e-02 -2.667591011169252013e+00
-4.471947194719527729e-02 -2.667248827580660286e+00
-4.411441144114469637e-02 -2.666907999172556831e+00
-4.350935093509411544e-02 -2.666568526907675984e+00
-4.290429042904353452e-02 -2.666230411748752527e+00
-4.229922992299250950e-02 -2.665893654658523015e+00
-4.169416941694192857e-02 -2.665558256599720899e+00
-4.108910891089134765e-02 -2.665224218535082290e+00
-4.048404840484076672e-02 -2.664891541427341970e+00
-3.987898789879018580e-02 -2.664560226239233831e+00
-3.927392739273960487e-02 -2.664230273933494431e+00
-3.866886688668902394e-02 -2.663901685472857661e+00
-3.806380638063844302e-02 -2.663574461820059192e+00
-3.745874587458786209e-02 -2.663248603937834247e+00
-3.685368536853728116e-02 -2.662924112788916720e+00
-3.624862486248670024e-02 -2.662600989336042723e+00
-3.564356435643611931e-02 -2.662279234541946593e+00
-3.503850385038553839e-02 -2.661958849369364444e+00
-3.443344334433495746e-02 -2.661639834781028391e+00
-3.382838283828437653e-02 -2.661322191739677656e+00
-3.322332233223379561e-02 -2.661005921208044800e+00
-3.261826182618321468e-02 -2.660691024148863715e+00
-3.201320132013263375e-02 -2.660377501524872290e+00
-3.140814081408205283e-02 -2.660065354298803086e+00
-3.080308030803102781e-02 -2.659754583433391772e+00
-3.019801980198044689e-02 -2.659445189891374461e+00
-2.959295929592986596e-02 -2.659137174635485490e+00
-2.898789878987928503e-02 -2.658830538628459639e+00
-2.838283828382870411e-02 -2.658525282833031689e+00
-2.777777777777812318e-02 -2.658221408211936865e+00
-2.717271727172754225e-02 -2.657918915727910392e+00
-2.656765676567696133e-02 -2.657617806343687938e+00
-2.596259625962638040e-02 -2.657318081022002509e+00
-2.535753575357579948e-02 -2.657019740725590662e+00
-2.475247524752521855e-02 -2.656722786417187621e+00
-2.414741474147463762e-02 -2.656427219059527722e+00
-2.354235423542405670e-02 -2.656133039615345304e+00
-2.293729372937347577e-02 -2.655840249047377810e+00
-2.233223322332289484e-02 -2.655548848318357358e+00
-2.172717271727231392e-02 -2.655258838391020504e+00
-2.112211221122173299e-02 -2.654970220228102029e+00
-2.051705170517115207e-02 -2.654682994792336714e+00
-1.991199119912012705e-02 -2.654397163046459784e+00
-1.930693069306954612e-02 -2.654112725953206464e+00
-1.870187018701896520e-02 -2.653829684475311534e+00
-1.809680968096838427e-02 -2.653548039575509332e+00
-1.749174917491780334e-02 -2.653267792216536414e+00
-1.688668866886722242e-02 -2.652988943361127117e+00
-1.628162816281664149e-02 -2.652711493972014889e+00
-1.567656765676606057e-02 -2.652435445011937176e+00
-1.507150715071547964e-02 -2.652160797443627871e+00
-1.446644664466489871e-02 -2.651887552229820866e+00
-1.386138613861431779e-02 -2.651615710333253162e+00
-1.325632563256373686e-02 -2.651345272716658652e+00
-1.265126512651315593e-02 -2.651076240342773893e+00
-1.204620462046257501e-02 -2.650808614174331002e+00
-1.144114411441199408e-02 -2.650542395174067423e+00
-1.083608360836141316e-02 -2.650277584304716161e+00
-1.023102310231083223e-02 -2.650014182529015105e+00
-9.625962596260251303e-03 -2.649752190809695929e+00
-9.020902090209670376e-03 -2.649491610109496520e+00
-8.415841584158645361e-03 -2.649232441391149884e+00
-7.810781078108064435e-03 -2.648974685617391689e+00
-7.205720572057483508e-03 -2.648718343750957160e+00
-6.600660066006902582e-03 -2.648463416754581079e+00
-5.995599559956321656e-03 -2.648209905590999114e+00
-5.390539053905740730e-03 -2.647957811222945601e+00
-4.785478547855159803e-03 -2.647707134613155322e+00
-4.180418041804578877e-03 -2.647457876724363501e+00
-3.575357535753997951e-03 -2.647210038519305808e+00
-2.970297029703417024e-03 -2.646963620960716135e+00
-2.365236523652836098e-03 -2.646718625011331039e+00
-1.760176017602255172e-03 -2.646475051633883524e+00
-1.155115511551674246e-03 -2.646232901791109260e+00
-5.500550055010933193e-04 -2.645992176445744803e+00
5.500550054993169624e-05 -2.645752876560523159e+00
6.600660066000685333e-04 -2.645515003098180884e+00
1.265126512651093549e-03 -2.645278557021451871e+00
1.870187018701230386e-03 -2.645043539293070900e+00
2.475247524752255401e-03 -2.644809950875774973e+00
3.080308030802392238e-03 -2.644577792732297095e+00
3.685368536853417254e-03 -2.644347065825372489e+00
4.290429042903554091e-03 -2.644117771117737270e+00
4.895489548954579107e-03 -2.643889909572124886e+00
5.500550055004715944e-03 -2.643663482151272337e+00
6.105610561055740959e-03 -2.643438489817912629e+00
6.710671067105877796e-03 -2.643214933534782318e+00
7.315731573156902812e-03 -2.642992814264615298e+00
7.920792079207927827e-03 -2.642772132970147236e+00
8.525852585258064664e-03 -2.642552890614112915e+00
9.130913091309089680e-03 -2.642335088159246670e+00
9.735973597359226517e-03 -2.642118726568284615e+00
1.034103410341025153e-02 -2.641903806803961530e+00
1.094609460946038837e-02 -2.641690329829012640e+00
1.155115511551141338e-02 -2.641478296606172282e+00
1.215621562156155022e-02 -2.641267708098175682e+00
1.276127612761257524e-02 -2.641058565267758063e+00
1.336633663366271207e-02 -2.640850869077653762e+00
1.397139713971373709e-02 -2.640644620490598449e+00
1.457645764576387393e-02 -2.640439820469327792e+00
1.518151815181489894e-02 -2.640236469976575240e+00
1.578657865786503578e-02 -2.640034569975076906e+00
1.639163916391606080e-02 -2.639834121427566682e+00
1.699669966996619763e-02 -2.639635125296780682e+00
1.760176017601722265e-02 -2.639437582545453687e+00
1.820682068206735948e-02 -2.639241494136321364e+00
1.881188118811838450e-02 -2.639046861032117164e+00
1.941694169416940952e-02 -2.638853684195576310e+00
2.002200220021954635e-02 -2.638661964589435804e+00
2.062706270627057137e-02 -2.638471703176428207e+00
2.123212321232070821e-02 -2.638282900919290075e+00
2.183718371837173322e-02 -2.638095558780755745e+00
2.244224422442187006e-02 -2.637909677723560442e+00
2.304730473047289507e-02 -2.637725258710438947e+00
2.365236523652303191e-02 -2.637542302704126929e+00
2.425742574257405693e-02 -2.637360810667357391e+00
2.486248624862419376e-02 -2.637180783562868225e+00
2.546754675467521878e-02 -2.637002222353392877e+00
2.607260726072535562e-02 -2.636825128001666130e+00
2.667766776677638063e-02 -2.636649501470424095e+00
2.728272827282651747e-02 -2.636475343722401110e+00
2.788778877887754248e-02 -2.636302655720331511e+00
2.849284928492767932e-02 -2.636131438426951412e+00
2.909790979097870434e-02 -2.635961692804994705e+00
2.970297029702884117e-02 -2.635793419817197503e+00
3.030803080307986619e-02 -2.635626620426295030e+00
3.091309130913089120e-02 -2.635461295595020292e+00
3.151815181518102804e-02 -2.635297446286110734e+00
3.212321232123205306e-02 -2.635135073462299804e+00
3.272827282728218989e-02 -2.634974178086323171e+00
3.333333333333321491e-02 -2.634814761120915616e+00
3.393839383938335175e-02 -2.634656823528812808e+00
3.454345434543437676e-02 -2.634500366272748195e+00
3.514851485148451360e-02 -2.634345390315458335e+00
3.575357535753553861e-02 -2.634191896619677564e+00
3.635863586358567545e-02 -2.634039886148140663e+00
3.696369636963670047e-02 -2.633889359863582857e+00
3.756875687568683730e-02 -2.633740318728739815e+00
3.817381738173786232e-02 -2.633592763706345430e+00
3.877887788778799916e-02 -2.633446695759135814e+00
3.938393839383902417e-02 -2.633302115849845304e+00
3.998899889988916101e-02 -2.633159024941208237e+00
4.059405940594018602e-02 -2.633017423995960726e+00
4.119911991199032286e-02 -2.632877313976837552e+00
4.180418041804134788e-02 -2.632738695846573940e+00
4.240924092409237289e-02 -2.632601570567904226e+00
4.301430143014250973e-02 -2.632465939103564079e+00
4.361936193619353475e-02 -2.632331802416287836e+00
4.422442244224367158e-02 -2.632199161468811166e+00
4.482948294829469660e-02 -2.632068017223868406e+00
4.543454345434483344e-02 -2.631938370644195668e+00
4.603960396039585845e-02 -2.631810222692526402e+00
4.664466446644599529e-02 -2.631683574331596720e+00
4.724972497249702030e-02 -2.631558426524142291e+00
4.785478547854715714e-02 -2.631434780232896120e+00
4.845984598459818216e-02 -2.631312636420594320e+00
4.906490649064831899e-02 -2.631191996049972115e+00
4.966996699669934401e-02 -2.631072860083764287e+00
5.027502750274948085e-02 -2.630955229484706503e+00
5.088008800880050586e-02 -2.630839105215532214e+00
5.148514851485064270e-02 -2.630724488238977088e+00
5.209020902090166771e-02 -2.630611379517776793e+00
5.269526952695269273e-02 -2.630499780014666111e+00
5.330033003300282957e-02 -2.630389690692379823e+00
5.390539053905385458e-02 -2.630281112513652708e+00
5.451045104510399142e-02 -2.630174046441220437e+00
5.511551155115501643e-02 -2.630068493437816901e+00
5.572057205720515327e-02 -2.629964454466177770e+00
5.632563256325617829e-02 -2.629861930489038713e+00
5.693069306930631512e-02 -2.629760922469134066e+00
5.753575357535734014e-02 -2.629661431369199054e+00
5.814081408140747698e-02 -2.629563458151968458e+00
5.874587458745850199e-02 -2.629467003780176615e+00
5.935093509350863883e-02 -2.629372069216559638e+00
5.995599559955966384e-02 -2.629278655423852751e+00
6.056105610560980068e-02 -2.629186763364790291e+00
6.116611661166082570e-02 -2.629096394002106596e+00
6.177117711771096253e-02 -2.629007548298537777e+00
6.237623762376198755e-02 -2.628920227216818173e+00
6.298129812981212439e-02 -2.628834431719684339e+00
6.358635863586314940e-02 -2.628750162769868837e+00
6.419141914191417442e-02 -2.628667421330108667e+00
6.479647964796431125e-02 -2.628586208363137722e+00
6.540154015401533627e-02 -2.628506524831691227e+00
6.600660066006547311e-02 -2.628428371698504851e+00
6.661166116611649812e-02 -2.628351749926312486e+00
6.721672167216663496e-02 -2.628276660477850690e+00
6.782178217821765998e-02 -2.628203104315852023e+00
6.842684268426779681e-02 -2.628131082403054375e+00
6.903190319031882183e-02 -2.628060595702190305e+00
6.963696369636895867e-02 -2.627991645175996371e+00
7.024202420241998368e-02 -2.627924231787207354e+00
7.084708470847012052e-02 -2.627858356498557590e+00
7.145214521452114553e-02 -2.627794020272783193e+00
7.205720572057128237e-02 -2.627731224072618055e+00
7.266226622662230739e-02 -2.627669968860796956e+00
7.326732673267244422e-02 -2.627610255600056899e+00
7.387238723872346924e-02 -2.627552085253130443e+00
7.447744774477360608e-02 -2.627495458782754589e+00
7.508250825082463109e-02 -2.627440377151662787e+00
7.568756875687565611e-02 -2.627386841322589817e+00
7.629262926292579294e-02 -2.627334852258273568e+00
7.689768976897681796e-02 -2.627284410921446156e+00
7.750275027502695480e-02 -2.627235518274843251e+00
7.810781078107797981e-02 -2.627188175281200522e+00
7.871287128712811665e-02 -2.627142382903252305e+00
7.931793179317914166e-02 -2.627098142103734268e+00
7.992299229922927850e-02 -2.627055453845381194e+00
8.052805280528030352e-02 -2.627014319090927419e+00
8.113311331133044035e-02 -2.626974738803108611e+00
8.173817381738146537e-02 -2.626936713944659552e+00
8.234323432343160221e-02 -2.626900245478315021e+00
8.294829482948262722e-02 -2.626865334366811133e+00
8.355335533553276406e-02 -2.626831981572881336e+00
8.415841584158378907e-02 -2.626800188059262187e+00
8.476347634763392591e-02 -2.626769954788687134e+00
8.536853685368495093e-02 -2.626741282723892290e+00
8.597359735973597594e-02 -2.626714172827611993e+00
8.657865786578611278e-02 -2.626688626062581911e+00
8.718371837183713779e-02 -2.626664643391537268e+00
8.778877887788727463e-02 -2.626642225777212403e+00
8.839383938393829965e-02 -2.626621374182341651e+00
8.899889988998843648e-02 -2.626602089569662013e+00
8.960396039603946150e-02 -2.626584372901906050e+00
9.020902090208959834e-02 -2.626568225141810764e+00
9.081408140814062335e-02 -2.626553647252110490e+00
9.141914191419076019e-02 -2.626540640195539567e+00
9.202420242024178521e-02 -2.626529204934834105e+00
9.262926292629192204e-02 -2.626519342432728443e+00
9.323432343234294706e-02 -2.626511053651957361e+00
9.383938393839308389e-02 -2.626504339555257417e+00
9.444444444444410891e-02 -2.626499201105362502e+00
9.504950495049424575e-02 -2.626495639265006510e+00
9.565456545654527076e-02 -2.626493654996925997e+00
9.625962596259540760e-02 -2.626493249263855301e+00
9.686468646864643262e-02 -2.626494423028529646e+00
9.746974697469745763e-02 -2.626497177253685145e+00
9.807480748074759447e-02 -2.626501512902054802e+00
9.867986798679861948e-02 -2.626507430936374732e+00
9.928492849284875632e-02 -2.626514932319379270e+00
9.988998899889978134e-02 -2.626524018013804085e+00
1.004950495049499182e-01 -2.626534688982384402e+00
1.011001100110009432e-01 -2.626546946187854559e+00
1.017051705170510800e-01 -2.626560790592950223e+00
1.023102310231021050e-01 -2.626576223160405732e+00
1.029152915291522419e-01 -2.626593244852956310e+00
1.035203520352032669e-01 -2.626611856633336739e+00
1.041254125412534037e-01 -2.626632059464282687e+00
1.047304730473044287e-01 -2.626653854308528935e+00
1.053355335533545656e-01 -2.626677242128810263e+00
1.059405940594055906e-01 -2.626702223887861454e+00
1.065456545654557274e-01 -2.626728800548418175e+00
1.071507150715067525e-01 -2.626756973073214763e+00
1.077557755775568893e-01 -2.626786742424986443e+00
1.083608360836079143e-01 -2.626818109566469328e+00
1.089658965896589393e-01 -2.626851075460396423e+00
1.095709570957090762e-01 -2.626885641069504285e+00
1.101760176017601012e-01 -2.626921807356526806e+00
1.107810781078102380e-01 -2.626959575284200099e+00
1.113861386138612630e-01 -2.626998945815258946e+00
1.119911991199113999e-01 -2.627039919912438126e+00
1.125962596259624249e-01 -2.627082498538471533e+00
1.132013201320125617e-01 -2.627126682656096168e+00
1.138063806380635867e-01 -2.627172473228045035e+00
1.144114411441137236e-01 -2.627219871217055580e+00
1.150165016501647486e-01 -2.627268877585860807e+00
1.156215621562148854e-01 -2.627319493297195940e+00
1.162266226622659104e-01 -2.627371719313797094e+00
1.168316831683160473e-01 -2.627425556598398160e+00
1.174367436743670723e-01 -2.627481006113734807e+00
1.180418041804172091e-01 -2.627538068822541817e+00
1.186468646864682341e-01 -2.627596745687553970e+00
1.192519251925183710e-01 -2.627657037671506934e+00
1.198569856985693960e-01 -2.627718945737134604e+00
1.204620462046204210e-01 -2.627782470847173091e+00
1.210671067106705578e-01 -2.627847613964356732e+00
1.216721672167215829e-01 -2.627914376051421641e+00
1.222772277227717197e-01 -2.627982758071100822e+00
1.228822882288227447e-01 -2.628052760986130831e+00
1.234873487348728816e-01 -2.628124385759246451e+00
1.240924092409239066e-01 -2.628197633353182461e+00
1.246974697469740434e-01 -2.628272504730674086e+00
1.253025302530250684e-01 -2.628349000854456108e+00
1.259075907590752053e-01 -2.628427122687263306e+00
1.265126512651262303e-01 -2.628506871191831351e+00
1.271177117711763671e-01 -2.628588247330894578e+00
1.277227722772273921e-01 -2.628671252067188213e+00
1.283278327832775290e-01 -2.628755886363447036e+00
1.289328932893285540e-01 -2.628842151182407605e+00
1.295379537953786908e-01 -2.628930047486802923e+00
1.301430143014297158e-01 -2.629019576239368661e+00
1.307480748074807408e-01 -2.629110738402840042e+00
1.313531353135308777e-01 -2.629203534939952291e+00
1.319581958195819027e-01 -2.629297966813440190e+00
1.325632563256320395e-01 -2.629394034986037632e+00
1.331683168316830645e-01 -2.629491740420481616e+00
1.337733773377332014e-01 -2.629591084079506036e+00
1.343784378437842264e-01 -2.629692066925846117e+00
1.349834983498343632e-01 -2.629794689922236195e+00
1.355885588558853883e-01 -2.629898954031412828e+00
1.361936193619355251e-01 -2.630004860216109908e+00
1.367986798679865501e-01 -2.630112409439061771e+00
1.374037403740366869e-01 -2.630221602663004532e+00
1.380088008800877120e-01 -2.630332440850673414e+00
1.386138613861378488e-01 -2.630444924964802311e+00
1.392189218921888738e-01 -2.630559055968128224e+00
1.398239823982390106e-01 -2.630674834823383712e+00
1.404290429042900357e-01 -2.630792262493304889e+00
1.410341034103401725e-01 -2.630911339940626092e+00
1.416391639163911975e-01 -2.631032068128084767e+00
1.422442244224422225e-01 -2.631154448018413916e+00
1.428492849284923594e-01 -2.631278480574346990e+00
1.434543454345433844e-01 -2.631404166758622765e+00
1.440594059405935212e-01 -2.631531507533972469e+00
1.446644664466445462e-01 -2.631660503863134437e+00
1.452695269526946831e-01 -2.631791156708841228e+00
1.458745874587457081e-01 -2.631923467033829844e+00
1.464796479647958449e-01 -2.632057435800833733e+00
1.470847084708468699e-01 -2.632193063972587233e+00
1.476897689768970068e-01 -2.632330352511827787e+00
1.482948294829480318e-01 -2.632469302381288845e+00
1.488998899889981686e-01 -2.632609914543705187e+00
1.495049504950491936e-01 -2.632752189961813816e+00
1.501100110010993305e-01 -2.632896129598347734e+00
1.507150715071503555e-01 -2.633041734416041280e+00
1.513201320132004923e-01 -2.633189005377631897e+00
1.519251925192515174e-01 -2.633337943445852591e+00
1.525302530253016542e-01 -2.633488549583439919e+00
1.531353135313526792e-01 -2.633640824753127774e+00
1.537403740374037042e-01 -2.633794769917651379e+00
1.543454345434538411e-01 -2.633950386039745961e+00
1.549504950495048661e-01 -2.634107674082145856e+00
1.555555555555550029e-01 -2.634266635007587176e+00
1.561606160616060279e-01 -2.634427269778805147e+00
1.567656765676561648e-01 -2.634589579358532774e+00
1.573707370737071898e-01 -2.634753564709506612e+00
1.579757975797573266e-01 -2.634919226794461888e+00
1.585808580858083516e-01 -2.635086566576132938e+00
1.591859185918584885e-01 -2.635255585017255431e+00
1.597909790979095135e-01 -2.635426283080563259e+00
1.603960396039596503e-01 -2.635598661728791203e+00
1.610011001100106753e-01 -2.635772721924677153e+00
1.616061606160608122e-01 -2.635948464630952337e+00
1.622112211221118372e-01 -2.636125890810354644e+00
1.628162816281619740e-01 -2.636305001425617078e+00
1.634213421342129990e-01 -2.636485797439476197e+00
1.640264026402631359e-01 -2.636668279814665894e+00
1.646314631463141609e-01 -2.636852449513921837e+00
1.652365236523651859e-01 -2.637038307499979251e+00
1.658415841584153227e-01 -2.637225854735572472e+00
1.664466446644663478e-01 -2.637415092183435839e+00
1.670517051705164846e-01 -2.637606020806306351e+00
1.676567656765675096e-01 -2.637798641566918345e+00
1.682618261826176465e-01 -2.637992955428004827e+00
1.688668866886686715e-01 -2.638188963352303684e+00
1.694719471947188083e-01 -2.638386666302548811e+00
1.700770077007698333e-01 -2.638586065241474543e+00
1.706820682068199702e-01 -2.638787161131816106e+00
1.712871287128709952e-01 -2.638989954936308724e+00
1.718921892189211320e-01 -2.639194447617687622e+00
1.724972497249721570e-01 -2.639400640138688026e+00
1.731023102310222939e-01 -2.639608533462044271e+00
1.737073707370733189e-01 -2.639818128550492027e+00
1.743124312431234557e-01 -2.640029426366766074e+00
1.749174917491744807e-01 -2.640242427873600750e+00
1.755225522552255057e-01 -2.640457134033732167e+00
1.761276127612756426e-01 -2.640673545809894662e+00
1.767326732673266676e-01 -2.640891664164823460e+00
1.773377337733768044e-01 -2.641111490061252898e+00
1.779427942794278295e-01 -2.641333024461918644e+00
1.785478547854779663e-01 -2.641556268329555479e+00
1.791529152915289913e-01 -2.641781222626899517e+00
1.797579757975791281e-01 -2.642007888316683761e+00
1.803630363036301532e-01 -2.642236266361644770e+00
1.809680968096802900e-01 -2.642466357724517767e+00
1.815731573157313150e-01 -2.642698163368035758e+00
1.821782178217814518e-01 -2.642931684254936187e+00
1.827832783278324769e-01 -2.643166921347952059e+00
1.833883388338826137e-01 -2.643403875609819487e+00
1.839933993399336387e-01 -2.643642548003273252e+00
1.845984598459837756e-01 -2.643882939491048134e+00
1.852035203520348006e-01 -2.644125051035879359e+00
1.858085808580849374e-01 -2.644368883600502151e+00
1.864136413641359624e-01 -2.644614438147651292e+00
1.870187018701869874e-01 -2.644861715640062005e+00
1.876237623762371243e-01 -2.645110717040469073e+00
1.882288228822881493e-01 -2.645361443311607275e+00
1.888338833883382861e-01 -2.645613895416212280e+00
1.894389438943893111e-01 -2.645868074317017982e+00
1.900440044004394480e-01 -2.646123980976760937e+00
1.906490649064904730e-01 -2.646381616358174593e+00
1.912541254125406098e-01 -2.646640981423994621e+00
1.918591859185916348e-01 -2.646902077136956688e+00
1.924642464246417717e-01 -2.647164904459794688e+00
1.930693069306927967e-01 -2.647429464355243844e+00
1.936743674367429335e-01 -2.647695757786040271e+00
1.942794279427939586e-01 -2.647963785714918306e+00
1.948844884488440954e-01 -2.648233549104611839e+00
1.954895489548951204e-01 -2.648505048917857430e+00
1.960946094609452572e-01 -2.648778286117389413e+00
1.966996699669962823e-01 -2.649053261665943015e+00
1.973047304730464191e-01 -2.649329976526253017e+00
1.979097909790974441e-01 -2.649608431661054198e+00
1.985148514851484691e-01 -2.649888628033083116e+00
1.991199119911986060e-01 -2.650170566605072331e+00
1.997249724972496310e-01 -2.650454248339758401e+00
2.003300330032997678e-01 -2.650739674089114928e+00
2.009350935093507928e-01 -2.651026842628868785e+00
2.015401540154009297e-01 -2.651315750890781864e+00
2.021452145214519547e-01 -2.651606395742524214e+00
2.027502750275020915e-01 -2.651898774051762775e+00
2.033553355335531165e-01 -2.652192882686165376e+00
2.039603960396032534e-01 -2.652488718513398069e+00
2.045654565456542784e-01 -2.652786278401130904e+00
2.051705170517044152e-01 -2.653085559217029932e+00
2.057755775577554402e-01 -2.653386557828762093e+00
2.063806380638055771e-01 -2.653689271103996106e+00
2.069856985698566021e-01 -2.653993695910399353e+00
2.075907590759067389e-01 -2.654299829115639220e+00
2.081958195819577639e-01 -2.654607667587383535e+00
2.088008800880087890e-01 -2.654917208193299238e+00
2.094059405940589258e-01 -2.655228447801054159e+00
2.100110011001099508e-01 -2.655541383278316570e+00
2.106160616061600876e-01 -2.655856011492752522e+00
2.112211221122111127e-01 -2.656172329312031621e+00
2.118261826182612495e-01 -2.656490333603818588e+00
2.124312431243122745e-01 -2.656810021235785246e+00
2.130363036303624114e-01 -2.657131389075595429e+00
2.136413641364134364e-01 -2.657454433990917408e+00
2.142464246424635732e-01 -2.657779152849419457e+00
2.148514851485145982e-01 -2.658105542518768960e+00
2.154565456545647351e-01 -2.658433599866633745e+00
2.160616061606157601e-01 -2.658763321760681198e+00
2.166666666666658969e-01 -2.659094705068579145e+00
2.172717271727169219e-01 -2.659427746657993641e+00
2.178767876787670588e-01 -2.659762443396593401e+00
2.184818481848180838e-01 -2.660098792152047587e+00
2.190869086908682206e-01 -2.660436789792020917e+00
2.196919691969192456e-01 -2.660776433184182554e+00
2.202970297029702706e-01 -2.661117719196199882e+00
2.209020902090204075e-01 -2.661460644695739841e+00
2.215071507150714325e-01 -2.661805206550470704e+00
2.221122112211215693e-01 -2.662151401628059855e+00
2.227172717271725944e-01 -2.662499226796174678e+00
2.233223322332227312e-01 -2.662848678922482559e+00
2.239273927392737562e-01 -2.663199754874651770e+00
2.245324532453238930e-01 -2.663552451520349695e+00
2.251375137513749181e-01 -2.663906765727244608e+00
2.257425742574250549e-01 -2.664262694363000339e+00
2.263476347634760799e-01 -2.664620234295290047e+00
2.269526952695262167e-01 -2.664979382391776674e+00
2.275577557755772418e-01 -2.665340135520130271e+00
2.281628162816273786e-01 -2.665702490548017334e+00
2.287678767876784036e-01 -2.666066444343107467e+00
2.293729372937285405e-01 -2.666431993773064946e+00
2.299779977997795655e-01 -2.666799135705559376e+00
2.305830583058297023e-01 -2.667167867008258142e+00
2.311881188118807273e-01 -2.667538184548828628e+00
2.317931793179317523e-01 -2.667910085194939551e+00
2.323982398239818892e-01 -2.668283565814255631e+00
2.330033003300329142e-01 -2.668658623274446917e+00
2.336083608360830510e-01 -2.669035254443179461e+00
2.342134213421340760e-01 -2.669413456188121980e+00
2.348184818481842129e-01 -2.669793225376941415e+00
2.354235423542352379e-01 -2.670174558877306037e+00
2.360286028602853747e-01 -2.670557453556882344e+00
2.366336633663363997e-01 -2.670941906283339939e+00
2.372387238723865366e-01 -2.671327913924343544e+00
2.378437843784375616e-01 -2.671715473347562320e+00
2.384488448844876984e-01 -2.672104581420663205e+00
2.390539053905387235e-01 -2.672495235011315362e+00
2.396589658965888603e-01 -2.672887430987183510e+00
2.402640264026398853e-01 -2.673281166215938143e+00
2.408690869086900221e-01 -2.673676437565245312e+00
2.414741474147410472e-01 -2.674073241902772846e+00
2.420792079207911840e-01 -2.674471576096187242e+00
2.426842684268422090e-01 -2.674871437013158992e+00
2.432893289328932340e-01 -2.675272821521352817e+00
2.438943894389433709e-01 -2.675675726488436990e+00
2.444994499449943959e-01 -2.676080148782079782e+00
2.451045104510445327e-01 -2.676486085269948134e+00
2.457095709570955577e-01 -2.676893532819709876e+00
2.463146314631456946e-01 -2.677302488299031946e+00
2.469196919691967196e-01 -2.677712948575583507e+00
2.475247524752468564e-01 -2.678124910517030166e+00
2.481298129812978814e-01 -2.678538370991040196e+00
2.487348734873480183e-01 -2.678953326865282314e+00
2.493399339933990433e-01 -2.679369775007423460e+00
2.499449944994491801e-01 -2.679787712285129242e+00
2.505500550055002051e-01 -2.680207135566070598e+00
2.511551155115503420e-01 -2.680628041717912247e+00
2.517601760176013670e-01 -2.681050427608323350e+00
2.523652365236515038e-01 -2.681474290104970404e+00
2.529702970297025288e-01 -2.681899626075522569e+00
2.535753575357535539e-01 -2.682326432387645454e+00
2.541804180418036907e-01 -2.682754705909007775e+00
2.547854785478547157e-01 -2.683184443507277361e+00
2.553905390539048526e-01 -2.683615642050121153e+00
2.559955995599558776e-01 -2.684048298405206534e+00
2.566006600660060144e-01 -2.684482409440201778e+00
2.572057205720570394e-01 -2.684917972022773824e+00
2.578107810781071763e-01 -2.685354983020590502e+00
2.584158415841582013e-01 -2.685793439301320085e+00
2.590209020902083381e-01 -2.686233337732627735e+00
2.596259625962593631e-01 -2.686674675182184835e+00
2.602310231023095000e-01 -2.687117448517655660e+00
2.608360836083605250e-01 -2.687561654606709372e+00
2.614411441144106618e-01 -2.688007290317012021e+00
2.620462046204616868e-01 -2.688454352516234103e+00
2.626512651265118237e-01 -2.688902838072039447e+00
2.632563256325628487e-01 -2.689352743852098993e+00
2.638613861386129855e-01 -2.689804066724077902e+00
2.644664466446640105e-01 -2.690256803555645337e+00
2.650715071507150356e-01 -2.690710951214468238e+00
2.656765676567651724e-01 -2.691166506568213102e+00
2.662816281628161974e-01 -2.691623466484549976e+00
2.668866886688663342e-01 -2.692081827831144025e+00
2.674917491749173593e-01 -2.692541587475663967e+00
2.680968096809674961e-01 -2.693002742285777185e+00
2.687018701870185211e-01 -2.693465289129151508e+00
2.693069306930686579e-01 -2.693929224873453432e+00
2.699119911991196830e-01 -2.694394546386351674e+00
2.705170517051698198e-01 -2.694861250535513619e+00
2.711221122112208448e-01 -2.695329334188606207e+00
2.717271727172709817e-01 -2.695798794213298599e+00
2.723322332233220067e-01 -2.696269627477256847e+00
2.729372937293721435e-01 -2.696741830848147892e+00
2.735423542354231685e-01 -2.697215401193641338e+00
2.741474147414733054e-01 -2.697690335381402349e+00
2.747524752475243304e-01 -2.698166630279101419e+00
2.753575357535744672e-01 -2.698644282754403267e+00
2.759625962596254922e-01 -2.699123289674977944e+00
2.765676567656765172e-01 -2.699603647908491943e+00
2.771727172717266541e-01 -2.700085354322611320e+00
2.777777777777776791e-01 -2.700568405785006121e+00
2.783828382838278159e-01 -2.701052799163341511e+00
2.789878987898788409e-01 -2.701538531325287540e+00
2.795929592959289778e-01 -2.702025599138509815e+00
2.801980198019800028e-01 -2.702513999470677941e+00
2.808030803080301396e-01 -2.703003729189456639e+00
2.814081408140811646e-01 -2.703494785162515957e+00
2.820132013201313015e-01 -2.703987164257521503e+00
2.826182618261823265e-01 -2.704480863342143770e+00
2.832233223322324633e-01 -2.704975879284047036e+00
2.838283828382834884e-01 -2.705472208950901347e+00
2.844334433443336252e-01 -2.705969849210372313e+00
2.850385038503846502e-01 -2.706468796930128651e+00
2.856435643564347870e-01 -2.706969048977837300e+00
2.862486248624858121e-01 -2.707470602221166089e+00
2.868536853685368371e-01 -2.707973453527784624e+00
2.874587458745869739e-01 -2.708477599765356292e+00
2.880638063806379989e-01 -2.708983037801552030e+00
2.886688668866881358e-01 -2.709489764504037446e+00
2.892739273927391608e-01 -2.709997776740481701e+00
2.898789878987892976e-01 -2.710507071378551291e+00
2.904840484048403226e-01 -2.711017645285914046e+00
2.910891089108904595e-01 -2.711529495330237793e+00
2.916941694169414845e-01 -2.712042618379189918e+00
2.922992299229916213e-01 -2.712557011300437360e+00
2.929042904290426463e-01 -2.713072670961648836e+00
2.935093509350927832e-01 -2.713589594230490398e+00
2.941144114411438082e-01 -2.714107777974632096e+00
2.947194719471939450e-01 -2.714627219061739094e+00
2.953245324532449700e-01 -2.715147914359480108e+00
2.959295929592951069e-01 -2.715669860735522523e+00
2.965346534653461319e-01 -2.716193055057532835e+00
2.971397139713962687e-01 -2.716717494193179316e+00
2.977447744774472937e-01 -2.717243175010131573e+00
2.983498349834983188e-01 -2.717770094376055656e+00
2.989548954895484556e-01 -2.718298249158616731e+00
2.995599559955994806e-01 -2.718827636225486177e+00
3.001650165016496175e-01 -2.719358252444328716e+00
3.007700770077006425e-01 -2.719890094682813508e+00
3.013751375137507793e-01 -2.720423159808608382e+00
3.019801980198018043e-01 -2.720957444689380278e+00
3.025852585258519412e-01 -2.721492946192795692e+00
3.031903190319029662e-01 -2.722029661186522898e+00
3.037953795379531030e-01 -2.722567586538230611e+00
3.044004400440041280e-01 -2.723106719115585772e+00
3.050055005500542649e-01 -2.723647055786255322e+00
3.056105610561052899e-01 -2.724188593417907533e+00
3.062156215621554267e-01 -2.724731328878208902e+00
3.068206820682064517e-01 -2.725275259034828146e+00
3.074257425742565886e-01 -2.725820380755433092e+00
3.080308030803076136e-01 -2.726366690907690238e+00
3.086358635863577504e-01 -2.726914186359267855e+00
3.092409240924087754e-01 -2.727462863977832441e+00
3.098459845984598005e-01 -2.728012720631053156e+00
3.104510451045099373e-01 -2.728563753186596053e+00
3.110561056105609623e-01 -2.729115958512130291e+00
3.116611661166110991e-01 -2.729669333475322368e+00
3.122662266226621242e-01 -2.730223874943839224e+00
3.128712871287122610e-01 -2.730779579785349132e+00
3.134763476347632860e-01 -2.731336444867520807e+00
3.140814081408134228e-01 -2.731894467058019860e+00
3.146864686468644479e-01 -2.732453643224515893e+00
3.152915291529145847e-01 -2.733013970234674073e+00
3.158965896589656097e-01 -2.733575444956164002e+00
3.165016501650157466e-01 -2.734138064256651734e+00
3.171067106710667716e-01 -2.734701825003806874e+00
3.177117711771169084e-01 -2.735266724065294142e+00
3.183168316831679334e-01 -2.735832758308784030e+00
3.189218921892180703e-01 -2.736399924601942146e+00
3.195269526952690953e-01 -2.736968219812436764e+00
3.201320132013192321e-01 -2.737537640807934380e+00
3.207370737073702571e-01 -2.738108184456105487e+00
3.213421342134212821e-01 -2.738679847624614805e+00
3.219471947194714190e-01 -2.739252627181130162e+00
3.225522552255224440e-01 -2.739826519993320275e+00
3.231573157315725808e-01 -2.740401522928851641e+00
3.237623762376236058e-01 -2.740977632855392976e+00
3.243674367436737427e-01 -2.741554846640610332e+00
3.249724972497247677e-01 -2.742133161152173315e+00
3.255775577557749045e-01 -2.742712573257747533e+00
3.261826182618259296e-01 -2.743293079825002145e+00
3.267876787678760664e-01 -2.743874677721603650e+00
3.273927392739270914e-01 -2.744457363815219431e+00
3.279977997799772282e-01 -2.745041134973517760e+00
3.286028602860282533e-01 -2.745625988064166023e+00
3.292079207920783901e-01 -2.746211919954831604e+00
3.298129812981294151e-01 -2.746798927513182331e+00
3.304180418041795519e-01 -2.747387007606885145e+00
3.310231023102305770e-01 -2.747976157103609207e+00
3.316281628162816020e-01 -2.748566372871020125e+00
3.322332233223317388e-01 -2.749157651776786615e+00
3.328382838283827638e-01 -2.749749990688576506e+00
3.334433443344329007e-01 -2.750343386474055407e+00
3.340484048404839257e-01 -2.750937836000893366e+00
3.346534653465340625e-01 -2.751533336136756436e+00
3.352585258525850875e-01 -2.752129883749312445e+00
3.358635863586352244e-01 -2.752727475706228777e+00
3.364686468646862494e-01 -2.753326108875174150e+00
3.370737073707363862e-01 -2.753925780123814615e+00
3.376787678767874112e-01 -2.754526486319819778e+00
3.382838283828375481e-01 -2.755128224330854803e+00
3.388888888888885731e-01 -2.755730991024588850e+00
3.394939493949387099e-01 -2.756334783268687971e+00
3.400990099009897349e-01 -2.756939597930821328e+00
3.407040704070398718e-01 -2.757545431878655862e+00
3.413091309130908968e-01 -2.758152281979859399e+00
3.419141914191410336e-01 -2.758760145102098438e+00
3.425192519251920586e-01 -2.759369018113042582e+00
3.431243124312430837e-01 -2.759978897880358328e+00
3.437293729372932205e-01 -2.760589781271712173e+00
3.443344334433442455e-01 -2.761201665154772833e+00
3.449394939493943824e-01 -2.761814546397207693e+00
3.455445544554454074e-01 -2.762428421866685024e+00
3.461496149614955442e-01 -2.763043288430870437e+00
3.467546754675465692e-01 -2.763659142957433090e+00
3.473597359735967061e-01 -2.764275982314039926e+00
3.479647964796477311e-01 -2.764893803368360103e+00
3.485698569856978679e-01 -2.765512602988057900e+00
3.491749174917488929e-01 -2.766132378040804252e+00
3.497799779977990298e-01 -2.766753125394263879e+00
3.503850385038500548e-01 -2.767374841916107719e+00
3.509900990099001916e-01 -2.767997524473999604e+00
3.515951595159512166e-01 -2.768621169935609583e+00
3.522002200220013535e-01 -2.769245775168604595e+00
3.528052805280523785e-01 -2.769871337040652914e+00
3.534103410341025153e-01 -2.770497852419419704e+00
3.540154015401535403e-01 -2.771125318172575458e+00
3.546204620462045654e-01 -2.771753731167786228e+00
3.552255225522547022e-01 -2.772383088272718954e+00
3.558305830583057272e-01 -2.773013386355042798e+00
3.564356435643558640e-01 -2.773644622282424699e+00
3.570407040704068891e-01 -2.774276792922531598e+00
3.576457645764570259e-01 -2.774909895143030436e+00
3.582508250825080509e-01 -2.775543925811592150e+00
3.588558855885581877e-01 -2.776178881795880127e+00
3.594609460946092128e-01 -2.776814759963565749e+00
3.600660066006593496e-01 -2.777451557182312847e+00
3.606710671067103746e-01 -2.778089270319791915e+00
3.612761276127605115e-01 -2.778727896243668560e+00
3.618811881188115365e-01 -2.779367431821612389e+00
3.624862486248616733e-01 -2.780007873921288564e+00
3.630913091309126983e-01 -2.780649219410367579e+00
3.636963696369628352e-01 -2.781291465156513709e+00
3.643014301430138602e-01 -2.781934608027397005e+00
3.649064906490639970e-01 -2.782578644890683073e+00
3.655115511551150220e-01 -2.783223572614041963e+00
3.661166116611660470e-01 -2.783869388065139283e+00
3.667216721672161839e-01 -2.784516088111642862e+00
3.673267326732672089e-01 -2.785163669621221860e+00
3.679317931793173457e-01 -2.785812129461539666e+00
3.685368536853683707e-01 -2.786461464500270324e+00
3.691419141914185076e-01 -2.787111671605074559e+00
3.697469746974695326e-01 -2.787762747643625083e+00
3.703520352035196694e-01 -2.788414689483587061e+00
3.709570957095706945e-01 -2.789067493992627877e+00
3.715621562156208313e-01 -2.789721158038416249e+00
3.721672167216718563e-01 -2.790375678488620004e+00
3.727722772277219931e-01 -2.791031052210905194e+00
3.733773377337730182e-01 -2.791687276072940094e+00
3.739823982398231550e-01 -2.792344346942392530e+00
3.745874587458741800e-01 -2.793002261686929444e+00
3.751925192519243168e-01 -2.793661017174218664e+00
3.757975797579753419e-01 -2.794320610271929795e+00
3.764026402640263669e-01 -2.794981037847727556e+00
3.770077007700765037e-01 -2.795642296769279334e+00
3.776127612761275287e-01 -2.796304383904255175e+00
3.782178217821776656e-01 -2.796967296120320245e+00
3.788228822882286906e-01 -2.797631030285145037e+00
3.794279427942788274e-01 -2.798295583266392939e+00
3.800330033003298524e-01 -2.798960951931735330e+00
3.806380638063799893e-01 -2.799627133148837821e+00
3.812431243124310143e-01 -2.800294123785368683e+00
3.818481848184811511e-01 -2.800961920708994413e+00
3.824532453245321761e-01 -2.801630520787384171e+00
3.830583058305823130e-01 -2.802299920888204010e+00
3.836633663366333380e-01 -2.802970117879123535e+00
3.842684268426834748e-01 -2.803641108627807910e+00
3.848734873487344998e-01 -2.804312890001926295e+00
3.854785478547846367e-01 -2.804985458869145187e+00
3.860836083608356617e-01 -2.805658812097133747e+00
3.866886688668857985e-01 -2.806332946553558028e+00
3.872937293729368236e-01 -2.807007859106086745e+00
3.878987898789878486e-01 -2.807683546622385951e+00
3.885038503850379854e-01 -2.808360005970124362e+00
3.891089108910890104e-01 -2.809037234016969364e+00
3.897139713971391473e-01 -2.809715227630587897e+00
3.903190319031901723e-01 -2.810393983678648677e+00
3.909240924092403091e-01 -2.811073499028817757e+00
3.915291529152913341e-01 -2.811753770548765186e+00
3.921342134213414710e-01 -2.812434795106155239e+00
3.927392739273924960e-01 -2.813116569568658409e+00
3.933443344334426328e-01 -2.813799090803939862e+00
3.939493949394936578e-01 -2.814482355679670089e+00
3.945544554455437947e-01 -2.815166361063513367e+00
3.951595159515948197e-01 -2.815851103823139745e+00
3.957645764576449565e-01 -2.816536580826214387e+00
3.963696369636959815e-01 -2.817222788940408229e+00
3.969746974697461184e-01 -2.817909725033385548e+00
3.975797579757971434e-01 -2.818597385972816394e+00
3.981848184818472802e-01 -2.819285768626365929e+00
3.987898789878983052e-01 -2.819974869861704203e+00
3.993949394939493303e-01 -2.820664686546498157e+00
3.999999999999994671e-01 -2.821355215548412509e+00
4.006050605060504921e-01 -2.822046453735118199e+00
4.012101210121006289e-01 -2.822738397974282165e+00
4.018151815181516540e-01 -2.823431045133570905e+00
4.024202420242017908e-01 -2.824124392080652246e+00
4.030253025302528158e-01 -2.824818435683195794e+00
4.036303630363029527e-01 -2.825513172808865381e+00
4.042354235423539777e-01 -2.826208600325331943e+00
4.048404840484041145e-01 -2.826904715100261090e+00
4.054455445544551395e-01 -2.827601514001321537e+00
4.060506050605052764e-01 -2.828298993896179336e+00
4.066556655665563014e-01 -2.828997151652504538e+00
4.072607260726064382e-01 -2.829695984137962306e+00
4.078657865786574632e-01 -2.830395488220220912e+00
4.084708470847076001e-01 -2.831095660766949074e+00
4.090759075907586251e-01 -2.831796498645812399e+00
4.096809680968096501e-01 -2.832497998724480492e+00
4.102860286028597869e-01 -2.833200157870618519e+00
4.108910891089108119e-01 -2.833902972951896970e+00
4.114961496149609488e-01 -2.834606440835981012e+00
4.121012101210119738e-01 -2.835310558390538915e+00
4.127062706270621106e-01 -2.836015322483238066e+00
4.133113311331131356e-01 -2.836720729981748068e+00
4.139163916391632725e-01 -2.837426777753732310e+00
4.145214521452142975e-01 -2.838133462666862616e+00
4.151265126512644343e-01 -2.838840781588803708e+00
4.157315731573154594e-01 -2.839548731387224745e+00
4.163366336633655962e-01 -2.840257308929792668e+00
4.169416941694166212e-01 -2.840966511084175750e+00
4.175467546754667580e-01 -2.841676334718039598e+00
4.181518151815177831e-01 -2.842386776699054707e+00
4.187568756875679199e-01 -2.843097833894885795e+00
4.193619361936189449e-01 -2.843809503173201580e+00
4.199669966996690817e-01 -2.844521781401670779e+00
4.205720572057201068e-01 -2.845234665447959443e+00
4.211771177117711318e-01 -2.845948152179736290e+00
4.217821782178212686e-01 -2.846662238464666927e+00
4.223872387238722936e-01 -2.847376921170420516e+00
4.229922992299224305e-01 -2.848092197164664441e+00
4.235973597359734555e-01 -2.848808063315066530e+00
4.242024202420235923e-01 -2.849524516489293280e+00
4.248074807480746173e-01 -2.850241553555012963e+00
4.254125412541247542e-01 -2.850959171379893853e+00
4.260176017601757792e-01 -2.851677366831602001e+00
4.266226622662259160e-01 -2.852396136777806124e+00
4.272277227722769410e-01 -2.853115478086173606e+00
4.278327832783270779e-01 -2.853835387624370945e+00
4.284378437843781029e-01 -2.854555862260067745e+00
4.290429042904282397e-01 -2.855276898860929169e+00
4.296479647964792647e-01 -2.855998494294625711e+00
4.302530253025294016e-01 -2.856720645428821204e+00
4.308580858085804266e-01 -2.857443349131187027e+00
4.314631463146305634e-01 -2.858166602269387901e+00
4.320682068206815885e-01 -2.858890401711093432e+00
4.326732673267326135e-01 -2.859614744323970115e+00
4.332783278327827503e-01 -2.860339626975683558e+00
4.338833883388337753e-01 -2.861065046533906031e+00
4.344884488448839122e-01 -2.861790999866301366e+00
4.350935093509349372e-01 -2.862517483840538279e+00
4.356985698569850740e-01 -2.863244495324283712e+00
4.363036303630360990e-01 -2.863972031185206379e+00
4.369086908690862359e-01 -2.864700088290972335e+00
4.375137513751372609e-01 -2.865428663509252072e+00
4.381188118811873977e-01 -2.866157753707708977e+00
4.387238723872384227e-01 -2.866887355754014877e+00
4.393289328932885596e-01 -2.867617466515833602e+00
4.399339933993395846e-01 -2.868348082860835202e+00
4.405390539053897214e-01 -2.869079201656685729e+00
4.411441144114407464e-01 -2.869810819771054344e+00
4.417491749174908833e-01 -2.870542934071606656e+00
4.423542354235419083e-01 -2.871275541426012268e+00
4.429592959295920451e-01 -2.872008638701937233e+00
4.435643564356430701e-01 -2.872742222767050269e+00
4.441694169416940952e-01 -2.873476290489017870e+00
4.447744774477442320e-01 -2.874210838735507423e+00
4.453795379537952570e-01 -2.874945864374188531e+00
4.459845984598453938e-01 -2.875681364272725915e+00
4.465896589658964189e-01 -2.876417335298789180e+00
4.471947194719465557e-01 -2.877153774320045265e+00
4.477997799779975807e-01 -2.877890678204162000e+00
4.484048404840477176e-01 -2.878628043818805882e+00
4.490099009900987426e-01 -2.879365868031647402e+00
4.496149614961488794e-01 -2.880104147710349949e+00
4.502200220021999044e-01 -2.880842879722584016e+00
4.508250825082500413e-01 -2.881582060936016099e+00
4.514301430143010663e-01 -2.882321688218314470e+00
4.520352035203512031e-01 -2.883061758437144739e+00
4.526402640264022281e-01 -2.883802268460177842e+00
4.532453245324523650e-01 -2.884543215155077611e+00
4.538503850385033900e-01 -2.885284595389514983e+00
4.544554455445544150e-01 -2.886026406031156455e+00
4.550605060506045518e-01 -2.886768643947666302e+00
4.556655665566555768e-01 -2.887511306006717682e+00
4.562706270627057137e-01 -2.888254389075973538e+00
4.568756875687567387e-01 -2.888997890023105253e+00
4.574807480748068755e-01 -2.889741805715776213e+00
4.580858085808579006e-01 -2.890486133021658688e+00
4.586908690869080374e-01 -2.891230868808415622e+00
4.592959295929590624e-01 -2.891976009943717507e+00
4.599009900990091992e-01 -2.892721553295230397e+00
4.605060506050602243e-01 -2.893467495730623895e+00
4.611111111111103611e-01 -2.894213834117563611e+00
4.617161716171613861e-01 -2.894960565323718260e+00
4.623212321232115229e-01 -2.895707686216753451e+00
4.629262926292625480e-01 -2.896455193664340122e+00
4.635313531353126848e-01 -2.897203084534142103e+00
4.641364136413637098e-01 -2.897951355693830777e+00
4.647414741474138467e-01 -2.898700004011069975e+00
4.653465346534648717e-01 -2.899449026353530190e+00
4.659515951595158967e-01 -2.900198419588877918e+00
4.665566556655660335e-01 -2.900948180584778768e+00
4.671617161716170585e-01 -2.901698306208904121e+00
4.677667766776671954e-01 -2.902448793328918697e+00
4.683718371837182204e-01 -2.903199638812490768e+00
4.689768976897683572e-01 -2.903950839527288608e+00
4.695819581958193822e-01 -2.904702392340978712e+00
4.701870187018695191e-01 -2.905454294121228465e+00
4.707920792079205441e-01 -2.906206541735708360e+00
4.713971397139706809e-01 -2.906959132052081785e+00
4.720022002200217059e-01 -2.907712061938019232e+00
4.726072607260718428e-01 -2.908465328261186755e+00
4.732123212321228678e-01 -2.909218927889252626e+00
4.738173817381730046e-01 -2.909972857689884229e+00
4.744224422442240297e-01 -2.910727114530749837e+00
4.750275027502741665e-01 -2.911481695279515058e+00
4.756325632563251915e-01 -2.912236596803849942e+00
4.762376237623753283e-01 -2.912991815971420095e+00
4.768426842684263534e-01 -2.913747349649894236e+00
4.774477447744773784e-01 -2.914503194706940192e+00
4.780528052805275152e-01 -2.915259348010223572e+00
4.786578657865785402e-01 -2.916015806427413981e+00
4.792629262926286771e-01 -2.916772566826177471e+00
4.798679867986797021e-01 -2.917529626074183646e+00
4.804730473047298389e-01 -2.918286981039097228e+00
4.810781078107808639e-01 -2.919044628588588264e+00
4.816831683168310008e-01 -2.919802565590323251e+00
4.822882288228820258e-01 -2.920560788911970462e+00
4.828932893289321626e-01 -2.921319295421195505e+00
4.834983498349831876e-01 -2.922078081985669318e+00
4.841034103410333245e-01 -2.922837145473055287e+00
4.847084708470843495e-01 -2.923596482751025682e+00
4.853135313531344863e-01 -2.924356090687243448e+00
4.859185918591855113e-01 -2.925115966149379521e+00
4.865236523652356482e-01 -2.925876106005099508e+00
4.871287128712866732e-01 -2.926636507122072128e+00
4.877337733773368100e-01 -2.927397166367963877e+00
4.883388338833878350e-01 -2.928158080610444358e+00
4.889438943894388601e-01 -2.928919246717179625e+00
4.895489548954889969e-01 -2.929680661555836174e+00
4.901540154015400219e-01 -2.930442321994084054e+00
4.907590759075901587e-01 -2.931204224899587985e+00
4.913641364136411838e-01 -2.931966367140018459e+00
4.919691969196913206e-01 -2.932728745583039753e+00
4.925742574257423456e-01 -2.933491357096323693e+00
4.931793179317924825e-01 -2.934254198547534553e+00
4.937843784378435075e-01 -2.935017266804340608e+00
4.943894389438936443e-01 -2.935780558734409240e+00
4.949944994499446693e-01 -2.936544071205409612e+00
4.955995599559948062e-01 -2.937307801085006886e+00
4.962046204620458312e-01 -2.938071745240871113e+00
4.968096809680959680e-01 -2.938835900540667900e+00
4.974147414741469930e-01 -2.939600263852065520e+00
4.980198019801971299e-01 -2.940364832042731358e+00
4.986248624862481549e-01 -2.941129601980334130e+00
4.992299229922991799e-01 -2.941894570532539888e+00
4.998349834983493167e-01 -2.942659734567016461e+00
5.004400440044003417e-01 -2.943425091307875885e+00
5.010451045104504786e-01 -2.944190641328548796e+00
5.016501650165015036e-01 -2.944956387037596990e+00
5.022552255225516404e-01 -2.945722330862376559e+00
5.028602860286026655e-01 -2.946488475230245374e+00
5.034653465346528023e-01 -2.947254822568559973e+00
5.040704070407038273e-01 -2.948021375304680891e+00
5.046754675467539641e-01 -2.948788135865961557e+00
5.052805280528049892e-01 -2.949555106679762062e+00
5.058855885588551260e-01 -2.950322290173438056e+00
5.064906490649061510e-01 -2.951089688774349185e+00
5.070957095709562878e-01 -2.951857304909850654e+00
5.077007700770073129e-01 -2.952625141007301668e+00
5.083058305830574497e-01 -2.953393199494057431e+00
5.089108910891084747e-01 -2.954161482797478477e+00
5.095159515951586116e-01 -2.954929993344919126e+00
5.101210121012096366e-01 -2.955698733563738578e+00
5.107260726072606616e-01 -2.956467705881294705e+00
5.113311331133107984e-01 -2.957236912724942268e+00
5.119361936193618234e-01 -2.958006356522042246e+00
5.125412541254119603e-01 -2.958776039699947624e+00
5.131463146314629853e-01 -2.959545964686021602e+00
5.137513751375131221e-01 -2.960316133907616276e+00
5.143564356435641471e-01 -2.961086549792092626e+00
5.149614961496142840e-01 -2.961857214766805857e+00
5.155665566556653090e-01 -2.962628131259114728e+00
5.161716171617154458e-01 -2.963399301696375776e+00
5.167766776677664708e-01 -2.964170728505947761e+00
5.173817381738166077e-01 -2.964942414115185887e+00
5.179867986798676327e-01 -2.965714360951449802e+00
5.185918591859177695e-01 -2.966486571442095155e+00
5.191969196919687946e-01 -2.967259048014481149e+00
5.198019801980189314e-01 -2.968031793095963877e+00
5.204070407040699564e-01 -2.968804809113900767e+00
5.210121012101200932e-01 -2.969578098495649687e+00
5.216171617161711183e-01 -2.970351663668568509e+00
5.222222222222221433e-01 -2.971125507060014215e+00
5.228272827282722801e-01 -2.971899631097343342e+00
5.234323432343233051e-01 -2.972674038207915537e+00
5.240374037403734420e-01 -2.973448730819084673e+00
5.246424642464244670e-01 -2.974223711358212618e+00
5.252475247524746038e-01 -2.974998982252652802e+00
5.258525852585256288e-01 -2.975774545929764869e+00
5.264576457645757657e-01 -2.976550404816906248e+00
5.270627062706267907e-01 -2.977326561341433475e+00
5.276677667766769275e-01 -2.978103017930703533e+00
5.282728272827279525e-01 -2.978879777012075625e+00
5.288778877887780894e-01 -2.979656841012905399e+00
5.294829482948291144e-01 -2.980434212360552060e+00
5.300880088008792512e-01 -2.981211893482370368e+00
5.306930693069302762e-01 -2.981989886805721746e+00
5.312981298129804131e-01 -2.982768194757959179e+00
5.319031903190314381e-01 -2.983546819766443203e+00
5.325082508250824631e-01 -2.984325764258530800e+00
5.331133113311325999e-01 -2.985105030661576730e+00
5.337183718371836250e-01 -2.985884621402942418e+00
5.343234323432337618e-01 -2.986664538909982181e+00
5.349284928492847868e-01 -2.987444785610055664e+00
5.355335533553349237e-01 -2.988225363930518075e+00
5.361386138613859487e-01 -2.989006276298729059e+00
5.367436743674360855e-01 -2.989787525142042934e+00
5.373487348734871105e-01 -2.990569112887822456e+00
5.379537953795372474e-01 -2.991351041963419277e+00
5.385588558855882724e-01 -2.992133314796194377e+00
5.391639163916384092e-01 -2.992915933813503404e+00
5.397689768976894342e-01 -2.993698901442705562e+00
5.403740374037395711e-01 -2.994482220111155613e+00
5.409790979097905961e-01 -2.995265892246214090e+00
5.415841584158407329e-01 -2.996049920275235756e+00
5.421892189218917579e-01 -2.996834306625579813e+00
5.427942794279418948e-01 -2.997619053724602356e+00
5.433993399339929198e-01 -2.998404163999661698e+00
5.440044004400439448e-01 -2.999189639878116598e+00
5.446094609460940816e-01 -2.999975483787321373e+00
5.452145214521451067e-01 -3.000761698154635670e+00
5.458195819581952435e-01 -3.001548285407415140e+00
5.464246424642462685e-01 -3.002335247973019428e+00
5.470297029702964053e-01 -3.003122588278804184e+00
5.476347634763474304e-01 -3.003910308752127722e+00
5.482398239823975672e-01 -3.004698411820347026e+00
5.488448844884485922e-01 -3.005486899910820409e+00
5.494499449944987290e-01 -3.006275775450903520e+00
5.500550055005497541e-01 -3.007065040867955563e+00
5.506600660065998909e-01 -3.007854698589333076e+00
5.512651265126509159e-01 -3.008644751042393928e+00
5.518701870187010528e-01 -3.009435200654494658e+00
5.524752475247520778e-01 -3.010226049852993579e+00
5.530803080308022146e-01 -3.011017301065247675e+00
5.536853685368532396e-01 -3.011808956718615704e+00
5.542904290429033765e-01 -3.012601019240451983e+00
5.548954895489544015e-01 -3.013393491058117490e+00
5.555005500550054265e-01 -3.014186374598967877e+00
5.561056105610555633e-01 -3.014979672290359236e+00
5.567106710671065883e-01 -3.015773386559652103e+00
5.573157315731567252e-01 -3.016567519834200795e+00
5.579207920792077502e-01 -3.017362074541365402e+00
5.585258525852578870e-01 -3.018157053108502019e+00
5.591309130913089120e-01 -3.018952457962967628e+00
5.597359735973590489e-01 -3.019748291532120543e+00
5.603410341034100739e-01 -3.020544556243318635e+00
5.609460946094602107e-01 -3.021341254523916664e+00
5.615511551155112357e-01 -3.022138388801275166e+00
5.621562156215613726e-01 -3.022935961502750235e+00
5.627612761276123976e-01 -3.023733975055699741e+00
5.633663366336625344e-01 -3.024532431887479333e+00
5.639713971397135595e-01 -3.025331334425450436e+00
5.645764576457636963e-01 -3.026130685096964257e+00
5.651815181518147213e-01 -3.026930486329385328e+00
5.657865786578648581e-01 -3.027730740550065747e+00
5.663916391639158832e-01 -3.028531450186365159e+00
5.669966996699669082e-01 -3.029332617665641880e+00
5.676017601760170450e-01 -3.030134245415250671e+00
5.682068206820680700e-01 -3.030936335862550290e+00
5.688118811881182069e-01 -3.031738891434897720e+00
5.694169416941692319e-01 -3.032541914559653051e+00
5.700220022002193687e-01 -3.033345407664168825e+00
5.706270627062703937e-01 -3.034149373175806907e+00
5.712321232123205306e-01 -3.034953813521922505e+00
5.718371837183715556e-01 -3.035758731129874377e+00
5.724422442244216924e-01 -3.036564128427017284e+00
5.730473047304727174e-01 -3.037370007840712205e+00
5.736523652365228543e-01 -3.038176371798313458e+00
5.742574257425738793e-01 -3.038983222727181133e+00
5.748624862486240161e-01 -3.039790563054669992e+00
5.754675467546750411e-01 -3.040598395208140570e+00
5.760726072607251780e-01 -3.041406721614945852e+00
5.766776677667762030e-01 -3.042215544702448149e+00
5.772827282728272280e-01 -3.043024866898002667e+00
5.778877887788773648e-01 -3.043834690628965500e+00
5.784928492849283899e-01 -3.044645018322696295e+00
5.790979097909785267e-01 -3.045455852406550701e+00
5.797029702970295517e-01 -3.046267195307888365e+00
5.803080308030796886e-01 -3.047079049454064048e+00
5.809130913091307136e-01 -3.047891417272437842e+00
5.815181518151808504e-01 -3.048704301190364063e+00
5.821232123212318754e-01 -3.049517703635203247e+00
5.827282728272820123e-01 -3.050331627034310600e+00
5.833333333333330373e-01 -3.051146073815045767e+00
5.839383938393831741e-01 -3.051961046404763067e+00
5.845434543454341991e-01 -3.052776547230823034e+00
5.851485148514843360e-01 -3.053592578720580430e+00
5.857535753575353610e-01 -3.054409143301395346e+00
5.863586358635854978e-01 -3.055226243400622543e+00
5.869636963696365228e-01 -3.056043881445621668e+00
5.875687568756866597e-01 -3.056862059863748371e+00
5.881738173817376847e-01 -3.057680781082361410e+00
5.887788778877887097e-01 -3.058500047528818211e+00
5.893839383938388465e-01 -3.059319861630474424e+00
5.899889988998898716e-01 -3.060140225814689696e+00
5.905940594059400084e-01 -3.060961142508819233e+00
5.911991199119910334e-01 -3.061782614140224457e+00
5.918041804180411702e-01 -3.062604643136257465e+00
5.924092409240921953e-01 -3.063427231924278793e+00
5.930143014301423321e-01 -3.064250382931645422e+00
5.936193619361933571e-01 -3.065074098585714779e+00
5.942244224422434939e-01 -3.065898381313843846e+00
5.948294829482945190e-01 -3.066723233543390492e+00
5.954345434543446558e-01 -3.067548657701712145e+00
5.960396039603956808e-01 -3.068374656216167118e+00
5.966446644664458177e-01 -3.069201231514109729e+00
5.972497249724968427e-01 -3.070028386022901401e+00
5.978547854785469795e-01 -3.070856122169895563e+00
5.984598459845980045e-01 -3.071684442382454083e+00
5.990649064906481414e-01 -3.072513349087930834e+00
5.996699669966991664e-01 -3.073342844713684574e+00
6.002750275027501914e-01 -3.074172931687073174e+00
6.008800880088003282e-01 -3.075003612435451839e+00
6.014851485148513532e-01 -3.075834889386180215e+00
6.020902090209014901e-01 -3.076666764966614842e+00
6.026952695269525151e-01 -3.077499241604115365e+00
6.033003300330026519e-01 -3.078332321726035214e+00
6.039053905390536769e-01 -3.079166007759734924e+00
6.045104510451038138e-01 -3.080000302132569701e+00
6.051155115511548388e-01 -3.080835207271899634e+00
6.057205720572049756e-01 -3.081670725605079486e+00
6.063256325632560007e-01 -3.082506859559467571e+00
6.069306930693061375e-01 -3.083343611562422204e+00
6.075357535753571625e-01 -3.084180984041300366e+00
6.081408140814072993e-01 -3.085018979423458152e+00
6.087458745874583244e-01 -3.085857600136255652e+00
6.093509350935084612e-01 -3.086696848607047627e+00
6.099559955995594862e-01 -3.087536727263194170e+00
6.105610561056096230e-01 -3.088377238532049152e+00
6.111661166116606481e-01 -3.089218384840972664e+00
6.117711771177116731e-01 -3.090060168617323022e+00
6.123762376237618099e-01 -3.090902592288453654e+00
6.129812981298128349e-01 -3.091745658281725984e+00
6.135863586358629718e-01 -3.092589369024495216e+00
6.141914191419139968e-01 -3.093433726944120110e+00
6.147964796479641336e-01 -3.094278734467955871e+00
6.154015401540151586e-01 -3.095124394023362591e+00
6.160066006600652955e-01 -3.095970708037696362e+00
6.166116611661163205e-01 -3.096817678938315499e+00
6.172167216721664573e-01 -3.097665309152574764e+00
6.178217821782174823e-01 -3.098513601107836024e+00
6.184268426842676192e-01 -3.099362557231452264e+00
6.190319031903186442e-01 -3.100212179950783131e+00
6.196369636963687810e-01 -3.101062471693186051e+00
6.202420242024198060e-01 -3.101913434886019338e+00
6.208470847084699429e-01 -3.102765071956637311e+00
6.214521452145209679e-01 -3.103617385332400058e+00
6.220572057205719929e-01 -3.104470377440665452e+00
6.226622662266221298e-01 -3.105324050708787365e+00
6.232673267326731548e-01 -3.106178407564127664e+00
6.238723872387232916e-01 -3.107033450434040667e+00
6.244774477447743166e-01 -3.107889181745885576e+00
6.250825082508244535e-01 -3.108745603927017598e+00
6.256875687568754785e-01 -3.109602719404797266e+00
6.262926292629256153e-01 -3.110460530606578455e+00
6.268976897689766403e-01 -3.111319039959722144e+00
6.275027502750267772e-01 -3.112178249891582205e+00
6.281078107810778022e-01 -3.113038162829520505e+00
6.287128712871279390e-01 -3.113898781200890031e+00
6.293179317931789640e-01 -3.114760107433050873e+00
6.299229922992291009e-01 -3.115622143953359124e+00
6.305280528052801259e-01 -3.116484893189173544e+00
6.311331133113302627e-01 -3.117348357567849337e+00
6.317381738173812877e-01 -3.118212539516747039e+00
6.323432343234314246e-01 -3.119077441463220968e+00
6.329482948294824496e-01 -3.119943065834631213e+00
6.335533553355334746e-01 -3.120809415058333425e+00
6.341584158415836114e-01 -3.121676491561685030e+00
6.347634763476346365e-01 -3.122544297772045230e+00
6.353685368536847733e-01 -3.123412836116768787e+00
6.359735973597357983e-01 -3.124282109023215348e+00
6.365786578657859351e-01 -3.125152118918740118e+00
6.371837183718369602e-01 -3.126022868230703633e+00
6.377887788778870970e-01 -3.126894359386459765e+00
6.383938393839381220e-01 -3.127766594813369938e+00
6.389988998899882588e-01 -3.128639576938787137e+00
6.396039603960392839e-01 -3.129513308190073673e+00
6.402090209020894207e-01 -3.130387790994581199e+00
6.408140814081404457e-01 -3.131263027779672914e+00
6.414191419141905826e-01 -3.132139020972701804e+00
6.420242024202416076e-01 -3.133015773001028847e+00
6.426292629262917444e-01 -3.133893286292007474e+00
6.432343234323427694e-01 -3.134771563272999106e+00
6.438393839383929063e-01 -3.135650606371357618e+00
6.444444444444439313e-01 -3.136530418014444432e+00
6.450495049504949563e-01 -3.137411000629613866e+00
6.456545654565450931e-01 -3.138292356644222902e+00
6.462596259625961181e-01 -3.139174488485632075e+00
6.468646864686462550e-01 -3.140057398581196146e+00
6.474697469746972800e-01 -3.140941089358274318e+00
6.480748074807474168e-01 -3.141825563244221353e+00
6.486798679867984418e-01 -3.142710822666397785e+00
6.492849284928485787e-01 -3.143596870052158820e+00
6.498899889988996037e-01 -3.144483707828864105e+00
6.504950495049497405e-01 -3.145371338423867957e+00
6.511001100110007656e-01 -3.146259764264530912e+00
6.517051705170509024e-01 -3.147148987778207285e+00
6.523102310231019274e-01 -3.148039011392258502e+00
6.529152915291520642e-01 -3.148929837534037990e+00
6.535203520352030893e-01 -3.149821468630904953e+00
6.541254125412532261e-01 -3.150713907110216372e+00
6.547304730473042511e-01 -3.151607155399331894e+00
6.553355335533552761e-01 -3.152501215925606726e+00
6.559405940594054130e-01 -3.153396091116396960e+00
6.565456545654564380e-01 -3.154291783399063576e+00
6.571507150715065748e-01 -3.155188295200960447e+00
6.577557755775575998e-01 -3.156085628949448552e+00
6.583608360836077367e-01 -3.156983787071881764e+00
6.589658965896587617e-01 -3.157882771995620175e+00
6.595709570957088985e-01 -3.158782586148018989e+00
6.601760176017599235e-01 -3.159683231956438743e+00
6.607810781078100604e-01 -3.160584711848233308e+00
6.613861386138610854e-01 -3.161487028250762776e+00
6.619911991199112222e-01 -3.162390183591382353e+00
6.625962596259622472e-01 -3.163294180297452129e+00
6.632013201320123841e-01 -3.164199020796326423e+00
6.638063806380634091e-01 -3.165104707515365767e+00
6.644114411441135459e-01 -3.166011242881924925e+00
6.650165016501645709e-01 -3.166918629323363987e+00
6.656215621562147078e-01 -3.167826869267037271e+00
6.662266226622657328e-01 -3.168735965140304867e+00
6.668316831683167578e-01 -3.169645919370523757e+00
6.674367436743668947e-01 -3.170556734385049147e+00
6.680418041804179197e-01 -3.171468412611242016e+00
6.686468646864680565e-01 -3.172380956476455349e+00
6.692519251925190815e-01 -3.173294368408051458e+00
6.698569856985692184e-01 -3.174208650833383327e+00
6.704620462046202434e-01 -3.175123806179811936e+00
6.710671067106703802e-01 -3.176039836874691158e+00
6.716721672167214052e-01 -3.176956745345383304e+00
6.722772277227715421e-01 -3.177874534019240915e+00
6.728822882288225671e-01 -3.178793205323624971e+00
6.734873487348727039e-01 -3.179712761685888900e+00
6.740924092409237289e-01 -3.180633205533395014e+00
6.746974697469738658e-01 -3.181554539293496298e+00
6.753025302530248908e-01 -3.182476765393554619e+00
6.759075907590750276e-01 -3.183399886260922518e+00
6.765126512651260526e-01 -3.184323904322961862e+00
6.771177117711761895e-01 -3.185248822007025638e+00
6.777227722772272145e-01 -3.186174641740476154e+00
6.783278327832782395e-01 -3.187101365950668175e+00
6.789328932893283763e-01 -3.188028997064957792e+00
6.795379537953794014e-01 -3.188957537510705098e+00
6.801430143014295382e-01 -3.189886989715265742e+00
6.807480748074805632e-01 -3.190817356105998037e+00
6.813531353135307000e-01 -3.191748639110258523e+00
6.819581958195817251e-01 -3.192680841155406846e+00
6.825632563256318619e-01 -3.193613964668797323e+00
6.831683168316828869e-01 -3.194548012077789600e+00
6.837733773377330238e-01 -3.195482985809739329e+00
6.843784378437840488e-01 -3.196418888292006599e+00
6.849834983498341856e-01 -3.197355721951946173e+00
6.855885588558852106e-01 -3.198293489216917251e+00
6.861936193619353475e-01 -3.199232192514275930e+00
6.867986798679863725e-01 -3.200171834271380966e+00
6.874037403740365093e-01 -3.201112416915587122e+00
6.880088008800875343e-01 -3.202053942874255821e+00
6.886138613861376712e-01 -3.202996414574740935e+00
6.892189218921886962e-01 -3.203939834444402557e+00
6.898239823982397212e-01 -3.204884204910597223e+00
6.904290429042898580e-01 -3.205829528400680140e+00
6.910341034103408830e-01 -3.206775807342012286e+00
6.916391639163910199e-01 -3.207723044161948867e+00
6.922442244224420449e-01 -3.208671241287848641e+00
6.928492849284921817e-01 -3.209620401147066371e+00
6.934543454345432067e-01 -3.210570526166963035e+00
6.940594059405933436e-01 -3.211521618774892950e+00
6.946644664466443686e-01 -3.212473681398216208e+00
6.952695269526945054e-01 -3.213426716464288457e+00
6.958745874587455305e-01 -3.214380726400468458e+00
6.964796479647956673e-01 -3.215335713634110970e+00
6.970847084708466923e-01 -3.216291680592576974e+00
6.976897689768968291e-01 -3.217248629703221674e+00
6.982948294829478542e-01 -3.218206563393402941e+00
6.988998899889979910e-01 -3.219165484090477758e+00
6.995049504950490160e-01 -3.220125394221805326e+00
7.001100110011000410e-01 -3.221086296216875144e+00
7.007150715071501779e-01 -3.222048193082529988e+00
7.013201320132012029e-01 -3.223011089181392119e+00
7.019251925192513397e-01 -3.223974989070490516e+00
7.025302530253023647e-01 -3.224939897306853265e+00
7.031353135313525016e-01 -3.225905818447508455e+00
7.037403740374035266e-01 -3.226872757049484619e+00
7.043454345434536634e-01 -3.227840717669809401e+00
7.049504950495046884e-01 -3.228809704865513552e+00
7.055555555555548253e-01 -3.229779723193621166e+00
7.061606160616058503e-01 -3.230750777211165214e+00
7.067656765676559871e-01 -3.231722871475171122e+00
7.073707370737070121e-01 -3.232696010542668752e+00
7.079757975797571490e-01 -3.233670198970685306e+00
7.085808580858081740e-01 -3.234645441316249315e+00
7.091859185918583108e-01 -3.235621742136389756e+00
7.097909790979093358e-01 -3.236599105988135161e+00
7.103960396039594727e-01 -3.237577537428512287e+00
7.110011001100104977e-01 -3.238557041014551441e+00
7.116061606160615227e-01 -3.239537621303279824e+00
7.122112211221116596e-01 -3.240519282851725524e+00
7.128162816281626846e-01 -3.241502030216917962e+00
7.134213421342128214e-01 -3.242485867955883450e+00
7.140264026402638464e-01 -3.243470800625654071e+00
7.146314631463139833e-01 -3.244456832783253475e+00
7.152365236523650083e-01 -3.245443968985715077e+00
7.158415841584151451e-01 -3.246432213790062971e+00
7.164466446644661701e-01 -3.247421571753327907e+00
7.170517051705163070e-01 -3.248412047432536198e+00
7.176567656765673320e-01 -3.249403645384719042e+00
7.182618261826174688e-01 -3.250396370166901416e+00
7.188668866886684938e-01 -3.251390226336115408e+00
7.194719471947186307e-01 -3.252385218449385551e+00
7.200770077007696557e-01 -3.253381351063743487e+00
7.206820682068197925e-01 -3.254378628736214196e+00
7.212871287128708175e-01 -3.255377056023831095e+00
7.218921892189209544e-01 -3.256376637483616499e+00
7.224972497249719794e-01 -3.257377377672603380e+00
7.231023102310230044e-01 -3.258379281147818496e+00
7.237073707370731412e-01 -3.259382352466287713e+00
7.243124312431241663e-01 -3.260386596185044006e+00
7.249174917491743031e-01 -3.261392016861111909e+00
7.255225522552253281e-01 -3.262398619051522619e+00
7.261276127612754649e-01 -3.263406407313301560e+00
7.267326732673264900e-01 -3.264415386203480374e+00
7.273377337733766268e-01 -3.265425560279083594e+00
7.279427942794276518e-01 -3.266436934097143752e+00
7.285478547854777887e-01 -3.267449512214685825e+00
7.291529152915288137e-01 -3.268463299188740567e+00
7.297579757975789505e-01 -3.269478299576333846e+00
7.303630363036299755e-01 -3.270494517934497303e+00
7.309680968096801124e-01 -3.271511958820254584e+00
7.315731573157311374e-01 -3.272530626790639108e+00
7.321782178217812742e-01 -3.273550526402675853e+00
7.327832783278322992e-01 -3.274571662213395573e+00
7.333883388338833242e-01 -3.275594038779825024e+00
7.339933993399334611e-01 -3.276617660658990960e+00
7.345984598459844861e-01 -3.277642532407925469e+00
7.352035203520346229e-01 -3.278668658583653084e+00
7.358085808580856479e-01 -3.279696043743206335e+00
7.364136413641357848e-01 -3.280724692443608870e+00
7.370187018701868098e-01 -3.281754609241894105e+00
7.376237623762369466e-01 -3.282785798695084800e+00
7.382288228822879717e-01 -3.283818265360215705e+00
7.388338833883381085e-01 -3.284852013794308245e+00
7.394389438943891335e-01 -3.285887048554396728e+00
7.400440044004392703e-01 -3.286923374197505243e+00
7.406490649064902954e-01 -3.287960995280666321e+00
7.412541254125404322e-01 -3.288999916360903164e+00
7.418591859185914572e-01 -3.290040141995248746e+00
7.424642464246415940e-01 -3.291081676740727602e+00
7.430693069306926191e-01 -3.292124525154372705e+00
7.436743674367427559e-01 -3.293168691793208147e+00
7.442794279427937809e-01 -3.294214181214264237e+00
7.448844884488448059e-01 -3.295260997974569506e+00
7.454895489548949428e-01 -3.296309146631149822e+00
7.460946094609459678e-01 -3.297358631741037271e+00
7.466996699669961046e-01 -3.298409457861256833e+00
7.473047304730471296e-01 -3.299461629548840147e+00
7.479097909790972665e-01 -3.300515151360811750e+00
7.485148514851482915e-01 -3.301570027854203282e+00
7.491199119911984283e-01 -3.302626263586041500e+00
7.497249724972494533e-01 -3.303683863113355379e+00
7.503300330032995902e-01 -3.304742830993172120e+00
7.509350935093506152e-01 -3.305803171782521588e+00
7.515401540154007520e-01 -3.306864890038430538e+00
7.521452145214517770e-01 -3.307927990317930167e+00
7.527502750275019139e-01 -3.308992477178045455e+00
7.533553355335529389e-01 -3.310058355175807154e+00
7.539603960396030757e-01 -3.311125628868241133e+00
7.545654565456541008e-01 -3.312194302812378588e+00
7.551705170517042376e-01 -3.313264381565245387e+00
7.557755775577552626e-01 -3.314335869683872726e+00
7.563806380638062876e-01 -3.315408771725287362e+00
7.569856985698564245e-01 -3.316483092246515607e+00
7.575907590759074495e-01 -3.317558835804589101e+00
7.581958195819575863e-01 -3.318636006956533713e+00
7.588008800880086113e-01 -3.319714610259379750e+00
7.594059405940587482e-01 -3.320794650270154413e+00
7.600110011001097732e-01 -3.321876131545886679e+00
7.606160616061599100e-01 -3.322959058643603747e+00
7.612211221122109350e-01 -3.324043436120336370e+00
7.618261826182610719e-01 -3.325129268533109084e+00
7.624312431243120969e-01 -3.326216560438954861e+00
7.630363036303622337e-01 -3.327305316394897350e+00
7.636413641364132587e-01 -3.328395540957969079e+00
7.642464246424633956e-01 -3.329487238685195027e+00
7.648514851485144206e-01 -3.330580414133606393e+00
7.654565456545645574e-01 -3.331675071860228599e+00
7.660616061606155824e-01 -3.332771216422093286e+00
7.666666666666657193e-01 -3.333868852376225433e+00
7.672717271727167443e-01 -3.334967984279656239e+00
7.678767876787677693e-01 -3.336068616689413346e+00
7.684818481848179061e-01 -3.337170754162523068e+00
7.690869086908689312e-01 -3.338274401256017043e+00
7.696919691969190680e-01 -3.339379562526919809e+00
7.702970297029700930e-01 -3.340486242532263006e+00
7.709020902090202298e-01 -3.341594445829072946e+00
7.715071507150712549e-01 -3.342704176974379937e+00
7.721122112211213917e-01 -3.343815440525209404e+00
7.727172717271724167e-01 -3.344928241038592986e+00
7.733223322332225536e-01 -3.346042583071556553e+00
7.739273927392735786e-01 -3.347158471181130412e+00
7.745324532453237154e-01 -3.348275909924340432e+00
7.751375137513747404e-01 -3.349394903858218253e+00
7.757425742574248773e-01 -3.350515457539788411e+00
7.763476347634759023e-01 -3.351637575526082546e+00
7.769526952695260391e-01 -3.352761262374126972e+00
7.775577557755770641e-01 -3.353886522640951995e+00
7.781628162816280891e-01 -3.355013360883584372e+00
7.787678767876782260e-01 -3.356141781659051748e+00
7.793729372937292510e-01 -3.357271789524384875e+00
7.799779977997793878e-01 -3.358403389036608733e+00
7.805830583058304128e-01 -3.359536584752755850e+00
7.811881188118805497e-01 -3.360671381229850763e+00
7.817931793179315747e-01 -3.361807783024924667e+00
7.823982398239817115e-01 -3.362945794695003432e+00
7.830033003300327366e-01 -3.364085420797117809e+00
7.836083608360828734e-01 -3.365226665888294111e+00
7.842134213421338984e-01 -3.366369534525562646e+00
7.848184818481840352e-01 -3.367514031265948837e+00
7.854235423542350603e-01 -3.368660160666485659e+00
7.860286028602851971e-01 -3.369807927284195870e+00
7.866336633663362221e-01 -3.370957335676112887e+00
7.872387238723863589e-01 -3.372108390399260802e+00
7.878437843784373840e-01 -3.373261096010671700e+00
7.884488448844875208e-01 -3.374415457067371005e+00
7.890539053905385458e-01 -3.375571478126389469e+00
7.896589658965895708e-01 -3.376729163744755180e+00
7.902640264026397077e-01 -3.377888518479492674e+00
7.908690869086907327e-01 -3.379049546887635813e+00
7.914741474147408695e-01 -3.380212253526207800e+00
7.920792079207918945e-01 -3.381376642952241163e+00
7.926842684268420314e-01 -3.382542719722761326e+00
7.932893289328930564e-01 -3.383710488394799487e+00
7.938943894389431932e-01 -3.384879953525380181e+00
7.944994499449942182e-01 -3.386051119671536380e+00
7.951045104510443551e-01 -3.387223991390292621e+00
7.957095709570953801e-01 -3.388398573238679212e+00
7.963146314631455169e-01 -3.389574869773723353e+00
7.969196919691965419e-01 -3.390752885552454465e+00
7.975247524752466788e-01 -3.391932625131899304e+00
7.981298129812977038e-01 -3.393114093069089066e+00
7.987348734873478406e-01 -3.394297293921049619e+00
7.993399339933988657e-01 -3.395482232244809495e+00
7.999449944994490025e-01 -3.396668912597397672e+00
8.005500550055000275e-01 -3.397857339535843124e+00
8.011551155115510525e-01 -3.399047517617173497e+00
8.017601760176011894e-01 -3.400239451398415991e+00
8.023652365236522144e-01 -3.401433145436601357e+00
8.029702970297023512e-01 -3.402628604288755465e+00
8.035753575357533762e-01 -3.403825832511909510e+00
8.041804180418035131e-01 -3.405024834663088029e+00
8.047854785478545381e-01 -3.406225615299323994e+00
8.053905390539046749e-01 -3.407428178977641053e+00
8.059955995599556999e-01 -3.408632530255071291e+00
8.066006600660058368e-01 -3.409838673688640132e+00
8.072057205720568618e-01 -3.411046613835378327e+00
8.078107810781069986e-01 -3.412256355252312634e+00
8.084158415841580236e-01 -3.413467902496472917e+00
8.090209020902081605e-01 -3.414681260124885043e+00
8.096259625962591855e-01 -3.415896432694581097e+00
8.102310231023093223e-01 -3.417113424762586504e+00
8.108360836083603473e-01 -3.418332240885931128e+00
8.114411441144104842e-01 -3.419552885621640392e+00
8.120462046204615092e-01 -3.420775363526746382e+00
8.126512651265125342e-01 -3.421999679158276741e+00
8.132563256325626710e-01 -3.423225837073256894e+00
8.138613861386136961e-01 -3.424453841828718481e+00
8.144664466446638329e-01 -3.425683697981687814e+00
8.150715071507148579e-01 -3.426915410089194758e+00
8.156765676567649948e-01 -3.428148982708265624e+00
8.162816281628160198e-01 -3.429384420395932054e+00
8.168866886688661566e-01 -3.430621727709219471e+00
8.174917491749171816e-01 -3.431860909205157739e+00
8.180968096809673185e-01 -3.433101969440772727e+00
8.187018701870183435e-01 -3.434344912973097408e+00
8.193069306930684803e-01 -3.435589744359154984e+00
8.199119911991195053e-01 -3.436836468155977986e+00
8.205170517051696422e-01 -3.438085088920591392e+00
8.211221122112206672e-01 -3.439335611210027288e+00
8.217271727172708040e-01 -3.440588039581309765e+00
8.223322332233218290e-01 -3.441842378591471352e+00
8.229372937293728540e-01 -3.443098632797537917e+00
8.235423542354229909e-01 -3.444356806756536216e+00
8.241474147414740159e-01 -3.445616905025499666e+00
8.247524752475241527e-01 -3.446878932161451026e+00
8.253575357535751778e-01 -3.448142892721422825e+00
8.259625962596253146e-01 -3.449408791262440488e+00
8.265676567656763396e-01 -3.450676632341534322e+00
8.271727172717264764e-01 -3.451946420515730640e+00
8.277777777777775015e-01 -3.453218160342061971e+00
8.283828382838276383e-01 -3.454491856377551962e+00
8.289878987898786633e-01 -3.455767513179231365e+00
8.295929592959288001e-01 -3.457045135304126493e+00
8.301980198019798252e-01 -3.458324727309269875e+00
8.308030803080299620e-01 -3.459606293751685158e+00
8.314081408140809870e-01 -3.460889839188403538e+00
8.320132013201311239e-01 -3.462175368176451329e+00
8.326182618261821489e-01 -3.463462885272860614e+00
8.332233223322322857e-01 -3.464752395034654153e+00
8.338283828382833107e-01 -3.466043902018866252e+00
8.344334433443343357e-01 -3.467337410782522333e+00
8.350385038503844726e-01 -3.468632925882647822e+00
8.356435643564354976e-01 -3.469930451876277022e+00
8.362486248624856344e-01 -3.471229993320434026e+00
8.368536853685366594e-01 -3.472531554772148699e+00
8.374587458745867963e-01 -3.473835140788447795e+00
8.380638063806378213e-01 -3.475140755926363401e+00
8.386688668866879581e-01 -3.476448404742919163e+00
8.392739273927389831e-01 -3.477758091795146722e+00
8.398789878987891200e-01 -3.479069821640072391e+00
8.404840484048401450e-01 -3.480383598834728254e+00
8.410891089108902818e-01 -3.481699427936137070e+00
8.416941694169413068e-01 -3.483017313501332257e+00
8.422992299229914437e-01 -3.484337260087337462e+00
8.429042904290424687e-01 -3.485659272251186103e+00
8.435093509350926055e-01 -3.486983354549902270e+00
8.441144114411436306e-01 -3.488309511540517160e+00
8.447194719471937674e-01 -3.489637747780056642e+00
8.453245324532447924e-01 -3.490968067825552357e+00
8.459295929592958174e-01 -3.492300476234030171e+00
8.465346534653459543e-01 -3.493634977562517285e+00
8.471397139713969793e-01 -3.494971576368046229e+00
8.477447744774471161e-01 -3.496310277207640205e+00
8.483498349834981411e-01 -3.497651084638332186e+00
8.489548954895482780e-01 -3.498994003217146709e+00
8.495599559955993030e-01 -3.500339037501115858e+00
8.501650165016494398e-01 -3.501686192047264168e+00
8.507700770077004648e-01 -3.503035471412624169e+00
8.513751375137506017e-01 -3.504386880154219952e+00
8.519801980198016267e-01 -3.505740422829083158e+00
8.525852585258517635e-01 -3.507096103994239211e+00
8.531903190319027885e-01 -3.508453928206719752e+00
8.537953795379529254e-01 -3.509813900023548872e+00
8.544004400440039504e-01 -3.511176024001760876e+00
8.550055005500540872e-01 -3.512540304698377636e+00
8.556105610561051122e-01 -3.513906746670433012e+00
8.562156215621561373e-01 -3.515275354474953318e+00
8.568206820682062741e-01 -3.516646132668963975e+00
8.574257425742572991e-01 -3.518019085809498403e+00
8.580308030803074359e-01 -3.519394218453579803e+00
8.586358635863584610e-01 -3.520771535158241150e+00
8.592409240924085978e-01 -3.522151040480506534e+00
8.598459845984596228e-01 -3.523532738977408929e+00
8.604510451045097597e-01 -3.524916635205971982e+00
8.610561056105607847e-01 -3.526302733723229554e+00
8.616611661166109215e-01 -3.527691039086203961e+00
8.622662266226619465e-01 -3.529081555851928176e+00
8.628712871287120834e-01 -3.530474288577426734e+00
8.634763476347631084e-01 -3.531869241819731720e+00
8.640814081408132452e-01 -3.533266420135868113e+00
8.646864686468642702e-01 -3.534665828082868000e+00
8.652915291529144071e-01 -3.536067470217755915e+00
8.658965896589654321e-01 -3.537471351097562611e+00
8.665016501650155689e-01 -3.538877475279315288e+00
8.671067106710665939e-01 -3.540285847320043811e+00
8.677117711771176189e-01 -3.541696471776775823e+00
8.683168316831677558e-01 -3.543109353206537637e+00
8.689218921892187808e-01 -3.544524496166360894e+00
8.695269526952689176e-01 -3.545941905213270573e+00
8.701320132013199427e-01 -3.547361584904298315e+00
8.707370737073700795e-01 -3.548783539796468212e+00
8.713421342134211045e-01 -3.550207774446815456e+00
8.719471947194712413e-01 -3.551634293412361032e+00
8.725522552255222664e-01 -3.553063101250137912e+00
8.731573157315724032e-01 -3.554494202517171964e+00
8.737623762376234282e-01 -3.555927601770494828e+00
8.743674367436735650e-01 -3.557363303567129709e+00
8.749724972497245901e-01 -3.558801312464110467e+00
8.755775577557747269e-01 -3.560241633018461194e+00
8.761826182618257519e-01 -3.561684269787213086e+00
8.767876787678758888e-01 -3.563129227327392456e+00
8.773927392739269138e-01 -3.564576510196028725e+00
8.779977997799770506e-01 -3.566026122950148647e+00
8.786028602860280756e-01 -3.567478070146785196e+00
8.792079207920791006e-01 -3.568932356342963352e+00
8.798129812981292375e-01 -3.570388986095707651e+00
8.804180418041802625e-01 -3.571847963962055061e+00
8.810231023102303993e-01 -3.573309294499025235e+00
8.816281628162814243e-01 -3.574772982263652921e+00
8.822332233223315612e-01 -3.576239031812962654e+00
8.828382838283825862e-01 -3.577707447703986077e+00
8.834433443344327230e-01 -3.579178234493746835e+00
8.840484048404837480e-01 -3.580651396739279235e+00
8.846534653465338849e-01 -3.582126938997605592e+00
8.852585258525849099e-01 -3.583604865825759767e+00
8.858635863586350467e-01 -3.585085181780764962e+00
8.864686468646860718e-01 -3.586567891419655041e+00
8.870737073707362086e-01 -3.588052999299452317e+00
8.876787678767872336e-01 -3.589540509977190652e+00
8.882838283828373704e-01 -3.591030428009892805e+00
8.888888888888883955e-01 -3.592522757954594859e+00
8.894939493949385323e-01 -3.594017504368316462e+00
8.900990099009895573e-01 -3.595514671808092810e+00
8.907040704070405823e-01 -3.597014264830948438e+00
8.913091309130907192e-01 -3.598516287993911433e+00
8.919141914191417442e-01 -3.600020745854014770e+00
8.925192519251918810e-01 -3.601527642968279430e+00
8.931243124312429060e-01 -3.603036983893741496e+00
8.937293729372930429e-01 -3.604548773187422839e+00
8.943344334433440679e-01 -3.606063015406355987e+00
8.949394939493942047e-01 -3.607579715107566365e+00
8.955445544554452297e-01 -3.609098876848086501e+00
8.961496149614953666e-01 -3.610620505184939599e+00
8.967546754675463916e-01 -3.612144604675158188e+00
8.973597359735965284e-01 -3.613671179875766359e+00
8.979647964796475534e-01 -3.615200235343798862e+00
8.985698569856976903e-01 -3.616731775636276680e+00
8.991749174917487153e-01 -3.618265805310235450e+00
8.997799779977988521e-01 -3.619802328922696155e+00
9.003850385038498771e-01 -3.621341350677476534e+00
9.009900990099009022e-01 -3.622882870185531345e+00
9.015951595159510390e-01 -3.624426883845910830e+00
9.022002200220020640e-01 -3.625973387991762831e+00
9.028052805280522009e-01 -3.627522378956227644e+00
9.034103410341032259e-01 -3.629073853072455336e+00
9.040154015401533627e-01 -3.630627806673583979e+00
9.046204620462043877e-01 -3.632184236092763197e+00
9.052255225522545246e-01 -3.633743137663134615e+00
9.058305830583055496e-01 -3.635304507717844746e+00
9.064356435643556864e-01 -3.636868342590035219e+00
9.070407040704067114e-01 -3.638434638612856098e+00
9.076457645764568483e-01 -3.640003392119443681e+00
9.082508250825078733e-01 -3.641574599442951587e+00
9.088558855885580101e-01 -3.643148256916515670e+00
9.094609460946090351e-01 -3.644724360873287772e+00
9.100660066006591720e-01 -3.646302907646406855e+00
9.106710671067101970e-01 -3.647883893569022096e+00
9.112761276127603338e-01 -3.649467314974274235e+00
9.118811881188113588e-01 -3.651053168195310228e+00
9.124862486248623838e-01 -3.652641449565273923e+00
9.130913091309125207e-01 -3.654232155417307393e+00
9.136963696369635457e-01 -3.655825282084559369e+00
9.143014301430136825e-01 -3.657420825900170591e+00
9.149064906490647076e-01 -3.659018783197288904e+00
9.155115511551148444e-01 -3.660619150309055492e+00
9.161166116611658694e-01 -3.662221923568617754e+00
9.167216721672160062e-01 -3.663827099309117763e+00
9.173267326732670313e-01 -3.665434673863704251e+00
9.179317931793171681e-01 -3.667044643565515294e+00
9.185368536853681931e-01 -3.668657004747701400e+00
9.191419141914183299e-01 -3.670271753743402421e+00
9.197469746974693550e-01 -3.671888886885766645e+00
9.203520352035194918e-01 -3.673508400507935256e+00
9.209570957095705168e-01 -3.675130290943055655e+00
9.215621562156206537e-01 -3.676754554524270802e+00
9.221672167216716787e-01 -3.678381187584726764e+00
9.227722772277218155e-01 -3.680010186457564281e+00
9.233773377337728405e-01 -3.681641547475934306e+00
9.239823982398238655e-01 -3.683275266972976691e+00
9.245874587458740024e-01 -3.684911341281833508e+00
9.251925192519250274e-01 -3.686549766735656153e+00
9.257975797579751642e-01 -3.688190539667581369e+00
9.264026402640261892e-01 -3.689833656410761886e+00
9.270077007700763261e-01 -3.691479113298335335e+00
9.276127612761273511e-01 -3.693126906663450448e+00
9.282178217821774879e-01 -3.694777032839249298e+00
9.288228822882285129e-01 -3.696429488158879728e+00
9.294279427942786498e-01 -3.698084268955481146e+00
9.300330033003296748e-01 -3.699741371562202730e+00
9.306380638063798116e-01 -3.701400792312186105e+00
9.312431243124308367e-01 -3.703062527538577786e+00
9.318481848184809735e-01 -3.704726573574519399e+00
9.324532453245319985e-01 -3.706392926753160566e+00
9.330583058305821353e-01 -3.708061583407640249e+00
9.336633663366331604e-01 -3.709732539871106294e+00
9.342684268426832972e-01 -3.711405792476700327e+00
9.348734873487343222e-01 -3.713081337557571970e+00
9.354785478547853472e-01 -3.714759171446862407e+00
9.360836083608354841e-01 -3.716439290477713708e+00
9.366886688668865091e-01 -3.718121690983275052e+00
9.372937293729366459e-01 -3.719806369296686288e+00
9.378987898789876709e-01 -3.721493321751097927e+00
9.385038503850378078e-01 -3.723182544679647155e+00
9.391089108910888328e-01 -3.724874034415486257e+00
9.397139713971389696e-01 -3.726567787291753753e+00
9.403190319031899946e-01 -3.728263799641597043e+00
9.409240924092401315e-01 -3.729962067798158643e+00
9.415291529152911565e-01 -3.731662588094585953e+00
9.421342134213412933e-01 -3.733365356864019269e+00
9.427392739273923183e-01 -3.735070370439610432e+00
9.433443344334424552e-01 -3.736777625154493965e+00
9.439493949394934802e-01 -3.738487117341824373e+00
9.445544554455436170e-01 -3.740198843334737511e+00
9.451595159515946420e-01 -3.741912799466384776e+00
9.457645764576456671e-01 -3.743628982069907796e+00
9.463696369636958039e-01 -3.745347387478448198e+00
9.469746974697468289e-01 -3.747068012025156047e+00
9.475797579757969658e-01 -3.748790852043170307e+00
9.481848184818479908e-01 -3.750515903865641487e+00
9.487898789878981276e-01 -3.752243163825707217e+00
9.493949394939491526e-01 -3.753972628256520228e+00
9.499999999999992895e-01 -3.755704293491216372e+00
9.506050605060503145e-01 -3.757438155862947049e+00
9.512101210121004513e-01 -3.759174211704851665e+00
9.518151815181514763e-01 -3.760912457350079841e+00
9.524202420242016132e-01 -3.762652889131770539e+00
9.530253025302526382e-01 -3.764395503383074271e+00
9.536303630363027750e-01 -3.766140296437129109e+00
9.542354235423538000e-01 -3.767887264627084676e+00
9.548404840484039369e-01 -3.769636404286082154e+00
9.554455445544549619e-01 -3.771387711747271165e+00
9.560506050605050987e-01 -3.773141183343788452e+00
9.566556655665561237e-01 -3.774896815408785411e+00
9.572607260726071488e-01 -3.776654604275403670e+00
9.578657865786572856e-01 -3.778414546276785746e+00
9.584708470847083106e-01 -3.780176637746081258e+00
9.590759075907584474e-01 -3.781940875016429171e+00
9.596809680968094725e-01 -3.783707254420978661e+00
9.602860286028596093e-01 -3.785475772292868690e+00
9.608910891089106343e-01 -3.787246424965251990e+00
9.614961496149607711e-01 -3.789019208771264857e+00
9.621012101210117962e-01 -3.790794120044057358e+00
9.627062706270619330e-01 -3.792571155116769788e+00
9.633113311331129580e-01 -3.794350310322550879e+00
9.639163916391630949e-01 -3.796131581994541815e+00
9.645214521452141199e-01 -3.797914966465889108e+00
9.651265126512642567e-01 -3.799700460069735275e+00
9.657315731573152817e-01 -3.801488059139229048e+00
9.663366336633654186e-01 -3.803277760007508945e+00
9.669416941694164436e-01 -3.805069559007725033e+00
9.675467546754665804e-01 -3.806863452473016274e+00
9.681518151815176054e-01 -3.808659436736533177e+00
9.687568756875686304e-01 -3.810457508131417814e+00
9.693619361936187673e-01 -3.812257662990810925e+00
9.699669966996697923e-01 -3.814059897647862574e+00
9.705720572057199291e-01 -3.815864208435713500e+00
9.711771177117709541e-01 -3.817670591687511106e+00
9.717821782178210910e-01 -3.819479043736397017e+00
9.723872387238721160e-01 -3.821289560915519079e+00
9.729922992299222528e-01 -3.823102139558018031e+00
9.735973597359732779e-01 -3.824916775997042162e+00
9.742024202420234147e-01 -3.826733466565731767e+00
9.748074807480744397e-01 -3.828552207597236912e+00
9.754125412541245765e-01 -3.830372995424696114e+00
9.760176017601756016e-01 -3.832195826381258996e+00
9.766226622662257384e-01 -3.834020696800064965e+00
9.772277227722767634e-01 -3.835847603014264084e+00
9.778327832783269002e-01 -3.837676541356996207e+00
9.784378437843779253e-01 -3.839507508161410065e+00
9.790429042904289503e-01 -3.841340499760647731e+00
9.796479647964790871e-01 -3.843175512487851719e+00
9.802530253025301121e-01 -3.845012542676171652e+00
9.808580858085802490e-01 -3.846851586658745159e+00
9.814631463146312740e-01 -3.848692640768724083e+00
9.820682068206814108e-01 -3.850535701339247385e+00
9.826732673267324358e-01 -3.852380764703463800e+00
9.832783278327825727e-01 -3.854227827194513178e+00
9.838833883388335977e-01 -3.856076885145545141e+00
9.844884488448837345e-01 -3.857927934889699539e+00
9.850935093509347595e-01 -3.859780972760124218e+00
9.856985698569848964e-01 -3.861635995089962581e+00
9.863036303630359214e-01 -3.863492998212359364e+00
9.869086908690860582e-01 -3.865351978460457083e+00
9.875137513751370832e-01 -3.867212932167404471e+00
9.881188118811872201e-01 -3.869075855666341379e+00
9.887238723872382451e-01 -3.870940745290416540e+00
9.893289328932883819e-01 -3.872807597372770250e+00
9.899339933993394069e-01 -3.874676408246551684e+00
9.905390539053904320e-01 -3.876547174244902916e+00
9.911441144114405688e-01 -3.878419891700965128e+00
9.917491749174915938e-01 -3.880294556947889273e+00
9.923542354235417307e-01 -3.882171166318814315e+00
9.929592959295927557e-01 -3.884049716146889430e+00
9.935643564356428925e-01 -3.885930202765254471e+00
9.941694169416939175e-01 -3.887812622507059945e+00
9.947744774477440544e-01 -3.889696971705443485e+00
9.953795379537950794e-01 -3.891583246693554266e+00
9.959845984598452162e-01 -3.893471443804533472e+00
9.965896589658962412e-01 -3.895361559371531612e+00
9.971947194719463781e-01 -3.897253589727683654e+00
9.977997799779974031e-01 -3.899147531206144102e+00
9.984048404840475399e-01 -3.901043380140049699e+00
9.990099009900985649e-01 -3.902941132862551843e+00
9.996149614961487018e-01 -3.904840785706788164e+00
1.000220022002199727e+00 -3.906742335042602043e+00
1.000825082508249864e+00 -3.908645779028034895e+00
1.001430143014300889e+00 -3.910551118378179147e+00
1.002035203520351914e+00 -3.912458354004769046e+00
1.002640264026402050e+00 -3.914367486819542385e+00
1.003245324532453076e+00 -3.916278517734240516e+00
1.003850385038503212e+00 -3.918191447660600346e+00
1.004455445544554237e+00 -3.920106277510362336e+00
1.005060506050604374e+00 -3.922023008195262062e+00
1.005665566556655399e+00 -3.923941640627043981e+00
1.006270627062705536e+00 -3.925862175717437896e+00
1.006875687568756561e+00 -3.927784614378189154e+00
1.007480748074806698e+00 -3.929708957521031554e+00
1.008085808580857723e+00 -3.931635206057709553e+00
1.008690869086907860e+00 -3.933563360899954287e+00
1.009295929592958885e+00 -3.935493422959512877e+00
1.009900990099009022e+00 -3.937425393148114683e+00
1.010506050605060047e+00 -3.939359272377505938e+00
1.011111111111110183e+00 -3.941295061559419999e+00
1.011716171617161208e+00 -3.943232761605598657e+00
1.012321232123211345e+00 -3.945172373427776602e+00
1.012926292629262370e+00 -3.947113897937698734e+00
1.013531353135313395e+00 -3.949057336047097522e+00
1.014136413641363532e+00 -3.951002688667712981e+00
1.014741474147414557e+00 -3.952949956711286905e+00
1.015346534653464694e+00 -3.954899141089551318e+00
1.015951595159515719e+00 -3.956850242714251564e+00
1.016556655665565856e+00 -3.958803262497121889e+00
1.017161716171616881e+00 -3.960758201349904528e+00
1.017766776677667018e+00 -3.962715060184331506e+00
1.018371837183718043e+00 -3.964673839912149500e+00
1.018976897689768180e+00 -3.966634541445090534e+00
1.019581958195819205e+00 -3.968597165694898177e+00
1.020187018701869341e+00 -3.970561713573304452e+00
1.020792079207920366e+00 -3.972528185992056482e+00
1.021397139713970503e+00 -3.974496583862884957e+00
1.022002200220021528e+00 -3.976466908097533892e+00
1.022607260726071665e+00 -3.978439159607736642e+00
1.023212321232122690e+00 -3.980413339305238107e+00
1.023817381738173715e+00 -3.982389448101774310e+00
1.024422442244223852e+00 -3.984367486909077272e+00
1.025027502750274877e+00 -3.986347456638896336e+00
1.025632563256325014e+00 -3.988329358202960417e+00
1.026237623762376039e+00 -3.990313192513016194e+00
1.026842684268426176e+00 -3.992298960480794801e+00
1.027447744774477201e+00 -3.994286663018041583e+00
1.028052805280527338e+00 -3.996276301036490342e+00
1.028657865786578363e+00 -3.998267875447881980e+00
1.029262926292628499e+00 -4.000261387163952520e+00
1.029867986798679524e+00 -4.002256837096444642e+00
1.030473047304729661e+00 -4.004254226157091701e+00
1.031078107810780686e+00 -4.006253555257636378e+00
1.031683168316830823e+00 -4.008254825309814251e+00
1.032288228822881848e+00 -4.010258037225368000e+00
1.032893289328931985e+00 -4.012263191916029648e+00
1.033498349834983010e+00 -4.014270290293545429e+00
1.034103410341033147e+00 -4.016279333269646479e+00
1.034708470847084172e+00 -4.018290321756078143e+00
1.035313531353135197e+00 -4.020303256664575997e+00
1.035918591859185334e+00 -4.022318138906873841e+00
1.036523652365236359e+00 -4.024334969394719685e+00
1.037128712871286496e+00 -4.026353749039842000e+00
1.037733773377337521e+00 -4.028374478753987908e+00
1.038338833883387657e+00 -4.030397159448888544e+00
1.038943894389438682e+00 -4.032421792036291031e+00
1.039548954895488819e+00 -4.034448377427924726e+00
1.040154015401539844e+00 -4.036476916535534976e+00
1.040759075907589981e+00 -4.038507410270854692e+00
1.041364136413641006e+00 -4.040539859545629220e+00
1.041969196919691143e+00 -4.042574265271589695e+00
1.042574257425742168e+00 -4.044610628360482352e+00
1.043179317931792305e+00 -4.046648949724038324e+00
1.043784378437843330e+00 -4.048689230274002071e+00
1.044389438943893467e+00 -4.050731470922107391e+00
1.044994499449944492e+00 -4.052775672580096966e+00
1.045599559955994629e+00 -4.054821836159703707e+00
1.046204620462045654e+00 -4.056869962572675625e+00
1.046809680968096679e+00 -4.058920052730742967e+00
1.047414741474146815e+00 -4.060972107545643972e+00
1.048019801980197840e+00 -4.063026127929122211e+00
1.048624862486247977e+00 -4.065082114792911483e+00
1.049229922992299002e+00 -4.067140069048755358e+00
1.049834983498349139e+00 -4.069199991608388522e+00
1.050440044004400164e+00 -4.071261883383552771e+00
1.051045104510450301e+00 -4.073325745285980126e+00
1.051650165016501326e+00 -4.075391578227416822e+00
1.052255225522551463e+00 -4.077459383119595770e+00
1.052860286028602488e+00 -4.079529160874261429e+00
1.053465346534652625e+00 -4.081600912403144932e+00
1.054070407040703650e+00 -4.083674638617991626e+00
1.054675467546753787e+00 -4.085750340430533534e+00
1.055280528052804812e+00 -4.087828018752517778e+00
1.055885588558854948e+00 -4.089907674495671941e+00
1.056490649064905973e+00 -4.091989308571745809e+00
1.057095709570956110e+00 -4.094072921892467853e+00
1.057700770077007135e+00 -4.096158515369584308e+00
1.058305830583058160e+00 -4.098246089914830748e+00
1.058910891089108297e+00 -4.100335646439942749e+00
1.059515951595159322e+00 -4.102427185856664771e+00
1.060121012101209459e+00 -4.104520709076727947e+00
1.060726072607260484e+00 -4.106616217011879399e+00
1.061331133113310621e+00 -4.108713710573849376e+00
1.061936193619361646e+00 -4.110813190674384998e+00
1.062541254125411783e+00 -4.112914658225215625e+00
1.063146314631462808e+00 -4.115018114138087491e+00
1.063751375137512944e+00 -4.117123559324732618e+00
1.064356435643563970e+00 -4.119230994696897241e+00
1.064961496149614106e+00 -4.121340421166310719e+00
1.065566556655665131e+00 -4.123451839644721062e+00
1.066171617161715268e+00 -4.125565251043857629e+00
1.066776677667766293e+00 -4.127680656275467541e+00
1.067381738173816430e+00 -4.129798056251281935e+00
1.067986798679867455e+00 -4.131917451883046155e+00
1.068591859185918480e+00 -4.134038844082493114e+00
1.069196919691968617e+00 -4.136162233761361939e+00
1.069801980198019642e+00 -4.138287621831395313e+00
1.070407040704069779e+00 -4.140415009204326147e+00
1.071012101210120804e+00 -4.142544396791899786e+00
1.071617161716170941e+00 -4.144675785505846477e+00
1.072222222222221966e+00 -4.146809176257912455e+00
1.072827282728272102e+00 -4.148944569959829742e+00
1.073432343234323127e+00 -4.151081967523342797e+00
1.074037403740373264e+00 -4.153221369860184531e+00
1.074642464246424289e+00 -4.155362777882100289e+00
1.075247524752474426e+00 -4.157506192500821207e+00
1.075852585258525451e+00 -4.159651614628092631e+00
1.076457645764575588e+00 -4.161799045175644807e+00
1.077062706270626613e+00 -4.163948485055225746e+00
1.077667766776676750e+00 -4.166099935178565694e+00
1.078272827282727775e+00 -4.168253396457411775e+00
1.078877887788777912e+00 -4.170408869803491569e+00
1.079482948294828937e+00 -4.172566356128554865e+00
1.080088008800879962e+00 -4.174725856344333685e+00
1.080693069306930099e+00 -4.176887371362566270e+00
1.081298129812981124e+00 -4.179050902094994413e+00
1.081903190319031260e+00 -4.181216449453352801e+00
1.082508250825082285e+00 -4.183384014349384117e+00
1.083113311331132422e+00 -4.185553597694823047e+00
1.083718371837183447e+00 -4.187725200401413161e+00
1.084323432343233584e+00 -4.189898823380884707e+00
1.084928492849284609e+00 -4.192074467544985694e+00
1.085533553355334746e+00 -4.194252133805446370e+00
1.086138613861385771e+00 -4.196431823074012968e+00
1.086743674367435908e+00 -4.198613536262417512e+00
1.087348734873486933e+00 -4.200797274282402682e+00
1.087953795379537070e+00 -4.202983038045703168e+00
1.088558855885588095e+00 -4.205170828464063426e+00
1.089163916391638232e+00 -4.207360646449214592e+00
1.089768976897689257e+00 -4.209552492912903787e+00
1.090374037403739393e+00 -4.211746368766860371e+00
1.090979097909790418e+00 -4.213942274922829689e+00
1.091584158415841443e+00 -4.216140212292548206e+00
1.092189218921891580e+00 -4.218340181787750609e+00
1.092794279427942605e+00 -4.220542184320184020e+00
1.093399339933992742e+00 -4.222746220801576911e+00
1.094004400440043767e+00 -4.224952292143677290e+00
1.094609460946093904e+00 -4.227160399258212742e+00
1.095214521452144929e+00 -4.229370543056933940e+00
1.095819581958195066e+00 -4.231582724451569355e+00
1.096424642464246091e+00 -4.233796944353867886e+00
1.097029702970296228e+00 -4.236013203675556227e+00
1.097634763476347253e+00 -4.238231503328381500e+00
1.098239823982397390e+00 -4.240451844224076616e+00
1.098844884488448415e+00 -4.242674227274386034e+00
1.099449944994498551e+00 -4.244898653391041776e+00
1.100055005500549576e+00 -4.247125123485789189e+00
1.100660066006599713e+00 -4.249353638470361183e+00
1.101265126512650738e+00 -4.251584199256500440e+00
1.101870187018701763e+00 -4.253816806755944313e+00
1.102475247524751900e+00 -4.256051461880426601e+00
1.103080308030802925e+00 -4.258288165541692649e+00
1.103685368536853062e+00 -4.260526918651475370e+00
1.104290429042904087e+00 -4.262767722121519220e+00
1.104895489548954224e+00 -4.265010576863555336e+00
1.105500550055005249e+00 -4.267255483789330839e+00
1.106105610561055386e+00 -4.269502443810575087e+00
1.106710671067106411e+00 -4.271751457839036092e+00
1.107315731573156548e+00 -4.274002526786443212e+00
1.107920792079207573e+00 -4.276255651564544458e+00
1.108525852585257709e+00 -4.278510833085068299e+00
1.109130913091308734e+00 -4.280768072259761858e+00
1.109735973597358871e+00 -4.283027370000357159e+00
1.110341034103409896e+00 -4.285288727218596883e+00
1.110946094609460033e+00 -4.287552144826218381e+00
1.111551155115511058e+00 -4.289817623734961671e+00
1.112156215621561195e+00 -4.292085164856560553e+00
1.112761276127612220e+00 -4.294354769102760372e+00
1.113366336633663245e+00 -4.296626437385294039e+00
1.113971397139713382e+00 -4.298900170615900684e+00
1.114576457645764407e+00 -4.301175969706323876e+00
1.115181518151814544e+00 -4.303453835568293862e+00
1.115786578657865569e+00 -4.305733769113557763e+00
1.116391639163915706e+00 -4.308015771253845827e+00
1.116996699669966731e+00 -4.310299842900904288e+00
1.117601760176016867e+00 -4.312585984966465169e+00
1.118206820682067892e+00 -4.314874198362273816e+00
1.118811881188118029e+00 -4.317164484000060476e+00
1.119416941694169054e+00 -4.319456842791573159e+00
1.120022002200219191e+00 -4.321751275648543000e+00
1.120627062706270216e+00 -4.324047783482710905e+00
1.121232123212320353e+00 -4.326346367205815113e+00
1.121837183718371378e+00 -4.328647027729594754e+00
1.122442244224421515e+00 -4.330949765965787179e+00
1.123047304730472540e+00 -4.333254582826134182e+00
1.123652365236522677e+00 -4.335561479222370451e+00
1.124257425742573702e+00 -4.337870456066236891e+00
1.124862486248624727e+00 -4.340181514269470853e+00
1.125467546754674864e+00 -4.342494654743809690e+00
1.126072607260725889e+00 -4.344809878400995196e+00
1.126677667766776025e+00 -4.347127186152762945e+00
1.127282728272827050e+00 -4.349446578910853844e+00
1.127887788778877187e+00 -4.351768057587003469e+00
1.128492849284928212e+00 -4.354091623092953611e+00
1.129097909790978349e+00 -4.356417276340438960e+00
1.129702970297029374e+00 -4.358745018241203084e+00
1.130308030803079511e+00 -4.361074849706978895e+00
1.130913091309130536e+00 -4.363406771649510851e+00
1.131518151815180673e+00 -4.365740784980530975e+00
1.132123212321231698e+00 -4.368076890611784613e+00
1.132728272827281835e+00 -4.370415089455003788e+00
1.133333333333332860e+00 -4.372755382421933845e+00
1.133938393839382996e+00 -4.375097770424306809e+00
1.134543454345434021e+00 -4.377442254373864472e+00
1.135148514851484158e+00 -4.379788835182345075e+00
1.135753575357535183e+00 -4.382137513761486858e+00
1.136358635863586208e+00 -4.384488291023031614e+00
1.136963696369636345e+00 -4.386841167878708703e+00
1.137568756875687370e+00 -4.389196145240267910e+00
1.138173817381737507e+00 -4.391553224019438595e+00
1.138778877887788532e+00 -4.393912405127966991e+00
1.139383938393838669e+00 -4.396273689477582458e+00
1.139988998899889694e+00 -4.398637077980033894e+00
1.140594059405939831e+00 -4.401002571547050657e+00
1.141199119911990856e+00 -4.403370171090380758e+00
1.141804180418040993e+00 -4.405739877521752668e+00
1.142409240924092018e+00 -4.408111691752912620e+00
1.143014301430142154e+00 -4.410485614695593526e+00
1.143619361936193179e+00 -4.412861647261539844e+00
1.144224422442243316e+00 -4.415239790362482708e+00
1.144829482948294341e+00 -4.417620044910168353e+00
1.145434543454344478e+00 -4.420002411816329690e+00
1.146039603960395503e+00 -4.422386891992711178e+00
1.146644664466446528e+00 -4.424773486351043950e+00
1.147249724972496665e+00 -4.427162195803068023e+00
1.147854785478547690e+00 -4.429553021260527856e+00
1.148459845984597827e+00 -4.431945963635155472e+00
1.149064906490648852e+00 -4.434341023838694440e+00
1.149669966996698989e+00 -4.436738202782876783e+00
1.150275027502750014e+00 -4.439137501379449624e+00
1.150880088008800151e+00 -4.441538920540144098e+00
1.151485148514851176e+00 -4.443942461176702885e+00
1.152090209020901312e+00 -4.446348124200861562e+00
1.152695269526952337e+00 -4.448755910524363699e+00
1.153300330033002474e+00 -4.451165821058938654e+00
1.153905390539053499e+00 -4.453577856716335326e+00
1.154510451045103636e+00 -4.455992018408285738e+00
1.155115511551154661e+00 -4.458408307046531682e+00
1.155720572057204798e+00 -4.460826723542806960e+00
1.156325632563255823e+00 -4.463247268808859580e+00
1.156930693069305960e+00 -4.465669943756417126e+00
1.157535753575356985e+00 -4.468094749297224055e+00
1.158140814081408010e+00 -4.470521686343019496e+00
1.158745874587458147e+00 -4.472950755805536360e+00
1.159350935093509172e+00 -4.475381958596521770e+00
1.159955995599559309e+00 -4.477815295627705972e+00
1.160561056105610334e+00 -4.480250767810833423e+00
1.161166116611660470e+00 -4.482688376057636148e+00
1.161771177117711495e+00 -4.485128121279862157e+00
1.162376237623761632e+00 -4.487570004389239031e+00
1.162981298129812657e+00 -4.490014026297515670e+00
1.163586358635862794e+00 -4.492460187916423209e+00
1.164191419141913819e+00 -4.494908490157706105e+00
1.164796479647963956e+00 -4.497358933933096381e+00
1.165401540154014981e+00 -4.499811520154336719e+00
1.166006600660065118e+00 -4.502266249733163583e+00
1.166611661166116143e+00 -4.504723123581317878e+00
1.167216721672166280e+00 -4.507182142610535180e+00
1.167821782178217305e+00 -4.509643307732559947e+00
1.168426842684267442e+00 -4.512106619859121537e+00
1.169031903190318467e+00 -4.514572079901966184e+00
1.169636963696369492e+00 -4.517039688772831241e+00
1.170242024202419628e+00 -4.519509447383448730e+00
1.170847084708470653e+00 -4.521981356645565775e+00
1.171452145214520790e+00 -4.524455417470914398e+00
1.172057205720571815e+00 -4.526931630771239945e+00
1.172662266226621952e+00 -4.529409997458271775e+00
1.173267326732672977e+00 -4.531890518443757898e+00
1.173872387238723114e+00 -4.534373194639429450e+00
1.174477447744774139e+00 -4.536858026957031775e+00
1.175082508250824276e+00 -4.539345016308294234e+00
1.175687568756875301e+00 -4.541834163604965724e+00
1.176292629262925438e+00 -4.544325469758775604e+00
1.176897689768976463e+00 -4.546818935681470997e+00
1.177502750275026600e+00 -4.549314562284782149e+00
1.178107810781077625e+00 -4.551812350480454405e+00
1.178712871287127761e+00 -4.554312301180219791e+00
1.179317931793178786e+00 -4.556814415295824539e+00
1.179922992299228923e+00 -4.559318693739000672e+00
1.180528052805279948e+00 -4.561825137421490872e+00
1.181133113311330973e+00 -4.564333747255032492e+00
1.181738173817381110e+00 -4.566844524151359330e+00
1.182343234323432135e+00 -4.569357469022219398e+00
1.182948294829482272e+00 -4.571872582779340277e+00
1.183553355335533297e+00 -4.574389866334470867e+00
1.184158415841583434e+00 -4.576909320599340525e+00
1.184763476347634459e+00 -4.579430946485694598e+00
1.185368536853684596e+00 -4.581954744905265997e+00
1.185973597359735621e+00 -4.584480716769801845e+00
1.186578657865785758e+00 -4.587008862991030611e+00
1.187183718371836783e+00 -4.589539184480699419e+00
1.187788778877886919e+00 -4.592071682150538514e+00
1.188393839383937944e+00 -4.594606356912294132e+00
1.188998899889988081e+00 -4.597143209677699183e+00
1.189603960396039106e+00 -4.599682241358497237e+00
1.190209020902089243e+00 -4.602223452866420317e+00
1.190814081408140268e+00 -4.604766845113214657e+00
1.191419141914191293e+00 -4.607312419010614946e+00
1.192024202420241430e+00 -4.609860175470354982e+00
1.192629262926292455e+00 -4.612410115404180999e+00
1.193234323432342592e+00 -4.614962239723826798e+00
1.193839383938393617e+00 -4.617516549341034171e+00
1.194444444444443754e+00 -4.620073045167537806e+00
1.195049504950494779e+00 -4.622631728115079497e+00
1.195654565456544915e+00 -4.625192599095395707e+00
1.196259625962595941e+00 -4.627755659020228229e+00
1.196864686468646077e+00 -4.630320908801309976e+00
1.197469746974697102e+00 -4.632888349350386292e+00
1.198074807480747239e+00 -4.635457981579190090e+00
1.198679867986798264e+00 -4.638029806399463162e+00
1.199284928492848401e+00 -4.640603824722940196e+00
1.199889988998899426e+00 -4.643180037461364762e+00
1.200495049504949563e+00 -4.645758445526471547e+00
1.201100110011000588e+00 -4.648339049830003233e+00
1.201705170517050725e+00 -4.650921851283690955e+00
1.202310231023101750e+00 -4.653506850799283612e+00
1.202915291529152775e+00 -4.656094049288512338e+00
1.203520352035202912e+00 -4.658683447663113597e+00
1.204125412541253937e+00 -4.661275046834835400e+00
1.204730473047304073e+00 -4.663868847715404442e+00
1.205335533553355098e+00 -4.666464851216571397e+00
1.205940594059405235e+00 -4.669063058250064735e+00
1.206545654565456260e+00 -4.671663469727628026e+00
1.207150715071506397e+00 -4.674266086560996847e+00
1.207755775577557422e+00 -4.676870909661915654e+00
1.208360836083607559e+00 -4.679477939942114695e+00
1.208965896589658584e+00 -4.682087178313341980e+00
1.209570957095708721e+00 -4.684698625687324203e+00
1.210176017601759746e+00 -4.687312282975812039e+00
1.210781078107809883e+00 -4.689928151090535735e+00
1.211386138613860908e+00 -4.692546230943238861e+00
1.211991199119911045e+00 -4.695166523445653439e+00
1.212596259625962070e+00 -4.697789029509526593e+00
1.213201320132012206e+00 -4.700413750046590344e+00
1.213806380638063231e+00 -4.703040685968586487e+00
1.214411441144114256e+00 -4.705669838187254150e+00
1.215016501650164393e+00 -4.708301207614326245e+00
1.215621562156215418e+00 -4.710934795161548116e+00
1.216226622662265555e+00 -4.713570601740651789e+00
1.216831683168316580e+00 -4.716208628263384384e+00
1.217436743674366717e+00 -4.718848875641474372e+00
1.218041804180417742e+00 -4.721491344786668876e+00
1.218646864686467879e+00 -4.724136036610698142e+00
1.219251925192518904e+00 -4.726782952025311957e+00
1.219856985698569041e+00 -4.729432091942237015e+00
1.220462046204620066e+00 -4.732083457273220439e+00
1.221067106710670203e+00 -4.734737048929994252e+00
1.221672167216721228e+00 -4.737392867824304687e+00
1.222277227722771364e+00 -4.740050914867880216e+00
1.222882288228822389e+00 -4.742711190972470625e+00
1.223487348734872526e+00 -4.745373697049803496e+00
1.224092409240923551e+00 -4.748038434011627729e+00
1.224697469746974576e+00 -4.750705402769675345e+00
1.225302530253024713e+00 -4.753374604235683698e+00
1.225907590759075738e+00 -4.756046039321395469e+00
1.226512651265125875e+00 -4.758719708938547122e+00
1.227117711771176900e+00 -4.761395613998878673e+00
1.227722772277227037e+00 -4.764073755414123923e+00
1.228327832783278062e+00 -4.766754134096029993e+00
1.228932893289328199e+00 -4.769436750956326243e+00
1.229537953795379224e+00 -4.772121606906758906e+00
1.230143014301429361e+00 -4.774808702859060006e+00
1.230748074807480386e+00 -4.777498039724974888e+00
1.231353135313530522e+00 -4.780189618416233799e+00
1.231958195819581547e+00 -4.782883439844582973e+00
1.232563256325631684e+00 -4.785579504921755323e+00
1.233168316831682709e+00 -4.788277814559495305e+00
1.233773377337732846e+00 -4.790978369669533166e+00
1.234378437843783871e+00 -4.793681171163617805e+00
1.234983498349834008e+00 -4.796386219953477692e+00
1.235588558855885033e+00 -4.799093516950859950e+00
1.236193619361936058e+00 -4.801803063067496602e+00
1.236798679867986195e+00 -4.804514859215125888e+00
1.237403740374037220e+00 -4.807228906305494043e+00
1.238008800880087357e+00 -4.809945205250330424e+00
1.238613861386138382e+00 -4.812663756961380379e+00
1.239218921892188519e+00 -4.815384562350376818e+00
1.239823982398239544e+00 -4.818107622329065975e+00
1.240429042904289680e+00 -4.820832937809174545e+00
1.241034103410340705e+00 -4.823560509702454979e+00
1.241639163916390842e+00 -4.826290338920633083e+00
1.242244224422441867e+00 -4.829022426375458643e+00
1.242849284928492004e+00 -4.831756772978660130e+00
1.243454345434543029e+00 -4.834493379641985555e+00
1.244059405940593166e+00 -4.837232247277162500e+00
1.244664466446644191e+00 -4.839973376795941640e+00
1.245269526952694328e+00 -4.842716769110050556e+00
1.245874587458745353e+00 -4.845462425131236373e+00
1.246479647964795490e+00 -4.848210345771231999e+00
1.247084708470846515e+00 -4.850960531941777454e+00
1.247689768976897540e+00 -4.853712984554615417e+00
1.248294829482947677e+00 -4.856467704521475248e+00
1.248899889988998702e+00 -4.859224692754105845e+00
1.249504950495048838e+00 -4.861983950164234791e+00
1.250110011001099863e+00 -4.864745477663611872e+00
1.250715071507150000e+00 -4.867509276163968224e+00
1.251320132013201025e+00 -4.870275346577045639e+00
1.251925192519251162e+00 -4.873043689814579693e+00
1.252530253025302187e+00 -4.875814306788313957e+00
1.253135313531352324e+00 -4.878587198409979564e+00
1.253740374037403349e+00 -4.881362365591321861e+00
1.254345434543453486e+00 -4.884139809244074648e+00
1.254950495049504511e+00 -4.886919530279980606e+00
1.255555555555554648e+00 -4.889701529610774422e+00
1.256160616061605673e+00 -4.892485808148198778e+00
1.256765676567655809e+00 -4.895272366803986586e+00
1.257370737073706835e+00 -4.898061206489881414e+00
1.257975797579756971e+00 -4.900852328117618839e+00
1.258580858085807996e+00 -4.903645732598942431e+00
1.259185918591859021e+00 -4.906441420845585988e+00
1.259790979097909158e+00 -4.909239393769285087e+00
1.260396039603960183e+00 -4.912039652281785962e+00
1.261001100110010320e+00 -4.914842197294819748e+00
1.261606160616061345e+00 -4.917647029720130014e+00
1.262211221122111482e+00 -4.920454150469451449e+00
1.262816281628162507e+00 -4.923263560454529397e+00
1.263421342134212644e+00 -4.926075260587093219e+00
1.264026402640263669e+00 -4.928889251778890035e+00
1.264631463146313806e+00 -4.931705534941649205e+00
1.265236523652364831e+00 -4.934524110987120515e+00
1.265841584158414967e+00 -4.937344980827029772e+00
1.266446644664465992e+00 -4.940168145373128539e+00
1.267051705170516129e+00 -4.942993605537143509e+00
1.267656765676567154e+00 -4.945821362230825358e+00
1.268261826182617291e+00 -4.948651416365899003e+00
1.268866886688668316e+00 -4.951483768854114231e+00
1.269471947194719341e+00 -4.954318420607205731e+00
1.270077007700769478e+00 -4.957155372536906413e+00
1.270682068206820503e+00 -4.959994625554966063e+00
1.271287128712870640e+00 -4.962836180573111378e+00
1.271892189218921665e+00 -4.965680038503090366e+00
1.272497249724971802e+00 -4.968526200256634162e+00
1.273102310231022827e+00 -4.971374666745489890e+00
1.273707370737072964e+00 -4.974225438881386019e+00
1.274312431243123989e+00 -4.977078517576069672e+00
1.274917491749174125e+00 -4.979933903741271983e+00
1.275522552255225150e+00 -4.982791598288740076e+00
1.276127612761275287e+00 -4.985651602130203308e+00
1.276732673267326312e+00 -4.988513916177408802e+00
1.277337733773376449e+00 -4.991378541342085917e+00
1.277942794279427474e+00 -4.994245478535984439e+00
1.278547854785477611e+00 -4.997114728670829287e+00
1.279152915291528636e+00 -4.999986292658373799e+00
1.279757975797578773e+00 -5.002860171410343781e+00
1.280363036303629798e+00 -5.005736365838486357e+00
1.280968096809680823e+00 -5.008614876854536213e+00
1.281573157315730960e+00 -5.011495705370228038e+00
1.282178217821781985e+00 -5.014378852297310729e+00
1.282783278327832122e+00 -5.017264318547510982e+00
1.283388338833883147e+00 -5.020152105032577694e+00
1.283993399339933283e+00 -5.023042212664241113e+00
1.284598459845984308e+00 -5.025934642354247472e+00
1.285203520352034445e+00 -5.028829395014326131e+00
1.285808580858085470e+00 -5.031726471556225100e+00
1.286413641364135607e+00 -5.034625872891674625e+00
1.287018701870186632e+00 -5.037527599932422717e+00
1.287623762376236769e+00 -5.040431653590196959e+00
1.288228822882287794e+00 -5.043338034776746248e+00
1.288833883388337931e+00 -5.046246744403799056e+00
1.289438943894388956e+00 -5.049157783383103393e+00
1.290044004400439093e+00 -5.052071152626388617e+00
1.290649064906490118e+00 -5.054986853045402739e+00
1.291254125412540255e+00 -5.057904885551875118e+00
1.291859185918591280e+00 -5.060825251057552876e+00
1.292464246424642305e+00 -5.063747950474171589e+00
1.293069306930692441e+00 -5.066672984713464167e+00
1.293674367436743466e+00 -5.069600354687176846e+00
1.294279427942793603e+00 -5.072530061307040761e+00
1.294884488448844628e+00 -5.075462105484802144e+00
1.295489548954894765e+00 -5.078396488132192133e+00
1.296094609460945790e+00 -5.081333210160958735e+00
1.296699669966995927e+00 -5.084272272482829536e+00
1.297304730473046952e+00 -5.087213676009552543e+00
1.297909790979097089e+00 -5.090157421652857117e+00
1.298514851485148114e+00 -5.093103510324492156e+00
1.299119911991198251e+00 -5.096051942936186130e+00
1.299724972497249276e+00 -5.099002720399686162e+00
1.300330033003299413e+00 -5.101955843576286398e+00
1.300935093509350438e+00 -5.104911312381861244e+00
1.301540154015400574e+00 -5.107869125892606554e+00
1.302145214521451599e+00 -5.110829283155543301e+00
1.302750275027502624e+00 -5.113791783217683573e+00
1.303355335533552761e+00 -5.116756625126040348e+00
1.303960396039603786e+00 -5.119723807927638148e+00
1.304565456545653923e+00 -5.122693330669480183e+00
1.305170517051704948e+00 -5.125665192398595416e+00
1.305775577557755085e+00 -5.128639392161987942e+00
1.306380638063806110e+00 -5.131615929006683174e+00
1.306985698569856247e+00 -5.134594801979686984e+00
1.307590759075907272e+00 -5.137576010128025672e+00
1.308195819581957409e+00 -5.140559552498702445e+00
1.308800880088008434e+00 -5.143545428138744491e+00
1.309405940594058571e+00 -5.146533636095159459e+00
1.310011001100109596e+00 -5.149524175414970095e+00
1.310616061606159732e+00 -5.152517045145181385e+00
1.311221122112210757e+00 -5.155512244332820515e+00
1.311826182618260894e+00 -5.158509772024896023e+00
1.312431243124311919e+00 -5.161509627268425326e+00
1.313036303630362056e+00 -5.164511809110422291e+00
1.313641364136413081e+00 -5.167516316597909665e+00
1.314246424642464106e+00 -5.170523148777896871e+00
1.314851485148514243e+00 -5.173532304697396000e+00
1.315456545654565268e+00 -5.176543783403429799e+00
1.316061606160615405e+00 -5.179557583943008581e+00
1.316666666666666430e+00 -5.182573705363154204e+00
1.317271727172716567e+00 -5.185592146710873429e+00
1.317876787678767592e+00 -5.188612907033193444e+00
1.318481848184817729e+00 -5.191635985377115681e+00
1.319086908690868754e+00 -5.194661380789669103e+00
1.319691969196918890e+00 -5.197689092317859583e+00
1.320297029702969915e+00 -5.200719119008711644e+00
1.320902090209020052e+00 -5.203751459909231158e+00
1.321507150715071077e+00 -5.206786114066441762e+00
1.322112211221121214e+00 -5.209823080527351991e+00
1.322717271727172239e+00 -5.212862358338987256e+00
1.323322332233222376e+00 -5.215903946548349879e+00
1.323927392739273401e+00 -5.218947844202468822e+00
1.324532453245323538e+00 -5.221994050348348182e+00
1.325137513751374563e+00 -5.225042564033014258e+00
1.325742574257425588e+00 -5.228093384303477364e+00
1.326347634763475725e+00 -5.231146510206747813e+00
1.326952695269526750e+00 -5.234201940789852792e+00
1.327557755775576886e+00 -5.237259675099794620e+00
1.328162816281627912e+00 -5.240319712183601375e+00
1.328767876787678048e+00 -5.243382051088278928e+00
1.329372937293729073e+00 -5.246446690860850914e+00
1.329977997799779210e+00 -5.249513630548324095e+00
1.330583058305830235e+00 -5.252582869197724769e+00
1.331188118811880372e+00 -5.255654405856058808e+00
1.331793179317931397e+00 -5.258728239570348961e+00
1.332398239823981534e+00 -5.261804369387604652e+00
1.333003300330032559e+00 -5.264882794354845963e+00
1.333608360836082696e+00 -5.267963513519085872e+00
1.334213421342133721e+00 -5.271046525927345350e+00
1.334818481848183858e+00 -5.274131830626629380e+00
1.335423542354234883e+00 -5.277219426663964263e+00
1.336028602860285019e+00 -5.280309313086358536e+00
1.336633663366336044e+00 -5.283401488940833168e+00
1.337238723872387069e+00 -5.286495953274402915e+00
1.337843784378437206e+00 -5.289592705134077200e+00
1.338448844884488231e+00 -5.292691743566878770e+00
1.339053905390538368e+00 -5.295793067619817052e+00
1.339658965896589393e+00 -5.298896676339913903e+00
1.340264026402639530e+00 -5.302002568774179636e+00
1.340869086908690555e+00 -5.305110743969637888e+00
1.341474147414740692e+00 -5.308221200973290976e+00
1.342079207920791717e+00 -5.311333938832168755e+00
1.342684268426841854e+00 -5.314448956593274431e+00
1.343289328932892879e+00 -5.317566253303633417e+00
1.343894389438943016e+00 -5.320685828010254248e+00
1.344499449944994041e+00 -5.323807679760160561e+00
1.345104510451044177e+00 -5.326931807600358226e+00
1.345709570957095202e+00 -5.330058210577871769e+00
1.346314631463145339e+00 -5.333186887739706172e+00
1.346919691969196364e+00 -5.336317838132890401e+00
1.347524752475247389e+00 -5.339451060804432103e+00
1.348129812981297526e+00 -5.342586554801344256e+00
1.348734873487348551e+00 -5.345724319170648720e+00
1.349339933993398688e+00 -5.348864352959354918e+00
1.349944994499449713e+00 -5.352006655214487374e+00
1.350550055005499850e+00 -5.355151224983050184e+00
1.351155115511550875e+00 -5.358298061312071425e+00
1.351760176017601012e+00 -5.361447163248554304e+00
1.352365236523652037e+00 -5.364598529839526009e+00
1.352970297029702174e+00 -5.367752160131989747e+00
1.353575357535753199e+00 -5.370908053172973595e+00
1.354180418041803335e+00 -5.374066208009483425e+00
1.354785478547854360e+00 -5.377226623688544649e+00
1.355390539053904497e+00 -5.380389299257161362e+00
1.355995599559955522e+00 -5.383554233762358976e+00
1.356600660066005659e+00 -5.386721426251146028e+00
1.357205720572056684e+00 -5.389890875770543488e+00
1.357810781078106821e+00 -5.393062581367560782e+00
1.358415841584157846e+00 -5.396236542089222432e+00
1.359020902090208871e+00 -5.399412756982537864e+00
1.359625962596259008e+00 -5.402591225094520055e+00
1.360231023102310033e+00 -5.405771945472190865e+00
1.360836083608360170e+00 -5.408954917162561493e+00
1.361441144114411195e+00 -5.412140139212653800e+00
1.362046204620461332e+00 -5.415327610669473657e+00
1.362651265126512357e+00 -5.418517330580044700e+00
1.363256325632562493e+00 -5.421709297991376353e+00
1.363861386138613518e+00 -5.424903511950492252e+00
1.364466446644663655e+00 -5.428099971504399157e+00
1.365071507150714680e+00 -5.431298675700120704e+00
1.365676567656764817e+00 -5.434499623584664540e+00
1.366281628162815842e+00 -5.437702814205055191e+00
1.366886688668865979e+00 -5.440908246608296750e+00
1.367491749174917004e+00 -5.444115919841418183e+00
1.368096809680967141e+00 -5.447325832951424474e+00
1.368701870187018166e+00 -5.450537984985338369e+00
1.369306930693068303e+00 -5.453752374990166629e+00
1.369911991199119328e+00 -5.456969002012936443e+00
1.370517051705170353e+00 -5.460187865100657234e+00
1.371122112211220490e+00 -5.463408963300338428e+00
1.371727172717271515e+00 -5.466632295659009877e+00
1.372332233223321651e+00 -5.469857861223672124e+00
1.372937293729372676e+00 -5.473085659041353246e+00
1.373542354235422813e+00 -5.476315688159059114e+00
1.374147414741473838e+00 -5.479547947623812476e+00
1.374752475247523975e+00 -5.482782436482622757e+00
1.375357535753575000e+00 -5.486019153782514479e+00
1.375962596259625137e+00 -5.489258098570491740e+00
1.376567656765676162e+00 -5.492499269893581726e+00
1.377172717271726299e+00 -5.495742666798789422e+00
1.377777777777777324e+00 -5.498988288333140240e+00
1.378382838283827461e+00 -5.502236133543640051e+00
1.378987898789878486e+00 -5.505486201477314268e+00
1.379592959295928623e+00 -5.508738491181170538e+00
1.380198019801979648e+00 -5.511993001702228057e+00
1.380803080308029784e+00 -5.515249732087499801e+00
1.381408140814080809e+00 -5.518508681384007630e+00
1.382013201320131834e+00 -5.521769848638763634e+00
1.382618261826181971e+00 -5.525033232898777236e+00
1.383223322332232996e+00 -5.528298833211074736e+00
1.383828382838283133e+00 -5.531566648622661120e+00
1.384433443344334158e+00 -5.534836678180560909e+00
1.385038503850384295e+00 -5.538108920931783530e+00
1.385643564356435320e+00 -5.541383375923350840e+00
1.386248624862485457e+00 -5.544660042202270489e+00
1.386853685368536482e+00 -5.547938918815568776e+00
1.387458745874586619e+00 -5.551220004810248021e+00
1.388063806380637644e+00 -5.554503299233334523e+00
1.388668866886687780e+00 -5.557788801131836820e+00
1.389273927392738806e+00 -5.561076509552779434e+00
1.389878987898788942e+00 -5.564366423543165574e+00
1.390484048404839967e+00 -5.567658542150023315e+00
1.391089108910890104e+00 -5.570952864420357642e+00
1.391694169416941129e+00 -5.574249389401193966e+00
1.392299229922992154e+00 -5.577548116139543488e+00
1.392904290429042291e+00 -5.580849043682413857e+00
1.393509350935093316e+00 -5.584152171076834925e+00
1.394114411441143453e+00 -5.587457497369809900e+00
1.394719471947194478e+00 -5.590765021608364194e+00
1.395324532453244615e+00 -5.594074742839504566e+00
1.395929592959295640e+00 -5.597386660110257317e+00
1.396534653465345777e+00 -5.600700772467625654e+00
1.397139713971396802e+00 -5.604017078958635878e+00
1.397744774477446938e+00 -5.607335578630295636e+00
1.398349834983497963e+00 -5.610656270529628564e+00
1.398954895489548100e+00 -5.613979153703638758e+00
1.399559955995599125e+00 -5.617304227199356070e+00
1.400165016501649262e+00 -5.620631490063783708e+00
1.400770077007700287e+00 -5.623960941343945308e+00
1.401375137513750424e+00 -5.627292580086849405e+00
1.401980198019801449e+00 -5.630626405339520524e+00
1.402585258525851586e+00 -5.633962416148965424e+00
1.403190319031902611e+00 -5.637300611562207742e+00
1.403795379537953636e+00 -5.640640990626258677e+00
1.404400440044003773e+00 -5.643983552388129432e+00
1.405005500550054798e+00 -5.647328295894845418e+00
1.405610561056104935e+00 -5.650675220193414283e+00
1.406215621562155960e+00 -5.654024324330855222e+00
1.406820682068206096e+00 -5.657375607354182101e+00
1.407425742574257121e+00 -5.660729068310413226e+00
1.408030803080307258e+00 -5.664084706246558021e+00
1.408635863586358283e+00 -5.667442520209641899e+00
1.409240924092408420e+00 -5.670802509246672507e+00
1.409845984598459445e+00 -5.674164672404669929e+00
1.410451045104509582e+00 -5.677529008730644478e+00
1.411056105610560607e+00 -5.680895517271620676e+00
1.411661166116610744e+00 -5.684264197074601732e+00
1.412266226622661769e+00 -5.687635047186614834e+00
1.412871287128711906e+00 -5.691008066654667630e+00
1.413476347634762931e+00 -5.694383254525783755e+00
1.414081408140813068e+00 -5.697760609846967306e+00
1.414686468646864093e+00 -5.701140131665248134e+00
1.415291529152915118e+00 -5.704521819027632112e+00
1.415896589658965254e+00 -5.707905670981132218e+00
1.416501650165016279e+00 -5.711291686572773862e+00
1.417106710671066416e+00 -5.714679864849562918e+00
1.417711771177117441e+00 -5.718070204858523908e+00
1.418316831683167578e+00 -5.721462705646663593e+00
1.418921892189218603e+00 -5.724857366261007385e+00
1.419526952695268740e+00 -5.728254185748560268e+00
1.420132013201319765e+00 -5.731653163156349429e+00
1.420737073707369902e+00 -5.735054297531378964e+00
1.421342134213420927e+00 -5.738457587920673397e+00
1.421947194719471064e+00 -5.741863033371239489e+00
1.422552255225522089e+00 -5.745270632930104426e+00
1.423157315731572226e+00 -5.748680385644269641e+00
1.423762376237623251e+00 -5.752092290560767651e+00
1.424367436743673387e+00 -5.755506346726597222e+00
1.424972497249724412e+00 -5.758922553188786431e+00
1.425577557755775437e+00 -5.762340908994346478e+00
1.426182618261825574e+00 -5.765761413190288565e+00
1.426787678767876599e+00 -5.769184064823636326e+00
1.427392739273926736e+00 -5.772608862941396524e+00
1.427997799779977761e+00 -5.776035806590595456e+00
1.428602860286027898e+00 -5.779464894818236331e+00
1.429207920792078923e+00 -5.782896126671345449e+00
1.429812981298129060e+00 -5.786329501196931346e+00
1.430418041804180085e+00 -5.789765017442015882e+00
1.431023102310230222e+00 -5.793202674453607592e+00
1.431628162816281247e+00 -5.796642471278728337e+00
1.432233223322331384e+00 -5.800084406964388428e+00
1.432838283828382409e+00 -5.803528480557609726e+00
1.433443344334432545e+00 -5.806974691105399877e+00
1.434048404840483570e+00 -5.810423037654784295e+00
1.434653465346533707e+00 -5.813873519252767075e+00
1.435258525852584732e+00 -5.817326134946373628e+00
1.435863586358634869e+00 -5.820780883782612491e+00
1.436468646864685894e+00 -5.824237764808508189e+00
1.437073707370736919e+00 -5.827696777071069256e+00
1.437678767876787056e+00 -5.831157919617306895e+00
1.438283828382838081e+00 -5.834621191494250958e+00
1.438888888888888218e+00 -5.838086591748900211e+00
1.439493949394939243e+00 -5.841554119428283620e+00
1.440099009900989380e+00 -5.845023773579407944e+00
1.440704070407040405e+00 -5.848495553249297707e+00
1.441309130913090542e+00 -5.851969457484957893e+00
1.441914191419141567e+00 -5.855445485333413913e+00
1.442519251925191703e+00 -5.858923635841673416e+00
1.443124312431242728e+00 -5.862403908056759150e+00
1.443729372937292865e+00 -5.865886301025678762e+00
1.444334433443343890e+00 -5.869370813795459441e+00
1.444939493949394027e+00 -5.872857445413102617e+00
1.445544554455445052e+00 -5.876346194925633704e+00
1.446149614961495189e+00 -5.879837061380063901e+00
1.446754675467546214e+00 -5.883330043823415068e+00
1.447359735973596351e+00 -5.886825141302691300e+00
1.447964796479647376e+00 -5.890322352864921562e+00
1.448569856985698401e+00 -5.893821677557115279e+00
1.449174917491748538e+00 -5.897323114426280988e+00
1.449779977997799563e+00 -5.900826662519447652e+00
1.450385038503849700e+00 -5.904332320883616703e+00
1.450990099009900725e+00 -5.907840088565817993e+00
1.451595159515950861e+00 -5.911349964613055619e+00
1.452200220022001886e+00 -5.914861948072354103e+00
1.452805280528052023e+00 -5.918376037990719318e+00
1.453410341034103048e+00 -5.921892233415178453e+00
1.454015401540153185e+00 -5.925410533392736490e+00
1.454620462046204210e+00 -5.928930936970418841e+00
1.455225522552254347e+00 -5.932453443195228715e+00
1.455830583058305372e+00 -5.935978051114195075e+00
1.456435643564355509e+00 -5.939504759774322018e+00
1.457040704070406534e+00 -5.943033568222635843e+00
1.457645764576456671e+00 -5.946564475506139757e+00
1.458250825082507696e+00 -5.950097480671864503e+00
1.458855885588557832e+00 -5.953632582766810621e+00
1.459460946094608857e+00 -5.957169780838004414e+00
1.460066006600659883e+00 -5.960709073932460633e+00
1.460671067106710019e+00 -5.964250461097184264e+00
1.461276127612761044e+00 -5.967793941379204270e+00
1.461881188118811181e+00 -5.971339513825524747e+00
1.462486248624862206e+00 -5.974887177483172884e+00
1.463091309130912343e+00 -5.978436931399154552e+00
1.463696369636963368e+00 -5.981988774620492499e+00
1.464301430143013505e+00 -5.985542706194193485e+00
1.464906490649064530e+00 -5.989098725167285586e+00
1.465511551155114667e+00 -5.992656830586771122e+00
1.466116611661165692e+00 -5.996217021499678168e+00
1.466721672167215829e+00 -5.999779296953009933e+00
1.467326732673266854e+00 -6.003343655993793604e+00
1.467931793179316990e+00 -6.006910097669034165e+00
1.468536853685368015e+00 -6.010478621025758805e+00
1.469141914191418152e+00 -6.014049225110970731e+00
1.469746974697469177e+00 -6.017621908971697131e+00
1.470352035203520202e+00 -6.021196671654947430e+00
1.470957095709570339e+00 -6.024773512207732828e+00
1.471562156215621364e+00 -6.028352429677079627e+00
1.472167216721671501e+00 -6.031933423109992809e+00
1.472772277227722526e+00 -6.035516491553497787e+00
1.473377337733772663e+00 -6.039101634054599543e+00
1.473982398239823688e+00 -6.042688849660325268e+00
1.474587458745873825e+00 -6.046278137417679055e+00
1.475192519251924850e+00 -6.049869496373688094e+00
1.475797579757974987e+00 -6.053462925575355591e+00
1.476402640264026012e+00 -6.057058424069708735e+00
1.477007700770076148e+00 -6.060655990903756063e+00
1.477612761276127173e+00 -6.064255625124515880e+00
1.478217821782177310e+00 -6.067857325779000277e+00
1.478822882288228335e+00 -6.071461091914232000e+00
1.479427942794278472e+00 -6.075066922577217809e+00
1.480033003300329497e+00 -6.078674816814982229e+00
1.480638063806379634e+00 -6.082284773674532019e+00
1.481243124312430659e+00 -6.085896792202891703e+00
1.481848184818481684e+00 -6.089510871447072482e+00
1.482453245324531821e+00 -6.093127010454083781e+00
1.483058305830582846e+00 -6.096745208270951011e+00
1.483663366336632983e+00 -6.100365463944683597e+00
1.484268426842684008e+00 -6.103987776522304287e+00
1.484873487348734145e+00 -6.107612145050817176e+00
1.485478547854785170e+00 -6.111238568577251229e+00
1.486083608360835306e+00 -6.114867046148607876e+00
1.486688668866886331e+00 -6.118497576811916971e+00
1.487293729372936468e+00 -6.122130159614181721e+00
1.487898789878987493e+00 -6.125764793602429314e+00
1.488503850385037630e+00 -6.129401477823662070e+00
1.489108910891088655e+00 -6.133040211324910729e+00
1.489713971397138792e+00 -6.136680993153175834e+00
1.490319031903189817e+00 -6.140323822355486350e+00
1.490924092409239954e+00 -6.143968697978846372e+00
1.491529152915290979e+00 -6.147615619070282200e+00
1.492134213421341116e+00 -6.151264584676797931e+00
1.492739273927392141e+00 -6.154915593845421640e+00
1.493344334433443166e+00 -6.158568645623162752e+00
1.493949394939493303e+00 -6.162223739057028915e+00
1.494554455445544328e+00 -6.165880873194050871e+00
1.495159515951594464e+00 -6.169540047081231826e+00
1.495764576457645489e+00 -6.173201259765598081e+00
1.496369636963695626e+00 -6.176864510294153732e+00
1.496974697469746651e+00 -6.180529797713923301e+00
1.497579757975796788e+00 -6.184197121071916214e+00
1.498184818481847813e+00 -6.187866479415155219e+00
1.498789878987897950e+00 -6.191537871790647074e+00
1.499394939493948975e+00 -6.195211297245418081e+00
1.499999999999999112e+00 -6.198886754826471446e+00
1.500605060506050137e+00 -6.202564243580835246e+00
1.501210121012100274e+00 -6.206243762555513577e+00
1.501815181518151299e+00 -6.209925310797530962e+00
1.502420242024201436e+00 -6.213608887353897714e+00
1.503025302530252461e+00 -6.217294491271633916e+00
1.503630363036302597e+00 -6.220982121597748105e+00
1.504235423542353622e+00 -6.224671777379265691e+00
1.504840484048404647e+00 -6.228363457663195213e+00
1.505445544554454784e+00 -6.232057161496550535e+00
1.506050605060505809e+00 -6.235752887926356181e+00
1.506655665566555946e+00 -6.239450635999615358e+00
1.507260726072606971e+00 -6.243150404763357919e+00
1.507865786578657108e+00 -6.246852193264583519e+00
1.508470847084708133e+00 -6.250556000550322011e+00
1.509075907590758270e+00 -6.254261825667579267e+00
1.509680968096809295e+00 -6.257969667663379809e+00
1.510286028602859432e+00 -6.261679525584730399e+00
1.510891089108910457e+00 -6.265391398478653784e+00
1.511496149614960594e+00 -6.269105285392157612e+00
1.512101210121011619e+00 -6.272821185372267294e+00
1.512706270627061755e+00 -6.276539097465986927e+00
1.513311331133112780e+00 -6.280259020720345475e+00
1.513916391639162917e+00 -6.283980954182346146e+00
1.514521452145213942e+00 -6.287704896899015239e+00
1.515126512651264967e+00 -6.291430847917362179e+00
1.515731573157315104e+00 -6.295158806284396391e+00
1.516336633663366129e+00 -6.298888771047149504e+00
1.516941694169416266e+00 -6.302620741252622061e+00
1.517546754675467291e+00 -6.306354715947838585e+00
1.518151815181517428e+00 -6.310090694179807613e+00
1.518756875687568453e+00 -6.313828674995553669e+00
1.519361936193618590e+00 -6.317568657442083513e+00
1.519966996699669615e+00 -6.321310640566422556e+00
1.520572057205719751e+00 -6.325054623415574895e+00
1.521177117711770777e+00 -6.328800605036565941e+00
1.521782178217820913e+00 -6.332548584476403342e+00
1.522387238723871938e+00 -6.336298560782110734e+00
1.522992299229922075e+00 -6.340050533000694877e+00
1.523597359735973100e+00 -6.343804500179181183e+00
1.524202420242023237e+00 -6.347560461364574635e+00
1.524807480748074262e+00 -6.351318415603902423e+00
1.525412541254124399e+00 -6.355078361944167753e+00
1.526017601760175424e+00 -6.358840299432398702e+00
1.526622662266226449e+00 -6.362604227115603805e+00
1.527227722772276586e+00 -6.366370144040796930e+00
1.527832783278327611e+00 -6.370138049254998158e+00
1.528437843784377748e+00 -6.373907941805216915e+00
1.529042904290428773e+00 -6.377679820738476835e+00
1.529647964796478909e+00 -6.381453685101786455e+00
1.530253025302529934e+00 -6.385229533942171187e+00
1.530858085808580071e+00 -6.389007366306632463e+00
1.531463146314631096e+00 -6.392787181242200134e+00
1.532068206820681233e+00 -6.396568977795877409e+00
1.532673267326732258e+00 -6.400352755014689698e+00
1.533278327832782395e+00 -6.404138511945644652e+00
1.533883388338833420e+00 -6.407926247635768569e+00
1.534488448844883557e+00 -6.411715961132062880e+00
1.535093509350934582e+00 -6.415507651481555662e+00
1.535698569856984719e+00 -6.419301317731252787e+00
1.536303630363035744e+00 -6.423096958928178779e+00
1.536908690869085881e+00 -6.426894574119340398e+00
1.537513751375136906e+00 -6.430694162351763055e+00
1.538118811881187931e+00 -6.434495722672458839e+00
1.538723872387238067e+00 -6.438299254128434512e+00
1.539328932893289092e+00 -6.442104755766717261e+00
1.539933993399339229e+00 -6.445912226634313846e+00
1.540539053905390254e+00 -6.449721665778251456e+00
1.541144114411440391e+00 -6.453533072245529745e+00
1.541749174917491416e+00 -6.457346445083179454e+00
1.542354235423541553e+00 -6.461161783338202902e+00
1.542959295929592578e+00 -6.464979086057629942e+00
1.543564356435642715e+00 -6.468798352288462006e+00
1.544169416941693740e+00 -6.472619581077728945e+00
1.544774477447743877e+00 -6.476442771472432192e+00
1.545379537953794902e+00 -6.480267922519598045e+00
1.545984598459845039e+00 -6.484095033266233266e+00
1.546589658965896064e+00 -6.487924102759362377e+00
1.547194719471946200e+00 -6.491755130045994804e+00
1.547799779977997225e+00 -6.495588114173151517e+00
1.548404840484048250e+00 -6.499423054187844606e+00
1.549009900990098387e+00 -6.503259949137085272e+00
1.549614961496149412e+00 -6.507098798067898038e+00
1.550220022002199549e+00 -6.510939600027289664e+00
1.550825082508250574e+00 -6.514782354062285563e+00
1.551430143014300711e+00 -6.518627059219890718e+00
1.552035203520351736e+00 -6.522473714547128765e+00
1.552640264026401873e+00 -6.526322319091010016e+00
1.553245324532452898e+00 -6.530172871898556330e+00
1.553850385038503035e+00 -6.534025372016774469e+00
1.554455445544554060e+00 -6.537879818492690731e+00
1.555060506050604197e+00 -6.541736210373308325e+00
1.555665566556655222e+00 -6.545594546705657990e+00
1.556270627062705358e+00 -6.549454826536737606e+00
1.556875687568756383e+00 -6.553317048913579690e+00
1.557480748074806520e+00 -6.557181212883186561e+00
1.558085808580857545e+00 -6.561047317492585407e+00
1.558690869086907682e+00 -6.564915361788779435e+00
1.559295929592958707e+00 -6.568785344818797611e+00
1.559900990099009732e+00 -6.572657265629647583e+00
1.560506050605059869e+00 -6.576531123268338774e+00
1.561111111111110894e+00 -6.580406916781901927e+00
1.561716171617161031e+00 -6.584284645217338472e+00
1.562321232123212056e+00 -6.588164307621675597e+00
1.562926292629262193e+00 -6.592045903041916510e+00
1.563531353135313218e+00 -6.595929430525091952e+00
1.564136413641363355e+00 -6.599814889118203354e+00
1.564741474147414380e+00 -6.603702277868277903e+00
1.565346534653464516e+00 -6.607591595822318808e+00
1.565951595159515541e+00 -6.611482842027356810e+00
1.566556655665565678e+00 -6.615376015530389786e+00
1.567161716171616703e+00 -6.619271115378450254e+00
1.567766776677666840e+00 -6.623168140618540534e+00
1.568371837183717865e+00 -6.627067090297688701e+00
1.568976897689768002e+00 -6.630967963462895298e+00
1.569581958195819027e+00 -6.634870759161191955e+00
1.570187018701869164e+00 -6.638775476439581880e+00
1.570792079207920189e+00 -6.642682114345089595e+00
1.571397139713971214e+00 -6.646590671924725413e+00
1.572002200220021351e+00 -6.650501148225501424e+00
1.572607260726072376e+00 -6.654413542294443928e+00
1.573212321232122513e+00 -6.658327853178557021e+00
1.573817381738173538e+00 -6.662244079924865225e+00
1.574422442244223674e+00 -6.666162221580377079e+00
1.575027502750274699e+00 -6.670082277192117104e+00
1.575632563256324836e+00 -6.674004245807089397e+00
1.576237623762375861e+00 -6.677928126472320258e+00
1.576842684268425998e+00 -6.681853918234815559e+00
1.577447744774477023e+00 -6.685781620141602488e+00
1.578052805280527160e+00 -6.689711231239683364e+00
1.578657865786578185e+00 -6.693642750576088929e+00
1.579262926292628322e+00 -6.697576177197816172e+00
1.579867986798679347e+00 -6.701511510151899387e+00
1.580473047304729484e+00 -6.705448748485339117e+00
1.581078107810780509e+00 -6.709387891245162550e+00
1.581683168316830645e+00 -6.713328937478376446e+00
1.582288228822881671e+00 -6.717271886232005329e+00
1.582893289328932696e+00 -6.721216736553058624e+00
1.583498349834982832e+00 -6.725163487488550196e+00
1.584103410341033857e+00 -6.729112138085501016e+00
1.584708470847083994e+00 -6.733062687390918732e+00
1.585313531353135019e+00 -6.737015134451832310e+00
1.585918591859185156e+00 -6.740969478315242291e+00
1.586523652365236181e+00 -6.744925718028177641e+00
1.587128712871286318e+00 -6.748883852637639791e+00
1.587733773377337343e+00 -6.752843881190658593e+00
1.588338833883387480e+00 -6.756805802734239919e+00
1.588943894389438505e+00 -6.760769616315406516e+00
1.589548954895488642e+00 -6.764735320981163369e+00
1.590154015401539667e+00 -6.768702915778540330e+00
1.590759075907589803e+00 -6.772672399754539718e+00
1.591364136413640828e+00 -6.776643771956188722e+00
1.591969196919690965e+00 -6.780617031430490549e+00
1.592574257425741990e+00 -6.784592177224474163e+00
1.593179317931793015e+00 -6.788569208385148102e+00
1.593784378437843152e+00 -6.792548123959522677e+00
1.594389438943894177e+00 -6.796528922994622413e+00
1.594994499449944314e+00 -6.800511604537455845e+00
1.595599559955995339e+00 -6.804496167635050163e+00
1.596204620462045476e+00 -6.808482611334405021e+00
1.596809680968096501e+00 -6.812470934682548496e+00
1.597414741474146638e+00 -6.816461136726489123e+00
1.598019801980197663e+00 -6.820453216513248762e+00
1.598624862486247800e+00 -6.824447173089834173e+00
1.599229922992298825e+00 -6.828443005503272545e+00
1.599834983498348961e+00 -6.832440712800566196e+00
1.600440044004399986e+00 -6.836440294028743203e+00
1.601045104510450123e+00 -6.840441748234809438e+00
1.601650165016501148e+00 -6.844445074465788537e+00
1.602255225522551285e+00 -6.848450271768687259e+00
1.602860286028602310e+00 -6.852457339190533681e+00
1.603465346534652447e+00 -6.856466275778329234e+00
1.604070407040703472e+00 -6.860477080579100218e+00
1.604675467546754497e+00 -6.864489752639858722e+00
1.605280528052804634e+00 -6.868504291007615059e+00
1.605885588558855659e+00 -6.872520694729395530e+00
1.606490649064905796e+00 -6.876538962852202452e+00
1.607095709570956821e+00 -6.880559094423064792e+00
1.607700770077006958e+00 -6.884581088488986644e+00
1.608305830583057983e+00 -6.888604944096995197e+00
1.608910891089108119e+00 -6.892630660294093659e+00
1.609515951595159144e+00 -6.896658236127310992e+00
1.610121012101209281e+00 -6.900687670643647742e+00
1.610726072607260306e+00 -6.904718962890132872e+00
1.611331133113310443e+00 -6.908752111913771365e+00
1.611936193619361468e+00 -6.912787116761590411e+00
1.612541254125411605e+00 -6.916823976480594105e+00
1.613146314631462630e+00 -6.920862690117807858e+00
1.613751375137512767e+00 -6.924903256720236655e+00
1.614356435643563792e+00 -6.928945675334908572e+00
1.614961496149613929e+00 -6.932989945008826815e+00
1.615566556655664954e+00 -6.937036064789017686e+00
1.616171617161715979e+00 -6.941084033722492386e+00
1.616776677667766116e+00 -6.945133850856261226e+00
1.617381738173817141e+00 -6.949185515237346955e+00
1.617986798679867277e+00 -6.953239025912760773e+00
1.618591859185918302e+00 -6.957294381929522764e+00
1.619196919691968439e+00 -6.961351582334641463e+00
1.619801980198019464e+00 -6.965410626175144948e+00
1.620407040704069601e+00 -6.969471512498031984e+00
1.621012101210120626e+00 -6.973534240350334201e+00
1.621617161716170763e+00 -6.977598808779054806e+00
1.622222222222221788e+00 -6.981665216831219212e+00
1.622827282728271925e+00 -6.985733463553834177e+00
1.623432343234322950e+00 -6.989803547993924226e+00
1.624037403740373087e+00 -6.993875469198496120e+00
1.624642464246424112e+00 -6.997949226214573493e+00
1.625247524752474249e+00 -7.002024818089162217e+00
1.625852585258525274e+00 -7.006102243869291257e+00
1.626457645764575410e+00 -7.010181502601961157e+00
1.627062706270626435e+00 -7.014262593334204432e+00
1.627667766776677460e+00 -7.018345515113023403e+00
1.628272827282727597e+00 -7.022430266985432823e+00
1.628877887788778622e+00 -7.026516847998458104e+00
1.629482948294828759e+00 -7.030605257199106006e+00
1.630088008800879784e+00 -7.034695493634401942e+00
1.630693069306929921e+00 -7.038787556351346453e+00
1.631298129812980946e+00 -7.042881444396973833e+00
1.631903190319031083e+00 -7.046977156818280186e+00
1.632508250825082108e+00 -7.051074692662299803e+00
1.633113311331132245e+00 -7.055174050976032341e+00
1.633718371837183270e+00 -7.059275230806508539e+00
1.634323432343233407e+00 -7.063378231200727164e+00
1.634928492849284432e+00 -7.067483051205719846e+00
1.635533553355334568e+00 -7.071589689868488016e+00
1.636138613861385593e+00 -7.075698146236060637e+00
1.636743674367435730e+00 -7.079808419355440030e+00
1.637348734873486755e+00 -7.083920508273656935e+00
1.637953795379537780e+00 -7.088034412037716336e+00
1.638558855885587917e+00 -7.092150129694631211e+00
1.639163916391638942e+00 -7.096267660291427859e+00
1.639768976897689079e+00 -7.100387002875109488e+00
1.640374037403740104e+00 -7.104508156492705950e+00
1.640979097909790241e+00 -7.108631120191216901e+00
1.641584158415841266e+00 -7.112755893017673081e+00
1.642189218921891403e+00 -7.116882474019077698e+00
1.642794279427942428e+00 -7.121010862242456163e+00
1.643399339933992565e+00 -7.125141056734817013e+00
1.644004400440043590e+00 -7.129273056543182108e+00
1.644609460946093726e+00 -7.133406860714559095e+00
1.645214521452144751e+00 -7.137542468295972498e+00
1.645819581958194888e+00 -7.141679878334429077e+00
1.646424642464245913e+00 -7.145819089876951580e+00
1.647029702970296050e+00 -7.149960101970550319e+00
1.647634763476347075e+00 -7.154102913662247154e+00
1.648239823982397212e+00 -7.158247523999047957e+00
1.648844884488448237e+00 -7.162393932027981691e+00
1.649449944994499262e+00 -7.166542136796054230e+00
1.650055005500549399e+00 -7.170692137350280326e+00
1.650660066006600424e+00 -7.174843932737683616e+00
1.651265126512650561e+00 -7.178997522005269083e+00
1.651870187018701586e+00 -7.183152904200062139e+00
1.652475247524751722e+00 -7.187310078369069544e+00
1.653080308030802748e+00 -7.191469043559317598e+00
1.653685368536852884e+00 -7.195629798817810396e+00
1.654290429042903909e+00 -7.199792343191575128e+00
1.654895489548954046e+00 -7.203956675727615000e+00
1.655500550055005071e+00 -7.208122795472957201e+00
1.656105610561055208e+00 -7.212290701474607602e+00
1.656710671067106233e+00 -7.216460392779589839e+00
1.657315731573156370e+00 -7.220631868434910672e+00
1.657920792079207395e+00 -7.224805127487599066e+00
1.658525852585257532e+00 -7.228980168984655563e+00
1.659130913091308557e+00 -7.233156991973107353e+00
1.659735973597358694e+00 -7.237335595499961194e+00
1.660341034103409719e+00 -7.241515978612240723e+00
1.660946094609460744e+00 -7.245698140356959804e+00
1.661551155115510880e+00 -7.249882079781124311e+00
1.662156215621561905e+00 -7.254067795931764095e+00
1.662761276127612042e+00 -7.258255287855883253e+00
1.663366336633663067e+00 -7.262444554600506308e+00
1.663971397139713204e+00 -7.266635595212638243e+00
1.664576457645764229e+00 -7.270828408739310689e+00
1.665181518151814366e+00 -7.275022994227520634e+00
1.665786578657865391e+00 -7.279219350724298820e+00
1.666391639163915528e+00 -7.283417477276650231e+00
1.666996699669966553e+00 -7.287617372931600279e+00
1.667601760176016690e+00 -7.291819036736153947e+00
1.668206820682067715e+00 -7.296022467737339312e+00
1.668811881188117852e+00 -7.300227664982156028e+00
1.669416941694168877e+00 -7.304434627517636613e+00
1.670022002200219013e+00 -7.308643354390781610e+00
1.670627062706270038e+00 -7.312853844648617319e+00
1.671232123212321063e+00 -7.317066097338159381e+00
1.671837183718371200e+00 -7.321280111506412780e+00
1.672442244224422225e+00 -7.325495886200403817e+00
1.673047304730472362e+00 -7.329713420467140139e+00
1.673652365236523387e+00 -7.333932713353647159e+00
1.674257425742573524e+00 -7.338153763906927196e+00
1.674862486248624549e+00 -7.342376571174012767e+00
1.675467546754674686e+00 -7.346601134201902639e+00
1.676072607260725711e+00 -7.350827452037623999e+00
1.676677667766775848e+00 -7.355055523728183609e+00
1.677282728272826873e+00 -7.359285348320608655e+00
1.677887788778877010e+00 -7.363516924861901458e+00
1.678492849284928035e+00 -7.367750252399089206e+00
1.679097909790978171e+00 -7.371985329979175106e+00
1.679702970297029196e+00 -7.376222156649189898e+00
1.680308030803079333e+00 -7.380460731456134127e+00
1.680913091309130358e+00 -7.384701053447038532e+00
1.681518151815180495e+00 -7.388943121668902769e+00
1.682123212321231520e+00 -7.393186935168757579e+00
1.682728272827282545e+00 -7.397432492993609721e+00
1.683333333333332682e+00 -7.401679794190470396e+00
1.683938393839383707e+00 -7.405928837806368570e+00
1.684543454345433844e+00 -7.410179622888304785e+00
1.685148514851484869e+00 -7.414432148483308893e+00
1.685753575357535006e+00 -7.418686413638384103e+00
1.686358635863586031e+00 -7.422942417400557602e+00
1.686963696369636168e+00 -7.427200158816833486e+00
1.687568756875687193e+00 -7.431459636934238944e+00
1.688173817381737329e+00 -7.435720850799778958e+00
1.688778877887788354e+00 -7.439983799460479830e+00
1.689383938393838491e+00 -7.444248481963342101e+00
1.689988998899889516e+00 -7.448514897355396513e+00
1.690594059405939653e+00 -7.452783044683648939e+00
1.691199119911990678e+00 -7.457052922995126565e+00
1.691804180418040815e+00 -7.461324531336826382e+00
1.692409240924091840e+00 -7.465597868755782685e+00
1.693014301430141977e+00 -7.469872934298997791e+00
1.693619361936193002e+00 -7.474149727013497113e+00
1.694224422442244027e+00 -7.478428245946291852e+00
1.694829482948294164e+00 -7.482708490144393210e+00
1.695434543454345189e+00 -7.486990458654823932e+00
1.696039603960395326e+00 -7.491274150524593445e+00
1.696644664466446351e+00 -7.495559564800724495e+00
1.697249724972496487e+00 -7.499846700530222954e+00
1.697854785478547512e+00 -7.504135556760118675e+00
1.698459845984597649e+00 -7.508426132537411313e+00
1.699064906490648674e+00 -7.512718426909129832e+00
1.699669966996698811e+00 -7.517012438922278328e+00
1.700275027502749836e+00 -7.521308167623883989e+00
1.700880088008799973e+00 -7.525605612060948246e+00
1.701485148514850998e+00 -7.529904771280502729e+00
1.702090209020901135e+00 -7.534205644329550644e+00
1.702695269526952160e+00 -7.538508230255115627e+00
1.703300330033002297e+00 -7.542812528104205327e+00
1.703905390539053322e+00 -7.547118536923844268e+00
1.704510451045103459e+00 -7.551426255761039208e+00
1.705115511551154484e+00 -7.555735683662815561e+00
1.705720572057205509e+00 -7.560046819676183638e+00
1.706325632563255645e+00 -7.564359662848153754e+00
1.706930693069306670e+00 -7.568674212225751319e+00
1.707535753575356807e+00 -7.572990466855980429e+00
1.708140814081407832e+00 -7.577308425785870938e+00
1.708745874587457969e+00 -7.581628088062425164e+00
1.709350935093508994e+00 -7.585949452732670295e+00
1.709955995599559131e+00 -7.590272518843610428e+00
1.710561056105610156e+00 -7.594597285442271861e+00
1.711166116611660293e+00 -7.598923751575660468e+00
1.711771177117711318e+00 -7.603251916290800771e+00
1.712376237623761455e+00 -7.607581778634700420e+00
1.712981298129812480e+00 -7.611913337654383049e+00
1.713586358635862616e+00 -7.616246592396854531e+00
1.714191419141913642e+00 -7.620581541909142942e+00
1.714796479647963778e+00 -7.624918185238248824e+00
1.715401540154014803e+00 -7.629256521431202032e+00
1.716006600660065828e+00 -7.633596549535013764e+00
1.716611661166115965e+00 -7.637938268596691671e+00
1.717216721672166990e+00 -7.642281677663260275e+00
1.717821782178217127e+00 -7.646626775781729890e+00
1.718426842684268152e+00 -7.650973561999123262e+00
1.719031903190318289e+00 -7.655322035362445376e+00
1.719636963696369314e+00 -7.659672194918724308e+00
1.720242024202419451e+00 -7.664024039714963266e+00
1.720847084708470476e+00 -7.668377568798188548e+00
1.721452145214520613e+00 -7.672732781215406028e+00
1.722057205720571638e+00 -7.677089676013641117e+00
1.722662266226621774e+00 -7.681448252239898800e+00
1.723267326732672799e+00 -7.685808508941208927e+00
1.723872387238722936e+00 -7.690170445164568491e+00
1.724477447744773961e+00 -7.694534059957010896e+00
1.725082508250824098e+00 -7.698899352365536686e+00
1.725687568756875123e+00 -7.703266321437175712e+00
1.726292629262925260e+00 -7.707634966218930295e+00
1.726897689768976285e+00 -7.712005285757831174e+00
1.727502750275027310e+00 -7.716377279100879782e+00
1.728107810781077447e+00 -7.720750945295094425e+00
1.728712871287128472e+00 -7.725126283387501402e+00
1.729317931793178609e+00 -7.729503292425097705e+00
1.729922992299229634e+00 -7.733881971454919402e+00
1.730528052805279771e+00 -7.738262319523963484e+00
1.731133113311330796e+00 -7.742644335679259804e+00
1.731738173817380932e+00 -7.747028018967812457e+00
1.732343234323431957e+00 -7.751413368436652185e+00
1.732948294829482094e+00 -7.755800383132775977e+00
1.733553355335533119e+00 -7.760189062103215463e+00
1.734158415841583256e+00 -7.764579404394973849e+00
1.734763476347634281e+00 -7.768971409055077437e+00
1.735368536853684418e+00 -7.773365075130532098e+00
1.735973597359735443e+00 -7.777760401668362356e+00
1.736578657865785580e+00 -7.782157387715574970e+00
1.737183718371836605e+00 -7.786556032319197129e+00
1.737788778877886742e+00 -7.790956334526231153e+00
1.738393839383937767e+00 -7.795358293383703341e+00
1.738998899889988792e+00 -7.799761907938625782e+00
1.739603960396038929e+00 -7.804167177238007014e+00
1.740209020902089954e+00 -7.808574100328876000e+00
1.740814081408140090e+00 -7.812982676258235060e+00
1.741419141914191115e+00 -7.817392904073111382e+00
1.742024202420241252e+00 -7.821804782820506396e+00
1.742629262926292277e+00 -7.826218311547454398e+00
1.743234323432342414e+00 -7.830633489300952377e+00
1.743839383938393439e+00 -7.835050315128031961e+00
1.744444444444443576e+00 -7.839468788075694583e+00
1.745049504950494601e+00 -7.843888907190969206e+00
1.745654565456544738e+00 -7.848310671520856374e+00
1.746259625962595763e+00 -7.852734080112388604e+00
1.746864686468645900e+00 -7.857159132012565550e+00
1.747469746974696925e+00 -7.861585826268418842e+00
1.748074807480747062e+00 -7.866014161926946358e+00
1.748679867986798087e+00 -7.870444138035178838e+00
1.749284928492849112e+00 -7.874875753640127485e+00
1.749889988998899248e+00 -7.879309007788800834e+00
1.750495049504950273e+00 -7.883743899528224297e+00
1.751100110011000410e+00 -7.888180427905403747e+00
1.751705170517051435e+00 -7.892618591967365482e+00
1.752310231023101572e+00 -7.897058390761112712e+00
1.752915291529152597e+00 -7.901499823333676176e+00
1.753520352035202734e+00 -7.905942888732057305e+00
1.754125412541253759e+00 -7.910387586003283289e+00
1.754730473047303896e+00 -7.914833914194355557e+00
1.755335533553354921e+00 -7.919281872352307516e+00
1.755940594059405058e+00 -7.923731459524137932e+00
1.756545654565456083e+00 -7.928182674756877546e+00
1.757150715071506220e+00 -7.932635517097526900e+00
1.757755775577557245e+00 -7.937089985593115848e+00
1.758360836083607381e+00 -7.941546079290648485e+00
1.758965896589658406e+00 -7.946003797237148447e+00
1.759570957095708543e+00 -7.950463138479621605e+00
1.760176017601759568e+00 -7.954924102065099589e+00
1.760781078107810593e+00 -7.959386687040588271e+00
1.761386138613860730e+00 -7.963850892453095298e+00
1.761991199119911755e+00 -7.968316717349649636e+00
1.762596259625961892e+00 -7.972784160777257156e+00
1.763201320132012917e+00 -7.977253221782945047e+00
1.763806380638063054e+00 -7.981723899413713852e+00
1.764411441144114079e+00 -7.986196192716592535e+00
1.765016501650164216e+00 -7.990670100738586967e+00
1.765621562156215241e+00 -7.995145622526720786e+00
1.766226622662265378e+00 -7.999622757128002526e+00
1.766831683168316403e+00 -8.004101503589454936e+00
1.767436743674366539e+00 -8.008581860958084775e+00
1.768041804180417564e+00 -8.013063828280920120e+00
1.768646864686467701e+00 -8.017547404604959738e+00
1.769251925192518726e+00 -8.022032588977236145e+00
1.769856985698568863e+00 -8.026519380444751661e+00
1.770462046204619888e+00 -8.031007778054533475e+00
1.771067106710670025e+00 -8.035497780853585681e+00
1.771672167216721050e+00 -8.039989387888935468e+00
1.772277227722772075e+00 -8.044482598207590485e+00
1.772882288228822212e+00 -8.048977410856563708e+00
1.773487348734873237e+00 -8.053473824882882326e+00
1.774092409240923374e+00 -8.057971839333548658e+00
1.774697469746974399e+00 -8.062471453255588116e+00
1.775302530253024536e+00 -8.066972665696008349e+00
1.775907590759075561e+00 -8.071475475701834768e+00
1.776512651265125697e+00 -8.075979882320071468e+00
1.777117711771176722e+00 -8.080485884597747415e+00
1.777722772277226859e+00 -8.084993481581863151e+00
1.778327832783277884e+00 -8.089502672319451193e+00
1.778932893289328021e+00 -8.094013455857510309e+00
1.779537953795379046e+00 -8.098525831243067685e+00
1.780143014301429183e+00 -8.103039797523129195e+00
1.780748074807480208e+00 -8.107555353744725579e+00
1.781353135313530345e+00 -8.112072498954853828e+00
1.781958195819581370e+00 -8.116591232200548234e+00
1.782563256325631507e+00 -8.121111552528805788e+00
1.783168316831682532e+00 -8.125633458986659008e+00
1.783773377337733557e+00 -8.130156950621113765e+00
1.784378437843783693e+00 -8.134682026479183037e+00
1.784983498349834719e+00 -8.139208685607892235e+00
1.785588558855884855e+00 -8.143736927054249009e+00
1.786193619361935880e+00 -8.148266749865273439e+00
1.786798679867986017e+00 -8.152798153087974953e+00
1.787403740374037042e+00 -8.157331135769378960e+00
1.788008800880087179e+00 -8.161865696956491334e+00
1.788613861386138204e+00 -8.166401835696337486e+00
1.789218921892188341e+00 -8.170939551035921511e+00
1.789823982398239366e+00 -8.175478842022268822e+00
1.790429042904289503e+00 -8.180019707702385290e+00
1.791034103410340528e+00 -8.184562147123303433e+00
1.791639163916390665e+00 -8.189106159332014911e+00
1.792244224422441690e+00 -8.193651743375559349e+00
1.792849284928491826e+00 -8.198198898300933735e+00
1.793454345434542851e+00 -8.202747623155165257e+00
1.794059405940593876e+00 -8.207297916985270447e+00
1.794664466446644013e+00 -8.211849778838249847e+00
1.795269526952695038e+00 -8.216403207761134198e+00
1.795874587458745175e+00 -8.220958202800931147e+00
1.796479647964796200e+00 -8.225514763004660779e+00
1.797084708470846337e+00 -8.230072887419336070e+00
1.797689768976897362e+00 -8.234632575091977102e+00
1.798294829482947499e+00 -8.239193825069589749e+00
1.798899889988998524e+00 -8.243756636399202975e+00
1.799504950495048661e+00 -8.248321008127817322e+00
1.800110011001099686e+00 -8.252886939302463531e+00
1.800715071507149823e+00 -8.257454428970143923e+00
1.801320132013200848e+00 -8.262023476177885684e+00
1.801925192519250984e+00 -8.266594079972694686e+00
1.802530253025302009e+00 -8.271166239401596343e+00
1.803135313531352146e+00 -8.275739953511592972e+00
1.803740374037403171e+00 -8.280315221349713539e+00
1.804345434543453308e+00 -8.284892041962960363e+00
1.804950495049504333e+00 -8.289470414398369513e+00
1.805555555555555358e+00 -8.294050337702937981e+00
1.806160616061605495e+00 -8.298631810923680518e+00
1.806765676567656520e+00 -8.303214833107627868e+00
1.807370737073706657e+00 -8.307799403301778796e+00
1.807975797579757682e+00 -8.312385520553164042e+00
1.808580858085807819e+00 -8.316973183908785927e+00
1.809185918591858844e+00 -8.321562392415675191e+00
1.809790979097908981e+00 -8.326153145120830601e+00
1.810396039603960006e+00 -8.330745441071279345e+00
1.811001100110010142e+00 -8.335339279314029071e+00
1.811606160616061167e+00 -8.339934658896106967e+00
1.812211221122111304e+00 -8.344531578864515353e+00
1.812816281628162329e+00 -8.349130038266281417e+00
1.813421342134212466e+00 -8.353730036148407478e+00
1.814026402640263491e+00 -8.358331571557924278e+00
1.814631463146313628e+00 -8.362934643541832358e+00
1.815236523652364653e+00 -8.367539251147164236e+00
1.815841584158414790e+00 -8.372145393420918680e+00
1.816446644664465815e+00 -8.376753069410126429e+00
1.817051705170516840e+00 -8.381362278161793355e+00
1.817656765676566977e+00 -8.385973018722930661e+00
1.818261826182618002e+00 -8.390585290140569086e+00
1.818866886688668139e+00 -8.395199091461707397e+00
1.819471947194719164e+00 -8.399814421733376335e+00
1.820077007700769300e+00 -8.404431280002576443e+00
1.820682068206820325e+00 -8.409049665316340239e+00
1.821287128712870462e+00 -8.413669576721666488e+00
1.821892189218921487e+00 -8.418291013265587708e+00
1.822497249724971624e+00 -8.422913973995102666e+00
1.823102310231022649e+00 -8.427538457957242102e+00
1.823707370737072786e+00 -8.432164464199004783e+00
1.824312431243123811e+00 -8.436791991767426779e+00
1.824917491749173948e+00 -8.441421039709503304e+00
1.825522552255224973e+00 -8.446051607072266876e+00
1.826127612761275110e+00 -8.450683692902719812e+00
1.826732673267326135e+00 -8.455317296247889303e+00
1.827337733773376272e+00 -8.459952416154779442e+00
1.827942794279427297e+00 -8.464589051670417419e+00
1.828547854785478322e+00 -8.469227201841812658e+00
1.829152915291528458e+00 -8.473866865715976360e+00
1.829757975797579483e+00 -8.478508042339935713e+00
1.830363036303629620e+00 -8.483150730760691260e+00
1.830968096809680645e+00 -8.487794930025271967e+00
1.831573157315730782e+00 -8.492440639180683704e+00
1.832178217821781807e+00 -8.497087857273953659e+00
1.832783278327831944e+00 -8.501736583352084153e+00
1.833388338833882969e+00 -8.506386816462102374e+00
1.833993399339933106e+00 -8.511038555651012416e+00
1.834598459845984131e+00 -8.515691799965841469e+00
1.835203520352034268e+00 -8.520346548453595403e+00
1.835808580858085293e+00 -8.525002800161299632e+00
1.836413641364135430e+00 -8.529660554135956474e+00
1.837018701870186455e+00 -8.534319809424598446e+00
1.837623762376236591e+00 -8.538980565074222540e+00
1.838228822882287616e+00 -8.543642820131861271e+00
1.838833883388338641e+00 -8.548306573644524065e+00
1.839438943894388778e+00 -8.552971824659220346e+00
1.840044004400439803e+00 -8.557638572222973750e+00
1.840649064906489940e+00 -8.562306815382791925e+00
1.841254125412540965e+00 -8.566976553185700283e+00
1.841859185918591102e+00 -8.571647784678702919e+00
1.842464246424642127e+00 -8.576320508908830575e+00
1.843069306930692264e+00 -8.580994724923082018e+00
1.843674367436743289e+00 -8.585670431768487987e+00
1.844279427942793426e+00 -8.590347628492050802e+00
1.844884488448844451e+00 -8.595026314140797652e+00
1.845489548954894587e+00 -8.599706487761734408e+00
1.846094609460945613e+00 -8.604388148401884706e+00
1.846699669966995749e+00 -8.609071295108257971e+00
1.847304730473046774e+00 -8.613755926927876061e+00
1.847909790979096911e+00 -8.618442042907744849e+00
1.848514851485147936e+00 -8.623129642094891523e+00
1.849119911991198073e+00 -8.627818723536321954e+00
1.849724972497249098e+00 -8.632509286279059779e+00
1.850330033003300123e+00 -8.637201329370121528e+00
1.850935093509350260e+00 -8.641894851856507742e+00
1.851540154015401285e+00 -8.646589852785249164e+00
1.852145214521451422e+00 -8.651286331203351665e+00
1.852750275027502447e+00 -8.655984286157842433e+00
1.853355335533552584e+00 -8.660683716695723788e+00
1.853960396039603609e+00 -8.665384621864026471e+00
1.854565456545653745e+00 -8.670087000709747471e+00
1.855170517051704770e+00 -8.674790852279919307e+00
1.855775577557754907e+00 -8.679496175621544296e+00
1.856380638063805932e+00 -8.684202969781654957e+00
1.856985698569856069e+00 -8.688911233807246504e+00
1.857590759075907094e+00 -8.693620966745349676e+00
1.858195819581957231e+00 -8.698332167642970347e+00
1.858800880088008256e+00 -8.703044835547132152e+00
1.859405940594058393e+00 -8.707758969504842739e+00
1.860011001100109418e+00 -8.712474568563129296e+00
1.860616061606159555e+00 -8.717191631768990590e+00
1.861221122112210580e+00 -8.721910158169460914e+00
1.861826182618261605e+00 -8.726630146811546140e+00
1.862431243124311742e+00 -8.731351596742253918e+00
1.863036303630362767e+00 -8.736074507008616763e+00
1.863641364136412903e+00 -8.740798876657635219e+00
1.864246424642463928e+00 -8.745524704736340027e+00
1.864851485148514065e+00 -8.750251990291729953e+00
1.865456545654565090e+00 -8.754980732370833962e+00
1.866061606160615227e+00 -8.759710930020656150e+00
1.866666666666666252e+00 -8.764442582288227257e+00
1.867271727172716389e+00 -8.769175688220546050e+00
1.867876787678767414e+00 -8.773910246864645046e+00
1.868481848184817551e+00 -8.778646257267521236e+00
1.869086908690868576e+00 -8.783383718476208912e+00
1.869691969196918713e+00 -8.788122629537706842e+00
1.870297029702969738e+00 -8.792862989499045767e+00
1.870902090209019875e+00 -8.797604797407228006e+00
1.871507150715070900e+00 -8.802348052309280746e+00
1.872112211221121925e+00 -8.807092753252215189e+00
1.872717271727172061e+00 -8.811838899283037208e+00
1.873322332233223086e+00 -8.816586489448779318e+00
1.873927392739273223e+00 -8.821335522796442064e+00
1.874532453245324248e+00 -8.826085998373054409e+00
1.875137513751374385e+00 -8.830837915225618673e+00
1.875742574257425410e+00 -8.835591272401163820e+00
1.876347634763475547e+00 -8.840346068946690394e+00
1.876952695269526572e+00 -8.845102303909232688e+00
1.877557755775576709e+00 -8.849859976335785916e+00
1.878162816281627734e+00 -8.854619085273384371e+00
1.878767876787677871e+00 -8.859379629769026820e+00
1.879372937293728896e+00 -8.864141608869744005e+00
1.879977997799779033e+00 -8.868905021622538243e+00
1.880583058305830058e+00 -8.873669867074440276e+00
1.881188118811880194e+00 -8.878436144272445318e+00
1.881793179317931219e+00 -8.883203852263591216e+00
1.882398239823981356e+00 -8.887972990094874959e+00
1.883003300330032381e+00 -8.892743556813325512e+00
1.883608360836083406e+00 -8.897515551465952299e+00
1.884213421342133543e+00 -8.902288973099768299e+00
1.884818481848184568e+00 -8.907063820761797146e+00
1.885423542354234705e+00 -8.911840093499042936e+00
1.886028602860285730e+00 -8.916617790358534634e+00
1.886633663366335867e+00 -8.921396910387274559e+00
1.887238723872386892e+00 -8.926177452632291676e+00
1.887843784378437029e+00 -8.930959416140588303e+00
1.888448844884488054e+00 -8.935742799959196958e+00
1.889053905390538191e+00 -8.940527603135112855e+00
1.889658965896589216e+00 -8.945313824715363182e+00
1.890264026402639352e+00 -8.950101463746962693e+00
1.890869086908690377e+00 -8.954890519276931471e+00
1.891474147414740514e+00 -8.959680990352273611e+00
1.892079207920791539e+00 -8.964472876020016301e+00
1.892684268426841676e+00 -8.969266175327163637e+00
1.893289328932892701e+00 -8.974060887320742808e+00
1.893894389438942838e+00 -8.978857011047757908e+00
1.894499449944993863e+00 -8.983654545555237902e+00
1.895104510451044888e+00 -8.988453489890192216e+00
1.895709570957095025e+00 -8.993253843099626721e+00
1.896314631463146050e+00 -8.998055604230572158e+00
1.896919691969196187e+00 -9.002858772330034398e+00
1.897524752475247212e+00 -9.007663346445035302e+00
1.898129812981297349e+00 -9.012469325622582517e+00
1.898734873487348374e+00 -9.017276708909703231e+00
1.899339933993398510e+00 -9.022085495353401541e+00
1.899944994499449535e+00 -9.026895684000701081e+00
1.900550055005499672e+00 -9.031707273898607724e+00
1.901155115511550697e+00 -9.036520264094152211e+00
1.901760176017600834e+00 -9.041334653634333307e+00
1.902365236523651859e+00 -9.046150441566183531e+00
1.902970297029701996e+00 -9.050967626936699872e+00
1.903575357535753021e+00 -9.055786208792916625e+00
1.904180418041803158e+00 -9.060606186181832555e+00
1.904785478547854183e+00 -9.065427558150480181e+00
1.905390539053904320e+00 -9.070250323745858267e+00
1.905995599559955345e+00 -9.075074482014995780e+00
1.906600660066006370e+00 -9.079900032004903920e+00
1.907205720572056507e+00 -9.084726972762592112e+00
1.907810781078107532e+00 -9.089555303335085767e+00
1.908415841584157668e+00 -9.094385022769390758e+00
1.909020902090208693e+00 -9.099216130112534273e+00
1.909625962596258830e+00 -9.104048624411516855e+00
1.910231023102309855e+00 -9.108882504713371020e+00
1.910836083608359992e+00 -9.113717770065093760e+00
1.911441144114411017e+00 -9.118554419513722920e+00
1.912046204620461154e+00 -9.123392452106251937e+00
1.912651265126512179e+00 -9.128231866889715107e+00
1.913256325632562316e+00 -9.133072662911111195e+00
1.913861386138613341e+00 -9.137914839217470941e+00
1.914466446644663478e+00 -9.142758394855796666e+00
1.915071507150714503e+00 -9.147603328873117334e+00
1.915676567656764639e+00 -9.152449640316433488e+00
1.916281628162815664e+00 -9.157297328232775868e+00
1.916886688668866690e+00 -9.162146391669153900e+00
1.917491749174916826e+00 -9.166996829672575231e+00
1.918096809680967851e+00 -9.171848641290068826e+00
1.918701870187017988e+00 -9.176701825568637005e+00
1.919306930693069013e+00 -9.181556381555310509e+00
1.919911991199119150e+00 -9.186412308297089879e+00
1.920517051705170175e+00 -9.191269604841002305e+00
1.921122112211220312e+00 -9.196128270234051882e+00
1.921727172717271337e+00 -9.200988303523272904e+00
1.922332233223321474e+00 -9.205849703755657032e+00
1.922937293729372499e+00 -9.210712469978238559e+00
1.923542354235422636e+00 -9.215576601238021581e+00
1.924147414741473661e+00 -9.220442096582033287e+00
1.924752475247523797e+00 -9.225308955057272442e+00
1.925357535753574822e+00 -9.230177175710775117e+00
1.925962596259624959e+00 -9.235046757589536526e+00
1.926567656765675984e+00 -9.239917699740592738e+00
1.927172717271726121e+00 -9.244790001210938968e+00
1.927777777777777146e+00 -9.249663661047609509e+00
1.928382838283828171e+00 -9.254538678297610232e+00
1.928987898789878308e+00 -9.259415052007950564e+00
1.929592959295929333e+00 -9.264292781225663020e+00
1.930198019801979470e+00 -9.269171864997742816e+00
1.930803080308030495e+00 -9.274052302371222467e+00
1.931408140814080632e+00 -9.278934092393106070e+00
1.932013201320131657e+00 -9.283817234110420813e+00
1.932618261826181794e+00 -9.288701726570170791e+00
1.933223322332232819e+00 -9.293587568819379641e+00
1.933828382838282955e+00 -9.298474759905055009e+00
1.934433443344333980e+00 -9.303363298874224085e+00
1.935038503850384117e+00 -9.308253184773889188e+00
1.935643564356435142e+00 -9.313144416651079283e+00
1.936248624862485279e+00 -9.318036993552796687e+00
1.936853685368536304e+00 -9.322930914526068591e+00
1.937458745874586441e+00 -9.327826178617900865e+00
1.938063806380637466e+00 -9.332722784875318922e+00
1.938668866886687603e+00 -9.337620732345328634e+00
1.939273927392738628e+00 -9.342520020074955411e+00
1.939878987898789653e+00 -9.347420647111212233e+00
1.940484048404839790e+00 -9.352322612501101418e+00
1.941089108910890815e+00 -9.357225915291653706e+00
1.941694169416940952e+00 -9.362130554529878523e+00
1.942299229922991977e+00 -9.367036529262797728e+00
1.942904290429042113e+00 -9.371943838537418969e+00
1.943509350935093138e+00 -9.376852481400764106e+00
1.944114411441143275e+00 -9.381762456899839009e+00
1.944719471947194300e+00 -9.386673764081674420e+00
1.945324532453244437e+00 -9.391586401993270883e+00
1.945929592959295462e+00 -9.396500369681657361e+00
1.946534653465345599e+00 -9.401415666193834397e+00
1.947139713971396624e+00 -9.406332290576834509e+00
1.947744774477446761e+00 -9.411250241877656464e+00
1.948349834983497786e+00 -9.416169519143332778e+00
1.948954895489547923e+00 -9.421090121420862218e+00
1.949559955995598948e+00 -9.426012047757275525e+00
1.950165016501649085e+00 -9.430935297199575018e+00
1.950770077007700110e+00 -9.435859868794791439e+00
1.951375137513751135e+00 -9.440785761589925329e+00
1.951980198019801271e+00 -9.445712974631994996e+00
1.952585258525852296e+00 -9.450641506968031180e+00
1.953190319031902433e+00 -9.455571357645027319e+00
1.953795379537953458e+00 -9.460502525710015931e+00
1.954400440044003595e+00 -9.465435010210001110e+00
1.955005500550054620e+00 -9.470368810192008269e+00
1.955610561056104757e+00 -9.475303924703041503e+00
1.956215621562155782e+00 -9.480240352790129776e+00
1.956820682068205919e+00 -9.485178093500277186e+00
1.957425742574256944e+00 -9.490117145880509142e+00
1.958030803080307081e+00 -9.495057508977831517e+00
1.958635863586358106e+00 -9.499999181839269724e+00
1.959240924092408243e+00 -9.504942163511827857e+00
1.959845984598459268e+00 -9.509886453042536658e+00
1.960451045104509404e+00 -9.514832049478394893e+00
1.961056105610560429e+00 -9.519778951866435079e+00
1.961661166116611454e+00 -9.524727159253661313e+00
1.962266226622661591e+00 -9.529676670687088347e+00
1.962871287128712616e+00 -9.534627485213739817e+00
1.963476347634762753e+00 -9.539579601880621595e+00
1.964081408140813778e+00 -9.544533019734760870e+00
1.964686468646863915e+00 -9.549487737823159961e+00
1.965291529152914940e+00 -9.554443755192847831e+00
1.965896589658965077e+00 -9.559401070890828578e+00
1.966501650165016102e+00 -9.564359683964127612e+00
1.967106710671066239e+00 -9.569319593459749029e+00
1.967711771177117264e+00 -9.574280798424723571e+00
1.968316831683167401e+00 -9.579243297906053556e+00
1.968921892189218426e+00 -9.584207090950762620e+00
1.969526952695268562e+00 -9.589172176605856635e+00
1.970132013201319587e+00 -9.594138553918366341e+00
1.970737073707369724e+00 -9.599106221935290506e+00
1.971342134213420749e+00 -9.604075179703663423e+00
1.971947194719470886e+00 -9.609045426270480306e+00
1.972552255225521911e+00 -9.614016960682773671e+00
1.973157315731572936e+00 -9.618989781987554721e+00
1.973762376237623073e+00 -9.623963889231825775e+00
1.974367436743674098e+00 -9.628939281462624677e+00
1.974972497249724235e+00 -9.633915957726944868e+00
1.975577557755775260e+00 -9.638893917071820638e+00
1.976182618261825397e+00 -9.643873158544252533e+00
1.976787678767876422e+00 -9.648853681191271292e+00
1.977392739273926558e+00 -9.653835484059877459e+00
1.977997799779977584e+00 -9.658818566197101774e+00
1.978602860286027720e+00 -9.663802926649939451e+00
1.979207920792078745e+00 -9.668788564465430113e+00
1.979812981298128882e+00 -9.673775478690568974e+00
1.980418041804179907e+00 -9.678763668372386775e+00
1.981023102310230044e+00 -9.683753132557885834e+00
1.981628162816281069e+00 -9.688743870294096894e+00
1.982233223322331206e+00 -9.693735880628018720e+00
1.982838283828382231e+00 -9.698729162606682053e+00
1.983443344334432368e+00 -9.703723715277089212e+00
1.984048404840483393e+00 -9.708719537686270940e+00
1.984653465346534418e+00 -9.713716628881231330e+00
1.985258525852584555e+00 -9.718714987908981584e+00
1.985863586358635580e+00 -9.723714613816555996e+00
1.986468646864685716e+00 -9.728715505650948003e+00
1.987073707370736741e+00 -9.733717662459190123e+00
1.987678767876786878e+00 -9.738721083288286451e+00
1.988283828382837903e+00 -9.743725767185264175e+00
1.988888888888888040e+00 -9.748731713197125615e+00
1.989493949394939065e+00 -9.753738920370899734e+00
1.990099009900989202e+00 -9.758747387753590630e+00
1.990704070407040227e+00 -9.763757114392227265e+00
1.991309130913090364e+00 -9.768768099333804855e+00
1.991914191419141389e+00 -9.773780341625364798e+00
1.992519251925191526e+00 -9.778793840313898755e+00
1.993124312431242551e+00 -9.783808594446435691e+00
1.993729372937292688e+00 -9.788824603069985031e+00
1.994334433443343713e+00 -9.793841865231573962e+00
1.994939493949394738e+00 -9.798860379978208357e+00
1.995544554455444874e+00 -9.803880146356897640e+00
1.996149614961495899e+00 -9.808901163414670776e+00
1.996754675467546036e+00 -9.813923430198530085e+00
1.997359735973597061e+00 -9.818946945755508082e+00
1.997964796479647198e+00 -9.823971709132601760e+00
1.998569856985698223e+00 -9.828997719376841857e+00
1.999174917491748360e+00 -9.834024975535232471e+00
1.999779977997799385e+00 -9.839053476654800789e+00
2.000385038503849522e+00 -9.844083221782550908e+00
2.000990099009900547e+00 -9.849114209965508238e+00
2.001595159515950684e+00 -9.854146440250676875e+00
2.002200220022001709e+00 -9.859179911685089337e+00
2.002805280528051846e+00 -9.864214623315740837e+00
2.003410341034102871e+00 -9.869250574189665670e+00
2.004015401540153007e+00 -9.874287763353864378e+00
2.004620462046204032e+00 -9.879326189855365925e+00
2.005225522552254169e+00 -9.884365852741172631e+00
2.005830583058305194e+00 -9.889406751058311684e+00
2.006435643564356219e+00 -9.894448883853796062e+00
2.007040704070406356e+00 -9.899492250174629859e+00
2.007645764576457381e+00 -9.904536849067849147e+00
2.008250825082507518e+00 -9.909582679580449138e+00
2.008855885588558543e+00 -9.914629740759457022e+00
2.009460946094608680e+00 -9.919678031651883998e+00
2.010066006600659705e+00 -9.924727551304753703e+00
2.010671067106709842e+00 -9.929778298765066680e+00
2.011276127612760867e+00 -9.934830273079857221e+00
2.011881188118811004e+00 -9.939883473296124095e+00
2.012486248624862029e+00 -9.944937898460896264e+00
2.013091309130912165e+00 -9.949993547621176049e+00
2.013696369636963190e+00 -9.955050419823990637e+00
2.014301430143013327e+00 -9.960108514116345901e+00
2.014906490649064352e+00 -9.965167829545269029e+00
2.015511551155114489e+00 -9.970228365157762340e+00
2.016116611661165514e+00 -9.975290120000854799e+00
2.016721672167215651e+00 -9.980353093121550501e+00
2.017326732673266676e+00 -9.985417283566876634e+00
2.017931793179317701e+00 -9.990482690383837294e+00
2.018536853685367838e+00 -9.995549312619449012e+00
2.019141914191418863e+00 -1.000061714932074075e+01
2.019746974697469000e+00 -1.000568619953470773e+01
2.020352035203520025e+00 -1.001075646230838601e+01
2.020957095709570162e+00 -1.001582793668877258e+01
2.021562156215621187e+00 -1.002090062172290175e+01
2.022167216721671323e+00 -1.002597451645777049e+01
2.022772277227722348e+00 -1.003104961994041133e+01
2.023377337733772485e+00 -1.003612593121782481e+01
2.023982398239823510e+00 -1.004120344933703812e+01
2.024587458745873647e+00 -1.004628217334505713e+01
2.025192519251924672e+00 -1.005136210228891258e+01
2.025797579757974809e+00 -1.005644323521560146e+01
2.026402640264025834e+00 -1.006152557117215096e+01
2.027007700770075971e+00 -1.006660910920557228e+01
2.027612761276126996e+00 -1.007169384836288373e+01
2.028217821782177133e+00 -1.007677978769109828e+01
2.028822882288228158e+00 -1.008186692623723602e+01
2.029427942794279183e+00 -1.008695526304830992e+01
2.030033003300329320e+00 -1.009204479717132941e+01
2.030638063806380345e+00 -1.009713552765332345e+01
2.031243124312430481e+00 -1.010222745354129081e+01
2.031848184818481506e+00 -1.010732057388226401e+01
2.032453245324531643e+00 -1.011241488772324537e+01
2.033058305830582668e+00 -1.011751039411126207e+01
2.033663366336632805e+00 -1.012260709209331822e+01
2.034268426842683830e+00 -1.012770498071643743e+01
2.034873487348733967e+00 -1.013280405902762737e+01
2.035478547854784992e+00 -1.013790432607391701e+01
2.036083608360835129e+00 -1.014300578090230864e+01
2.036688668866886154e+00 -1.014810842255982593e+01
2.037293729372936291e+00 -1.015321225009347650e+01
2.037898789878987316e+00 -1.015831726255028933e+01
2.038503850385037452e+00 -1.016342345897726140e+01
2.039108910891088478e+00 -1.016853083842142880e+01
2.039713971397139503e+00 -1.017363939992979738e+01
2.040319031903189639e+00 -1.017874914254937302e+01
2.040924092409240664e+00 -1.018386006532719001e+01
2.041529152915290801e+00 -1.018897216731024535e+01
2.042134213421341826e+00 -1.019408544754557333e+01
2.042739273927391963e+00 -1.019919990508017094e+01
2.043344334433442988e+00 -1.020431553896107246e+01
2.043949394939493125e+00 -1.020943234823527490e+01
2.044554455445544150e+00 -1.021455033194980722e+01
2.045159515951594287e+00 -1.021966948915167706e+01
2.045764576457645312e+00 -1.022478981888791161e+01
2.046369636963695449e+00 -1.022991132020551142e+01
2.046974697469746474e+00 -1.023503399215150544e+01
2.047579757975796610e+00 -1.024015783377289424e+01
2.048184818481847635e+00 -1.024528284411671031e+01
2.048789878987897772e+00 -1.025040902222995598e+01
2.049394939493948797e+00 -1.025553636715965666e+01
2.049999999999999822e+00 -1.026066487795282356e+01
